score,verdict,title,company,location,tier,salary,source,url,reasoning,date_posted
0,"","Associate Operator, Production API - Rotating shift schedule","AbbVie","","Tier 1 — Prior Client","",career_page,https://careers.abbvie.com/en/job/associate-operator-production-api-rotating-shift-schedule-in-wyandotte-mi-jid-26881,"",""
0,"","L&D Multimedia & AI Production, HR, AssociateLocation:Mumbai, MaharashtraTeam:Talent & Culture","BlackRock","","Tier 2 — Finance","",career_page,https://careers.blackrock.com/job/mumbai/l-and-d-multimedia-and-ai-production-hr-associate/45831/93755476656,"",""
0,"","Social Video Producer","Bloomberg","","Tier 2 — Finance","",career_page,https://bloomberg.avature.net/careers/JobDetail/Social-Video-Producer/18371,"",""
0,"","Technician, Audio (Per Diem)","Production Resource Group","Chicago, Illinois","","",jobspy_indeed,https://www.indeed.com/viewjob?jk=dd4c05cd915948cb,"","2026-04-08"
0,"","AV Technician","INSPIRE","Chicago, Illinois","","$23 - $25 (hourly)",jobspy_indeed,https://www.indeed.com/viewjob?jk=01f8ffcde8da9ffb,"","2026-04-07"
0,"","Chicago IL Freelance A/V Technician - 1099","Churchill Group","Chicago, Illinois","","$30 - $60 (hourly)",jobspy_indeed,https://www.indeed.com/viewjob?jk=9d12fee0fff23ce1,"","2026-04-07"
0,"","Audio Engineer - Studio Technician (Part Time)","SAE Institute","Chicago, Illinois","","",jobspy_indeed,https://www.indeed.com/viewjob?jk=37c3be34bb27e280,"","2026-04-06"
0,"","Event Production & A/V Assistant","Modi Brothers Entertainment LLC","Chicago, Illinois","","$200 - $250 (daily)",jobspy_indeed,https://www.indeed.com/viewjob?jk=4e9ed4c0f0022b98,"","2026-04-06"
0,"","Audiovisual Technician - Live Events","Ansera","Chicago, Illinois","","$60,000 - $75,000 (yearly)",jobspy_indeed,https://www.indeed.com/viewjob?jk=fdd80c3a56222867,"","2026-04-06"
0,"","Tech & AV Support Technician","Shedd Aquarium","Chicago, Illinois","","$24 - $26 (hourly)",jobspy_indeed,https://www.indeed.com/viewjob?jk=89d4b2033a88e03b,"","2026-04-03"
0,"","College Sports Systems Technician - Northwestern University","Hawk-Eye Innovations","Chicago, Illinois","","",jobspy_indeed,https://www.indeed.com/viewjob?jk=d09246fa667084d8,"","2026-04-02"
0,"","Director, Engineering/IT","Marquee Sports Network","Chicago, Illinois","","$185,000 - $200,000 (yearly)",jobspy_indeed,https://www.indeed.com/viewjob?jk=d8accae1d78bc63f,"","2026-04-02"
0,"","Tier 2 AV Field Technician - Chicago","EOS IT Solutions","Chicago, Illinois","","",jobspy_indeed,https://www.indeed.com/viewjob?jk=cd1e2479c9b8e6c0,"","2026-04-02"
0,"","NewsNation - Audio Operator - Part-time","Nexstar Media Group, Inc.","New York, New York","","$60 - $65 (hourly)",jobspy_indeed,https://www.indeed.com/viewjob?jk=4cf18ac490d85a6f,"","2026-04-08"
0,"","AV Technician","Wildfire Technology","New York, New York","","$20 - $32 (hourly)",jobspy_indeed,https://www.indeed.com/viewjob?jk=e5813868eb1bbd76,"","2026-04-08"
0,"","Production Support Engineer","Versant","New York, New York","","$100,000 - $130,000 (yearly)",jobspy_indeed,https://www.indeed.com/viewjob?jk=8e091073dcfb25b9,"","2026-04-08"
0,"","Senior Design Engineer - AV/ Workplace","Diversified","New York, New York","","$131,700 - $178,200 (yearly)",jobspy_indeed,https://www.indeed.com/viewjob?jk=af0835547d25b60b,"","2026-04-07"
0,"","Audio Visual Associate (Part-Time)","The New-York Historical Society","New York, New York","","",jobspy_indeed,https://www.indeed.com/viewjob?jk=0f0708be360df0e7,"","2026-04-07"
0,"","Broadcast Infrastructure Technician","SiriusXM","New York, New York","","$76,100 - $99,900 (yearly)",jobspy_indeed,https://www.indeed.com/viewjob?jk=0e5b8a8b9bdcd396,"","2026-04-06"
0,"","Acoustic Engineer","GZA GeoEnvironmental","New York, New York","","$90,000 - $115,000 (yearly)",jobspy_indeed,https://www.indeed.com/viewjob?jk=d7aa2fbf0b6b9b69,"","2026-04-06"
0,"","Radio Board Operator","Red Apple Group","New York, New York","","$26 - $30 (hourly)",jobspy_indeed,https://www.indeed.com/viewjob?jk=0caad0783f2888a6,"","2026-04-06"
0,"","Broadcast Infrastructure Technician","adswizz","New York, New York","","$76,100 - $99,900 (yearly)",jobspy_indeed,https://www.indeed.com/viewjob?jk=3d13fb5cff85551b,"","2026-04-06"
0,"","Senior Audio Video Technician","nan","New York, New York","","",jobspy_indeed,https://www.indeed.com/viewjob?jk=5547d67712604038,"","2026-04-05"
0,"","Media Systems Engineer 5","Netflix","New York, New York","","$270,000 - $410,000 (yearly)",jobspy_indeed,https://www.indeed.com/viewjob?jk=f22ce907c3007439,"","2026-04-03"
0,"","Audio Engineer","Ripe Studios, LLC","New York, New York","","",jobspy_indeed,https://www.indeed.com/viewjob?jk=b0c467e7d4995bb4,"","2026-04-03"
0,"","Broadcast Systems Engineer","nan","New York, New York","","$110,000 - $120,000 (yearly)",jobspy_indeed,https://www.indeed.com/viewjob?jk=77cde5ebae4998a7,"","2026-04-02"
0,"","College Sports Systems Technician - Rutgers University","Hawk-Eye Innovations","New York, New York","","",jobspy_indeed,https://www.indeed.com/viewjob?jk=a008f7125ceb8831,"","2026-04-02"
0,"","AV Integration Technician","AUDIOCOM","New York, New York","","$24 - $36 (hourly)",jobspy_indeed,https://www.indeed.com/viewjob?jk=11e9fd88dac56332,"","2026-04-02"
0,"","Audio Network Operator and Podcast Production Operator","Fox Corporation","New York, New York","","$23 - $27 (hourly)",jobspy_indeed,https://www.indeed.com/viewjob?jk=ffb1340c48745466,"","2026-04-02"
0,"","Sound Technician","Music Theater of Connecticut","New York, New York","","",jobspy_indeed,https://www.indeed.com/viewjob?jk=d8f4677afb8a8d40,"","2026-04-02"
0,"","AV Technician - San Jose","WeInstall.IT","San Francisco, California","","$28 - $40 (hourly)",jobspy_indeed,https://www.indeed.com/viewjob?jk=96088c8cb3994b4b,"","2026-04-08"
0,"","Event Technician, Audio Visual - Hotel Nia Autograph","Encore Global","San Francisco, California","","$22 - $24 (hourly)",jobspy_indeed,https://www.indeed.com/viewjob?jk=9fa93a807bbe895d,"","2026-04-07"
0,"","AV INFRASTRUCTURE ENGINEER L8","CELLA","San Francisco, California","","$70 - $95 (hourly)",jobspy_indeed,https://www.indeed.com/viewjob?jk=06e2b39fdb0f2ad4,"","2026-04-07"
0,"","Audio Software Engineer - Customer Engineering","Qualcomm","San Francisco, California","","$104,000 - $156,000 (yearly)",jobspy_indeed,https://www.indeed.com/viewjob?jk=a03a1d072e33106c,"","2026-04-07"
0,"","Senior AI/ML Engineer, AV Pipelines & Lineage","General Motors (GM)","San Francisco, California","","$155,420 - $395,900 (yearly)",jobspy_indeed,https://www.indeed.com/viewjob?jk=531d85f0921c8eb0,"","2026-04-07"
0,"","Assistant Audio Lead Engineer","FNTECH","San Francisco, California","","$110,000 - $125,000 (yearly)",jobspy_indeed,https://www.indeed.com/viewjob?jk=338811df6d24bbb9,"","2026-04-07"
0,"","Event Technician (Part Time Casual), Audio Visual - The Lodge at Sonoma","Encore Global","San Francisco, California","","$18 - $22 (hourly)",jobspy_indeed,https://www.indeed.com/viewjob?jk=18b807c6bda0280b,"","2026-04-03"
0,"","Multimedia Arch Senior Frontend Engineer","TikTok","San Francisco, California","","$212,800 - $450,000 (yearly)",jobspy_indeed,https://www.indeed.com/viewjob?jk=1812d506c3af29f4,"","2026-04-03"
0,"","Senior iOS Software Engineer, TikTok VoD Product","TikTok","San Francisco, California","","$212,800 - $387,600 (yearly)",jobspy_indeed,https://www.indeed.com/viewjob?jk=6ad13cb6e7c0f8d7,"","2026-04-03"
0,"","Software Engineer - Video Applications Audio Engineering","Apple","San Francisco, California","","$147,400 - $272,100 (yearly)",jobspy_indeed,https://www.indeed.com/viewjob?jk=25f970480aca9187,"","2026-04-02"
0,"","Simulation Engineer - Camera Hardware","Apple","San Francisco, California","","$147,400 - $272,100 (yearly)",jobspy_indeed,https://www.indeed.com/viewjob?jk=dd2e353ed44818be,"","2026-04-04"
0,"","Media Production Broadcast Engineer / Architect","Autodesk","San Francisco, California","","$109,400 - $176,880 (yearly)",jobspy_indeed,https://www.indeed.com/viewjob?jk=80c63b42142b43a6,"","2026-04-02"
0,"","Audio Video Field Engineer","Infinite Networks Inc.","San Francisco, California","","$45 - $60 (hourly)",jobspy_indeed,https://www.indeed.com/viewjob?jk=c71462ff5a519ed8,"","2026-04-02"
0,"","Seattle WA Freelance A/V Technician -1099","Churchill Group","Seattle, Washington","","$30 - $60 (hourly)",jobspy_indeed,https://www.indeed.com/viewjob?jk=00f40d7a1b77e1c8,"","2026-04-08"
0,"","Freelance A/V Technician - A1, TD, L1 - Seattle","Blue Danube Productions","Seattle, Washington","","$40 - $60 (hourly)",jobspy_indeed,https://www.indeed.com/viewjob?jk=11db3d18a12b718c,"","2026-04-07"
0,"","Audio Visual Technician","United Church in University Place","Seattle, Washington","","",jobspy_indeed,https://www.indeed.com/viewjob?jk=800e7b63352abcde,"","2026-04-06"
0,"","Event Operations Manager, Venues - Seattle Convention Center","Encore Global","Seattle, Washington","","$80,168 - $88,702 (yearly)",jobspy_indeed,https://www.indeed.com/viewjob?jk=c82039042d2f3bcc,"","2026-04-03"
0,"","AV Systems Engineer","Cala Sourcing Solutions LLC","Seattle, Washington","","$50 - $60 (hourly)",jobspy_indeed,https://www.indeed.com/viewjob?jk=aa4db50a399d22a5,"","2026-04-02"
0,"","College Sports Systems Technician - University of Washington","Hawk-Eye Innovations","Seattle, Washington","","",jobspy_indeed,https://www.indeed.com/viewjob?jk=48f1af905fbe0b75,"","2026-04-02"
0,"","Lead Audio Engineer (A1)","Mighty Media Studios","Seattle, Washington","","$110,000 - $135,000 (yearly)",jobspy_indeed,https://www.indeed.com/viewjob?jk=dcfc088a361036e1,"","2026-04-02"
0,"","Sound, Lighting, and Stage Crew Manager","Cardinal Spellman High School","Boston, Massachusetts","","",jobspy_indeed,https://www.indeed.com/viewjob?jk=b8813fb1226311aa,"","2026-04-08"
0,"","A/V Supervisor","Global Arts Live","Boston, Massachusetts","","",jobspy_indeed,https://www.indeed.com/viewjob?jk=776dcd95aa8beb2b,"","2026-04-07"
0,"","Lighting Supervisor","Global Arts Live","Boston, Massachusetts","","",jobspy_indeed,https://www.indeed.com/viewjob?jk=1e6b28a6229f1401,"","2026-04-07"
0,"","Acoustic Test Engineer","Ultra Electronics","Boston, Massachusetts","","$119,808 - $149,760 (yearly)",jobspy_indeed,https://www.indeed.com/viewjob?jk=9b4787012df09189,"","2026-04-07"
0,"","Sound Research Technician","Prowler Water Conservation","Boston, Massachusetts","","",jobspy_indeed,https://www.indeed.com/viewjob?jk=aa6371451730ab5c,"","2026-04-06"
0,"","Tech Operator-- Sunday Morning Church Media Team","Church of the Nativity- Episcopal Church","Boston, Massachusetts","","$20 - $30 (weekly)",jobspy_indeed,https://www.indeed.com/viewjob?jk=51f29d606bcd01b8,"","2026-04-06"
0,"","Event Laborer","NE Showtime Productions","Boston, Massachusetts","","$17 - $20 (hourly)",jobspy_indeed,https://www.indeed.com/viewjob?jk=a0725a79b872c760,"","2026-04-03"
0,"","Workforce Development Program Stagehand","Los Angeles Philharmonic Association","Los Angeles, California","","$24 - $30 (hourly)",jobspy_indeed,https://www.indeed.com/viewjob?jk=0aa46768f21eef3e,"","2026-04-08"
0,"","AV Production Operator 1","STAAR Surgical","Los Angeles, California","","",jobspy_indeed,https://www.indeed.com/viewjob?jk=a7f8f12760a3d15d,"","2026-04-08"
0,"","Car Audio Technician","STEREO WAREHOUSE","Los Angeles, California","","$20 - $40 (hourly)",jobspy_indeed,https://www.indeed.com/viewjob?jk=b17b08564fe6d558,"","2026-04-08"
0,"","Campus Tech Director (part-time) - Brea","Saddleback Valley Community Church","Los Angeles, California","","",jobspy_indeed,https://www.indeed.com/viewjob?jk=01744be506858b02,"","2026-04-08"
0,"","Staff Acoustic Engineer","Vast","Los Angeles, California","","$162,360 - $230,472 (yearly)",jobspy_indeed,https://www.indeed.com/viewjob?jk=88b241d2b4bcda5d,"","2026-04-07"
0,"","Editor, Sound Design and Audio Engineering","Paramount","Los Angeles, California","","$70,000 - $85,000 (yearly)",jobspy_indeed,https://www.indeed.com/viewjob?jk=bb5535d6e58de3e3,"","2026-04-07"
0,"","Music Producer and Audio Engineer","FlowMotion Management Corp.","Los Angeles, California","","$18 - $30 (hourly)",jobspy_indeed,https://www.indeed.com/viewjob?jk=f26b48fdd1b72ce4,"","2026-04-07"
0,"","Audio Engineer - (Part Time - On Call) - Los Angeles","Ghostpunch Games","Los Angeles, California","","",jobspy_indeed,https://www.indeed.com/viewjob?jk=0c01dccf1f0a3994,"","2026-04-06"
0,"","Event Engineer","York Telecom Corporation","Los Angeles, California","","$90,000 - $110,000 (yearly)",jobspy_indeed,https://www.indeed.com/viewjob?jk=3d501ef84b81d063,"","2026-04-03"
0,"","Event Engineer","Yorktel","Los Angeles, California","","",jobspy_indeed,https://www.indeed.com/viewjob?jk=06712c028c9ee6cc,"","2026-04-03"
0,"","College Sports Systems Technician - UCLA","Hawk-Eye Innovations","Los Angeles, California","","",jobspy_indeed,https://www.indeed.com/viewjob?jk=d93c8be27d66c285,"","2026-04-02"
0,"","Senior Technician, Uplink Control Center","SiriusXM","Washington, DC","","$75,000 - $107,925 (yearly)",jobspy_indeed,https://www.indeed.com/viewjob?jk=b4b89e9235250287,"","2026-04-08"
0,"","Technician, Uplink Control Center","SiriusXM","Washington, DC","","$70,500 - $97,900 (yearly)",jobspy_indeed,https://www.indeed.com/viewjob?jk=fe4317cc42d08ef3,"","2026-04-08"
0,"","Service Desk Engineer/AV support","Leidos","Washington, DC","","$82,550 - $149,225 (yearly)",jobspy_indeed,https://www.indeed.com/viewjob?jk=4eafe96cf02aba52,"","2026-04-08"
0,"","Digital Court Reporter - Legal Audio / Visual Technician","Planet Depos","Washington, DC","","$22 - $24 (hourly)",jobspy_indeed,https://www.indeed.com/viewjob?jk=bddb3b90809c51f4,"","2026-04-03"
0,"","Production and Support Technician","Yorktel","Washington, DC","","",jobspy_indeed,https://www.indeed.com/viewjob?jk=989a49c2a9a9d388,"","2026-04-07"
0,"","A/V & Security Technician - I / II","Integrated Media Systems","Washington, DC","","$26 - $34 (hourly)",jobspy_indeed,https://www.indeed.com/viewjob?jk=6c4f86a0455991d6,"","2026-04-07"
0,"","Event Technician Audio Visual - Annapolis Waterfront Hotel","Encore Global","Washington, DC","","$17 - $22 (hourly)",jobspy_indeed,https://www.indeed.com/viewjob?jk=7ee1cfe9dbc57144,"","2026-04-06"
0,"","Audio Visual Engineer","PEAKE","Washington, DC","","$140,000 - $150,000 (yearly)",jobspy_indeed,https://www.indeed.com/viewjob?jk=daee99aca1ffcf5a,"","2026-04-05"
0,"","Audio Visual Technician, Meetings & Events","Convene","Washington, DC","","$60,000 - $65,000 (yearly)",jobspy_indeed,https://www.indeed.com/viewjob?jk=8d2364929744c85b,"","2026-04-03"
0,"","Lead AV Technician","Pavion","Washington, DC","","",jobspy_indeed,https://www.indeed.com/viewjob?jk=f37b20fb08518917,"","2026-04-03"
0,"","Acoustic Engineer","Precise Systems","Washington, DC","","",jobspy_indeed,https://www.indeed.com/viewjob?jk=b82c6ec47476fd91,"","2026-04-03"
0,"","College Sports Systems Technician - University of Maryland","Hawk-Eye Innovations","Washington, DC","","",jobspy_indeed,https://www.indeed.com/viewjob?jk=21c923f66a1141e7,"","2026-04-02"
0,"","Computer Support Administrator / Audio Visual Technician","CACI International","Washington, DC","","$86,600 - $181,800 (yearly)",jobspy_indeed,https://www.indeed.com/viewjob?jk=475733d86a941fea,"","2026-01-21"
0,"","AV Test Engineer","Motional","United States","","$98,000 - $129,500 (yearly)",jobspy_indeed,https://www.indeed.com/viewjob?jk=1ca76a3c79e085b2,"","2026-04-09"
0,"","Senior AV Field Technician","Neuwave Systems","United States","","$22 - $25 (hourly)",jobspy_indeed,https://www.indeed.com/viewjob?jk=b69df334503cd584,"","2026-04-09"
0,"","AV Technician – Good With Your Hands, Your Head, and People? Read This.","Perfect Angle AV Solutions","United States","","$30 - $35 (hourly)",jobspy_indeed,https://www.indeed.com/viewjob?jk=0e79983ebe99a573,"","2026-04-09"
0,"","Audio, Sound, and Light Technician","Marriott International","United States","","$33 - $42 (hourly)",jobspy_indeed,https://www.indeed.com/viewjob?jk=b26049f32979c61a,"","2026-04-09"
0,"","Residential AV Technician","HTS","United States","","$50,000 - $65,000 (yearly)",jobspy_indeed,https://www.indeed.com/viewjob?jk=ff3c0355e609d6d0,"","2026-04-09"
0,"","Hospitality Live AV Professionals","Scott Brown Media Group","United States","","",jobspy_indeed,https://www.indeed.com/viewjob?jk=b0be62976e807999,"","2026-04-09"
0,"","AV Commissioning Specialist (Field Engineer)","AVI-SPL","United States","","",jobspy_indeed,https://www.indeed.com/viewjob?jk=90746b8c5388fb97,"","2026-04-08"
0,"","Recording Administrative Technician","Boulder County, CO","United States","","$52,008 - $62,292 (yearly)",jobspy_indeed,https://www.indeed.com/viewjob?jk=b8b1bcd55e3b912c,"","2026-04-08"
0,"","AudioVisual Event Technician - Part-Time - Denver Downtown, CO (130)","Five-Star Audio Visual","United States","","$22 - $25 (hourly)",jobspy_indeed,https://www.indeed.com/viewjob?jk=4ebde7301ddb189a,"","2026-04-08"
0,"","Audio-Visual Technician II","Park Hill School District","United States","","",jobspy_indeed,https://www.indeed.com/viewjob?jk=faf2303644b2771b,"","2026-03-24"
0,"","Director of Broadcast Engineering - North Carolina","Curtis Media Group","United States","","",jobspy_indeed,https://www.indeed.com/viewjob?jk=3132e31eab65f7e5,"","2026-03-18"
0,"","Part-Time Board Operator","Curtis Media Group","United States","","",jobspy_indeed,https://www.indeed.com/viewjob?jk=0bc8aedcbdbe3770,"","2025-08-01"
0,"","On Call - AV Tech - Ole Red Las Vegas","Opry Entertainment Group","United States","","",jobspy_indeed,https://www.indeed.com/viewjob?jk=4e4971b9b3f943e0,"","2026-02-26"
0,"","Part Time - AV Tech - Category 10","Opry Entertainment Group","United States","","",jobspy_indeed,https://www.indeed.com/viewjob?jk=3afe586c6dfaa5e6,"","2025-12-29"
0,"","Audio Visual Tech","Kalahari Resorts & Conventions","United States","","",jobspy_indeed,https://www.indeed.com/viewjob?jk=64bb3b7f3a09a4c2,"","2026-02-04"
0,"","AI Tutor - Audio Editing","Xai","Remote","","$30 - $75 (hourly)",jobspy_indeed,https://www.indeed.com/viewjob?jk=c1c62817ad0ddbc5,"","2026-04-06"
0,"","Mixing and Mastering Engineer","1033 Music","Remote","","$26 - $31 (hourly)",jobspy_indeed,https://www.indeed.com/viewjob?jk=2a5c9e6eaf50666e,"","2026-04-06"
0,"","Systems Engineer-Corporate Office AV Upgrades/Delivery","CBRE","Remote","","",jobspy_indeed,https://www.indeed.com/viewjob?jk=51354a26b961136f,"","2026-04-03"
0,"","Senior Project Engineer, Broadcast, XTG","AVI-SPL","Remote","","$83,000 - $107,000 (yearly)",jobspy_indeed,https://www.indeed.com/viewjob?jk=a3b0e2fdb73e53eb,"","2026-04-03"
0,"","Campus Operations Manager","Distinctive Schools","Chicago, Illinois","","",jobspy_indeed,https://www.indeed.com/viewjob?jk=a56e05175eebefc4,"","2026-04-08"
0,"","Desktop Support Technician","Ovation Workplace services","Chicago, Illinois","","$45,000 - $49,000 (yearly)",jobspy_indeed,https://www.indeed.com/viewjob?jk=aa1f441d5bf148be,"","2026-04-08"
0,"","Senior Solutions Engineer","Logitech","Chicago, Illinois","","",jobspy_indeed,https://www.indeed.com/viewjob?jk=2ed7197e2f06df59,"","2026-04-03"
0,"","Sales Executive / Business Developer","HENRI","New York, New York","","",jobspy_indeed,https://www.indeed.com/viewjob?jk=070b0cd00aa4ac71,"","2026-04-08"
0,"","Staff Engineer - Core Infrastructure","Uber","New York, New York","","$232,000 - $258,000 (yearly)",jobspy_indeed,https://www.indeed.com/viewjob?jk=60e07e0f104be5b8,"","2026-04-06"
0,"","Sr Staff Engineer - Core Infrastructure","Uber","New York, New York","","$267,000 - $297,000 (yearly)",jobspy_indeed,https://www.indeed.com/viewjob?jk=817ffa5c15e6ce5c,"","2026-04-06"
0,"","Facilities Manager","Standard Bots","New York, New York","","$140,000 - $170,000 (yearly)",jobspy_indeed,https://www.indeed.com/viewjob?jk=4281a7b63f104b5c,"","2026-04-02"
0,"","Engineer 2","SVIH MANAGEMENT LLC","New York, New York","","$25 - $28 (hourly)",jobspy_indeed,https://www.indeed.com/viewjob?jk=93e2814c14d41d42,"","2026-04-02"
0,"","Senior Staff AV Capability Product Manager","General Motors (GM)","San Francisco, California","","$178,800 - $322,500 (yearly)",jobspy_indeed,https://www.indeed.com/viewjob?jk=09ba1542933fc749,"","2026-04-08"
0,"","Senior Software Engineer, Behavior Evaluation","Waymo","San Francisco, California","","$213,000 - $263,000 (yearly)",jobspy_indeed,https://www.indeed.com/viewjob?jk=604af95a772be699,"","2026-04-08"
0,"","Staff Robotics Engineer","Waymo","San Francisco, California","","$210,000 - $259,000 (yearly)",jobspy_indeed,https://www.indeed.com/viewjob?jk=8f979f621f48e54d,"","2026-04-08"
0,"","Staff Electrical Engineer - R&D Systems","Johnson & Johnson","San Francisco, California","","$134,000 - $231,150 (yearly)",jobspy_indeed,https://www.indeed.com/viewjob?jk=7aa6baa8e25d2923,"","2026-04-07"
0,"","Senior AI/ML Capacity and Performance Engineer","General Motors (GM)","San Francisco, California","","$144,700 - $261,300 (yearly)",jobspy_indeed,https://www.indeed.com/viewjob?jk=7de3ff51669184a9,"","2026-04-07"
0,"","Mapping Operations Lead","Applied Intuition","San Francisco, California","","$115,000 - $222,000 (yearly)",jobspy_indeed,https://www.indeed.com/viewjob?jk=ff68a9e361656c37,"","2026-04-07"
0,"","Senior/Staff Electrical Engineer, Compute","Zoox","San Francisco, California","","$217,000 - $300,000 (yearly)",jobspy_indeed,https://www.indeed.com/viewjob?jk=825dfc4125bd26f8,"","2026-04-07"
0,"","Sr Principal Systems Architect (Onsite)","Collins Aerospace","San Francisco, California","","$145,600 - $276,800 (yearly)",jobspy_indeed,https://www.indeed.com/viewjob?jk=901e040532e32262,"","2026-04-07"
0,"","Sr Software Engineer iOS","Uber","San Francisco, California","","$202,000 - $224,000 (yearly)",jobspy_indeed,https://www.indeed.com/viewjob?jk=7b45dfc63e34fc9c,"","2026-04-07"
0,"","Staff Software Engineer - Android","Uber","San Francisco, California","","$232,000 - $258,000 (yearly)",jobspy_indeed,https://www.indeed.com/viewjob?jk=5b8262eccc4b67ba,"","2026-04-07"
0,"","Staff Engineer - Core Infrastructure","Uber","San Francisco, California","","$232,000 - $258,000 (yearly)",jobspy_indeed,https://www.indeed.com/viewjob?jk=7f9833cfa79dfe21,"","2026-04-06"
0,"","Senior / Staff 3D Engine Software Engineer - Simulation","Zoox","San Francisco, California","","$245,000 - $305,000 (yearly)",jobspy_indeed,https://www.indeed.com/viewjob?jk=14357c18fdb60969,"","2026-04-06"
0,"","Robotics Software Engineer - Intern","Bonsai Robotics","San Francisco, California","","$20 - $30 (hourly)",jobspy_indeed,https://www.indeed.com/viewjob?jk=a99a7f60ac7e1594,"","2026-04-06"
0,"","Sr Staff Engineer - Core Infrastructure","Uber","San Francisco, California","","$267,000 - $297,000 (yearly)",jobspy_indeed,https://www.indeed.com/viewjob?jk=736729d789864f32,"","2026-04-06"
0,"","Director of IT & Enterprise Technology","Discord","San Francisco, California","","$400,000 - $450,000 (yearly)",jobspy_indeed,https://www.indeed.com/viewjob?jk=09495742c6412eba,"","2026-04-03"
0,"","Mechanical Engineer II","AeroVironment","San Francisco, California","","$82,000 - $116,025 (yearly)",jobspy_indeed,https://www.indeed.com/viewjob?jk=f207ca987755883d,"","2026-04-03"
0,"","Manager, Autonomy Systems Validation","General Motors (GM)","San Francisco, California","","$189,300 - $290,700 (yearly)",jobspy_indeed,https://www.indeed.com/viewjob?jk=b90db76331bc0c08,"","2026-04-02"
0,"","Software Engineer – Autonomy Evaluation","General Motors (GM)","San Francisco, California","","",jobspy_indeed,https://www.indeed.com/viewjob?jk=b516f53372759c8d,"","2026-04-02"
0,"","Sr Staff Engineer - Core Infrastructure","Uber","Seattle, Washington","","$267,000 - $297,000 (yearly)",jobspy_indeed,https://www.indeed.com/viewjob?jk=a1f04bf29e27a7aa,"","2026-04-06"
0,"","Staff Engineer - Core Infrastructure","Uber","Seattle, Washington","","$232,000 - $258,000 (yearly)",jobspy_indeed,https://www.indeed.com/viewjob?jk=efb781a2fafabe83,"","2026-04-06"
0,"","Information Security Architect Sr.","Valley Medical Center","Seattle, Washington","","$116,909 - $175,364 (yearly)",jobspy_indeed,https://www.indeed.com/viewjob?jk=03b5b10a45cc46d4,"","2026-04-03"
0,"","Senior Software Engineer, Autonomous Vehicle Performance Metrics","Motional","Boston, Massachusetts","","$125,000 - $167,000 (yearly)",jobspy_indeed,https://www.indeed.com/viewjob?jk=3428a7bc8d02a41f,"","2026-04-08"
0,"","IT Client Services Specialist II","Brandeis University","Boston, Massachusetts","","$70,000 - $80,600 (yearly)",jobspy_indeed,https://www.indeed.com/viewjob?jk=971ea4bb912d5382,"","2026-04-06"
0,"","IT Client Services Specialist I","Brandeis University","Boston, Massachusetts","","$62,000 - $71,000 (yearly)",jobspy_indeed,https://www.indeed.com/viewjob?jk=cb870e68535de24d,"","2026-04-06"
0,"","Senior IT Support Engineer","Massachusetts Clean Energy Center","Boston, Massachusetts","","$100,000 - $110,000 (yearly)",jobspy_indeed,https://www.indeed.com/viewjob?jk=a37de5e4b8e93c73,"","2026-04-06"
0,"","Director of Software Engineering, Integration & Simulation","AeroVironment","Los Angeles, California","","$163,000 - $239,925 (yearly)",jobspy_indeed,https://www.indeed.com/viewjob?jk=b9b0be82f0dc65dd,"","2026-04-08"
0,"","Production Team Lead","AeroVironment","Los Angeles, California","","$26 - $37 (hourly)",jobspy_indeed,https://www.indeed.com/viewjob?jk=e8ac6f9a4c0a13da,"","2026-04-08"
0,"","ENGINEER (UNLICENSED) - Plant Operations, Full Time, Varied","Palmdale Regional Medical Center","Los Angeles, California","","$25 - $36 (hourly)",jobspy_indeed,https://www.indeed.com/viewjob?jk=92880dd9ef233020,"","2026-04-07"
0,"","Advanced Applications Engineer (Southern CA, Vegas, AZ)","Acuity Inc.","Los Angeles, California","","$66,500 - $143,600 (yearly)",jobspy_indeed,https://www.indeed.com/viewjob?jk=d3e4917e88cda27a,"","2026-04-07"
0,"","Project Manager III - Technology","Owais Construction Group","Los Angeles, California","","$184,000 - $190,000 (yearly)",jobspy_indeed,https://www.indeed.com/viewjob?jk=0b8092a5df82d3ae,"","2026-04-07"
0,"","Test Technician II","AeroVironment","Los Angeles, California","","$20 - $28 (hourly)",jobspy_indeed,https://www.indeed.com/viewjob?jk=ab4099958840c0f9,"","2026-04-07"
0,"","Field Operations Manager","AeroVironment","Washington, DC","","$116,500 - $164,850 (yearly)",jobspy_indeed,https://www.indeed.com/viewjob?jk=e0639b03002d93c1,"","2026-04-08"
0,"","VTC Scheduler","BAE Systems USA","Washington, DC","","$97,008 - $164,914 (yearly)",jobspy_indeed,https://www.indeed.com/viewjob?jk=0684a5afb4b730d9,"","2026-04-08"
0,"","Sr Analytic Metholodogist","BAE Systems USA","Washington, DC","","$97,008 - $164,914 (yearly)",jobspy_indeed,https://www.indeed.com/viewjob?jk=14cc40a6a91678be,"","2026-04-08"
0,"","Engineering Intern","Iron Bow Technologies","Washington, DC","","$23 - $26 (hourly)",jobspy_indeed,https://www.indeed.com/viewjob?jk=6d02fdb322ab0c46,"","2026-04-08"
0,"","SME Cyber Analyst/ 70 ISRW Network Engineer","Quick Services LLC","Washington, DC","","",jobspy_indeed,https://www.indeed.com/viewjob?jk=db57baa1b7fbbedb,"","2026-04-08"
0,"","IT Desk Support Role","Panacea Direct Inc","Washington, DC","","$35 - $45 (hourly)",jobspy_indeed,https://www.indeed.com/viewjob?jk=cac19dd3c29e4274,"","2026-04-08"
0,"","Machine Learning Engineer","AeroVironment","Washington, DC","","$102,000 - $144,375 (yearly)",jobspy_indeed,https://www.indeed.com/viewjob?jk=dc7d06a00feec3db,"","2026-04-08"
0,"","Target Digital Network Analyst (TDNA) Level 2","AeroVironment","Washington, DC","","$90,000 - $130,000 (yearly)",jobspy_indeed,https://www.indeed.com/viewjob?jk=ae5f29a7523e8066,"","2026-04-07"
0,"","Senior Software Engineer","AeroVironment","Washington, DC","","$91,000 - $129,150 (yearly)",jobspy_indeed,https://www.indeed.com/viewjob?jk=cbe711f4a8dbe7f0,"","2026-04-07"
0,"","Jr. Systems Administrator","Washington Commanders","Washington, DC","","",jobspy_indeed,https://www.indeed.com/viewjob?jk=db03791c1e5a3051,"","2026-04-06"
0,"","Project Leader 2 - Herndon, VA","M.C. Dean, Inc.","Washington, DC","","",jobspy_indeed,https://www.indeed.com/viewjob?jk=90278f4c46ac7ed1,"","2026-04-08"
0,"","Control Technician 1","M.C. Dean, Inc.","Washington, DC","","",jobspy_indeed,https://www.indeed.com/viewjob?jk=976a7b62a8cb23b9,"","2026-04-08"
0,"","Electronics Technician 3","M.C. Dean, Inc.","Washington, DC","","",jobspy_indeed,https://www.indeed.com/viewjob?jk=c2c881300dd3e545,"","2026-04-07"
0,"","Fire Protection Service Coordinator - Tysons, VA","M.C. Dean, Inc.","Washington, DC","","",jobspy_indeed,https://www.indeed.com/viewjob?jk=d2c6c7a3a4eb0d7f,"","2026-04-07"
0,"","IT Systems Architect 5 - Tysons, VA","M.C. Dean, Inc.","Washington, DC","","",jobspy_indeed,https://www.indeed.com/viewjob?jk=c98712c9f0a6b9e5,"","2026-04-08"
0,"","Senior Unified Communication Engineer","Improvix Technologies","Washington, DC","","",jobspy_indeed,https://www.indeed.com/viewjob?jk=63d869113be63a52,"","2026-04-02"
0,"","Field Service Engineer 2 (Commerce IT Engineering)","Choctaw Nation of Oklahoma","United States","","",jobspy_indeed,https://www.indeed.com/viewjob?jk=bb5aa6e1393a52a9,"","2026-04-09"
0,"","Engineer II - Information Security","Cencora","United States","","",jobspy_indeed,https://www.indeed.com/viewjob?jk=991a107e78fcfc59,"","2026-04-09"
0,"","Software Engineer, II – ADKit Component Enablement & Calibration","TORC Robotics","United States","","$139,000 - $166,800 (yearly)",jobspy_indeed,https://www.indeed.com/viewjob?jk=5427365d4ba3ee5f,"","2026-04-09"
0,"","AV Project Manager","Instrata Technologies, LLC.","United States","","",jobspy_indeed,https://www.indeed.com/viewjob?jk=3cc63d80406c834e,"","2026-04-09"
0,"","Installer","Instrata Technologies, LLC.","United States","","",jobspy_indeed,https://www.indeed.com/viewjob?jk=6ab1ea5305c08aa1,"","2026-04-08"
0,"","Electrical Engineering Intern - Transportation (Summer 2026)","Stantec","United States","","",jobspy_indeed,https://www.indeed.com/viewjob?jk=701bde3a80a2833f,"","2026-04-09"
0,"","Senior Electrical Engineer","Stantec","United States","","",jobspy_indeed,https://www.indeed.com/viewjob?jk=15e08317d1900258,"","2026-04-09"
0,"","Lighting Controls Technician","Premier Network Solutions","United States","","$50,000 - $65,000 (yearly)",jobspy_indeed,https://www.indeed.com/viewjob?jk=871cf3c48cabde24,"","2026-04-09"
0,"","Field Operations Manager","AeroVironment","United States","","$101,000 - $143,325 (yearly)",jobspy_indeed,https://www.indeed.com/viewjob?jk=da4f774dbce5b83c,"","2026-04-09"
0,"","Product Sustainability Engineer","Legrand","United States","","",jobspy_indeed,https://www.indeed.com/viewjob?jk=dc69e1dccc2c8548,"","2026-04-08"
0,"","Product Environment Compliance Engineer","Legrand","United States","","",jobspy_indeed,https://www.indeed.com/viewjob?jk=050a8952fa0aa6fc,"","2026-04-08"
0,"","Senior Audio Visual Installation Technician","By Light Professional IT Services","United States","","",jobspy_indeed,https://www.indeed.com/viewjob?jk=a7eb7fab683b591a,"","2026-04-08"
0,"","Account Executive","American Sound","United States","","$90,000 - $100,000 (yearly)",jobspy_indeed,https://www.indeed.com/viewjob?jk=34aa043636ab804f,"","2026-04-08"
0,"","Custom Home Lead Installer","Best Buy","United States","","$20 - $31 (hourly)",jobspy_indeed,https://www.indeed.com/viewjob?jk=c257f4259acd1bb5,"","2026-04-08"
0,"","Associate Fleet Technician Specialist","Motional","United States","","$64,000 - $76,114 (yearly)",jobspy_indeed,https://www.indeed.com/viewjob?jk=d5b760d4d67b972f,"","2026-04-08"
0,"","Structured Cabling & Fiber Technician","WeInstall.IT","United States","","$20 - $35 (hourly)",jobspy_indeed,https://www.indeed.com/viewjob?jk=3d32e58a87ab9fcc,"","2026-04-08"
0,"","Senior Software Engineer, Autonomous Vehicle Performance Metrics","Motional","Remote","","$125,000 - $167,000 (yearly)",jobspy_indeed,https://www.indeed.com/viewjob?jk=d82df108064efce2,"","2026-04-08"
0,"","Associate Principal - Audiovisual","TEECOM","Remote","","$110,000 - $140,000 (yearly)",jobspy_indeed,https://www.indeed.com/viewjob?jk=3180ff6e85a9b69f,"","2026-04-07"
0,"","Staff Software Engineer","Motional","Remote","","$172,000 - $229,000 (yearly)",jobspy_indeed,https://www.indeed.com/viewjob?jk=19e182721d632760,"","2026-04-07"
0,"","Associate Systems Engineer - Northeast","Net at Work","Remote","","",jobspy_indeed,https://www.indeed.com/viewjob?jk=00f58750d978f59d,"","2026-04-07"
0,"","Senior Project Engineer, XTG","AVI-SPL","Remote","","$93,000 - $120,000 (yearly)",jobspy_indeed,https://www.indeed.com/viewjob?jk=24e7448123c4be73,"","2026-04-03"
0,"","Senior Design Engineer, Broadcast, XTG","AVI-SPL","Remote","","$100,000 - $125,000 (yearly)",jobspy_indeed,https://www.indeed.com/viewjob?jk=69b0f7a0f8cc8e0c,"","2026-04-03"
0,"","Senior Associate, Mechanical","CMTA Consulting Engineers","New York, New York","","$140,000 - $175,000 (yearly)",jobspy_indeed,https://www.indeed.com/viewjob?jk=d4039220e61a0d1c,"","2026-04-08"
0,"","Augmented and Virtual Reality Developer","CBS News and Stations","New York, New York","","$100,000 - $120,000 (yearly)",jobspy_indeed,https://www.indeed.com/viewjob?jk=02d5f5c2e28c2ae3,"","2026-04-07"
0,"","RF / Wireless Systems Engineer","nan","New York, New York","","$160,000 - $240,000 (yearly)",jobspy_indeed,https://www.indeed.com/viewjob?jk=6521ce3af47b5795,"","2026-04-06"
0,"","Mid-Level or Senior Engineering Data Scientist","Boeing","Seattle, Washington","","$137,700 - $234,600 (yearly)",jobspy_indeed,https://www.indeed.com/viewjob?jk=d51154266166d59c,"","2026-04-02"
0,"","Senior Project Engineer, Plumbing","CMTA Consulting Engineers","Los Angeles, California","","$85,000 - $100,000 (yearly)",jobspy_indeed,https://www.indeed.com/viewjob?jk=8661eda65a248c5c,"","2026-04-08"
0,"","Intern- Software Engineer","VBrick","Washington, DC","","",jobspy_indeed,https://www.indeed.com/viewjob?jk=996d77616d403a3e,"","2026-04-09"
0,"","Senior Acoustics Consultant","WSP","Washington, DC","","$118,000 - $130,000 (yearly)",jobspy_indeed,https://www.indeed.com/viewjob?jk=d08fb37364600f22,"","2026-04-08"
0,"","AISR Engineer","Booz Allen Hamilton","Washington, DC","","$99,000 - $225,000 (yearly)",jobspy_indeed,https://www.indeed.com/viewjob?jk=1cfd260cdcfcb0f9,"","2026-04-08"
0,"","Security Control Validator","Booz Allen Hamilton","Washington, DC","","$99,000 - $225,000 (yearly)",jobspy_indeed,https://www.indeed.com/viewjob?jk=5771cff5832af998,"","2026-04-08"
0,"","Electrical Engineer","BROADCAST SPORTS INTERNATIONAL","Washington, DC","","$105,000 - $120,000 (yearly)",jobspy_indeed,https://www.indeed.com/viewjob?jk=66b29cfb477424ff,"","2026-03-16"
0,"","Chief Engineer (IBS Network Expansion)","CACI International","Washington, DC","","$120,800 - $265,800 (yearly)",jobspy_indeed,https://www.indeed.com/viewjob?jk=a97ae31d65a85652,"","2026-01-21"
0,"","Senior Software Engineer – Data Product APIs","USA TODAY Co.","United States","","$150,000 - $160,000 (yearly)",jobspy_indeed,https://www.indeed.com/viewjob?jk=0df87b3ec4e35311,"","2026-04-08"
0,"","Desktop Support Engineer (On-Site)","garmac","United States","","$25 - $32 (hourly)",jobspy_indeed,https://www.indeed.com/viewjob?jk=3b4775f8f2e740d9,"","2026-04-08"
0,"","IT Engineer","Sinclair Broadcast Group","United States","","",jobspy_indeed,https://www.indeed.com/viewjob?jk=f067ac3faa669233,"","2026-04-08"
0,"","Chief Engineer","Sinclair Broadcast Group","United States","","",jobspy_indeed,https://www.indeed.com/viewjob?jk=5f8c102a4694a298,"","2026-04-07"
0,"","Principal Infrastructure Engineer","K-LOVE & Air1 Christian Radio Network","United States","","",jobspy_indeed,https://www.indeed.com/viewjob?jk=ed690ea8b1f7f8dd,"","2026-04-07"
0,"","IT Engineer - WSB TV","Cox Media Group","United States","","",jobspy_indeed,https://www.indeed.com/viewjob?jk=219758ed2e9b28e4,"","2026-04-07"
0,"","Lead Software Engineer - Databricks, Spark, AWS","JPMorganChase","United States","","$152,000 - $215,000 (yearly)",jobspy_indeed,https://www.indeed.com/viewjob?jk=3e5ce5dc0846bf9b,"","2026-04-07"
0,"","Chief Systems Engineer - Surveillance Products","Real Time Consulting, LLC","United States","","",jobspy_indeed,https://www.indeed.com/viewjob?jk=3e2ab0b867bc6cd3,"","2026-04-07"
0,"","Director Platform Engineering & Cloud Infrastructure","Telestream","United States","","$200,000 - $225,000 (yearly)",jobspy_indeed,https://www.indeed.com/viewjob?jk=8c28be30bedf8ef4,"","2026-04-07"
0,"","Senior Consultant, Structured Cabling","PMY Group","United States","","",jobspy_indeed,https://www.indeed.com/viewjob?jk=c365b015eed4e2a6,"","2026-04-07"
0,"","Service and Support Engineer","Riedel Communications","United States","","$70,000 - $120,000 (yearly)",jobspy_indeed,https://www.indeed.com/viewjob?jk=47f95fca23e8dc2d,"","2026-04-06"
0,"","CAM Platform Engineer","Weather Group Television LLC","United States","","",jobspy_indeed,https://www.indeed.com/viewjob?jk=de5e4e4ff5bd4974,"","2026-04-06"
0,"","IT/BROADCAST ENGINEER - WEAU","GRAY MEDIA","United States","","",jobspy_indeed,https://www.indeed.com/viewjob?jk=cf183fc7c90f360a,"","2026-04-06"
0,"","DevOps and CI/CD Build Engineer","AJA Video Systems Inc","United States","","$99,102 - $136,266 (yearly)",jobspy_indeed,https://www.indeed.com/viewjob?jk=fdaef769ee298d16,"","2026-04-05"
0,"","Video Engineer - GCPS TV","Gwinnett County Public Schools","United States","","$64,433 - $97,405 (yearly)",jobspy_indeed,https://www.indeed.com/viewjob?jk=094902ee6d174f3b,"","2026-04-02"
0,"","Senior Software Engineer – Data Product APIs","USA TODAY Co.","Remote","","$150,000 - $160,000 (yearly)",jobspy_indeed,https://www.indeed.com/viewjob?jk=ef65449e25c7a8bd,"","2026-04-08"
0,"","UPS Tech 4- Chicago, IL","M.C. Dean, Inc.","Chicago, Illinois","","$42 - $66 (hourly)",jobspy_indeed,https://www.indeed.com/viewjob?jk=af8e0ca1c572208d,"","2026-04-02"
0,"","UPS Tech 2- Chicago, IL","M.C. Dean, Inc.","Chicago, Illinois","","$32 - $42 (hourly)",jobspy_indeed,https://www.indeed.com/viewjob?jk=c04cb64d3a1f2d3e,"","2026-04-02"
0,"","CINEMA TECHNICIAN","Digital Media Systems Inc.","New York, New York","","$70,000 - $95,000 (yearly)",jobspy_indeed,https://www.indeed.com/viewjob?jk=a25ec02cdc81ecf8,"","2026-04-06"
0,"","Apprentice/Helper AV Installations","melodic productions.com","New York, New York","","",jobspy_indeed,https://www.indeed.com/viewjob?jk=020a6a91861b2e10,"","2026-04-04"
0,"","Endoscopy Technician Per Diem","Englewood Health","New York, New York","","",jobspy_indeed,https://www.indeed.com/viewjob?jk=27667b0e51beeb94,"","2026-04-02"
0,"","Design Engineer 2 - San Jose, CA","M.C. Dean, Inc.","San Francisco, California","","$99,680 - $149,520 (yearly)",jobspy_indeed,https://www.indeed.com/viewjob?jk=de61e25cc1c2231f,"","2026-04-08"
0,"","IT Systems Specialist I/II","The Foundation for Hispanic Education","San Francisco, California","","$68,700 - $75,000 (yearly)",jobspy_indeed,https://www.indeed.com/viewjob?jk=1c81929550fbfb0a,"","2026-04-07"
0,"","Information Technology Technician I/II","nan","San Francisco, California","","$67,972 - $121,385 (yearly)",jobspy_indeed,https://www.indeed.com/viewjob?jk=8375f2235026f43d,"","2026-04-06"
0,"","Information Technology Technician I/II","US District Courts, Northern District of California","San Francisco, California","","$67,972 - $121,385 (yearly)",jobspy_indeed,https://www.indeed.com/viewjob?jk=098f8d8221e0c2ca,"","2026-04-06"
0,"","Senior Office Technology Specialist","Cooley LLP","Seattle, Washington","","$48 - $59 (hourly)",jobspy_indeed,https://www.indeed.com/viewjob?jk=1a8a9d2fc531c1c0,"","2026-04-07"
0,"","UPS Technician 4 - Boston, MA","M.C. Dean, Inc.","Boston, Massachusetts","","",jobspy_indeed,https://www.indeed.com/viewjob?jk=ed873729125e1c3d,"","2026-04-02"
0,"","Sound and Signal Apprentice","VectorUSA","Los Angeles, California","","",jobspy_indeed,https://www.indeed.com/viewjob?jk=59bd9a0bd313acbd,"","2026-04-08"
0,"","Communications Foreman","VectorUSA","Los Angeles, California","","",jobspy_indeed,https://www.indeed.com/viewjob?jk=ab66cfec6870a14a,"","2026-04-08"
0,"","Simulation Operations Specialist, Simulation Program, Full time, Days","PIH Health","Los Angeles, California","","$68,640 - $108,992 (yearly)",jobspy_indeed,https://www.indeed.com/viewjob?jk=b2a4cb136f675960,"","2026-04-07"
0,"","Electronics Technician 3 - Los Angeles, CA","M.C. Dean, Inc.","Los Angeles, California","","$32 - $46 (hourly)",jobspy_indeed,https://www.indeed.com/viewjob?jk=3ce704a4bb1a3355,"","2026-04-03"
0,"","Nursing Skills Lab and Simulation Technician","Pacific College","Los Angeles, California","","$29 - $30 (hourly)",jobspy_indeed,https://www.indeed.com/viewjob?jk=8802f67dd155d05e,"","2026-03-30"
0,"","DCPS - Audio Visual Systems Program Manager (799679)","ADVANCED NETWORK CONSULTING","Washington, DC","","",jobspy_indeed,https://www.indeed.com/viewjob?jk=187ea74318706256,"","2026-04-08"
0,"","Arts Support Technician","EPISCOPAL HIGH SCHOOL","Washington, DC","","",jobspy_indeed,https://www.indeed.com/viewjob?jk=b81234d1e3a989c7,"","2026-04-08"
0,"","Production and Support Technician","York Telecom Corporation","Washington, DC","","$70,000 - $80,000 (yearly)",jobspy_indeed,https://www.indeed.com/viewjob?jk=f37aa736bfc92825,"","2026-04-07"
0,"","Audio Visual Systems Program Manager","AHU Technologies","Washington, DC","","$49 - $55 (hourly)",jobspy_indeed,https://www.indeed.com/viewjob?jk=3cd1797094e67acf,"","2026-04-07"
0,"","Audio Visual Systems Program Manager","Kaizen Dynamics","Washington, DC","","$60 - $65 (hourly)",jobspy_indeed,https://www.indeed.com/viewjob?jk=1c25dd7087a64d13,"","2026-04-07"
0,"","Audio Visual Systems Program Manager","Gointellects Inc.","Washington, DC","","",jobspy_indeed,https://www.indeed.com/viewjob?jk=87e07e30df6670e0,"","2026-04-07"
0,"","Audio Visual Systems Program Manager","CentreIT Corporation","Washington, DC","","$60 - $64 (hourly)",jobspy_indeed,https://www.indeed.com/viewjob?jk=e78ba34e365c9009,"","2026-04-07"
0,"","DCPS - Audio Visual Systems Program Manager","Collaboredge","Washington, DC","","$53 - $59 (hourly)",jobspy_indeed,https://www.indeed.com/viewjob?jk=be7a8df46df95e86,"","2026-04-07"
0,"","Structured Cabling Technician","Vision Technologies, Inc","Washington, DC","","",jobspy_indeed,https://www.indeed.com/viewjob?jk=3a538c101bed4d9b,"","2026-04-03"
0,"","Structured Cabling Foreman","Vision Technologies, Inc","Washington, DC","","",jobspy_indeed,https://www.indeed.com/viewjob?jk=1b0ca5ce3ab2225a,"","2026-04-03"
0,"","Telecommunications Foreman - DMV","M.C. Dean, Inc.","Washington, DC","","$35 - $40 (hourly)",jobspy_indeed,https://www.indeed.com/viewjob?jk=3b62cce4f29f1bfd,"","2026-04-02"
0,"","IT Technician, Darden School of Business (Rosslyn, VA)","University of Virginia","Washington, DC","","",jobspy_indeed,https://www.indeed.com/viewjob?jk=c35529f0cf9c1e8b,"","2026-04-01"
0,"","Certified Police Officer","City Of Miami Beach","United States","","$5,556 - $8,454 (monthly)",jobspy_indeed,https://www.indeed.com/viewjob?jk=e4c2fc2f821660d4,"","2026-04-08"
0,"","Simulation Technician","Galen College of Nursing","United States","","",jobspy_indeed,https://www.indeed.com/viewjob?jk=522b24e58aff0e10,"","2026-04-08"
0,"","Sound and Signal Apprentice","VectorUSA","United States","","",jobspy_indeed,https://www.indeed.com/viewjob?jk=e4329a5a8709da19,"","2026-04-08"
0,"","Clinical Education Coordinator","AmeriPro Health","United States","","",jobspy_indeed,https://www.indeed.com/viewjob?jk=fa93c131dec09b2b,"","2026-04-08"
0,"","Audio Visual Quality Control Technician","HARTFORD TECHNOLOGY RENTALS","United States","","",jobspy_indeed,https://www.indeed.com/viewjob?jk=f2ec50e277fb9be2,"","2026-04-08"
0,"","AHA Program Instructor PRN NE","Cleveland Clinic","United States","","",jobspy_indeed,https://www.indeed.com/viewjob?jk=c473b2139be9a4c3,"","2026-04-08"
0,"","Associate AV Installation Technician","FORTÉ","United States","","",jobspy_indeed,https://www.indeed.com/viewjob?jk=650625e34dfd7b28,"","2026-04-08"
0,"","Senior Audio-Visual Support Technician","FORTÉ","United States","","",jobspy_indeed,https://www.indeed.com/viewjob?jk=68d4c9f7511d265c,"","2026-04-08"
0,"","IT Client Technology Support Technician II - 999508","Nova Southeastern University","United States","","",jobspy_indeed,https://www.indeed.com/viewjob?jk=b4fb4f8a6be73244,"","2026-04-08"
0,"","Audio/Video Technician","nan","United States","","$120 - $160 (daily)",jobspy_indeed,https://www.indeed.com/viewjob?jk=12c59f0d2f462d15,"","2026-04-08"
0,"","Minor League Baseball Video Crew","Audio Foundry","United States","","$85 - $100 (daily)",jobspy_indeed,https://www.indeed.com/viewjob?jk=99632d21377c5b29,"","2026-04-08"
0,"","Design Engineer 2 - Charleston, SC","M.C. Dean, Inc.","United States","","",jobspy_indeed,https://www.indeed.com/viewjob?jk=b64d3706371106ec,"","2026-04-08"
0,"","Event Technician, Audio Visual - Hilton Myrtle Beach","Encore Global","United States","","$15 - $20 (hourly)",jobspy_indeed,https://www.indeed.com/viewjob?jk=508cd6bfdcbc14f9,"","2026-03-28"
0,"","Solutions Engineer","Activu Corporation","Remote","","",jobspy_indeed,https://www.indeed.com/viewjob?jk=354f5a7036e568a6,"","2026-04-07"
0,"","Smart Home and EV Charger Expert Electrician","nan","San Francisco, California","","$62,000 - $120,000 (yearly)",jobspy_indeed,https://www.indeed.com/viewjob?jk=3ea1ba78f2de6e64,"","2026-04-05"
0,"","Freelance Van/Truck Driver","VDA","Boston, Massachusetts","","$22 - $35 (hourly)",jobspy_indeed,https://www.indeed.com/viewjob?jk=826c1264f41b08dc,"","2026-04-07"
0,"","Service Desk Technician, Sr.","AeroVironment","United States","","$105,000 - $148,575 (yearly)",jobspy_indeed,https://www.indeed.com/viewjob?jk=20a2923ebd61c73d,"","2026-04-08"
0,"","Video Technician","Maxon Productions","United States","","$350 - $550 (daily)",jobspy_indeed,https://www.indeed.com/viewjob?jk=b59345a4ab0ad878,"","2026-04-08"
0,"","Project Manager 1 (onsite)","Convergint","United States","","",jobspy_indeed,https://www.indeed.com/viewjob?jk=942ba4a1a59de537,"","2026-04-08"
0,"","Network Technician - Remote","Cure Business Solutions","United States","","$20 - $35 (hourly)",jobspy_indeed,https://www.indeed.com/viewjob?jk=5f001825f9fb8f02,"","2026-04-08"
0,"","AV Support Technician","The Hartford","United States","","$70,000 - $100,000 (yearly)",jobspy_indeed,https://www.indeed.com/viewjob?jk=d6d5531687f352b9,"","2026-04-07"
0,"","IT Technician","Harvard Integrations","United States","","",jobspy_indeed,https://www.indeed.com/viewjob?jk=59a513000349c7c1,"","2026-04-07"
0,"","Branch Operations Manager","SmartSource Rentals","United States","","",jobspy_indeed,https://www.indeed.com/viewjob?jk=6c6b8372508eb418,"","2026-04-07"
0,"","Audiovisual Technician","ak technologies","United States","","$50,000 - $80,000 (yearly)",jobspy_indeed,https://www.indeed.com/viewjob?jk=40b22966e3b36021,"","2026-04-07"
0,"","Facility Technician","Drive Shack","United States","","$15 - $16 (hourly)",jobspy_indeed,https://www.indeed.com/viewjob?jk=481aec533a06c9f1,"","2026-04-06"
0,"","Event Photo Booth Technician Driver & Host (Part-Time / Per-Event)","Fotably Photo Booth","United States","","$300 - $600 (daily)",jobspy_indeed,https://www.indeed.com/viewjob?jk=ad13ccd4e5bb7916,"","2026-04-06"
0,"","Technician Event Technologies","DOBIL LABORATORIES INC","United States","","$20 - $30 (hourly)",jobspy_indeed,https://www.indeed.com/viewjob?jk=f3364f7deef52c71,"","2026-04-04"
0,"","Sales Representative","Granado Tech LLC","United States","","$50,000 - $170,000 (yearly)",jobspy_indeed,https://www.indeed.com/viewjob?jk=04920485638b4abf,"","2026-04-04"
0,"","Computer Support Analyst","Netrix Global","United States","","",jobspy_indeed,https://www.indeed.com/viewjob?jk=00c5f2630771f315,"","2026-04-01"
0,"","Senior Learning Access Specialist","Carole Robertson Center for Learning","Chicago, Illinois","","$72,000 - $80,000 (yearly)",jobspy_indeed,https://www.indeed.com/viewjob?jk=b124ad96d800fd6c,"","2026-04-09"
0,"","Technical Service Specialist","Kubota Engine America","Chicago, Illinois","","$90,000 - $100,000 (yearly)",jobspy_indeed,https://www.indeed.com/viewjob?jk=08fcfc2bbe52553f,"","2026-04-09"
0,"","Hyperbaric Technician-Outpatient Wound Care Casual Days","Northwestern Medicine","Chicago, Illinois","","$28 - $35 (hourly)",jobspy_indeed,https://www.indeed.com/viewjob?jk=01a35f6c65c3ff18,"","2026-04-08"
0,"","Patient Access Specialist-McHenry Hospital Part-time Days","Northwestern Medicine","Chicago, Illinois","","$18 - $27 (hourly)",jobspy_indeed,https://www.indeed.com/viewjob?jk=bcc023a94849f36c,"","2026-04-07"
0,"","IT Support Specialist","viaPhoton Inc","Chicago, Illinois","","$55,000 - $65,000 (yearly)",jobspy_indeed,https://www.indeed.com/viewjob?jk=b493b49a2f80d676,"","2026-04-08"
0,"","Guest Services Specialist","Kirkland & Ellis","Chicago, Illinois","","$85,000 - $95,000 (yearly)",jobspy_indeed,https://www.indeed.com/viewjob?jk=d4fd93742445e215,"","2026-04-08"
0,"","Regional Support Specialist - Lake Forest, IL","Anywhere Real Estate","Chicago, Illinois","","",jobspy_indeed,https://www.indeed.com/viewjob?jk=20384d91ab45a51d,"","2026-04-08"
0,"","Catering Specialist","Famous Dave's","Chicago, Illinois","","",jobspy_indeed,https://www.indeed.com/viewjob?jk=f5741ce93ad98da1,"","2026-04-08"
0,"","Safety Specialist","Parts Town","Chicago, Illinois","","$55,951 - $68,385 (yearly)",jobspy_indeed,https://www.indeed.com/viewjob?jk=efbbf05451aab435,"","2026-04-08"
0,"","Specialist, HelpLine","American Lung Association","Chicago, Illinois","","$50,000 - $56,000 (yearly)",jobspy_indeed,https://www.indeed.com/viewjob?jk=c7d573566d5aba85,"","2026-04-08"
0,"","Account Manager – Overhead Material Handling Solutions Specialist","nan","Chicago, Illinois","","$75,000 - $105,000 (yearly)",jobspy_indeed,https://www.indeed.com/viewjob?jk=038c5c1d9cbe2665,"","2026-04-08"
0,"","Maintenance Technician Specialist","URBAN FARMER","Chicago, Illinois","","$23 - $35 (hourly)",jobspy_indeed,https://www.indeed.com/viewjob?jk=6e31e6da95e6aeec,"","2026-04-08"
0,"","Compliance Specialist - Driver Onboarding","Forward Air","Chicago, Illinois","","$45,000 - $55,000 (yearly)",jobspy_indeed,https://www.indeed.com/viewjob?jk=0c73bab3cdb207d2,"","2026-04-08"
0,"","Retail Execution Specialist - Aurora, IL","The Coca-Cola Company","Chicago, Illinois","","$57,800 - $69,400 (yearly)",jobspy_indeed,https://www.indeed.com/viewjob?jk=94767d5aa525c6ea,"","2026-04-08"
0,"","Vascular Therapy Development Specialist - Chicago","Medtronic","Chicago, Illinois","","$110,000 - $120,000 (yearly)",jobspy_indeed,https://www.indeed.com/viewjob?jk=c3ea350a3125b52b,"","2026-04-08"
0,"","Referral Specialist","Northwestern Medicine","Chicago, Illinois","","$21 - $29 (hourly)",jobspy_indeed,https://www.indeed.com/viewjob?jk=3010002838c3e014,"","2026-04-07"
0,"","Bilingual Americas People Risk and Resiliency Planning Specialist","Aon","Chicago, Illinois","","$69,500 - $75,000 (yearly)",jobspy_indeed,https://www.indeed.com/viewjob?jk=d3f2d06b2c4a17c0,"","2026-04-02"
0,"","Registered Dietitian - Solutions Specialist","Gordon Food Service","Chicago, Illinois","","",jobspy_indeed,https://www.indeed.com/viewjob?jk=22c3627a43686dc1,"","2026-03-20"
0,"","Sales and Marketing Technology Sr Director","Aon","Chicago, Illinois","","$186,900 - $310,000 (yearly)",jobspy_indeed,https://www.indeed.com/viewjob?jk=b61d4791b7d3fdfa,"","2026-02-25"
0,"","Specialist Cricket Indirect Sales","AT&T","New York, New York","","$66,100 - $99,100 (yearly)",jobspy_indeed,https://www.indeed.com/viewjob?jk=97d11cb57f16ab80,"","2026-04-09"
0,"","Marketing Specialist","Rimes Technologies","New York, New York","","$85,000 - $95,000 (yearly)",jobspy_indeed,https://www.indeed.com/viewjob?jk=21e8dc42cd6d546a,"","2026-04-09"
0,"","Customer Care Specialist (Hybrid)","Girl Scouts of the USA","New York, New York","","$40,000 - $42,000 (yearly)",jobspy_indeed,https://www.indeed.com/viewjob?jk=ada729749acc8b11,"","2026-04-09"
0,"","Facilities Specialist","Chipotle Mexican Grill","New York, New York","","$28 - $35 (hourly)",jobspy_indeed,https://www.indeed.com/viewjob?jk=6856e75755900d75,"","2026-04-08"
0,"","Carrier Revenue Analyst","Progyny","New York, New York","","$65,000 - $80,000 (yearly)",jobspy_indeed,https://www.indeed.com/viewjob?jk=fad0d9a14ee421ab,"","2026-04-08"
0,"","Senior Operations Analyst, TDS Whole Loan Middle Office","TD","New York, New York","","$110,000 - $130,000 (yearly)",jobspy_indeed,https://www.indeed.com/viewjob?jk=f3ace81dca3b7df9,"","2026-04-08"
0,"","Lead Safety Specialist- Salary 110,000 yearly","Securitas","New York, New York","","",jobspy_indeed,https://www.indeed.com/viewjob?jk=bcc055a6bdfd916c,"","2026-04-08"
0,"","Senior Marketing Manager, North America","CFC","New York, New York","","$120,000 - $150,000 (yearly)",jobspy_indeed,https://www.indeed.com/viewjob?jk=a5d08869ccd1279a,"","2026-04-08"
0,"","Security Officer - Patrol Specialist","Allied Universal","New York, New York","","",jobspy_indeed,https://www.indeed.com/viewjob?jk=c6d18e6517fb5c2d,"","2026-04-08"
0,"","Senior Account Executive, Earned Media","Rally Internet","New York, New York","","",jobspy_indeed,https://www.indeed.com/viewjob?jk=3d32106d3122bb92,"","2026-04-08"
0,"","Cardiovascular Technologist","NYC Health + Hospitals","New York, New York","","",jobspy_indeed,https://www.indeed.com/viewjob?jk=ac719058d7b43a41,"","2026-04-08"
0,"","Global Benefits Specialist","Palantir Technologies","New York, New York","","$75,000 - $103,000 (yearly)",jobspy_indeed,https://www.indeed.com/viewjob?jk=efae33dc79c2f6e6,"","2026-04-08"
0,"","Specialist, Manufacturing Automation Engineer (Onsite)","Merck","New York, New York","","$87,300 - $137,400 (yearly)",jobspy_indeed,https://www.indeed.com/viewjob?jk=bca54be0daf44076,"","2026-04-08"
0,"","Senior Specialist, Manufacturing Automation Engineer (On-Site)","Merck","New York, New York","","$106,200 - $167,200 (yearly)",jobspy_indeed,https://www.indeed.com/viewjob?jk=e19a60f23c3e1971,"","2026-04-08"
0,"","Credentialing Specialist","Westchester Medical Center Health Network","New York, New York","","$24 - $30 (hourly)",jobspy_indeed,https://www.indeed.com/viewjob?jk=53ee9bc0d3a01673,"","2026-04-08"
0,"","Target Security Specialist","Target","New York, New York","","$20 - $31 (hourly)",jobspy_indeed,https://www.indeed.com/viewjob?jk=9d80cd7b3eeb643f,"","2026-04-08"
0,"","Physical Therapist- Outpatient (Part TIme)","Metro Physical & Aquatic Therapy","New York, New York","","$55 - $65 (hourly)",jobspy_indeed,https://www.indeed.com/viewjob?jk=ed1b4bb379b5c08e,"","2026-04-08"
0,"","Experienced Professional, Project Accounting","WSP","New York, New York","","$65,300 - $111,980 (yearly)",jobspy_indeed,https://www.indeed.com/viewjob?jk=39272ebdbcdb13f9,"","2026-04-08"
0,"","Liquor Sales Specialist","IDT Corporation","New York, New York","","$45,000 - $50,000 (yearly)",jobspy_indeed,https://www.indeed.com/viewjob?jk=fb028e7f76e5ca36,"","2026-04-08"
0,"","HBO Safety Director","Healogics","New York, New York","","",jobspy_indeed,https://www.indeed.com/viewjob?jk=eab228831a6568a3,"","2026-04-08"
0,"","Sr. Specialist EHS","Antech Diagnostics","New York, New York","","$93,000 - $115,000 (yearly)",jobspy_indeed,https://www.indeed.com/viewjob?jk=8d128239518fdfd7,"","2026-04-08"
0,"","Network Manager","PEI Group","New York, New York","","$68,000 - $74,000 (yearly)",jobspy_indeed,https://www.indeed.com/viewjob?jk=992107f53bbb884b,"","2026-04-07"
0,"","Sr. GTM Specialist, Agentic Infra, Startups, Startup WWSO","Amazon Web Services","New York, New York","","$162,700 - $220,200 (yearly)",jobspy_indeed,https://www.indeed.com/viewjob?jk=6e42e83be1f0f6dd,"","2026-04-03"
0,"","Engineering Specialist I-V","FedEx","San Francisco, California","","$4,107 - $13,571 (monthly)",jobspy_indeed,https://www.indeed.com/viewjob?jk=cf6b7477dd552c24,"","2026-04-09"
0,"","Staff Electrical Safety Specialist, Medium Voltage & High Voltage","Tesla","San Francisco, California","","$144,800 - $253,200 (yearly)",jobspy_indeed,https://www.indeed.com/viewjob?jk=d0e2204970fab830,"","2026-04-09"
0,"","Product Management, Staff","Synopsys","San Francisco, California","","",jobspy_indeed,https://www.indeed.com/viewjob?jk=47b11d67176c72fc,"","2026-04-08"
0,"","Family Court Services Administrative Coordinator","Judicial Council of California","San Francisco, California","","$5,933 - $8,305 (monthly)",jobspy_indeed,https://www.indeed.com/viewjob?jk=2af2ca22689e1d39,"","2026-04-08"
0,"","Senior Account Executive, Earned Media","Rally Internet","San Francisco, California","","",jobspy_indeed,https://www.indeed.com/viewjob?jk=57ad54467f1d6148,"","2026-04-08"
0,"","Administrative Specialist","Lawrence Livermore National Laboratory","San Francisco, California","","$38 - $45 (hourly)",jobspy_indeed,https://www.indeed.com/viewjob?jk=9ce07fb1e2069c53,"","2026-04-08"
0,"","Academic Technology Specialist","Edvance","San Francisco, California","","$44 - $51 (hourly)",jobspy_indeed,https://www.indeed.com/viewjob?jk=b313a6c2eba0543a,"","2026-04-08"
0,"","Vascular Therapy Development Specialist - California Bay Area","Medtronic","San Francisco, California","","$110,000 - $120,000 (yearly)",jobspy_indeed,https://www.indeed.com/viewjob?jk=7916dc2267d45a85,"","2026-04-08"
0,"","Marketing Operations Specialist","Amax Engineering","San Francisco, California","","$70,000 - $75,000 (yearly)",jobspy_indeed,https://www.indeed.com/viewjob?jk=a2dcd44018bb8e35,"","2026-04-08"
0,"","AV Specialist with UC Experience","Apptad Inc","San Francisco, California","","$28 - $30 (hourly)",jobspy_indeed,https://www.indeed.com/viewjob?jk=e7a5846344ee2adb,"","2026-04-08"
0,"","Enrichment Specialist - Full time","YMCA of San Francisco","San Francisco, California","","$24 - $33 (hourly)",jobspy_indeed,https://www.indeed.com/viewjob?jk=782833115cb94651,"","2026-04-07"
0,"","Sheriff's Specialist","Island Circuits International Inc.","San Francisco, California","","$79,165 - $98,631 (yearly)",jobspy_indeed,https://www.indeed.com/viewjob?jk=328fcf2b85bed3d0,"","2026-04-07"
0,"","Executive Assistant","nan","San Francisco, California","","$120,000 - $140,000 (yearly)",jobspy_indeed,https://www.indeed.com/viewjob?jk=3544d9878fff0574,"","2026-04-07"
0,"","Director, Lifecycle Marketing","Rocket Lawyer","San Francisco, California","","$158,000 - $250,000 (yearly)",jobspy_indeed,https://www.indeed.com/viewjob?jk=12d61093d8929202,"","2026-04-07"
0,"","Program Specialist (STEAM)","Community Youth Center","San Francisco, California","","$26 - $30 (hourly)",jobspy_indeed,https://www.indeed.com/viewjob?jk=31434a1d48227d9b,"","2026-04-07"
0,"","SENIOR RADIOLOGIC TECHNOLOGIST, CORRECTIONAL FACILITY (SPECIALIST)","California State Personnel Board","San Francisco, California","","$6,783 - $7,898 (monthly)",jobspy_indeed,https://www.indeed.com/viewjob?jk=774c09ed643b1cc5,"","2026-04-07"
0,"","INFORMATION TECHNOLOGY SPECIALIST II","California State Personnel Board","San Francisco, California","","$8,625 - $11,557 (monthly)",jobspy_indeed,https://www.indeed.com/viewjob?jk=cf71d743b87fec5a,"","2026-04-07"
0,"","Human Resources Manager","Forward Air","San Francisco, California","","",jobspy_indeed,https://www.indeed.com/viewjob?jk=873cd95ae66a2af7,"","2026-04-07"
0,"","Senior Executive IT Support Specialist","Marvell Technology","San Francisco, California","","$36 - $55 (hourly)",jobspy_indeed,https://www.indeed.com/viewjob?jk=d2d67fdb394bb1b3,"","2026-04-07"
0,"","Target Security Specialist","Target","San Francisco, California","","",jobspy_indeed,https://www.indeed.com/viewjob?jk=d74bbc4428d94ae2,"","2026-04-06"
0,"","Senior Product Marketing Manager","nan","San Francisco, California","","$150,000 - $175,000 (yearly)",jobspy_indeed,https://www.indeed.com/viewjob?jk=353d8f8f828892f8,"","2026-04-01"
0,"","Payroll Services Specialist - Santa Clara, San Francisco, or Sacramento, CA","DPR Construction","San Francisco, California","","$25 - $43 (hourly)",jobspy_indeed,https://www.indeed.com/viewjob?jk=a789277f0a299505,"","2026-03-31"
0,"","Software Development Engineer II, Network State Manager (NSM)","Amazon.com","San Francisco, California","","$165,200 - $223,600 (yearly)",jobspy_indeed,https://www.indeed.com/viewjob?jk=80b69d8df69722a0,"","2026-03-28"
0,"","Delivery Consultant - Database, AWS Professional Services, AWS Professional Services","Amazon Web Services","San Francisco, California","","$151,000 - $204,300 (yearly)",jobspy_indeed,https://www.indeed.com/viewjob?jk=59cce16bfcde5e17,"","2026-02-16"
0,"","Residential Specialist","Plymouth Housing Group","Seattle, Washington","","$29 - $30 (hourly)",jobspy_indeed,https://www.indeed.com/viewjob?jk=f0958ac3b8883f58,"","2026-04-09"
0,"","Security Engineer 3","Adobe","Seattle, Washington","","$122,900 - $207,600 (yearly)",jobspy_indeed,https://www.indeed.com/viewjob?jk=d2d6420276a8a553,"","2026-04-08"
0,"","Chief Business and Finance Officer","University Of Washington","Seattle, Washington","","$165,000 - $169,320 (yearly)",jobspy_indeed,https://www.indeed.com/viewjob?jk=4c53db4ead6e7812,"","2026-04-08"
0,"","SDA Transit Admin Support Spec III - Bus Ops Base","King County, WA","Seattle, Washington","","$74,373 - $89,912 (yearly)",jobspy_indeed,https://www.indeed.com/viewjob?jk=a95b07506d3b75fb,"","2026-04-08"
0,"","Sr. Director, Child & Family Services Operations","Casey Family Programs","Seattle, Washington","","$151,045 - $204,355 (yearly)",jobspy_indeed,https://www.indeed.com/viewjob?jk=451f07f649481051,"","2026-04-08"
0,"","Vascular Therapy Development Specialist - Seattle","Medtronic","Seattle, Washington","","$110,000 - $120,000 (yearly)",jobspy_indeed,https://www.indeed.com/viewjob?jk=01afba83ff92c89a,"","2026-04-08"
0,"","Surgery Scheduling Supervisor - Orthopedic Clinic","Proliance Surgeons","Seattle, Washington","","$50,884 - $86,502 (yearly)",jobspy_indeed,https://www.indeed.com/viewjob?jk=29a1dcd905849b7b,"","2026-04-08"
0,"","Recovery Services Supervisor","Lions World Vision Institute","Seattle, Washington","","$31 - $37 (hourly)",jobspy_indeed,https://www.indeed.com/viewjob?jk=3f4493320ecef548,"","2026-04-07"
0,"","Program Operations Specialist, Consulting & Business Development Center","University Of Washington","Seattle, Washington","","$69,720 - $96,000 (yearly)",jobspy_indeed,https://www.indeed.com/viewjob?jk=ee5b388154f11576,"","2026-04-07"
0,"","Human Resources Generalist 1","UMC","Seattle, Washington","","$30 - $38 (hourly)",jobspy_indeed,https://www.indeed.com/viewjob?jk=97f025609ce9fe3a,"","2026-04-07"
0,"","Assistant Community Manager","HOA Community Solutions","Seattle, Washington","","$29 - $35 (hourly)",jobspy_indeed,https://www.indeed.com/viewjob?jk=212c512480a1ed78,"","2026-04-07"
0,"","Data Science Analytics & Integration Director","West Monroe","Seattle, Washington","","$200,000 - $250,000 (yearly)",jobspy_indeed,https://www.indeed.com/viewjob?jk=6203095a78461a66,"","2026-04-07"
0,"","Target Security Specialist","Target","Seattle, Washington","","$21 - $32 (hourly)",jobspy_indeed,https://www.indeed.com/viewjob?jk=2a595cbac970dec5,"","2026-04-06"
0,"","Administrative Support Specialist - Logistics","South County Fire","Seattle, Washington","","$72,907 - $89,988 (yearly)",jobspy_indeed,https://www.indeed.com/viewjob?jk=d8d03f8b2cf72f4a,"","2026-04-06"
0,"","Assets Protection Specialist","Target","Seattle, Washington","","$26 - $45 (hourly)",jobspy_indeed,https://www.indeed.com/viewjob?jk=d197a2fec3a99c91,"","2026-04-06"
0,"","Transit Security Manager - SDA","King County, WA","Seattle, Washington","","$160,892 - $203,941 (yearly)",jobspy_indeed,https://www.indeed.com/viewjob?jk=4007e02e9ba1868b,"","2026-04-06"
0,"","Information Technology Specialist (IT Specialist)","Nine9Line Veteran Services","Seattle, Washington","","$49,920 - $58,240 (yearly)",jobspy_indeed,https://www.indeed.com/viewjob?jk=4bca4d5bc4a59c35,"","2026-04-06"
0,"","Alterations Specialist","David's Bridal","Seattle, Washington","","$20 - $24 (hourly)",jobspy_indeed,https://www.indeed.com/viewjob?jk=2217fdb7fc6234ed,"","2026-04-06"
0,"","Product Manager - Tech, Global Network Delivery","Amazon.com","Seattle, Washington","","$129,200 - $174,800 (yearly)",jobspy_indeed,https://www.indeed.com/viewjob?jk=61d5f70d4e39b76f,"","2026-04-02"
0,"","SAP Procure to Pay Functional, Amazon Leo","Amazon.com","Seattle, Washington","","$129,200 - $174,800 (yearly)",jobspy_indeed,https://www.indeed.com/viewjob?jk=3708fd0b5cf9c673,"","2026-02-23"
0,"","Network Development Engineer, AWS Direct Connect","Amazon.com","Seattle, Washington","","$136,000 - $184,000 (yearly)",jobspy_indeed,https://www.indeed.com/viewjob?jk=facc87de83a0d9d8,"","2026-03-31"
0,"","Senior Software Engineer - AWS RTB Fabric, AWS RTB Fabric","Amazon Web Services","Seattle, Washington","","$168,100 - $227,400 (yearly)",jobspy_indeed,https://www.indeed.com/viewjob?jk=450de3a4ad87f902,"","2026-03-30"
0,"","Principal Technical Infra Program Manager, Inventory Optimization, S&OP Planning","Amazon.com","Seattle, Washington","","$176,900 - $239,400 (yearly)",jobspy_indeed,https://www.indeed.com/viewjob?jk=915d9c1eef546302,"","2026-03-24"
0,"","Electrical Design Engineer, Data Center Design Engineering","Amazon.com","Seattle, Washington","","$116,800 - $160,000 (yearly)",jobspy_indeed,https://www.indeed.com/viewjob?jk=a5d62221b19b8089,"","2026-03-24"
0,"","Product Lifecyle Manager, OEM, Networking and Optics","Amazon.com","Seattle, Washington","","$82,700 - $139,100 (yearly)",jobspy_indeed,https://www.indeed.com/viewjob?jk=e39acf7c733cf564,"","2026-03-23"
0,"","Payroll Services Specialist - Seattle, WA","DPR Construction","Seattle, Washington","","$25 - $43 (hourly)",jobspy_indeed,https://www.indeed.com/viewjob?jk=29085031f9b80747,"","2026-03-02"
0,"","Administrative Coordinator","Verdantas","Boston, Massachusetts","","$24 - $26 (hourly)",jobspy_indeed,https://www.indeed.com/viewjob?jk=3d90c1fe7c6a2eee,"","2026-04-09"
0,"","Sales Analytics Specialist","Ocean Spray","Boston, Massachusetts","","$59,700 - $82,060 (yearly)",jobspy_indeed,https://www.indeed.com/viewjob?jk=3bddd924af06726a,"","2026-04-09"
0,"","Assets Protection Specialist","Target","Boston, Massachusetts","","$24 - $41 (hourly)",jobspy_indeed,https://www.indeed.com/viewjob?jk=9950a467572d6b7e,"","2026-04-08"
0,"","DD&T Digital Dexterity Implementation Lead","Takeda Pharmaceuticals","Boston, Massachusetts","","$154,400 - $242,550 (yearly)",jobspy_indeed,https://www.indeed.com/viewjob?jk=381448ca3aec0a7a,"","2026-04-08"
0,"","Credentialed Veterinary Technician - Boston - Seaport","Bond Vet","Boston, Massachusetts","","$25 - $36 (hourly)",jobspy_indeed,https://www.indeed.com/viewjob?jk=4c8333e98f3ef2b1,"","2026-04-08"
0,"","Marketing Specialist","Creation Technologies","Boston, Massachusetts","","",jobspy_indeed,https://www.indeed.com/viewjob?jk=2d48862002b3b721,"","2026-04-08"
0,"","Target Security Specialist","Target","Boston, Massachusetts","","$21 - $31 (hourly)",jobspy_indeed,https://www.indeed.com/viewjob?jk=81864e30a8bf45f6,"","2026-04-08"
0,"","Research Specialist","Massachusetts Institute of Technology","Boston, Massachusetts","","",jobspy_indeed,https://www.indeed.com/viewjob?jk=4737808ebf90011f,"","2026-04-08"
0,"","Lower School Faculty, Grade 2 Teacher","Milton Academy","Boston, Massachusetts","","$50,000 - $120,000 (yearly)",jobspy_indeed,https://www.indeed.com/viewjob?jk=f663e656f04ca2c5,"","2026-04-08"
0,"","IT Specialist","RecSol Recovery Solutions","Boston, Massachusetts","","$34 - $37 (hourly)",jobspy_indeed,https://www.indeed.com/viewjob?jk=112d5019f785fa35,"","2026-04-08"
0,"","SY 26-27 Special Education Teacher - Inclusion","nan","Boston, Massachusetts","","$58,445 - $108,891 (yearly)",jobspy_indeed,https://www.indeed.com/viewjob?jk=7fd7442220256819,"","2026-04-07"
0,"","Quality Assurance Specialist 1","Veranex","Boston, Massachusetts","","$52,200 - $74,690 (yearly)",jobspy_indeed,https://www.indeed.com/viewjob?jk=752c111119308f61,"","2026-04-07"
0,"","Release of Information Specialist","Hospital for Behavioral Medicine","Boston, Massachusetts","","$19 - $23 (hourly)",jobspy_indeed,https://www.indeed.com/viewjob?jk=cbd3da9d2d6b8ea9,"","2026-04-07"
0,"","Client Support IT Specialist","AVI-SPL","Boston, Massachusetts","","$26 - $35 (hourly)",jobspy_indeed,https://www.indeed.com/viewjob?jk=562b7be55814376a,"","2026-04-07"
0,"","Medical Dosimetrist","nan","Boston, Massachusetts","","$93,953 - $136,739 (yearly)",jobspy_indeed,https://www.indeed.com/viewjob?jk=011d3bab0a97b224,"","2026-04-07"
0,"","Senior IAM Engineer Identity Governance","nan","Boston, Massachusetts","","$93,953 - $136,739 (yearly)",jobspy_indeed,https://www.indeed.com/viewjob?jk=25252833510def63,"","2026-04-08"
0,"","Clinical Educator, Ambulatory","nan","Boston, Massachusetts","","$93,953 - $136,739 (yearly)",jobspy_indeed,https://www.indeed.com/viewjob?jk=684b5cd536cf5340,"","2026-04-06"
0,"","Global Marketing Strategist","Wellington Management","Boston, Massachusetts","","$120,000 - $225,000 (yearly)",jobspy_indeed,https://www.indeed.com/viewjob?jk=af2e4966af6f606d,"","2026-04-07"
0,"","Sales Associate","Visual Comfort & Co","Boston, Massachusetts","","$70,000 - $75,000 (yearly)",jobspy_indeed,https://www.indeed.com/viewjob?jk=c7d74b79e8e184dc,"","2026-04-07"
0,"","BFT Temporary Video Production Specialist","The General Hospital Corporation","Boston, Massachusetts","","",jobspy_indeed,https://www.indeed.com/viewjob?jk=9ec3c3c79102af79,"","2026-04-07"
0,"","Senior Events Marketing Specialist","CarGurus","Boston, Massachusetts","","$80,000 - $100,000 (yearly)",jobspy_indeed,https://www.indeed.com/viewjob?jk=5dfc8101d4e587f6,"","2026-04-07"
0,"","Nurse Education Safety Specialist - Psychiatric and Behavioral Services, Marlborough Campus- Per Diem","UMass Memorial Health","Boston, Massachusetts","","$46 - $83 (hourly)",jobspy_indeed,https://www.indeed.com/viewjob?jk=85c6a8c5d8fc405b,"","2026-04-07"
0,"","Clinical Pharmacist - Remote Services","Brown University Health","Boston, Massachusetts","","$50 - $83 (hourly)",jobspy_indeed,https://www.indeed.com/viewjob?jk=d1a3c90bb728dbc3,"","2026-04-07"
0,"","Senior Lighting Designer","Stantec","Boston, Massachusetts","","$79,400 - $123,000 (yearly)",jobspy_indeed,https://www.indeed.com/viewjob?jk=543f4821b9550c06,"","2026-02-02"
0,"","Customer Support Specialist - Bilingual","Uline","Los Angeles, California","","$28 - $33 (hourly)",jobspy_indeed,https://www.indeed.com/viewjob?jk=05adbdd7759c4606,"","2026-04-09"
0,"","Customer Support Specialist","Uline","Los Angeles, California","","$27 - $32 (hourly)",jobspy_indeed,https://www.indeed.com/viewjob?jk=970dd8c9091f078f,"","2026-04-09"
0,"","Food Safety & Compliance Specialist","Kura Sushi","Los Angeles, California","","$66,000 - $85,000 (yearly)",jobspy_indeed,https://www.indeed.com/viewjob?jk=ce6ecd8be01f7730,"","2026-04-09"
0,"","Senior Staff Support Specialist","Applied Medical","Los Angeles, California","","$85,000 - $100,000 (yearly)",jobspy_indeed,https://www.indeed.com/viewjob?jk=0aebb1272bab105c,"","2026-04-08"
0,"","Senior Communications Specialist","UC Irvine Health","Los Angeles, California","","$79,200 - $143,400 (yearly)",jobspy_indeed,https://www.indeed.com/viewjob?jk=9e3857514a2c0ed3,"","2026-04-08"
0,"","Fitness Specialist - Maternity Leave Cover","Elevation Corporate Health","Los Angeles, California","","$28 - $32 (hourly)",jobspy_indeed,https://www.indeed.com/viewjob?jk=370a13d9cebc734f,"","2026-04-08"
0,"","Attorney Resource Group Supervisor","Strategic Legal Practices","Los Angeles, California","","$75,000 - $85,000 (yearly)",jobspy_indeed,https://www.indeed.com/viewjob?jk=72d7c775a596183f,"","2026-04-08"
0,"","Data Governance Analyst (Fountain Valley, CA)","Antech Diagnostics","Los Angeles, California","","",jobspy_indeed,https://www.indeed.com/viewjob?jk=44f7e96132b7667b,"","2026-04-08"
0,"","People Practices Services Manager","DPR Construction","Los Angeles, California","","$125,000 - $180,000 (yearly)",jobspy_indeed,https://www.indeed.com/viewjob?jk=e7f4b26fb38430d4,"","2026-04-08"
0,"","Account Executive 4, Higher Ed Specialist - West","Dell Technologies","Los Angeles, California","","$270,000 - $325,000 (yearly)",jobspy_indeed,https://www.indeed.com/viewjob?jk=391c2d30d0cc54c0,"","2026-04-08"
0,"","Contracting Specialist","Integrity Marketing Group","Los Angeles, California","","",jobspy_indeed,https://www.indeed.com/viewjob?jk=09564dcf0f0756f5,"","2026-04-08"
0,"","Tradewind Services IT Support Specialist","OluKai-Kaenon-melin-Roark","Los Angeles, California","","$70,000 - $75,000 (yearly)",jobspy_indeed,https://www.indeed.com/viewjob?jk=01e4569de0c12934,"","2026-04-08"
0,"","Marketing and Social Media Specialist","Neighborhood Legal Services of Los Angeles County","Los Angeles, California","","$71,000 - $83,000 (yearly)",jobspy_indeed,https://www.indeed.com/viewjob?jk=ac55ee09f48f388c,"","2026-04-08"
0,"","Sales Associate","Visual Comfort & Co","Los Angeles, California","","$35 - $37 (hourly)",jobspy_indeed,https://www.indeed.com/viewjob?jk=d77b43b043f005f7,"","2026-04-08"
0,"","Product Specialist","SENSOREX","Los Angeles, California","","$75,000 - $85,000 (yearly)",jobspy_indeed,https://www.indeed.com/viewjob?jk=c266d9050e204578,"","2026-04-08"
0,"","Faculty Housing Operations Specialist","California Institute of Technology","Los Angeles, California","","$26 - $30 (hourly)",jobspy_indeed,https://www.indeed.com/viewjob?jk=83ff2e34568ae825,"","2026-04-08"
0,"","Clinical Business Development Representative (Irvine, CA)","ZimVie","Los Angeles, California","","",jobspy_indeed,https://www.indeed.com/viewjob?jk=d919ed88b9af1bf9,"","2025-12-08"
0,"","Closing Specialist III","Lendistry","Los Angeles, California","","$70,000 - $90,000 (yearly)",jobspy_indeed,https://www.indeed.com/viewjob?jk=2e17bd2ad46cd518,"","2026-04-08"
0,"","Target Security Specialist","Target","Los Angeles, California","","",jobspy_indeed,https://www.indeed.com/viewjob?jk=c316697036ce27c3,"","2026-04-07"
0,"","Administrative Assistant/Receptionist","cardioscan","Los Angeles, California","","$48,000 - $50,000 (yearly)",jobspy_indeed,https://www.indeed.com/viewjob?jk=d1ce21c440b4720f,"","2023-04-11"
0,"","Grid Integration Specialist- ITO","Lindahl Reed, Inc.","Washington, DC","","$120,000 - $165,000 (yearly)",jobspy_indeed,https://www.indeed.com/viewjob?jk=02897240fc0ee907,"","2026-04-09"
0,"","BIM (Building Information Modeling) Designer / Development Specialist","General Dynamics Information Technology","Washington, DC","","$97,750 - $132,250 (yearly)",jobspy_indeed,https://www.indeed.com/viewjob?jk=96cdd158edebf960,"","2026-04-09"
0,"","Application and Technical Systems Specialist","German Marshall Fund of the US","Washington, DC","","$63,400 - $79,200 (yearly)",jobspy_indeed,https://www.indeed.com/viewjob?jk=1d8f58ab99ddb8dd,"","2026-04-09"
0,"","Communications and Public Outreach Specialist - TS/SCI CI Poly","Xcelerate Solutions","Washington, DC","","",jobspy_indeed,https://www.indeed.com/viewjob?jk=d69354190e95efd0,"","2026-04-08"
0,"","E T Consultant - Nature Finance Specialist","World Bank Group","Washington, DC","","",jobspy_indeed,https://www.indeed.com/viewjob?jk=d58ef812d1df2a19,"","2026-04-08"
0,"","Adaptation & Resilience Consultant","World Bank Group","Washington, DC","","",jobspy_indeed,https://www.indeed.com/viewjob?jk=cc16068578b1ef8e,"","2026-04-08"
0,"","Head of Global Operations - Medical","Crisis24","Washington, DC","","",jobspy_indeed,https://www.indeed.com/viewjob?jk=842515fdba458f71,"","2026-04-08"
0,"","Operations Specialist, Jr.","Rackner","Washington, DC","","",jobspy_indeed,https://www.indeed.com/viewjob?jk=af9b491932982adb,"","2026-04-08"
0,"","Marketing Associate","Intercoastal Mortgage LLC","Washington, DC","","$50,000 - $70,000 (yearly)",jobspy_indeed,https://www.indeed.com/viewjob?jk=5dd091652a8183c0,"","2026-04-08"
0,"","Data Center Technician, DCC Communities","Amazon.com","Washington, DC","","$27 - $48 (hourly)",jobspy_indeed,https://www.indeed.com/viewjob?jk=b7c0b249b06d090b,"","2026-04-08"
0,"","Global Benefits Specialist","Palantir Technologies","Washington, DC","","$75,000 - $103,000 (yearly)",jobspy_indeed,https://www.indeed.com/viewjob?jk=f431ff62e4c848f8,"","2026-04-08"
0,"","Specialist, Explorer Capacity Development","National Geographic","Washington, DC","","$72,200 - $76,000 (yearly)",jobspy_indeed,https://www.indeed.com/viewjob?jk=8a350600dfcc76d0,"","2026-04-08"
0,"","Senior Software Engineer, .NET","GeneDx","Washington, DC","","$165,000 - $175,000 (yearly)",jobspy_indeed,https://www.indeed.com/viewjob?jk=fe4520c309c966f2,"","2026-04-08"
0,"","Cyber Incident Responder (LEAD) - SOC - TS/SCI with Polygraph","General Dynamics Information Technology","Washington, DC","","$170,000 - $230,000 (yearly)",jobspy_indeed,https://www.indeed.com/viewjob?jk=c033a5fbf417c207,"","2026-04-08"
0,"","Security Officer Part Time - Overnights","Allied Universal","Washington, DC","","",jobspy_indeed,https://www.indeed.com/viewjob?jk=cc2e425222b0b8b8,"","2026-04-08"
0,"","Vascular Therapy Development Specialist - DC/Balitmore","Medtronic","Washington, DC","","$110,000 - $120,000 (yearly)",jobspy_indeed,https://www.indeed.com/viewjob?jk=581cb3e8a6116ba8,"","2026-04-08"
0,"","Specialist","BCS Allegient","Washington, DC","","",jobspy_indeed,https://www.indeed.com/viewjob?jk=9b3ade0e9724c9c5,"","2026-04-08"
0,"","Sales - Wireless Specialist - Alexandria VA","Russell Cellular","Washington, DC","","$15 - $20 (hourly)",jobspy_indeed,https://www.indeed.com/viewjob?jk=38f63a55d5c3d8d5,"","2026-04-08"
0,"","Administrative Assistant I (FCPS Internal Candidates)","Fairfax County Public Schools","Washington, DC","","$51,614 - $87,126 (yearly)",jobspy_indeed,https://www.indeed.com/viewjob?jk=3b2135cc26a68754,"","2026-04-08"
0,"","Software Development Manager, AWS Specialist Engineering","Amazon Web Services","Washington, DC","","$184,900 - $250,200 (yearly)",jobspy_indeed,https://www.indeed.com/viewjob?jk=2b30f013ea7a58c1,"","2026-04-07"
0,"","Data Enablement Specialist","Vetegrity","Washington, DC","","",jobspy_indeed,https://www.indeed.com/viewjob?jk=ef8e4de009a737ee,"","2026-04-07"
0,"","Controls Technician, Data Center Capacity Delivery","Amazon.com","Washington, DC","","$32 - $57 (hourly)",jobspy_indeed,https://www.indeed.com/viewjob?jk=3bc4219b297710ce,"","2026-03-13"
0,"","University of Maryland, College Park – Univ of MD Extension – Extension Specialist, 4-H Youth Development","nan","Washington, DC","","$64,763 - $74,763 (yearly)",jobspy_indeed,https://www.indeed.com/viewjob?jk=2641174c9e75344c,"","2026-04-03"
0,"","MES Support Specialist","JC Automation","United States","","$30 - $40 (hourly)",jobspy_indeed,https://www.indeed.com/viewjob?jk=dc64a195fad05fe9,"","2026-04-09"
0,"","Certified Peer Support Specialist: PORT (Night Shift)","Burke County Government","United States","","$18 - $22 (hourly)",jobspy_indeed,https://www.indeed.com/viewjob?jk=9d977f2cf7a2d053,"","2026-04-09"
0,"","Senior Specialist, Corporate Strategy","Scout Motors","United States","","$130,000 - $160,000 (yearly)",jobspy_indeed,https://www.indeed.com/viewjob?jk=d8d26e17bce91af4,"","2026-04-09"
0,"","Automotive Sales - Opportunity to Change Your Life","nan","United States","","$48,000 - $120,000 (yearly)",jobspy_indeed,https://www.indeed.com/viewjob?jk=a70b675f10c6df98,"","2026-04-09"
0,"","Front Desk Receptionist","Cosmetic Physician Partners","United States","","",jobspy_indeed,https://www.indeed.com/viewjob?jk=db54398ede21db04,"","2026-04-09"
0,"","Detail Specialist","U-Haul","United States","","$19 - $21 (hourly)",jobspy_indeed,https://www.indeed.com/viewjob?jk=235ebbbbb7dc7590,"","2026-04-09"
0,"","Member Specialist","Ace Pickleball Club","United States","","",jobspy_indeed,https://www.indeed.com/viewjob?jk=4418c72635a9aee0,"","2026-04-09"
0,"","Manual Mill Machinist","Amatrol","United States","","$23 - $25 (hourly)",jobspy_indeed,https://www.indeed.com/viewjob?jk=d6034f50cc6e1933,"","2026-04-09"
0,"","Social Media and Event Coordinator","RentVision","United States","","",jobspy_indeed,https://www.indeed.com/viewjob?jk=942c5750c1be7077,"","2026-04-09"
0,"","Inside Sales Specialist","HM Cragg","United States","","$75,000 - $95,000 (yearly)",jobspy_indeed,https://www.indeed.com/viewjob?jk=d081daf7dd57799b,"","2026-04-09"
0,"","Execution Specialist","General Dynamics Information Technology","United States","","$127,500 - $172,500 (yearly)",jobspy_indeed,https://www.indeed.com/viewjob?jk=72e1db5481701168,"","2026-04-09"
0,"","Collective Staff Trainer (MET) (MEL4)","General Dynamics Information Technology","United States","","$85,093 - $109,250 (yearly)",jobspy_indeed,https://www.indeed.com/viewjob?jk=6b07255f1e5b21be,"","2026-04-09"
0,"","JMSC-IP Logistics Specialist – Secret Clearance Required","General Dynamics Information Technology","United States","","$61,402 - $70,611 (yearly)",jobspy_indeed,https://www.indeed.com/viewjob?jk=2a861ad86b44cd4e,"","2026-04-09"
0,"","IT Specialist","RecSol Recovery Solutions","United States","","$23 - $24 (hourly)",jobspy_indeed,https://www.indeed.com/viewjob?jk=e2e0925070e11b6e,"","2026-04-09"
0,"","Integrated Security Specialist","Penn State University","United States","","$86,300 - $129,500 (yearly)",jobspy_indeed,https://www.indeed.com/viewjob?jk=36d8f67c5a0b7bdf,"","2026-04-09"
0,"","Safety Specialist","State of Kansas","United States","","",jobspy_indeed,https://www.indeed.com/viewjob?jk=13d8ddbfb1186268,"","2026-04-09"
0,"","Standardarized Patient and Simulation Director","Drexel University","United States","","",jobspy_indeed,https://www.indeed.com/viewjob?jk=e92e8fcaf64af786,"","2026-04-09"
0,"","Environmental Protection Specialist - Environment, Product, & Consumer Safety Specialist","State of Oregon","United States","","$88,104 - $92,508 (yearly)",jobspy_indeed,https://www.indeed.com/viewjob?jk=f16b2d3693485e89,"","2026-04-08"
0,"","Vice President, Health Plan and Channel Engagement Growth","Progyny","Remote","","$175,000 - $200,000 (yearly)",jobspy_indeed,https://www.indeed.com/viewjob?jk=33f52aae3b275903,"","2026-04-08"
0,"","Provider Enrollment Specialist- Payer Experience","Netsmart Technologies","Remote","","",jobspy_indeed,https://www.indeed.com/viewjob?jk=d042f502550d6ec2,"","2026-04-08"
0,"","Service Desk Coordinator","Network Coverage","Remote","","$50,000 - $75,000 (yearly)",jobspy_indeed,https://www.indeed.com/viewjob?jk=4ec29d7fb3be59e5,"","2026-04-08"
0,"","Payroll Specialist","Ahead","Remote","","$70,000 - $90,000 (yearly)",jobspy_indeed,https://www.indeed.com/viewjob?jk=0246aacd5e23de4e,"","2026-04-08"
0,"","Marketing Events Specialist","Liaison Creative + Marketing","Remote","","",jobspy_indeed,https://www.indeed.com/viewjob?jk=3ae41c7f99ec725f,"","2026-04-08"
0,"","Care Specialist I (Reno NV / Remote)","Freedom Care","Remote","","$18 - $22 (hourly)",jobspy_indeed,https://www.indeed.com/viewjob?jk=68fe996bf6315fe9,"","2026-04-08"
0,"","North America Agriculture Project & Contracts Specialist","The Nature Conservancy","Remote","","$50,000 - $72,000 (yearly)",jobspy_indeed,https://www.indeed.com/viewjob?jk=8ffe05cabee490cb,"","2026-04-08"
0,"","Upmarket Solutions Engineer, Zoom Phone","Zoom Communications","Remote","","$146,000 - $319,400 (yearly)",jobspy_indeed,https://www.indeed.com/viewjob?jk=149fe09cd5a9d5a6,"","2026-04-08"
0,"","Social Media Specialist","Trillium Health Resources","Remote","","$54,106 - $67,210 (yearly)",jobspy_indeed,https://www.indeed.com/viewjob?jk=13a8724e6452a659,"","2026-04-08"
0,"","Sales Marketing Specialist","World Wide Technology","Remote","","$54,800 - $68,500 (yearly)",jobspy_indeed,https://www.indeed.com/viewjob?jk=bf455b48d44877e9,"","2026-04-08"
0,"","Fast Track Specialist","Human Interest","Remote","","$65,000 - $70,000 (yearly)",jobspy_indeed,https://www.indeed.com/viewjob?jk=e4cbabbfb640fbd1,"","2026-04-08"
0,"","Sr. Specialist, Learning Shared Services","American College of Rheumatology","Remote","","",jobspy_indeed,https://www.indeed.com/viewjob?jk=f1a45ebf7e91e30e,"","2026-04-08"
0,"","M365 Sales Engineer","Nerdio","Remote","","$120,000 - $135,000 (yearly)",jobspy_indeed,https://www.indeed.com/viewjob?jk=a9f81a7c65866958,"","2026-04-08"
0,"","Marketing Specialist","MagiCAD Group Oy","Remote","","",jobspy_indeed,https://www.indeed.com/viewjob?jk=0ce5c64a9bd33f10,"","2026-04-08"
0,"","HR Onboarding Manager","InnovAge","Remote","","$64,500 - $80,700 (yearly)",jobspy_indeed,https://www.indeed.com/viewjob?jk=1618b3e4b8a77e24,"","2026-04-07"
0,"","Sr Product Manager (Interventional GI & Accessories)","FujiFilm","Remote","","",jobspy_indeed,https://www.indeed.com/viewjob?jk=9e72e75bb7cf8586,"","2026-04-07"
0,"","Director of Operations","Revoice","Remote","","$90,000 - $100,000 (yearly)",jobspy_indeed,https://www.indeed.com/viewjob?jk=24a07357ae057887,"","2026-04-07"
0,"","Senior Communications Specialist","Nerdio","Remote","","$90,000 - $110,000 (yearly)",jobspy_indeed,https://www.indeed.com/viewjob?jk=a61f684887704f2b,"","2026-04-07"
0,"","Senior Customer Advocacy Specialist","Nerdio","Remote","","$90,000 - $110,000 (yearly)",jobspy_indeed,https://www.indeed.com/viewjob?jk=33eb70182cf9b3b1,"","2026-04-07"
0,"","Senior Video & Social Specialist","Nerdio","Remote","","$90,000 - $110,000 (yearly)",jobspy_indeed,https://www.indeed.com/viewjob?jk=92738aa12054f9ea,"","2026-04-07"
0,"","Senior Manager, HR Systems","GOAT Group","Remote","","$116,960 - $171,800 (yearly)",jobspy_indeed,https://www.indeed.com/viewjob?jk=5b50f43653e41e4a,"","2026-04-07"
0,"","Implementation Specialist","Ylopo","Remote","","$70,000 - $75,000 (yearly)",jobspy_indeed,https://www.indeed.com/viewjob?jk=6c482371b208aee9,"","2026-04-07"
0,"","Screening Sales Representative - Oklahoma City, OK","Exact Sciences","Remote","","$81,000 - $121,000 (yearly)",jobspy_indeed,https://www.indeed.com/viewjob?jk=df427d3e39c114ad,"","2026-04-05"
0,"","Product Documentation & Analytics Specialist","Censis","Remote","","$61,500 - $102,700 (yearly)",jobspy_indeed,https://www.indeed.com/viewjob?jk=5d345c01bf6f66a4,"","2026-04-02"
0,"","Junior Interior Designer","Ember & Brune Design Build","Chicago, Illinois","","",jobspy_indeed,https://www.indeed.com/viewjob?jk=956eb49d69008f72,"","2026-04-08"
0,"","Electrical Designer","Middough","Chicago, Illinois","","$24 - $50 (hourly)",jobspy_indeed,https://www.indeed.com/viewjob?jk=4a0792b4962ab6f0,"","2026-04-07"
0,"","Design & Sales Expert","Crate and Barrel","Chicago, Illinois","","$15 - $36 (hourly)",jobspy_indeed,https://www.indeed.com/viewjob?jk=dcd27139db1e5673,"","2026-04-07"
0,"","Lead Substation Physical Designer","GAI Consultants","Chicago, Illinois","","",jobspy_indeed,https://www.indeed.com/viewjob?jk=f28d5ff19e970bbc,"","2026-04-06"
0,"","Project Engineer, Highway","GFT","Chicago, Illinois","","$100,000 - $130,000 (yearly)",jobspy_indeed,https://www.indeed.com/viewjob?jk=2f8c1036561920cb,"","2026-04-02"
0,"","Credit and Collections Specialist","Visual Comfort & Co","Chicago, Illinois","","$25 - $26 (hourly)",jobspy_indeed,https://www.indeed.com/viewjob?jk=82382dafd02da616,"","2026-04-02"
0,"","Design Engineer","HNTB Corporation","Chicago, Illinois","","$110,384 - $215,816 (yearly)",jobspy_indeed,https://www.indeed.com/viewjob?jk=cc1a765e3da2f8b6,"","2026-04-02"
0,"","Project Engineer - Electrical","Michael Baker International","New York, New York","","$110,000 - $150,000 (yearly)",jobspy_indeed,https://www.indeed.com/viewjob?jk=7e2e7a77ccb5fd96,"","2026-04-08"
0,"","Lighting Designer I","HDR","New York, New York","","$22 - $36 (hourly)",jobspy_indeed,https://www.indeed.com/viewjob?jk=1edd9861a2ea7448,"","2026-04-08"
0,"","Graphic Designer/Video Editor","Y LIFT","New York, New York","","",jobspy_indeed,https://www.indeed.com/viewjob?jk=25ea48d8f34aa78f,"","2026-04-08"
0,"","Senior Civil Roadway Project Manager","AKRF, Inc.","New York, New York","","$135,000 - $180,000 (yearly)",jobspy_indeed,https://www.indeed.com/viewjob?jk=be89d5a7ec0ae0de,"","2026-04-08"
0,"","Lead Electrical Engineer","EG&R Engineering PC","New York, New York","","$85,000 - $135,000 (yearly)",jobspy_indeed,https://www.indeed.com/viewjob?jk=aa1ae6fdd66fe950,"","2026-04-08"
0,"","Electrical Engineer - Substation","EG&R Engineering PC","New York, New York","","$70,000 - $100,000 (yearly)",jobspy_indeed,https://www.indeed.com/viewjob?jk=bd86eb9bcb77dbdd,"","2026-04-08"
0,"","Technical Director","Soho Playhouse","New York, New York","","$30 - $35 (hourly)",jobspy_indeed,https://www.indeed.com/viewjob?jk=668841d670f9bb46,"","2026-04-08"
0,"","Dir of Technical Theater, Production & Venues","Dwight-Englewood School","New York, New York","","$70,000 - $110,000 (yearly)",jobspy_indeed,https://www.indeed.com/viewjob?jk=8d0504fe39756078,"","2026-04-07"
0,"","Sustainability Strategist","Gensler","New York, New York","","$118,227 - $118,500 (yearly)",jobspy_indeed,https://www.indeed.com/viewjob?jk=537252524436aced,"","2026-04-07"
0,"","Curator/Art Gallery Manager","City University of New York","New York, New York","","",jobspy_indeed,https://www.indeed.com/viewjob?jk=9fa382ae35a0ffbc,"","2026-04-06"
0,"","Senior Stationary Engineer (Temporary to Permanent)","City University of New York","New York, New York","","",jobspy_indeed,https://www.indeed.com/viewjob?jk=435992a20e1569f6,"","2026-04-06"
0,"","Technical Director and Production Manager","The Chapin School","New York, New York","","$65,000 - $75,000 (yearly)",jobspy_indeed,https://www.indeed.com/viewjob?jk=2eff37f833c6a1d2,"","2026-04-06"
0,"","Landscape Architect","Vesper Real Estate Group","New York, New York","","",jobspy_indeed,https://www.indeed.com/viewjob?jk=e3d81125d7d86442,"","2026-04-06"
0,"","Client & Project Coordinator","Harmony Design Group","New York, New York","","$24 - $28 (hourly)",jobspy_indeed,https://www.indeed.com/viewjob?jk=b5aa07cfe0f51664,"","2026-04-06"
0,"","Art Handler","Eden Fine Art","New York, New York","","",jobspy_indeed,https://www.indeed.com/viewjob?jk=ac6688a30e553369,"","2026-04-05"
0,"","Graphic Design Director","Nexteppe Business Solutions","New York, New York","","$70,000 - $100,000 (yearly)",jobspy_indeed,https://www.indeed.com/viewjob?jk=babdd59a2b819673,"","2026-04-03"
0,"","Project Designer I - Electrical Engineering (New York)","PVE, LLC","New York, New York","","$70,000 - $80,000 (yearly)",jobspy_indeed,https://www.indeed.com/viewjob?jk=7967baf16f11ed53,"","2026-04-03"
0,"","Civil Project Engineer","AKRF, Inc.","New York, New York","","$85,000 - $110,000 (yearly)",jobspy_indeed,https://www.indeed.com/viewjob?jk=39a564c9c6c114ae,"","2026-04-02"
0,"","Senior Software Engineer","Crestron Electronics","New York, New York","","$103,000 - $166,500 (yearly)",jobspy_indeed,https://www.indeed.com/viewjob?jk=becfd1d92ace3678,"","2026-04-02"
0,"","AV Integration Rack Builder","AUDIOCOM","New York, New York","","$24 - $30 (hourly)",jobspy_indeed,https://www.indeed.com/viewjob?jk=bbeadbefb84b97cc,"","2026-04-02"
0,"","Engineering Team Lead","Rosendin Electric","San Francisco, California","","$147,200 - $193,200 (yearly)",jobspy_indeed,https://www.indeed.com/viewjob?jk=95c974dd3bd1c849,"","2026-04-08"
0,"","Lighting Designer - San Francisco, CA","Tetra Tech","San Francisco, California","","$75,000 - $90,000 (yearly)",jobspy_indeed,https://www.indeed.com/viewjob?jk=5f9fac5664745e45,"","2026-04-09"
0,"","Electrical Engineer – Transmission and Distribution","Hargrove Engineers + Constructors","San Francisco, California","","$180,000 - $215,000 (yearly)",jobspy_indeed,https://www.indeed.com/viewjob?jk=2fd541d486cb50a0,"","2026-04-08"
0,"","Instrumentation Engineer","Hargrove Engineers + Constructors","San Francisco, California","","$37 - $47 (hourly)",jobspy_indeed,https://www.indeed.com/viewjob?jk=7bc7b05db9bc472e,"","2026-04-08"
0,"","Electrical Engineer Intern/Co-op Summer 2026","CMTA Consulting Engineers","San Francisco, California","","$25 - $28 (hourly)",jobspy_indeed,https://www.indeed.com/viewjob?jk=b82597a0ddf15b27,"","2026-04-08"
0,"","Electrical Engineer Intern/Co-op Summer 2026","Legence","San Francisco, California","","$25 - $28 (hourly)",jobspy_indeed,https://www.indeed.com/viewjob?jk=920a53c702e57004,"","2026-04-08"
0,"","Showroom Sales Consultant","Ferguson","San Francisco, California","","$80,000 - $130,000 (yearly)",jobspy_indeed,https://www.indeed.com/viewjob?jk=3040e62af88c6d43,"","2026-04-07"
0,"","Electrical Engineer III","Rosendin Electric","San Francisco, California","","$128,000 - $167,900 (yearly)",jobspy_indeed,https://www.indeed.com/viewjob?jk=58d59062d06f2b69,"","2026-04-07"
0,"","Engineer III","Rosendin Electric","San Francisco, California","","",jobspy_indeed,https://www.indeed.com/viewjob?jk=2775be90966f3ee5,"","2026-04-06"
0,"","Rendering Engineer, Infotainment, Vehicle Software","Tesla","San Francisco, California","","$120,000 - $396,000 (yearly)",jobspy_indeed,https://www.indeed.com/viewjob?jk=ce328c71ddca5f71,"","2026-04-03"
0,"","Internship, Electrical Design Engineer, Vehicle Engineering (Fall 2026)","Tesla","San Francisco, California","","$20 - $50 (hourly)",jobspy_indeed,https://www.indeed.com/viewjob?jk=7103d6a8db2d2550,"","2026-04-02"
0,"","Internship, Automotive Photographer, Design Studio (Fall 2026)","Tesla","San Francisco, California","","$20 - $50 (hourly)",jobspy_indeed,https://www.indeed.com/viewjob?jk=d73edfbafcc564a0,"","2026-04-02"
0,"","Outside Sales - Luxury Residential Technology","WAVE Designs, Inc.","Seattle, Washington","","$110,000 - $190,000 (yearly)",jobspy_indeed,https://www.indeed.com/viewjob?jk=09c57daa929a0a1c,"","2026-04-08"
0,"","Kitchen and bathroom designer","nan","Seattle, Washington","","$48,406 - $58,295 (yearly)",jobspy_indeed,https://www.indeed.com/viewjob?jk=854b0c5022593d99,"","2026-04-07"
0,"","Senior Concept Artist - Halo Studios","Microsoft","Seattle, Washington","","$119,800 - $258,000 (yearly)",jobspy_indeed,https://www.indeed.com/viewjob?jk=a52d5d280d2e4bfd,"","2026-04-03"
0,"","Senior Software Engineer - Backend","Microsoft","Seattle, Washington","","$119,800 - $258,000 (yearly)",jobspy_indeed,https://www.indeed.com/viewjob?jk=a3f409d28145a358,"","2026-04-03"
0,"","Manager of Electrical Engineering","Howard Stein Hudson","Boston, Massachusetts","","$111,000 - $133,000 (yearly)",jobspy_indeed,https://www.indeed.com/viewjob?jk=3b46774c68f52e7a,"","2026-04-09"
0,"","Spring/Summer 2026 - Co-Op/Intern Opportunity","Electrical Supply Center","Boston, Massachusetts","","",jobspy_indeed,https://www.indeed.com/viewjob?jk=1e65b3565a3b9218,"","2026-04-08"
0,"","3D Visualization Specialist - Visual Assessment","Stantec","Boston, Massachusetts","","$77,400 - $112,200 (yearly)",jobspy_indeed,https://www.indeed.com/viewjob?jk=f72d3dda162e5c05,"","2026-04-07"
0,"","Showroom Manager","Visual Comfort & Co","Boston, Massachusetts","","$110,000 - $116,000 (yearly)",jobspy_indeed,https://www.indeed.com/viewjob?jk=dbff1ec47780ff95,"","2026-04-07"
0,"","Senior MEP Electrical Engineer","Vallum Associate","Boston, Massachusetts","","$150,595 - $170,717 (yearly)",jobspy_indeed,https://www.indeed.com/viewjob?jk=b9156cb873b8dc7a,"","2026-04-07"
0,"","Senior Electrical Engineer","Genesis AEC","Boston, Massachusetts","","",jobspy_indeed,https://www.indeed.com/viewjob?jk=08818b99b503799a,"","2026-04-06"
0,"","Designer, Lead (Accessories & Apparel)","Whoop","Boston, Massachusetts","","$100,000 - $150,000 (yearly)",jobspy_indeed,https://www.indeed.com/viewjob?jk=8797741c74b89c93,"","2026-04-02"
0,"","Project Manager (Lighting)","Colour Sound Experiment Ltd","Los Angeles, California","","$80,000 - $100,000 (yearly)",jobspy_indeed,https://www.indeed.com/viewjob?jk=419aa5f2b78bc28f,"","2026-04-09"
0,"","Senior Sales Director","Quintus","Los Angeles, California","","$125,000 - $175,000 (yearly)",jobspy_indeed,https://www.indeed.com/viewjob?jk=2adbcd540f3010dd,"","2026-04-09"
0,"","Lighting Designer - Los Angeles, CA","Tetra Tech","Los Angeles, California","","$75,000 - $90,000 (yearly)",jobspy_indeed,https://www.indeed.com/viewjob?jk=98d8ed7651b84ab0,"","2026-04-09"
0,"","CAD / Architectural Design Assistant","nan","Los Angeles, California","","$55,000 - $80,000 (yearly)",jobspy_indeed,https://www.indeed.com/viewjob?jk=ca895710560d2d56,"","2026-04-09"
0,"","Equipment Operator (Cherry Picker)","Ardmore Home Design","Los Angeles, California","","$18 - $19 (hourly)",jobspy_indeed,https://www.indeed.com/viewjob?jk=47c822125ca47ee9,"","2026-04-09"
0,"","Interior Design Assistant","nan","Los Angeles, California","","",jobspy_indeed,https://www.indeed.com/viewjob?jk=30f78dfb6a1bc007,"","2026-04-08"
0,"","Registered Veterinary Technician","nan","Los Angeles, California","","",jobspy_indeed,https://www.indeed.com/viewjob?jk=c91488ce003f15c9,"","2026-04-07"
0,"","HVAC Master Technician - Comfort Advisor","nan","Los Angeles, California","","",jobspy_indeed,https://www.indeed.com/viewjob?jk=cddceb5d9b47b4d9,"","2026-02-15"
0,"","LN Concerts, Project Director","Live Nation","Los Angeles, California","","$108,000 - $135,000 (yearly)",jobspy_indeed,https://www.indeed.com/viewjob?jk=58f708079f8bbf7f,"","2026-04-08"
0,"","VISUAL DESIGNER & MARKETING SUPPORT for Lighting Manufacturer","Targetti USA, Inc.","Los Angeles, California","","$50,000 - $60,000 (yearly)",jobspy_indeed,https://www.indeed.com/viewjob?jk=f2ea3be30a1d3f8f,"","2026-04-08"
0,"","Senior Industrial Designer","Anduril","Los Angeles, California","","$166,000 - $220,000 (yearly)",jobspy_indeed,https://www.indeed.com/viewjob?jk=59874eb0165f694b,"","2026-04-08"
0,"","Rendering Software Engineer - (Apex legends)","Electronic Arts","Los Angeles, California","","$138,400 - $211,700 (yearly)",jobspy_indeed,https://www.indeed.com/viewjob?jk=762c7040f90109d4,"","2026-04-08"
0,"","Interior Design Assistant","Grant Mill Healthcare Solutions","Los Angeles, California","","$65,000 - $80,000 (yearly)",jobspy_indeed,https://www.indeed.com/viewjob?jk=648dc31a241f2d75,"","2026-04-08"
0,"","Junior Interior Designer","Grant Mill Healthcare Solutions","Los Angeles, California","","$50,000 - $62,000 (yearly)",jobspy_indeed,https://www.indeed.com/viewjob?jk=8607c59fe50f37a1,"","2026-04-08"
0,"","Senior Interior Designer","Grant Mill Healthcare Solutions","Los Angeles, California","","$90,000 - $110,000 (yearly)",jobspy_indeed,https://www.indeed.com/viewjob?jk=963429515d79cb45,"","2026-04-08"
0,"","TRANSPORTATION ENGINEER (CIVIL)","California State Personnel Board","Los Angeles, California","","$6,488 - $12,152 (monthly)",jobspy_indeed,https://www.indeed.com/viewjob?jk=018ff1a27cc3a80b,"","2026-04-08"
0,"","Turndown Attendant","Four Seasons","Los Angeles, California","","$25 - $32 (hourly)",jobspy_indeed,https://www.indeed.com/viewjob?jk=9a6c144a94e3bba7,"","2026-04-07"
0,"","Associate Costume Designer","Skydance Media","Los Angeles, California","","$67 - $75 (hourly)",jobspy_indeed,https://www.indeed.com/viewjob?jk=af7267e9b8650658,"","2026-04-07"
0,"","Production Director","Los Angeles Jazz Festival","Los Angeles, California","","",jobspy_indeed,https://www.indeed.com/viewjob?jk=5e926ab4883fcdd0,"","2026-04-07"
0,"","WDI Show Lighting Design Intern, Summer/Fall 2026","Disney Parks, Experiences and Products","Los Angeles, California","","",jobspy_indeed,https://www.indeed.com/viewjob?jk=fde27ede8e3ecf15,"","2026-04-07"
0,"","WDI Show Lighting Design Intern, Summer/Fall 2026","The Walt Disney Company","Los Angeles, California","","$26 - $27 (hourly)",jobspy_indeed,https://www.indeed.com/viewjob?jk=1ef25bdc0fa990c2,"","2026-04-07"
0,"","Engineer I","Rosendin Electric","Los Angeles, California","","$75,000 - $98,400 (yearly)",jobspy_indeed,https://www.indeed.com/viewjob?jk=fce3701a11ecbdb0,"","2026-04-06"
0,"","Graphic Design Intern — Marketing & Product Catalog Designer","Pulsar Products","Los Angeles, California","","$16 - $17 (hourly)",jobspy_indeed,https://www.indeed.com/viewjob?jk=6ad939404b50dcf3,"","2026-04-07"
0,"","Internship, Designer, Unreal CG, Design Studio (Fall 2026)","Tesla","Los Angeles, California","","$20 - $50 (hourly)",jobspy_indeed,https://www.indeed.com/viewjob?jk=1c7d43f894a279da,"","2026-04-02"
0,"","Photographer","Pantheon Data","Washington, DC","","$60,000 - $87,000 (yearly)",jobspy_indeed,https://www.indeed.com/viewjob?jk=aa190ce5312ba770,"","2026-04-09"
0,"","Lighting Designer/Engineer Intern/Co-op Summer 2026 - CMTA","CMTA Consulting Engineers","Washington, DC","","",jobspy_indeed,https://www.indeed.com/viewjob?jk=24e03edd12a55318,"","2026-04-09"
0,"","Lighting Designer/Engineer Intern/Co-op Summer 2026 - CMTA","Legence","Washington, DC","","",jobspy_indeed,https://www.indeed.com/viewjob?jk=3105fcf14eab828e,"","2026-04-09"
0,"","Data Centers - Electrical Designers & Electrical Engineers","Henderson Engineers","Washington, DC","","",jobspy_indeed,https://www.indeed.com/viewjob?jk=ba1e767429d11bc2,"","2026-04-08"
0,"","Civil Engineer II","Johnson, Mirmiran & Thompson","Washington, DC","","",jobspy_indeed,https://www.indeed.com/viewjob?jk=546a1396d09d8321,"","2026-04-08"
0,"","Civil Engineer II","Clark Nexsen, a JMT Company","Washington, DC","","",jobspy_indeed,https://www.indeed.com/viewjob?jk=20e1f6d305f37440,"","2026-04-08"
0,"","Designer","Crate and Barrel","Washington, DC","","$16 - $36 (hourly)",jobspy_indeed,https://www.indeed.com/viewjob?jk=36330c47d6ab80d8,"","2026-04-07"
0,"","T1 Writer-Producer","TVOne","Washington, DC","","$108,000 - $110,000 (yearly)",jobspy_indeed,https://www.indeed.com/viewjob?jk=7f9bb920d69c8448,"","2026-04-07"
0,"","Electrical Engineer","OTJ Architects","Washington, DC","","$90,000 - $110,000 (yearly)",jobspy_indeed,https://www.indeed.com/viewjob?jk=20f446376e95f691,"","2026-04-07"
0,"","T1 Writer-Producer","Radio One","Washington, DC","","$108,000 - $110,000 (yearly)",jobspy_indeed,https://www.indeed.com/viewjob?jk=caff9247c19c97f3,"","2026-04-07"
0,"","BAS/Controls Programmer","Smart Building Technologies","Washington, DC","","$40 - $55 (hourly)",jobspy_indeed,https://www.indeed.com/viewjob?jk=305627887ec204ca,"","2026-04-07"
0,"","Interior Designer - Entry to Mid Level (Maryland)","nan","Washington, DC","","$57,736 - $133,142 (yearly)",jobspy_indeed,https://www.indeed.com/viewjob?jk=82d3524528eaa79c,"","2026-04-07"
0,"","Project Controls Intern","Johnson, Mirmiran & Thompson","Washington, DC","","$21 - $26 (hourly)",jobspy_indeed,https://www.indeed.com/viewjob?jk=5bff45c9920429dd,"","2026-04-07"
0,"","Interior Designer Intern","Johnson, Mirmiran & Thompson","Washington, DC","","$21 - $26 (hourly)",jobspy_indeed,https://www.indeed.com/viewjob?jk=d0055e00bf58be1b,"","2026-04-07"
0,"","Virtual Production Studio Analyst","Accenture","Washington, DC","","",jobspy_indeed,https://www.indeed.com/viewjob?jk=3bb9fd6016ffffc0,"","2026-04-06"
0,"","Virtual Production Studio Analyst","Logic, Inc.","Washington, DC","","",jobspy_indeed,https://www.indeed.com/viewjob?jk=e686dd4c1c5b5e54,"","2026-04-06"
0,"","Interior Designer","National Security Agency","Washington, DC","","$57,736 - $133,142 (yearly)",jobspy_indeed,https://www.indeed.com/viewjob?jk=4a3f52c399dd863a,"","2026-04-06"
0,"","Energy - Designer IV","KCI Technologies","Washington, DC","","$35 - $40 (hourly)",jobspy_indeed,https://www.indeed.com/viewjob?jk=48e06b64f12337f1,"","2026-04-03"
0,"","Kitchen Cabinet Designer","Washington Cabinetry","Washington, DC","","$37,440 - $68,000 (yearly)",jobspy_indeed,https://www.indeed.com/viewjob?jk=44dc04f916bf9a88,"","2026-04-03"
0,"","Design Sales Consultant – Owings Mills Showroom","Mosaic Inc","Washington, DC","","",jobspy_indeed,https://www.indeed.com/viewjob?jk=3073014d7ea54c19,"","2026-04-03"
0,"","H&M Visual Merchandiser Fair Oaks Mall, VA","H&M","Washington, DC","","$17 - $20 (hourly)",jobspy_indeed,https://www.indeed.com/viewjob?jk=65e9fdd21b2de7ab,"","2026-04-03"
0,"","Lighting Designer","Bkv Group","Washington, DC","","$90,000 - $120,000 (yearly)",jobspy_indeed,https://www.indeed.com/viewjob?jk=a28f9e66c2cf2dd7,"","2026-04-03"
0,"","Architecture Higher Education Leader","Johnson, Mirmiran & Thompson","Washington, DC","","$160,000 - $220,000 (yearly)",jobspy_indeed,https://www.indeed.com/viewjob?jk=1758a27f703182ed,"","2026-04-03"
0,"","Electrical Engineering Manager / Richmond","Gaylor Electric","Washington, DC","","",jobspy_indeed,https://www.indeed.com/viewjob?jk=cb086b6a59aa37a6,"","2026-04-02"
0,"","Kitchen & Bath Project Manager / Designer","Open Concepts Development","United States","","$60,102 - $72,381 (yearly)",jobspy_indeed,https://www.indeed.com/viewjob?jk=ad29b941493ba2ce,"","2026-04-09"
0,"","Electrical Technical Specialist I","Hargrove Engineers + Constructors","United States","","",jobspy_indeed,https://www.indeed.com/viewjob?jk=797577ffcb64e3f7,"","2026-04-09"
0,"","Sr Electrical Designer","Hargrove Engineers + Constructors","United States","","",jobspy_indeed,https://www.indeed.com/viewjob?jk=4bdd27b28b933251,"","2026-04-09"
0,"","Lead Electrical Designer - Oil, Gas, & Chemical (OGC)","Kiewit Corporation","United States","","",jobspy_indeed,https://www.indeed.com/viewjob?jk=09e3cf9ad04c35c1,"","2026-04-09"
0,"","Lighting Specialist","PC Lumber & Hardware","United States","","$22 - $27 (hourly)",jobspy_indeed,https://www.indeed.com/viewjob?jk=4e31779fefc7e4eb,"","2026-04-09"
0,"","Kitchen & Bath Designer (AutoCAD, SketchUp, 2020 Design Preferred)","CQC Home","United States","","$60,000 - $70,000 (yearly)",jobspy_indeed,https://www.indeed.com/viewjob?jk=cc220eaf4fda4c5e,"","2026-04-09"
0,"","Costumer - Disney Cruise Line","Disney Parks, Experiences and Products","United States","","",jobspy_indeed,https://www.indeed.com/viewjob?jk=9b41802242dd019f,"","2026-04-09"
0,"","Lighting Sales / Design Person","Muska Lighting","United States","","$16 - $24 (hourly)",jobspy_indeed,https://www.indeed.com/viewjob?jk=b14335dae90010d2,"","2026-04-09"
0,"","Staff Electrical Engineer (Solar / Energy)","nan","United States","","$75,000 - $92,000 (yearly)",jobspy_indeed,https://www.indeed.com/viewjob?jk=c665023b56064ced,"","2026-04-09"
0,"","Electrical Designer","nan","United States","","$25 - $30 (hourly)",jobspy_indeed,https://www.indeed.com/viewjob?jk=c8d1303ec87d5d44,"","2026-04-09"
0,"","Exhibitions Creative Engineer (Project Based Role)","Meow Wolf","United States","","",jobspy_indeed,https://www.indeed.com/viewjob?jk=b124e0fa64ac76bf,"","2026-04-09"
0,"","Engineering Team Lead","Rosendin Electric","United States","","$147,200 - $193,200 (yearly)",jobspy_indeed,https://www.indeed.com/viewjob?jk=219c83e06d13c37b,"","2026-04-09"
0,"","Senior VR/XR & Computer Vision Software Engineer","IVN","Remote","","$30 - $40 (hourly)",jobspy_indeed,https://www.indeed.com/viewjob?jk=cfe26087c7f2c3c7,"","2026-04-06"
0,"","Trade Show Exhibit Designer","Genesis Exhibits","Remote","","$75,000 - $90,000 (yearly)",jobspy_indeed,https://www.indeed.com/viewjob?jk=cca66b264ff7058c,"","2026-04-02"
0,"","Principal Electrical Designer - Power & Utilities","Parsons","Remote","","$42 - $74 (hourly)",jobspy_indeed,https://www.indeed.com/viewjob?jk=83d96a07663da89e,"","2026-04-02"
0,"","Facility Maintenance","FFE Transportation Services, Inc.","Chicago, Illinois","","",jobspy_indeed,https://www.indeed.com/viewjob?jk=96005b77ec1efe48,"","2026-04-08"
0,"","Maintenance Technician - HMV","VOA Illinois","Chicago, Illinois","","$20 - $24 (hourly)",jobspy_indeed,https://www.indeed.com/viewjob?jk=922d831351550a9f,"","2026-04-08"
0,"","Facilities Technician – Contract - FTECH 26-03136","NavitasPartners","Chicago, Illinois","","",jobspy_indeed,https://www.indeed.com/viewjob?jk=b2b253f814008305,"","2026-04-07"
0,"","(HVAC) Maintenance Technician II -2nd shift- at Evanston Hospital-Endeavor Health-POM","Aramark","Chicago, Illinois","","$25 - $27 (hourly)",jobspy_indeed,https://www.indeed.com/viewjob?jk=1794a67db74d0e78,"","2026-04-06"
0,"","SkillBridge Internship – Field Technician","Siemens","Chicago, Illinois","","",jobspy_indeed,https://www.indeed.com/viewjob?jk=d8f3b9d5a2a423e0,"","2026-04-06"
0,"","Application Support Engineer, EDA Design Tool Infrastructure","Siemens","Chicago, Illinois","","",jobspy_indeed,https://www.indeed.com/viewjob?jk=0a3395fb8973bc87,"","2026-04-07"
0,"","Maintenance Technician","Verdant Specialty Solutions","Chicago, Illinois","","",jobspy_indeed,https://www.indeed.com/viewjob?jk=da7ff6feff375bc8,"","2026-04-06"
0,"","Exterior Lighting Technician","Rays Holiday Lights","Chicago, Illinois","","$18 - $30 (hourly)",jobspy_indeed,https://www.indeed.com/viewjob?jk=66711743dda28bc3,"","2026-04-06"
0,"","Retail Field, POS & Network Technicians","MTI Global Services","Chicago, Illinois","","$19 - $24 (hourly)",jobspy_indeed,https://www.indeed.com/viewjob?jk=79949d11c4cf9352,"","2026-04-05"
0,"","Diesel Mechanic (Mobile Truck Repair – Night Shift)","All Fleet Inc","Chicago, Illinois","","$25 - $50 (hourly)",jobspy_indeed,https://www.indeed.com/viewjob?jk=909762de603262b3,"","2026-04-05"
0,"","Maintenance Technician","Aloft Bolingbrook","Chicago, Illinois","","$20 - $21 (hourly)",jobspy_indeed,https://www.indeed.com/viewjob?jk=e23db8da3f85100f,"","2026-04-03"
0,"","Maintenance Technician IV","HMH","Chicago, Illinois","","$55,000 - $64,000 (yearly)",jobspy_indeed,https://www.indeed.com/viewjob?jk=71016e5ff19b93ca,"","2026-03-28"
0,"","Electrical (IACS) Technician - 2nd Shift","NTN Global","Chicago, Illinois","","",jobspy_indeed,https://www.indeed.com/viewjob?jk=fe2126934285b148,"","2026-03-24"
0,"","Automotive Electronics Technician- 12 volt","Island Tech Services","New York, New York","","$19 - $25 (hourly)",jobspy_indeed,https://www.indeed.com/viewjob?jk=3cd3b87224063f14,"","2026-04-09"
0,"","Building Maintenance","Magellan Aerospace","New York, New York","","$20 - $26 (hourly)",jobspy_indeed,https://www.indeed.com/viewjob?jk=afb3f640ff02f4e6,"","2026-04-08"
0,"","Union Mobile HVAC / Maintenance Technician","JLL","New York, New York","","$110,260 - $110,260 (yearly)",jobspy_indeed,https://www.indeed.com/viewjob?jk=2273d416eed85fd0,"","2026-04-08"
0,"","Automotive Electronics & Accessories Technician","No Reserve Classics/Class 1 Classic Cars","New York, New York","","$25 - $32 (hourly)",jobspy_indeed,https://www.indeed.com/viewjob?jk=c4317aab4acb8415,"","2026-04-08"
0,"","Service Technician","Noble Fueling Solutions","New York, New York","","$32 - $34 (hourly)",jobspy_indeed,https://www.indeed.com/viewjob?jk=04430798d7f36128,"","2026-04-08"
0,"","Automotive Installation Technician","10-75 Emergency Vehicles","New York, New York","","",jobspy_indeed,https://www.indeed.com/viewjob?jk=35776270ed1bc983,"","2026-04-08"
0,"","Engineer","ABM Industries Inc.","New York, New York","","",jobspy_indeed,https://www.indeed.com/viewjob?jk=3ecce1956a5d0c3d,"","2026-04-08"
0,"","Irrigation and Landscape Lighting Service Technician","Garden State Irrigation","New York, New York","","$19 - $30 (hourly)",jobspy_indeed,https://www.indeed.com/viewjob?jk=1ba8d71a3bf27072,"","2026-04-07"
0,"","Irrigation and Lighting Technician","Twin Resources, Inc.","New York, New York","","",jobspy_indeed,https://www.indeed.com/viewjob?jk=9bb3db5d04e8c73e,"","2026-04-07"
0,"","Motorcycle Mechanic","Tribal Iron Customs","New York, New York","","",jobspy_indeed,https://www.indeed.com/viewjob?jk=547b8d06c02d241d,"","2026-04-06"
0,"","Automotive Electronics Installer Experienced (2 Years Min.)","nan","New York, New York","","$25 - $30 (hourly)",jobspy_indeed,https://www.indeed.com/viewjob?jk=97b912e618eb94b9,"","2026-04-06"
0,"","Facilities Manager","DO & CO","New York, New York","","$140,000 - $160,000 (yearly)",jobspy_indeed,https://www.indeed.com/viewjob?jk=b2a3b6df2d47097c,"","2026-04-06"
0,"","Auto Mechanic / Technician","1811 Auto Repair","New York, New York","","$800 - $1,000 (weekly)",jobspy_indeed,https://www.indeed.com/viewjob?jk=c6416627c2fff25b,"","2026-04-06"
0,"","Maintenance & Facilities Technician","Mill River Club","New York, New York","","$19 - $22 (hourly)",jobspy_indeed,https://www.indeed.com/viewjob?jk=a8d6249b256d14cf,"","2026-04-05"
0,"","Full Time Building Maintenance","Hilton Garden Inn Stony Brook","New York, New York","","",jobspy_indeed,https://www.indeed.com/viewjob?jk=e3012f6ebf5a2a88,"","2026-04-05"
0,"","Maintenance Technician","nan","New York, New York","","$15 - $30 (hourly)",jobspy_indeed,https://www.indeed.com/viewjob?jk=5380bdb9fe0b6d7c,"","2026-04-03"
0,"","Equipment Technician - Night Shift","Jack Studios","New York, New York","","$20 - $25 (hourly)",jobspy_indeed,https://www.indeed.com/viewjob?jk=9e211a6a8cf6a82e,"","2026-04-03"
0,"","HVAC/R Technician","7-Eleven","New York, New York","","$26 - $36 (hourly)",jobspy_indeed,https://www.indeed.com/viewjob?jk=144b787be5516d63,"","2026-04-03"
0,"","Police Vehicle emergency equipment Installation Technician","Ferro / Genoa Automotive","San Francisco, California","","$28 - $34 (hourly)",jobspy_indeed,https://www.indeed.com/viewjob?jk=0e039213c8fe9af0,"","2026-04-08"
0,"","STATIONARY ENGINEER","California State Personnel Board","San Francisco, California","","$6,088 - $7,707 (monthly)",jobspy_indeed,https://www.indeed.com/viewjob?jk=8970eafc9887e704,"","2026-04-08"
0,"","Facility Technician - II","Consolidated Cleaning Solutions","San Francisco, California","","$27 - $35 (hourly)",jobspy_indeed,https://www.indeed.com/viewjob?jk=23d9d681a948d261,"","2026-04-08"
0,"","Maintenance Technician","FirstService Residential","San Francisco, California","","$35 - $36 (hourly)",jobspy_indeed,https://www.indeed.com/viewjob?jk=18ff7d466777e921,"","2026-04-07"
0,"","Hotel General Maintenance Technician","Hyatt","San Francisco, California","","",jobspy_indeed,https://www.indeed.com/viewjob?jk=3c209b3b3f8ba89a,"","2026-04-07"
0,"","APARTMENT MAINTENANCE TECHNICIAN-Pittsburg CA","WESTCAL","San Francisco, California","","$22 - $27 (hourly)",jobspy_indeed,https://www.indeed.com/viewjob?jk=b5444406130fc7d1,"","2026-04-07"
0,"","Stagehand/Skilled Labor Technician","STAGE MONKEY RESOURCES INC","San Francisco, California","","$25 - $40 (hourly)",jobspy_indeed,https://www.indeed.com/viewjob?jk=9e84c078cbb2decc,"","2026-04-07"
0,"","Maintenance Technician (Sunset Pines)","MidPen Housing","San Francisco, California","","$22 - $25 (hourly)",jobspy_indeed,https://www.indeed.com/viewjob?jk=0c6a4fc1742617b4,"","2026-04-06"
0,"","Experienced Maintenance Technician for Apartment Community in Pleasant Hill","Sequoia Land Investments","San Francisco, California","","$31 - $34 (hourly)",jobspy_indeed,https://www.indeed.com/viewjob?jk=9ee94504d445dfb2,"","2026-04-06"
0,"","Service Technician Trainee","Leslie's Poolmart","San Francisco, California","","",jobspy_indeed,https://www.indeed.com/viewjob?jk=48cfe1a1a1c6f229,"","2026-04-06"
0,"","Retail Security Display, Point of Sale & Network Technician","MTI Global Services","San Francisco, California","","$22 - $25 (hourly)",jobspy_indeed,https://www.indeed.com/viewjob?jk=96e26f2bfc969d68,"","2026-04-05"
0,"","Commercial Lighting Technician & Journeymen Electrician","Electric Plus Solutions LLC","San Francisco, California","","$28 - $45 (hourly)",jobspy_indeed,https://www.indeed.com/viewjob?jk=82919de608cd7f94,"","2026-04-04"
0,"","Facilities Technician - FTECHVP","NavitasPartners","San Francisco, California","","$28 - $32 (hourly)",jobspy_indeed,https://www.indeed.com/viewjob?jk=081da308a664e1d5,"","2026-04-03"
0,"","Title: On-Site Maintenance Technician - Part Time","HOA Organizers, Inc.","San Francisco, California","","$30 - $35 (hourly)",jobspy_indeed,https://www.indeed.com/viewjob?jk=5414644505b04a67,"","2026-04-03"
0,"","Mobile Maintenance Technician - Oakland","Cushman & Wakefield","San Francisco, California","","$34 - $40 (hourly)",jobspy_indeed,https://www.indeed.com/viewjob?jk=4e226ed325cc9ec9,"","2026-04-03"
0,"","Maintenance Technician - Brisbane, CA","Kinder Morgan","San Francisco, California","","$56 - $72 (hourly)",jobspy_indeed,https://www.indeed.com/viewjob?jk=12bcbaefadb5bb43,"","2026-04-02"
0,"","Two-Way Radio Installer & Vehicle Outfitting Technician","Vision Communications","San Francisco, California","","$24 - $30 (hourly)",jobspy_indeed,https://www.indeed.com/viewjob?jk=ed28c16232b5205e,"","2026-04-02"
0,"","Facilities Technician","YMCA of San Francisco","San Francisco, California","","$23 - $30 (hourly)",jobspy_indeed,https://www.indeed.com/viewjob?jk=a4e9c6654ea4594b,"","2026-03-25"
0,"","Building Maintenance Technician","TSS HVAC Services","Seattle, Washington","","$36 - $38 (hourly)",jobspy_indeed,https://www.indeed.com/viewjob?jk=8c152558bf22a760,"","2026-04-08"
0,"","Maintenance Technician","CenterCal Properties, LLC","Seattle, Washington","","$25 - $28 (hourly)",jobspy_indeed,https://www.indeed.com/viewjob?jk=34fc7810f2022f4a,"","2026-04-08"
0,"","Part-Time Grounds & Maintenance Associate","Arboreal Management","Seattle, Washington","","$23 - $25 (hourly)",jobspy_indeed,https://www.indeed.com/viewjob?jk=ed2497f41dff5286,"","2026-04-07"
0,"","Technical Assistant","Stalker Farms Haunted Attractions","Seattle, Washington","","",jobspy_indeed,https://www.indeed.com/viewjob?jk=4cbb7a51ec934481,"","2026-04-07"
0,"","Commissioning Specialist","McKinstry","Seattle, Washington","","$33 - $52 (hourly)",jobspy_indeed,https://www.indeed.com/viewjob?jk=bc1a42f9cd0c7228,"","2026-04-07"
0,"","SkillBridge Internship – Field Technician","Siemens","Seattle, Washington","","",jobspy_indeed,https://www.indeed.com/viewjob?jk=ebe4868fe4233a2a,"","2026-04-06"
0,"","Facilities Specialist - (Represented IBEW)","Sound Transit","Seattle, Washington","","",jobspy_indeed,https://www.indeed.com/viewjob?jk=1e5ec21046a668c7,"","2026-04-06"
0,"","Facilities Technician","The Evergreen School","Seattle, Washington","","$64,000 - $74,000 (yearly)",jobspy_indeed,https://www.indeed.com/viewjob?jk=257515a1243e3fe5,"","2026-04-04"
0,"","Unit Turn Technician","11 Residential","Seattle, Washington","","$25 - $30 (hourly)",jobspy_indeed,https://www.indeed.com/viewjob?jk=440fc86e074f3620,"","2026-04-03"
0,"","Part-Time Maintenance Technician","Avenue5 Residential","Seattle, Washington","","$23 - $25 (hourly)",jobspy_indeed,https://www.indeed.com/viewjob?jk=9af51ed2de4a120a,"","2026-04-03"
0,"","Property Maintenance Repair Technician 20 hours (Monroe, WA)","Ad-West Realty Services","Seattle, Washington","","$23 - $28 (hourly)",jobspy_indeed,https://www.indeed.com/viewjob?jk=69f849b2496aa495,"","2026-04-03"
0,"","Property Maintenance Repair Technician 40 hours (Issaquah, WA)","Ad-West Realty Services","Seattle, Washington","","$23 - $30 (hourly)",jobspy_indeed,https://www.indeed.com/viewjob?jk=f016e388a2cee9d1,"","2026-04-03"
0,"","Maintenance Technician II","Leviton","Seattle, Washington","","$30 - $40 (hourly)",jobspy_indeed,https://www.indeed.com/viewjob?jk=b5345d2e7ac807da,"","2026-04-02"
0,"","Maintenance Supervisor","Kettle Cuisine","Seattle, Washington","","$80,000 - $90,000 (yearly)",jobspy_indeed,https://www.indeed.com/viewjob?jk=8408fc7f012146b7,"","2026-04-02"
0,"","Automotive Electronics Technician- 12 volt","Island Tech Services","Boston, Massachusetts","","$19 - $25 (hourly)",jobspy_indeed,https://www.indeed.com/viewjob?jk=1a28857f993d16d6,"","2026-04-09"
0,"","Facilities Maintenance Technician","Uline","Boston, Massachusetts","","$29 - $36 (hourly)",jobspy_indeed,https://www.indeed.com/viewjob?jk=bb31825e2fafe09c,"","2026-04-09"
0,"","Manufacturing Technician","nan","Boston, Massachusetts","","$18 - $21 (hourly)",jobspy_indeed,https://www.indeed.com/viewjob?jk=472648a007d40ae4,"","2026-04-09"
0,"","Facilities Technician","JLL","Boston, Massachusetts","","$66,400 - $96,200 (yearly)",jobspy_indeed,https://www.indeed.com/viewjob?jk=aa6fff68b2dbb803,"","2026-04-08"
0,"","Diesel Technician - 2nd Shift","Casella Waste Systems, Inc.","Boston, Massachusetts","","",jobspy_indeed,https://www.indeed.com/viewjob?jk=d89f56036c368f2f,"","2026-04-08"
0,"","Maintenance Technician","FirstService Residential","Boston, Massachusetts","","$28 - $38 (hourly)",jobspy_indeed,https://www.indeed.com/viewjob?jk=6c2dcfcfb7692710,"","2026-04-07"
0,"","Field Technician I","Ainsworth Game Technology","Boston, Massachusetts","","$24 - $27 (hourly)",jobspy_indeed,https://www.indeed.com/viewjob?jk=3c43f8943abbb7ec,"","2026-04-07"
0,"","Store Associate/Device Repair Technician","nan","Boston, Massachusetts","","",jobspy_indeed,https://www.indeed.com/viewjob?jk=c7aa53fbf2d70d38,"","2026-04-07"
0,"","Assembly Supervisor Lead","Day-O-Lite Manufacturing","Boston, Massachusetts","","$1,000 - $1,200 (weekly)",jobspy_indeed,https://www.indeed.com/viewjob?jk=fb980b589ba214c4,"","2026-04-07"
0,"","Production Technician I","Parallel","Boston, Massachusetts","","$15 - $21 (hourly)",jobspy_indeed,https://www.indeed.com/viewjob?jk=afcecac2e322e2ef,"","2026-04-07"
0,"","Hotel Maintenance Technician/Houseperson","True North Hotel Group","Boston, Massachusetts","","$15 - $17 (hourly)",jobspy_indeed,https://www.indeed.com/viewjob?jk=cc331eb0c412ebf5,"","2026-04-06"
0,"","Maintenance and Building Technician","K&M Associates","Boston, Massachusetts","","$46,000 - $48,000 (yearly)",jobspy_indeed,https://www.indeed.com/viewjob?jk=27303a46152b14a4,"","2026-04-06"
0,"","HVAC Technician V","BAE Systems USA","Boston, Massachusetts","","$75,998 - $121,597 (yearly)",jobspy_indeed,https://www.indeed.com/viewjob?jk=3893806519336dd0,"","2026-04-06"
0,"","Maintenance Technician II - 2nd shift","UG2","Boston, Massachusetts","","$43 - $45 (hourly)",jobspy_indeed,https://www.indeed.com/viewjob?jk=9cca45ebb22c1902,"","2026-04-03"
0,"","Fire Extinguisher Technician","Prestige Alarm & Service","Boston, Massachusetts","","$25 - $30 (hourly)",jobspy_indeed,https://www.indeed.com/viewjob?jk=ea449990d583f720,"","2026-04-03"
0,"","EXPERIENCED Irrigation Service Technician","Bourque Bros. Irrigation, Inc.","Boston, Massachusetts","","",jobspy_indeed,https://www.indeed.com/viewjob?jk=a94ba6214a0b908b,"","2026-04-03"
0,"","Maintenance Technician- Multifamily- Watertown, MA","Charlesgate","Boston, Massachusetts","","$26 - $29 (hourly)",jobspy_indeed,https://www.indeed.com/viewjob?jk=72c0b7084ec7f755,"","2026-04-02"
0,"","Facilities Maintenance Team Lead — Food Processing","nan","Boston, Massachusetts","","$32 - $36 (hourly)",jobspy_indeed,https://www.indeed.com/viewjob?jk=4f4d4c0d3308c723,"","2026-04-02"
0,"","Facilities Technician","Zampell","Boston, Massachusetts","","",jobspy_indeed,https://www.indeed.com/viewjob?jk=6e89c6fcab7ccf0e,"","2026-04-02"
0,"","Maintenance Technician","Phoenix Property Management Inc.","Boston, Massachusetts","","$21 - $24 (hourly)",jobspy_indeed,https://www.indeed.com/viewjob?jk=85e7092b6a210f0b,"","2026-04-02"
0,"","Truck Build Technician - New England Wrecker Sales","nan","Boston, Massachusetts","","$25 - $40 (hourly)",jobspy_indeed,https://www.indeed.com/viewjob?jk=9f4515935db91adf,"","2025-12-30"
0,"","HVAC Technician","ABM Industries Inc.","Los Angeles, California","","",jobspy_indeed,https://www.indeed.com/viewjob?jk=5af650d0a3355270,"","2026-04-09"
0,"","Maintenance Technician","Avenue5 Residential","Los Angeles, California","","$25 - $28 (hourly)",jobspy_indeed,https://www.indeed.com/viewjob?jk=6a3264b012c8bc90,"","2026-04-08"
0,"","HVAC Truck Based Controls Engineer","Johnson Controls","Los Angeles, California","","$42 - $56 (hourly)",jobspy_indeed,https://www.indeed.com/viewjob?jk=a02605ad6ba14cac,"","2026-04-08"
0,"","Maintenance Technician - Full Time-2","Sonesta","Los Angeles, California","","$22 - $24 (hourly)",jobspy_indeed,https://www.indeed.com/viewjob?jk=453d1b252a58cef0,"","2026-04-08"
0,"","Entry Level Refrigeration Service Technician - Commercial & Industrial","CoolSys","Los Angeles, California","","$20 - $25 (hourly)",jobspy_indeed,https://www.indeed.com/viewjob?jk=502f53af2ecac86b,"","2026-04-07"
0,"","Landscape Maintenance Specialist","CITY OF SANTA CLARITA","Los Angeles, California","","$42 - $52 (hourly)",jobspy_indeed,https://www.indeed.com/viewjob?jk=ab607f2b626b515e,"","2026-04-07"
0,"","Facilities Maintenance Manager","Yusen Logistics","Los Angeles, California","","$77,920 - $119,478 (yearly)",jobspy_indeed,https://www.indeed.com/viewjob?jk=e6b409ea3ccac42f,"","2026-04-07"
0,"","Technician, Aftermarket Parts Installation","nan","Los Angeles, California","","$45,760 - $68,240 (yearly)",jobspy_indeed,https://www.indeed.com/viewjob?jk=1f7a353f230f939e,"","2026-04-07"
0,"","Maintenance Technician","Skechers","Los Angeles, California","","$28 - $32 (hourly)",jobspy_indeed,https://www.indeed.com/viewjob?jk=0ed7df0b4cd913ef,"","2026-04-07"
0,"","Facility Maintenance I - 1st Shift (7am - 3:30pm)","ROBINSON PHARMA","Los Angeles, California","","$19 - $21 (hourly)",jobspy_indeed,https://www.indeed.com/viewjob?jk=ea4bd7fa19613a65,"","2026-04-07"
0,"","STATIONARY ENGINEER","California State Personnel Board","Los Angeles, California","","$6,088 - $7,707 (monthly)",jobspy_indeed,https://www.indeed.com/viewjob?jk=c716d13abec407a5,"","2026-04-07"
0,"","Maintenance Foreman","ARCOSA","Los Angeles, California","","$30 - $33 (hourly)",jobspy_indeed,https://www.indeed.com/viewjob?jk=7801adc08b333b4e,"","2026-04-07"
0,"","Wire Technician","Amsco US","Los Angeles, California","","$20 - $40 (hourly)",jobspy_indeed,https://www.indeed.com/viewjob?jk=0c6e99854abab681,"","2026-04-07"
0,"","Customer Service Technician - The Toro Company","The Toro Company","Los Angeles, California","","",jobspy_indeed,https://www.indeed.com/viewjob?jk=8502762ac7037dfb,"","2026-04-07"
0,"","FACILITIES SYSTEMS TECHNICIAN","Los Angeles County Metropolitan Transportation Authority","Los Angeles, California","","$47 - $59 (hourly)",jobspy_indeed,https://www.indeed.com/viewjob?jk=4575458ff7941c24,"","2026-04-06"
0,"","FACILITIES SYSTEMS TECHNICIAN","nan","Los Angeles, California","","$47 - $59 (hourly)",jobspy_indeed,https://www.indeed.com/viewjob?jk=c3a21e9127ffcfb2,"","2026-04-06"
0,"","Diesel Bus Mechanic","Big Bus Tours","Los Angeles, California","","$35 - $38 (hourly)",jobspy_indeed,https://www.indeed.com/viewjob?jk=1b1ea37ee0c18bfd,"","2026-04-06"
0,"","Photographer","CBS News and Stations","Los Angeles, California","","$101,297 - $128,293 (yearly)",jobspy_indeed,https://www.indeed.com/viewjob?jk=b5cf9615b175ebb9,"","2026-04-06"
0,"","Retail Security Display, Point of Sale & Network Technician","MTI Global Services","Los Angeles, California","","$22 - $25 (hourly)",jobspy_indeed,https://www.indeed.com/viewjob?jk=4705abb13f8431ae,"","2026-04-05"
0,"","Facilities Technician II","Able Services","Los Angeles, California","","$36 - $42 (hourly)",jobspy_indeed,https://www.indeed.com/viewjob?jk=44cd7398df0f7121,"","2026-04-03"
0,"","Maintenance Technician-Porter","WSH Management","Los Angeles, California","","$26 - $27 (hourly)",jobspy_indeed,https://www.indeed.com/viewjob?jk=f2d08bd66f0ce8b2,"","2026-04-03"
0,"","Multi-Site Maintenance Technician","Avenue5 Residential","Washington, DC","","$23 - $25 (hourly)",jobspy_indeed,https://www.indeed.com/viewjob?jk=925551ced0247b79,"","2026-04-08"
0,"","Mobile HVAC/ Maintenance Technician","JLL","Washington, DC","","$70,720 - $74,880 (yearly)",jobspy_indeed,https://www.indeed.com/viewjob?jk=1ecce9f2300b19b7,"","2026-04-08"
0,"","HVAC Technician","JLL","Washington, DC","","",jobspy_indeed,https://www.indeed.com/viewjob?jk=f93aa728c073d291,"","2026-04-08"
0,"","Maintenance Technician","nan","Washington, DC","","$70,000 - $78,666 (yearly)",jobspy_indeed,https://www.indeed.com/viewjob?jk=e570b50164456d41,"","2026-04-08"
0,"","Critical Facilities Engineer, NA","Vantage Data Centers","Washington, DC","","",jobspy_indeed,https://www.indeed.com/viewjob?jk=97553e532f452866,"","2026-04-08"
0,"","Maintenance Technician","Residential One","Washington, DC","","",jobspy_indeed,https://www.indeed.com/viewjob?jk=ebd24b7db73271c9,"","2026-04-08"
0,"","Maintenance Supervisor - Madrona/Corcoran/NoSha Apartments","Borger Residential","Washington, DC","","",jobspy_indeed,https://www.indeed.com/viewjob?jk=45c2323bb34a243a,"","2026-04-08"
0,"","Mobile Vehicle Inspector II Spokane WA (Manheim)","Cox Automotive","Washington, DC","","$16 - $25 (hourly)",jobspy_indeed,https://www.indeed.com/viewjob?jk=25d26ca732b1eebe,"","2026-04-07"
0,"","Maintenance Technician","ISS Facility Services","Washington, DC","","$24 - $28 (hourly)",jobspy_indeed,https://www.indeed.com/viewjob?jk=1e92af123291efbb,"","2026-04-07"
0,"","Maintenance Supervisor","nan","Washington, DC","","",jobspy_indeed,https://www.indeed.com/viewjob?jk=4e378c8159e9084b,"","2026-04-07"
0,"","HVAC DDC TECHNICIAN CLIN X330","nan","Washington, DC","","",jobspy_indeed,https://www.indeed.com/viewjob?jk=bfd3767b4fa3a64d,"","2025-12-02"
0,"","Food Service Tech I (part-time)","nan","Washington, DC","","",jobspy_indeed,https://www.indeed.com/viewjob?jk=6691a13d0ca43644,"","2026-04-06"
0,"","Maintenance Manager","UDR","Washington, DC","","$70,000 - $85,000 (yearly)",jobspy_indeed,https://www.indeed.com/viewjob?jk=86fc04a76c3dfeb7,"","2026-04-07"
0,"","Maintenance Technician","Gilbane","Washington, DC","","$53,100 - $65,900 (yearly)",jobspy_indeed,https://www.indeed.com/viewjob?jk=af044ad6783dd72b,"","2026-04-06"
0,"","Maintenance Technician II","Balfour Beatty","Washington, DC","","",jobspy_indeed,https://www.indeed.com/viewjob?jk=d8dd07e79c53afe2,"","2026-04-06"
0,"","Mobile Maintenance Technician","Crockett Facilities Services","Washington, DC","","$30 - $33 (hourly)",jobspy_indeed,https://www.indeed.com/viewjob?jk=bcfa3fc4ea78a8ca,"","2026-04-06"
0,"","Fire Extinguisher Technician","Homer Fire Protection","Washington, DC","","",jobspy_indeed,https://www.indeed.com/viewjob?jk=732450b9f3fbc59c,"","2026-04-06"
0,"","Maintenance Technician","Eduro Healthcare","United States","","",jobspy_indeed,https://www.indeed.com/viewjob?jk=46cfd5305fca67b6,"","2026-04-09"
0,"","Industrial Maintenance Technician, Food Processing - 1st and 2nd shift","BIRCHWOOD FOODS","United States","","",jobspy_indeed,https://www.indeed.com/viewjob?jk=21a175b08e953608,"","2026-04-09"
0,"","Ceramic Coating Specialist / Paint Correction Technician","Minted Detail, LLC","United States","","$150 - $1,500 (daily)",jobspy_indeed,https://www.indeed.com/viewjob?jk=e9080c56872ac076,"","2026-04-09"
0,"","Lighting Technician C","Utility Lines Construction Services, LLC","United States","","",jobspy_indeed,https://www.indeed.com/viewjob?jk=e81832b6d8a5c1a5,"","2026-04-09"
0,"","Relay Equip Pert Tech - Power Equipment Tech","Utility Lines Construction Services, LLC","United States","","",jobspy_indeed,https://www.indeed.com/viewjob?jk=22bd226cf8665b60,"","2026-04-07"
0,"","Installation Technician","Leonard Truck Outfitters","United States","","",jobspy_indeed,https://www.indeed.com/viewjob?jk=e82ca96419632b38,"","2026-04-09"
0,"","Maintenance Technician - Full Time","IDP Properties","United States","","",jobspy_indeed,https://www.indeed.com/viewjob?jk=aa8409a8ac6277a1,"","2026-04-09"
0,"","Service (Maintenance) Manager","ML Property Group","United States","","$29 - $31 (hourly)",jobspy_indeed,https://www.indeed.com/viewjob?jk=3c056f8943050ab6,"","2026-04-09"
0,"","Service Manager","ML Property Group","United States","","$29 - $32 (hourly)",jobspy_indeed,https://www.indeed.com/viewjob?jk=a767fbf9927632a2,"","2026-04-09"
0,"","Maintenance Technician","Community Services Foundation","United States","","$20 - $30 (hourly)",jobspy_indeed,https://www.indeed.com/viewjob?jk=1d936297205e6112,"","2026-04-09"
0,"","Entry Level Lighting/Controls Technician","nan","United States","","",jobspy_indeed,https://www.indeed.com/viewjob?jk=9f85fba7a7b079bc,"","2026-04-09"
0,"","Entertainment Stagehand/General Technician - Dollywood Theme Park - Full Time Seasonal","nan","United States","","",jobspy_indeed,https://www.indeed.com/viewjob?jk=3a9afa5ad557fdb8,"","2026-04-09"
0,"","Electronics Technician 4 (2nd Shift)","nan","United States","","",jobspy_indeed,https://www.indeed.com/viewjob?jk=1d36c8227553f3e5,"","2026-04-08"
0,"","Upfit Technician","City Rent A Truck","United States","","$19 - $30 (hourly)",jobspy_indeed,https://www.indeed.com/viewjob?jk=649261e375c3acc8,"","2026-04-09"
0,"","Maintenance Technician","DIRECTIONS CREDIT UNION","United States","","",jobspy_indeed,https://www.indeed.com/viewjob?jk=2766989f2b6e70bc,"","2026-04-09"
0,"","Hydraulics and Vehicle Electronics Tech","Work Bilt llc.","United States","","",jobspy_indeed,https://www.indeed.com/viewjob?jk=3a72e6de73eaca89,"","2026-04-09"
0,"","General Trades Technician","CGL Companies","United States","","",jobspy_indeed,https://www.indeed.com/viewjob?jk=8638f6bea41ec7e8,"","2026-04-09"
0,"","Fleet Upfitting Technician – Commercial Truck Equipment Installation","All Out Custom Truck and Body","United States","","",jobspy_indeed,https://www.indeed.com/viewjob?jk=dd69df17d050a4aa,"","2026-04-09"
0,"","Kitchen Suppression Technician","Silco Fire & Security","United States","","",jobspy_indeed,https://www.indeed.com/viewjob?jk=da5a1f00f8d7d7b1,"","2026-04-09"
0,"","Experienced Industrial Electrician","Chinchor Electric, Inc.","United States","","",jobspy_indeed,https://www.indeed.com/viewjob?jk=f86837706e5bb22a,"","2026-04-09"
0,"","Lead Controls Technician","Divcon Controls","Remote","","",jobspy_indeed,https://www.indeed.com/viewjob?jk=f8829d5480a81531,"","2026-04-02"
0,"","Principal Product Manager - Agentforce Demos","Salesforce","Chicago, Illinois","","$172,500 - $285,800 (yearly)",jobspy_indeed,https://www.indeed.com/viewjob?jk=e8aea816c930c2f0,"","2026-04-09"
0,"","Time Study Technician / Process Improvement Specialist","Prostar","Chicago, Illinois","","",jobspy_indeed,https://www.indeed.com/viewjob?jk=766a0d48c7534183,"","2026-04-08"
0,"","Manufacturing Engineer III","G&W Electric Company","Chicago, Illinois","","$87,000 - $111,783 (yearly)",jobspy_indeed,https://www.indeed.com/viewjob?jk=4059bf8c1a454003,"","2026-04-08"
0,"","Enterprise Account Executive","WorkWave™","Chicago, Illinois","","$120,000 - $280,000 (yearly)",jobspy_indeed,https://www.indeed.com/viewjob?jk=d933951c96b94c4a,"","2026-04-07"
0,"","Field Supervisor","Rain for Rent","Chicago, Illinois","","",jobspy_indeed,https://www.indeed.com/viewjob?jk=ced19a0c4d503baa,"","2026-04-07"
0,"","Studio Engineer / Podcast Session Producer","Vis-Home","Chicago, Illinois","","",jobspy_indeed,https://www.indeed.com/viewjob?jk=0d9d4e072e634489,"","2026-04-07"
0,"","Sales Executive, -Testing Services, Lighting","UL Solutions","Chicago, Illinois","","$70,000 - $131,750 (yearly)",jobspy_indeed,https://www.indeed.com/viewjob?jk=1426640880151a2a,"","2026-04-06"
0,"","Lead Data Engineer","Capgemini","Chicago, Illinois","","$160,000 - $220,000 (yearly)",jobspy_indeed,https://www.indeed.com/viewjob?jk=1b74c09dc3136e44,"","2026-04-06"
0,"","Mechanical Engineer - Power Generation","Stanley Consultants","Chicago, Illinois","","$107,300 - $139,475 (yearly)",jobspy_indeed,https://www.indeed.com/viewjob?jk=98f37279883e2a30,"","2026-04-06"
0,"","Senior Mechanical Engineer - Power Generation","Stanley Consultants","Chicago, Illinois","","$139,500 - $185,550 (yearly)",jobspy_indeed,https://www.indeed.com/viewjob?jk=004c541033e074a1,"","2026-04-06"
0,"","Mechanical Engineer - Facilities Design","Stanley Consultants","Chicago, Illinois","","",jobspy_indeed,https://www.indeed.com/viewjob?jk=f60a362b49960c1d,"","2026-04-06"
0,"","Systems Engineer","The Worksphere","Chicago, Illinois","","$80,000 - $110,000 (yearly)",jobspy_indeed,https://www.indeed.com/viewjob?jk=0cda037dd5e13d4f,"","2026-04-03"
0,"","Enterprise Account Executive- Electronic Security","Allied Universal Technology Services","Chicago, Illinois","","$90,000 - $100,000 (yearly)",jobspy_indeed,https://www.indeed.com/viewjob?jk=52df514eb9a90f20,"","2026-04-03"
0,"","Senior Staff Consultant (Safety & Risk Assessment)","Engineering Systems Inc.","Chicago, Illinois","","",jobspy_indeed,https://www.indeed.com/viewjob?jk=ecbbde942255f75f,"","2026-04-03"
0,"","GCP GKE- Senior Software Engineer","Capgemini","Chicago, Illinois","","$82,082 - $193,440 (yearly)",jobspy_indeed,https://www.indeed.com/viewjob?jk=d44d14612c204824,"","2026-04-02"
0,"","Senior Infrastructure/DevOps Engineer (Chicago Hybrid)","Motorola Solutions","Chicago, Illinois","","$135,000 - $155,000 (yearly)",jobspy_indeed,https://www.indeed.com/viewjob?jk=c5ca46ab5d5dacf9,"","2026-04-02"
0,"","Tosca Test Administrator/Engineer","Cognizant","Chicago, Illinois","","$71,100 - $112,500 (yearly)",jobspy_indeed,https://www.indeed.com/viewjob?jk=9eabf8f9aa5de27d,"","2026-04-02"
0,"","Laboratory/Field Technician Job Description","Raths, Raths & Johnson, Inc.","Chicago, Illinois","","",jobspy_indeed,https://www.indeed.com/viewjob?jk=ff24a6f84bc51768,"","2026-04-02"
0,"","Data Platform Engineer, Fauna","Amazon.com","New York, New York","","$145,300 - $196,600 (yearly)",jobspy_indeed,https://www.indeed.com/viewjob?jk=2cab556a26efd29e,"","2026-04-08"
0,"","Software Quality Engineer II","Optimum","New York, New York","","$100,246 - $164,689 (yearly)",jobspy_indeed,https://www.indeed.com/viewjob?jk=73e053ee9404fecc,"","2026-04-08"
0,"","Principal Machine Learning Engineer, Presentation & Visual Optimization","Paramount Streaming","New York, New York","","$139,000 - $180,000 (yearly)",jobspy_indeed,https://www.indeed.com/viewjob?jk=11626df028ff8682,"","2026-04-08"
0,"","Principal Machine Learning Engineer, Ads Personalization","Paramount Streaming","New York, New York","","$234,000 - $260,000 (yearly)",jobspy_indeed,https://www.indeed.com/viewjob?jk=9fe398a48cbf0e5b,"","2026-04-08"
0,"","Software Engineer, Video Input/Output Systems","Fubo","New York, New York","","$160,000 - $185,000 (yearly)",jobspy_indeed,https://www.indeed.com/viewjob?jk=229f260da23bb266,"","2026-04-08"
0,"","Software Engineer, Early Career","Mirage","New York, New York","","$160,000 - $165,000 (yearly)",jobspy_indeed,https://www.indeed.com/viewjob?jk=b3dbed6307573f35,"","2026-04-08"
0,"","PHP Developer","EarthCam Inc","New York, New York","","",jobspy_indeed,https://www.indeed.com/viewjob?jk=e76078ea683a73a9,"","2026-04-08"
0,"","Software Engineering Intern","Bessemer Trust","New York, New York","","$35 - $40 (hourly)",jobspy_indeed,https://www.indeed.com/viewjob?jk=398baa279f08aced,"","2026-04-08"
0,"","Program Cost Control Analyst","HII","New York, New York","","$76,153 - $120,000 (yearly)",jobspy_indeed,https://www.indeed.com/viewjob?jk=8ec30a98f3252da5,"","2026-04-08"
0,"","Electro-Mechanical Assembler 4 - 1st Shift","KLA","New York, New York","","$21 - $36 (hourly)",jobspy_indeed,https://www.indeed.com/viewjob?jk=23d6179794bb27dc,"","2026-04-08"
0,"","Principal Media Streaming Engineer","nan","New York, New York","","$155,700 - $228,600 (yearly)",jobspy_indeed,https://www.indeed.com/viewjob?jk=14d911d0aa6f1619,"","2026-04-08"
0,"","Social Media & Community Manager","Jonard Tools","New York, New York","","",jobspy_indeed,https://www.indeed.com/viewjob?jk=c801ce8749c3b317,"","2026-04-08"
0,"","Animation Engineer, Fauna","Amazon.com","New York, New York","","$158,100 - $213,800 (yearly)",jobspy_indeed,https://www.indeed.com/viewjob?jk=1ef10ca62b21498e,"","2026-04-07"
0,"","Frontend Engineer, Fauna","Amazon.com","New York, New York","","$158,100 - $213,800 (yearly)",jobspy_indeed,https://www.indeed.com/viewjob?jk=d344cdb0e582a75b,"","2026-04-07"
0,"","Sr. Product Manager - Tech, Prime Video Subscriptions","Amazon.com","New York, New York","","$166,300 - $225,000 (yearly)",jobspy_indeed,https://www.indeed.com/viewjob?jk=efe173774ea76600,"","2026-04-07"
0,"","Senior ML Engineer, Fauna","Amazon.com","New York, New York","","$184,900 - $250,200 (yearly)",jobspy_indeed,https://www.indeed.com/viewjob?jk=8bc504856ceb4d1f,"","2026-04-07"
0,"","Senior Platform Engineer, Fauna","Amazon.com","New York, New York","","$184,900 - $250,200 (yearly)",jobspy_indeed,https://www.indeed.com/viewjob?jk=bf3a3755e0013fc0,"","2026-04-07"
0,"","Support Engineer - FreeWheel","Comcast","New York, New York","","$53,367 - $80,051 (yearly)",jobspy_indeed,https://www.indeed.com/viewjob?jk=014fe20855b29938,"","2026-04-07"
0,"","Hardware Engineer","Persistent Systems LLC","New York, New York","","$150,000 - $170,000 (yearly)",jobspy_indeed,https://www.indeed.com/viewjob?jk=80dd5544e5137c5d,"","2026-04-07"
0,"","Senior Embedded Software Engineer","Persistent Systems LLC","New York, New York","","$160,000 - $180,000 (yearly)",jobspy_indeed,https://www.indeed.com/viewjob?jk=0e0255051a42584d,"","2026-04-07"
0,"","Quality Chemical Engineer","KLA","New York, New York","","$75,000 - $127,500 (yearly)",jobspy_indeed,https://www.indeed.com/viewjob?jk=deb1e312a7619060,"","2026-04-07"
0,"","UX Conversation Designer, Geo UX","Google","New York, New York","","$132,000 - $189,000 (yearly)",jobspy_indeed,https://www.indeed.com/viewjob?jk=3c17f63ff7af3775,"","2026-04-07"
0,"","AI Research Scientist, Video Generation and Post Training, FAIR","Meta","New York, New York","","$154,000 - $217,000 (yearly)",jobspy_indeed,https://www.indeed.com/viewjob?jk=36a154e2c16f6430,"","2026-04-06"
0,"","Senior Software Engineer, Connect Sales, CRM, GenAI, Ads","Google","San Francisco, California","","$174,000 - $252,000 (yearly)",jobspy_indeed,https://www.indeed.com/viewjob?jk=8c6a67dc305024a7,"","2026-04-09"
0,"","Software Engineer, Recommendations, Rankings, Predictions, YouTube Ads Infrastructure","Youtube","San Francisco, California","","$147,000 - $211,000 (yearly)",jobspy_indeed,https://www.indeed.com/viewjob?jk=4b8827c92dc88ec9,"","2026-04-09"
0,"","Tech Lead Machine Learning Engineer - CV/NLP/Multimodal LLM, Trust and Safety","TikTok","San Francisco, California","","$244,800 - $588,000 (yearly)",jobspy_indeed,https://www.indeed.com/viewjob?jk=877051c0ee352064,"","2026-04-09"
0,"","Staff Information Systems Engineer","Synaptics","San Francisco, California","","$142,000 - $223,300 (yearly)",jobspy_indeed,https://www.indeed.com/viewjob?jk=1c287f82b0da22b1,"","2026-04-08"
0,"","Senior Backend Software Engineer, Rodeo","Twelve Labs","San Francisco, California","","$150,000 - $210,000 (yearly)",jobspy_indeed,https://www.indeed.com/viewjob?jk=dceee438d5d30d41,"","2026-04-08"
0,"","Senior Product Manager","IP Infusion Inc.","San Francisco, California","","$180,000 - $240,000 (yearly)",jobspy_indeed,https://www.indeed.com/viewjob?jk=ef44b78608b1b4a3,"","2026-04-08"
0,"","Product Marketing Manager","KLA","San Francisco, California","","$138,500 - $235,500 (yearly)",jobspy_indeed,https://www.indeed.com/viewjob?jk=76a204140d792d34,"","2026-04-08"
0,"","Executive Assistant","KLA","San Francisco, California","","$34 - $58 (hourly)",jobspy_indeed,https://www.indeed.com/viewjob?jk=2ddc7d7c8a0b5f3d,"","2026-04-08"
0,"","Data Analytics Engineer (AI/ML Focus)","Tata Consultancy Services (TCS)","San Francisco, California","","$70,000 - $125,000 (yearly)",jobspy_indeed,https://www.indeed.com/viewjob?jk=ac8a907713e68025,"","2026-04-08"
0,"","Senior Product Manager","RZR Global Inc.","San Francisco, California","","",jobspy_indeed,https://www.indeed.com/viewjob?jk=3faabbff8041681e,"","2026-04-08"
0,"","Instruction Writing Lead","nan","San Francisco, California","","",jobspy_indeed,https://www.indeed.com/viewjob?jk=fd95bd83bb5b18fb,"","2026-04-08"
0,"","Medication Tech","nan","San Francisco, California","","",jobspy_indeed,https://www.indeed.com/viewjob?jk=6e833cda0d8b478d,"","2026-04-05"
0,"","Senior Qualitative UX Researcher","suno","San Francisco, California","","$165,000 - $210,000 (yearly)",jobspy_indeed,https://www.indeed.com/viewjob?jk=fa2b6ecf584ae8c5,"","2026-04-08"
0,"","Software Engineer III, AI/ML, Google Cloud AI","Google","San Francisco, California","","$147,000 - $211,000 (yearly)",jobspy_indeed,https://www.indeed.com/viewjob?jk=783182450ca37a46,"","2026-04-08"
0,"","Full Stack Engineer, Go-to-Market Systems","Verkada","San Francisco, California","","$120,000 - $160,000 (yearly)",jobspy_indeed,https://www.indeed.com/viewjob?jk=3eb540bc68de3fb7,"","2026-04-08"
0,"","Staff Imaging Software Engineer","Dolby","San Francisco, California","","$137,100 - $188,300 (yearly)",jobspy_indeed,https://www.indeed.com/viewjob?jk=b65a1b441d1827cf,"","2026-04-08"
0,"","Design Engineer 3 - San Jose, CA","M.C. Dean, Inc.","San Francisco, California","","$114,640 - $171,960 (yearly)",jobspy_indeed,https://www.indeed.com/viewjob?jk=86cbb52690ee391f,"","2026-04-08"
0,"","System Administrator 3: Technical Operations Center Lead","M.C. Dean, Inc.","San Francisco, California","","$114,640 - $171,960 (yearly)",jobspy_indeed,https://www.indeed.com/viewjob?jk=6466fad1a53e945e,"","2026-04-08"
0,"","Senior Operations Program Manager, Google Beam","Google","San Francisco, California","","$192,000 - $278,000 (yearly)",jobspy_indeed,https://www.indeed.com/viewjob?jk=6ece242b9534130c,"","2026-04-08"
0,"","Senior Product Manager, YouTube Shorts Ads","Youtube","San Francisco, California","","$192,000 - $278,000 (yearly)",jobspy_indeed,https://www.indeed.com/viewjob?jk=7a304b40b190dae0,"","2026-04-08"
0,"","Robotics Engineer - Autonomous Drone System","Meta","San Francisco, California","","$173,000 - $245,000 (yearly)",jobspy_indeed,https://www.indeed.com/viewjob?jk=49d25e46fe1fbb60,"","2026-04-07"
0,"","Customer Education Manager","hireEZ","San Francisco, California","","$61,800 - $135,000 (yearly)",jobspy_indeed,https://www.indeed.com/viewjob?jk=95cd910f72d4ec4a,"","2026-01-14"
0,"","Tech Lead, Backend Software Development - Global E-commerce, Supply Chain & Logistics","TikTok","Seattle, Washington","","$232,560 - $427,500 (yearly)",jobspy_indeed,https://www.indeed.com/viewjob?jk=26c35ce31bd08285,"","2026-04-08"
0,"","Site Development Project Manager (Residential Construction)","Adair Homes","Seattle, Washington","","$90,000 - $100,000 (yearly)",jobspy_indeed,https://www.indeed.com/viewjob?jk=b0023571b9000180,"","2026-04-08"
0,"","Design Engineer II/Sr","Terex Corporation","Seattle, Washington","","$91,200 - $140,800 (yearly)",jobspy_indeed,https://www.indeed.com/viewjob?jk=7659ac809bc327b2,"","2026-04-08"
0,"","UX Reseacher","Blueprint Technologies","Seattle, Washington","","$45 - $49 (hourly)",jobspy_indeed,https://www.indeed.com/viewjob?jk=50841480f04855d3,"","2026-04-08"
0,"","Tactical Data Link Analyst (Military Operations Analyst 2)","HII","Seattle, Washington","","$62,624 - $95,000 (yearly)",jobspy_indeed,https://www.indeed.com/viewjob?jk=82c9bfc0b0a4a7b9,"","2026-04-08"
0,"","Senior Flight Software Engineer","Anduril","Seattle, Washington","","$191,000 - $253,000 (yearly)",jobspy_indeed,https://www.indeed.com/viewjob?jk=a74329c97b6d9e83,"","2026-04-08"
0,"","EMS Engineering Manager","City of Tacoma","Seattle, Washington","","$163,030 - $229,548 (yearly)",jobspy_indeed,https://www.indeed.com/viewjob?jk=cc7bcc806d4904f9,"","2026-04-07"
0,"","Senior Design Engineer - Electronic Security","Diversified","Seattle, Washington","","$122,600 - $165,900 (yearly)",jobspy_indeed,https://www.indeed.com/viewjob?jk=e7f81c9c97b82425,"","2026-04-07"
0,"","AI Customer Engineer","Cognizant","Seattle, Washington","","$140,000 - $200,000 (yearly)",jobspy_indeed,https://www.indeed.com/viewjob?jk=4dc480483af599e3,"","2026-04-07"
0,"","Transportation Technician 2 | Hydraulics","State of Washington","Seattle, Washington","","$4,653 - $6,259 (monthly)",jobspy_indeed,https://www.indeed.com/viewjob?jk=d11688a969ee253b,"","2026-04-07"
0,"","Asphalt Testing Engineer (TE3)","State of Washington","Seattle, Washington","","$78,912 - $106,104 (yearly)",jobspy_indeed,https://www.indeed.com/viewjob?jk=6922099eb8b81656,"","2026-04-07"
0,"","After Effects Software Quality Engineer","Adobe","Seattle, Washington","","$113,400 - $206,275 (yearly)",jobspy_indeed,https://www.indeed.com/viewjob?jk=65f596844de12e01,"","2026-04-07"
0,"","Senior Software Engineering Manager, Ads Backend Platforms Team","Google","Seattle, Washington","","$262,000 - $365,000 (yearly)",jobspy_indeed,https://www.indeed.com/viewjob?jk=84da7cf78f069ec8,"","2026-04-07"
0,"","Software Engineering Manager, Search Ads Analysis Infrastructure","Google","Seattle, Washington","","$207,000 - $300,000 (yearly)",jobspy_indeed,https://www.indeed.com/viewjob?jk=b2d3243fcf86c73a,"","2026-04-07"
0,"","AI Research Scientist, Video Generation and Post Training, FAIR","Meta","Seattle, Washington","","$154,000 - $217,000 (yearly)",jobspy_indeed,https://www.indeed.com/viewjob?jk=323f769a913661f6,"","2026-04-06"
0,"","Traveling Radio Technician","Day Wireless","Seattle, Washington","","$35 - $45 (hourly)",jobspy_indeed,https://www.indeed.com/viewjob?jk=324174bb463f5156,"","2026-04-06"
0,"","Applied Scientist, AWS Applied AI Solutions Core Services","Amazon Web Services","Seattle, Washington","","$136,000 - $184,000 (yearly)",jobspy_indeed,https://www.indeed.com/viewjob?jk=f5e0419d53624906,"","2026-04-03"
0,"","Learning Experience Designer, Data Center Learning, Data Center Learning - New Hire Technical Training","Amazon.com","Seattle, Washington","","$80,200 - $139,300 (yearly)",jobspy_indeed,https://www.indeed.com/viewjob?jk=b460991c25a14196,"","2026-04-02"
0,"","Applied Science Manager GenAI, CreativeX, Amazon Advertising","Amazon.com","Seattle, Washington","","$183,800 - $248,700 (yearly)",jobspy_indeed,https://www.indeed.com/viewjob?jk=7ee81f09302c1d80,"","2026-03-30"
0,"","Software Development Engineer, AWS Training and Certification","Amazon Web Services","Seattle, Washington","","$143,700 - $194,400 (yearly)",jobspy_indeed,https://www.indeed.com/viewjob?jk=5c92afc469cc1368,"","2026-03-28"
0,"","Service Engineer","Fluke","Seattle, Washington","","$70,725 - $118,105 (yearly)",jobspy_indeed,https://www.indeed.com/viewjob?jk=52451ab8e17033c9,"","2026-03-26"
0,"","Senior Manager, Applied Science, Prime Video - Content Localization Team","Amazon.com","Seattle, Washington","","$218,800 - $295,900 (yearly)",jobspy_indeed,https://www.indeed.com/viewjob?jk=e04eb8bed4620aac,"","2026-03-16"
0,"","Preventative Maintenance","Prysmian Group","Boston, Massachusetts","","$39 - $46 (hourly)",jobspy_indeed,https://www.indeed.com/viewjob?jk=69368de73c4a4115,"","2026-04-09"
0,"","Java Full Stack Engineer","CGI","Boston, Massachusetts","","$89,600 - $156,700 (yearly)",jobspy_indeed,https://www.indeed.com/viewjob?jk=c13f966318d9898a,"","2026-04-07"
0,"","Senior Design Engineer","Level99","Boston, Massachusetts","","$100,000 - $130,000 (yearly)",jobspy_indeed,https://www.indeed.com/viewjob?jk=7606c103181f5e8e,"","2026-04-08"
0,"","Senior Project Manager","Level99","Boston, Massachusetts","","$100,000 - $140,000 (yearly)",jobspy_indeed,https://www.indeed.com/viewjob?jk=5ffe45048f7ddefd,"","2026-04-03"
0,"","Software Engineer Intern | Summer 2026 | Enterprise Technology & Security Summer Internship","Citizens","Boston, Massachusetts","","",jobspy_indeed,https://www.indeed.com/viewjob?jk=31a50f31b383e91b,"","2026-04-08"
0,"","INTERN Manufacturing Engineer","Lucas Milhaupt","Boston, Massachusetts","","",jobspy_indeed,https://www.indeed.com/viewjob?jk=aaaaa675fbc71cb6,"","2026-04-08"
0,"","Information Assurance System Security Engineer (ISSE) III","General Dynamics Information Technology","Boston, Massachusetts","","$211,055 - $285,545 (yearly)",jobspy_indeed,https://www.indeed.com/viewjob?jk=0fc21d64fda9017c,"","2026-04-07"
0,"","Senior Product Quality Engineer","Boston Dynamics","Boston, Massachusetts","","$80,639 - $110,879 (yearly)",jobspy_indeed,https://www.indeed.com/viewjob?jk=82b581d077029cf0,"","2026-04-07"
0,"","TRANSPORTATION ENGINEERING SUMMER INTERN","Tetra Tech","Boston, Massachusetts","","$20 - $25 (hourly)",jobspy_indeed,https://www.indeed.com/viewjob?jk=f51ca123c716b94a,"","2026-04-07"
0,"","Hardware Systems Integration Intern (Summer 2026)","Formlabs","Boston, Massachusetts","","$1,450 - $1,650 (monthly)",jobspy_indeed,https://www.indeed.com/viewjob?jk=4f704d103087d4e9,"","2026-04-07"
0,"","Network Manager","MFS Investment Management","Boston, Massachusetts","","$110,000 - $134,500 (yearly)",jobspy_indeed,https://www.indeed.com/viewjob?jk=8d5441ec4470d01b,"","2026-04-07"
0,"","Senior Staff Data Architect","Boston Dynamics","Boston, Massachusetts","","$116,000 - $160,000 (yearly)",jobspy_indeed,https://www.indeed.com/viewjob?jk=c6a06d08020ec6c3,"","2026-04-07"
0,"","Product Enablement and Documentation Intern -6 months- CRD - July- Dec","State Street","Boston, Massachusetts","","$41,600 - $65,000 (yearly)",jobspy_indeed,https://www.indeed.com/viewjob?jk=e888ba90d0f2f3d7,"","2026-04-06"
0,"","Advanced Graphics Specialist","General Dynamics Mission Systems","Boston, Massachusetts","","$96,071 - $101,324 (yearly)",jobspy_indeed,https://www.indeed.com/viewjob?jk=ac5eb961c7b71502,"","2026-04-06"
0,"","Veeva Vault Quality Systems Analyst- Remote","Cognizant","Boston, Massachusetts","","$110,000 - $130,000 (yearly)",jobspy_indeed,https://www.indeed.com/viewjob?jk=ba800746b6a7d445,"","2026-04-06"
0,"","Account Specialist","Allied Universal Technology Services","Boston, Massachusetts","","$60,000 - $65,000 (yearly)",jobspy_indeed,https://www.indeed.com/viewjob?jk=c7d34a25e2012d9d,"","2026-04-06"
0,"","Senior Software Engineer","Motorola Solutions","Boston, Massachusetts","","$178,131 - $185,900 (yearly)",jobspy_indeed,https://www.indeed.com/viewjob?jk=3f8ec7e9a5bfcb27,"","2026-04-06"
0,"","Customer and Product Solutions Engineer, gUP Search RWJ","Google","Boston, Massachusetts","","$127,000 - $183,000 (yearly)",jobspy_indeed,https://www.indeed.com/viewjob?jk=3adf620540b0a023,"","2026-04-06"
0,"","Compliance Engineer - US","Elevenlabs","Boston, Massachusetts","","",jobspy_indeed,https://www.indeed.com/viewjob?jk=ad79419af3661260,"","2026-04-03"
0,"","Premium Partners Solutions Consultant","Google","Boston, Massachusetts","","$174,000 - $252,000 (yearly)",jobspy_indeed,https://www.indeed.com/viewjob?jk=a73c34c80b1afe7a,"","2026-04-03"
0,"","Sr Product Manager II","nan","Los Angeles, California","","$155,700 - $208,700 (yearly)",jobspy_indeed,https://www.indeed.com/viewjob?jk=460adccfb6e4aeb7,"","2026-04-09"
0,"","Executive Administrative Assistant","CITY OF SANTA CLARITA","Los Angeles, California","","$36 - $44 (hourly)",jobspy_indeed,https://www.indeed.com/viewjob?jk=93915f7845e68bee,"","2026-04-08"
0,"","Director IT - Data Platforms & Engineering","Mattel, Inc.","Los Angeles, California","","$192,000 - $240,000 (yearly)",jobspy_indeed,https://www.indeed.com/viewjob?jk=4a0412ff0364649c,"","2026-04-08"
0,"","Senior Electronics Engineer","Mattel, Inc.","Los Angeles, California","","",jobspy_indeed,https://www.indeed.com/viewjob?jk=308bba621c295b4a,"","2026-04-08"
0,"","Electrical Engineer - Advanced Development","Voyager Technologies, Inc.","Los Angeles, California","","$135,000 - $185,000 (yearly)",jobspy_indeed,https://www.indeed.com/viewjob?jk=daac8d7b86cd56ec,"","2026-04-08"
0,"","Senior Flight Software Engineer","Anduril","Los Angeles, California","","$191,000 - $253,000 (yearly)",jobspy_indeed,https://www.indeed.com/viewjob?jk=211e4aae83518efa,"","2026-04-08"
0,"","VP Software Engineering","nan","Los Angeles, California","","$304,900 - $408,900 (yearly)",jobspy_indeed,https://www.indeed.com/viewjob?jk=6892a3c25f4c3978,"","2026-04-08"
0,"","Software Engineer III, AI/ML, Google Ads","Google","Los Angeles, California","","$147,000 - $211,000 (yearly)",jobspy_indeed,https://www.indeed.com/viewjob?jk=65272553a6058f35,"","2026-04-07"
0,"","SENIOR ENGINEER (BRIDGES/STRUCTURES)","Los Angeles County Metropolitan Transportation Authority","Los Angeles, California","","$104,249 - $156,374 (yearly)",jobspy_indeed,https://www.indeed.com/viewjob?jk=8e1eada38bfe82b5,"","2026-04-07"
0,"","SENIOR ENGINEER (BRIDGES/STRUCTURES)","nan","Los Angeles, California","","$104,249 - $156,374 (yearly)",jobspy_indeed,https://www.indeed.com/viewjob?jk=03e29d3dd52e5b85,"","2026-04-07"
0,"","Sales Application Engineer","TTM Technologies","Los Angeles, California","","$74,154 - $123,591 (yearly)",jobspy_indeed,https://www.indeed.com/viewjob?jk=184c5c0c99dc8660,"","2026-04-07"
0,"","Cloud Engineer","Cognizant","Los Angeles, California","","$99,000 - $116,000 (yearly)",jobspy_indeed,https://www.indeed.com/viewjob?jk=9ab8f0cf2ab3e8a8,"","2026-04-07"
0,"","Enterprise Account Executive","WorkWave™","Los Angeles, California","","$120,000 - $280,000 (yearly)",jobspy_indeed,https://www.indeed.com/viewjob?jk=8213c24e843338ec,"","2026-04-07"
0,"","Field Engineer","Morrow Meadows","Los Angeles, California","","$21 - $26 (hourly)",jobspy_indeed,https://www.indeed.com/viewjob?jk=d353207235800342,"","2026-04-07"
0,"","Lead Cloud Infrastructure Engineer","Paramount Streaming","Los Angeles, California","","$157,000 - $190,000 (yearly)",jobspy_indeed,https://www.indeed.com/viewjob?jk=81f751b3e09c13c3,"","2026-04-07"
0,"","Senior Software Engineer, Front End","Paramount Streaming","Los Angeles, California","","$124,000 - $180,000 (yearly)",jobspy_indeed,https://www.indeed.com/viewjob?jk=8e234c4107203ba8,"","2026-04-07"
0,"","Programming Manager, Prime Video Global & US Programming","Amazon.com","Los Angeles, California","","$80,300 - $140,500 (yearly)",jobspy_indeed,https://www.indeed.com/viewjob?jk=e7aa3982545d95af,"","2026-04-03"
0,"","Sr. Software Development Engineer, Luna Core Tech Streaming","Amazon.com","Los Angeles, California","","$168,100 - $227,400 (yearly)",jobspy_indeed,https://www.indeed.com/viewjob?jk=b519732cf3075f1d,"","2026-03-23"
0,"","Sr Android Developer, Ring Software Product Builders","Amazon.com","Los Angeles, California","","$168,100 - $227,400 (yearly)",jobspy_indeed,https://www.indeed.com/viewjob?jk=cc52bc55b7ee2f56,"","2026-03-03"
0,"","Network Systems Engineer (IT Sys Eng III) (Government)","AT&T","Washington, DC","","$118,700 - $224,141 (yearly)",jobspy_indeed,https://www.indeed.com/viewjob?jk=4e385c06efa92886,"","2026-04-09"
0,"","Electronic Security Systems (ESS) Field Engineer","BCF Solutions","Washington, DC","","$110,000 - $115,000 (yearly)",jobspy_indeed,https://www.indeed.com/viewjob?jk=1980d70a990c6304,"","2026-04-08"
0,"","Software Engineer / Front End Developer - Washington D.C","M.C. Dean, Inc.","Washington, DC","","$104,240 - $156,360 (yearly)",jobspy_indeed,https://www.indeed.com/viewjob?jk=35c3fd4fefd06224,"","2026-04-08"
0,"","Backend / Cloud Infrastructure Engineer - Washington D.C","M.C. Dean, Inc.","Washington, DC","","$104,240 - $156,360 (yearly)",jobspy_indeed,https://www.indeed.com/viewjob?jk=fe5de6a0b568cb57,"","2026-04-08"
0,"","Senior Windows System Engineer","SAIC","Washington, DC","","$120,001 - $160,000 (yearly)",jobspy_indeed,https://www.indeed.com/viewjob?jk=fcfa59afaa3d0cb2,"","2026-04-08"
0,"","Assistant Acoustic Consultant","WSP","Washington, DC","","$81,200 - $93,000 (yearly)",jobspy_indeed,https://www.indeed.com/viewjob?jk=c9ef62c9c06d546a,"","2026-04-08"
0,"","Security Field Engineer","Vision Technologies, Inc","Washington, DC","","$85,000 - $115,000 (yearly)",jobspy_indeed,https://www.indeed.com/viewjob?jk=614c6d6fb6352314,"","2026-04-08"
0,"","Junior GenAI Developer","CGI","Washington, DC","","$79,600 - $167,200 (yearly)",jobspy_indeed,https://www.indeed.com/viewjob?jk=d017aa34545cc2b7,"","2026-04-08"
0,"","Industrial Security Analyst (Industrial Security Analyst 1)","HII","Washington, DC","","$59,022 - $84,000 (yearly)",jobspy_indeed,https://www.indeed.com/viewjob?jk=8102497c2fde353c,"","2026-04-08"
0,"","Network Engineer","Leidos","Washington, DC","","$92,300 - $166,850 (yearly)",jobspy_indeed,https://www.indeed.com/viewjob?jk=dcc0c3ad8bd9b3bb,"","2026-04-08"
0,"","Network Engineer","A2 Federal","Washington, DC","","",jobspy_indeed,https://www.indeed.com/viewjob?jk=2e609e6ed3dac1b8,"","2026-04-08"
0,"","Geospatial Software Engineer","Core4ce","Washington, DC","","",jobspy_indeed,https://www.indeed.com/viewjob?jk=3b7bbee10a7bf2b0,"","2026-04-08"
0,"","Technical Subject Matter Expert - Remote/Part-time (Technical Lead - Engineering)- 28128","HII","Washington, DC","","$148,275 - $200,000 (yearly)",jobspy_indeed,https://www.indeed.com/viewjob?jk=0de79e0a155861ee,"","2026-04-08"
0,"","ServiceNow Technical Business Designer","HII","Washington, DC","","$90,418 - $210,948 (yearly)",jobspy_indeed,https://www.indeed.com/viewjob?jk=7b4c65386bc11dd1,"","2026-04-08"
0,"","Staff Wireless Solutions Engineer*- Columbia, MD","ROHDE & SCHWARZ GmbH & Co. KG","Washington, DC","","",jobspy_indeed,https://www.indeed.com/viewjob?jk=8978d1c344698bef,"","2026-04-08"
0,"","Mobile Network Testing (MNT) Application Engineer","ROHDE & SCHWARZ GmbH & Co. KG","Washington, DC","","",jobspy_indeed,https://www.indeed.com/viewjob?jk=19df1330e2be5f10,"","2026-04-08"
0,"","Manager, Quality Assurance and Product Quality (Variant Interpretation)","Genomenon","United States","","",jobspy_indeed,https://www.indeed.com/viewjob?jk=857b2eb5d8816516,"","2026-04-09"
0,"","Digital Content Creator Summer Intern","INFICON","United States","","$18 - $26 (hourly)",jobspy_indeed,https://www.indeed.com/viewjob?jk=20cac1534bbdf97a,"","2026-04-09"
0,"","Project Manager- Contract","Crete United","United States","","$125,000 - $150,000 (yearly)",jobspy_indeed,https://www.indeed.com/viewjob?jk=86010cdce9af36b2,"","2026-04-09"
0,"","Unified Communications Engineer","nan","United States","","$39 - $58 (hourly)",jobspy_indeed,https://www.indeed.com/viewjob?jk=fa1c989278de2536,"","2026-04-09"
0,"","Founding GTM Lead","Omnea","United States","","$100,000 - $200,000 (yearly)",jobspy_indeed,https://www.indeed.com/viewjob?jk=8821f3fb7684b927,"","2026-04-09"
0,"","Property Management Intern - Summer 2026","Anchor Health Properties","United States","","",jobspy_indeed,https://www.indeed.com/viewjob?jk=d7244058e75b98db,"","2026-04-09"
0,"","Senior Space Systems Engineer","BTAS","United States","","",jobspy_indeed,https://www.indeed.com/viewjob?jk=7d2827c4dee661b0,"","2026-04-09"
0,"","FN Americas CDO Customer Engineer","Nokia","United States","","",jobspy_indeed,https://www.indeed.com/viewjob?jk=d25f09a7ebfdf498,"","2026-04-09"
0,"","University Relations Recruiter","Persistent Systems LLC","United States","","$73,000 - $91,000 (yearly)",jobspy_indeed,https://www.indeed.com/viewjob?jk=46eac0a054fd1eaf,"","2026-04-08"
0,"","CMT Field Technician","Universal Engineering Sciences","United States","","",jobspy_indeed,https://www.indeed.com/viewjob?jk=695e19e114b54dc8,"","2026-04-08"
0,"","Data Labeler Manager","Tesla","United States","","",jobspy_indeed,https://www.indeed.com/viewjob?jk=1e465a0eee8213b6,"","2026-04-07"
0,"","Unreal Engine Game Developer","nan","Remote","","",jobspy_indeed,https://www.indeed.com/viewjob?jk=3feb7a0a9c0b1ad4,"","2026-04-08"
0,"","Research Associate / Postdoctoral Researcher","nan","Remote","","",jobspy_indeed,https://www.indeed.com/viewjob?jk=37f661bb12fddd45,"","2026-04-05"
0,"","Principal Lead Engineer","nan","Remote","","",jobspy_indeed,https://www.indeed.com/viewjob?jk=47450a317c1043ff,"","2026-04-03"
0,"","Software Developer","HealthEdge Software, Inc.","Remote","","$115,000 - $132,000 (yearly)",jobspy_indeed,https://www.indeed.com/viewjob?jk=c3ab3445a7338386,"","2026-04-07"
0,"","Senior Design Engineer - Electronic Security","Diversified","Remote","","$122,600 - $165,900 (yearly)",jobspy_indeed,https://www.indeed.com/viewjob?jk=9aa18a6b076c2b4c,"","2026-04-07"
0,"","Enterprise Data Warehouse Engineer","ASPCA","Remote","","$125,000 - $130,000 (yearly)",jobspy_indeed,https://www.indeed.com/viewjob?jk=1300aab23c7eb337,"","2026-04-07"
0,"","Director, AI & Process Automation","RingCentral","Remote","","",jobspy_indeed,https://www.indeed.com/viewjob?jk=5add46eac99b281a,"","2026-04-07"
0,"","Upmarket Solutions Engineer","Zoom Communications","Remote","","$131,200 - $262,400 (yearly)",jobspy_indeed,https://www.indeed.com/viewjob?jk=811cfe47bd46d3e3,"","2026-04-07"
0,"","Lead Product Designer, Bluebook Platform","College Board","Remote","","$123,000 - $170,000 (yearly)",jobspy_indeed,https://www.indeed.com/viewjob?jk=43878818fd4021c8,"","2026-04-07"
0,"","Content Strategist","Certara","Remote","","",jobspy_indeed,https://www.indeed.com/viewjob?jk=a780011522ab49a3,"","2026-04-07"
0,"","Knowledge Base Associate I","HighLevel","Remote","","$45,000 - $55,000 (yearly)",jobspy_indeed,https://www.indeed.com/viewjob?jk=7d45823725e06127,"","2026-04-07"
0,"","Software Engineer Interim / AI / OpenClaw","Cardiff","Remote","","$40,000 - $60,000 (yearly)",jobspy_indeed,https://www.indeed.com/viewjob?jk=434d7c4eb6f64613,"","2026-04-07"
0,"","Conversational AI & Agentic Support Automation Intern, Salesforce","Actian Corporation","Remote","","$20 - $30 (hourly)",jobspy_indeed,https://www.indeed.com/viewjob?jk=c3b8257b9c20bb3c,"","2026-04-07"
0,"","Field Application Manager Southwest","Prysmian Group","Remote","","",jobspy_indeed,https://www.indeed.com/viewjob?jk=3a4505098f101781,"","2026-04-07"
0,"","Clinical Insights Manager","Vave Health","Remote","","$110,000 - $140,000 (yearly)",jobspy_indeed,https://www.indeed.com/viewjob?jk=82021450a59fc32f,"","2026-04-07"
0,"","Manager, Marketing Programs (8 Month Term)","Kinaxis","Remote","","",jobspy_indeed,https://www.indeed.com/viewjob?jk=2b3c18398d07f170,"","2026-04-06"
0,"","Full Stack Engineer 4 - Core Catalog","Netflix","Remote","","$250,000 - $413,000 (yearly)",jobspy_indeed,https://www.indeed.com/viewjob?jk=1380f43c568bbbb8,"","2026-04-06"
0,"","Senior Telecommunications Engineering Specialist","DMI","Remote","","",jobspy_indeed,https://www.indeed.com/viewjob?jk=44189b1450858906,"","2026-04-06"
0,"","Energy Solutions Advisor","Navigate Power & Verde Solutions","Remote","","$50,000 - $250,000 (yearly)",jobspy_indeed,https://www.indeed.com/viewjob?jk=dd1f0acaa79bd188,"","2026-04-06"
0,"","Product Manager","Phase2","Remote","","$115,000 - $135,000 (yearly)",jobspy_indeed,https://www.indeed.com/viewjob?jk=b3c9408e6023f8a9,"","2026-04-06"
0,"","Full Stack Developer","ON1Y ","Remote","","$100 - $500 (daily)",jobspy_indeed,https://www.indeed.com/viewjob?jk=48964c1a46a44247,"","2026-04-06"
0,"","Fractional Jr. CFO, Advanced Controller or Analyst","Weekly Accounting","Remote","","$60,000 - $150,000 (yearly)",jobspy_indeed,https://www.indeed.com/viewjob?jk=c787cdaf72299166,"","2026-04-06"
0,"","Senior Structural Designer","Stanley Consultants","Remote","","",jobspy_indeed,https://www.indeed.com/viewjob?jk=87e73d825a9639fc,"","2026-01-29"
0,"","Autopsy Technician","Northwestern Medicine","Chicago, Illinois","","$24 - $34 (hourly)",jobspy_indeed,https://www.indeed.com/viewjob?jk=6b0de0d40010ce5a,"","2026-04-09"
0,"","Patient Care Tech-General Medicine 16W Full-time Nights","Northwestern Medicine","Chicago, Illinois","","",jobspy_indeed,https://www.indeed.com/viewjob?jk=8a86ba9269f0f5c9,"","2026-04-08"
0,"","Patient Care Tech-CVT Stepdown 12G Full-time Nights","Northwestern Medicine","Chicago, Illinois","","",jobspy_indeed,https://www.indeed.com/viewjob?jk=9120ec5cae4d18a6,"","2026-04-08"
0,"","Patient Care Tech-Medical Oncology 14P Part-time Nights","Northwestern Medicine","Chicago, Illinois","","",jobspy_indeed,https://www.indeed.com/viewjob?jk=e7474f3d66eae9a9,"","2026-04-08"
0,"","Patient Care Tech-Orthopedics 14W Part-time Days","Northwestern Medicine","Chicago, Illinois","","",jobspy_indeed,https://www.indeed.com/viewjob?jk=7d599f766d8a3d06,"","2026-04-08"
0,"","Registered Nurse-Ortho/Neuro Part Time Nights","Northwestern Medicine","Chicago, Illinois","","$34 - $55 (hourly)",jobspy_indeed,https://www.indeed.com/viewjob?jk=3a48bf848308701a,"","2026-04-08"
0,"","Registered Nurse-Emergency Services Full Time Nights","Northwestern Medicine","Chicago, Illinois","","$34 - $55 (hourly)",jobspy_indeed,https://www.indeed.com/viewjob?jk=f9329f1b758b110b,"","2026-04-08"
0,"","Registered Nurse-Hospital At Home Part Time Days","Northwestern Medicine","Chicago, Illinois","","$37 - $59 (hourly)",jobspy_indeed,https://www.indeed.com/viewjob?jk=b6ba106168d81450,"","2026-04-08"
0,"","Housekeeping Technician","Northwestern Medicine","Chicago, Illinois","","$17 - $22 (hourly)",jobspy_indeed,https://www.indeed.com/viewjob?jk=0d007bfd9f5aa060,"","2026-04-08"
0,"","Engineering Manager, Distribution","Milhouse Engineering and Construction, Inc.","Chicago, Illinois","","$141,400 - $178,100 (yearly)",jobspy_indeed,https://www.indeed.com/viewjob?jk=d3ce398967d44a81,"","2026-04-08"
0,"","Registered Behavior Technician (RBT) - Pilsen","The Place for Children with Autism","Chicago, Illinois","","$17 - $24 (hourly)",jobspy_indeed,https://www.indeed.com/viewjob?jk=55c051a55b96600b,"","2026-04-08"
0,"","Clinical Pharmacist","Northwestern Medicine","Chicago, Illinois","","$62 - $86 (hourly)",jobspy_indeed,https://www.indeed.com/viewjob?jk=6838d79c0fef4abf,"","2026-04-08"
0,"","Pathway to START Program (Summer 2026)","Tesla","Chicago, Illinois","","",jobspy_indeed,https://www.indeed.com/viewjob?jk=5864dfa915c3abdf,"","2026-04-02"
0,"","X-Ray Technologist - Per Diem","Optum","New York, New York","","$23 - $42 (hourly)",jobspy_indeed,https://www.indeed.com/viewjob?jk=1d5abf8607ca4a0b,"","2026-04-09"
0,"","Sleep - Polysomnograph - Technologist - Optum","Optum","New York, New York","","$23 - $42 (hourly)",jobspy_indeed,https://www.indeed.com/viewjob?jk=e435f412763a6887,"","2026-04-09"
0,"","IT Support Specialist","Delta Galil","New York, New York","","$75,000 - $95,000 (yearly)",jobspy_indeed,https://www.indeed.com/viewjob?jk=84aa0546d697d593,"","2026-04-08"
0,"","Marine Rigger/Electrician","SAFE HARBOR MARINAS","New York, New York","","$35 - $50 (hourly)",jobspy_indeed,https://www.indeed.com/viewjob?jk=054668f32ecf6a27,"","2026-04-08"
0,"","Detail Technician","Crash Champions Collision Repair Team","New York, New York","","$15 - $25 (hourly)",jobspy_indeed,https://www.indeed.com/viewjob?jk=32086b8bbab95cb3,"","2026-04-08"
0,"","EMT","On Time Medical Transportation","New York, New York","","$22 - $23 (hourly)",jobspy_indeed,https://www.indeed.com/viewjob?jk=f84d7bfc5202b658,"","2026-04-08"
0,"","Surgical Tech - Per Diem - Ambulatory Surgery Center","Summit Health","New York, New York","","$30 - $38 (hourly)",jobspy_indeed,https://www.indeed.com/viewjob?jk=8a7c731adf36e034,"","2026-04-07"
0,"","Infusion Pharmacy Technician","Summit Health","New York, New York","","$23 - $28 (hourly)",jobspy_indeed,https://www.indeed.com/viewjob?jk=06d1ad890b8cdaf0,"","2026-04-07"
0,"","Cardiac Monitoring Technician","Philips","New York, New York","","$21 - $35 (hourly)",jobspy_indeed,https://www.indeed.com/viewjob?jk=5898157036881430,"","2026-04-07"
0,"","Head of Performance Marketing & Acquisition","Stepful","New York, New York","","$180,000 - $210,000 (yearly)",jobspy_indeed,https://www.indeed.com/viewjob?jk=8e882ac000a6f592,"","2026-04-07"
0,"","Director, Performance Marketing","Stepful","New York, New York","","$180,000 - $210,000 (yearly)",jobspy_indeed,https://www.indeed.com/viewjob?jk=e3f199021b360c44,"","2026-04-07"
0,"","Phlebotomist - Clinical Lab","Summit Health","New York, New York","","$17 - $21 (hourly)",jobspy_indeed,https://www.indeed.com/viewjob?jk=11de8428b6ce1fe9,"","2026-04-07"
0,"","Outpatient Care Technician, Float - Pediatrics","Summit Health","New York, New York","","$17 - $21 (hourly)",jobspy_indeed,https://www.indeed.com/viewjob?jk=db912344f4d407a4,"","2026-04-06"
0,"","Medical Spa Laser Technician and Esthetician","Advanced Derm Online","New York, New York","","$17 - $28 (hourly)",jobspy_indeed,https://www.indeed.com/viewjob?jk=4d28d20bf714e2b3,"","2026-04-07"
0,"","Clinic Manager - Queens - Long Island City","Bond Vet","New York, New York","","$75,000 - $90,000 (yearly)",jobspy_indeed,https://www.indeed.com/viewjob?jk=c455251140ac8b30,"","2026-04-07"
0,"","Anesthesia Technician -Per Diem- NYP-Morgan Stanley Children's Hospital- Evenings","NewYork-Presbyterian Hospital","New York, New York","","",jobspy_indeed,https://www.indeed.com/viewjob?jk=cc79384abbfd7210,"","2026-04-06"
0,"","Licensed Veterinary Technician","Veterinary Practice Partners","New York, New York","","$25 - $29 (hourly)",jobspy_indeed,https://www.indeed.com/viewjob?jk=bcbd09930f34f119,"","2026-04-06"
0,"","Licensed Veterinary Technician","Pound Ridge Veterinary Center","New York, New York","","$25 - $29 (hourly)",jobspy_indeed,https://www.indeed.com/viewjob?jk=e0d5edc606398828,"","2026-04-06"
0,"","Histology Tech I","Summit Health","New York, New York","","$25 - $32 (hourly)",jobspy_indeed,https://www.indeed.com/viewjob?jk=397af74d43df524c,"","2026-04-06"
0,"","Fabrication D","FISICA","San Francisco, California","","$29 - $54 (hourly)",jobspy_indeed,https://www.indeed.com/viewjob?jk=c3a51aa33a52ee98,"","2026-04-08"
0,"","Operations Manager – Electrical Contracting","ClearWay Electric LLC","San Francisco, California","","$60,000 - $100,000 (yearly)",jobspy_indeed,https://www.indeed.com/viewjob?jk=ff0f735931a49562,"","2026-04-08"
0,"","Facility Maintenance Technician","MedVet","San Francisco, California","","$33 - $44 (hourly)",jobspy_indeed,https://www.indeed.com/viewjob?jk=06d3140d7ac98775,"","2026-04-08"
0,"","Calibration Technician","Allogene Therapeutics","San Francisco, California","","$35 - $40 (hourly)",jobspy_indeed,https://www.indeed.com/viewjob?jk=107f68a29f9a9dbd,"","2026-04-08"
0,"","CNC Machinist & Hardware Technician (Full or Part Time)","nan","San Francisco, California","","$40 - $60 (hourly)",jobspy_indeed,https://www.indeed.com/viewjob?jk=c3bb088209149da4,"","2026-04-08"
0,"","Cardiac Monitoring Technician","Philips","San Francisco, California","","$23 - $35 (hourly)",jobspy_indeed,https://www.indeed.com/viewjob?jk=9126fce71faad4ff,"","2026-04-07"
0,"","Veterinary Assistant","PetVet Care Centers","San Francisco, California","","$20 - $25 (hourly)",jobspy_indeed,https://www.indeed.com/viewjob?jk=6effded83e767f8b,"","2026-04-07"
0,"","Registered Veterinary Technician","PetVet Care Centers","San Francisco, California","","$23 - $28 (hourly)",jobspy_indeed,https://www.indeed.com/viewjob?jk=5444756d85747724,"","2026-04-07"
0,"","Metrology Lab Technician","UST","San Francisco, California","","$40,000 - $60,000 (yearly)",jobspy_indeed,https://www.indeed.com/viewjob?jk=da97dac0dec03b7b,"","2026-04-06"
0,"","Account Manager-San Francisco","CBRE","San Francisco, California","","$120,500 - $150,000 (yearly)",jobspy_indeed,https://www.indeed.com/viewjob?jk=d2d286c3dce4299e,"","2026-04-06"
0,"","SOL PT - Physical Therapist","Alliance Physical Therapy Partners","San Francisco, California","","$95,000 - $120,000 (yearly)",jobspy_indeed,https://www.indeed.com/viewjob?jk=914e1cf1d8f9d0ee,"","2026-04-06"
0,"","Boat Painter","SAFE HARBOR MARINAS","San Francisco, California","","$32 - $39 (hourly)",jobspy_indeed,https://www.indeed.com/viewjob?jk=b5cb8fbf18cc4e6e,"","2026-04-06"
0,"","Technician (Mechanic)","SAFE HARBOR MARINAS","San Francisco, California","","$35 - $46 (hourly)",jobspy_indeed,https://www.indeed.com/viewjob?jk=be724493465f6635,"","2026-04-06"
0,"","RVT or Veterinary Assistant for Inpatient Deartment Wanted!","San Francisco Animal Medical Center (SFAMC)","San Francisco, California","","$26 - $42 (hourly)",jobspy_indeed,https://www.indeed.com/viewjob?jk=d208d6dff542e8ef,"","2026-04-05"
0,"","Senior Electrical Engineer","Fresh Consulting","San Francisco, California","","$75 - $85 (hourly)",jobspy_indeed,https://www.indeed.com/viewjob?jk=dcad2ecbad23aa91,"","2026-04-03"
0,"","Diesel Technician","Ryder System","San Francisco, California","","",jobspy_indeed,https://www.indeed.com/viewjob?jk=9cfa21edd4e7c1f8,"","2026-04-03"
0,"","Field Services Technician 2","Cubic Corporation","San Francisco, California","","",jobspy_indeed,https://www.indeed.com/viewjob?jk=62d8f493717ebcab,"","2026-04-03"
0,"","Pharmacy Technician/Laboratory Technician","San Francisco Animal Medical Center (SFAMC)","San Francisco, California","","$22 - $25 (hourly)",jobspy_indeed,https://www.indeed.com/viewjob?jk=d60a6edee6c74f25,"","2026-04-03"
0,"","Collision Estimator","Crash Champions Collision Repair Team","San Francisco, California","","$73,840 - $155,000 (yearly)",jobspy_indeed,https://www.indeed.com/viewjob?jk=b677023fb5e02c5c,"","2026-04-02"
0,"","Project Estimator - Dublin","T and D Communications","San Francisco, California","","",jobspy_indeed,https://www.indeed.com/viewjob?jk=06aaee6ead444be9,"","2026-04-02"
0,"","Engineering Maintenance Technician","Amazon.com","San Francisco, California","","$43 - $75 (hourly)",jobspy_indeed,https://www.indeed.com/viewjob?jk=068f737a94c08cc6,"","2026-03-21"
0,"","Patient Care Technician Pulse CCU","MultiCare Health System","Seattle, Washington","","$23 - $39 (hourly)",jobspy_indeed,https://www.indeed.com/viewjob?jk=46d16cb69bbda2b0,"","2026-04-08"
0,"","Quality Control, Reliability and Safety Technician (QCRS) – Primary Grounds & Janitorial","nan","Seattle, Washington","","",jobspy_indeed,https://www.indeed.com/viewjob?jk=52affd1208b81744,"","2026-04-08"
0,"","Waxing Specialist","nan","Seattle, Washington","","",jobspy_indeed,https://www.indeed.com/viewjob?jk=8bf3c666acb8a457,"","2026-04-02"
0,"","BCBA or LABA – Flexibility, Mentorship, ND-Affirming ABA","Prism Behavioral Consulting","Seattle, Washington","","$70,000 - $130,000 (yearly)",jobspy_indeed,https://www.indeed.com/viewjob?jk=6553a4cb153cba5b,"","2026-04-07"
0,"","Veterinary Assistant/Veterinary Technician (Swing Shift)","PetVet Care Centers","Seattle, Washington","","",jobspy_indeed,https://www.indeed.com/viewjob?jk=3ff4b3abd5cd99a2,"","2026-04-07"
0,"","Clinical Nutrition Technician","Imagine Pediatrics","Seattle, Washington","","$22 - $30 (hourly)",jobspy_indeed,https://www.indeed.com/viewjob?jk=cde0ca07fcac8fd4,"","2026-04-06"
0,"","Project Engineer","Evergreen Fire & Security","Seattle, Washington","","$85,000 - $110,000 (yearly)",jobspy_indeed,https://www.indeed.com/viewjob?jk=6d683e808afd12be,"","2026-04-06"
0,"","Elite Physical Therapy-Pelvic Floor Physical Therapist","Alliance Physical Therapy Partners","Seattle, Washington","","$88,000 - $100,000 (yearly)",jobspy_indeed,https://www.indeed.com/viewjob?jk=acb54320ba8d12f6,"","2026-04-03"
0,"","Technical Training Program Manager, Substation Operations","Puget Sound Energy","Seattle, Washington","","$94,300 - $156,900 (yearly)",jobspy_indeed,https://www.indeed.com/viewjob?jk=8a8ea590b8ccd739,"","2026-04-03"
0,"","Senior Electrical Engineer","Fresh Consulting","Seattle, Washington","","$75 - $85 (hourly)",jobspy_indeed,https://www.indeed.com/viewjob?jk=06785d3fff9975ef,"","2026-04-02"
0,"","Climate & Remediation Setup Technician","Herc Rentals","Boston, Massachusetts","","",jobspy_indeed,https://www.indeed.com/viewjob?jk=a1563a20d9f67f7d,"","2026-04-09"
0,"","Diesel Mechanic Technician","Ryder System","Boston, Massachusetts","","",jobspy_indeed,https://www.indeed.com/viewjob?jk=104cc46cb398fa8d,"","2026-04-08"
0,"","Lead Clinical Pharmacist at Winchester Center for Cancer Care","Beth Israel Lahey Health","Boston, Massachusetts","","$65 - $82 (hourly)",jobspy_indeed,https://www.indeed.com/viewjob?jk=7857599be8725b9e,"","2026-04-08"
0,"","Board Certified Behavior Analyst (BCBA)","Community Autism Services","Boston, Massachusetts","","$80,000 - $95,000 (yearly)",jobspy_indeed,https://www.indeed.com/viewjob?jk=bae1cb6fd2d7c6ce,"","2026-04-08"
0,"","Certified Veterinary Technician","Marlboro Animal Hospital","Boston, Massachusetts","","$26 - $30 (hourly)",jobspy_indeed,https://www.indeed.com/viewjob?jk=8a500c72e9d81337,"","2026-04-07"
0,"","Field Technician I","EPS","Boston, Massachusetts","","",jobspy_indeed,https://www.indeed.com/viewjob?jk=3c7bbb0dc33e0926,"","2026-04-07"
0,"","Clinical Pharmacist Specialist – Inpatient Hematology/Oncology","Beth Israel Lahey Health","Boston, Massachusetts","","$61 - $78 (hourly)",jobspy_indeed,https://www.indeed.com/viewjob?jk=6deaeeab8be0473d,"","2026-04-07"
0,"","Medical Assistant Lead, Orthopedics","nan","Boston, Massachusetts","","$19 - $27 (hourly)",jobspy_indeed,https://www.indeed.com/viewjob?jk=b23923a0f2629b8c,"","2026-04-07"
0,"","HVAC Service Manager","Crete United","Boston, Massachusetts","","$90,000 - $120,000 (yearly)",jobspy_indeed,https://www.indeed.com/viewjob?jk=dfa12ec8b658ca47,"","2026-04-07"
0,"","Veterinary Assistant","Putnam Veterinary Clinic","Boston, Massachusetts","","$20 - $25 (hourly)",jobspy_indeed,https://www.indeed.com/viewjob?jk=5bc558421f14d82a,"","2026-04-07"
0,"","Construction Materials Testing Technician / QC Inspector","Atlas Technical Consultants","Boston, Massachusetts","","$23 - $30 (hourly)",jobspy_indeed,https://www.indeed.com/viewjob?jk=8042cd2a0537cd42,"","2026-04-07"
0,"","Dispatcher","Nextech","Boston, Massachusetts","","$21 - $22 (hourly)",jobspy_indeed,https://www.indeed.com/viewjob?jk=79324f90b7da3154,"","2026-04-06"
0,"","Acute Care Medical Assistant (MA) - Boston, MA","Gather Health","Boston, Massachusetts","","$25 - $30 (hourly)",jobspy_indeed,https://www.indeed.com/viewjob?jk=d6dd8c7204092042,"","2026-04-06"
0,"","Behavior Analyst (BCBA) - WFH Days & Flex Scheduling!","Autism Learning Partners","Boston, Massachusetts","","$85,000 - $110,000 (yearly)",jobspy_indeed,https://www.indeed.com/viewjob?jk=0c2636c967cbd9f2,"","2026-04-03"
0,"","Porsche Automotive Technician","EPE","Boston, Massachusetts","","$65,000 - $130,000 (yearly)",jobspy_indeed,https://www.indeed.com/viewjob?jk=5e7c13d767e4f75e,"","2026-04-03"
0,"","Clinical Pharmacist II – ED/ICU Float","Beth Israel Lahey Health","Boston, Massachusetts","","$61 - $82 (hourly)",jobspy_indeed,https://www.indeed.com/viewjob?jk=82982e68fe3a640c,"","2026-04-03"
0,"","Benign Gynecologist, Menopause focus, Hybrid Remote","Beth Israel Lahey Health","Boston, Massachusetts","","$350,000 - $450,000 (yearly)",jobspy_indeed,https://www.indeed.com/viewjob?jk=d54026c22f5fb1a3,"","2026-04-02"
0,"","Veterinary Assistant","Commonwealth Veterinary Hospital","Boston, Massachusetts","","",jobspy_indeed,https://www.indeed.com/viewjob?jk=ddff09df914f5437,"","2026-04-02"
0,"","Gastroenterologist","Gastro Health","Boston, Massachusetts","","$500,000 - $750,000 (yearly)",jobspy_indeed,https://www.indeed.com/viewjob?jk=c722c6e982ffbd2c,"","2026-04-01"
0,"","Veterinary Assistant","Marlboro Animal Hospital","Boston, Massachusetts","","",jobspy_indeed,https://www.indeed.com/viewjob?jk=2066539134d80195,"","2026-03-26"
0,"","Associate Veterinarian-Full-Time","Spring Animal Hospital","Los Angeles, California","","$160,000 - $180,000 (yearly)",jobspy_indeed,https://www.indeed.com/viewjob?jk=d2d2e939a1e0d3c1,"","2026-04-09"
0,"","Associate Veterinarian-Full Time","PetVet Care Centers","Los Angeles, California","","$160,000 - $180,000 (yearly)",jobspy_indeed,https://www.indeed.com/viewjob?jk=bbbf931a5209123d,"","2026-04-09"
0,"","Avionics Specialist (Harnessing)","nan","Los Angeles, California","","$110,000 - $140,000 (yearly)",jobspy_indeed,https://www.indeed.com/viewjob?jk=6ae704f49182bbe4,"","2026-04-09"
0,"","Assistant Administrator EBSH Group Home","Nor Companies","Los Angeles, California","","",jobspy_indeed,https://www.indeed.com/viewjob?jk=44fa2e6bfd23e2e4,"","2026-04-09"
0,"","Dispatcher","Nextech","Los Angeles, California","","$23 - $29 (hourly)",jobspy_indeed,https://www.indeed.com/viewjob?jk=1aa038867f7cd26a,"","2026-04-08"
0,"","Medical Ophthalmologist - Part Time","NVISION Eye Centers","Los Angeles, California","","$600 - $700 (daily)",jobspy_indeed,https://www.indeed.com/viewjob?jk=d36dc33e60ec1da9,"","2026-04-08"
0,"","Support Engineer, Manufacturing Technician, Quantum Computing","Amazon Web Services","Los Angeles, California","","$90,400 - $158,200 (yearly)",jobspy_indeed,https://www.indeed.com/viewjob?jk=5d23351667577060,"","2026-04-08"
0,"","NASA JPL Reliability Centered Maintenance Manager","The Bizzell Group","Los Angeles, California","","$120,000 - $134,000 (yearly)",jobspy_indeed,https://www.indeed.com/viewjob?jk=7d74f2bfe6e1415f,"","2026-04-08"
0,"","Maintenance Area Manager, 2nd Shift","VF Corporation","Los Angeles, California","","$96,800 - $121,000 (yearly)",jobspy_indeed,https://www.indeed.com/viewjob?jk=d5051b666e2f058f,"","2026-04-07"
0,"","OFFICE TECHNICIAN (TYPING)","California State Personnel Board","Los Angeles, California","","$3,829 - $4,794 (monthly)",jobspy_indeed,https://www.indeed.com/viewjob?jk=dad35c9220396fcd,"","2026-04-07"
0,"","General Manager","UFC GYM","Los Angeles, California","","$110,000 - $130,000 (yearly)",jobspy_indeed,https://www.indeed.com/viewjob?jk=530d3d87e9e84e09,"","2026-04-07"
0,"","Collision Estimator","Crash Champions Collision Repair Team","Los Angeles, California","","$69,810 - $155,000 (yearly)",jobspy_indeed,https://www.indeed.com/viewjob?jk=aa8d6af572b2719e,"","2026-04-06"
0,"","Board Certified Behavior Analyst (BCBA)","Community Autism Services","Los Angeles, California","","$85,000 - $95,000 (yearly)",jobspy_indeed,https://www.indeed.com/viewjob?jk=635882f0fac32fc2,"","2026-04-06"
0,"","Behavior Analyst (BCBA) - Hybrid","Autism Learning Partners","Los Angeles, California","","",jobspy_indeed,https://www.indeed.com/viewjob?jk=79ef0fdb2e9b19cc,"","2026-04-06"
0,"","Heavy Equipment Rental Field Technician","Pape' Machinery Inc","Los Angeles, California","","$34 - $45 (hourly)",jobspy_indeed,https://www.indeed.com/viewjob?jk=f62a13beec4a86ad,"","2026-04-06"
0,"","Behavior Technician (Bachelor's Degree Required)","Coyne & Associates","Los Angeles, California","","$21 - $27 (hourly)",jobspy_indeed,https://www.indeed.com/viewjob?jk=5c62ceb152a3c4b2,"","2026-04-06"
0,"","Behavior Technician (60 College Credits Required)","Coyne & Associates","Los Angeles, California","","$21 - $27 (hourly)",jobspy_indeed,https://www.indeed.com/viewjob?jk=072d67726d36e2e8,"","2026-04-03"
0,"","Auto Body Technician","Crash Champions Collision Repair Team","Los Angeles, California","","$69,940 - $180,000 (yearly)",jobspy_indeed,https://www.indeed.com/viewjob?jk=5b27e11527fa9f04,"","2026-03-26"
0,"","Wound Care Technician/Medical Assistant or EMT or LVN - Wound Care - Jovive Wound Care - Mission Viejo","Vituity","Los Angeles, California","","$25 - $32 (hourly)",jobspy_indeed,https://www.indeed.com/viewjob?jk=e4c381fd99fd44fa,"","2026-02-24"
0,"","Work with Kids (Paid Training Provided) – Behavior Tech- Autism Care","Alpha & Omega Kids Developmental Services","Washington, DC","","$20 - $32 (hourly)",jobspy_indeed,https://www.indeed.com/viewjob?jk=b4aa136dca0ce9b8,"","2026-04-08"
0,"","Finish Carpenter / Installer","VELUM DESIGN","Washington, DC","","",jobspy_indeed,https://www.indeed.com/viewjob?jk=b70901dbcad0ee22,"","2026-04-08"
0,"","Lead Maintenance Technician","KETTLER","Washington, DC","","$30 - $31 (hourly)",jobspy_indeed,https://www.indeed.com/viewjob?jk=965902df1532ea2c,"","2026-04-08"
0,"","Small Engine Mechanic","ACM Services, Inc.","Washington, DC","","$25 - $30 (hourly)",jobspy_indeed,https://www.indeed.com/viewjob?jk=c66826d971fcdd67,"","2026-04-08"
0,"","Golf Cart & Small Engine Technician","Custom Cartz LLC","Washington, DC","","$18 - $20 (hourly)",jobspy_indeed,https://www.indeed.com/viewjob?jk=696d73c771866df5,"","2026-04-08"
0,"","Veterinary Assistant","Dr. Boyd's Veterinary Resort","Washington, DC","","$20 - $26 (hourly)",jobspy_indeed,https://www.indeed.com/viewjob?jk=eb5492417624c70e,"","2026-04-07"
0,"","Registered Veterinary Technician","Banfield Pet Hospital","Washington, DC","","$23 - $33 (hourly)",jobspy_indeed,https://www.indeed.com/viewjob?jk=31477eb6f906c137,"","2026-04-07"
0,"","Data Center Technician, ADC InfraOps DCO","Amazon.com","Washington, DC","","$30 - $54 (hourly)",jobspy_indeed,https://www.indeed.com/viewjob?jk=29541e9974654e79,"","2026-04-07"
0,"","Infra Delivery Install Technician","Amazon.com","Washington, DC","","$30 - $54 (hourly)",jobspy_indeed,https://www.indeed.com/viewjob?jk=ec0745b2698ca63e,"","2026-04-07"
0,"","Engineering Operations Tech, AWS Cleared Jobs","Amazon.com","Washington, DC","","$37 - $65 (hourly)",jobspy_indeed,https://www.indeed.com/viewjob?jk=2b62b263a29e26e0,"","2026-04-07"
0,"","Data Center Engineering Operations Technician - Northern Virginia, Amazon Publisher Services","Amazon.com","Washington, DC","","$37 - $65 (hourly)",jobspy_indeed,https://www.indeed.com/viewjob?jk=5e0d644e8b17823a,"","2026-01-27"
0,"","Maintenance Equipment Technician","Moore","Washington, DC","","$24 - $27 (hourly)",jobspy_indeed,https://www.indeed.com/viewjob?jk=711af0cd91dce8d2,"","2026-04-07"
0,"","Maintenance","Moore","Washington, DC","","$24 - $27 (hourly)",jobspy_indeed,https://www.indeed.com/viewjob?jk=7cb94e1aef9deca9,"","2026-04-07"
0,"","Diesel Mechanic","Nielsen Automotive Services","Washington, DC","","$35 - $55 (hourly)",jobspy_indeed,https://www.indeed.com/viewjob?jk=fc2faabd5c580ec8,"","2026-04-07"
0,"","Energy Consultant","Nova Renewables","Washington, DC","","$120,000 - $140,000 (yearly)",jobspy_indeed,https://www.indeed.com/viewjob?jk=1d4f147c7bad24ea,"","2026-04-07"
0,"","Mid-level Help Desk Support Technician","Chenega Corporation","Washington, DC","","",jobspy_indeed,https://www.indeed.com/viewjob?jk=e0b931bfedb94baf,"","2026-04-07"
0,"","PT or FT Optometrist - Fredericksburg, VA","Clarkson Eyecare","Washington, DC","","",jobspy_indeed,https://www.indeed.com/viewjob?jk=b83c31af89e713ed,"","2026-04-06"
0,"","Optometrist - Medical in Alexandria, VA","Clarkson Eyecare","Washington, DC","","",jobspy_indeed,https://www.indeed.com/viewjob?jk=b8ad899cb9a89b9e,"","2026-04-06"
0,"","Veterinary Assistant","nan","Washington, DC","","$24 - $26 (hourly)",jobspy_indeed,https://www.indeed.com/viewjob?jk=0d62141688336dea,"","2026-03-19"
0,"","Maintenance","nan","Washington, DC","","$24 - $27 (hourly)",jobspy_indeed,https://www.indeed.com/viewjob?jk=dbf0847490eda9d7,"","2025-05-19"
0,"","Maintenance Equipment Technician","nan","Washington, DC","","$24 - $27 (hourly)",jobspy_indeed,https://www.indeed.com/viewjob?jk=2778c605b40ea512,"","2025-04-25"
0,"","Associate Veterinarian - Full Time","PetVet Care Centers","United States","","$160,000 - $180,000 (yearly)",jobspy_indeed,https://www.indeed.com/viewjob?jk=f76f3391b7f30393,"","2026-04-09"
0,"","Collision Estimator","Crash Champions Collision Repair Team","United States","","$65,000 - $137,330 (yearly)",jobspy_indeed,https://www.indeed.com/viewjob?jk=3cc9a0f4d0cb66b7,"","2026-04-08"
0,"","Sterilizing Tech I Full-Time Rotating Shift","Northwestern Medicine","United States","","$18 - $26 (hourly)",jobspy_indeed,https://www.indeed.com/viewjob?jk=e5b8169ba441ce8c,"","2026-04-08"
0,"","Physician Coding Educator - Professional Coding Academy","Atrium Health","Remote","","$30 - $46 (hourly)",jobspy_indeed,https://www.indeed.com/viewjob?jk=efeeb75fe8df59cf,"","2026-04-06"
0,"","Industrial Hygiene Technician","Atlas Technical Consultants","Remote","","$75,000 - $95,000 (yearly)",jobspy_indeed,https://www.indeed.com/viewjob?jk=263b3a2da10f78d1,"","2026-04-02"
0,"","CNC Programmer Operator","Rainier Richlite /Skatelite","Seattle, Washington","","$23 - $40 (hourly)",jobspy_indeed,https://www.indeed.com/viewjob?jk=ba577daeb1e6c382,"","2026-04-02"
0,"","CNC Programmer","Caran Precision","Los Angeles, California","","$45 - $55 (hourly)",jobspy_indeed,https://www.indeed.com/viewjob?jk=4884f3c478b465a8,"","2026-04-03"
0,"","Civil Engineer (Transportation) - DIRECT HIRE-SME","US Federal Highway Administration","Washington, DC","","$85,447 - $133,142 (yearly)",jobspy_indeed,https://www.indeed.com/viewjob?jk=4a656aa287ef56e6,"","2026-04-08"
0,"","Service PLC Technician","Astec Industries","United States","","",jobspy_indeed,https://www.indeed.com/viewjob?jk=e19a25b4b6f3f82e,"","2026-04-08"
0,"","CNC Programmer/Machinist","Kcme Inc.","United States","","$30 - $36 (hourly)",jobspy_indeed,https://www.indeed.com/viewjob?jk=eb203289488c00f2,"","2026-04-08"
0,"","Senior Machinist – Machinist III 4-Axis 3D","GNB Corporation","United States","","$40 - $48 (hourly)",jobspy_indeed,https://www.indeed.com/viewjob?jk=d5368b559adf359a,"","2026-04-07"
0,"","Mainframe Operations","UST","United States","","$40,000 - $60,000 (yearly)",jobspy_indeed,https://www.indeed.com/viewjob?jk=4106ed00e6cfc9e1,"","2026-04-07"
0,"","Application Developer (Information Technology Analyst 2 (40 Hour))","State of Connecticut","United States","","$108,247 - $134,857 (yearly)",jobspy_indeed,https://www.indeed.com/viewjob?jk=d3a81f60caa9543b,"","2026-04-07"
0,"","Open Rank: Staff Associate I, Staff Associate II, or Staff Associate III","Columbia University","United States","","$64,350 - $65,508 (yearly)",jobspy_indeed,https://www.indeed.com/viewjob?jk=936a6e8be07d07d8,"","2026-04-03"
0,"","Video Production Specialist","The Ohio State University","United States","","",jobspy_indeed,https://www.indeed.com/viewjob?jk=ccf88783c5b5abf1,"","2026-04-02"
0,"","Senior Application Developer (APPLICATIONS PROGR 4)","UC Davis Health","United States","","$94,700 - $177,300 (yearly)",jobspy_indeed,https://www.indeed.com/viewjob?jk=b4eb3d73a35aea17,"","2026-04-01"
0,"","Senior Application Developer (APPLICATIONS PROGR 4)","UC Davis","United States","","$94,700 - $177,300 (yearly)",jobspy_indeed,https://www.indeed.com/viewjob?jk=5dd18788a7c82e53,"","2026-04-01"
0,"","Stagehand","CBS News and Stations","Chicago, Illinois","","",jobspy_indeed,https://www.indeed.com/viewjob?jk=35385d56b82e44a0,"","2026-04-03"
0,"","NewsNation - Stagehand - Part-time","Nexstar Media Group, Inc.","New York, New York","","$41 - $55 (hourly)",jobspy_indeed,https://www.indeed.com/viewjob?jk=499f4f1253ebe5a7,"","2026-04-08"
0,"","Live Event & Production Crew Positions - Stagehand/Rigger/Heavy Machine Operator/Scaffolding Climber - Central NJ","RockForce","New York, New York","","$25 - $45 (hourly)",jobspy_indeed,https://www.indeed.com/viewjob?jk=c79af218b365cbb2,"","2026-04-07"
0,"","Stagehand Crew Chief - Mountain Winery","AEG Worldwide","San Francisco, California","","",jobspy_indeed,https://www.indeed.com/viewjob?jk=660700d37376b6ea,"","2026-04-03"
0,"","Event Stagehand - GA","Rhino Staging","United States","","$19 - $22 (hourly)",jobspy_indeed,https://www.indeed.com/viewjob?jk=a3a97d540de9b7b9,"","2026-04-07"
0,"","Stage Hand","MJH Media Group","United States","","$20 - $25 (hourly)",jobspy_indeed,https://www.indeed.com/viewjob?jk=b060e9f6b3bf6b4e,"","2026-04-05"
0,"","LC Stage Hand","City of Fort Collins","United States","","",jobspy_indeed,https://www.indeed.com/viewjob?jk=4b3468b5593354ff,"","2026-04-03"
0,"","Stagehand","Legends Global","United States","","",jobspy_indeed,https://www.indeed.com/viewjob?jk=54b26d5e63bd3738,"","2026-04-02"
0,"","Entry-Level AV Installer / Audio Visual Installation Technician","VIP Production Northwest","United States","","$20 - $30 (hourly)",jobspy_indeed,https://www.indeed.com/viewjob?jk=e530077604489191,"","2026-04-02"
0,"","Steel Hand - RockForce - Nashville, TN","RockForce","United States","","",jobspy_indeed,https://www.indeed.com/viewjob?jk=4a8d227ac3d974e2,"","2026-04-02"
0,"","Event Production Driver/ Stagehand","DZ Productions LLC","United States","","$20 - $30 (hourly)",jobspy_indeed,https://www.indeed.com/viewjob?jk=d8a9c8fda0f68ed3,"","2026-04-02"
0,"","Supervisor Quality Control - 10PM-6:30AM Shift","Medline Industries","Chicago, Illinois","","$79,000 - $119,000 (yearly)",jobspy_indeed,https://www.indeed.com/viewjob?jk=c7bcd24ae16b9d16,"","2026-04-07"
0,"","Production Technician l","AbbVie","Chicago, Illinois","","$18 - $33 (hourly)",jobspy_indeed,https://www.indeed.com/viewjob?jk=c4f33c04c5a27987,"","2026-04-07"
0,"","Technician - Quality Control","Freeman","Chicago, Illinois","","",jobspy_indeed,https://www.indeed.com/viewjob?jk=83408deee2504fd2,"","2026-04-06"
0,"","Principal Food Technician - Technical Service","Ingredion","New York, New York","","",jobspy_indeed,https://www.indeed.com/viewjob?jk=6ea8558b3d306eb6,"","2026-04-08"
0,"","CAD Designer","InProduction","New York, New York","","$22 - $26 (hourly)",jobspy_indeed,https://www.indeed.com/viewjob?jk=c82cb09e68bbf409,"","2026-04-06"
0,"","Warehouse Associate & Event Equipment Technician","Coco Events","New York, New York","","$20 - $25 (hourly)",jobspy_indeed,https://www.indeed.com/viewjob?jk=c70b09f150e79e81,"","2026-04-06"
0,"","Supervisor, Calibration","Ferring Pharmaceuticals, Inc.","New York, New York","","$119,000 - $140,000 (yearly)",jobspy_indeed,https://www.indeed.com/viewjob?jk=a8eea9f904764375,"","2026-04-06"
0,"","Veterinarian Hospital Medical Leader","Petco","New York, New York","","$151,500 - $242,300 (yearly)",jobspy_indeed,https://www.indeed.com/viewjob?jk=3cb55f8bfb42eb20,"","2026-04-03"
0,"","PRODUCTION COORDINATOR","CELLA","San Francisco, California","","$40 - $45 (hourly)",jobspy_indeed,https://www.indeed.com/viewjob?jk=8c47c166acf916ec,"","2026-04-08"
0,"","PROGRAM TECHNICIAN II","California State Personnel Board","San Francisco, California","","$3,833 - $4,804 (monthly)",jobspy_indeed,https://www.indeed.com/viewjob?jk=8cbbdbd3c48070d2,"","2026-04-07"
0,"","Service PCB Technician","FujiFilm","Seattle, Washington","","",jobspy_indeed,https://www.indeed.com/viewjob?jk=d6acbe930252493a,"","2026-04-07"
0,"","Chief Financial Officer (CFO)","South Sound Behavioral Hospital","Seattle, Washington","","$160,000 - $190,000 (yearly)",jobspy_indeed,https://www.indeed.com/viewjob?jk=9aaaf6eec46ec652,"","2026-04-06"
0,"","Security Systems Administrator","Evergreen Fire & Security","Seattle, Washington","","$79,000 - $96,000 (yearly)",jobspy_indeed,https://www.indeed.com/viewjob?jk=aad42f10b744e747,"","2026-04-06"
0,"","Critical Environment Program Manager","Microsoft","Seattle, Washington","","$81,400 - $183,100 (yearly)",jobspy_indeed,https://www.indeed.com/viewjob?jk=6868911959af1d84,"","2026-03-13"
0,"","Salesforce Developer","Locus Robotics","Boston, Massachusetts","","$105,000 - $130,000 (yearly)",jobspy_indeed,https://www.indeed.com/viewjob?jk=8e8942d967b03dd2,"","2026-04-09"
0,"","UPS Technician 3 - Boston, MA","M.C. Dean, Inc.","Boston, Massachusetts","","$34 - $50 (hourly)",jobspy_indeed,https://www.indeed.com/viewjob?jk=0b2fc1b91160bd78,"","2026-04-07"
0,"","Cook II–Per Diem (as needed)","Beth Israel Lahey Health","Boston, Massachusetts","","$20 - $27 (hourly)",jobspy_indeed,https://www.indeed.com/viewjob?jk=0f79e6402dcef36d,"","2026-04-03"
0,"","System Engineer","Symbotic","Boston, Massachusetts","","$71,000 - $97,900 (yearly)",jobspy_indeed,https://www.indeed.com/viewjob?jk=ab558fda09ea779b,"","2026-04-02"
0,"","Project Tech (Elec-Mech) - Precision Instruments","Draper","Boston, Massachusetts","","",jobspy_indeed,https://www.indeed.com/viewjob?jk=34878ef2441819ef,"","2026-04-02"
0,"","Manufacturing Technician II","Nova Biomedical","Boston, Massachusetts","","$32 - $35 (hourly)",jobspy_indeed,https://www.indeed.com/viewjob?jk=18642e1c50516060,"","2026-03-27"
0,"","Warehouse Technician","Pacific Coast Entertainment (PCE)","Los Angeles, California","","$21 - $25 (hourly)",jobspy_indeed,https://www.indeed.com/viewjob?jk=b67aab4a6534ac3a,"","2026-04-06"
0,"","Engineer 2, Fleet EV Center of Excellence","Southern California Edison","Los Angeles, California","","$99,400 - $149,100 (yearly)",jobspy_indeed,https://www.indeed.com/viewjob?jk=2e14fd79a6265668,"","2026-04-02"
0,"","Senior Technician, Uplink Control Center","adswizz","Washington, DC","","$75,000 - $107,925 (yearly)",jobspy_indeed,https://www.indeed.com/viewjob?jk=6a304c1face93c15,"","2026-04-08"
0,"","Technician, Uplink Control Center","adswizz","Washington, DC","","$70,500 - $97,900 (yearly)",jobspy_indeed,https://www.indeed.com/viewjob?jk=8a29b07195771bd2,"","2026-04-08"
0,"","Process Engineer - Fernley, NV","TREX COMPANY","United States","","$68,000 - $128,000 (yearly)",jobspy_indeed,https://www.indeed.com/viewjob?jk=d1203317c5c0a0b4,"","2026-04-09"
0,"","Senior Operator - 2nd Shift (3:30p - 12:00a, M-F)","Central States Manufacturing, Inc.","United States","","",jobspy_indeed,https://www.indeed.com/viewjob?jk=32d6000a5cac695a,"","2026-04-09"
0,"","Civil Engineer/EIT - Entry Level","Wightman","United States","","",jobspy_indeed,https://www.indeed.com/viewjob?jk=bed012031fd56ecb,"","2026-04-09"
0,"","Event Services Production Coordinator","Texas A&M University Commerce","United States","","",jobspy_indeed,https://www.indeed.com/viewjob?jk=d01e99efb6a9cb55,"","2026-04-08"
0,"","Phlebotomy Technician- Inpatient (Full Time/Day Shift)","Penn Medicine","United States","","",jobspy_indeed,https://www.indeed.com/viewjob?jk=bdbd0eb86d15c884,"","2026-04-08"
0,"","Mitigation Project Manager - NRT","Jenkins Restorations","United States","","$80,000 - $110,000 (yearly)",jobspy_indeed,https://www.indeed.com/viewjob?jk=e319e3d41be2f6ab,"","2026-03-13"
0,"","DC Inventory & Asset Technician Manager","Microsoft","United States","","$59,900 - $135,100 (yearly)",jobspy_indeed,https://www.indeed.com/viewjob?jk=217720e4fa948f14,"","2025-12-19"
0,"","Field Calibration Technician","Tektronix","Chicago, Illinois","","$34 - $42 (hourly)",jobspy_indeed,https://www.indeed.com/viewjob?jk=2773cb7fd1996fc7,"","2025-11-13"
0,"","Production/Applications Engineer","Insulated Wire Inc.","New York, New York","","",jobspy_indeed,https://www.indeed.com/viewjob?jk=9cb4d2ff646151d8,"","2026-04-08"
0,"","Antenna/RCS Range Technician","BAE Systems USA","New York, New York","","$68,520 - $109,680 (yearly)",jobspy_indeed,https://www.indeed.com/viewjob?jk=9b1623819b11472a,"","2026-04-02"
0,"","High Split Supervisor – Upstate New York","Pearl Connections","New York, New York","","$60,000 - $90,000 (yearly)",jobspy_indeed,https://www.indeed.com/viewjob?jk=8446a803aca9733c,"","2026-04-04"
0,"","Field Calibration Technician","Tektronix","New York, New York","","$34 - $42 (hourly)",jobspy_indeed,https://www.indeed.com/viewjob?jk=f811849137a880cc,"","2025-11-13"
0,"","Senior Technician, Lab Applications","nan","San Francisco, California","","$33 - $40 (hourly)",jobspy_indeed,https://www.indeed.com/viewjob?jk=8358a19852d1eecb,"","2026-04-09"
0,"","Electrical Technician","MOMENTUS Space","San Francisco, California","","$30 - $50 (hourly)",jobspy_indeed,https://www.indeed.com/viewjob?jk=7ed984cb7e4c2948,"","2026-04-09"
0,"","Mechanical Technician","MOMENTUS Space","San Francisco, California","","$45 - $60 (hourly)",jobspy_indeed,https://www.indeed.com/viewjob?jk=6c2f6fd790d7ce94,"","2026-04-09"
0,"","Senior Technician, Lab Applications","pSemi","San Francisco, California","","$33 - $40 (hourly)",jobspy_indeed,https://www.indeed.com/viewjob?jk=03fb6e695245783f,"","2026-04-08"
0,"","Service & Delivery Technician III","Safeway","San Francisco, California","","$26 - $34 (hourly)",jobspy_indeed,https://www.indeed.com/viewjob?jk=25c4f3537b9faed5,"","2026-04-08"
0,"","Engineering Technician - RF Systems 5","Lam Research","San Francisco, California","","$32 - $63 (hourly)",jobspy_indeed,https://www.indeed.com/viewjob?jk=4a753293f959c5aa,"","2026-04-03"
0,"","Test Technician, RF","AMETEK","Seattle, Washington","","$60,000 - $70,000 (yearly)",jobspy_indeed,https://www.indeed.com/viewjob?jk=54ca77ea58fffa4e,"","2026-04-08"
0,"","Senior Systems Technician","Day Wireless","Seattle, Washington","","$48 - $51 (hourly)",jobspy_indeed,https://www.indeed.com/viewjob?jk=160f0e1cb11dd2d9,"","2026-03-30"
0,"","Radio Tech Journeyman","Day Wireless","Seattle, Washington","","$26 - $36 (hourly)",jobspy_indeed,https://www.indeed.com/viewjob?jk=dbab620c5bdf0f7b,"","2026-03-30"
0,"","Lab Engineer II, Amazon Leo Antenna Development","Amazon.com","Seattle, Washington","","$99,400 - $160,000 (yearly)",jobspy_indeed,https://www.indeed.com/viewjob?jk=34a7713bfd7b3bb5,"","2026-03-27"
0,"","Senior Hardware Integration, Analysis & Test Engineer — Receiver/Exciter","Raytheon","Boston, Massachusetts","","$86,800 - $165,200 (yearly)",jobspy_indeed,https://www.indeed.com/viewjob?jk=6f308e790e6f3103,"","2026-04-09"
0,"","High Voltage Transmitter Senior Electronics Technician","Raytheon","Boston, Massachusetts","","$86,800 - $165,200 (yearly)",jobspy_indeed,https://www.indeed.com/viewjob?jk=83a8deac98877ac4,"","2026-04-03"
0,"","RF Engineer","GeoLogics Corporation","Boston, Massachusetts","","$75 - $83 (hourly)",jobspy_indeed,https://www.indeed.com/viewjob?jk=ef863fda777079c5,"","2026-04-08"
0,"","Test and Validation Engineer II - HWIC","Raytheon","Boston, Massachusetts","","$68,900 - $131,100 (yearly)",jobspy_indeed,https://www.indeed.com/viewjob?jk=2267b41cda2b2855,"","2026-04-08"
0,"","Test Technician - Second Shift","Lockheed Martin","Boston, Massachusetts","","$43,100 - $82,685 (yearly)",jobspy_indeed,https://www.indeed.com/viewjob?jk=764b2299471fefdd,"","2026-04-07"
0,"","Product/Test Engineer","BAE Systems USA","Boston, Massachusetts","","$118,095 - $200,762 (yearly)",jobspy_indeed,https://www.indeed.com/viewjob?jk=36ee7d2932c37e3c,"","2026-04-07"
0,"","Electrical Engineer I - Test Equipment Maintenance","Raytheon","Boston, Massachusetts","","$57,200 - $108,800 (yearly)",jobspy_indeed,https://www.indeed.com/viewjob?jk=d79a6792499b433d,"","2026-04-07"
0,"","Principal Electronic Engineer","Advanced Energy Industries, Inc.","Boston, Massachusetts","","$165,000 - $188,000 (yearly)",jobspy_indeed,https://www.indeed.com/viewjob?jk=274457770b07b60a,"","2026-04-07"
0,"","Production Test Technician III","Frontgrade Technologies","Boston, Massachusetts","","$28 - $35 (hourly)",jobspy_indeed,https://www.indeed.com/viewjob?jk=c3ff594ca2e574d6,"","2026-02-13"
0,"","Service & Delivery Technician III","Shaw's","Boston, Massachusetts","","$26 - $34 (hourly)",jobspy_indeed,https://www.indeed.com/viewjob?jk=26a2c862f44eabac,"","2026-04-03"
0,"","ANTENNA RF TEST TECHNICIAN","Microwave Engineering Corporation","Boston, Massachusetts","","$22 - $35 (hourly)",jobspy_indeed,https://www.indeed.com/viewjob?jk=1b2d738b2a81f5c1,"","2026-04-03"
0,"","Principal Product Test and Validation Engineer - HWIC","Raytheon","Boston, Massachusetts","","$107,500 - $204,500 (yearly)",jobspy_indeed,https://www.indeed.com/viewjob?jk=f1851bd766c73b4c,"","2026-04-03"
0,"","Microwave Test Technician 2nd Shift- Warrior Integration Program","BAE Systems USA","Boston, Massachusetts","","$57,319 - $91,710 (yearly)",jobspy_indeed,https://www.indeed.com/viewjob?jk=47776cec353a574c,"","2026-04-03"
0,"","Engineering Technician","MACOM Technology Solutions","Boston, Massachusetts","","$23 - $39 (hourly)",jobspy_indeed,https://www.indeed.com/viewjob?jk=958e7ebd3ec135b2,"","2026-04-02"
0,"","RF Test Engineer","Rantec Microwave Systems","Los Angeles, California","","$55 - $80 (hourly)",jobspy_indeed,https://www.indeed.com/viewjob?jk=e100e97e1653c4e9,"","2026-04-08"
0,"","QA Inspector I","Empower RF Systems","Los Angeles, California","","$24 - $27 (hourly)",jobspy_indeed,https://www.indeed.com/viewjob?jk=bc59150d449db813,"","2026-04-02"
0,"","RF Test Technician","Empower RF Systems","Los Angeles, California","","$25 - $30 (hourly)",jobspy_indeed,https://www.indeed.com/viewjob?jk=018c2a5f53396977,"","2026-04-02"
0,"","Radio Tech Journeyman","Day Wireless","Los Angeles, California","","$26 - $32 (hourly)",jobspy_indeed,https://www.indeed.com/viewjob?jk=ca347eb7594c6a87,"","2026-03-23"
0,"","Senior Staff Radar System Architect/Radar Systems Engineer - Lovettsville, VA","Resonant Sciences LLC","Washington, DC","","",jobspy_indeed,https://www.indeed.com/viewjob?jk=b2828f02d4edf5db,"","2026-04-07"
0,"","RF Test/Systems Technician II-306334","Delaware Nation Industries","Washington, DC","","",jobspy_indeed,https://www.indeed.com/viewjob?jk=3bd6ece09f5b0b5e,"","2026-04-03"
0,"","NCR NASAMS - Field Service Representative (FSR)--DC","Raytheon","Washington, DC","","$95,500 - $181,700 (yearly)",jobspy_indeed,https://www.indeed.com/viewjob?jk=bd9e7658105692cf,"","2026-04-03"
0,"","Sr. Test & Validation Engineer","Raytheon","United States","","$86,800 - $165,200 (yearly)",jobspy_indeed,https://www.indeed.com/viewjob?jk=d4faeb15e466bef4,"","2026-04-09"
0,"","Lab Hardware Coordinator - Onsite","Raytheon","United States","","$86,800 - $165,200 (yearly)",jobspy_indeed,https://www.indeed.com/viewjob?jk=8cc87e0d90587731,"","2026-04-09"
0,"","Radio/Electronic Technician","JMA Solutions","United States","","$41 - $45 (hourly)",jobspy_indeed,https://www.indeed.com/viewjob?jk=cbf03ad49e3cfa65,"","2026-04-09"
0,"","Network Maintenance & Construction Technician Trainee - (On-site, Anchorage, AK)","GCI","United States","","",jobspy_indeed,https://www.indeed.com/viewjob?jk=6fe77fe6a80bd84b,"","2026-04-09"
0,"","Fiber Foreman- Billings, MT","CEC Facilities","United States","","",jobspy_indeed,https://www.indeed.com/viewjob?jk=95367b95733199a4,"","2026-04-08"
0,"","Refrigeration & A/C Service Technician Senior","State of Kansas","United States","","$20 - $24 (hourly)",jobspy_indeed,https://www.indeed.com/viewjob?jk=fc77814f03ba867f,"","2026-04-08"
0,"","Senior Prototyping and Integration Engineer","EF Johnson Technologies","United States","","",jobspy_indeed,https://www.indeed.com/viewjob?jk=1479e8f5536c8bce,"","2026-04-08"
0,"","Principal Electronics Test Engineer I","CesiumAstro","United States","","",jobspy_indeed,https://www.indeed.com/viewjob?jk=5dc1bdc4540229b0,"","2026-04-08"
0,"","2026 JT4 Electronic Technician Opportunities in Las Vegas, NV","JT4","United States","","",jobspy_indeed,https://www.indeed.com/viewjob?jk=417b303cdc30e06a,"","2026-04-03"
0,"","Electronics Technician","JT4","United States","","",jobspy_indeed,https://www.indeed.com/viewjob?jk=57210b7000ecd8da,"","2026-03-31"
0,"","Electronic Technician (COMM, FTS & Telemetry)","JT4","United States","","",jobspy_indeed,https://www.indeed.com/viewjob?jk=9459f80655dd8b15,"","2026-03-31"
0,"","Communications Technician II","JT4","United States","","",jobspy_indeed,https://www.indeed.com/viewjob?jk=01ec5b4c048e32f4,"","2026-03-10"
0,"","Telemetry Field Engineer","JT4","United States","","",jobspy_indeed,https://www.indeed.com/viewjob?jk=c1f599d21e89759b,"","2025-08-11"
0,"","RF Engineer","JT4","United States","","$91,000 - $130,000 (yearly)",jobspy_indeed,https://www.indeed.com/viewjob?jk=cc87ab440da4c55a,"","2026-03-20"
0,"","Network Administrator/Technician","JT4","United States","","$81,120 - $91,520 (yearly)",jobspy_indeed,https://www.indeed.com/viewjob?jk=ccdb539160e0818b,"","2026-02-22"
0,"","Engineering Technician IV","JT4","United States","","$66,580 - $78,792 (yearly)",jobspy_indeed,https://www.indeed.com/viewjob?jk=74ca0e5185352634,"","2026-01-29"
0,"","Shipping Coordinator - 1st Shift","ECHO","Chicago, Illinois","","",jobspy_indeed,https://www.indeed.com/viewjob?jk=13d4a2f41e73c73c,"","2026-04-07"
0,"","Assistant Director of HR: Payroll","Research Foundation CUNY","New York, New York","","$117,442 - $127,229 (yearly)",jobspy_indeed,https://www.indeed.com/viewjob?jk=0f72e8d19e73ea1a,"","2026-04-06"
0,"","Warehouse Manager","Zenisco Inc.","Seattle, Washington","","",jobspy_indeed,https://www.indeed.com/viewjob?jk=6d31825090c1bbfa,"","2026-04-06"
0,"","Mid-Level System Engineer","WGS Systems","Washington, DC","","",jobspy_indeed,https://www.indeed.com/viewjob?jk=88ba9591fb070c52,"","2026-04-06"
0,"","Distribution Clerk (3rd Shift)","Essilor and Subsidiaries","United States","","$17 - $22 (hourly)",jobspy_indeed,https://www.indeed.com/viewjob?jk=4500fdf7c2fb1930,"","2026-04-09"
0,"","Material Handler (1st Shift)","Anatolia Tile & Stone","United States","","",jobspy_indeed,https://www.indeed.com/viewjob?jk=74c1a070e0ba94d3,"","2026-04-08"
0,"","Inbound Receiving Lead","Crecera Brands","United States","","",jobspy_indeed,https://www.indeed.com/viewjob?jk=eae0630651df564a,"","2026-04-08"
0,"","Material Handler - Day Shift","Medline Industries","United States","","$17 - $25 (hourly)",jobspy_indeed,https://www.indeed.com/viewjob?jk=04188d8d71145e0c,"","2026-04-08"
0,"","TEMP MTO Packaging & Distribution Operator - D Shift","CooperCompanies","United States","","$20 - $23 (hourly)",jobspy_indeed,https://www.indeed.com/viewjob?jk=0cebef1f9f00b1a3,"","2026-04-08"
0,"","Wholesales Procurement and Logistics Intern","Bradley Caldwell, Inc.","United States","","",jobspy_indeed,https://www.indeed.com/viewjob?jk=86d9848b1461cdce,"","2026-04-08"
0,"","Production Assistant - Logistics","CW Resources","United States","","",jobspy_indeed,https://www.indeed.com/viewjob?jk=afa15ab2a5af126f,"","2026-04-08"
0,"","Distribution Associate - (QIC 3rd shift)","CooperCompanies","United States","","",jobspy_indeed,https://www.indeed.com/viewjob?jk=69a5fed15881bc5e,"","2026-04-08"
0,"","University at Albany, SUNY – Research Foundation for SUNY – Education and Workforce Outreach Program Coordinator (R26-13)","nan","United States","","$52,000 - $57,000 (yearly)",jobspy_indeed,https://www.indeed.com/viewjob?jk=1cccdae7b3c1d44c,"","2026-04-07"
0,"","Inventory Control Associate 1st Shift - Full Time 1","Sephora","United States","","",jobspy_indeed,https://www.indeed.com/viewjob?jk=b68c1cddc1146dcb,"","2026-04-07"
0,"","Material Specialist I","Warn Industries","United States","","",jobspy_indeed,https://www.indeed.com/viewjob?jk=ac86e62050ff6c49,"","2026-04-07"
0,"","Forklift Operator I","Hilmar Cheese Company","United States","","$24 - $28 (hourly)",jobspy_indeed,https://www.indeed.com/viewjob?jk=f5ef88db2a1a232e,"","2026-04-07"
0,"","Quality Engineering Intern - 10 MONTH ASSIGNMENT","TTM Technologies","United States","","",jobspy_indeed,https://www.indeed.com/viewjob?jk=fce318915405a24f,"","2026-04-07"
0,"","Sr Live Video Software Engineer","Paramount","New York, New York","","$125,000 - $160,000 (yearly)",jobspy_indeed,https://www.indeed.com/viewjob?jk=2d52455f2ee34a63,"","2026-04-03"
0,"","Principal Product Designer, Sports","NBCUniversal","New York, New York","","$180,000 - $225,000 (yearly)",jobspy_indeed,https://www.indeed.com/viewjob?jk=58e9d2f62f2d590d,"","2026-04-03"
0,"","Senior Software Engineer, Android","Amazon.com","New York, New York","","$193,300 - $261,500 (yearly)",jobspy_indeed,https://www.indeed.com/viewjob?jk=1fab0f167a011b36,"","2026-03-25"
0,"","Sr Principal Site Reliability Engineer","nan","San Francisco, California","","$250,500 - $335,900 (yearly)",jobspy_indeed,https://www.indeed.com/viewjob?jk=650e042abc638d94,"","2026-04-08"
0,"","Senior Software Engineer, Android","Amazon.com","San Francisco, California","","$193,300 - $261,500 (yearly)",jobspy_indeed,https://www.indeed.com/viewjob?jk=1b28abfe9f7358f8,"","2026-03-25"
0,"","Senior Design Technologist, Prime Video","Amazon.com","San Francisco, California","","$154,200 - $239,900 (yearly)",jobspy_indeed,https://www.indeed.com/viewjob?jk=bf403478a02dfe20,"","2025-11-24"
0,"","Sr. UX Designer, Prime Video Experience Design","Amazon.com","Seattle, Washington","","$137,800 - $186,400 (yearly)",jobspy_indeed,https://www.indeed.com/viewjob?jk=4423a691d7fe7de4,"","2026-04-07"
0,"","Senior Software Engineer, Android","Amazon.com","Seattle, Washington","","$193,300 - $261,500 (yearly)",jobspy_indeed,https://www.indeed.com/viewjob?jk=914d66a392171f08,"","2026-03-25"
0,"","Principal Product Manager - Tech, Viewer Experience, Prime Video Global App Experience","Amazon.com","Seattle, Washington","","$179,900 - $243,400 (yearly)",jobspy_indeed,https://www.indeed.com/viewjob?jk=6ab9b3bd1dfffe2d,"","2026-02-05"
0,"","Principal SAP Manufacturing Product Manager , Amazon Leo","Amazon.com","Seattle, Washington","","$179,900 - $243,400 (yearly)",jobspy_indeed,https://www.indeed.com/viewjob?jk=3a480f7c4494a777,"","2026-02-20"
0,"","Senior Design Technologist, Prime Video","Amazon.com","Seattle, Washington","","$154,200 - $239,900 (yearly)",jobspy_indeed,https://www.indeed.com/viewjob?jk=24af15d1f7b9ca22,"","2025-11-24"
0,"","Sr. UX Designer, Prime Video Experience Design","Amazon.com","Los Angeles, California","","$137,800 - $186,400 (yearly)",jobspy_indeed,https://www.indeed.com/viewjob?jk=4022959ed9972803,"","2026-04-07"
0,"","Senior Software Engineer, Android","Amazon.com","Los Angeles, California","","$193,300 - $261,500 (yearly)",jobspy_indeed,https://www.indeed.com/viewjob?jk=a316389d13b782ac,"","2026-03-25"
0,"","Principal Product Manager - Tech, Viewer Experience, Prime Video Global App Experience","Amazon.com","Los Angeles, California","","$179,900 - $243,400 (yearly)",jobspy_indeed,https://www.indeed.com/viewjob?jk=0f030e9e6046d2cf,"","2026-02-05"
0,"","Principal SAP Manufacturing Product Manager , Amazon Leo","Amazon.com","Los Angeles, California","","$179,900 - $243,400 (yearly)",jobspy_indeed,https://www.indeed.com/viewjob?jk=3ca648fd29b086c9,"","2026-02-20"
0,"","Senior Design Technologist, Prime Video","Amazon.com","Los Angeles, California","","$154,200 - $239,900 (yearly)",jobspy_indeed,https://www.indeed.com/viewjob?jk=cde0c262a27372fe,"","2025-11-24"
0,"","SOFTWARE DEVELOPMENT ENGINEER IN TEST","Virtual Labs","Washington, DC","","",jobspy_indeed,https://www.indeed.com/viewjob?jk=6083c8ad99ab83ba,"","2026-04-02"
0,"","AV Systems Specialist","Roto Group LLC","United States","","$62,000 - $70,000 (yearly)",jobspy_indeed,https://www.indeed.com/viewjob?jk=6d59e4717dcda281,"","2026-04-08"
0,"","Solutions Engineer","HighArc","United States","","",jobspy_indeed,https://www.indeed.com/viewjob?jk=09744967841de600,"","2026-04-08"
0,"","Audio Engineer","Tennessee Performing Arts Center","United States","","",jobspy_indeed,https://www.indeed.com/viewjob?jk=8645f4f0d1a409ba,"","2026-04-07"
0,"","Engineering Manager - Player Platform Solutions","Netflix","United States","","$436,000 - $710,000 (yearly)",jobspy_indeed,https://www.indeed.com/viewjob?jk=774e056fa69bf22e,"","2026-04-07"
0,"","Director of Operations- Smart Homes","TGG Accounting","New York, New York","","$125,000 - $150,000 (yearly)",jobspy_indeed,https://www.indeed.com/viewjob?jk=8f5ae159a1ae329d,"","2026-04-08"
0,"","BMS Controls + Low Voltage Electrical Installer","VANGUARD MAINTENANCE & ELECTRICAL","New York, New York","","$28 - $35 (hourly)",jobspy_indeed,https://www.indeed.com/viewjob?jk=aee15ee7024cc2d3,"","2026-04-08"
0,"","Audio visual system installer","GEHI & ASSOCIATES","New York, New York","","$25 - $35 (hourly)",jobspy_indeed,https://www.indeed.com/viewjob?jk=dd4169d0879b44ef,"","2026-04-07"
0,"","Production Associate / Installer – Event Production","Special Events","San Francisco, California","","$16 - $19 (hourly)",jobspy_indeed,https://www.indeed.com/viewjob?jk=3d0169a457d068f3,"","2026-04-08"
0,"","Business Development Manager","TP-LINK","Los Angeles, California","","$120,000 - $150,000 (yearly)",jobspy_indeed,https://www.indeed.com/viewjob?jk=5b62b12aab950c53,"","2026-04-08"
0,"","ICT Cabling Foreman","Total Systems and Communications","Washington, DC","","$23 - $37 (hourly)",jobspy_indeed,https://www.indeed.com/viewjob?jk=277bfd2e13e138de,"","2026-04-03"
0,"","BMS Controls + Low Voltage Electrical Installer","VANGUARD MAINTENANCE & ELECTRICAL","United States","","$20 - $32 (hourly)",jobspy_indeed,https://www.indeed.com/viewjob?jk=109fbb4dc6e46aa7,"","2026-04-08"
0,"","Embedded Site Foreman","Pavion","United States","","",jobspy_indeed,https://www.indeed.com/viewjob?jk=40e00b4ab94ac4af,"","2026-04-08"
0,"","Experienced, Residential Audio-Video & Alarm System Installer","American Audio","United States","","$25 - $35 (hourly)",jobspy_indeed,https://www.indeed.com/viewjob?jk=ef4d3ed1068044ad,"","2026-04-08"
0,"","Audio Visual Installation Technician","Southwest Audio Visual, Inc","United States","","$45,000 - $65,000 (yearly)",jobspy_indeed,https://www.indeed.com/viewjob?jk=6c3d6c00dc0f2216,"","2026-04-08"
0,"","Lead Low Voltage Technician","GigaSpan Solutions","United States","","$27 - $37 (hourly)",jobspy_indeed,https://www.indeed.com/viewjob?jk=20021bbac305e502,"","2026-04-08"
0,"","AV Technician / Low Voltage Cable Installer","AVX SOLUTION LLC","United States","","$25 - $30 (hourly)",jobspy_indeed,https://www.indeed.com/viewjob?jk=4669e935b7cbdc96,"","2026-04-08"
0,"","Sr Account Manager","ADI Global Distribution","United States","","$68,432 - $116,520 (yearly)",jobspy_indeed,https://www.indeed.com/viewjob?jk=8cf8889fb38c9eac,"","2026-04-07"
0,"","Technical Project Manager (Implementation – IP Intercom Systems)","Kloud-12 LLC","United States","","$75,000 - $85,000 (yearly)",jobspy_indeed,https://www.indeed.com/viewjob?jk=e35b61b1fa347e0c,"","2026-04-07"
0,"","Audio Visual and Collaboration Technology Specialist","Ames Construction, Inc.","United States","","$65,000 - $85,000 (yearly)",jobspy_indeed,https://www.indeed.com/viewjob?jk=d0d7457e972c16ec,"","2026-04-07"
0,"","Territory Sales Manager – Southwest & Pacific Region","Z-Band Technologies, LLC","United States","","$45,000 - $75,000 (yearly)",jobspy_indeed,https://www.indeed.com/viewjob?jk=7898e320cdaf8a24,"","2026-04-07"
0,"","Entry-level HVAC Installer","Brandt Heating and Air Conditioning","United States","","$18 - $22 (hourly)",jobspy_indeed,https://www.indeed.com/viewjob?jk=a4ec7b071a4ca27c,"","2026-04-06"
0,"","Audio Visual Commercial Lead Installer","NNSI","United States","","$27 - $35 (hourly)",jobspy_indeed,https://www.indeed.com/viewjob?jk=13053c16df4f4de8,"","2026-02-23"
0,"","Air & Vacuum Service Tech","CSC ServiceWorks","Chicago, Illinois","","$21 - $26 (hourly)",jobspy_indeed,https://www.indeed.com/viewjob?jk=1031e4296a668c4e,"","2026-04-08"
0,"","Senior Systems Technician","Computers Nationwide","Chicago, Illinois","","$60,000 - $80,000 (yearly)",jobspy_indeed,https://www.indeed.com/viewjob?jk=dc995fad06fe5717,"","2026-04-08"
0,"","Heating, Ventilation, and Air Conditioning Technician","nan","Chicago, Illinois","","",jobspy_indeed,https://www.indeed.com/viewjob?jk=33ecf5497b406114,"","2026-04-07"
0,"","Low Voltage Alarm Service Technician","Alarm Detection Systems","Chicago, Illinois","","$23 - $28 (hourly)",jobspy_indeed,https://www.indeed.com/viewjob?jk=e326f69f8bdcb6bc,"","2026-04-07"
0,"","Maintenance Controls Technician - 1st Shift","Maker's Pride","Chicago, Illinois","","",jobspy_indeed,https://www.indeed.com/viewjob?jk=f80a15a66bc5f09b,"","2026-04-07"
0,"","Junior Cabling Technician","Zones","Chicago, Illinois","","",jobspy_indeed,https://www.indeed.com/viewjob?jk=9caf74f53594f3fb,"","2026-04-06"
0,"","HVAC Install Apprentice","American Vintage Home, Inc","Chicago, Illinois","","",jobspy_indeed,https://www.indeed.com/viewjob?jk=1f8ae57dff398019,"","2026-04-06"
0,"","Service Technician","Maverick Tech","Chicago, Illinois","","$28 - $37 (hourly)",jobspy_indeed,https://www.indeed.com/viewjob?jk=f7210cd886e9a8cd,"","2026-04-06"
0,"","5180 - Supervisor, Critical Facilities Operations","NTT DATA","Chicago, Illinois","","$108,900 - $155,600 (yearly)",jobspy_indeed,https://www.indeed.com/viewjob?jk=594428f898fff69b,"","2026-04-06"
0,"","Field Service Technician","RoboNet Services","Chicago, Illinois","","$50,000 - $60,000 (yearly)",jobspy_indeed,https://www.indeed.com/viewjob?jk=b4bf3055d93525cb,"","2026-04-06"
0,"","Fire Alarm Service Technician 1","Convergint","Chicago, Illinois","","$24 - $35 (hourly)",jobspy_indeed,https://www.indeed.com/viewjob?jk=fb6b0f12bf8146b1,"","2026-04-06"
0,"","Service Technician","nan","Chicago, Illinois","","$30 - $34 (hourly)",jobspy_indeed,https://www.indeed.com/viewjob?jk=796e4108e74258dd,"","2026-04-06"
0,"","Controls Systems Technician (un)","Johnson Controls","Chicago, Illinois","","",jobspy_indeed,https://www.indeed.com/viewjob?jk=2be871fa212f5829,"","2026-04-02"
0,"","Electrical Systems Technician","Maverick Tech","Chicago, Illinois","","$35 - $47 (hourly)",jobspy_indeed,https://www.indeed.com/viewjob?jk=d03dca81d9de6c7d,"","2025-06-24"
0,"","Field Service Technician / Operator","Drive Integration","New York, New York","","$30 - $35 (hourly)",jobspy_indeed,https://www.indeed.com/viewjob?jk=ad2d6424783ae93f,"","2026-04-09"
0,"","Fire Alarm Data CCTV Access Lead Installer","Fire Security Solutions LLC.","New York, New York","","$25 - $40 (hourly)",jobspy_indeed,https://www.indeed.com/viewjob?jk=4c2ef8627063b09a,"","2026-04-08"
0,"","Lead Fiber Optic/Access Control Technician","nan","New York, New York","","$30 - $40 (hourly)",jobspy_indeed,https://www.indeed.com/viewjob?jk=0b8adcb7967bb496,"","2026-04-08"
0,"","Locksmith Technician","L.I. Locksmith","New York, New York","","$20 - $26 (hourly)",jobspy_indeed,https://www.indeed.com/viewjob?jk=73ce7c45549188dc,"","2026-04-08"
0,"","Low Voltage Alarm Technician Experienced and Licensed in Connecticut","nan","New York, New York","","$35 - $45 (hourly)",jobspy_indeed,https://www.indeed.com/viewjob?jk=f43964d2cf5e2bae,"","2026-04-08"
0,"","Commercial HVAC Service Technician","Falk Technical Service Corporation","New York, New York","","$45 - $55 (hourly)",jobspy_indeed,https://www.indeed.com/viewjob?jk=f04c109862051b7b,"","2026-04-08"
0,"","(USA) Technician, Low Voltage, Licensed","Walmart","New York, New York","","$36 - $69 (hourly)",jobspy_indeed,https://www.indeed.com/viewjob?jk=af7a43e714517ca7,"","2026-04-08"
0,"","Maintenance Technician (Pharmaceutical)","CMIC CMO USA","New York, New York","","$25 - $30 (hourly)",jobspy_indeed,https://www.indeed.com/viewjob?jk=53069312a5cbc57f,"","2026-04-07"
0,"","Building Maintenance Supervisor","Fairfield Inn & Suites Staten Island","New York, New York","","$18 - $22 (hourly)",jobspy_indeed,https://www.indeed.com/viewjob?jk=7f5f2418f4e26efb,"","2026-04-07"
0,"","Residential HVAC Installer and Service Technician","Greenfield Plumbing & heating","New York, New York","","$30 - $60 (hourly)",jobspy_indeed,https://www.indeed.com/viewjob?jk=caf73c43734bc3a6,"","2026-04-07"
0,"","Fire Alarm Technician","CMY Electrical","New York, New York","","$20 - $40 (hourly)",jobspy_indeed,https://www.indeed.com/viewjob?jk=bb2594ca3db7ebc1,"","2026-04-06"
0,"","Refrigeration Equipment Maintenance Technician","DO & CO","New York, New York","","",jobspy_indeed,https://www.indeed.com/viewjob?jk=915f3ae8318c19b9,"","2026-04-06"
0,"","Instrument and Controls Technician","Reworld","New York, New York","","",jobspy_indeed,https://www.indeed.com/viewjob?jk=e3b0f5795c607348,"","2026-04-06"
0,"","Field Installation Technician","Ronco","New York, New York","","$24 - $44 (hourly)",jobspy_indeed,https://www.indeed.com/viewjob?jk=62cc76dd7e4f151d,"","2026-04-06"
0,"","Lead Diagnostic Technician","Waymo","New York, New York","","$60 - $62 (hourly)",jobspy_indeed,https://www.indeed.com/viewjob?jk=e348dc7da02b67bd,"","2026-04-04"
0,"","Maintenance Technician","Flying Food Group","New York, New York","","",jobspy_indeed,https://www.indeed.com/viewjob?jk=88e41e41fc021ab9,"","2026-04-03"
0,"","Security Senior Service Technician","Allied Universal Technology Services","New York, New York","","$35 - $50 (hourly)",jobspy_indeed,https://www.indeed.com/viewjob?jk=dd21267e6398d155,"","2026-04-03"
0,"","Overhead Paging Technician","Mason Technologies Inc","New York, New York","","$30 - $40 (hourly)",jobspy_indeed,https://www.indeed.com/viewjob?jk=a076939feb265058,"","2026-04-02"
0,"","Fire Alarm Technician - Installation - Troubleshooting - Programming (NY/NJ)","Able Fire Prevention","New York, New York","","$30 - $45 (hourly)",jobspy_indeed,https://www.indeed.com/viewjob?jk=7967d4168cb363e4,"","2026-04-02"
0,"","HVAC Install Helper","Albert Nahman Plumbing","San Francisco, California","","$20 - $25 (hourly)",jobspy_indeed,https://www.indeed.com/viewjob?jk=8049ac3ff18a45a9,"","2026-04-08"
0,"","Maintenance Supervisor","IEC","San Francisco, California","","$28 - $37 (hourly)",jobspy_indeed,https://www.indeed.com/viewjob?jk=dcc149d42996c4ed,"","2026-04-08"
0,"","Field Service Technician -Training Provided (Low Voltage Preferred)","Dave's Lock Service","San Francisco, California","","$25 - $32 (hourly)",jobspy_indeed,https://www.indeed.com/viewjob?jk=29dda61cf5c153fb,"","2026-04-08"
0,"","Kitchen Fire Supression Technician","sss fire protection","San Francisco, California","","$25 - $35 (hourly)",jobspy_indeed,https://www.indeed.com/viewjob?jk=d21d264b5f57a0d6,"","2026-04-08"
0,"","Home & Commercial Security Installer","nan","San Francisco, California","","$30 - $46 (hourly)",jobspy_indeed,https://www.indeed.com/viewjob?jk=3cb8d866815fc12e,"","2026-04-07"
0,"","Equipment Maintenance Technician (Night)","VIAVI Solutions","San Francisco, California","","$25 - $46 (hourly)",jobspy_indeed,https://www.indeed.com/viewjob?jk=7567e6687c827bda,"","2026-04-06"
0,"","Maintenance Supervisor- Live On Site 1 bedroom","Trillium Property Management","San Francisco, California","","$70,304 - $72,000 (yearly)",jobspy_indeed,https://www.indeed.com/viewjob?jk=604eb9980f81aac2,"","2026-04-06"
0,"","Security Alarm Technician","Creative Security Company","San Francisco, California","","$30 - $50 (hourly)",jobspy_indeed,https://www.indeed.com/viewjob?jk=f6b47cfea464039d,"","2026-04-03"
0,"","Field Service Technician - Martinez, CA","Rivian","San Francisco, California","","",jobspy_indeed,https://www.indeed.com/viewjob?jk=f191a3230d5fb781,"","2026-04-02"
0,"","Commercial HVAC Service Technician, Journeyman","Alpha HVAC & Electric","Seattle, Washington","","$30 - $60 (hourly)",jobspy_indeed,https://www.indeed.com/viewjob?jk=2cd3e676b3fb1076,"","2026-04-08"
0,"","Maintenance Technician with Fabrication and Electrical Experience","General Plastics Manufacturing Co","Seattle, Washington","","$25 - $35 (hourly)",jobspy_indeed,https://www.indeed.com/viewjob?jk=7c9e2a8a971bc355,"","2026-04-07"
0,"","Apprentice Installer / Technician (Low Voltage)","Reliable Security Sound & Data","Seattle, Washington","","$28 - $38 (hourly)",jobspy_indeed,https://www.indeed.com/viewjob?jk=89abf890dbfc2ce9,"","2026-04-06"
0,"","Traveling Electronic Security Systems Technician","Evergreen Fire & Security","Seattle, Washington","","$30 - $45 (hourly)",jobspy_indeed,https://www.indeed.com/viewjob?jk=fee5f0aab9c2d84a,"","2026-04-06"
0,"","Heavy Equipment Mechanic","Utility Trailer Sales of Washington","Seattle, Washington","","$23 - $50 (hourly)",jobspy_indeed,https://www.indeed.com/viewjob?jk=d86e6fdaf6b93b7b,"","2026-04-03"
0,"","Mobile Upfitting Specialist","Day Wireless","Seattle, Washington","","$21 - $25 (hourly)",jobspy_indeed,https://www.indeed.com/viewjob?jk=2d2aac41a154490b,"","2026-03-30"
0,"","Specialist, HVAC Technician","JLL","Boston, Massachusetts","","",jobspy_indeed,https://www.indeed.com/viewjob?jk=d5f3387a51fedf07,"","2026-04-09"
0,"","Low Voltage Lead Technician","Radius Executive IT Solutions","Boston, Massachusetts","","$26 - $30 (hourly)",jobspy_indeed,https://www.indeed.com/viewjob?jk=28ad42ae84c9baeb,"","2026-04-08"
0,"","Low Voltage Assistant PM Field Tech Hybrid Job","Radius Executive IT Solutions","Boston, Massachusetts","","$60,000 - $90,000 (yearly)",jobspy_indeed,https://www.indeed.com/viewjob?jk=aa001b651a8141db,"","2026-04-08"
0,"","Low Voltage Licensed Alarm Technician/Electrician (3 Years Experience Required)","Black Lab Alarm, Inc.","Boston, Massachusetts","","",jobspy_indeed,https://www.indeed.com/viewjob?jk=76894653d25627f2,"","2026-04-08"
0,"","Traveling Field Technician","Flock Safety","Boston, Massachusetts","","$55,000 - $65,000 (yearly)",jobspy_indeed,https://www.indeed.com/viewjob?jk=bb290bdc6ac84774,"","2026-04-07"
0,"","Alarm Service Technician","Brinks Home","Boston, Massachusetts","","",jobspy_indeed,https://www.indeed.com/viewjob?jk=0446c06c9fb8bf13,"","2026-04-06"
0,"","(Night Shift) Data Technician","RoadSafe Traffic Systems","Boston, Massachusetts","","$30 - $40 (hourly)",jobspy_indeed,https://www.indeed.com/viewjob?jk=daa376bde2b3e625,"","2026-04-03"
0,"","Repair Technician","360 Motors And Services Inc","Boston, Massachusetts","","$27 - $33 (hourly)",jobspy_indeed,https://www.indeed.com/viewjob?jk=157ba4ef2638fed6,"","2026-04-03"
0,"","Facilities Maintenance Technician","AccuRounds","Boston, Massachusetts","","$28 - $45 (hourly)",jobspy_indeed,https://www.indeed.com/viewjob?jk=377d1c38a81473f1,"","2026-04-03"
0,"","Field Service Power Generation Technician","Cummins","Boston, Massachusetts","","$32 - $49 (hourly)",jobspy_indeed,https://www.indeed.com/viewjob?jk=53fad77c528d1bb7,"","2026-04-02"
0,"","Service Technician","nan","Los Angeles, California","","$26 - $35 (hourly)",jobspy_indeed,https://www.indeed.com/viewjob?jk=3dc518c263bd4741,"","2026-04-09"
0,"","Low Voltage Technician – Access Control","SelectQoS","Los Angeles, California","","$28 - $35 (hourly)",jobspy_indeed,https://www.indeed.com/viewjob?jk=5ac836c0cbb7300d,"","2026-04-09"
0,"","Maintenance Technician","Howmet Aerospace","Los Angeles, California","","$37 - $41 (hourly)",jobspy_indeed,https://www.indeed.com/viewjob?jk=5d6755f1be49c81e,"","2026-04-08"
0,"","Maintenance Technician - 2nd Shift","Howmet Aerospace","Los Angeles, California","","$37 - $40 (hourly)",jobspy_indeed,https://www.indeed.com/viewjob?jk=7e6f1de0247ca2e7,"","2026-04-08"
0,"","Security Lead Technician","nan","Los Angeles, California","","$27 - $32 (hourly)",jobspy_indeed,https://www.indeed.com/viewjob?jk=7371f17ae1272bc2,"","2026-04-08"
0,"","CCTV and Alarm technician","Tough Guys Security Security & Electrical","Los Angeles, California","","",jobspy_indeed,https://www.indeed.com/viewjob?jk=cf73a323d120e887,"","2026-04-08"
0,"","Alarm Technician","California Alarm Association","Los Angeles, California","","$22 - $28 (hourly)",jobspy_indeed,https://www.indeed.com/viewjob?jk=7b1e825a9e8d7ea5,"","2026-04-08"
0,"","Job Title: Low Voltage Technician","We Do Cams","Los Angeles, California","","$25 - $35 (hourly)",jobspy_indeed,https://www.indeed.com/viewjob?jk=39fe9e0de31f5a21,"","2026-04-08"
0,"","Service Technician, Los Angeles","Lucid Motors","Los Angeles, California","","$31 - $43 (hourly)",jobspy_indeed,https://www.indeed.com/viewjob?jk=e8b05b166e99ad28,"","2026-04-07"
0,"","Fire Alarm & Security Apprentice","Summit Fire & Security","Los Angeles, California","","$23 - $37 (hourly)",jobspy_indeed,https://www.indeed.com/viewjob?jk=5c05016a44f88011,"","2026-04-07"
0,"","Facilities Maintenance Technician","Rama Food MFG","Los Angeles, California","","$26 - $32 (hourly)",jobspy_indeed,https://www.indeed.com/viewjob?jk=a7bbab33867bf3b1,"","2026-04-07"
0,"","(USA) Technician, Low Voltage, Licensed","Walmart","Los Angeles, California","","$40 - $76 (hourly)",jobspy_indeed,https://www.indeed.com/viewjob?jk=67587fc634477684,"","2026-04-07"
0,"","Fire Large Projects Technician","nan","Los Angeles, California","","$20 - $28 (hourly)",jobspy_indeed,https://www.indeed.com/viewjob?jk=40fc144e1e64e18d,"","2026-04-06"
0,"","Structured Cabling Technician","Trunation","Los Angeles, California","","",jobspy_indeed,https://www.indeed.com/viewjob?jk=36bb92e1d83b4f3a,"","2026-04-06"
0,"","Engineer","Electropedic Burbank","Los Angeles, California","","$68,918 - $82,998 (yearly)",jobspy_indeed,https://www.indeed.com/viewjob?jk=52acd4602f19b2f8,"","2026-04-06"
0,"","Security Installation Technician III","Allied Universal Technology Services","Los Angeles, California","","$40 - $50 (hourly)",jobspy_indeed,https://www.indeed.com/viewjob?jk=33f6f7b81ecca061,"","2026-04-06"
0,"","Inside Plant (ISP) Tech 3","Congruex","Los Angeles, California","","",jobspy_indeed,https://www.indeed.com/viewjob?jk=10677b43fdf27524,"","2026-04-06"
0,"","Gate automation technician","Coast Gate Automation Inc.","Los Angeles, California","","$20 - $25 (hourly)",jobspy_indeed,https://www.indeed.com/viewjob?jk=539366f6cd064f63,"","2026-04-04"
0,"","Fire Large Projects Lead Technician","nan","Los Angeles, California","","$26 - $34 (hourly)",jobspy_indeed,https://www.indeed.com/viewjob?jk=3214620400d493ad,"","2026-04-03"
0,"","Data Center Engineering Operations Technician - Northern Virginia","Amazon.com","Washington, DC","","$36 - $63 (hourly)",jobspy_indeed,https://www.indeed.com/viewjob?jk=fb45d2c8488eb6c0,"","2026-01-21"
0,"","Controls Technician, DCC Communities","Amazon.com","Washington, DC","","$61,700 - $138,100 (yearly)",jobspy_indeed,https://www.indeed.com/viewjob?jk=4c9405414d86b4f4,"","2025-10-29"
0,"","Quick Start Program - Lexington","Amteck, LLC","United States","","",jobspy_indeed,https://www.indeed.com/viewjob?jk=2b9bfa8e17dea764,"","2026-04-09"
0,"","Low Voltage Service Manager","VoltiE Group","United States","","$65,000 - $75,000 (yearly)",jobspy_indeed,https://www.indeed.com/viewjob?jk=687ded871e77f55c,"","2026-04-09"
0,"","Foundry Maintenance Technician","nan","United States","","$24 - $40 (hourly)",jobspy_indeed,https://www.indeed.com/viewjob?jk=d8ee29956c89da87,"","2026-04-09"
0,"","Engineering Operations Technician, DCC Communities","Amazon.com","United States","","$36 - $63 (hourly)",jobspy_indeed,https://www.indeed.com/viewjob?jk=faabcf4cbcec679d,"","2026-01-28"
0,"","Data Center Engineering Operations Technician - Northern Virginia","Amazon.com","United States","","$36 - $63 (hourly)",jobspy_indeed,https://www.indeed.com/viewjob?jk=c89941384cc10f6a,"","2026-01-21"
0,"","Field Service Technician","PEP","Remote","","$35 - $55 (hourly)",jobspy_indeed,https://www.indeed.com/viewjob?jk=e4f895ff689956dd,"","2026-04-06"
0,"","OCONUS Electronic/Technical Security System Technician (Job ID: 4235)","Valkyrie Enterprises","Remote","","$30 - $50 (hourly)",jobspy_indeed,https://www.indeed.com/viewjob?jk=f76b572209f770cb,"","2026-04-03"
0,"","Field Service Technician II (Southeast MI)","K Group Companies","Remote","","",jobspy_indeed,https://www.indeed.com/viewjob?jk=940e4a4ab8b68028,"","2026-04-03"
0,"","Field Service Technician Level II - Columbus, Ohio","K Group Companies","Remote","","",jobspy_indeed,https://www.indeed.com/viewjob?jk=b2c85dc1e70536a3,"","2026-04-03"
0,"","Facility Electrician - NBC Sports","NBCUniversal","New York, New York","","",jobspy_indeed,https://www.indeed.com/viewjob?jk=834ff070250f8e7f,"","2026-04-02"
0,"","Supervisor, Compression Engineering","Warner Bros. Discovery","Washington, DC","","",jobspy_indeed,https://www.indeed.com/viewjob?jk=47be03279ba6bb44,"","2026-04-06"
0,"","Technical Writer","GovCIO","United States","","$95,000 - $110,000 (yearly)",jobspy_indeed,https://www.indeed.com/viewjob?jk=f556f2dd074cf7f5,"","2026-04-06"
0,"","Chief Engineer","KAKE","United States","","$75,000 - $110,000 (yearly)",jobspy_indeed,https://www.indeed.com/viewjob?jk=868e094b9ed33570,"","2026-04-04"
0,"","Traffic Monitoring Operator - Virginia Beach","AECOM","United States","","",jobspy_indeed,https://www.indeed.com/viewjob?jk=b72d6c6b2af75e03,"","2026-04-03"
0,"","Media Systems Engineer","Oregon Public Broadcasting","United States","","$32 - $36 (hourly)",jobspy_indeed,https://www.indeed.com/viewjob?jk=eaefef765c3e074c,"","2026-04-02"
0,"","Production Supervisors - Plant Vehicle Scheduler","Ford Motor Company","United States","","$72,480 - $141,360 (yearly)",jobspy_indeed,https://www.indeed.com/viewjob?jk=122dff1bad6f8553,"","2026-04-02"
0,"","Broadcast Engineer","QVC","United States","","",jobspy_indeed,https://www.indeed.com/viewjob?jk=406d53a348c41abe,"","2026-04-02"
0,"","Engineer Scientist","GovCIO","United States","","$100,000 - $105,000 (yearly)",jobspy_indeed,https://www.indeed.com/viewjob?jk=040e99876ac04d3a,"","2026-04-01"
0,"","Head of Forecasting","Cushman & Wakefield","Chicago, Illinois","","$191,250 - $225,000 (yearly)",jobspy_indeed,https://www.indeed.com/viewjob?jk=75f85e52a5501d8b,"","2026-04-09"
0,"","Lead Architect","Metra","Chicago, Illinois","","$103,361 - $155,042 (yearly)",jobspy_indeed,https://www.indeed.com/viewjob?jk=b80bcbf6e6aae884,"","2026-04-09"
0,"","Division Supply Chain Manager - HAD","Parker Hannifin","Chicago, Illinois","","$137,600 - $240,850 (yearly)",jobspy_indeed,https://www.indeed.com/viewjob?jk=f324743a8a72bfbb,"","2026-04-08"
0,"","ILUS - Production Clerk","Daifuku Intralogistics America","Chicago, Illinois","","",jobspy_indeed,https://www.indeed.com/viewjob?jk=7751a6dec72fa560,"","2026-04-08"
0,"","Inventory Investigator - ILUS","Daifuku Intralogistics America","Chicago, Illinois","","",jobspy_indeed,https://www.indeed.com/viewjob?jk=ceadc833e0115b41,"","2026-04-08"
0,"","ILUS - Material Handler","Daifuku Intralogistics America","Chicago, Illinois","","",jobspy_indeed,https://www.indeed.com/viewjob?jk=f1151845a60b0cad,"","2026-04-08"
0,"","ILUS - Sales Order Packer","Daifuku Intralogistics America","Chicago, Illinois","","",jobspy_indeed,https://www.indeed.com/viewjob?jk=2cfd6fdfa6b258e9,"","2026-04-08"
0,"","ILUS - Welder","Daifuku Intralogistics America","Chicago, Illinois","","",jobspy_indeed,https://www.indeed.com/viewjob?jk=cc85edb3b305662b,"","2026-04-08"
0,"","ILUS - Paint Prepper","Daifuku Intralogistics America","Chicago, Illinois","","",jobspy_indeed,https://www.indeed.com/viewjob?jk=834a781444138f8e,"","2026-04-07"
0,"","2nd Shift Inventory Investigator","Daifuku","Chicago, Illinois","","$19 - $23 (hourly)",jobspy_indeed,https://www.indeed.com/viewjob?jk=304ae95230344601,"","2026-04-08"
0,"","2nd Shift Shipping Production Clerk","Daifuku","Chicago, Illinois","","$16 - $21 (hourly)",jobspy_indeed,https://www.indeed.com/viewjob?jk=9f99ccf8ab2f0d5f,"","2026-04-08"
0,"","1st Shift Material Handler Structure","Daifuku","Chicago, Illinois","","$18 - $23 (hourly)",jobspy_indeed,https://www.indeed.com/viewjob?jk=994129c4caf325cc,"","2026-04-08"
0,"","2nd Shift Shipping Material Handler","Daifuku","Chicago, Illinois","","$18 - $23 (hourly)",jobspy_indeed,https://www.indeed.com/viewjob?jk=d909165281e28b01,"","2026-04-08"
0,"","1st Shift Welder","Daifuku","Chicago, Illinois","","$18 - $21 (hourly)",jobspy_indeed,https://www.indeed.com/viewjob?jk=b3f3902690df3fa0,"","2026-04-08"
0,"","1st Shift Paint Prepper","Daifuku","Chicago, Illinois","","$18 - $21 (hourly)",jobspy_indeed,https://www.indeed.com/viewjob?jk=ce86293d91d9991e,"","2026-04-07"
0,"","1st Shift Sales Order Packer","Daifuku","Chicago, Illinois","","$19 - $22 (hourly)",jobspy_indeed,https://www.indeed.com/viewjob?jk=dbdb1e721ad63c8f,"","2026-04-08"
0,"","Sr. Analytics Engineer","Fairlife, LLC","Chicago, Illinois","","$95,000 - $105,000 (yearly)",jobspy_indeed,https://www.indeed.com/viewjob?jk=411ffa408b7d9ea0,"","2026-04-08"
0,"","Apprentice Engineer (Full-Time) - Pendry Chicago","Montage International","Chicago, Illinois","","",jobspy_indeed,https://www.indeed.com/viewjob?jk=ac10a09ebcb937cb,"","2026-04-08"
0,"","Data Engineer","Cushman & Wakefield","Chicago, Illinois","","$114,750 - $135,000 (yearly)",jobspy_indeed,https://www.indeed.com/viewjob?jk=2de74f2f7a379308,"","2026-04-08"
0,"","Sr. Project Manager - Water/Wastewater","Carrier","Chicago, Illinois","","$117,500 - $234,500 (yearly)",jobspy_indeed,https://www.indeed.com/viewjob?jk=5370de0a1774f476,"","2026-04-08"
0,"","Union Operating Engineer","CBRE","Chicago, Illinois","","",jobspy_indeed,https://www.indeed.com/viewjob?jk=a78a15bdd25edf81,"","2026-04-01"
0,"","Mechanic","American Health Formulations","New York, New York","","$28 - $32 (hourly)",jobspy_indeed,https://www.indeed.com/viewjob?jk=86610610f8550d10,"","2026-04-09"
0,"","Senior Civil Field Engineers","nan","New York, New York","","$38 - $80 (hourly)",jobspy_indeed,https://www.indeed.com/viewjob?jk=13157d615b801605,"","2026-04-09"
0,"","Software Engineer III - React/Python Developer","JPMorganChase","New York, New York","","$133,000 - $185,000 (yearly)",jobspy_indeed,https://www.indeed.com/viewjob?jk=cb02ea41696caa31,"","2026-04-09"
0,"","Software Engineer III - Python AI/ML","JPMorganChase","New York, New York","","$133,000 - $185,000 (yearly)",jobspy_indeed,https://www.indeed.com/viewjob?jk=11c3687ade564238,"","2026-04-08"
0,"","Principal Engineer - AI & Systems Intelligence","Wells Fargo","New York, New York","","$159,000 - $305,000 (yearly)",jobspy_indeed,https://www.indeed.com/viewjob?jk=59ba96a87016fdeb,"","2026-04-09"
0,"","AI Tutor, Rufus, Amazon","Amazon.com","New York, New York","","$21 - $41 (hourly)",jobspy_indeed,https://www.indeed.com/viewjob?jk=c8ed1963658e3a96,"","2026-04-08"
0,"","Project Manager, Planning, Design & Construction","Mount Sinai Health System","New York, New York","","$100,000 - $162,517 (yearly)",jobspy_indeed,https://www.indeed.com/viewjob?jk=253e4a083e0f94c6,"","2026-04-08"
0,"","Head of Talent","Titan","New York, New York","","$200,000 - $250,000 (yearly)",jobspy_indeed,https://www.indeed.com/viewjob?jk=743461e3b33edea1,"","2026-04-08"
0,"","Maintenance Engineer","nan","New York, New York","","$23 - $23 (hourly)",jobspy_indeed,https://www.indeed.com/viewjob?jk=19b711455ff112f4,"","2026-04-08"
0,"","Senior Staff Visual Designer, Design Lab","Datadog","New York, New York","","$210,000 - $280,000 (yearly)",jobspy_indeed,https://www.indeed.com/viewjob?jk=83898de448361f72,"","2026-04-08"
0,"","IT Operations Engineer","Trail of Bits","New York, New York","","$150,000 - $210,000 (yearly)",jobspy_indeed,https://www.indeed.com/viewjob?jk=366e8e7b3e62779a,"","2026-04-08"
0,"","CT East Area Sales Manager Cardiac Surgery – U.S.","Medtronic","New York, New York","","",jobspy_indeed,https://www.indeed.com/viewjob?jk=21226ebdeb2bec0b,"","2026-04-08"
0,"","Sr Mechanical Engineer, Fauna","Amazon.com","New York, New York","","$157,100 - $212,600 (yearly)",jobspy_indeed,https://www.indeed.com/viewjob?jk=0e09ed3163ac1ed7,"","2026-04-07"
0,"","IT Support Engineer I, Ops Tech Solutions (OTS)","Amazon.com","New York, New York","","$25 - $41 (hourly)",jobspy_indeed,https://www.indeed.com/viewjob?jk=5e8a46569429f8cd,"","2026-03-30"
0,"","AI Tutor, Rufus, Amazon Rufus","Amazon.com","New York, New York","","$19 - $33 (hourly)",jobspy_indeed,https://www.indeed.com/viewjob?jk=f3370c199182f4c7,"","2026-03-03"
0,"","SAP Procure to Pay Functional, Amazon Leo","Amazon.com","New York, New York","","$129,200 - $174,800 (yearly)",jobspy_indeed,https://www.indeed.com/viewjob?jk=11b2104f7f9e1afa,"","2026-02-23"
0,"","Senior Regional Automation Engineer, NASC AE","Amazon.com","New York, New York","","$135,000 - $175,500 (yearly)",jobspy_indeed,https://www.indeed.com/viewjob?jk=71b60fd3e12d3107,"","2025-10-24"
0,"","Sr. Principal Scientist, Secure Work Enablement","Amazon Web Services","New York, New York","","$240,100 - $350,000 (yearly)",jobspy_indeed,https://www.indeed.com/viewjob?jk=576ba7f044203179,"","2025-10-03"
0,"","Engineering Desense Manager, RF & Wireless Technologies","General Motors (GM)","San Francisco, California","","$159,400 - $245,000 (yearly)",jobspy_indeed,https://www.indeed.com/viewjob?jk=1994413ffd0f619d,"","2026-04-09"
0,"","Mechanical Engineering Internship, Prototyping","1X Technologies AS","San Francisco, California","","",jobspy_indeed,https://www.indeed.com/viewjob?jk=022d5c0e0ebd3456,"","2026-04-09"
0,"","Staff Engineer, Equipment Engineering","Western Digital","San Francisco, California","","",jobspy_indeed,https://www.indeed.com/viewjob?jk=d4a68290d30b7898,"","2026-04-09"
0,"","Powertrain & Electronics - Ground Support Equipment Test Technician","Joby Aviation","San Francisco, California","","$36 - $52 (hourly)",jobspy_indeed,https://www.indeed.com/viewjob?jk=d7c0acdefa373ffb,"","2026-04-08"
0,"","Site Utility Manager, Site Services","Genentech","San Francisco, California","","$138,000 - $256,400 (yearly)",jobspy_indeed,https://www.indeed.com/viewjob?jk=446130a965b88bc3,"","2026-04-08"
0,"","Project Engineer","Northland Controls","San Francisco, California","","$80,000 - $90,000 (yearly)",jobspy_indeed,https://www.indeed.com/viewjob?jk=3feb2530c0363d56,"","2026-04-08"
0,"","Senior Mechanical Engineer - Fluid Systems New","Pacific Fusion","San Francisco, California","","$138,100 - $263,800 (yearly)",jobspy_indeed,https://www.indeed.com/viewjob?jk=a34c05dd0359cd63,"","2026-04-08"
0,"","Senior Manager, Corporate Accounting OperationsNew","Anthropic","San Francisco, California","","$190,000 - $230,000 (yearly)",jobspy_indeed,https://www.indeed.com/viewjob?jk=91883fe0b22956a1,"","2026-04-08"
0,"","Staff Applied ML Engineer","SILA","San Francisco, California","","$151,000 - $177,500 (yearly)",jobspy_indeed,https://www.indeed.com/viewjob?jk=0e96a3a26dbc4aea,"","2026-04-08"
0,"","Machine Learning (ML) Bioengineer","Lawrence Livermore National Laboratory","San Francisco, California","","$146,340 - $222,564 (yearly)",jobspy_indeed,https://www.indeed.com/viewjob?jk=bc8d31fd300bf91d,"","2026-04-08"
0,"","NPI Manufacturing Test Engineer","Johnson & Johnson","San Francisco, California","","$91,000 - $147,200 (yearly)",jobspy_indeed,https://www.indeed.com/viewjob?jk=5e9ef542d308a089,"","2026-04-08"
0,"","Senior Mechanical Engineer – Loads and Dynamics","Lockheed Martin","San Francisco, California","","$85,500 - $150,765 (yearly)",jobspy_indeed,https://www.indeed.com/viewjob?jk=6131aab482e69b70,"","2026-04-06"
0,"","Sr. Director, Process Development","Kyverna Therapeutics","San Francisco, California","","$250,000 - $275,000 (yearly)",jobspy_indeed,https://www.indeed.com/viewjob?jk=b0f5d8e205cf0cdc,"","2026-04-07"
0,"","Sr Director of Privacy & Data Protection- Legal","Intuitive (Intuitive Surgical)","San Francisco, California","","$265,300 - $397,900 (yearly)",jobspy_indeed,https://www.indeed.com/viewjob?jk=ad8cbc5d600c041d,"","2026-04-07"
0,"","Technical Recruiter - Engineering","Sigma Computing","San Francisco, California","","$125,000 - $140,000 (yearly)",jobspy_indeed,https://www.indeed.com/viewjob?jk=1805085c02c68912,"","2026-04-07"
0,"","Lead Equipment Design Engineer, Cell Engineering","Tesla","San Francisco, California","","$91,600 - $164,400 (yearly)",jobspy_indeed,https://www.indeed.com/viewjob?jk=ee6bed16fbcc12ce,"","2026-04-04"
0,"","Electrical Engineering Technician","Tesla","San Francisco, California","","$24 - $50 (hourly)",jobspy_indeed,https://www.indeed.com/viewjob?jk=22fd195734185c65,"","2026-04-03"
0,"","Regional Automation Engineer Manager, R2L/GSF","Amazon.com","San Francisco, California","","$162,800 - $220,200 (yearly)",jobspy_indeed,https://www.indeed.com/viewjob?jk=1b43a1463e5ecffa,"","2026-03-31"
0,"","Corporate Counsel, Regulatory Product Safety, Devices Legal","Amazon.com","San Francisco, California","","$153,900 - $208,200 (yearly)",jobspy_indeed,https://www.indeed.com/viewjob?jk=3cbd4363e2f93fff,"","2026-03-03"
0,"","AI Tutor, Rufus, Amazon","Amazon.com","Seattle, Washington","","$21 - $41 (hourly)",jobspy_indeed,https://www.indeed.com/viewjob?jk=26f0f38a24098a4e,"","2026-04-08"
0,"","Mechanical Engineer, Satellite Bus (Starlink)","SpaceX","Seattle, Washington","","$100,000 - $135,000 (yearly)",jobspy_indeed,https://www.indeed.com/viewjob?jk=37bc616572a36ab9,"","2026-04-08"
0,"","Regional Automation Engineer Manager, R2L/GSF","Amazon.com","Seattle, Washington","","$162,800 - $220,200 (yearly)",jobspy_indeed,https://www.indeed.com/viewjob?jk=96c3ef6eb342c650,"","2026-03-31"
0,"","Sr. Mechanical Controls Engineer, Data Center Engineering","Amazon.com","Seattle, Washington","","$136,600 - $184,800 (yearly)",jobspy_indeed,https://www.indeed.com/viewjob?jk=bb16a2ad33efd270,"","2026-03-27"
0,"","Sr. Electrical Controls Engineer, Data Center Engineering","Amazon Web Services","Seattle, Washington","","$136,600 - $184,800 (yearly)",jobspy_indeed,https://www.indeed.com/viewjob?jk=dccd0a5ce9b3b4fe,"","2026-03-27"
0,"","Corporate Counsel, Amazon Leo for Government, Legal","Amazon.com","Seattle, Washington","","$153,900 - $208,200 (yearly)",jobspy_indeed,https://www.indeed.com/viewjob?jk=40bad65da390d70d,"","2026-03-26"
0,"","Corporate Counsel, Regulatory Product Safety, Devices Legal","Amazon.com","Seattle, Washington","","$153,900 - $208,200 (yearly)",jobspy_indeed,https://www.indeed.com/viewjob?jk=21ff4c2d175cd293,"","2026-03-03"
0,"","Transmission System Manager, AWS Energy Team","Amazon.com","Seattle, Washington","","$92,400 - $160,000 (yearly)",jobspy_indeed,https://www.indeed.com/viewjob?jk=561521b2acb48a2e,"","2026-03-20"
0,"","Product Development Engineer - Automation, OneMHS","Amazon.com","Seattle, Washington","","$111,500 - $160,000 (yearly)",jobspy_indeed,https://www.indeed.com/viewjob?jk=e372007c3c8a24a8,"","2026-03-08"
0,"","Mechanical Engineer II , OneMHS","Amazon.com","Seattle, Washington","","$111,500 - $160,000 (yearly)",jobspy_indeed,https://www.indeed.com/viewjob?jk=96562de00b0ca724,"","2026-03-07"
0,"","Applied Scientist, Last Mile Science","Amazon.com","Seattle, Washington","","$142,800 - $193,200 (yearly)",jobspy_indeed,https://www.indeed.com/viewjob?jk=b4d557315507308e,"","2026-03-05"
0,"","AI Tutor, Rufus, Amazon Rufus","Amazon.com","Seattle, Washington","","$19 - $33 (hourly)",jobspy_indeed,https://www.indeed.com/viewjob?jk=b380b9a70dc428f0,"","2026-03-03"
0,"","Principal Data Engineer, Intelligent Talent Acquisition","Amazon.com","Seattle, Washington","","$184,000 - $248,900 (yearly)",jobspy_indeed,https://www.indeed.com/viewjob?jk=80c1e86010bcd8f2,"","2026-02-17"
0,"","Sr. Principal Scientist, Secure Work Enablement","Amazon Web Services","Seattle, Washington","","$240,100 - $350,000 (yearly)",jobspy_indeed,https://www.indeed.com/viewjob?jk=75860b48114bc662,"","2025-10-03"
0,"","Head of Forecasting","Cushman & Wakefield","Boston, Massachusetts","","$191,250 - $225,000 (yearly)",jobspy_indeed,https://www.indeed.com/viewjob?jk=35dc407dd5597d65,"","2026-04-09"
0,"","INSPECTOR II","TE Connectivity","Boston, Massachusetts","","$48,100 - $72,200 (yearly)",jobspy_indeed,https://www.indeed.com/viewjob?jk=d7a49a7f57945c48,"","2026-04-08"
0,"","Systems Engineer","General Dynamics Mission Systems","Boston, Massachusetts","","$94,388 - $100,000 (yearly)",jobspy_indeed,https://www.indeed.com/viewjob?jk=8ef5163b58379a36,"","2026-04-08"
0,"","Data Engineer","Cushman & Wakefield","Boston, Massachusetts","","$114,750 - $135,000 (yearly)",jobspy_indeed,https://www.indeed.com/viewjob?jk=c65040e0bf4519d0,"","2026-04-08"
0,"","Senior Full Stack Engineer","Fidelity TalentSource","Boston, Massachusetts","","$76 - $116 (hourly)",jobspy_indeed,https://www.indeed.com/viewjob?jk=a02a92abd288d9b9,"","2026-04-08"
0,"","DDSE Lead Electrical Engineer","DDS Companies","Boston, Massachusetts","","$90,000 - $145,000 (yearly)",jobspy_indeed,https://www.indeed.com/viewjob?jk=00a3e3d78f73bc22,"","2026-04-08"
0,"","Building Maintenance Team Member (Overnight)","The Nash Casino","Boston, Massachusetts","","$23 - $25 (hourly)",jobspy_indeed,https://www.indeed.com/viewjob?jk=e159bfce3badf03b,"","2026-04-07"
0,"","Sr Manager, Supply Chain Quality","Dräger","Boston, Massachusetts","","$140,400 - $168,500 (yearly)",jobspy_indeed,https://www.indeed.com/viewjob?jk=7ecadb1299a6f7e0,"","2026-04-07"
0,"","Carpenter IHCT 40 Hours","Beth Israel Lahey Health","Boston, Massachusetts","","$33 - $45 (hourly)",jobspy_indeed,https://www.indeed.com/viewjob?jk=0db9595506782559,"","2026-04-06"
0,"","Equipment Specialist (Preventive Maintenance)","Draper","Boston, Massachusetts","","$28 - $47 (hourly)",jobspy_indeed,https://www.indeed.com/viewjob?jk=799744650479c4ce,"","2026-04-06"
0,"","Process Engineer","Amphenol","Boston, Massachusetts","","",jobspy_indeed,https://www.indeed.com/viewjob?jk=7383bef1f106cb5e,"","2026-04-06"
0,"","Crane Operator","Gibson Roofs, Inc.","Boston, Massachusetts","","$75,000 - $100,000 (yearly)",jobspy_indeed,https://www.indeed.com/viewjob?jk=e83ca207f0279e7e,"","2026-04-06"
0,"","Advanced Mechanical Engineer","Symbotic","Boston, Massachusetts","","$101,000 - $138,600 (yearly)",jobspy_indeed,https://www.indeed.com/viewjob?jk=139bd07c13075f12,"","2026-04-03"
0,"","Senior Staff Tech PC Board Designer","Infineon Technologies","Boston, Massachusetts","","$87,360 - $120,120 (yearly)",jobspy_indeed,https://www.indeed.com/viewjob?jk=532b35668d6f1ad9,"","2026-03-30"
0,"","Product Development Engineer - Automation, OneMHS","Amazon.com","Boston, Massachusetts","","$111,500 - $160,000 (yearly)",jobspy_indeed,https://www.indeed.com/viewjob?jk=16d7b7d998a164ef,"","2026-03-08"
0,"","Sr Android Developer, Ring Software Product Builders","Amazon.com","Boston, Massachusetts","","$168,100 - $227,400 (yearly)",jobspy_indeed,https://www.indeed.com/viewjob?jk=148c5624c196dc5c,"","2026-03-03"
0,"","Application Builder, Device Software Product Builders","Amazon.com","Boston, Massachusetts","","$143,700 - $194,400 (yearly)",jobspy_indeed,https://www.indeed.com/viewjob?jk=f1e2252cc892fcc2,"","2026-02-26"
0,"","Application Builder, Mobile Applications","Amazon.com","Boston, Massachusetts","","$143,700 - $194,400 (yearly)",jobspy_indeed,https://www.indeed.com/viewjob?jk=31ba5401c0e4460b,"","2025-12-03"
0,"","Mobile Builder, Ring Software Product Builders","Amazon.com","Boston, Massachusetts","","$143,700 - $194,400 (yearly)",jobspy_indeed,https://www.indeed.com/viewjob?jk=6f816d1165484753,"","2025-10-10"
0,"","Senior Mechanical Engineer - Cell Hardware","Symbotic","Boston, Massachusetts","","$125,000 - $171,600 (yearly)",jobspy_indeed,https://www.indeed.com/viewjob?jk=a1f333832db5d317,"","2026-01-14"
0,"","Project Engineer - Retrofit","Control Air Enterprises LLC","Los Angeles, California","","$35 - $45 (hourly)",jobspy_indeed,https://www.indeed.com/viewjob?jk=24256bc47b2795c7,"","2026-04-09"
0,"","Chief Engineer (Hotel Maintenance)","Kam Sang Company Inc.","Los Angeles, California","","",jobspy_indeed,https://www.indeed.com/viewjob?jk=f70e39117abad2a0,"","2026-04-09"
0,"","Senior EMI/EMC Test Engineer","K2 Space","Los Angeles, California","","$140,000 - $190,000 (yearly)",jobspy_indeed,https://www.indeed.com/viewjob?jk=0f0cd3c9e33f9863,"","2026-04-09"
0,"","Staff Optical Communications Engineer","Relativity Space","Los Angeles, California","","$188,000 - $251,000 (yearly)",jobspy_indeed,https://www.indeed.com/viewjob?jk=0fbe21107809443c,"","2026-04-08"
0,"","Senior Optical Communications Engineer","Relativity Space","Los Angeles, California","","$160,000 - $214,000 (yearly)",jobspy_indeed,https://www.indeed.com/viewjob?jk=9c03c7fdced2cf76,"","2026-04-08"
0,"","Project Manager - Los Angeles, CA","Stantec","Los Angeles, California","","$107,300 - $155,500 (yearly)",jobspy_indeed,https://www.indeed.com/viewjob?jk=9d590dc79b4ea0db,"","2026-04-08"
0,"","Senior Business Development Manager","Structural Group","Los Angeles, California","","",jobspy_indeed,https://www.indeed.com/viewjob?jk=19b6896ca6403a80,"","2026-04-08"
0,"","Project Manager II","Fluor Corp.","Los Angeles, California","","$125,000 - $224,000 (yearly)",jobspy_indeed,https://www.indeed.com/viewjob?jk=3a284b7b83f179a6,"","2026-04-08"
0,"","Opto-Mechanical Build Engineer","Freeform","Los Angeles, California","","$90,000 - $200,000 (yearly)",jobspy_indeed,https://www.indeed.com/viewjob?jk=8b4e42e9214ea1e3,"","2026-04-08"
0,"","Contractor, Sr. Electrical Engineer","EVgo","Los Angeles, California","","",jobspy_indeed,https://www.indeed.com/viewjob?jk=af4f8482d4e51ac5,"","2026-04-07"
0,"","Contractor, Employee Pilot Build Assembly & Laboratory Technician","EVgo","Los Angeles, California","","",jobspy_indeed,https://www.indeed.com/viewjob?jk=9d293a7ae49877af,"","2026-04-03"
0,"","Electronics Parts, Materials, and Processes Engineer - Advanced Packaging","The Aerospace Corporation","Los Angeles, California","","$117,300 - $175,900 (yearly)",jobspy_indeed,https://www.indeed.com/viewjob?jk=5120b1d2504765cc,"","2026-04-07"
0,"","Process Engineer","Sensata Technologies, Inc.","Los Angeles, California","","$99,040 - $136,180 (yearly)",jobspy_indeed,https://www.indeed.com/viewjob?jk=ff709870d67d89c4,"","2026-04-07"
0,"","Project Manager Food and Beverage","Bergmeyer","Los Angeles, California","","$80,000 - $101,000 (yearly)",jobspy_indeed,https://www.indeed.com/viewjob?jk=f2121041f6068307,"","2026-04-07"
0,"","Intern, MSAT","Avid Bioservices","Los Angeles, California","","",jobspy_indeed,https://www.indeed.com/viewjob?jk=698706a1e1d3a72b,"","2026-04-07"
0,"","General Engineer","Terrestris Global Solutions","Los Angeles, California","","",jobspy_indeed,https://www.indeed.com/viewjob?jk=de033f62c4ed8576,"","2026-04-01"
0,"","Industrial Electrician - 2nd Shift","KIK Consumer Products","Los Angeles, California","","",jobspy_indeed,https://www.indeed.com/viewjob?jk=df121d8e6cb4272f,"","2026-03-05"
0,"","Application Builder, Device Software Product Builders","Amazon.com","Los Angeles, California","","$143,700 - $194,400 (yearly)",jobspy_indeed,https://www.indeed.com/viewjob?jk=944a4d093d986513,"","2026-02-26"
0,"","Application Builder, Mobile Applications","Amazon.com","Los Angeles, California","","$143,700 - $194,400 (yearly)",jobspy_indeed,https://www.indeed.com/viewjob?jk=6142c86977ab97fb,"","2025-12-03"
0,"","Mobile Builder, Ring Software Product Builders","Amazon.com","Los Angeles, California","","$143,700 - $194,400 (yearly)",jobspy_indeed,https://www.indeed.com/viewjob?jk=89dbf018e8125230,"","2025-10-10"
0,"","Network Engineer","Lucix Corporation","Los Angeles, California","","$95,000 - $130,000 (yearly)",jobspy_indeed,https://www.indeed.com/viewjob?jk=b156624f9bfacff3,"","2026-01-29"
0,"","Head of Forecasting","Cushman & Wakefield","Washington, DC","","$191,250 - $225,000 (yearly)",jobspy_indeed,https://www.indeed.com/viewjob?jk=f2d0a183e57743ab,"","2026-04-09"
0,"","Engineer","MCR Hotels","Washington, DC","","$15 - $15 (hourly)",jobspy_indeed,https://www.indeed.com/viewjob?jk=628e7de0e1336b7f,"","2026-04-08"
0,"","Data Engineer","Cushman & Wakefield","Washington, DC","","$114,750 - $135,000 (yearly)",jobspy_indeed,https://www.indeed.com/viewjob?jk=ed021be52757a8d9,"","2026-04-08"
0,"","Senior Software Engineer","nan","Washington, DC","","$120,000 - $160,000 (yearly)",jobspy_indeed,https://www.indeed.com/viewjob?jk=a1933117e851c503,"","2026-04-08"
0,"","Data Engineer","Business Management Associates","Washington, DC","","",jobspy_indeed,https://www.indeed.com/viewjob?jk=e5b6282478aefee1,"","2026-04-08"
0,"","Manufacturing Technician","Structural Group","Washington, DC","","",jobspy_indeed,https://www.indeed.com/viewjob?jk=6c40e30b0b178462,"","2026-04-08"
0,"","Business Development Manager Nuclear","Structural Group","Washington, DC","","",jobspy_indeed,https://www.indeed.com/viewjob?jk=30a055ce6acadc8e,"","2026-04-08"
0,"","Field Clinical Engineer","Salvia BioElectronics B.V.","Washington, DC","","",jobspy_indeed,https://www.indeed.com/viewjob?jk=1ab2854564102de4,"","2026-04-08"
0,"","Engineer - DoubleTree by Hilton Crystal City","Hilton","Washington, DC","","",jobspy_indeed,https://www.indeed.com/viewjob?jk=23f2c7c25837fd6f,"","2026-04-07"
0,"","Civil Engineer - Facilities - Entry to Experienced Level (Maryland)","nan","Washington, DC","","$87,362 - $192,764 (yearly)",jobspy_indeed,https://www.indeed.com/viewjob?jk=10006055a1ae170e,"","2026-04-07"
0,"","Sr. Mechanical Controls Engineer, Data Center Engineering","Amazon.com","Washington, DC","","$136,600 - $184,800 (yearly)",jobspy_indeed,https://www.indeed.com/viewjob?jk=dae0c7c0501508b9,"","2026-03-27"
0,"","Sr. Electrical Controls Engineer, Data Center Engineering","Amazon Web Services","Washington, DC","","$136,600 - $184,800 (yearly)",jobspy_indeed,https://www.indeed.com/viewjob?jk=ec5ba7215cc6882c,"","2026-03-27"
0,"","Corporate Counsel, Amazon Leo for Government, Legal","Amazon.com","Washington, DC","","$153,900 - $208,200 (yearly)",jobspy_indeed,https://www.indeed.com/viewjob?jk=0b65d85588b701db,"","2026-03-26"
0,"","Electrical Design Engineer, HVMV Engineering","Amazon.com","Washington, DC","","$116,800 - $160,000 (yearly)",jobspy_indeed,https://www.indeed.com/viewjob?jk=3a7b63281368254e,"","2026-03-19"
0,"","Economist II, Intelligent Talent Acquisition (ITA)","Amazon.com","Washington, DC","","$136,000 - $184,000 (yearly)",jobspy_indeed,https://www.indeed.com/viewjob?jk=cba501fb26732e56,"","2026-03-10"
0,"","Hilton Towers Arlington VA - Assistant Director Engineering OEM","Aimbridge Hospitality","Washington, DC","","",jobspy_indeed,https://www.indeed.com/viewjob?jk=c4db9ad4ac61c416,"","2026-03-09"
0,"","Principal SAP Manufacturing Product Manager , Amazon Leo","Amazon.com","Washington, DC","","$179,900 - $243,400 (yearly)",jobspy_indeed,https://www.indeed.com/viewjob?jk=8e968bb52181c8f2,"","2026-02-20"
0,"","Principal Data Engineer, Intelligent Talent Acquisition","Amazon.com","Washington, DC","","$184,000 - $248,900 (yearly)",jobspy_indeed,https://www.indeed.com/viewjob?jk=aa079dffa48c06f7,"","2026-02-17"
0,"","Senior Regional Automation Engineer, NASC AE","Amazon.com","Washington, DC","","$135,000 - $175,500 (yearly)",jobspy_indeed,https://www.indeed.com/viewjob?jk=3144d5b9ad5049b2,"","2026-01-15"
0,"","Data Insights Engineer","Sign In Solutions","United States","","$55 - $60 (hourly)",jobspy_indeed,https://www.indeed.com/viewjob?jk=35bd7a412716b496,"","2026-04-09"
0,"","Manufacturing Engineer","AXCESOR","United States","","$74,122 - $89,266 (yearly)",jobspy_indeed,https://www.indeed.com/viewjob?jk=7422cde8055b32f4,"","2026-04-09"
0,"","Quality Systems Engineer","AuST Manufacturing","United States","","",jobspy_indeed,https://www.indeed.com/viewjob?jk=b20b00181983a4f4,"","2026-04-09"
0,"","Corporate Reliability Engineering Manager","Nestlé USA","United States","","",jobspy_indeed,https://www.indeed.com/viewjob?jk=51eb0d2b40c8ac01,"","2026-04-09"
0,"","Senior Software Engineer, Web Development","Communify","United States","","$85,000 - $150,000 (yearly)",jobspy_indeed,https://www.indeed.com/viewjob?jk=f3befea356e71854,"","2026-04-09"
0,"","Head of Forecasting","Cushman & Wakefield","United States","","$191,250 - $225,000 (yearly)",jobspy_indeed,https://www.indeed.com/viewjob?jk=950580f29001c83b,"","2026-04-09"
0,"","Senior Regional Automation Engineer","Amazon.com","United States","","$121,500 - $175,500 (yearly)",jobspy_indeed,https://www.indeed.com/viewjob?jk=b3186543b5e84f17,"","2025-12-18"
0,"","Executive Director - Central Head of DevSecOps","Las Vegas Sands Corp.","Remote","","",jobspy_indeed,https://www.indeed.com/viewjob?jk=889910f971728295,"","2026-04-09"
0,"","SOFTWARE ENGINEER, GAMES STUDIO","DraftKings","Remote","","$104,000 - $130,000 (yearly)",jobspy_indeed,https://www.indeed.com/viewjob?jk=dbceaae2d927a85b,"","2026-04-08"
0,"","Sr. Machine Learning Engineer (copy)","TrueML","Remote","","$164,000 - $194,000 (yearly)",jobspy_indeed,https://www.indeed.com/viewjob?jk=3c26d512d400fb40,"","2026-04-08"
0,"","Senior Network Engineer, I","Walker & Dunlop","Remote","","$135,000 - $150,000 (yearly)",jobspy_indeed,https://www.indeed.com/viewjob?jk=ed2ba0c401e81c78,"","2026-04-08"
0,"","AI & Machine Learning Talent Recruiter – Contract (Remote)","Elite Tech Sales","Remote","","$85,000 - $130,000 (yearly)",jobspy_indeed,https://www.indeed.com/viewjob?jk=55d06ec9f81ba479,"","2026-04-08"
0,"","Director of Engineering - Guest Experience","Mews","Remote","","$200,000 - $260,000 (yearly)",jobspy_indeed,https://www.indeed.com/viewjob?jk=f00483057c71292e,"","2026-04-08"
0,"","Civil Engineer - Remote","Mack Development Group","Remote","","",jobspy_indeed,https://www.indeed.com/viewjob?jk=f2564ea798c5481d,"","2026-04-08"
0,"","Senior Data / Platform Engineer","Thia","Remote","","$120,000 - $160,000 (yearly)",jobspy_indeed,https://www.indeed.com/viewjob?jk=d76fc6c5b5ddda26,"","2026-04-07"
0,"","Lead Media Buyer (Hands-On) — Remote (LA Preferred)","Echo-Factory","Remote","","$90,000 - $120,000 (yearly)",jobspy_indeed,https://www.indeed.com/viewjob?jk=055bcd58c5c07163,"","2026-04-07"
0,"","Senior Tools & Build Engineer, Games","Netflix","Remote","","$280,000 - $400,000 (yearly)",jobspy_indeed,https://www.indeed.com/viewjob?jk=0e2d3bd7051b6313,"","2026-04-06"
0,"","Senior Security Engineer","NuHarbor Security","Remote","","",jobspy_indeed,https://www.indeed.com/viewjob?jk=4643dcb23f639480,"","2026-04-03"
0,"","Sr Director Algorithm Engineering","Dexcom","Remote","","$231,100 - $385,100 (yearly)",jobspy_indeed,https://www.indeed.com/viewjob?jk=929d211520f970c9,"","2026-04-03"
0,"","Operations Associate","Sentinel Group","Remote","","$45,000 - $50,000 (yearly)",jobspy_indeed,https://www.indeed.com/viewjob?jk=1fb3c89ca5e136ad,"","2026-04-03"
0,"","Principal Firmware Engineer","Dexcom","Remote","","$172,400 - $287,300 (yearly)",jobspy_indeed,https://www.indeed.com/viewjob?jk=bd1cb1331cc2b9c4,"","2026-04-02"
0,"","Electrical PV Designer","CUPERTINO ELECTRIC","Remote","","$108,750 - $143,000 (yearly)",jobspy_indeed,https://www.indeed.com/viewjob?jk=5288fc7cae0ff775,"","2026-04-02"
0,"","Experienced Japanese Speaking Intellectual Property Assistant","Osha Bergman Watanabe & Burton LLP","Remote","","",jobspy_indeed,https://www.indeed.com/viewjob?jk=de5c9225991feafb,"","2026-04-02"
0,"","Product Engineer","Allstate Insurance","Remote","","$85,000 - $145,075 (yearly)",jobspy_indeed,https://www.indeed.com/viewjob?jk=7b0895dce8e54cd9,"","2026-04-02"
0,"","Principal Digital Product Manager","Allstate Insurance","Remote","","$187,500 - $258,375 (yearly)",jobspy_indeed,https://www.indeed.com/viewjob?jk=bf944274e7931081,"","2026-04-02"
0,"","Senior Backend Engineer","Devengine","Remote","","",jobspy_indeed,https://www.indeed.com/viewjob?jk=784f3aac2bb76b95,"","2026-04-02"
0,"","Senior Pre-sales Technical Architect","TEMENOS","Remote","","",jobspy_indeed,https://www.indeed.com/viewjob?jk=dd0c142b281a9c2a,"","2026-04-01"
0,"","Business Development Manager","Thermo Systems LLC","Remote","","$125,000 - $175,000 (yearly)",jobspy_indeed,https://www.indeed.com/viewjob?jk=bb257acd2f62c416,"","2026-04-01"
0,"","Account Manager","Thermo Systems LLC","Remote","","$100,000 - $150,000 (yearly)",jobspy_indeed,https://www.indeed.com/viewjob?jk=0f637d1501cb4339,"","2026-04-01"
0,"","Principal Engineer (Energy)","Thermo Systems LLC","Remote","","$129,000 - $184,000 (yearly)",jobspy_indeed,https://www.indeed.com/viewjob?jk=cd581cb8c2ee00ce,"","2026-04-01"
0,"","Analytics Engineer 5 - Ads","Netflix","Remote","","$330,000 - $566,000 (yearly)",jobspy_indeed,https://www.indeed.com/viewjob?jk=f545a15edd03fdc2,"","2026-02-19"
0,"","Radiologic Technologist (X-Ray)","WellNow Urgent Care","Chicago, Illinois","","",jobspy_indeed,https://www.indeed.com/viewjob?jk=0d70fb2c537cd364,"","2026-04-09"
0,"","Service Desk Technician","AEG Worldwide","Chicago, Illinois","","$19 - $21 (hourly)",jobspy_indeed,https://www.indeed.com/viewjob?jk=e3487d56cf8c0f5c,"","2026-04-08"
0,"","Senior Installation Superintendent – Electronic Security - Milwaukee/ Chicago","Diversified","Chicago, Illinois","","$38 - $51 (hourly)",jobspy_indeed,https://www.indeed.com/viewjob?jk=016955830f37772f,"","2026-04-07"
0,"","Warehouse & Driver Technician, Non-CDL - Chicago, IL","Encore Global","Chicago, Illinois","","$17 - $22 (hourly)",jobspy_indeed,https://www.indeed.com/viewjob?jk=f642e0f19ea3e1a4,"","2026-04-06"
0,"","Apprentice Pipe Organ Tuner/Technician","Bogue Services, LLC","Chicago, Illinois","","$22 - $30 (hourly)",jobspy_indeed,https://www.indeed.com/viewjob?jk=50d49a6431f2f71b,"","2026-04-05"
0,"","Police Officer (Active or Retired)","Accel Entertainment Gaming, LLC.","Chicago, Illinois","","",jobspy_indeed,https://www.indeed.com/viewjob?jk=3ff169970fc7b083,"","2026-04-02"
0,"","Field Service Technician (Newark, NJ)","Evolv Technologies","New York, New York","","$70,000 - $80,000 (yearly)",jobspy_indeed,https://www.indeed.com/viewjob?jk=2bcc869e67e3320a,"","2026-04-08"
0,"","Automotive Technician","Dennis & Co Auto Group","New York, New York","","",jobspy_indeed,https://www.indeed.com/viewjob?jk=5155eb6a8da3498d,"","2026-04-08"
0,"","Body Shop Technician","Dennis & Co Auto Group","New York, New York","","$1,200 - $1,600 (weekly)",jobspy_indeed,https://www.indeed.com/viewjob?jk=c54b68ae01ce0e8c,"","2026-04-08"
0,"","Armed Emergency Medical Technician (Part-Time)","Allied Universal Enhanced Protection Services","New York, New York","","",jobspy_indeed,https://www.indeed.com/viewjob?jk=17c6ddb408e5c94e,"","2026-04-07"
0,"","Technical Support Specialist","Princeton University","New York, New York","","$75,000 - $85,000 (yearly)",jobspy_indeed,https://www.indeed.com/viewjob?jk=c4f864a0a350d8d6,"","2026-04-06"
0,"","X-Ray Field Technician","Allied Universal Enhanced Protection Services","New York, New York","","$30 - $33 (hourly)",jobspy_indeed,https://www.indeed.com/viewjob?jk=0076c553f2dfc0ad,"","2026-04-03"
0,"","AM Maintenance Supervisor","Levy","New York, New York","","",jobspy_indeed,https://www.indeed.com/viewjob?jk=3fbc1f65c932cdb4,"","2026-02-02"
0,"","Maintenance Lead","The Salvation Army","San Francisco, California","","",jobspy_indeed,https://www.indeed.com/viewjob?jk=bdff752fb6001281,"","2026-04-07"
0,"","Ride Technician","Family Entertainment Group","San Francisco, California","","",jobspy_indeed,https://www.indeed.com/viewjob?jk=4f081223727f66d6,"","2026-04-07"
0,"","X-ray Spectroscopy Electrical Engineer Associate","SLAC National Accelerator Laboratory","San Francisco, California","","$91,339 - $119,362 (yearly)",jobspy_indeed,https://www.indeed.com/viewjob?jk=6d89a917f46843a1,"","2026-04-07"
0,"","Removal Technician - Overnights","Coda Care","Seattle, Washington","","",jobspy_indeed,https://www.indeed.com/viewjob?jk=9f6a141e4de9dfbb,"","2026-04-01"
0,"","Maintenance Technician","Topgolf","Boston, Massachusetts","","",jobspy_indeed,https://www.indeed.com/viewjob?jk=749470e0321a797b,"","2026-04-06"
0,"","Industrial Electrical Maintenance Technician","nan","Boston, Massachusetts","","$72,837 - $200,000 (yearly)",jobspy_indeed,https://www.indeed.com/viewjob?jk=e5e099411c21ab3c,"","2026-04-05"
0,"","High Voltage Electrician","nan","Boston, Massachusetts","","$72,837 - $200,000 (yearly)",jobspy_indeed,https://www.indeed.com/viewjob?jk=da31fef3f89ab269,"","2026-04-05"
0,"","PSYCHIATRIC TECHNICIAN (SAFETY)","California State Personnel Board","Los Angeles, California","","$5,843 - $7,466 (monthly)",jobspy_indeed,https://www.indeed.com/viewjob?jk=cf4199ac5f6a638e,"","2026-04-07"
0,"","Water Services Technician","City of Buena Park","Los Angeles, California","","$56,056 - $72,675 (yearly)",jobspy_indeed,https://www.indeed.com/viewjob?jk=0583c2f2f1cc5cb2,"","2026-04-03"
0,"","Adult Day Program Facilitator","Spread Your Wings","Los Angeles, California","","$22 - $24 (hourly)",jobspy_indeed,https://www.indeed.com/viewjob?jk=4337e973f0e7ded5,"","2026-04-02"
0,"","SUPERVISORY EDUCATIONAL SPECIALIST","US Bureau of Naval Personnel","Washington, DC","","$102,415 - $133,142 (yearly)",jobspy_indeed,https://www.indeed.com/viewjob?jk=cfc30730e3b0f071,"","2026-04-08"
0,"","Canine Handler - Explosive Detection","Allied Universal Enhanced Protection Services","Washington, DC","","",jobspy_indeed,https://www.indeed.com/viewjob?jk=591fde167949d407,"","2026-04-08"
0,"","Custodial Line Manager","ABM Industries Inc.","Washington, DC","","",jobspy_indeed,https://www.indeed.com/viewjob?jk=e8dbca4892e9d34b,"","2026-04-08"
0,"","Floor Cleaner Technician","ABM Industries Inc.","Washington, DC","","",jobspy_indeed,https://www.indeed.com/viewjob?jk=c97e99362d7c98e2,"","2026-04-06"
0,"","Senior Installation Superintendent – Electronic Security - Northern VA","Diversified","Washington, DC","","$44 - $60 (hourly)",jobspy_indeed,https://www.indeed.com/viewjob?jk=b0b282d5c92bb73f,"","2026-04-07"
0,"","Medical Assistant","MedStar Health","Washington, DC","","$19 - $34 (hourly)",jobspy_indeed,https://www.indeed.com/viewjob?jk=df20949d29386d45,"","2026-04-07"
0,"","Technician/Facilities Maintenance","PINSTACK","Washington, DC","","$15 - $20 (hourly)",jobspy_indeed,https://www.indeed.com/viewjob?jk=1bb8f845fabf0499,"","2026-04-07"
0,"","Per-Diem Medical Assistant - DC Urgent Cares","MedStar Health","Washington, DC","","$19 - $33 (hourly)",jobspy_indeed,https://www.indeed.com/viewjob?jk=af3368836c63ff5e,"","2026-04-06"
0,"","Theatre Technician Specialist (F. Scott Fitzgerald Theatre)","City of Rockville","Washington, DC","","",jobspy_indeed,https://www.indeed.com/viewjob?jk=f73b2e1731d11640,"","2026-04-02"
0,"","Sports Field & Facility Technician","Tallulah Falls School","United States","","",jobspy_indeed,https://www.indeed.com/viewjob?jk=1eafbcadde9e1e70,"","2026-04-09"
0,"","Records Technician I","City of Littleton, CO","United States","","$24 - $26 (hourly)",jobspy_indeed,https://www.indeed.com/viewjob?jk=d61a0311095e791b,"","2026-04-09"
0,"","Utility Technician","ABM Industries Inc.","United States","","",jobspy_indeed,https://www.indeed.com/viewjob?jk=0e6bd22e66008a9f,"","2026-04-09"
0,"","Warehouse Floor Technician - Nights","ABM Industries Inc.","United States","","",jobspy_indeed,https://www.indeed.com/viewjob?jk=3cf1d3e5477b4a06,"","2026-04-09"
0,"","Floor Technician","ABM Industries Inc.","United States","","$17 - $18 (hourly)",jobspy_indeed,https://www.indeed.com/viewjob?jk=f3ef999e6f147133,"","2026-04-09"
0,"","HVAC Technician","ABM Industries Inc.","United States","","$30 - $35 (hourly)",jobspy_indeed,https://www.indeed.com/viewjob?jk=30a2bdc8248534e1,"","2026-04-08"
0,"","Assistant Director of Engineering","Davidson Hospitality Group","United States","","",jobspy_indeed,https://www.indeed.com/viewjob?jk=ee3c5e8a09691933,"","2026-04-08"
0,"","Floor Technician / Housekeeper","Acts Retirement-Life Communities","United States","","",jobspy_indeed,https://www.indeed.com/viewjob?jk=8fac6da469626ed9,"","2026-04-08"
0,"","Lead Installation Technician - Electronic Security - Dallas TX","Diversified","United States","","$36 - $46 (hourly)",jobspy_indeed,https://www.indeed.com/viewjob?jk=904722a30b83b8e4,"","2026-04-08"
0,"","STAGING TECHNICIAN","SGPS Inc. Showrig","United States","","$20 - $23 (hourly)",jobspy_indeed,https://www.indeed.com/viewjob?jk=129c3a754db4dd3e,"","2026-04-08"
0,"","BIM Technician - Entry Level","Henderson Engineers","Remote","","",jobspy_indeed,https://www.indeed.com/viewjob?jk=ce7ea5f431f8e275,"","2026-04-08"
0,"","BIM Technician II - Venue","Henderson Engineers","Remote","","",jobspy_indeed,https://www.indeed.com/viewjob?jk=18d48cc1bfb6b42b,"","2026-04-08"
0,"","Master Electrician/Supervisor","National Solar Solutions","Chicago, Illinois","","$1,000 - $2,000 (monthly)",jobspy_indeed,https://www.indeed.com/viewjob?jk=301bc6a03cddede2,"","2026-04-08"
0,"","Electrician","School City of Hammond","Chicago, Illinois","","",jobspy_indeed,https://www.indeed.com/viewjob?jk=30c998a953f4093f,"","2026-04-02"
0,"","Licensed Master Electrician (Suffolk County) – Foreman / Lead Mechanic","Ironcore Technologies LLC","New York, New York","","$45 - $65 (hourly)",jobspy_indeed,https://www.indeed.com/viewjob?jk=f7919b8433dfe917,"","2026-04-08"
0,"","Temporary Electrician, Plant Maintenance, 40-Hours, Days, Monday - Friday, 7:00am - 3:30pm","Heywood Hospital","Boston, Massachusetts","","",jobspy_indeed,https://www.indeed.com/viewjob?jk=5b377a23d39bb05d,"","2026-04-07"
0,"","Instrumentation, Controls & Electrical (IC&E) Technician","Cogentrix Energy","Boston, Massachusetts","","",jobspy_indeed,https://www.indeed.com/viewjob?jk=69cd20646dd81024,"","2026-04-07"
0,"","Instrumentation, Controls & Electrical (IC&E) Technician","Cogentrix","Boston, Massachusetts","","",jobspy_indeed,https://www.indeed.com/viewjob?jk=bf28677f2c7162cb,"","2026-04-07"
0,"","Operating Engineer","Cushman & Wakefield","Boston, Massachusetts","","$34 - $40 (hourly)",jobspy_indeed,https://www.indeed.com/viewjob?jk=3a293f777e803be4,"","2026-04-06"
0,"","Senior Chief Engineer","Cushman & Wakefield","Boston, Massachusetts","","$127,500 - $150,000 (yearly)",jobspy_indeed,https://www.indeed.com/viewjob?jk=b1c6954a646a6d24,"","2026-04-06"
0,"","Maintenance Operator","C&W Services","Boston, Massachusetts","","$30 - $36 (hourly)",jobspy_indeed,https://www.indeed.com/viewjob?jk=7a0a1c9756a17d18,"","2026-04-06"
0,"","Generator Install Lead (Electrical License Required)","Heritage Home Service","Boston, Massachusetts","","$75,000 - $120,000 (yearly)",jobspy_indeed,https://www.indeed.com/viewjob?jk=5fea74c9f0975cb8,"","2026-04-03"
0,"","Chief Engineer","Cushman & Wakefield","Boston, Massachusetts","","$57 - $67 (hourly)",jobspy_indeed,https://www.indeed.com/viewjob?jk=b77226d874c4775e,"","2026-04-03"
0,"","Electrician","Tlingit Haida Tribal Business Corporation","Washington, DC","","",jobspy_indeed,https://www.indeed.com/viewjob?jk=1f85db71781df3c7,"","2026-04-08"
0,"","Electrician","LB&B Associates","Washington, DC","","$36 - $45 (hourly)",jobspy_indeed,https://www.indeed.com/viewjob?jk=9b597b8c422754fd,"","2026-04-08"
0,"","Operating Engineer","Cushman & Wakefield","Washington, DC","","$35 - $42 (hourly)",jobspy_indeed,https://www.indeed.com/viewjob?jk=a23b8ccc51d62766,"","2026-04-08"
0,"","Electrician Supervisor","nan","Washington, DC","","$46 - $54 (hourly)",jobspy_indeed,https://www.indeed.com/viewjob?jk=82785fd46082118c,"","2026-04-07"
0,"","Lead Engineer","Cushman & Wakefield","Washington, DC","","$39 - $46 (hourly)",jobspy_indeed,https://www.indeed.com/viewjob?jk=9ece576d4f3e95d9,"","2026-04-07"
0,"","Lead Operating Engineer","Cushman & Wakefield","Washington, DC","","$39 - $46 (hourly)",jobspy_indeed,https://www.indeed.com/viewjob?jk=5fe241c5cb664307,"","2026-04-07"
0,"","Commercial Maintenance Manager","Cushman & Wakefield","Washington, DC","","$93,500 - $110,000 (yearly)",jobspy_indeed,https://www.indeed.com/viewjob?jk=24cbfa310f99bcfd,"","2026-04-07"
0,"","CB-I&E Tech 1 Prob","W. R. Grace & Co.","Washington, DC","","",jobspy_indeed,https://www.indeed.com/viewjob?jk=7a080cdba21d8724,"","2026-04-06"
0,"","Master Electrician","DAWSON","Washington, DC","","",jobspy_indeed,https://www.indeed.com/viewjob?jk=1463c9ce10f603ac,"","2026-02-22"
0,"","Industrial Construction Electrician","McKee Foods Corporation","United States","","$31 - $38 (hourly)",jobspy_indeed,https://www.indeed.com/viewjob?jk=7a315203d44d6840,"","2026-04-09"
0,"","Residential Electrician","Total Electric Solution","United States","","$19 - $26 (hourly)",jobspy_indeed,https://www.indeed.com/viewjob?jk=77b3071e5786432f,"","2026-04-09"
0,"","Electrician II - 24/7 Nights","US Tsubaki Automotive LLC","United States","","",jobspy_indeed,https://www.indeed.com/viewjob?jk=c90bbede499d251c,"","2026-04-09"
0,"","Chief Engineer","Cushman & Wakefield","United States","","$38 - $45 (hourly)",jobspy_indeed,https://www.indeed.com/viewjob?jk=c47d41d0a2020962,"","2026-04-09"
0,"","Assistant Chief Engineer","Cushman & Wakefield","United States","","$30 - $36 (hourly)",jobspy_indeed,https://www.indeed.com/viewjob?jk=94eacdf99f3a3f20,"","2026-04-08"
0,"","Electrician","General Mills","United States","","$26 - $42 (hourly)",jobspy_indeed,https://www.indeed.com/viewjob?jk=b72fc21b81d755f3,"","2026-04-08"
0,"","Maintenance Technician","Felling Trailers Inc","United States","","$22 - $30 (hourly)",jobspy_indeed,https://www.indeed.com/viewjob?jk=84f8843a331efd15,"","2026-04-08"
0,"","E&I Technician","SI Group","United States","","",jobspy_indeed,https://www.indeed.com/viewjob?jk=0592e6b39dd45f18,"","2026-04-08"
0,"","CNC-PLC Maintenance Electrician","Spirit AeroSystems","United States","","$30 - $50 (hourly)",jobspy_indeed,https://www.indeed.com/viewjob?jk=59ed4be92efa015a,"","2026-04-08"
0,"","Electrical Operations Manager","Merrell Bros","United States","","$38 - $50 (hourly)",jobspy_indeed,https://www.indeed.com/viewjob?jk=e96c91a7a1fa1c28,"","2026-04-08"
0,"","Industrial Maintenance Electrician","Chesapeake Spice Company","United States","","$40 - $50 (hourly)",jobspy_indeed,https://www.indeed.com/viewjob?jk=663658038a96a377,"","2026-04-08"
0,"","Electrical Superintendent I - Mfg BLUvera - Forney TX","Mortenson Construction","United States","","$125,600 - $188,400 (yearly)",jobspy_indeed,https://www.indeed.com/viewjob?jk=05c0a03226a9f806,"","2026-04-08"
0,"","Journeyman Electrician","Winn-Marion Companies","United States","","$35 - $50 (hourly)",jobspy_indeed,https://www.indeed.com/viewjob?jk=f422e8d526a9e6eb,"","2026-04-08"
0,"","Service Electrician","Multi-Craft Contractors, Inc.","United States","","$50,000 - $70,000 (yearly)",jobspy_indeed,https://www.indeed.com/viewjob?jk=c4fb252a70b1f232,"","2026-04-08"
0,"","Electrician HSM Maintenance 1","ArcelorMittal","United States","","",jobspy_indeed,https://www.indeed.com/viewjob?jk=17cbc1bfa684cb2e,"","2026-04-08"
0,"","Mobile Operating Engineer","Cushman & Wakefield","United States","","$32 - $34 (hourly)",jobspy_indeed,https://www.indeed.com/viewjob?jk=a5f163974f4311e7,"","2026-04-08"
0,"","CNC-PLC Maintenance Electrician","Boeing","United States","","$30 - $50 (hourly)",jobspy_indeed,https://www.indeed.com/viewjob?jk=cc58c2824c885d86,"","2026-04-08"
0,"","Commercial Electrician","Abstrakt Marketing Group","United States","","$35 - $45 (hourly)",jobspy_indeed,https://www.indeed.com/viewjob?jk=166641a276acdf1e,"","2026-04-08"
0,"","Electrical Superintendent","Abstrakt Marketing Group","United States","","",jobspy_indeed,https://www.indeed.com/viewjob?jk=95c3bd383005fb02,"","2026-04-08"
0,"","Electrician","Mohegan Sun","United States","","",jobspy_indeed,https://www.indeed.com/viewjob?jk=9bc17e0529b268ea,"","2026-04-08"
0,"","Journeyman Electrician – Up to $75/HR | Full-Time | Family-Owned & Minnesota Proud","LeBrun Electric, Heating & Cooling","United States","","$120,000 - $195,000 (yearly)",jobspy_indeed,https://www.indeed.com/viewjob?jk=b2ca54fcff96b722,"","2026-04-08"
0,"","Chief Engineer - NYC","Crothall Healthcare","New York, New York","","$150,000 - $160,000 (yearly)",jobspy_indeed,https://www.indeed.com/viewjob?jk=b3ce00001129988f,"","2026-04-08"
0,"","Business Analytics Lead","WeaveGrid","San Francisco, California","","$115,000 - $160,000 (yearly)",jobspy_indeed,https://www.indeed.com/viewjob?jk=e0f57cb710d5c255,"","2026-04-08"
0,"","EVS Cleaner - ON CALL Position","None","Boston, Massachusetts","","",jobspy_indeed,https://www.indeed.com/viewjob?jk=614c275b653f54d1,"","2026-04-07"
0,"","NUTRITION OPERATOR (FULL TIME)","Crothall Healthcare","United States","","$16 - $18 (hourly)",jobspy_indeed,https://www.indeed.com/viewjob?jk=59c73501b782d53a,"","2026-04-07"
0,"","Process Engineer II","Panasonic","United States","","",jobspy_indeed,https://www.indeed.com/viewjob?jk=b88bf30c0b0b6c7d,"","2026-04-07"
0,"","Quality Control Technician - Level 3","Panasonic","United States","","",jobspy_indeed,https://www.indeed.com/viewjob?jk=0423b16388b93b19,"","2026-04-06"
0,"","Dock Operator","Panasonic","United States","","",jobspy_indeed,https://www.indeed.com/viewjob?jk=9f50b39c6014e20e,"","2026-04-02"
0,"","Material Handler","Panasonic","United States","","",jobspy_indeed,https://www.indeed.com/viewjob?jk=940586e2ce60b070,"","2026-04-02"
0,"","Amazon Package Delivery Driver - $23.25 / hour","Republic Contracting, LLC","United States","","",jobspy_indeed,https://www.indeed.com/viewjob?jk=1a2190f77efc6985,"","2026-04-07"
0,"","Communications Representative (Per Diem) - IT-Telemanagement Services","Rady Children's Hospital","United States","","$21 - $28 (hourly)",jobspy_indeed,https://www.indeed.com/viewjob?jk=f7b094e06893accb,"","2026-04-07"
0,"","Deburr Operator","EVS Metal","United States","","",jobspy_indeed,https://www.indeed.com/viewjob?jk=e88c50e3f39c058d,"","2026-04-03"
0,"","Entry Level Press Brake Operator - 2nd Shift","EVS Metal","United States","","$17 - $25 (hourly)",jobspy_indeed,https://www.indeed.com/viewjob?jk=e859f6ba45b0a77c,"","2026-04-03"
0,"","Tool and Die Specialist","Panasonic","United States","","$32 - $37 (hourly)",jobspy_indeed,https://www.indeed.com/viewjob?jk=3990228054a0ff06,"","2026-04-02"
0,"","Infectious Prevention Manager, Charleston, SC","Crothall Healthcare","United States","","$80,000 - $90,000 (yearly)",jobspy_indeed,https://www.indeed.com/viewjob?jk=f6eea8f43ea48622,"","2026-04-01"
0,"","Camera Operator","Emerald Downs Racing","Seattle, Washington","","",jobspy_indeed,https://www.indeed.com/viewjob?jk=e275726900a74498,"","2026-04-06"
0,"","Production Operator","Oklahoma State Fair, Inc.","United States","","",jobspy_indeed,https://www.indeed.com/viewjob?jk=d999a90aa314fc94,"","2026-04-08"
0,"","Broadcast Production Specialist - Creative Services","Ross Video","United States","","",jobspy_indeed,https://www.indeed.com/viewjob?jk=681caebc19c3bd86,"","2026-04-07"
0,"","College Sports Systems Technician - University or Oregon","Hawk-Eye Innovations","United States","","$30 - $42 (hourly)",jobspy_indeed,https://www.indeed.com/viewjob?jk=6bdf6b4ad053af7d,"","2026-04-07"
0,"","Athletics Scorer's Table Personnel (Staff Wage)","University of Virginia","United States","","",jobspy_indeed,https://www.indeed.com/viewjob?jk=e92d514ccdc7345a,"","2026-02-10"
0,"","Baler","Graphic Packaging International","Chicago, Illinois","","",jobspy_indeed,https://www.indeed.com/viewjob?jk=ba78603fa994e11a,"","2026-04-08"
0,"","Palletizer Operator","Graphic Packaging International","Chicago, Illinois","","",jobspy_indeed,https://www.indeed.com/viewjob?jk=d0d0eaf61ebedc65,"","2026-04-07"
0,"","Feeder-Catcher","Graphic Packaging International","Chicago, Illinois","","",jobspy_indeed,https://www.indeed.com/viewjob?jk=a21ec1b8f7a6eef6,"","2026-04-07"
0,"","Flexographic Press Operator","Bell Litho Inc","Chicago, Illinois","","$22 - $30 (hourly)",jobspy_indeed,https://www.indeed.com/viewjob?jk=f47bbb3e12b7197d,"","2026-04-08"
0,"","Technical Artist/Unity Developer","Light & Wonder","Chicago, Illinois","","$72,000 - $90,000 (yearly)",jobspy_indeed,https://www.indeed.com/viewjob?jk=68c580ccf07fcf60,"","2026-04-03"
0,"","Senior Manager Social Media - Office of CEO","Global Citizen","New York, New York","","$95,000 - $100,000 (yearly)",jobspy_indeed,https://www.indeed.com/viewjob?jk=2fb8916854d811c1,"","2026-04-08"
0,"","Administrative Claims Specialist, PIP","Plymouth Rock Assurance","New York, New York","","$42,000 - $55,500 (yearly)",jobspy_indeed,https://www.indeed.com/viewjob?jk=6ba8b79b00f54907,"","2026-04-08"
0,"","Coordinator, Women's Basketball Operations","Princeton University","New York, New York","","$50,000 - $72,000 (yearly)",jobspy_indeed,https://www.indeed.com/viewjob?jk=7f397ff65be078f8,"","2026-04-07"
0,"","2026 US Open Event Operations Supervisor (Seasonal)","US Open Tennis Association","New York, New York","","",jobspy_indeed,https://www.indeed.com/viewjob?jk=73e9946c856396ba,"","2026-04-06"
0,"","2026 US Open Event Operations Supervisor (Seasonal)","USTA National Tennis Center","New York, New York","","",jobspy_indeed,https://www.indeed.com/viewjob?jk=a32a8ffa669efdc9,"","2026-04-06"
0,"","Machine Operator – Dye-Sublimation Banner Shop","Screentrans","New York, New York","","$20 - $26 (hourly)",jobspy_indeed,https://www.indeed.com/viewjob?jk=a6811b118c642b15,"","2026-04-06"
0,"","Senior Field Engineer","Carrier","New York, New York","","$64,500 - $129,500 (yearly)",jobspy_indeed,https://www.indeed.com/viewjob?jk=8278a5a9881e7f9c,"","2026-04-04"
0,"","Chemical Operator","Sun Chemical","New York, New York","","$45,680 - $68,520 (yearly)",jobspy_indeed,https://www.indeed.com/viewjob?jk=5006f0b2344210aa,"","2026-03-10"
0,"","Prod Operator - Manufacturing","FedEx Office","San Francisco, California","","$22 - $25 (hourly)",jobspy_indeed,https://www.indeed.com/viewjob?jk=9989f1c128973aea,"","2026-04-08"
0,"","Print Production Operator","FedEx Office","San Francisco, California","","$22 - $25 (hourly)",jobspy_indeed,https://www.indeed.com/viewjob?jk=4d0884350bb1721e,"","2026-04-08"
0,"","Deep Learning Software Engineer, TensorRT Performance - New College Grad 2026","NVIDIA","San Francisco, California","","$124,000 - $241,500 (yearly)",jobspy_indeed,https://www.indeed.com/viewjob?jk=35fe958dc404b0c5,"","2026-04-03"
0,"","Ink Kitchen Operator","Golden West Packaging Group","San Francisco, California","","$23 - $30 (hourly)",jobspy_indeed,https://www.indeed.com/viewjob?jk=eef7ef78eecf5f3a,"","2026-04-02"
0,"","Experienced Acquisitions Analyst – San Francisco","Tishman Speyer","San Francisco, California","","$90,000 - $110,000 (yearly)",jobspy_indeed,https://www.indeed.com/viewjob?jk=436daa88baafed77,"","2026-04-02"
0,"","Energy Management Associate","Climate Corps","Seattle, Washington","","",jobspy_indeed,https://www.indeed.com/viewjob?jk=ae6b5baa12cb1f25,"","2026-04-08"
0,"","Control System Engineer - DeltaV","Applied Control Equipment Lllp","Seattle, Washington","","$32 - $75 (hourly)",jobspy_indeed,https://www.indeed.com/viewjob?jk=c1fad4a6aa89afda,"","2026-04-07"
0,"","Creative Brands Market Development Manager","One Workplace","Seattle, Washington","","$90,000 - $105,000 (yearly)",jobspy_indeed,https://www.indeed.com/viewjob?jk=2a6f96fb8da5b807,"","2026-04-03"
0,"","Creative Brands Market Development Manager","Porter works","Seattle, Washington","","$90,000 - $105,000 (yearly)",jobspy_indeed,https://www.indeed.com/viewjob?jk=232840a7843207f2,"","2026-04-03"
0,"","Graphic Design Specialist","Buyers Edge Platform","Boston, Massachusetts","","",jobspy_indeed,https://www.indeed.com/viewjob?jk=368da6f0f2fab786,"","2026-04-07"
0,"","Drafter II","Cornerstone Energy Services","Boston, Massachusetts","","",jobspy_indeed,https://www.indeed.com/viewjob?jk=cae2629cdb611a8c,"","2026-04-07"
0,"","Drafter I","Cornerstone Energy Services","Boston, Massachusetts","","",jobspy_indeed,https://www.indeed.com/viewjob?jk=ec5f15609cd498cf,"","2026-04-07"
0,"","Print Production Lead","nan","Boston, Massachusetts","","$22 - $26 (hourly)",jobspy_indeed,https://www.indeed.com/viewjob?jk=7c743fda05721682,"","2026-04-06"
0,"","Account Manager - Marketing","DMI Marketing","Boston, Massachusetts","","$70,000 - $85,000 (yearly)",jobspy_indeed,https://www.indeed.com/viewjob?jk=9a5cc953f058d4b9,"","2026-04-02"
0,"","Forklift Operator","Menasha Corporation","Los Angeles, California","","$22 - $24 (hourly)",jobspy_indeed,https://www.indeed.com/viewjob?jk=6dc649818bbcf8ed,"","2026-04-08"
0,"","RDC Assistant","Menasha Corporation","Los Angeles, California","","$21 - $23 (hourly)",jobspy_indeed,https://www.indeed.com/viewjob?jk=2835c85a22f2e1a1,"","2026-04-08"
0,"","Operations Manager","Karman Space & Defense","Los Angeles, California","","$130,000 - $145,000 (yearly)",jobspy_indeed,https://www.indeed.com/viewjob?jk=07ce76d20a85636b,"","2026-04-07"
0,"","Content Strategist & Social Media Manager","Litt Concept House","Los Angeles, California","","$55,336 - $78,000 (yearly)",jobspy_indeed,https://www.indeed.com/viewjob?jk=d359b71d0ab12fc1,"","2026-04-07"
0,"","Shipping & Receiving Clerk (Temp to Hire, 8am-5pm)","Arlon Graphics LLC","Los Angeles, California","","$19 - $21 (hourly)",jobspy_indeed,https://www.indeed.com/viewjob?jk=461d87ba9ad9842c,"","2026-04-04"
0,"","Manager, Production","Paramount","Los Angeles, California","","$85,000 - $100,000 (yearly)",jobspy_indeed,https://www.indeed.com/viewjob?jk=60eff93a207088cf,"","2026-04-03"
0,"","Installer","ARCHITECTURAL DESIGN","Los Angeles, California","","$24 - $39 (hourly)",jobspy_indeed,https://www.indeed.com/viewjob?jk=1c8e3a957d3251f1,"","2026-04-03"
0,"","E-commerce Livestreamer & Operator","Sauna Health Technology INC","Los Angeles, California","","$25 - $30 (hourly)",jobspy_indeed,https://www.indeed.com/viewjob?jk=ebff0168e4f59520,"","2026-04-03"
0,"","Manager - Immersive Technologies and Animation Studio (ITAS)","The Aerospace Corporation","Los Angeles, California","","$134,200 - $201,300 (yearly)",jobspy_indeed,https://www.indeed.com/viewjob?jk=8503cf92c1cbc171,"","2026-04-03"
0,"","Brand Designer","CHAOS Industries","Los Angeles, California","","$110,000 - $145,000 (yearly)",jobspy_indeed,https://www.indeed.com/viewjob?jk=186da83a12d3bad0,"","2026-04-02"
0,"","Print Pre-Press Operator/ Vinyl Expert / Assembling Floater","Norse MFG Corp","Los Angeles, California","","$880 - $1,000 (weekly)",jobspy_indeed,https://www.indeed.com/viewjob?jk=3784ceef983f54be,"","2026-04-02"
0,"","Prelim/Prepress Operator 1","RR Donnelley","Washington, DC","","$19 - $27 (hourly)",jobspy_indeed,https://www.indeed.com/viewjob?jk=4ae948d552354239,"","2026-04-07"
0,"","Senior Technical Engagements & Knowledge Management Lead","Vantor","Washington, DC","","$118,000 - $196,000 (yearly)",jobspy_indeed,https://www.indeed.com/viewjob?jk=359063ea9af3aa70,"","2026-04-06"
0,"","Technical Writer","Textron Systems","Washington, DC","","$71,400 - $107,000 (yearly)",jobspy_indeed,https://www.indeed.com/viewjob?jk=8aba3fadc9d8445a,"","2026-04-06"
0,"","Large Format Digital Press Operator","The Vomela Companies","Washington, DC","","",jobspy_indeed,https://www.indeed.com/viewjob?jk=094936ac0c54c572,"","2026-04-06"
0,"","Screen Printing Operator","Mo-ink","Washington, DC","","$17 - $29 (hourly)",jobspy_indeed,https://www.indeed.com/viewjob?jk=41f864460379aef5,"","2026-04-06"
0,"","Marketing Specialist","Wright Manufacturing Inc","Washington, DC","","",jobspy_indeed,https://www.indeed.com/viewjob?jk=7524cb29d863e428,"","2026-04-04"
0,"","Powder Coat Machine Operator- 3rd","Menasha Corporation","United States","","",jobspy_indeed,https://www.indeed.com/viewjob?jk=978342a6b49ccb3e,"","2026-04-09"
0,"","Press Assistant","CL&D Graphics","United States","","",jobspy_indeed,https://www.indeed.com/viewjob?jk=2af25841f8d0cec2,"","2026-04-09"
0,"","Senior Manager, Public Relations & Media","Johnson Controls","United States","","$100,000 - $140,000 (yearly)",jobspy_indeed,https://www.indeed.com/viewjob?jk=05b834fbe911fae8,"","2026-04-09"
0,"","Environmental Program Specialist 1/2/3","State of Alaska","United States","","$26 - $37 (hourly)",jobspy_indeed,https://www.indeed.com/viewjob?jk=b73060ed2c065bcc,"","2026-04-08"
0,"","Signs & Marking Technician","DFW International Airport","United States","","",jobspy_indeed,https://www.indeed.com/viewjob?jk=62fedb7e3e7d55a1,"","2026-04-08"
0,"","Game Day Operations Internship","Lake County Captains","United States","","",jobspy_indeed,https://www.indeed.com/viewjob?jk=3a93b51b20bb08cf,"","2026-04-08"
0,"","Associate Software Simulation Engineer","Boeing","United States","","$99,450 - $134,550 (yearly)",jobspy_indeed,https://www.indeed.com/viewjob?jk=3ed09d726feb3cf0,"","2026-04-08"
0,"","Cutting Operator","Graphic Packaging International","United States","","",jobspy_indeed,https://www.indeed.com/viewjob?jk=3ddd549cb25d0ba0,"","2026-04-08"
0,"","Night Shift Finishing Operator Assistant","Graphic Packaging International","United States","","",jobspy_indeed,https://www.indeed.com/viewjob?jk=f6a5fae082882188,"","2026-04-08"
0,"","Graphic Operator","Deloitte","United States","","",jobspy_indeed,https://www.indeed.com/viewjob?jk=931678b01c7bd151,"","2026-04-08"
0,"","Finishing Operator","Mill Rock Packaging","United States","","$18 - $20 (hourly)",jobspy_indeed,https://www.indeed.com/viewjob?jk=84bbfbf389377479,"","2026-04-08"
0,"","Technical Writer Editor 2","Vickers & Nolan Enterprises","United States","","$80,000 - $90,000 (yearly)",jobspy_indeed,https://www.indeed.com/viewjob?jk=5ced98fdfa6cfe79,"","2026-04-08"
0,"","Digital Press Operator","Prisma Graphic","United States","","$19 - $24 (hourly)",jobspy_indeed,https://www.indeed.com/viewjob?jk=22afd63d4df9b70c,"","2026-04-08"
0,"","Operator, Print Shop","Jackson Rancheria Casino Resort","United States","","$23 - $29 (hourly)",jobspy_indeed,https://www.indeed.com/viewjob?jk=d7f1f825408d3f78,"","2026-04-08"
0,"","Electrical Automation Engineer","Sparrow Company","United States","","$85,000 - $132,000 (yearly)",jobspy_indeed,https://www.indeed.com/viewjob?jk=e4c5c6e97dd2d077,"","2026-04-08"
0,"","Machine Operator","Digital Room LLC","United States","","$17 - $19 (hourly)",jobspy_indeed,https://www.indeed.com/viewjob?jk=c4144bae1569ae1a,"","2026-04-08"
0,"","Machine Operator","Hood Container","United States","","",jobspy_indeed,https://www.indeed.com/viewjob?jk=91d693fa30501a5b,"","2026-04-08"
0,"","Machine Operator - 1st Shift","Pratt Industries","United States","","",jobspy_indeed,https://www.indeed.com/viewjob?jk=3ea7871a93184842,"","2026-04-08"
0,"","Fuji JPress Operator (Digital Production Inkjet Press Operator)","Evolving Edge Graphics","United States","","$23 - $26 (hourly)",jobspy_indeed,https://www.indeed.com/viewjob?jk=0bf7a2da7368a962,"","2026-04-08"
0,"","Jr. Graphic Designer","Buyers Edge Platform","Remote","","",jobspy_indeed,https://www.indeed.com/viewjob?jk=3d158598bc08bd5b,"","2026-04-07"
0,"","Scenic Carpenter","Bloqlab LLC","Los Angeles, California","","$25 - $35 (hourly)",jobspy_indeed,https://www.indeed.com/viewjob?jk=f2ff79a873c1d671,"","2026-04-02"
0,"","Scenic Carpenter/ Fabrication Shop Associate","Provost Displays","United States","","",jobspy_indeed,https://www.indeed.com/viewjob?jk=5e171ffcc7e802a0,"","2026-04-09"
0,"","Finish Carpenter","Jon Richards Company","United States","","$20 - $28 (hourly)",jobspy_indeed,https://www.indeed.com/viewjob?jk=a624dcbf4b792f88,"","2026-04-09"
0,"","Scenic Carpenter","Theme It Productions LLC","United States","","$18 - $25 (hourly)",jobspy_indeed,https://www.indeed.com/viewjob?jk=f569f23c33f746c0,"","2026-04-08"
0,"","Scenic Carpenter / Fabricator","Gary Musick Productions","United States","","",jobspy_indeed,https://www.indeed.com/viewjob?jk=dd29727c3f681bfc,"","2026-04-02"
0,"","Insomniac - Core LA 2026 Seasonal Site Experience Rigger","Live Nation","Los Angeles, California","","$17 - $36 (hourly)",jobspy_indeed,https://www.indeed.com/viewjob?jk=cccb6db517b9a0c2,"","2026-04-08"
0,"","Event Rigging Supervisor, Audio Visual – Gaylord National Resort & Convention Center","Encore Global","Washington, DC","","$44 - $44 (hourly)",jobspy_indeed,https://www.indeed.com/viewjob?jk=80b82f0b365e75ee,"","2026-04-06"
0,"","General Shop","Morrow Equipment Company","United States","","",jobspy_indeed,https://www.indeed.com/viewjob?jk=3d810bea3bbc6ab8,"","2026-04-07"
0,"","Senior Production Technician - Part Time","Duke University","United States","","",jobspy_indeed,https://www.indeed.com/viewjob?jk=281da221ad6788c1,"","2026-04-06"
0,"","Boat Service Supervisor","Bass Pro Shops","United States","","",jobspy_indeed,https://www.indeed.com/viewjob?jk=c09365cda2c88ff2,"","2026-04-02"
0,"","Temporary Theatre Technician Local Crew Positions - CONTINUOUS RECRUITMENT Pool","University Of North Carolina Wilmington","United States","","$15 - $19 (hourly)",jobspy_indeed,https://www.indeed.com/viewjob?jk=f6c0e88000f0f3d1,"","2025-04-07"
