score,verdict,title,company,location,tier,salary,source,url,reasoning,date_posted
0,"","Event Sr. Technical Lead, Audio Visual - Loews Chicago O'Hare","Encore Global","Chicago, Illinois","","$18 - $24 (hourly)",jobspy_indeed,https://www.indeed.com/viewjob?jk=47b5a713df58dcd7,"","2026-05-01"
0,"","Event Technician, Audio Visual - Marriot Marquis Chicago","Encore Global","Chicago, Illinois","","$15 - $20 (hourly)",jobspy_indeed,https://www.indeed.com/viewjob?jk=ec96888beb3a5188,"","2026-05-01"
0,"","Assistant Audio Engineer","Broadcast Management Group","Chicago, Illinois","","",jobspy_indeed,https://www.indeed.com/viewjob?jk=fff672f49d6e73d9,"","2026-05-01"
0,"","Onsite AV / Network Technician","SONIFI","Chicago, Illinois","","$26 - $34 (hourly)",jobspy_indeed,https://www.indeed.com/viewjob?jk=4b3d762c58d8c846,"","2026-05-01"
0,"","Associate AV Field Engineer","Diversified","Chicago, Illinois","","$32 - $40 (hourly)",jobspy_indeed,https://www.indeed.com/viewjob?jk=6631f1fca2a1501f,"","2026-04-30"
0,"","AudioVisual Event Technician - Part-Time (North Michigan Ave) Chicago, IL (88)","Five-Star Audio Visual","Chicago, Illinois","","$18 - $22 (hourly)",jobspy_indeed,https://www.indeed.com/viewjob?jk=79fb0be5b2c061aa,"","2026-04-27"
0,"","Sound Technician / Lighting Technicians / AV Technicians","NY Lounge Decor","New York, New York","","$20 - $25 (hourly)",jobspy_indeed,https://www.indeed.com/viewjob?jk=632208fab36c4d51,"","2026-05-03"
0,"","Podcast Audio /Video Engineer","Launch Pod Studio LLC","New York, New York","","$25 - $28 (hourly)",jobspy_indeed,https://www.indeed.com/viewjob?jk=92c28f8784650cd9,"","2026-05-01"
0,"","Event Technician","Xtreme Event Group","New York, New York","","$19 - $24 (hourly)",jobspy_indeed,https://www.indeed.com/viewjob?jk=0a53a72d5b50c4b6,"","2026-05-01"
0,"","Event Production Staff","Xtreme Event Group","New York, New York","","$19 - $24 (hourly)",jobspy_indeed,https://www.indeed.com/viewjob?jk=b230aeaf53321f2d,"","2026-05-01"
0,"","Freelance Audio Visual Technician","A-V SERVICES INC.","New York, New York","","",jobspy_indeed,https://www.indeed.com/viewjob?jk=baa744cfe8415c3d,"","2026-05-01"
0,"","Operations Manager, Audio Visual - The Sheraton New York Times Square","Encore Global","New York, New York","","$66,300 - $75,000 (yearly)",jobspy_indeed,https://www.indeed.com/viewjob?jk=cbcc9feafe90115f,"","2026-04-30"
0,"","Supervisor, Audio","Horizon Media, Inc.","New York, New York","","$80,000 - $95,000 (yearly)",jobspy_indeed,https://www.indeed.com/viewjob?jk=30e1cfa65100f8db,"","2026-04-30"
0,"","Lead AV Technician","Mason Technologies Inc","New York, New York","","$35 - $45 (hourly)",jobspy_indeed,https://www.indeed.com/viewjob?jk=7552c25bf47a26fb,"","2026-04-30"
0,"","AV Technician – Meeting & Events Tech Services","Voya Financial","New York, New York","","$79,620 - $132,720 (yearly)",jobspy_indeed,https://www.indeed.com/viewjob?jk=8ae068011cf240a6,"","2026-04-30"
0,"","AV & Telecommunications Technician","Corinth","New York, New York","","$80,711 - $109,990 (yearly)",jobspy_indeed,https://www.indeed.com/viewjob?jk=a930600b8caa8033,"","2026-04-30"
0,"","Senior Software Engineer - Middleware - AV Labs","Uber","San Francisco, California","","$202,000 - $224,000 (yearly)",jobspy_indeed,https://www.indeed.com/viewjob?jk=12150104f5796961,"","2026-05-04"
0,"","AV Installation Technician - Integrator","Diversified","San Francisco, California","","$31 - $38 (hourly)",jobspy_indeed,https://www.indeed.com/viewjob?jk=b31db837b720d336,"","2026-05-03"
0,"","Part-Time Board Operator","Cumulus Media","San Francisco, California","","",jobspy_indeed,https://www.indeed.com/viewjob?jk=4efdd90120914dec,"","2026-05-01"
0,"","Lead AV Solutions Engineer","Wesco","San Francisco, California","","$93,937 - $159,693 (yearly)",jobspy_indeed,https://www.indeed.com/viewjob?jk=8db97c51ac2df47a,"","2026-05-01"
0,"","AV / VC Technician L3","Milestone Technologies","San Francisco, California","","",jobspy_indeed,https://www.indeed.com/viewjob?jk=11ce885e2e0c8fc7,"","2026-04-30"
0,"","Tier 2 Audio Visual Field Technician","EOS IT Solutions","San Francisco, California","","$32 - $41 (hourly)",jobspy_indeed,https://www.indeed.com/viewjob?jk=b1e0758c7f1d4138,"","2026-04-30"
0,"","AV Technician Team Lead","EOS IT Solutions","San Francisco, California","","$85,000 - $105,000 (yearly)",jobspy_indeed,https://www.indeed.com/viewjob?jk=fe0a8ce31ba526f5,"","2026-04-30"
0,"","Lead Audio Visual Field Technician","EOS IT Solutions","San Francisco, California","","$75,000 - $100,000 (yearly)",jobspy_indeed,https://www.indeed.com/viewjob?jk=43b2295f2a409115,"","2026-04-30"
0,"","Embedded Drivers Engineer, Audio & Media Technologies","Apple","San Francisco, California","","$126,800 - $220,900 (yearly)",jobspy_indeed,https://www.indeed.com/viewjob?jk=5bfa48db98b23e00,"","2026-04-30"
0,"","Senior AV Operations Safety Engineer (GPSSC)","General Motors (GM)","San Francisco, California","","",jobspy_indeed,https://www.indeed.com/viewjob?jk=86ac5bdcd2c3669c,"","2026-04-29"
0,"","Software Engineer, Autonomous Vehicles Software Systems - Early Career","General Motors (GM)","San Francisco, California","","",jobspy_indeed,https://www.indeed.com/viewjob?jk=751a1d7ba49a2dc4,"","2026-04-22"
0,"","Deposition Officer - Legal Audio / Visual Technician","Planet Depos","San Francisco, California","","$26 - $28 (hourly)",jobspy_indeed,https://www.indeed.com/viewjob?jk=b31800675159542d,"","2026-04-29"
0,"","Project Engineer - Audio/Visual","BEI Construction","San Francisco, California","","$36 - $43 (hourly)",jobspy_indeed,https://www.indeed.com/viewjob?jk=de2509b61e87a5d6,"","2026-04-28"
0,"","Audiovisual Archives Technician (contract)","Wells Fargo","San Francisco, California","","$30 - $35 (hourly)",jobspy_indeed,https://www.indeed.com/viewjob?jk=8529d0b9077522be,"","2026-04-28"
0,"","Freelance AV Install Technician","Westwave AV","San Francisco, California","","$35 - $45 (hourly)",jobspy_indeed,https://www.indeed.com/viewjob?jk=28f4c570abc1b5aa,"","2026-04-28"
0,"","Senior Software Performance Engineer - AV Platform","NVIDIA","San Francisco, California","","$224,000 - $431,250 (yearly)",jobspy_indeed,https://www.indeed.com/viewjob?jk=03886425a3559c6b,"","2026-04-27"
0,"","Software Engineer, AV HIL Platform and Services","General Motors (GM)","San Francisco, California","","$123,000 - $190,000 (yearly)",jobspy_indeed,https://www.indeed.com/viewjob?jk=0b78fea4af5fbc67,"","2026-04-23"
0,"","Senior Cloud Engineer – AV Cloud Engineering","General Motors (GM)","San Francisco, California","","$170,000 - $230,000 (yearly)",jobspy_indeed,https://www.indeed.com/viewjob?jk=1627e8f38c83ecae,"","2026-04-21"
0,"","Senior AI/ML Engineer, Build Platform","General Motors (GM)","San Francisco, California","","$170,000 - $240,000 (yearly)",jobspy_indeed,https://www.indeed.com/viewjob?jk=ae7571730394baf5,"","2026-03-06"
0,"","Senior AI/ML Engineer, AV Pipelines & Lineage","General Motors (GM)","San Francisco, California","","$155,420 - $395,900 (yearly)",jobspy_indeed,https://www.indeed.com/viewjob?jk=fda5f3efad3884a3,"","2026-04-07"
0,"","Audio Engineer","The Pursuit NW","Seattle, Washington","","$54,000 - $82,000 (yearly)",jobspy_indeed,https://www.indeed.com/viewjob?jk=f5f981978c8841de,"","2026-05-02"
0,"","Sunday A/V Technician","Queen Anne United Methodist Church","Seattle, Washington","","$23 - $30 (hourly)",jobspy_indeed,https://www.indeed.com/viewjob?jk=29f769a44628753e,"","2026-05-01"
0,"","Livestream and Off Campus Event Engineer, Event Productions","Amazon.com","Seattle, Washington","","$25 - $41 (hourly)",jobspy_indeed,https://www.indeed.com/viewjob?jk=97cf59d99ce18774,"","2026-04-14"
0,"","Event Technician","Reading Public Schools","Boston, Massachusetts","","",jobspy_indeed,https://www.indeed.com/viewjob?jk=90e8ea4a87327e50,"","2026-05-01"
0,"","Onsite AV / Network Technician","SONIFI","Boston, Massachusetts","","$27 - $34 (hourly)",jobspy_indeed,https://www.indeed.com/viewjob?jk=c797ebc817d41f18,"","2026-05-01"
0,"","Freelance Audio Visual Technician","A-V SERVICES INC.","Boston, Massachusetts","","$35 - $40 (hourly)",jobspy_indeed,https://www.indeed.com/viewjob?jk=637d0fdb20a63b65,"","2026-05-01"
0,"","AV Install Technician","CB20","Boston, Massachusetts","","$30 - $35 (hourly)",jobspy_indeed,https://www.indeed.com/viewjob?jk=593f55fe7042ef26,"","2026-04-29"
0,"","DSP Engineer - Audio Tech","Bose","Boston, Massachusetts","","$97,600 - $134,200 (yearly)",jobspy_indeed,https://www.indeed.com/viewjob?jk=fdc7c9ff55a3f058,"","2026-04-29"
0,"","Principal Acoustic Systems Engineer","Draper","Boston, Massachusetts","","$95,000 - $245,000 (yearly)",jobspy_indeed,https://www.indeed.com/viewjob?jk=585a3d460e918127,"","2026-04-28"
0,"","Acoustic Signal Processing Engineer","Draper","Boston, Massachusetts","","$75,000 - $150,000 (yearly)",jobspy_indeed,https://www.indeed.com/viewjob?jk=51136d6bc54bdef6,"","2026-04-27"
0,"","MULTIMEDIA AUDIO VISUAL TECHNICIAN","Waveguide","Boston, Massachusetts","","$60,000 - $70,000 (yearly)",jobspy_indeed,https://www.indeed.com/viewjob?jk=95256905c6302fdf,"","2026-02-28"
0,"","AV Customer Engineer","Intone Networks","Los Angeles, California","","",jobspy_indeed,https://www.indeed.com/viewjob?jk=fb6d908d6f8985fb,"","2026-05-04"
0,"","AV Smart Home Technician (Growth to Lead Role)","CONNECTED SYSTEMS, LLC","Los Angeles, California","","$32 - $45 (hourly)",jobspy_indeed,https://www.indeed.com/viewjob?jk=5bbbd809cb8f76d5,"","2026-05-04"
0,"","Operations Event Technician","Milken Community Schools","Los Angeles, California","","$27 - $30 (hourly)",jobspy_indeed,https://www.indeed.com/viewjob?jk=8a6d01dad4670f1f,"","2026-05-01"
0,"","Audio Visual Quality Control Technician","Nationwide video","Los Angeles, California","","$25 - $27 (hourly)",jobspy_indeed,https://www.indeed.com/viewjob?jk=124e03b8ad02fd21,"","2026-05-01"
0,"","Audio Visual Screen Technician","Nationwide video","Los Angeles, California","","$22 - $24 (hourly)",jobspy_indeed,https://www.indeed.com/viewjob?jk=f9e8718bc3fe91d1,"","2026-05-01"
0,"","IS&T Services AV & Broadcast Engineer, Employee Experience & Productivity","Apple","Los Angeles, California","","$134,800 - $203,000 (yearly)",jobspy_indeed,https://www.indeed.com/viewjob?jk=823f3214161ffbb6,"","2026-04-30"
0,"","Event Technician, Audio Visual - Lido House","Encore Global","Los Angeles, California","","$23 - $24 (hourly)",jobspy_indeed,https://www.indeed.com/viewjob?jk=69b644109b627000,"","2026-04-29"
0,"","Event Technician, Audio Visual - Disneyland Hotels","Encore Global","Los Angeles, California","","$23 - $24 (hourly)",jobspy_indeed,https://www.indeed.com/viewjob?jk=348adbbd8a71709b,"","2026-04-29"
0,"","Operations A/V Technician","JLL","Los Angeles, California","","$62,400 - $83,200 (yearly)",jobspy_indeed,https://www.indeed.com/viewjob?jk=90a6cd1d01a07557,"","2026-04-29"
0,"","403(g) Technician","CBS News and Stations","Los Angeles, California","","",jobspy_indeed,https://www.indeed.com/viewjob?jk=086c955fff832851,"","2026-04-29"
0,"","Audio Visual Director","Aldersgate United Methodist Church","Los Angeles, California","","$24 - $28 (hourly)",jobspy_indeed,https://www.indeed.com/viewjob?jk=9080cd6fb3fde8fb,"","2026-04-29"
0,"","Lead Technician – Audio/Video & Low Voltage Systems","Wyredreams","Los Angeles, California","","",jobspy_indeed,https://www.indeed.com/viewjob?jk=26156f74fc12562e,"","2026-04-29"
0,"","AV Installation Technician (Creston, Savant, Low Voltage","CW Techologies, Inc.","Los Angeles, California","","$27 - $40 (hourly)",jobspy_indeed,https://www.indeed.com/viewjob?jk=5d6fe5c7b36d29b5,"","2026-04-29"
0,"","Board Operator","Audacy, Inc.","Los Angeles, California","","",jobspy_indeed,https://www.indeed.com/viewjob?jk=85084f0787a31f13,"","2026-04-28"
0,"","Lead AV Technician","Amplify People","Los Angeles, California","","$28 - $38 (hourly)",jobspy_indeed,https://www.indeed.com/viewjob?jk=80c0e8e151270978,"","2026-04-28"
0,"","TV Production Audio Engineer (2026)","University of La Verne","Los Angeles, California","","",jobspy_indeed,https://www.indeed.com/viewjob?jk=c66b9ea072c2b13a,"","2026-04-28"
0,"","Junior Assistant (Part-Time)","nan","Los Angeles, California","","",jobspy_indeed,https://www.indeed.com/viewjob?jk=16cac055a317f8ae,"","2026-04-28"
0,"","Worship Tech Director","The Church at Green Hills","Los Angeles, California","","$23 - $26 (hourly)",jobspy_indeed,https://www.indeed.com/viewjob?jk=2809a405e92f62e1,"","2026-04-28"
0,"","Warehouse AV Support Technician","Vision Staffing Solutions LLC","Los Angeles, California","","$20 - $22 (hourly)",jobspy_indeed,https://www.indeed.com/viewjob?jk=d08c4353e0ede1d6,"","2026-04-28"
0,"","Installation and Service Technician (Low Voltage/Fire/Security/AV)","Barton Integration","Los Angeles, California","","$75,000 - $95,000 (yearly)",jobspy_indeed,https://www.indeed.com/viewjob?jk=79d7365eb373f61e,"","2026-04-27"
0,"","Event Operations Manager, Venues - The Westin Bonaventure","Encore Global","Los Angeles, California","","$70,304 - $74,938 (yearly)",jobspy_indeed,https://www.indeed.com/viewjob?jk=b3e56b5d0b10fa80,"","2026-04-16"
0,"","Principal Engineer, Systems - Acoustics","Harman","Los Angeles, California","","$134,250 - $196,900 (yearly)",jobspy_indeed,https://www.indeed.com/viewjob?jk=51abab2af6335170,"","2026-03-27"
0,"","Audio FOH Engineer","First Baptist Church of Alexandria","Washington, DC","","",jobspy_indeed,https://www.indeed.com/viewjob?jk=d52c6975042a244f,"","2026-05-04"
0,"","Sunday Production Technician","King's Church","Washington, DC","","$40 - $60 (hourly)",jobspy_indeed,https://www.indeed.com/viewjob?jk=7e89b262ed5f0026,"","2026-05-04"
0,"","Live Audio Engineer","7 Virtues Entertainment","Washington, DC","","$30 - $45 (hourly)",jobspy_indeed,https://www.indeed.com/viewjob?jk=2e6dd3a0bd7ed975,"","2026-05-02"
0,"","Mid Acoustics Engineer","ELS, Inc.","Washington, DC","","",jobspy_indeed,https://www.indeed.com/viewjob?jk=7be7273cb3960d9a,"","2026-05-01"
0,"","Freelance Audio Visual Technician","A-V SERVICES INC.","Washington, DC","","",jobspy_indeed,https://www.indeed.com/viewjob?jk=b8d0f78e343c54e7,"","2026-05-01"
0,"","Event Operations Supervisor, Audio Visual - Gaylord National Resort & Convention Center","Encore Global","Washington, DC","","$22 - $29 (hourly)",jobspy_indeed,https://www.indeed.com/viewjob?jk=e145f1fa6cb56b75,"","2026-04-30"
0,"","Event Operations Supervisor, Audio Visual - Washington Hilton","Encore Global","Washington, DC","","$22 - $29 (hourly)",jobspy_indeed,https://www.indeed.com/viewjob?jk=60ec611e089ef389,"","2026-04-28"
0,"","Audio Visual Warehouse Technician","nan","Washington, DC","","$20 - $30 (hourly)",jobspy_indeed,https://www.indeed.com/viewjob?jk=79e357cda1595256,"","2026-04-30"
0,"","AUDIO ENGINEER","CELLA","Washington, DC","","$45 - $50 (hourly)",jobspy_indeed,https://www.indeed.com/viewjob?jk=ff785505cc10eb3e,"","2026-04-30"
0,"","Installation Technician – Networking / AV / Low Voltage","ABE Networks","Washington, DC","","$35,000 - $70,000 (yearly)",jobspy_indeed,https://www.indeed.com/viewjob?jk=dc505d795029e379,"","2026-04-30"
0,"","AV Service Technician (Junior to Experienced)","Casaplex, LLC","Washington, DC","","",jobspy_indeed,https://www.indeed.com/viewjob?jk=b10e774bdbdd4bc7,"","2026-04-30"
0,"","AV Field Engineer","Salas O'Brien","Washington, DC","","$85,000 - $115,000 (yearly)",jobspy_indeed,https://www.indeed.com/viewjob?jk=1d5f21ebf4fab236,"","2026-04-29"
0,"","Event Technical Lead, Audio Visual - Marriott Marquis","Encore Global","Washington, DC","","$18 - $24 (hourly)",jobspy_indeed,https://www.indeed.com/viewjob?jk=05f030f89cd19c7f,"","2026-04-28"
0,"","Event Technical Lead, Audio Visual - MGM National Harbor Hotel & Casino","Encore Global","Washington, DC","","$18 - $24 (hourly)",jobspy_indeed,https://www.indeed.com/viewjob?jk=f8c5a70cfeaecbb4,"","2026-04-22"
0,"","HQ AV Deskside Technician","DMI","Washington, DC","","",jobspy_indeed,https://www.indeed.com/viewjob?jk=f733add3349f3a52,"","2026-04-28"
0,"","Sr Human Centered Design Strategist, SME","DMI","Washington, DC","","",jobspy_indeed,https://www.indeed.com/viewjob?jk=1de941f7c2441b53,"","2026-04-29"
0,"","R1 Part-Time Mixer","Radio One","Washington, DC","","$15 - $18 (hourly)",jobspy_indeed,https://www.indeed.com/viewjob?jk=0bc82904a8fed83b,"","2026-04-28"
0,"","Broadcast Audio Engineer","Christ Church","Washington, DC","","",jobspy_indeed,https://www.indeed.com/viewjob?jk=ae640aebee65be76,"","2026-04-28"
0,"","MULTIMEDIA AUDIO VISUAL TECHNICIAN","Waveguide","Washington, DC","","",jobspy_indeed,https://www.indeed.com/viewjob?jk=55e1e39367082daf,"","2026-04-27"
0,"","Smart Home & Motorized Shade Technician (Lutron/Sonos/AV)","Arqai","United States","","$35 - $45 (hourly)",jobspy_indeed,https://www.indeed.com/viewjob?jk=1226af51300167b8,"","2026-05-04"
0,"","Maintenance Engineer","Christian Television Network","United States","","$45,000 - $48,000 (yearly)",jobspy_indeed,https://www.indeed.com/viewjob?jk=0fb57a45e6177369,"","2026-05-04"
0,"","Sound and Lighting Technician","Keystone Entertainment","United States","","$20 - $40 (hourly)",jobspy_indeed,https://www.indeed.com/viewjob?jk=3a179e7b008026c6,"","2026-05-04"
0,"","Installation Technician - Networking/AV/Low Voltage","OfficePro, Inc.","United States","","$25 - $35 (hourly)",jobspy_indeed,https://www.indeed.com/viewjob?jk=be06d31e47ff53a6,"","2026-05-04"
0,"","Car Audio Technician","The Stereo Store!","United States","","$15 - $35 (hourly)",jobspy_indeed,https://www.indeed.com/viewjob?jk=b8d0803aea9ede01,"","2026-05-04"
0,"","Lead Audiovisual Technician","Lehigh Valley Events & Productions","United States","","",jobspy_indeed,https://www.indeed.com/viewjob?jk=f96cce09b7aeb360,"","2026-05-02"
0,"","Audio Visual Tech","Kalahari Resorts & Conventions","United States","","",jobspy_indeed,https://www.indeed.com/viewjob?jk=b7084821e7cf35e5,"","2026-05-02"
0,"","Audio Technician - Atrium Showroom - Luxor","MGM Resorts International","United States","","",jobspy_indeed,https://www.indeed.com/viewjob?jk=e7b019d961ade40e,"","2026-05-01"
0,"","Event Technician, Audio Visual ( (Part Time Casual) - Sawgrass Marriott, Ponte Vedra Beach","Encore Global","United States","","$14 - $18 (hourly)",jobspy_indeed,https://www.indeed.com/viewjob?jk=992ff6905a594435,"","2026-05-01"
0,"","Event Technician, Audio Visual - Grand Hyatt Atlanta","Encore Global","United States","","$14 - $18 (hourly)",jobspy_indeed,https://www.indeed.com/viewjob?jk=cc384c67e5a156b4,"","2026-05-01"
0,"","Director of Event Technology II, Venues- Wyndham Grand Clearwater Beach","Encore Global","United States","","$58,643 - $76,235 (yearly)",jobspy_indeed,https://www.indeed.com/viewjob?jk=10e48ae34d9fee4d,"","2026-05-01"
0,"","Event Operations Manager - Gaylord, Pacific","Encore Global","United States","","$70,304 - $74,938 (yearly)",jobspy_indeed,https://www.indeed.com/viewjob?jk=e7b0346f0b8824b1,"","2026-03-26"
0,"","AV Safety Engineering Analytics AI/ML Engineer (GPSSC)","General Motors (GM)","Remote","","",jobspy_indeed,https://www.indeed.com/viewjob?jk=675259892fa0b51c,"","2026-04-29"
0,"","Safety Modeling Engineer – Counterfactual & Behavioral Safety Modeling (GPSSC)","General Motors (GM)","Remote","","",jobspy_indeed,https://www.indeed.com/viewjob?jk=d9b7d2f6c4711b0b,"","2026-04-29"
0,"","Sound Designer and Composer","nan","Remote","","",jobspy_indeed,https://www.indeed.com/viewjob?jk=61c851153093aab4,"","2026-04-29"
0,"","Senior Consultant - IR","nan","Remote","","",jobspy_indeed,https://www.indeed.com/viewjob?jk=37dd3e877d83bafb,"","2026-04-27"
0,"","Incident Response Consultant","nan","Remote","","",jobspy_indeed,https://www.indeed.com/viewjob?jk=9a96c64e11c2282f,"","2026-04-27"
0,"","Sr Staff AV Behavior Safety Engineer (GPSSC)","General Motors (GM)","Remote","","$185,100 - $284,100 (yearly)",jobspy_indeed,https://www.indeed.com/viewjob?jk=6735570ca4ab37a5,"","2026-03-23"
0,"","Staff Machine Learning Engineer - Mapping","General Motors (GM)","Remote","","$185,100 - $335,300 (yearly)",jobspy_indeed,https://www.indeed.com/viewjob?jk=df52565fa7948bc4,"","2026-04-08"
0,"","Engineer In Charge","NEP GROUP","Remote","","",jobspy_indeed,https://www.indeed.com/viewjob?jk=249bab3a67609331,"","2026-03-18"
0,"","Computer Field Technician","STRATA SOLUTIONS","Chicago, Illinois","","$19 - $22 (hourly)",jobspy_indeed,https://www.indeed.com/viewjob?jk=6c3fbd8918b3ba6a,"","2026-05-01"
0,"","Project Manager","Key Code Media, Inc","New York, New York","","$79,000 - $99,000 (yearly)",jobspy_indeed,https://www.indeed.com/viewjob?jk=61186aae556bf5a2,"","2026-05-01"
0,"","Desktop Support Engineer","GN Management & Developers","New York, New York","","$56,726 - $75,000 (yearly)",jobspy_indeed,https://www.indeed.com/viewjob?jk=271a6b519cc29da5,"","2026-05-01"
0,"","Front Desk & Facilities Coordinator","Standard Bots","New York, New York","","$66,300 - $78,000 (yearly)",jobspy_indeed,https://www.indeed.com/viewjob?jk=df116ee9ebcfd403,"","2026-04-30"
0,"","IT Engineer","Gecko Robotics","New York, New York","","$94,000 - $144,000 (yearly)",jobspy_indeed,https://www.indeed.com/viewjob?jk=9fbd13b0a38a512d,"","2026-04-30"
0,"","Manager - Regional Design Engineering - AV and Media","Diversified","New York, New York","","$118,500 - $170,500 (yearly)",jobspy_indeed,https://www.indeed.com/viewjob?jk=73c0cd21b73c834d,"","2026-04-29"
0,"","L1 Lighting Engineer, Live Event Production","Convene","New York, New York","","",jobspy_indeed,https://www.indeed.com/viewjob?jk=65a184d00d256cdd,"","2026-04-29"
0,"","Jr. Network Infrastucture Engineer","Legrand","New York, New York","","",jobspy_indeed,https://www.indeed.com/viewjob?jk=c0701cc7182cb581,"","2026-04-29"
0,"","Senior Audio Visual Support Specialist","Alvarez & Marsal","New York, New York","","$90,000 - $130,000 (yearly)",jobspy_indeed,https://www.indeed.com/viewjob?jk=92a9fae955af3cc5,"","2026-04-28"
0,"","Manager - AV & Event Technology Operations","GMSC","New York, New York","","$80,000 - $120,000 (yearly)",jobspy_indeed,https://www.indeed.com/viewjob?jk=68cc3ae8b8fa42e7,"","2026-04-28"
0,"","Advanced Technical Support Group Engineer- Remote","Crestron Electronics","New York, New York","","$77,000 - $110,000 (yearly)",jobspy_indeed,https://www.indeed.com/viewjob?jk=675c7e3a75f1f1d1,"","2026-04-28"
0,"","Triage Engineer","Applied Intuition","San Francisco, California","","$90,000 - $150,000 (yearly)",jobspy_indeed,https://www.indeed.com/viewjob?jk=4431cf54c4c7667d,"","2026-05-02"
0,"","Desktop Support Technician","Ovation Workplace services","San Francisco, California","","$45,000 - $49,000 (yearly)",jobspy_indeed,https://www.indeed.com/viewjob?jk=087989da64715e92,"","2026-05-01"
0,"","Software Engineer I","Uber","San Francisco, California","","$153,000 - $169,000 (yearly)",jobspy_indeed,https://www.indeed.com/viewjob?jk=3fd3589b782ee33a,"","2026-05-01"
0,"","Manager, Strategic Events","Delinea","San Francisco, California","","",jobspy_indeed,https://www.indeed.com/viewjob?jk=8f649ccbdfe80e50,"","2026-05-01"
0,"","Office Operations Lead","Incode Technologies","San Francisco, California","","",jobspy_indeed,https://www.indeed.com/viewjob?jk=82f552a1c66ca252,"","2026-05-01"
0,"","Group Product Manager, Fleet & Event Response","Waymo","San Francisco, California","","$286,000 - $353,000 (yearly)",jobspy_indeed,https://www.indeed.com/viewjob?jk=6efc8df27e750c31,"","2026-05-01"
0,"","Head of Technical Services","Waymo","San Francisco, California","","$226,000 - $278,000 (yearly)",jobspy_indeed,https://www.indeed.com/viewjob?jk=60e938ba1f6ec070,"","2026-05-01"
0,"","Electronics/Avionics Tech II","AeroVironment","San Francisco, California","","",jobspy_indeed,https://www.indeed.com/viewjob?jk=368ef5d47e24a99a,"","2026-05-01"
0,"","Senior Manager, Capacity and Performance Engineering","General Motors (GM)","San Francisco, California","","$230,000 - $375,000 (yearly)",jobspy_indeed,https://www.indeed.com/viewjob?jk=716cd2ab76d69c04,"","2026-04-30"
0,"","Director, Corporate IT","Everlaw","San Francisco, California","","$218,000 - $275,000 (yearly)",jobspy_indeed,https://www.indeed.com/viewjob?jk=dcd17aaef893b24e,"","2026-04-30"
0,"","IT Engineering Manager (Endpoint Engineering)","Affirm","San Francisco, California","","$160,000 - $230,000 (yearly)",jobspy_indeed,https://www.indeed.com/viewjob?jk=e48979586967c41b,"","2026-04-30"
0,"","Senior Manager, Embodied AI","General Motors (GM)","San Francisco, California","","$296,300 - $453,900 (yearly)",jobspy_indeed,https://www.indeed.com/viewjob?jk=9223b8a07a838c2f,"","2026-04-22"
0,"","Principal Software Engineer (Planning & Controls)","General Motors (GM)","San Francisco, California","","$296,300 - $453,900 (yearly)",jobspy_indeed,https://www.indeed.com/viewjob?jk=0064d4423b649d1e,"","2026-02-26"
0,"","Staff Software Engineer, Reliability","General Motors (GM)","San Francisco, California","","$160,200 - $290,700 (yearly)",jobspy_indeed,https://www.indeed.com/viewjob?jk=8c0aa6238364bc3e,"","2026-04-22"
0,"","Senior AI/ML Capacity and Performance Engineer","General Motors (GM)","San Francisco, California","","$144,700 - $261,300 (yearly)",jobspy_indeed,https://www.indeed.com/viewjob?jk=2c4c3043fae69d9a,"","2026-04-07"
0,"","Software Engineer, Autonomy Behavior Validation","General Motors (GM)","San Francisco, California","","$123,200 - $189,100 (yearly)",jobspy_indeed,https://www.indeed.com/viewjob?jk=00d569099cea1a79,"","2026-04-03"
0,"","Senior ML Engineer - Embodied AI Scaling Foundations","General Motors (GM)","San Francisco, California","","$159,300 - $230,700 (yearly)",jobspy_indeed,https://www.indeed.com/viewjob?jk=ce90216c907de2dc,"","2026-04-02"
0,"","Manager, Autonomy Systems Validation","General Motors (GM)","San Francisco, California","","$189,300 - $290,700 (yearly)",jobspy_indeed,https://www.indeed.com/viewjob?jk=df5a18bd9bc35f9c,"","2026-04-02"
0,"","Staff AI/ML Engineer - AI Research","General Motors (GM)","San Francisco, California","","$218,800 - $335,300 (yearly)",jobspy_indeed,https://www.indeed.com/viewjob?jk=22aca091b0e0f404,"","2026-03-10"
0,"","Staff Software Engineer (Planning & Controls)","General Motors (GM)","San Francisco, California","","$218,800 - $335,300 (yearly)",jobspy_indeed,https://www.indeed.com/viewjob?jk=1de3510e4a835c5a,"","2026-02-26"
0,"","Project Manager","EOS IT Solutions","Seattle, Washington","","$120,000 - $150,000 (yearly)",jobspy_indeed,https://www.indeed.com/viewjob?jk=815d91159469b116,"","2026-04-27"
0,"","Senior Manager, Security Platform Engineering (Hybrid - Seattle)","Nordstrom","Seattle, Washington","","$191,000 - $297,000 (yearly)",jobspy_indeed,https://www.indeed.com/viewjob?jk=156be301d2a223e2,"","2026-04-13"
0,"","Engineering Manager","Allied Universal Technology Services","Boston, Massachusetts","","",jobspy_indeed,https://www.indeed.com/viewjob?jk=8c55d8325b2b32fe,"","2026-05-04"
0,"","Robot Operator — Teleoperation & Data Collection","stealth mode","Boston, Massachusetts","","$20 - $35 (hourly)",jobspy_indeed,https://www.indeed.com/viewjob?jk=2a4222fc7f59b676,"","2026-05-01"
0,"","Manager, Media & AV","Babson College","Boston, Massachusetts","","$114,525 - $127,250 (yearly)",jobspy_indeed,https://www.indeed.com/viewjob?jk=772a1c3f7dc422a3,"","2026-04-30"
0,"","IT Engineer","Gecko Robotics","Boston, Massachusetts","","$94,000 - $144,000 (yearly)",jobspy_indeed,https://www.indeed.com/viewjob?jk=6d5ed9080971468a,"","2026-04-30"
0,"","Manager - Regional Design Engineering - AV and Media","Diversified","Boston, Massachusetts","","$118,500 - $170,500 (yearly)",jobspy_indeed,https://www.indeed.com/viewjob?jk=09ae59ef520d8106,"","2026-04-29"
0,"","IT Support/Desktop Support Engineer(L1/L2) – Boston – Massachusetts","Axiom Technologies","Boston, Massachusetts","","",jobspy_indeed,https://www.indeed.com/viewjob?jk=93676c8c9723a6e5,"","2026-04-29"
0,"","Accounts Payable Manager","Motional","Boston, Massachusetts","","$109,000 - $142,000 (yearly)",jobspy_indeed,https://www.indeed.com/viewjob?jk=3b545c3658ddc87f,"","2026-04-29"
0,"","Project Manager","Allied Universal Technology Services","Boston, Massachusetts","","$100,000 - $120,000 (yearly)",jobspy_indeed,https://www.indeed.com/viewjob?jk=580c9944bf46edce,"","2026-04-27"
0,"","Senior Project Manager - Broadcast & AV & Post","Key Code Media, Inc","Los Angeles, California","","$101,000 - $140,000 (yearly)",jobspy_indeed,https://www.indeed.com/viewjob?jk=00d87e38f3347166,"","2026-05-01"
0,"","IT Service Technician 3","Grupo-sms","Los Angeles, California","","$62,400 - $78,500 (yearly)",jobspy_indeed,https://www.indeed.com/viewjob?jk=5f92ab442b3f930c,"","2026-05-01"
0,"","Technology & Low Voltage Systems Designer","Salas O'Brien","Los Angeles, California","","$75,000 - $100,000 (yearly)",jobspy_indeed,https://www.indeed.com/viewjob?jk=a4f9ed3e43fa2962,"","2026-04-30"
0,"","Product Lead","8Fleet Inc.","Los Angeles, California","","",jobspy_indeed,https://www.indeed.com/viewjob?jk=f2643699759aa303,"","2026-04-30"
0,"","AV Commissioning Manager","Rosendin Electric","Los Angeles, California","","$148,100 - $222,200 (yearly)",jobspy_indeed,https://www.indeed.com/viewjob?jk=0f964a0ab49476de,"","2026-04-30"
0,"","Project Engineer II","AVI-SPL","Los Angeles, California","","$95,000 - $120,000 (yearly)",jobspy_indeed,https://www.indeed.com/viewjob?jk=8490d1b4f4d00cd3,"","2026-04-28"
0,"","Maintenance Manager","Abbott","Los Angeles, California","","$114,000 - $228,000 (yearly)",jobspy_indeed,https://www.indeed.com/viewjob?jk=5e615f95f0d84ac1,"","2026-04-28"
0,"","Low Voltage/Technology Designer/RCDD/BICSI","PBS Engineers, Inc.","Los Angeles, California","","$100,000 - $125,000 (yearly)",jobspy_indeed,https://www.indeed.com/viewjob?jk=0a17dfd6a261b893,"","2026-04-28"
0,"","Low Voltage AutoCAD Drafter","Barton Integration","Los Angeles, California","","$24 - $26 (hourly)",jobspy_indeed,https://www.indeed.com/viewjob?jk=3ed365d7e1462e1b,"","2026-04-27"
0,"","Low Voltage/Fire Alarm/Security Estimator","Wachter","Los Angeles, California","","$25 - $37 (hourly)",jobspy_indeed,https://www.indeed.com/viewjob?jk=08b8249fc21ec23c,"","2026-03-23"
0,"","Intern Cyber Security Engineer","SES","Washington, DC","","",jobspy_indeed,https://www.indeed.com/viewjob?jk=28e498801d32b8d1,"","2026-05-03"
0,"","Intern meoSphere Strategic Supplier Management","SES","Washington, DC","","",jobspy_indeed,https://www.indeed.com/viewjob?jk=0c40cfdc13373d7b,"","2026-05-03"
0,"","Coordinator, Administration Building","Loudoun County Public Schools","Washington, DC","","$96,420 - $158,853 (yearly)",jobspy_indeed,https://www.indeed.com/viewjob?jk=3c4eae1b1bd6b252,"","2026-05-01"
0,"","Senior Program Manager","AeroVironment","Washington, DC","","$145,500 - $260,000 (yearly)",jobspy_indeed,https://www.indeed.com/viewjob?jk=8874f7cd91f08eef,"","2026-05-01"
0,"","Senior System Engineer","AeroVironment","Washington, DC","","$180,000 - $270,000 (yearly)",jobspy_indeed,https://www.indeed.com/viewjob?jk=997eaf39f604fa9a,"","2026-05-01"
0,"","IT Engineer","Gecko Robotics","Washington, DC","","$94,000 - $144,000 (yearly)",jobspy_indeed,https://www.indeed.com/viewjob?jk=cb286bb70c8b9045,"","2026-04-30"
0,"","Cybersecurity Engineer","Visa","Washington, DC","","$123,700 - $191,300 (yearly)",jobspy_indeed,https://www.indeed.com/viewjob?jk=76b9da32a3dfdfc5,"","2026-04-30"
0,"","Engineer - IT Infrastructure","Maximus","Washington, DC","","$83,520 - $125,280 (yearly)",jobspy_indeed,https://www.indeed.com/viewjob?jk=f7aba15221aa6f09,"","2026-04-30"
0,"","LED Display Technician","The Agam Group, Ltd.","Washington, DC","","",jobspy_indeed,https://www.indeed.com/viewjob?jk=8b21911695ed9b0b,"","2026-04-30"
0,"","Manager - Regional Design Engineering - AV and Media","Diversified","Washington, DC","","$118,500 - $170,500 (yearly)",jobspy_indeed,https://www.indeed.com/viewjob?jk=8365d7bb21ecdc9c,"","2026-04-29"
0,"","Project Leader 1 - Tysons, VA","M.C. Dean, Inc.","Washington, DC","","",jobspy_indeed,https://www.indeed.com/viewjob?jk=df5f7dd3594af88b,"","2026-04-28"
0,"","Electronics Technician 3 (M) - Northern Virginia","M.C. Dean, Inc.","Washington, DC","","",jobspy_indeed,https://www.indeed.com/viewjob?jk=16df199c291917a4,"","2026-05-01"
0,"","Design Engineer 5 - Tysons, VA","M.C. Dean, Inc.","Washington, DC","","",jobspy_indeed,https://www.indeed.com/viewjob?jk=8256d54634356656,"","2026-05-01"
0,"","Electronics Technician 4 (M) - Tysons, VA – 100% Travel","M.C. Dean, Inc.","Washington, DC","","",jobspy_indeed,https://www.indeed.com/viewjob?jk=98d644362a13de70,"","2026-04-30"
0,"","Senior Check Point Firewall Engineer","nan","Washington, DC","","$130,000 - $150,000 (yearly)",jobspy_indeed,https://www.indeed.com/viewjob?jk=4a79347fcd027a34,"","2026-04-28"
0,"","Help Desk Manager / Project Manager","LCG Inc.","Washington, DC","","$100,000 - $140,000 (yearly)",jobspy_indeed,https://www.indeed.com/viewjob?jk=d6ca6621438da912,"","2026-04-27"
0,"","FACILITIES PROJECT MANAGER IV","The University of Texas Rio Grande Valley","United States","","",jobspy_indeed,https://www.indeed.com/viewjob?jk=af62eed5cbb824ea,"","2026-05-04"
0,"","Fleet Deployment Specialist - Multiple Shifts Available","Moove","United States","","",jobspy_indeed,https://www.indeed.com/viewjob?jk=06164b26eb8db928,"","2026-05-03"
0,"","Senior Cloud Disaster Recovery Engineer","Openkyber","United States","","",jobspy_indeed,https://www.indeed.com/viewjob?jk=1a142ce744a81e6b,"","2026-05-02"
0,"","Design Engineer, Broadcast, XTG","AVI-SPL","United States","","$82,000 - $120,000 (yearly)",jobspy_indeed,https://www.indeed.com/viewjob?jk=b81ef7399ddb383d,"","2026-05-01"
0,"","ICT & Security Consultant","BranchPattern","United States","","$75,000 - $120,000 (yearly)",jobspy_indeed,https://www.indeed.com/viewjob?jk=1fc7bfb552677b79,"","2026-05-01"
0,"","Help Desk Technician","City of Fort Lupton, Colorado","United States","","$25 - $30 (hourly)",jobspy_indeed,https://www.indeed.com/viewjob?jk=d6543d0398b942d8,"","2026-05-01"
0,"","CMS Project Manager","Johnson Controls","United States","","$130,000 - $165,000 (yearly)",jobspy_indeed,https://www.indeed.com/viewjob?jk=5b73034a4deb8444,"","2026-05-01"
0,"","Corporate Sales Engineer, Pre-Sales (Remote)","CrowdStrike","United States","","$75,000 - $115,000 (yearly)",jobspy_indeed,https://www.indeed.com/viewjob?jk=006fc01cefb9dd07,"","2026-05-01"
0,"","Producer and Studio Classroom/Live Studio Manager","Augustine Institute","United States","","",jobspy_indeed,https://www.indeed.com/viewjob?jk=70bfd0d8edb1a893,"","2026-05-01"
0,"","Technical Integrator","AeroVironment","United States","","",jobspy_indeed,https://www.indeed.com/viewjob?jk=7094a4b05be30d49,"","2026-05-01"
0,"","Senior Engineer - Cloud & Infra Management","LTIMindtree","United States","","$70,000 - $75,000 (yearly)",jobspy_indeed,https://www.indeed.com/viewjob?jk=e732e5a0947d8912,"","2026-05-01"
0,"","Design Engineer II","Level 3 Audiovisual","Remote","","",jobspy_indeed,https://www.indeed.com/viewjob?jk=0feb0ac88e6348c8,"","2026-05-01"
0,"","Field Engineer II","Level 3 Audiovisual","Remote","","",jobspy_indeed,https://www.indeed.com/viewjob?jk=e48a37a69f0a1926,"","2026-04-29"
0,"","Manager - Regional Design Engineering - AV and Media","Diversified","Remote","","$118,500 - $170,500 (yearly)",jobspy_indeed,https://www.indeed.com/viewjob?jk=5095d0e6a583b71d,"","2026-04-29"
0,"","Sr. BIM Specialist","TEECOM","Remote","","$110,000 - $130,000 (yearly)",jobspy_indeed,https://www.indeed.com/viewjob?jk=8be4bfa1ceed3ff9,"","2026-04-29"
0,"","Associate - Audiovisual","TEECOM","Remote","","$110,000 - $140,000 (yearly)",jobspy_indeed,https://www.indeed.com/viewjob?jk=c9ad5c61627605a2,"","2026-04-28"
0,"","Sr. Corporate Sales Engineer (Remote)","CrowdStrike","Remote","","$100,000 - $140,000 (yearly)",jobspy_indeed,https://www.indeed.com/viewjob?jk=dafcd75b193e959a,"","2026-04-29"
0,"","Principal AI Safety Engineer for Autonomous Vehicles: Technical Lead (GPSSC)","General Motors (GM)","Remote","","$250,600 - $384,600 (yearly)",jobspy_indeed,https://www.indeed.com/viewjob?jk=e66ef81680a23bec,"","2026-03-23"
0,"","Staff Software Development Engineer","CVS Health","Chicago, Illinois","","$118,450 - $284,280 (yearly)",jobspy_indeed,https://www.indeed.com/viewjob?jk=bb80df7fb160d1b0,"","2026-04-29"
0,"","Staff Software Development Engineer","CVS Health","New York, New York","","$118,450 - $284,280 (yearly)",jobspy_indeed,https://www.indeed.com/viewjob?jk=ff905076f04999a3,"","2026-04-29"
0,"","Senior Power Electronics Engineer","TDK Corporation","New York, New York","","$120,000 - $150,000 (yearly)",jobspy_indeed,https://www.indeed.com/viewjob?jk=3f368c108a51dbd1,"","2026-04-27"
0,"","Principal PMT, Supply Yield, Prime Video Advertising","Amazon.com","New York, New York","","$197,900 - $267,800 (yearly)",jobspy_indeed,https://www.indeed.com/viewjob?jk=93904a475da16840,"","2026-03-13"
0,"","Principal Product Manager Tech - Ad Server, Publisher Decision Engine","Amazon.com","New York, New York","","$197,900 - $279,900 (yearly)",jobspy_indeed,https://www.indeed.com/viewjob?jk=5453263d04590ee7,"","2026-04-01"
0,"","Principal Product Manager - Tech, Amazon Games GenAI & Strategic Initiatives","Amazon.com","New York, New York","","$197,900 - $267,800 (yearly)",jobspy_indeed,https://www.indeed.com/viewjob?jk=35416b65b5e36428,"","2026-03-24"
0,"","Lead Systems Engineer, Microsoft Teams","Visa","San Francisco, California","","$131,600 - $233,700 (yearly)",jobspy_indeed,https://www.indeed.com/viewjob?jk=81a80243d93374ef,"","2026-05-01"
0,"","Sr. Mgr, Product Mgmt Tech, Fire TV Experience","Amazon.com","San Francisco, California","","$197,900 - $307,900 (yearly)",jobspy_indeed,https://www.indeed.com/viewjob?jk=a11772b537b61e2b,"","2026-03-07"
0,"","Software Dev Engineer III , Amazon Interactive Video Service (IVS)","Amazon.com","San Francisco, California","","$193,300 - $261,500 (yearly)",jobspy_indeed,https://www.indeed.com/viewjob?jk=853e7b7bfd4a3f44,"","2026-02-12"
0,"","Senior Software Engineer, Android","Amazon.com","San Francisco, California","","$193,300 - $261,500 (yearly)",jobspy_indeed,https://www.indeed.com/viewjob?jk=15a9494f70603ca2,"","2026-03-25"
0,"","Sr. Software Development Engineer, Frontier AI & Robotics","Amazon.com","San Francisco, California","","$193,300 - $261,500 (yearly)",jobspy_indeed,https://www.indeed.com/viewjob?jk=85de33eb5beb1ff2,"","2026-03-10"
0,"","Lead Systems Engineer, Microsoft Teams","Visa","Seattle, Washington","","$131,600 - $233,700 (yearly)",jobspy_indeed,https://www.indeed.com/viewjob?jk=e375f3911206cb8b,"","2026-05-01"
0,"","DEVELOPER L3(CONTRACT)","Wipro","Seattle, Washington","","$45,000 - $121,000 (yearly)",jobspy_indeed,https://www.indeed.com/viewjob?jk=1c37881d8861b3d6,"","2026-04-30"
0,"","Blockchain - Lead Security Engineer","JPMorganChase","Seattle, Washington","","$152,000 - $215,000 (yearly)",jobspy_indeed,https://www.indeed.com/viewjob?jk=10d00974f399995a,"","2026-04-29"
0,"","Software Engineer (Starlink)","SpaceX","Seattle, Washington","","$125,000 - $175,000 (yearly)",jobspy_indeed,https://www.indeed.com/viewjob?jk=1b79beb8e3942dc2,"","2026-04-29"
0,"","Software Development Engineer","Amazon.com","Seattle, Washington","","$143,700 - $213,800 (yearly)",jobspy_indeed,https://www.indeed.com/viewjob?jk=2be56a8cc2841a6c,"","2025-12-19"
0,"","Software Development Manager, Prime Video - Linear Experience","Amazon.com","Seattle, Washington","","$184,900 - $250,200 (yearly)",jobspy_indeed,https://www.indeed.com/viewjob?jk=4168606e74dc3ca7,"","2026-04-10"
0,"","Sr. Mgr, Product Mgmt Tech, Fire TV Experience","Amazon.com","Seattle, Washington","","$197,900 - $307,900 (yearly)",jobspy_indeed,https://www.indeed.com/viewjob?jk=47061be179ee1bbe,"","2026-03-07"
0,"","Software Dev Engineer III , Amazon Interactive Video Service (IVS)","Amazon.com","Seattle, Washington","","$193,300 - $261,500 (yearly)",jobspy_indeed,https://www.indeed.com/viewjob?jk=bafb638b02a742ec,"","2026-02-12"
0,"","Senior Software Engineer, Android","Amazon.com","Seattle, Washington","","$193,300 - $261,500 (yearly)",jobspy_indeed,https://www.indeed.com/viewjob?jk=35d90cc8761884aa,"","2026-03-25"
0,"","Sr. Software Development Engineer, Frontier AI & Robotics","Amazon.com","Seattle, Washington","","$193,300 - $261,500 (yearly)",jobspy_indeed,https://www.indeed.com/viewjob?jk=304d18b110ec51f8,"","2026-03-10"
0,"","Senior Software Development Engineer","Sonos","Boston, Massachusetts","","$140,525 - $151,840 (yearly)",jobspy_indeed,https://www.indeed.com/viewjob?jk=7dcfe6b133ed551f,"","2026-04-30"
0,"","Staff Software Development Engineer","CVS Health","Boston, Massachusetts","","$118,450 - $284,280 (yearly)",jobspy_indeed,https://www.indeed.com/viewjob?jk=d747045b2f3b5117,"","2026-04-29"
0,"","Systems Engineer, Senior - TS","DCS Corp","Boston, Massachusetts","","$90,220 - $160,000 (yearly)",jobspy_indeed,https://www.indeed.com/viewjob?jk=80d8b4253383241b,"","2026-04-28"
0,"","Post Production Automation Engineer","TubeScience","Los Angeles, California","","$120,000 - $160,000 (yearly)",jobspy_indeed,https://www.indeed.com/viewjob?jk=a8c7cfd7068644f0,"","2026-05-01"
0,"","Manager, Network Engineer Operations","The Walt Disney Company","Los Angeles, California","","$155,700 - $208,700 (yearly)",jobspy_indeed,https://www.indeed.com/viewjob?jk=5495abca824e7f4c,"","2026-04-28"
0,"","Senior Manager, Network Engineering","Fox Corporation","Los Angeles, California","","$143,000 - $190,000 (yearly)",jobspy_indeed,https://www.indeed.com/viewjob?jk=000dc1fdcac021ff,"","2026-04-27"
0,"","Project Manager, BPS","National Association of Broadcasters","Washington, DC","","$75,000 - $90,000 (yearly)",jobspy_indeed,https://www.indeed.com/viewjob?jk=88138a343815e4b0,"","2026-04-28"
0,"","Principal PMT, Supply Yield, Prime Video Advertising","Amazon.com","Washington, DC","","$197,900 - $267,800 (yearly)",jobspy_indeed,https://www.indeed.com/viewjob?jk=70f253c06ddb8cbd,"","2026-03-13"
0,"","Systems Engineer","Virginia Beach City Public Schools","United States","","$72,494 - $105,744 (yearly)",jobspy_indeed,https://www.indeed.com/viewjob?jk=535ebdd8a27befbb,"","2026-05-04"
0,"","Staff Engineer","Cumulus Media","United States","","$48,000 - $60,000 (yearly)",jobspy_indeed,https://www.indeed.com/viewjob?jk=278e2a764bab05a4,"","2026-05-01"
0,"","Sustainment Test & Evaluation Engineer","KBR","United States","","$129,000 - $161,000 (yearly)",jobspy_indeed,https://www.indeed.com/viewjob?jk=9bfae2c4e24b3121,"","2026-04-30"
0,"","Sr Manager, Software Engineer","Paramount","United States","","",jobspy_indeed,https://www.indeed.com/viewjob?jk=77932fbdc05fa80e,"","2026-04-30"
0,"","Senior Software Engineer – Data Product APIs","LocaliQ","United States","","$150,000 - $160,000 (yearly)",jobspy_indeed,https://www.indeed.com/viewjob?jk=0532bb0b7078fc32,"","2026-04-30"
0,"","Broadcast Engineer","Cumulus Media","United States","","$64,000 - $80,000 (yearly)",jobspy_indeed,https://www.indeed.com/viewjob?jk=6980d3a84ad2c5e1,"","2026-02-06"
0,"","Senior Software Engineer – Data Product APIs","USA TODAY Co.","Remote","","$150,000 - $160,000 (yearly)",jobspy_indeed,https://www.indeed.com/viewjob?jk=04c3fcefd8a39bfa,"","2026-04-29"
0,"","Onsite Maintenance Technician","AVI-SPL","Chicago, Illinois","","$27 - $34 (hourly)",jobspy_indeed,https://www.indeed.com/viewjob?jk=c905ece2bb27dfad,"","2026-04-29"
0,"","Electronics Technician 3 (M) - Stamford, CT","M.C. Dean, Inc.","New York, New York","","$32 - $46 (hourly)",jobspy_indeed,https://www.indeed.com/viewjob?jk=562500fdfc9d6c78,"","2026-05-01"
0,"","Electronics Technician 3 (M) - New York","M.C. Dean, Inc.","New York, New York","","$32 - $46 (hourly)",jobspy_indeed,https://www.indeed.com/viewjob?jk=cd5745e9c2bc3170,"","2026-05-01"
0,"","Electronics Technician 4 (M) - New York","M.C. Dean, Inc.","New York, New York","","$36 - $60 (hourly)",jobspy_indeed,https://www.indeed.com/viewjob?jk=ac5a23d6f13b4405,"","2026-05-01"
0,"","Nursing Technical Simulation Operations Coordinator (aHEO)","City University of New York","New York, New York","","$72,236 - $77,269 (yearly)",jobspy_indeed,https://www.indeed.com/viewjob?jk=12003aa710f3e1c0,"","2026-04-30"
0,"","Endoscopy Equipment Tech I","Boston Children's Hospital","Boston, Massachusetts","","$21 - $33 (hourly)",jobspy_indeed,https://www.indeed.com/viewjob?jk=7429f0c5f1ed57ff,"","2026-05-01"
0,"","Electronics Technician 3 (M) - Boston, MA","M.C. Dean, Inc.","Boston, Massachusetts","","$32 - $46 (hourly)",jobspy_indeed,https://www.indeed.com/viewjob?jk=42039e8c3d62a461,"","2026-05-01"
0,"","Electronics Technician 4 (M) - Boston, MA","M.C. Dean, Inc.","Boston, Massachusetts","","$36 - $60 (hourly)",jobspy_indeed,https://www.indeed.com/viewjob?jk=3d0b5f694c60919e,"","2026-05-01"
0,"","Simulation Operation Technician","Pepperdine University","Los Angeles, California","","$26 - $29 (hourly)",jobspy_indeed,https://www.indeed.com/viewjob?jk=07d227579462a2bd,"","2026-04-30"
0,"","Design Engineer 4 - Annapolis Junction, MD","M.C. Dean, Inc.","Washington, DC","","$125,120 - $187,680 (yearly)",jobspy_indeed,https://www.indeed.com/viewjob?jk=9804df5378783029,"","2026-05-01"
0,"","Mechanical Operations & Engineering Manager - Washington, DC","M.C. Dean, Inc.","Washington, DC","","$125,120 - $145,000 (yearly)",jobspy_indeed,https://www.indeed.com/viewjob?jk=40e8c92bcde60b89,"","2026-04-27"
0,"","Electronics Technician 4 (M) - 100% Travel","M.C. Dean, Inc.","Washington, DC","","$36 - $60 (hourly)",jobspy_indeed,https://www.indeed.com/viewjob?jk=5043ee00c08411bb,"","2026-05-01"
0,"","Network Administrator 2 - Annapolis Junction, MD","M.C. Dean, Inc.","Washington, DC","","$90,640 - $135,960 (yearly)",jobspy_indeed,https://www.indeed.com/viewjob?jk=4d3bbbda6685203d,"","2026-04-30"
0,"","Safety Professional 2","M.C. Dean, Inc.","Washington, DC","","$90,640 - $135,960 (yearly)",jobspy_indeed,https://www.indeed.com/viewjob?jk=1c3e477a8bac5c3d,"","2026-04-29"
0,"","Electronics Technician 3 - Washington, DC - Night Shift","M.C. Dean, Inc.","Washington, DC","","$32 - $46 (hourly)",jobspy_indeed,https://www.indeed.com/viewjob?jk=d2565f8d5873a7ff,"","2026-04-30"
0,"","LED Technician - Part Time - Washington DC","ANC","Washington, DC","","",jobspy_indeed,https://www.indeed.com/viewjob?jk=ee4765d4a6bc6528,"","2026-04-30"
0,"","Media Archives Technician","George Washington University","Washington, DC","","$18 - $24 (hourly)",jobspy_indeed,https://www.indeed.com/viewjob?jk=99aea6606a4f6933,"","2026-04-29"
0,"","Installation Technician I","AVI-SPL","Washington, DC","","",jobspy_indeed,https://www.indeed.com/viewjob?jk=ea5fc1a04958b530,"","2026-04-29"
0,"","Network Administrator 3 - Annapolis Junction, MD","M.C. Dean, Inc.","Washington, DC","","$104,240 - $156,360 (yearly)",jobspy_indeed,https://www.indeed.com/viewjob?jk=d6ffd0828c715608,"","2026-04-28"
0,"","Superintendent 1- Frederick, MD","M.C. Dean, Inc.","Washington, DC","","$104,240 - $156,360 (yearly)",jobspy_indeed,https://www.indeed.com/viewjob?jk=bbe28c6782479159,"","2026-05-01"
0,"","Technical Director - Academy of the Holy Cross - Kensington Maryland","Archdiocese of Washington","Washington, DC","","",jobspy_indeed,https://www.indeed.com/viewjob?jk=0c10f5a923488fb5,"","2026-04-28"
0,"","BAS Control Technician 3 - Washington, DC","M.C. Dean, Inc.","Washington, DC","","$38 - $50 (hourly)",jobspy_indeed,https://www.indeed.com/viewjob?jk=ed2bb120c652138f,"","2026-04-27"
0,"","BAS Control Technician 4 - Washington, DC","M.C. Dean, Inc.","Washington, DC","","$51 - $62 (hourly)",jobspy_indeed,https://www.indeed.com/viewjob?jk=07e73fdee58b6e6a,"","2026-04-27"
0,"","Senior End User Technician","CACI International","Washington, DC","","$70,800 - $148,600 (yearly)",jobspy_indeed,https://www.indeed.com/viewjob?jk=56a7173c7391a368,"","2026-01-21"
0,"","Video Specialist","CACI International","Washington, DC","","$70,800 - $148,600 (yearly)",jobspy_indeed,https://www.indeed.com/viewjob?jk=d15e5efa265f020a,"","2026-01-21"
0,"","Training Technician II - West","Commonwealth of Massachusetts","United States","","$69,599 - $101,616 (yearly)",jobspy_indeed,https://www.indeed.com/viewjob?jk=6a575437a2a477a2,"","2026-05-01"
0,"","Multi-Media Technician - Miller Jr. High","Aberdeen School District 5","United States","","$28 - $34 (hourly)",jobspy_indeed,https://www.indeed.com/viewjob?jk=552e06f6b4829384,"","2026-05-01"
0,"","Electronics Technician 3 (M) - Trenton, NJ","M.C. Dean, Inc.","United States","","$32 - $46 (hourly)",jobspy_indeed,https://www.indeed.com/viewjob?jk=f5e443540efd3c19,"","2026-05-01"
0,"","Electronics Technician 3 (M) - Minneapolis, MN","M.C. Dean, Inc.","United States","","$32 - $46 (hourly)",jobspy_indeed,https://www.indeed.com/viewjob?jk=4799e30b3ea600aa,"","2026-05-01"
0,"","Electronics Technician 3 (M) - Hartford, CT","M.C. Dean, Inc.","United States","","$32 - $46 (hourly)",jobspy_indeed,https://www.indeed.com/viewjob?jk=6b1ff086eec3da04,"","2026-05-01"
0,"","Electronics Technician 3 (M) - Syracuse, NY","M.C. Dean, Inc.","United States","","$32 - $46 (hourly)",jobspy_indeed,https://www.indeed.com/viewjob?jk=99cd34dae63dc0d8,"","2026-05-01"
0,"","Electronics Technician 3 (M) - Shreveport, LA","M.C. Dean, Inc.","United States","","",jobspy_indeed,https://www.indeed.com/viewjob?jk=618481022a05d71b,"","2026-05-01"
0,"","Electronics Technician 3 (M) - Salt Lake City, UT","M.C. Dean, Inc.","United States","","",jobspy_indeed,https://www.indeed.com/viewjob?jk=31d8499e311e23e7,"","2026-05-01"
0,"","Electronics Technician 3 (M) - Harrisburg, PA","M.C. Dean, Inc.","United States","","",jobspy_indeed,https://www.indeed.com/viewjob?jk=b01430dfb441e8e1,"","2026-05-01"
0,"","Electronics Technician 3 (M) - Rapid City, SD","M.C. Dean, Inc.","United States","","",jobspy_indeed,https://www.indeed.com/viewjob?jk=e4d1f1d9ae99d73d,"","2026-05-01"
0,"","Electronics Technician 3 (M) - Cedar Rapids, IA","M.C. Dean, Inc.","United States","","",jobspy_indeed,https://www.indeed.com/viewjob?jk=399cda6cdc194f3a,"","2026-05-01"
0,"","Electronics Technician 3 (M) - Indianapolis, IN","M.C. Dean, Inc.","United States","","",jobspy_indeed,https://www.indeed.com/viewjob?jk=c863ff5d25d741da,"","2026-05-01"
0,"","Electrical Maintenance Technician 2 - St. Louis, MO","M.C. Dean, Inc.","United States","","",jobspy_indeed,https://www.indeed.com/viewjob?jk=d576136fc8a6a20a,"","2026-05-01"
0,"","Electronics Technician 3 (M) - Midland, TX","M.C. Dean, Inc.","United States","","",jobspy_indeed,https://www.indeed.com/viewjob?jk=5bd9216f57f732d2,"","2026-05-01"
0,"","Electronics Technician 3 (M) - Tallahassee, FL","M.C. Dean, Inc.","United States","","",jobspy_indeed,https://www.indeed.com/viewjob?jk=f521ec3682169a83,"","2026-05-01"
0,"","IT Engineer II","Quince","San Francisco, California","","$100,000 - $180,000 (yearly)",jobspy_indeed,https://www.indeed.com/viewjob?jk=babd4999712d4918,"","2026-04-27"
0,"","Senior Project Manager -AV Commercial","Diversified","Seattle, Washington","","$117,800 - $145,000 (yearly)",jobspy_indeed,https://www.indeed.com/viewjob?jk=90f3ba0754729e96,"","2026-04-30"
0,"","Technical Support Lead","Envestnet","Boston, Massachusetts","","",jobspy_indeed,https://www.indeed.com/viewjob?jk=606332d00272fdc1,"","2026-04-30"
0,"","IT Support Technician","CareDx","Boston, Massachusetts","","$62,000 - $75,000 (yearly)",jobspy_indeed,https://www.indeed.com/viewjob?jk=8272f090a515a6bf,"","2026-04-30"
0,"","Stagehand Technician","BREASIA Productions","Washington, DC","","$25 - $27 (hourly)",jobspy_indeed,https://www.indeed.com/viewjob?jk=3741d5eb04eaee3e,"","2026-05-04"
0,"","IT Support Technician IV - Omaha","Ho-Chunk, Inc.","United States","","",jobspy_indeed,https://www.indeed.com/viewjob?jk=00cac7865dce8b12,"","2026-05-04"
0,"","Production & Warehouse Manager","The Magen Group","United States","","$40,000 - $80,000 (yearly)",jobspy_indeed,https://www.indeed.com/viewjob?jk=4def8598d2013ebb,"","2026-05-03"
0,"","AV Technician","Zones","United States","","$32 - $37 (hourly)",jobspy_indeed,https://www.indeed.com/viewjob?jk=3d983847ade1b434,"","2026-05-01"
0,"","Lighting Controls Field Technician","LAFACE & MCGOVERN","United States","","$60,000 - $90,000 (yearly)",jobspy_indeed,https://www.indeed.com/viewjob?jk=d6a603d8adb58a3d,"","2026-05-01"
0,"","Low Voltage Project Manager","Corporate Technology Solutions, LLC","United States","","",jobspy_indeed,https://www.indeed.com/viewjob?jk=5f27803a3150c605,"","2026-05-01"
0,"","AV Tech","nan","United States","","$25 - $30 (hourly)",jobspy_indeed,https://www.indeed.com/viewjob?jk=80ed3124695fbb00,"","2026-05-01"
0,"","Field Technician - II","Level 3 Audiovisual","United States","","",jobspy_indeed,https://www.indeed.com/viewjob?jk=8ecae63389547c49,"","2026-05-01"
0,"","Lead AV Technician","RPM AVS","United States","","$25 - $35 (hourly)",jobspy_indeed,https://www.indeed.com/viewjob?jk=26133404ee6e90d3,"","2026-05-01"
0,"","IT Technician III (Job ID 3020159)","ADT","United States","","",jobspy_indeed,https://www.indeed.com/viewjob?jk=d45526e80b302c05,"","2026-04-30"
0,"","Traveling Audio Visual Technician","AGPAV, LLC","United States","","$40,000 - $60,000 (yearly)",jobspy_indeed,https://www.indeed.com/viewjob?jk=9b074a30d3007b82,"","2026-04-30"
0,"","Senior Project Manager -AV Commercial","Diversified","Remote","","$117,800 - $145,000 (yearly)",jobspy_indeed,https://www.indeed.com/viewjob?jk=1e69bcb3d6de84ea,"","2026-04-30"
0,"","6th Grade Dual Language Teacher","Summit School District 104","Chicago, Illinois","","$56,287 - $80,823 (yearly)",jobspy_indeed,https://www.indeed.com/viewjob?jk=fa264c96122eb359,"","2026-05-04"
0,"","Principal GTM Strategy, Connect Specialist, WW GTM & Business Development, Connect","Amazon Web Services","Chicago, Illinois","","$176,100 - $262,000 (yearly)",jobspy_indeed,https://www.indeed.com/viewjob?jk=6609642dbf621284,"","2026-04-24"
0,"","Principal Infrastructure Migration & Modernization Specialist, Worldwide Specialist Organization","Amazon Web Services","Chicago, Illinois","","$176,100 - $238,200 (yearly)",jobspy_indeed,https://www.indeed.com/viewjob?jk=03975c368c747db7,"","2026-02-18"
0,"","Senior Solutions Architect Google Cloud, Market Intel, Cloud Intelligence","Amazon Web Services","Chicago, Illinois","","$153,600 - $207,800 (yearly)",jobspy_indeed,https://www.indeed.com/viewjob?jk=8f5e1a326e12796c,"","2026-04-23"
0,"","Sr. Analytics & AI Specialist Solutions Architect, AGS US Specialist SA, FSI","Amazon Web Services","Chicago, Illinois","","$153,600 - $207,800 (yearly)",jobspy_indeed,https://www.indeed.com/viewjob?jk=15e24997b6f55eb0,"","2026-03-04"
0,"","Sr. Specialist Solutions Architect, Databases, US Specialist Solutions Architects","Amazon Web Services","Chicago, Illinois","","$153,600 - $207,800 (yearly)",jobspy_indeed,https://www.indeed.com/viewjob?jk=bd6f620f8979bf9e,"","2026-03-06"
0,"","Senior Engagement Manager, ProServe Shared Delivery Team Engagement Management , AWS Professional Services","Amazon Web Services","Chicago, Illinois","","$153,600 - $207,700 (yearly)",jobspy_indeed,https://www.indeed.com/viewjob?jk=8fdfcdb896a6e970,"","2026-03-02"
0,"","Senior Worldwide Partner Specialist Solutions Architect, Amazon Connect","Amazon Web Services","Chicago, Illinois","","$153,600 - $207,800 (yearly)",jobspy_indeed,https://www.indeed.com/viewjob?jk=d8dce8fc46ebdd8c,"","2026-01-05"
0,"","Sr. Solutions Architect - Applied AI for Supply Chain, AWS Solutions","Amazon Web Services","Chicago, Illinois","","$153,600 - $207,800 (yearly)",jobspy_indeed,https://www.indeed.com/viewjob?jk=4c35a247bd23f285,"","2025-11-11"
0,"","Senior AI Innovation & GTM Programs Lead, Applied AI Solutions","Amazon Web Services","Chicago, Illinois","","$148,700 - $231,400 (yearly)",jobspy_indeed,https://www.indeed.com/viewjob?jk=a29d8eba77ad42a4,"","2026-04-22"
0,"","Fintech Sr. Account Manager","Amazon Web Services","Chicago, Illinois","","$142,800 - $212,600 (yearly)",jobspy_indeed,https://www.indeed.com/viewjob?jk=1ca68368959f02f7,"","2026-04-17"
0,"","Senior Account Manager, CPG","Amazon Web Services","Chicago, Illinois","","$142,800 - $193,200 (yearly)",jobspy_indeed,https://www.indeed.com/viewjob?jk=cd4bdb972261086a,"","2026-04-15"
0,"","Sr. Partner Sales Manager, Partner Sales Retail Restaurants and CPG","Amazon Web Services","Chicago, Illinois","","$142,800 - $212,500 (yearly)",jobspy_indeed,https://www.indeed.com/viewjob?jk=c9d9e1437db74fff,"","2026-04-09"
0,"","Senior Delivery Practice Manager, Emerging Tech","Amazon Web Services","Chicago, Illinois","","$201,000 - $299,200 (yearly)",jobspy_indeed,https://www.indeed.com/viewjob?jk=122f27dcab4ee915,"","2026-04-15"
0,"","Sr Manager, Solutions Architecture, SAP, AI Self Managed Infrastructure, AGS-US Specialists","Amazon Web Services","Chicago, Illinois","","$201,000 - $272,000 (yearly)",jobspy_indeed,https://www.indeed.com/viewjob?jk=3efffc4c80f9d04d,"","2026-04-02"
0,"","Senior Leader, ProServe AI/GenAI/Agentic Specialists, Healthcare and Life Sciences","Amazon Web Services","Chicago, Illinois","","$201,000 - $299,200 (yearly)",jobspy_indeed,https://www.indeed.com/viewjob?jk=9f12fc78becb6b9f,"","2026-01-28"
0,"","Sr. Worldwide Specialist - Amazon Bedrock, Amazon Bedrock","Amazon Web Services","Chicago, Illinois","","$147,900 - $200,100 (yearly)",jobspy_indeed,https://www.indeed.com/viewjob?jk=6e29468fa09fa447,"","2026-04-04"
0,"","Worldwide Field Activation Lead, Applied AI Solutions","Amazon Web Services","Chicago, Illinois","","$147,900 - $200,100 (yearly)",jobspy_indeed,https://www.indeed.com/viewjob?jk=a0799d3f4a556552,"","2026-03-30"
0,"","Senior GTM Specialist - Semiconductor Partners, Core and Advanced Compute","Amazon Web Services","Chicago, Illinois","","$147,900 - $200,100 (yearly)",jobspy_indeed,https://www.indeed.com/viewjob?jk=3d95d81964f2f313,"","2026-03-26"
0,"","Manager, Business Development Team, Auto & Manufacturing","Amazon Web Services","Chicago, Illinois","","$193,700 - $262,000 (yearly)",jobspy_indeed,https://www.indeed.com/viewjob?jk=ebdc32084038bf4d,"","2026-03-19"
0,"","Senior Partner Solutions Architect, End User Computing, Applied AI Solutions Partner GTM","Amazon Web Services","New York, New York","","$153,600 - $207,800 (yearly)",jobspy_indeed,https://www.indeed.com/viewjob?jk=bae500ef3e2921ed,"","2026-04-01"
0,"","Sr. Security Services SA, AWS Security Services SA - North America","Amazon Web Services","New York, New York","","$153,600 - $207,800 (yearly)",jobspy_indeed,https://www.indeed.com/viewjob?jk=153fa42a006bbddf,"","2026-03-31"
0,"","Sr. Specialist Solutions Architect, Databases, US Specialist Solutions Architects","Amazon Web Services","New York, New York","","$153,600 - $239,000 (yearly)",jobspy_indeed,https://www.indeed.com/viewjob?jk=7021df8bc24b6650,"","2026-03-26"
0,"","Senior Solutions Developer, Prototyping and Customer Engineering (PACE)","Amazon Web Services","New York, New York","","$153,600 - $207,800 (yearly)",jobspy_indeed,https://www.indeed.com/viewjob?jk=ea3a79bc10359250,"","2026-03-19"
0,"","Senior Engagement Manager, ProServe Shared Delivery Team Engagement Management , AWS Professional Services","Amazon Web Services","New York, New York","","$153,600 - $207,700 (yearly)",jobspy_indeed,https://www.indeed.com/viewjob?jk=648946a5157e7367,"","2026-03-02"
0,"","Specialist Solutions Architect, Containers, ASPI HCLS Specialist","Amazon Web Services","New York, New York","","$153,600 - $228,600 (yearly)",jobspy_indeed,https://www.indeed.com/viewjob?jk=f1e58aaf39d52782,"","2026-02-27"
0,"","Senior Worldwide Partner Specialist Solutions Architect, Amazon Connect","Amazon Web Services","New York, New York","","$153,600 - $207,800 (yearly)",jobspy_indeed,https://www.indeed.com/viewjob?jk=5d937e9303265b41,"","2026-01-05"
0,"","Senior Customer Success Specialist - GenAI, AWS Specialist and Partner Organization","Amazon Web Services","New York, New York","","$153,600 - $239,000 (yearly)",jobspy_indeed,https://www.indeed.com/viewjob?jk=13871a753a307976,"","2025-11-26"
0,"","Sr. Solutions Architect - Applied AI for Supply Chain, AWS Solutions","Amazon Web Services","New York, New York","","$153,600 - $207,800 (yearly)",jobspy_indeed,https://www.indeed.com/viewjob?jk=67b49a8aa96a230f,"","2025-11-11"
0,"","Principal GenAI Partner Dev Mgr, AMER Tech Partners - GenAI ISVs Team","Amazon Web Services","New York, New York","","$176,100 - $238,200 (yearly)",jobspy_indeed,https://www.indeed.com/viewjob?jk=8beaca93563e09bb,"","2026-03-31"
0,"","Principal Business Development Specialist for Quantum Technologies, Worldwide Go-To-Market team for Amazon Braket","Amazon Web Services","New York, New York","","$176,100 - $238,200 (yearly)",jobspy_indeed,https://www.indeed.com/viewjob?jk=03c473b9f0cadcad,"","2026-02-03"
0,"","Worldwide Field Activation Lead, Applied AI Solutions","Amazon Web Services","New York, New York","","$147,900 - $200,100 (yearly)",jobspy_indeed,https://www.indeed.com/viewjob?jk=3ae26ae014a8d9f1,"","2026-03-30"
0,"","Sr. Partner Development Specialist, Financial Services Industry – Banking and Payments, AMER Industry & Partner Solutions","Amazon Web Services","New York, New York","","$147,900 - $200,100 (yearly)",jobspy_indeed,https://www.indeed.com/viewjob?jk=f5a7270aadbe70df,"","2026-02-23"
0,"","Field Sales Operations Lead, US Specialist Org, NAMER Sales Operations","Amazon Web Services","New York, New York","","$88,100 - $169,500 (yearly)",jobspy_indeed,https://www.indeed.com/viewjob?jk=30e323ec08d34e05,"","2026-03-10"
0,"","Principal Solutions Developer , Prototyping and Customer Engineering (PACE)","Amazon Web Services","New York, New York","","$182,800 - $272,000 (yearly)",jobspy_indeed,https://www.indeed.com/viewjob?jk=1d48fe2608df3351,"","2026-02-20"
0,"","Senior Leader, ProServe AI/GenAI/Agentic Specialists, Healthcare and Life Sciences","Amazon Web Services","New York, New York","","$201,000 - $299,200 (yearly)",jobspy_indeed,https://www.indeed.com/viewjob?jk=e407b10960db90a7,"","2026-01-28"
0,"","Senior ProServe Sales Leader, North America, Healthcare and Life Sciences","Amazon Web Services","New York, New York","","$205,700 - $278,200 (yearly)",jobspy_indeed,https://www.indeed.com/viewjob?jk=c4c73c804809073d,"","2026-01-28"
0,"","Senior Executive Communications Leader, Partner Strategy & Engagement","Amazon Web Services","New York, New York","","$192,800 - $260,800 (yearly)",jobspy_indeed,https://www.indeed.com/viewjob?jk=cab6266ccd842b49,"","2025-12-16"
0,"","Retail Pharmacy Associate - Inventory","WIS International","San Francisco, California","","$18 - $20 (hourly)",jobspy_indeed,https://www.indeed.com/viewjob?jk=c993df42f2c91cd3,"","2026-05-03"
0,"","Senior Robotics Engineer, Datacenter Robotic Products & Services","Amazon.com","San Francisco, California","","$136,600 - $212,800 (yearly)",jobspy_indeed,https://www.indeed.com/viewjob?jk=b1f09d5fc8186b72,"","2026-03-16"
0,"","Senior Connectivity Engineer, Network Product Development","Amazon.com","San Francisco, California","","$159,200 - $247,600 (yearly)",jobspy_indeed,https://www.indeed.com/viewjob?jk=24e9ff79ce6be162,"","2026-03-12"
0,"","Senior Hardware Engineer, NPD Hardware","Amazon.com","San Francisco, California","","$159,200 - $247,600 (yearly)",jobspy_indeed,https://www.indeed.com/viewjob?jk=89b62fcf43f8bb2b,"","2026-02-03"
0,"","Sr. Supply Chain Product Manager, Electrical Assemblies","Amazon.com","San Francisco, California","","$147,900 - $200,100 (yearly)",jobspy_indeed,https://www.indeed.com/viewjob?jk=3e13c85b60910ebf,"","2026-03-04"
0,"","Sr. Supply Chain Product Manager, Amazon Custom Modules - Power / Mechanical / Thermal","Amazon.com","San Francisco, California","","$147,900 - $200,100 (yearly)",jobspy_indeed,https://www.indeed.com/viewjob?jk=81e028c76d3245f4,"","2026-03-03"
0,"","Senior Global Category Manager, Amazon Custom Modules","Amazon.com","San Francisco, California","","$147,900 - $200,100 (yearly)",jobspy_indeed,https://www.indeed.com/viewjob?jk=9dae499a3f75b23b,"","2026-02-27"
0,"","Senior Engagement Manager, ProServe Shared Delivery Team Engagement Management , AWS Professional Services","Amazon Web Services","San Francisco, California","","$153,600 - $207,700 (yearly)",jobspy_indeed,https://www.indeed.com/viewjob?jk=dc03591c44473f9b,"","2026-03-02"
0,"","Senior Worldwide Partner Specialist Solutions Architect, Amazon Connect","Amazon Web Services","San Francisco, California","","$153,600 - $207,800 (yearly)",jobspy_indeed,https://www.indeed.com/viewjob?jk=3fb0e50b660e19b4,"","2026-01-05"
0,"","Senior Customer Success Specialist - GenAI, AWS Specialist and Partner Organization","Amazon Web Services","San Francisco, California","","$153,600 - $239,000 (yearly)",jobspy_indeed,https://www.indeed.com/viewjob?jk=46776f6e80254af6,"","2025-11-26"
0,"","Sr. Solutions Architect - Applied AI for Supply Chain, AWS Solutions","Amazon Web Services","San Francisco, California","","$153,600 - $207,800 (yearly)",jobspy_indeed,https://www.indeed.com/viewjob?jk=bfd0e675de59acd8,"","2025-11-11"
0,"","Connectivity Engineer, AWS Data Center","Amazon.com","San Francisco, California","","$109,700 - $185,000 (yearly)",jobspy_indeed,https://www.indeed.com/viewjob?jk=bcee77d079d172cc,"","2026-02-26"
0,"","Sr. Systems Development Engineer (AWS Generative AI & ML Servers), AWS HW Engineering","Amazon Web Services","San Francisco, California","","$151,200 - $204,600 (yearly)",jobspy_indeed,https://www.indeed.com/viewjob?jk=4b11c3168a79ce89,"","2026-02-23"
0,"","Sr Software Engineer - BIOS, AWS Hardware Engineering, Firmware Development","Amazon Web Services","San Francisco, California","","$168,100 - $227,400 (yearly)",jobspy_indeed,https://www.indeed.com/viewjob?jk=71186b1bd2d5944c,"","2026-01-15"
0,"","Senior Executive Communications Leader, Partner Strategy & Engagement","Amazon Web Services","San Francisco, California","","$192,800 - $260,800 (yearly)",jobspy_indeed,https://www.indeed.com/viewjob?jk=f25cc4766b62b657,"","2025-12-16"
0,"","Embedded Software Development Engineer II, AWS Hardware Engineering Services","Amazon.com","San Francisco, California","","$143,700 - $223,600 (yearly)",jobspy_indeed,https://www.indeed.com/viewjob?jk=837d66b47573904f,"","2025-11-14"
0,"","Senior Global Category Manager, Amazon Custom Modules","Amazon Web Services","San Francisco, California","","$133,200 - $220,200 (yearly)",jobspy_indeed,https://www.indeed.com/viewjob?jk=fa4546422ba97bc0,"","2025-10-06"
0,"","Retail Pharmacy Associate - Inventory","WIS International","Seattle, Washington","","$19 - $21 (hourly)",jobspy_indeed,https://www.indeed.com/viewjob?jk=678235d08bd280bf,"","2026-05-03"
0,"","Retail Inventory Associate - Driver","WIS International","Seattle, Washington","","$19 - $21 (hourly)",jobspy_indeed,https://www.indeed.com/viewjob?jk=0dd8bccf97bf1f75,"","2026-05-03"
0,"","Sr. Mech Product Manager-Tech, DCE - Mechanical Products & Services (MPS)","Amazon.com","Seattle, Washington","","$151,200 - $204,600 (yearly)",jobspy_indeed,https://www.indeed.com/viewjob?jk=b73efea0e3c903d2,"","2026-02-19"
0,"","Sr. Supply Chain Product Manager, Electrical Assemblies","Amazon.com","Seattle, Washington","","$147,900 - $200,100 (yearly)",jobspy_indeed,https://www.indeed.com/viewjob?jk=4f2fac317445c0dd,"","2026-03-04"
0,"","Sr. Supply Chain Product Manager, Amazon Custom Modules - Power / Mechanical / Thermal","Amazon.com","Seattle, Washington","","$147,900 - $200,100 (yearly)",jobspy_indeed,https://www.indeed.com/viewjob?jk=7b38620c94805ba2,"","2026-03-03"
0,"","Senior Engagement Manager, ProServe Shared Delivery Team Engagement Management , AWS Professional Services","Amazon Web Services","Seattle, Washington","","$153,600 - $207,700 (yearly)",jobspy_indeed,https://www.indeed.com/viewjob?jk=a6d1c82a19790d80,"","2026-03-02"
0,"","Senior Worldwide Partner Specialist Solutions Architect, Amazon Connect","Amazon Web Services","Seattle, Washington","","$153,600 - $207,800 (yearly)",jobspy_indeed,https://www.indeed.com/viewjob?jk=04dd7ca8c344ff9c,"","2026-01-05"
0,"","Senior Customer Success Specialist - GenAI, AWS Specialist and Partner Organization","Amazon Web Services","Seattle, Washington","","$153,600 - $239,000 (yearly)",jobspy_indeed,https://www.indeed.com/viewjob?jk=2e79d98ebb30c622,"","2025-11-26"
0,"","Senior Material Engineer, Data Center Mechanical Solutions","Amazon.com","Seattle, Washington","","$136,600 - $184,800 (yearly)",jobspy_indeed,https://www.indeed.com/viewjob?jk=d55fdb5b6d50ff00,"","2026-02-27"
0,"","Sr. Plumbing/Fire Protection Engineer, Data Center Engineering","Amazon.com","Seattle, Washington","","$136,600 - $184,800 (yearly)",jobspy_indeed,https://www.indeed.com/viewjob?jk=5a0af8d9dec43603,"","2026-03-29"
0,"","Sr. Security Systems Engineer, DCE Security Products and Services","Amazon.com","Seattle, Washington","","$136,600 - $184,800 (yearly)",jobspy_indeed,https://www.indeed.com/viewjob?jk=7b469004db5d2ffe,"","2026-03-09"
0,"","Sr. Mechanical Controls Engineer, Data Center Engineering","Amazon.com","Seattle, Washington","","$136,600 - $184,800 (yearly)",jobspy_indeed,https://www.indeed.com/viewjob?jk=9f56fbea971fbbdf,"","2026-03-27"
0,"","Demand Planning Mgr, Spares, AIS-SC IPS","Amazon.com","Seattle, Washington","","$79,500 - $139,100 (yearly)",jobspy_indeed,https://www.indeed.com/viewjob?jk=ed728c1af407c321,"","2026-02-26"
0,"","Network Development Engineer, Network Fabric Engineering","Amazon.com","Seattle, Washington","","$159,100 - $215,300 (yearly)",jobspy_indeed,https://www.indeed.com/viewjob?jk=2355ad3167243de2,"","2026-02-25"
0,"","Senior Technical Program Management - Mechanical Systems, DCE - Mechanical Products & Services","Amazon.com","Seattle, Washington","","$148,700 - $201,200 (yearly)",jobspy_indeed,https://www.indeed.com/viewjob?jk=941f382bd369115b,"","2026-02-25"
0,"","Sr. Technical Program Manager , Prime Video Sports Linear and News","Amazon.com","Seattle, Washington","","$148,700 - $201,200 (yearly)",jobspy_indeed,https://www.indeed.com/viewjob?jk=99c64e920a3f5447,"","2026-01-09"
0,"","Sr. Systems Development Engineer (AWS Generative AI & ML Servers), AWS HW Engineering","Amazon Web Services","Seattle, Washington","","$151,200 - $204,600 (yearly)",jobspy_indeed,https://www.indeed.com/viewjob?jk=9f5043efe0304feb,"","2026-02-23"
0,"","Principal Networking Specialist Solutions Architect, AWS Industries Customer Acceleration Team","Amazon Web Services","Seattle, Washington","","$182,800 - $247,300 (yearly)",jobspy_indeed,https://www.indeed.com/viewjob?jk=377751e783381d27,"","2026-02-20"
0,"","Principal Solutions Developer , Prototyping and Customer Engineering (PACE)","Amazon Web Services","Seattle, Washington","","$182,800 - $272,000 (yearly)",jobspy_indeed,https://www.indeed.com/viewjob?jk=05a70e34549ca20e,"","2026-02-20"
0,"","Senior Hardware Engineer, NPD Hardware","Amazon.com","Seattle, Washington","","$159,200 - $247,600 (yearly)",jobspy_indeed,https://www.indeed.com/viewjob?jk=4bc4c694c61c0fa4,"","2026-02-03"
0,"","Sr Software Engineer - BIOS, AWS Hardware Engineering, Firmware Development","Amazon Web Services","Seattle, Washington","","$168,100 - $227,400 (yearly)",jobspy_indeed,https://www.indeed.com/viewjob?jk=b6073eb90bb1d8d8,"","2026-01-15"
0,"","Sr Construction Scheduler, Global Build Services","Amazon.com","Seattle, Washington","","$139,300 - $208,000 (yearly)",jobspy_indeed,https://www.indeed.com/viewjob?jk=dbd8e06ab1b44b35,"","2025-12-31"
0,"","Senior Executive Communications Leader, Partner Strategy & Engagement","Amazon Web Services","Seattle, Washington","","$192,800 - $260,800 (yearly)",jobspy_indeed,https://www.indeed.com/viewjob?jk=054f9b6ee1c339d2,"","2025-12-16"
0,"","Principal GTM Strategy, Connect Specialist, WW GTM & Business Development, Connect","Amazon Web Services","Boston, Massachusetts","","$176,100 - $262,000 (yearly)",jobspy_indeed,https://www.indeed.com/viewjob?jk=5c6b136bbed534b0,"","2026-04-24"
0,"","Principal Business Development Specialist for Quantum Technologies, Worldwide Go-To-Market team for Amazon Braket","Amazon Web Services","Boston, Massachusetts","","$176,100 - $238,200 (yearly)",jobspy_indeed,https://www.indeed.com/viewjob?jk=e96a03d43154e2e1,"","2026-02-03"
0,"","Senior Solutions Architect Google Cloud, Market Intel, Cloud Intelligence","Amazon Web Services","Boston, Massachusetts","","$153,600 - $207,800 (yearly)",jobspy_indeed,https://www.indeed.com/viewjob?jk=6196674fdf08abc6,"","2026-04-23"
0,"","Sr. Analytics & AI Specialist Solutions Architect, AGS-NAMER-US-COV-SPEC-SA-Data&AI-Analytics","Amazon Web Services","Boston, Massachusetts","","$153,600 - $239,000 (yearly)",jobspy_indeed,https://www.indeed.com/viewjob?jk=916d18fc7e0500ce,"","2026-04-01"
0,"","Senior Solutions Developer, Prototyping and Customer Engineering (PACE)","Amazon Web Services","Boston, Massachusetts","","$153,600 - $207,800 (yearly)",jobspy_indeed,https://www.indeed.com/viewjob?jk=164599abf3ecc138,"","2026-03-19"
0,"","Specialist Solutions Architect, Containers, ASPI HCLS Specialist","Amazon Web Services","Boston, Massachusetts","","$153,600 - $228,600 (yearly)",jobspy_indeed,https://www.indeed.com/viewjob?jk=3510e6b4b514a584,"","2026-02-27"
0,"","Sr. Banking Partner Solutions Architect, AMER Partner Industry & Solutions","Amazon Web Services","Boston, Massachusetts","","$153,600 - $228,600 (yearly)",jobspy_indeed,https://www.indeed.com/viewjob?jk=0c4c253ff41533f1,"","2026-01-14"
0,"","Senior Customer Success Specialist - GenAI, AWS Specialist and Partner Organization","Amazon Web Services","Boston, Massachusetts","","$153,600 - $239,000 (yearly)",jobspy_indeed,https://www.indeed.com/viewjob?jk=3a1f3e52569d1597,"","2025-11-26"
0,"","Sr. Solutions Architect - Applied AI for Supply Chain, AWS Solutions","Amazon Web Services","Boston, Massachusetts","","$153,600 - $207,800 (yearly)",jobspy_indeed,https://www.indeed.com/viewjob?jk=94ffab60f5522967,"","2025-11-11"
0,"","Sr. Account Manager, Life Sciences","Amazon Web Services","Boston, Massachusetts","","$142,800 - $212,600 (yearly)",jobspy_indeed,https://www.indeed.com/viewjob?jk=cdc1389ada51bb68,"","2026-04-22"
0,"","AWS Sr Account Manager, ISV","Amazon Web Services","Boston, Massachusetts","","$142,800 - $212,600 (yearly)",jobspy_indeed,https://www.indeed.com/viewjob?jk=000947fa9c8f2d15,"","2026-04-13"
0,"","Sr. Partner Sales Manager, Partner Sales Retail Restaurants and CPG","Amazon Web Services","Boston, Massachusetts","","$142,800 - $212,500 (yearly)",jobspy_indeed,https://www.indeed.com/viewjob?jk=e96d7e9cf86244e0,"","2026-04-09"
0,"","AI Acceleration Business Development, WW GTM & Business Development, Connect","Amazon Web Services","Boston, Massachusetts","","$147,900 - $200,100 (yearly)",jobspy_indeed,https://www.indeed.com/viewjob?jk=9fbf8993a314fae9,"","2026-04-19"
0,"","AV-ADAS Technical GTM Specialist, WWSO HPC Team","Amazon Web Services","Boston, Massachusetts","","$147,900 - $200,100 (yearly)",jobspy_indeed,https://www.indeed.com/viewjob?jk=e779d60c48e11a14,"","2026-04-10"
0,"","Senior GTM Specialist - Semiconductor Partners, Core and Advanced Compute","Amazon Web Services","Boston, Massachusetts","","$147,900 - $200,100 (yearly)",jobspy_indeed,https://www.indeed.com/viewjob?jk=944b05de7768d1ea,"","2026-03-26"
0,"","Senior Partner Development Specialist, Generative AI & Data, Americas Specialist Partner Team","Amazon Web Services","Boston, Massachusetts","","$147,900 - $200,100 (yearly)",jobspy_indeed,https://www.indeed.com/viewjob?jk=56a4222b52b6a408,"","2026-02-26"
0,"","Sr Manager, Partner Success Specialists, AWS Specialist and Partner Organization","Amazon Web Services","Boston, Massachusetts","","$201,000 - $312,800 (yearly)",jobspy_indeed,https://www.indeed.com/viewjob?jk=b401e807accac23d,"","2026-04-16"
0,"","Sr Mgr, Storage Solution Architecture, WW Storage Specialists","Amazon Web Services","Boston, Massachusetts","","$191,000 - $272,000 (yearly)",jobspy_indeed,https://www.indeed.com/viewjob?jk=9eb70daf3044786a,"","2026-04-08"
0,"","Sales Operations Support, AWS Investments","Amazon Web Services","Boston, Massachusetts","","$96,900 - $169,500 (yearly)",jobspy_indeed,https://www.indeed.com/viewjob?jk=7a43b64ec68b8ecd,"","2026-04-08"
0,"","Principal Worldwide Specialist Sales, Amazon Connect (CXE), AWS","Amazon Web Services","Boston, Massachusetts","","$170,000 - $230,000 (yearly)",jobspy_indeed,https://www.indeed.com/viewjob?jk=7fe2212bf13a73d1,"","2026-03-19"
0,"","Principal Security Specialist Solutions Architect, AWS Industries","Amazon Web Services","Boston, Massachusetts","","$182,800 - $247,300 (yearly)",jobspy_indeed,https://www.indeed.com/viewjob?jk=9cf402515203254a,"","2026-02-24"
0,"","Retail Inventory Associate - Driver","WIS International","Los Angeles, California","","$17 - $19 (hourly)",jobspy_indeed,https://www.indeed.com/viewjob?jk=9477d6921b21b530,"","2026-05-03"
0,"","Retail Pharmacy Associate - Inventory","WIS International","Los Angeles, California","","$17 - $19 (hourly)",jobspy_indeed,https://www.indeed.com/viewjob?jk=619cfe403c652463,"","2026-05-03"
0,"","Sr. Partner Sales Manager, Partner Sales Retail Restaurants and CPG","Amazon Web Services","Los Angeles, California","","$142,800 - $212,500 (yearly)",jobspy_indeed,https://www.indeed.com/viewjob?jk=c4e916f7e25baaba,"","2026-04-09"
0,"","Senior Account Manager, Games, Games","Amazon Web Services","Los Angeles, California","","$142,800 - $212,600 (yearly)",jobspy_indeed,https://www.indeed.com/viewjob?jk=e1cf643da4bb505a,"","2026-03-25"
0,"","Worldwide Field Activation Lead, Applied AI Solutions","Amazon Web Services","Los Angeles, California","","$147,900 - $200,100 (yearly)",jobspy_indeed,https://www.indeed.com/viewjob?jk=949ad3c29843d83d,"","2026-03-30"
0,"","Sr Partner Development Specialist - Games, AMER Industry and Solutions","Amazon Web Services","Los Angeles, California","","$147,900 - $200,100 (yearly)",jobspy_indeed,https://www.indeed.com/viewjob?jk=d613eef7f9ea16e6,"","2026-03-07"
0,"","Solutions Architect, Games","Amazon Web Services","Los Angeles, California","","$131,300 - $204,300 (yearly)",jobspy_indeed,https://www.indeed.com/viewjob?jk=98fc4889dc68d194,"","2026-03-27"
0,"","Sr Partner Development Manager, COE Technology Partnerships, Horizontal Business Applications","Amazon Web Services","Los Angeles, California","","$193,700 - $262,000 (yearly)",jobspy_indeed,https://www.indeed.com/viewjob?jk=d2425d0c458cee90,"","2026-03-18"
0,"","Principal Account Exec, AWS Enterprise Games, Games","Amazon Web Services","Los Angeles, California","","$170,000 - $230,000 (yearly)",jobspy_indeed,https://www.indeed.com/viewjob?jk=975b351a4401f886,"","2026-03-05"
0,"","Senior Specialist Solution Architect, Migration & Modernization, ASPI AutoMfg","Amazon Web Services","Los Angeles, California","","$153,600 - $207,800 (yearly)",jobspy_indeed,https://www.indeed.com/viewjob?jk=45f32f28e4f7deb6,"","2026-02-20"
0,"","Data Center Operations Manager","Amazon.com","Los Angeles, California","","$78,400 - $137,300 (yearly)",jobspy_indeed,https://www.indeed.com/viewjob?jk=1a615d941c518526,"","2026-02-13"
0,"","Social Media Specialist","nan","Washington, DC","","$82,000 - $83,000 (yearly)",jobspy_indeed,https://www.indeed.com/viewjob?jk=8d25e0908313f2d5,"","2026-05-04"
0,"","Connectivity Engineer, AWS Data Center","Amazon.com","Washington, DC","","$109,700 - $185,000 (yearly)",jobspy_indeed,https://www.indeed.com/viewjob?jk=96070ffc0ca9b19d,"","2026-02-26"
0,"","Network Development Engineer, Network Fabric Engineering","Amazon.com","Washington, DC","","$159,100 - $215,300 (yearly)",jobspy_indeed,https://www.indeed.com/viewjob?jk=7993edcf7d3b8c36,"","2026-02-25"
0,"","Water Strategy Manager, AWS Water Team","Amazon.com","Washington, DC","","$92,400 - $160,000 (yearly)",jobspy_indeed,https://www.indeed.com/viewjob?jk=7e33635dc8f961fa,"","2026-02-23"
0,"","Commissioning Engineer, AWS Infrastructure Services","Amazon.com","Washington, DC","","$116,800 - $160,000 (yearly)",jobspy_indeed,https://www.indeed.com/viewjob?jk=fb18803348baa5ab,"","2026-02-13"
0,"","Electrical BIM Designer, DC Design Engineering","Amazon.com","Washington, DC","","$116,800 - $160,000 (yearly)",jobspy_indeed,https://www.indeed.com/viewjob?jk=6ce8522e122f36b1,"","2026-04-23"
0,"","Security Systems Engineer, DCE Security Solutions Engineering","Amazon.com","Washington, DC","","$116,800 - $160,000 (yearly)",jobspy_indeed,https://www.indeed.com/viewjob?jk=d30d6ab3f5d7cd60,"","2026-03-04"
0,"","Electrical Design Engineer, HVMV Engineering","Amazon.com","Washington, DC","","$116,800 - $160,000 (yearly)",jobspy_indeed,https://www.indeed.com/viewjob?jk=71cd9ea5cc6ddb15,"","2026-03-19"
0,"","Electrical Design Engineer, Data Center Design Engineering","Amazon.com","Washington, DC","","$116,800 - $160,000 (yearly)",jobspy_indeed,https://www.indeed.com/viewjob?jk=a469f94ae62e4ea8,"","2026-03-24"
0,"","Director, WW Public Sector Global System Integrators Sales, WWPS Partners","Amazon Web Services","Washington, DC","","$224,400 - $303,500 (yearly)",jobspy_indeed,https://www.indeed.com/viewjob?jk=4dfdb5c25425d1a8,"","2026-01-31"
0,"","Senior Leader, ProServe AI/GenAI/Agentic Specialists, Healthcare and Life Sciences","Amazon Web Services","Washington, DC","","$201,000 - $299,200 (yearly)",jobspy_indeed,https://www.indeed.com/viewjob?jk=249e9ef88ba77667,"","2026-01-28"
0,"","Data Center Engineering Operations Technician","Amazon.com","Washington, DC","","$37 - $65 (hourly)",jobspy_indeed,https://www.indeed.com/viewjob?jk=4a5a76ea74d8e9f8,"","2026-03-16"
0,"","Engineering Operations Technician, DCC Communities","Amazon.com","Washington, DC","","$31 - $55 (hourly)",jobspy_indeed,https://www.indeed.com/viewjob?jk=959664b2f6bb038f,"","2026-01-26"
0,"","Senior Worldwide Partner Specialist Solutions Architect, Amazon Connect","Amazon Web Services","Washington, DC","","$153,600 - $207,800 (yearly)",jobspy_indeed,https://www.indeed.com/viewjob?jk=99ae847780b4dd8e,"","2026-01-05"
0,"","Sr. Solutions Architect, US ISV","Amazon Web Services","Washington, DC","","$153,600 - $207,800 (yearly)",jobspy_indeed,https://www.indeed.com/viewjob?jk=2d04e2c34d9adfd0,"","2026-04-27"
0,"","Sr Construction Scheduler, Global Build Services","Amazon.com","Washington, DC","","$139,300 - $208,000 (yearly)",jobspy_indeed,https://www.indeed.com/viewjob?jk=848a2edb75882d5a,"","2025-12-31"
0,"","Senior Executive Communications Leader, Partner Strategy & Engagement","Amazon Web Services","Washington, DC","","$192,800 - $260,800 (yearly)",jobspy_indeed,https://www.indeed.com/viewjob?jk=46a3d52357907e19,"","2025-12-16"
0,"","ADC Technical Customer Service Specialist , Amazon Dedicate Cloud (ADC) Customer Service","Amazon Web Services","Washington, DC","","$24 - $43 (hourly)",jobspy_indeed,https://www.indeed.com/viewjob?jk=132c47945d351621,"","2025-11-21"
0,"","Python Web Developer","Qode","United States","","",jobspy_indeed,https://www.indeed.com/viewjob?jk=ec34b48fe754f748,"","2026-05-04"
0,"","Technical Support Specialist","Tier 3 Technology Solutions","United States","","$38,500 - $45,000 (yearly)",jobspy_indeed,https://www.indeed.com/viewjob?jk=fe2dce9bd064dcbc,"","2026-05-04"
0,"","HR Clerk/Hiring Specialist","Koch Foods","United States","","",jobspy_indeed,https://www.indeed.com/viewjob?jk=065da03bedb67532,"","2026-05-04"
0,"","Simulation Specialist","Western Dakota Technical College","United States","","$37,002 - $48,006 (yearly)",jobspy_indeed,https://www.indeed.com/viewjob?jk=e0d6a25f90ed8da8,"","2026-05-04"
0,"","Pharmacist (part-time) - UPMC East","UPMC","United States","","$51 - $76 (hourly)",jobspy_indeed,https://www.indeed.com/viewjob?jk=e60baabdd213e301,"","2026-05-04"
0,"","Retail Inventory Associate - Driver","WIS International","United States","","$18 - $23 (hourly)",jobspy_indeed,https://www.indeed.com/viewjob?jk=10a69a604b73515f,"","2026-05-04"
0,"","Retail Pharmacy Associate - Inventory","WIS International","United States","","$18 - $23 (hourly)",jobspy_indeed,https://www.indeed.com/viewjob?jk=0f8028775b3438b6,"","2026-05-04"
0,"","Sales Application Specialist","Sectra","United States","","$95,000 - $125,000 (yearly)",jobspy_indeed,https://www.indeed.com/viewjob?jk=65b13fee4beaa890,"","2026-04-17"
0,"","Communications Specialist (Open to Tier 1 & 2 applicants)","United Nations Development Programme","Remote","","",jobspy_indeed,https://www.indeed.com/viewjob?jk=47f350a46c7cc87e,"","2026-05-04"
0,"","Events Specialist - Enhanced Events","First Due","Remote","","",jobspy_indeed,https://www.indeed.com/viewjob?jk=234750779c7de9a5,"","2026-05-04"
0,"","Integrated Campaign Specialist","First Due","Remote","","",jobspy_indeed,https://www.indeed.com/viewjob?jk=77c3ce647c9e432c,"","2026-05-04"
0,"","Site Reliability Specialist (Observability & Kubernetes)","Everbridge","Remote","","$118,700 - $145,000 (yearly)",jobspy_indeed,https://www.indeed.com/viewjob?jk=779d5f42438a67ee,"","2026-05-02"
0,"","Press Specialist & Online Editor","Students for Life of America","Remote","","",jobspy_indeed,https://www.indeed.com/viewjob?jk=b26a8562c301dcc5,"","2026-05-01"
0,"","Job Profile Name Dir of Technical Accounting and Special Projects","Pax8","Remote","","$140,000 - $180,000 (yearly)",jobspy_indeed,https://www.indeed.com/viewjob?jk=ebbdfce623e72232,"","2026-05-01"
0,"","Continuity Solutions Consultant","Pax8","Remote","","",jobspy_indeed,https://www.indeed.com/viewjob?jk=0b4aa0c4e3776dd6,"","2026-05-01"
0,"","Productivity Solutions Consultant","Pax8","Remote","","",jobspy_indeed,https://www.indeed.com/viewjob?jk=5072969499713a46,"","2026-05-01"
0,"","Mortgage Business Analyst","Silverwork Solutions","Remote","","$80,000 - $120,000 (yearly)",jobspy_indeed,https://www.indeed.com/viewjob?jk=6e3326ff2952553c,"","2026-05-01"
0,"","Data Engineer","nan","Remote","","$104,900 - $140,000 (yearly)",jobspy_indeed,https://www.indeed.com/viewjob?jk=ee86e3d398336334,"","2026-05-01"
0,"","Support Service Coordinator L1","Pax8","Remote","","$40,000 - $45,000 (yearly)",jobspy_indeed,https://www.indeed.com/viewjob?jk=20f0e2837c73eb33,"","2026-05-01"
0,"","Senior Manager, Global Benefits - (US REMOTE - East Coast)","PerkinElmer","Remote","","$132,500 - $150,000 (yearly)",jobspy_indeed,https://www.indeed.com/viewjob?jk=37cfef49b6958561,"","2026-04-30"
0,"","National Clinical Specialist Advanced Therapeutic","FujiFilm","Remote","","",jobspy_indeed,https://www.indeed.com/viewjob?jk=fcc5e87363125e39,"","2026-04-30"
0,"","Manager, Oracle Technologies","RTI International","Remote","","$160,000 - $200,000 (yearly)",jobspy_indeed,https://www.indeed.com/viewjob?jk=18de4a2af847f08a,"","2026-04-30"
0,"","K-12 District Success Lead, Northeast Region","EverFi","Remote","","$75,000 - $80,000 (yearly)",jobspy_indeed,https://www.indeed.com/viewjob?jk=498a7c13cdd786be,"","2026-04-30"
0,"","Clinical Sales Specialist, Western Louisiana","TriSalus Life Sciences","Remote","","",jobspy_indeed,https://www.indeed.com/viewjob?jk=6bbec45246fcafa6,"","2026-04-30"
0,"","Sr. Strategic Sourcing Specialist","Forescout Technologies","Remote","","",jobspy_indeed,https://www.indeed.com/viewjob?jk=687c334d631dbe1b,"","2026-04-30"
0,"","Cyber Resiliency and Recovery Expert","Allstate Insurance","Remote","","$120,000 - $193,725 (yearly)",jobspy_indeed,https://www.indeed.com/viewjob?jk=636924e707c78e04,"","2026-04-30"
0,"","Curriculum Content Developer","StrongMind","Remote","","",jobspy_indeed,https://www.indeed.com/viewjob?jk=761248b91b4a519b,"","2026-04-30"
0,"","Strategic Sourcing Specialist","ServiceChannel","Remote","","$70,600 - $117,900 (yearly)",jobspy_indeed,https://www.indeed.com/viewjob?jk=276a8df618308035,"","2026-04-23"
0,"","Program Manager, Membership Growth","American Massage Therapy Association","Chicago, Illinois","","$72,000 - $75,000 (yearly)",jobspy_indeed,https://www.indeed.com/viewjob?jk=a084e309c3c256fc,"","2026-05-04"
0,"","Sr. Project Designer","Cushman & Wakefield","Chicago, Illinois","","$55,250 - $65,000 (yearly)",jobspy_indeed,https://www.indeed.com/viewjob?jk=a784c071badf7910,"","2026-05-04"
0,"","Service Support Specialist","Guitar Center","Chicago, Illinois","","$43 - $48 (hourly)",jobspy_indeed,https://www.indeed.com/viewjob?jk=775b377d95cf72af,"","2026-05-01"
0,"","Senior Electrical Engineer","Kimley-Horn","Chicago, Illinois","","$130,000 - $180,000 (yearly)",jobspy_indeed,https://www.indeed.com/viewjob?jk=7028541a9385fbce,"","2026-05-01"
0,"","Showroom Sales Consultant","Ferguson","Chicago, Illinois","","$60,000 - $90,000 (yearly)",jobspy_indeed,https://www.indeed.com/viewjob?jk=fef393d92e172a7c,"","2026-05-01"
0,"","SENIOR VIDEO EDITOR","CELLA","Chicago, Illinois","","$45 - $50 (hourly)",jobspy_indeed,https://www.indeed.com/viewjob?jk=dc0ad5e804e041ef,"","2026-05-01"
0,"","Estimator","ILT Vignocchi","Chicago, Illinois","","$70,000 - $90,000 (yearly)",jobspy_indeed,https://www.indeed.com/viewjob?jk=ed794da577f94c73,"","2026-05-01"
0,"","Application Engineer","Edge Lighting","Chicago, Illinois","","$25 - $32 (hourly)",jobspy_indeed,https://www.indeed.com/viewjob?jk=4963c264741ef425,"","2026-05-01"
0,"","Senior Interior Designer/Project Manager","Brass Tacks Studio","Chicago, Illinois","","$75 - $100 (hourly)",jobspy_indeed,https://www.indeed.com/viewjob?jk=aa4941f490e69f70,"","2026-05-01"
0,"","Lighting Designer","Ghafari","Chicago, Illinois","","$70,000 - $85,000 (yearly)",jobspy_indeed,https://www.indeed.com/viewjob?jk=f946f443a3e94558,"","2026-04-30"
0,"","Plumbing Engineer III/Designer III","Syska Hennessy Group","Chicago, Illinois","","$78,853 - $110,279 (yearly)",jobspy_indeed,https://www.indeed.com/viewjob?jk=617a3e2b3acf776c,"","2026-04-30"
0,"","Customer Experience Manager","Visual Comfort & Co","Chicago, Illinois","","$100,000 - $110,000 (yearly)",jobspy_indeed,https://www.indeed.com/viewjob?jk=09ec9f0c17225d22,"","2026-04-29"
0,"","International Customer Experience Representative","Visual Comfort & Co","Chicago, Illinois","","$28 - $32 (hourly)",jobspy_indeed,https://www.indeed.com/viewjob?jk=7e2ac0d151ac4987,"","2026-04-29"
0,"","Emergency Vehicle Technician","Federal Signal Corporation","Chicago, Illinois","","$44,311 - $63,302 (yearly)",jobspy_indeed,https://www.indeed.com/viewjob?jk=56f4459f9e1c8500,"","2026-04-28"
0,"","Designer","Crate and Barrel","Chicago, Illinois","","$16 - $36 (hourly)",jobspy_indeed,https://www.indeed.com/viewjob?jk=915fb14297eef13f,"","2026-04-28"
0,"","Electrical Engineering Manager - Healthcare","Farnsworth Group","Chicago, Illinois","","$120,000 - $171,000 (yearly)",jobspy_indeed,https://www.indeed.com/viewjob?jk=96825a9185b49816,"","2026-04-27"
0,"","Design Assistant","Lightscape, Inc.","Chicago, Illinois","","$30,000 - $45,000 (yearly)",jobspy_indeed,https://www.indeed.com/viewjob?jk=dc1f130624f5cceb,"","2026-04-27"
0,"","Sr. Project Designer","Cushman & Wakefield","New York, New York","","$55,250 - $65,000 (yearly)",jobspy_indeed,https://www.indeed.com/viewjob?jk=a27985bf98047ff1,"","2026-05-04"
0,"","Visual Merchandiser-Empire Outlets","H&M","New York, New York","","$21 - $24 (hourly)",jobspy_indeed,https://www.indeed.com/viewjob?jk=e4023733bc68cb19,"","2026-05-04"
0,"","Creative Director, Brand Events","Van Wyck & Van Wyck","New York, New York","","$150,000 - $225,000 (yearly)",jobspy_indeed,https://www.indeed.com/viewjob?jk=659eb7a10c67f75a,"","2026-05-01"
0,"","Producer / Editor, Presence® Media","Luxury Presence","New York, New York","","$100,000 - $135,000 (yearly)",jobspy_indeed,https://www.indeed.com/viewjob?jk=3c1fb2ebeb54dca3,"","2026-05-01"
0,"","Senior Substation Designer","Arup","New York, New York","","$122,500 - $145,000 (yearly)",jobspy_indeed,https://www.indeed.com/viewjob?jk=e2271b1c94c46cb1,"","2026-05-01"
0,"","Head Stagehand","ABC News","New York, New York","","",jobspy_indeed,https://www.indeed.com/viewjob?jk=6349ba210903c18e,"","2026-05-01"
0,"","Head Carpenter","ABC News","New York, New York","","",jobspy_indeed,https://www.indeed.com/viewjob?jk=8e6faa8cebbe41eb,"","2026-05-01"
0,"","Designer - Retail - Junior","Gensler","New York, New York","","$73,000 - $78,000 (yearly)",jobspy_indeed,https://www.indeed.com/viewjob?jk=613542925b715949,"","2026-05-01"
0,"","Director of Store Planning – Americas","Loewe","New York, New York","","$185,000 - $205,000 (yearly)",jobspy_indeed,https://www.indeed.com/viewjob?jk=3cac5d3c2f594220,"","2026-04-30"
0,"","Senior AV Specialist","Zones","New York, New York","","",jobspy_indeed,https://www.indeed.com/viewjob?jk=0f1c6ce6c35ae4a2,"","2026-04-30"
0,"","Lighting Designer II","EwingCole","New York, New York","","$90,000 - $120,000 (yearly)",jobspy_indeed,https://www.indeed.com/viewjob?jk=bc36c5e5adce711f,"","2026-04-30"
0,"","Lighting Designer I","EwingCole","New York, New York","","$72,000 - $95,000 (yearly)",jobspy_indeed,https://www.indeed.com/viewjob?jk=1f2c719a7ef13b74,"","2026-04-30"
0,"","Electrician","McCarter Theatre Center","New York, New York","","",jobspy_indeed,https://www.indeed.com/viewjob?jk=e19cd1c9ef2c112d,"","2026-04-30"
0,"","Head Carpenter","The Walt Disney Company","New York, New York","","",jobspy_indeed,https://www.indeed.com/viewjob?jk=2f3a58a1c3cf8279,"","2026-04-30"
0,"","Head Stagehand","The Walt Disney Company","New York, New York","","",jobspy_indeed,https://www.indeed.com/viewjob?jk=4c5ce120010248f7,"","2026-04-30"
0,"","Kitchen Designer","Urban homes","New York, New York","","$90,000 - $180,000 (yearly)",jobspy_indeed,https://www.indeed.com/viewjob?jk=4cdbf9ec40ffbd05,"","2026-04-30"
0,"","AV Designer","Sourcing Unicorns","New York, New York","","$90,000 - $110,000 (yearly)",jobspy_indeed,https://www.indeed.com/viewjob?jk=e8bdd03bc8de6cdd,"","2026-04-30"
0,"","AV Designer","Moment Factory","New York, New York","","$90,000 - $110,000 (yearly)",jobspy_indeed,https://www.indeed.com/viewjob?jk=e18abd8e674aedcf,"","2026-04-30"
0,"","Manufacturing Engineering Intern","Humanscale","New York, New York","","",jobspy_indeed,https://www.indeed.com/viewjob?jk=1b0e81cf28063a90,"","2026-04-29"
0,"","Senior Bridge Design Engineer","Stantec","New York, New York","","$134,900 - $202,500 (yearly)",jobspy_indeed,https://www.indeed.com/viewjob?jk=5ea3168b3910fd09,"","2026-04-29"
0,"","Interior Designer","S9 Architecture","New York, New York","","$90,000 - $110,000 (yearly)",jobspy_indeed,https://www.indeed.com/viewjob?jk=d267451b68573fa2,"","2026-04-24"
0,"","Director, Global Store Design - Estee Lauder Brand","The Estée Lauder Companies","New York, New York","","$120,000 - $208,000 (yearly)",jobspy_indeed,https://www.indeed.com/viewjob?jk=e4c060d20563dd44,"","2026-04-01"
0,"","Creative Director CGI, Devices Brand Studio","Amazon.com","New York, New York","","$141,000 - $210,300 (yearly)",jobspy_indeed,https://www.indeed.com/viewjob?jk=7e549ed63bed0e57,"","2026-02-24"
0,"","Resource Manager","SCHAWK USA","San Francisco, California","","$85,000 - $95,000 (yearly)",jobspy_indeed,https://www.indeed.com/viewjob?jk=f9d252a3b4b119c2,"","2026-05-04"
0,"","Marcom Designer","Apple","San Francisco, California","","$117,400 - $176,800 (yearly)",jobspy_indeed,https://www.indeed.com/viewjob?jk=07438e7f864dbeaa,"","2026-05-02"
0,"","Senior Electrical Engineer","AECOM","San Francisco, California","","",jobspy_indeed,https://www.indeed.com/viewjob?jk=aaa6e80c48cf71cb,"","2026-05-01"
0,"","Electrical Engineer","ARCHKEY SOLUTIONS","San Francisco, California","","$111,000 - $133,200 (yearly)",jobspy_indeed,https://www.indeed.com/viewjob?jk=bc3232945cfe3845,"","2026-04-30"
0,"","SALE CONSULTANT -STUDIO BELMONT DECORATIVE PLUMBING & HARDWARE","nan","San Francisco, California","","$23 - $28 (hourly)",jobspy_indeed,https://www.indeed.com/viewjob?jk=b229b951311c978a,"","2026-04-28"
0,"","Senior Software Engineer - Graph Node Ecosystem (3D)","Adobe","San Francisco, California","","$159,200 - $301,600 (yearly)",jobspy_indeed,https://www.indeed.com/viewjob?jk=d04a08e8ca31ab15,"","2026-04-27"
0,"","Photo Editor & Client Experience Designer","Fem Boudoir Studio","San Francisco, California","","",jobspy_indeed,https://www.indeed.com/viewjob?jk=fe13992baaae8a97,"","2026-04-27"
0,"","Senior / Staff Technical Artist – Materials, Lighting & Procedural Environments","General Motors (GM)","San Francisco, California","","$153,200 - $234,100 (yearly)",jobspy_indeed,https://www.indeed.com/viewjob?jk=a65014e4cd9f1170,"","2026-03-30"
0,"","Inbound Trade Sales Representative","Lumens","San Francisco, California","","$55,000 - $60,000 (yearly)",jobspy_indeed,https://www.indeed.com/viewjob?jk=07ab27e0437eb943,"","2026-03-23"
0,"","Sr. Project Designer","Cushman & Wakefield","Seattle, Washington","","$55,250 - $65,000 (yearly)",jobspy_indeed,https://www.indeed.com/viewjob?jk=591942d6c6e86de6,"","2026-05-04"
0,"","Mechatronics Automation Design Engineer","Fresh Consulting","Seattle, Washington","","$75,000 - $85,000 (yearly)",jobspy_indeed,https://www.indeed.com/viewjob?jk=ce710ff3154bb145,"","2026-05-01"
0,"","Signal Electrician","City Of Bellevue","Seattle, Washington","","$93,954 - $119,862 (yearly)",jobspy_indeed,https://www.indeed.com/viewjob?jk=105cfd10e96f937b,"","2026-05-01"
0,"","Electrical Designer","Case Engineering, Inc.","Seattle, Washington","","$80,000 - $110,000 (yearly)",jobspy_indeed,https://www.indeed.com/viewjob?jk=48bb89e86c517d26,"","2026-05-01"
0,"","Exterior Designer And Salesperson","Maisy Railing","Seattle, Washington","","$210,000 - $350,000 (yearly)",jobspy_indeed,https://www.indeed.com/viewjob?jk=1c62be56e5ed267a,"","2026-04-30"
0,"","Lead Professional, Electrical Engineering","WSP","Seattle, Washington","","$98,300 - $175,230 (yearly)",jobspy_indeed,https://www.indeed.com/viewjob?jk=43054d8e4599bb57,"","2026-04-29"
0,"","BIM Designer - MEP, DC Design Engineering","Amazon.com","Seattle, Washington","","$96,600 - $160,000 (yearly)",jobspy_indeed,https://www.indeed.com/viewjob?jk=06e85beba6697a2e,"","2026-04-28"
0,"","Senior Civil, QC, Inspectors, CM's / Resident Engineers","ProDims","Seattle, Washington","","$55 - $65 (hourly)",jobspy_indeed,https://www.indeed.com/viewjob?jk=c8235502a87dd998,"","2026-04-28"
0,"","Electrical BIM Designer, DC Design Engineering","Amazon Web Services","Seattle, Washington","","$116,800 - $160,000 (yearly)",jobspy_indeed,https://www.indeed.com/viewjob?jk=f27f8812f053010c,"","2026-04-24"
0,"","Physical Secuity-ICT BIM Designer, Design Services","Amazon Web Services","Seattle, Washington","","$116,800 - $160,000 (yearly)",jobspy_indeed,https://www.indeed.com/viewjob?jk=9a0f9f5154a9bf2d,"","2026-04-24"
0,"","Electrical BIM Designer, DC Design Engineering","Amazon.com","Seattle, Washington","","$116,800 - $160,000 (yearly)",jobspy_indeed,https://www.indeed.com/viewjob?jk=89589c805029e203,"","2026-04-23"
0,"","Electrical Design Engineer, HV/MV Engineering","Amazon.com","Seattle, Washington","","$116,800 - $160,000 (yearly)",jobspy_indeed,https://www.indeed.com/viewjob?jk=63d08a7178fa54a2,"","2026-03-26"
0,"","Mechanical Design Engineer, Data Center Design Engineering","Amazon.com","Seattle, Washington","","$116,800 - $160,000 (yearly)",jobspy_indeed,https://www.indeed.com/viewjob?jk=729388c0dc41e8eb,"","2026-03-23"
0,"","Creative Director CGI, Devices Brand Studio","Amazon.com","Seattle, Washington","","$141,000 - $210,300 (yearly)",jobspy_indeed,https://www.indeed.com/viewjob?jk=ac320685d1ec5baa,"","2026-02-24"
0,"","Sr. Project Designer","Cushman & Wakefield","Boston, Massachusetts","","$55,250 - $65,000 (yearly)",jobspy_indeed,https://www.indeed.com/viewjob?jk=c7a05d5749a4f3aa,"","2026-05-04"
0,"","Production Studio Associate","Hwang Bishop Designs","Boston, Massachusetts","","",jobspy_indeed,https://www.indeed.com/viewjob?jk=b7bf82dc3f91921f,"","2026-04-30"
0,"","Senior PCB Designer","Excelitas Technologies","Boston, Massachusetts","","$93,500 - $124,000 (yearly)",jobspy_indeed,https://www.indeed.com/viewjob?jk=dcc6e0dda8f169c5,"","2026-04-29"
0,"","Project Engineer","Visual Comfort & Co","Boston, Massachusetts","","",jobspy_indeed,https://www.indeed.com/viewjob?jk=c79b59244d11659c,"","2026-04-29"
0,"","Interior Design Assistant","Great Spaces Inc.","Boston, Massachusetts","","$22 - $26 (hourly)",jobspy_indeed,https://www.indeed.com/viewjob?jk=c0fa622d1b8ac717,"","2026-04-29"
0,"","IT/ICT/Security Design Consultant","NV5","Boston, Massachusetts","","",jobspy_indeed,https://www.indeed.com/viewjob?jk=392dd97570a2d3f1,"","2026-04-28"
0,"","Kitchen Cabinet Designer/measure tech -2020 experienced","SV CUSTOM CABINETS","Boston, Massachusetts","","$60,000 - $90,000 (yearly)",jobspy_indeed,https://www.indeed.com/viewjob?jk=694b72abdfcbb20c,"","2026-04-28"
0,"","Building Automation Controls Designer","Johnson Controls","Boston, Massachusetts","","$33 - $48 (hourly)",jobspy_indeed,https://www.indeed.com/viewjob?jk=207398bd9a3e224f,"","2026-04-27"
0,"","Electrical Designer","Arora Engineers, Inc.","Boston, Massachusetts","","$90,000 - $95,000 (yearly)",jobspy_indeed,https://www.indeed.com/viewjob?jk=7c3c720e4d09174d,"","2026-04-27"
0,"","Sr. Project Designer","Cushman & Wakefield","Los Angeles, California","","$55,250 - $65,000 (yearly)",jobspy_indeed,https://www.indeed.com/viewjob?jk=7cd6ac10c3c72699,"","2026-05-04"
0,"","Bilingual Sourcing Manager, Electronics & Plastics - The Toro Company","The Toro Company","Los Angeles, California","","$122,000 - $150,000 (yearly)",jobspy_indeed,https://www.indeed.com/viewjob?jk=57f44d7434f168b3,"","2026-05-03"
0,"","Customer Service / Sales Representative","Liton Lighting","Los Angeles, California","","$24 - $27 (hourly)",jobspy_indeed,https://www.indeed.com/viewjob?jk=0bc5521ed594364b,"","2026-05-02"
0,"","Costume Designer","Skydance Media","Los Angeles, California","","$2,900 - $4,000 (weekly)",jobspy_indeed,https://www.indeed.com/viewjob?jk=f86a1ff6138620fa,"","2026-05-02"
0,"","Visual Development Apprentice","Skydance Media","Los Angeles, California","","",jobspy_indeed,https://www.indeed.com/viewjob?jk=f6e8b17fe9d66605,"","2026-05-01"
0,"","Lead Operations (Retail) - Soho Home Melrose","Soho House & Co.","Los Angeles, California","","",jobspy_indeed,https://www.indeed.com/viewjob?jk=479fd97deae192b6,"","2026-05-01"
0,"","Sr. New Programs Engineer, Studio Engineering","Tesla","Los Angeles, California","","$87,020 - $222,300 (yearly)",jobspy_indeed,https://www.indeed.com/viewjob?jk=cd8eb45a338d6e97,"","2026-05-01"
0,"","Insomniac - Media Admin, New Media","Live Nation","Los Angeles, California","","$23 - $28 (hourly)",jobspy_indeed,https://www.indeed.com/viewjob?jk=d8b8be15bc172a4b,"","2026-05-01"
0,"","Junior Industrial Designer","TOPS Products","Los Angeles, California","","$22 - $29 (hourly)",jobspy_indeed,https://www.indeed.com/viewjob?jk=f727407f3e96ed56,"","2026-04-30"
0,"","Architectural Lighting Designer","Oculus Light Studio","Los Angeles, California","","$70,000 - $85,000 (yearly)",jobspy_indeed,https://www.indeed.com/viewjob?jk=3b725dc547c6434e,"","2026-04-30"
0,"","MOTION GRAPHICS DESIGNER / VIDEO EDITOR","Coalition Technologies","Los Angeles, California","","$17 - $35 (hourly)",jobspy_indeed,https://www.indeed.com/viewjob?jk=e9c660ef9e7b373f,"","2026-04-30"
0,"","Theatre Technician - Substitute","Glendale Community College","Los Angeles, California","","",jobspy_indeed,https://www.indeed.com/viewjob?jk=2b5c5736a7322fe3,"","2026-04-29"
0,"","Designer","Crate and Barrel","Los Angeles, California","","$16 - $36 (hourly)",jobspy_indeed,https://www.indeed.com/viewjob?jk=58c8b46b2305869d,"","2026-04-29"
0,"","Director of Construction","The h.wood Group","Los Angeles, California","","$150,000 - $180,000 (yearly)",jobspy_indeed,https://www.indeed.com/viewjob?jk=cb28e5b61ce83bd7,"","2026-04-29"
0,"","Marketing Operations Coordinator","Air Gourmet Inc","Los Angeles, California","","$28 - $30 (hourly)",jobspy_indeed,https://www.indeed.com/viewjob?jk=2613313f90becaab,"","2026-04-29"
0,"","Substation Physical Engineer - REMOTE","ICF","Los Angeles, California","","$89,261 - $183,610 (yearly)",jobspy_indeed,https://www.indeed.com/viewjob?jk=8967eda05042b992,"","2026-04-29"
0,"","Insomniac - Project Manager, Production & Operations","Live Nation","Los Angeles, California","","$75,000 - $90,000 (yearly)",jobspy_indeed,https://www.indeed.com/viewjob?jk=c568393105fa980a,"","2026-04-29"
0,"","Smart Home and AV Integrator","Totally Wired Electric","Los Angeles, California","","$30 - $45 (hourly)",jobspy_indeed,https://www.indeed.com/viewjob?jk=60ccab19860a8bee,"","2026-04-29"
0,"","Junior Architectural Designer/ Lighting Designer","RKV Design ","Los Angeles, California","","$35 - $45 (hourly)",jobspy_indeed,https://www.indeed.com/viewjob?jk=144c2596a0354d23,"","2026-04-29"
0,"","Electrical Project Manger - Los Angeles","Turpin & Rattan Engineering","Los Angeles, California","","$80,000 - $140,000 (yearly)",jobspy_indeed,https://www.indeed.com/viewjob?jk=e0a2aa83afecb460,"","2026-03-24"
0,"","Creative Director CGI, Devices Brand Studio","Amazon.com","Los Angeles, California","","$141,000 - $210,300 (yearly)",jobspy_indeed,https://www.indeed.com/viewjob?jk=9c1871e3c8f5b9ca,"","2026-02-24"
0,"","Electrical Designer - Los Angeles","Turpin & Rattan Engineering","Los Angeles, California","","$24 - $40 (hourly)",jobspy_indeed,https://www.indeed.com/viewjob?jk=d62709b55a2da91a,"","2025-07-29"
0,"","Sr. Project Designer","Cushman & Wakefield","Washington, DC","","$55,250 - $65,000 (yearly)",jobspy_indeed,https://www.indeed.com/viewjob?jk=e16d562ceb28aad8,"","2026-05-04"
0,"","H&M Visual Merchandiser G street Washington DC","H&M","Washington, DC","","$20 - $24 (hourly)",jobspy_indeed,https://www.indeed.com/viewjob?jk=665f81b0c582e792,"","2026-05-02"
0,"","Electrical Engineering Graduate Designer | Germantown, MD","IMEG","Washington, DC","","$74,000 - $88,000 (yearly)",jobspy_indeed,https://www.indeed.com/viewjob?jk=c50788c3fc88546e,"","2026-05-01"
0,"","Technical Designer - Junior","Gensler","Washington, DC","","$67,000 - $74,000 (yearly)",jobspy_indeed,https://www.indeed.com/viewjob?jk=1cf19bcda66d5ab6,"","2026-05-01"
0,"","Fire Protection Engineer PE","Johnson, Mirmiran & Thompson","Washington, DC","","$48 - $52 (hourly)",jobspy_indeed,https://www.indeed.com/viewjob?jk=71253b9de2fb093c,"","2026-04-30"
0,"","BIM Designer - MEP, DC Design Engineering","Amazon.com","Washington, DC","","$96,600 - $160,000 (yearly)",jobspy_indeed,https://www.indeed.com/viewjob?jk=ab50691435e38840,"","2026-04-28"
0,"","Electrical Engineering Internship – Summer 2026","Moffatt & Nichol","Washington, DC","","$27 - $31 (hourly)",jobspy_indeed,https://www.indeed.com/viewjob?jk=64585715ea6767dc,"","2026-04-28"
0,"","Designer","MOI, Inc","Washington, DC","","$65,800 - $80,000 (yearly)",jobspy_indeed,https://www.indeed.com/viewjob?jk=039beafc131a18b4,"","2026-04-28"
0,"","Design Software Support Agent","Johnson, Mirmiran & Thompson","Washington, DC","","$24 - $34 (hourly)",jobspy_indeed,https://www.indeed.com/viewjob?jk=a0d1825f9e80ff14,"","2026-04-28"
0,"","Electrical BIM Designer, DC Design Engineering","Amazon Web Services","Washington, DC","","$116,800 - $160,000 (yearly)",jobspy_indeed,https://www.indeed.com/viewjob?jk=b6ba225c16c06a65,"","2026-04-24"
0,"","Physical Secuity-ICT BIM Designer, Design Services","Amazon Web Services","Washington, DC","","$116,800 - $160,000 (yearly)",jobspy_indeed,https://www.indeed.com/viewjob?jk=51938de123312831,"","2026-04-24"
0,"","Electrical BIM Designer, DC Design Engineering","Amazon Web Services","United States","","$116,800 - $160,000 (yearly)",jobspy_indeed,https://www.indeed.com/viewjob?jk=3a65962591857c8b,"","2026-04-24"
0,"","Electrical BIM Designer, DC Design Engineering","Amazon.com","United States","","$116,800 - $160,000 (yearly)",jobspy_indeed,https://www.indeed.com/viewjob?jk=b24f363c86e1532c,"","2026-04-23"
0,"","Electrical Design Engineer, HVMV Engineering","Amazon.com","United States","","$116,800 - $160,000 (yearly)",jobspy_indeed,https://www.indeed.com/viewjob?jk=a1898a1f0b5ae9b0,"","2026-03-19"
0,"","Video editor and graphic designer","Velocity Tech","Remote","","",jobspy_indeed,https://www.indeed.com/viewjob?jk=3ee360be44a11114,"","2026-05-04"
0,"","Creative Director for Events","Meeting Tomorrow","Remote","","$113,607 - $142,008 (yearly)",jobspy_indeed,https://www.indeed.com/viewjob?jk=37c646a755447026,"","2026-05-01"
0,"","Electrical Engineer","ARCHKEY SOLUTIONS","Remote","","",jobspy_indeed,https://www.indeed.com/viewjob?jk=1bd6516846888abd,"","2026-04-30"
0,"","Interior Design Procurement Manager","Dedicated virtual Professional Services LLC","Remote","","$25 - $35 (hourly)",jobspy_indeed,https://www.indeed.com/viewjob?jk=586e35e907a83e9e,"","2026-04-29"
0,"","Accounts Receivable Specialist","Bravas","Remote","","",jobspy_indeed,https://www.indeed.com/viewjob?jk=14f5c1759b9f70b0,"","2026-04-27"
0,"","Commercial Service Technician","Guitar Center","Chicago, Illinois","","",jobspy_indeed,https://www.indeed.com/viewjob?jk=92f14fb573923a0d,"","2026-05-01"
0,"","Shuttle Bus Mechanic O'Hare Airport","ABM Industries Inc.","Chicago, Illinois","","",jobspy_indeed,https://www.indeed.com/viewjob?jk=df719b041715eba8,"","2026-05-01"
0,"","Seasonal Park Technician","Norridge Park District","Chicago, Illinois","","$15 - $18 (hourly)",jobspy_indeed,https://www.indeed.com/viewjob?jk=68c55fa1f9b0937a,"","2026-05-01"
0,"","Electrical & Controls Technician","Ability Engineering Technology, Inc.","Chicago, Illinois","","$18 - $30 (hourly)",jobspy_indeed,https://www.indeed.com/viewjob?jk=e751533adba7d29b,"","2026-05-01"
0,"","Lead AVL Technician","Fourwinds Casino","Chicago, Illinois","","",jobspy_indeed,https://www.indeed.com/viewjob?jk=428539719e3ba4a9,"","2026-05-01"
0,"","Maintenance Engineer 2","Fourwinds Casino","Chicago, Illinois","","",jobspy_indeed,https://www.indeed.com/viewjob?jk=79d6535b49e84121,"","2026-05-01"
0,"","Apartment Maintenance Technician","WOODVIEW APARTMENTS","Chicago, Illinois","","",jobspy_indeed,https://www.indeed.com/viewjob?jk=ddb5497f8939a213,"","2026-04-30"
0,"","General Maintenance Technician","C&W Services","Chicago, Illinois","","$25 - $30 (hourly)",jobspy_indeed,https://www.indeed.com/viewjob?jk=a4aaa0c44d13c509,"","2026-04-30"
0,"","Senior Building Automation Systems Technician","JLL","Chicago, Illinois","","$72,000 - $82,000 (yearly)",jobspy_indeed,https://www.indeed.com/viewjob?jk=229ca757009fb2ec,"","2026-04-29"
0,"","Electro-Mechanical Technician (Electrician)","Ferrero","Chicago, Illinois","","",jobspy_indeed,https://www.indeed.com/viewjob?jk=01353ca4437154b1,"","2026-04-29"
0,"","Diesel Mechanic","Dayton Freight","Chicago, Illinois","","$30 - $34 (hourly)",jobspy_indeed,https://www.indeed.com/viewjob?jk=aef0f1e8e33a07d6,"","2026-04-28"
0,"","Electrical Panel Technician","Panelshop.net Inc.","Chicago, Illinois","","$22 - $28 (hourly)",jobspy_indeed,https://www.indeed.com/viewjob?jk=6e065cb32ea99e39,"","2026-04-28"
0,"","Electronics Technician","Total Safety","Chicago, Illinois","","",jobspy_indeed,https://www.indeed.com/viewjob?jk=dcad4ed10135a54c,"","2026-04-28"
0,"","Maintenance Technicican","The W Group Mgmt","New York, New York","","$17 - $19 (hourly)",jobspy_indeed,https://www.indeed.com/viewjob?jk=70a521975789a326,"","2026-05-04"
0,"","Automotive Technician / Offroad Installer","Shotgun Offroad","New York, New York","","$20 - $40 (hourly)",jobspy_indeed,https://www.indeed.com/viewjob?jk=57139f1946c11fcc,"","2026-05-04"
0,"","Auto Mechanic / Technician","1811 Auto Repair","New York, New York","","$1,200 - $2,000 (weekly)",jobspy_indeed,https://www.indeed.com/viewjob?jk=8ced9bfbfde257c4,"","2026-05-01"
0,"","Fleet & Facility Maintenance Technician (Van/Truck Mechanic Focus + Light Building Maintenance)","River Sports Center","New York, New York","","$20 - $22 (hourly)",jobspy_indeed,https://www.indeed.com/viewjob?jk=e5c2123f536dfb8b,"","2026-05-01"
0,"","Maintenance Technician","ABM Industries Inc.","New York, New York","","",jobspy_indeed,https://www.indeed.com/viewjob?jk=8b4292e5b50b1b34,"","2026-05-01"
0,"","Operating Engineer","ABM Industries Inc.","New York, New York","","",jobspy_indeed,https://www.indeed.com/viewjob?jk=cf3bb99b2f1d82cf,"","2026-04-28"
0,"","Fire Kitchen Systems Technician","Cintas","New York, New York","","$45,000 - $90,000 (yearly)",jobspy_indeed,https://www.indeed.com/viewjob?jk=aeae4a51aaf62090,"","2026-04-30"
0,"","Operations Maintenance Technician (Door Installer/ Carpenter)","American Dream","New York, New York","","",jobspy_indeed,https://www.indeed.com/viewjob?jk=24c1e256b3889876,"","2026-04-29"
0,"","Facilities Supervisor - 3rd Shift","Baldor Specialty Foods","New York, New York","","$75,000 - $80,000 (yearly)",jobspy_indeed,https://www.indeed.com/viewjob?jk=8aec4c3dae1f5922,"","2026-04-29"
0,"","Maintenance Technician","The Alpert Group LLC","New York, New York","","",jobspy_indeed,https://www.indeed.com/viewjob?jk=db5db4ad91bba843,"","2026-04-28"
0,"","Facilities Technician","Flynn Group","New York, New York","","",jobspy_indeed,https://www.indeed.com/viewjob?jk=4e1579b92fcf5607,"","2026-04-28"
0,"","12 Volt Technician","Central Sight and Sound","New York, New York","","$18 - $45 (hourly)",jobspy_indeed,https://www.indeed.com/viewjob?jk=c38cf1e70284be3b,"","2026-04-28"
0,"","Maintenance Technician","Life Time","New York, New York","","$28 - $37 (hourly)",jobspy_indeed,https://www.indeed.com/viewjob?jk=b1cf47c19010a5c3,"","2026-04-27"
0,"","Electro Mechanical Technician- Weekends","Church & Dwight Co.","New York, New York","","",jobspy_indeed,https://www.indeed.com/viewjob?jk=f819e999244b7126,"","2026-04-27"
0,"","Maintenance Technician","Brookfield Properties","New York, New York","","$22 - $32 (hourly)",jobspy_indeed,https://www.indeed.com/viewjob?jk=ea8233bd508ae7a3,"","2026-04-27"
0,"","Building Maintenance","Tyler Distribution Centers","New York, New York","","$26 - $28 (hourly)",jobspy_indeed,https://www.indeed.com/viewjob?jk=1640a44a67d2a75c,"","2026-04-27"
0,"","Entry Level Automotive Technician","nan","San Francisco, California","","$20 - $24 (hourly)",jobspy_indeed,https://www.indeed.com/viewjob?jk=a1447630f26746c4,"","2026-05-03"
0,"","Region Facilities Maintenance Manager","Challenger School Foundation","San Francisco, California","","$90,000 - $110,000 (yearly)",jobspy_indeed,https://www.indeed.com/viewjob?jk=e33a9889a8ae1b5e,"","2026-05-01"
0,"","Signals - Maintenance Specialist","City of San Ramon","San Francisco, California","","",jobspy_indeed,https://www.indeed.com/viewjob?jk=3e0f362592c00d81,"","2026-05-01"
0,"","Maintenance Technician (Paulson Park I, Paulson Park II)","MidPen Housing","San Francisco, California","","$25 - $28 (hourly)",jobspy_indeed,https://www.indeed.com/viewjob?jk=59c9a31cb9825183,"","2026-05-01"
0,"","Maintenance Technician (Alma Point)","MidPen Housing","San Francisco, California","","$25 - $28 (hourly)",jobspy_indeed,https://www.indeed.com/viewjob?jk=0c1e74c22bf542e1,"","2026-04-30"
0,"","Stagehand/Skilled Labor Technician","STAGE MONKEY RESOURCES INC","San Francisco, California","","$25 - $40 (hourly)",jobspy_indeed,https://www.indeed.com/viewjob?jk=482733a0663354de,"","2026-05-01"
0,"","Mechanical/Electrical Maintenance Technician","Rossmoor Walnut Creek","San Francisco, California","","",jobspy_indeed,https://www.indeed.com/viewjob?jk=4b1b6ab6447a8fbc,"","2026-05-01"
0,"","Mobile Facilities Maintenance Tech","ABM Industries Inc.","San Francisco, California","","$33 - $40 (hourly)",jobspy_indeed,https://www.indeed.com/viewjob?jk=1307175b9a9fa606,"","2026-04-30"
0,"","Building Engineer/Maintenance Technician","M5 Services","San Francisco, California","","$45 - $65 (hourly)",jobspy_indeed,https://www.indeed.com/viewjob?jk=2fffeccf3d243b91,"","2026-04-29"
0,"","Maintenance Technician I","Veolia","San Francisco, California","","$27 - $32 (hourly)",jobspy_indeed,https://www.indeed.com/viewjob?jk=43ca7451d426c02c,"","2026-04-29"
0,"","Cafe Engineer","Roblox","San Francisco, California","","$117,770 - $145,630 (yearly)",jobspy_indeed,https://www.indeed.com/viewjob?jk=301e3c53bec01e8e,"","2026-04-29"
0,"","Maintenance Technician","Brookfield Properties","San Francisco, California","","$24 - $33 (hourly)",jobspy_indeed,https://www.indeed.com/viewjob?jk=eb9697bfc18edd3c,"","2026-04-29"
0,"","Maintenance Technician","PEP Housing","San Francisco, California","","$23 - $25 (hourly)",jobspy_indeed,https://www.indeed.com/viewjob?jk=f805f1d6466da337,"","2026-04-28"
0,"","Maintenance Technician - TEMP","PEP Housing","San Francisco, California","","",jobspy_indeed,https://www.indeed.com/viewjob?jk=9b246da80f826b85,"","2026-04-28"
0,"","Journeyman Electrician - Residential","Gridwise Electric","San Francisco, California","","$60 - $70 (hourly)",jobspy_indeed,https://www.indeed.com/viewjob?jk=693d279eb41d0771,"","2026-04-28"
0,"","Traffic Control Signal Technician I/II","City Of Fairfield","San Francisco, California","","$87,561 - $106,433 (yearly)",jobspy_indeed,https://www.indeed.com/viewjob?jk=f3cb30e701a999a0,"","2026-04-27"
0,"","Commercial HVAC Installer - Denver, CO","Kelso Industries","San Francisco, California","","",jobspy_indeed,https://www.indeed.com/viewjob?jk=924472dbdfc9c89b,"","2026-04-27"
0,"","Program Assistant - Part-Time Theater Technician","City of Pleasanton, CA","San Francisco, California","","$20 - $25 (hourly)",jobspy_indeed,https://www.indeed.com/viewjob?jk=2673872b81a93a65,"","2026-04-23"
0,"","Program Assistant - Part-Time Theater Technician","City of Pleasanton","San Francisco, California","","$20 - $25 (hourly)",jobspy_indeed,https://www.indeed.com/viewjob?jk=dcbc84be21fd5ce0,"","2026-04-23"
0,"","Senior Facilities and Building Maintenance Technician","TAPCO Credit Union","Seattle, Washington","","$34 - $38 (hourly)",jobspy_indeed,https://www.indeed.com/viewjob?jk=aa65e4756370b67d,"","2026-05-02"
0,"","Heavy Equipment Mechanic","Utility Trailer Sales of Washington","Seattle, Washington","","$23 - $50 (hourly)",jobspy_indeed,https://www.indeed.com/viewjob?jk=29b8eff2f55c2b9b,"","2026-05-01"
0,"","Property Maintenance Repair Technician 40 hours (Everett, WA)","nan","Seattle, Washington","","$23 - $30 (hourly)",jobspy_indeed,https://www.indeed.com/viewjob?jk=85eab26e8d951d1c,"","2026-05-01"
0,"","Maintenance Technician - Multi-site","Cloudten Residential","Seattle, Washington","","$25 - $29 (hourly)",jobspy_indeed,https://www.indeed.com/viewjob?jk=3f8127efb5ad6a9e,"","2026-04-30"
0,"","Maintenance Technician","Cloudten Residential","Seattle, Washington","","$25 - $28 (hourly)",jobspy_indeed,https://www.indeed.com/viewjob?jk=f1a19cdbdf822dfd,"","2026-04-30"
0,"","Slot Repair Tech","Noo-Kayet Development Corporation","Seattle, Washington","","",jobspy_indeed,https://www.indeed.com/viewjob?jk=e7b010abe5ab3213,"","2026-04-30"
0,"","Facility Maintenance Technician","TravelCenters of America","Seattle, Washington","","$24 - $28 (hourly)",jobspy_indeed,https://www.indeed.com/viewjob?jk=0bcf6953aca5e66e,"","2026-04-30"
0,"","Maintenance Tech Apprentice in Bellevue WA","CBRE","Seattle, Washington","","",jobspy_indeed,https://www.indeed.com/viewjob?jk=c408fbf442565ae1,"","2026-04-29"
0,"","Electrical Service Technician","As You Wish Electric","Seattle, Washington","","$175,000 - $250,000 (yearly)",jobspy_indeed,https://www.indeed.com/viewjob?jk=9b92e009c0275b2a,"","2026-04-29"
0,"","EA-18G Electrical Avionics Technician 3","Northrop Grumman","Seattle, Washington","","$58,700 - $97,900 (yearly)",jobspy_indeed,https://www.indeed.com/viewjob?jk=740463585143f835,"","2026-04-28"
0,"","Maintenance Technician","HOAMCO","Seattle, Washington","","$26 - $30 (hourly)",jobspy_indeed,https://www.indeed.com/viewjob?jk=15a9e818dfd87a82,"","2026-04-27"
0,"","Maintenance Technician 1 - Bellevue Square","Nordstrom","Seattle, Washington","","$22 - $33 (hourly)",jobspy_indeed,https://www.indeed.com/viewjob?jk=7797dc0fc5cad640,"","2026-04-17"
0,"","Manufacturing Technician – Packaging & Logistics","nan","Boston, Massachusetts","","$18 - $25 (hourly)",jobspy_indeed,https://www.indeed.com/viewjob?jk=abb0fda101791e3a,"","2026-05-02"
0,"","Manufacturing Technician - Fixture Assembly","nan","Boston, Massachusetts","","$18 - $25 (hourly)",jobspy_indeed,https://www.indeed.com/viewjob?jk=daf7236fdc55fa35,"","2026-05-02"
0,"","Maintenance Mechanic – $36/hour","Personnel People","Boston, Massachusetts","","$30 - $36 (hourly)",jobspy_indeed,https://www.indeed.com/viewjob?jk=3dd04f36f26b7795,"","2026-05-02"
0,"","Maintenanc Technician","Life Time","Boston, Massachusetts","","$26 - $34 (hourly)",jobspy_indeed,https://www.indeed.com/viewjob?jk=ca9e6ca4d6bd3d33,"","2026-04-30"
0,"","BUILDING AUTOMATION CONTROLS ENGINEER, Facilities Management & Planning","Boston University","Boston, Massachusetts","","",jobspy_indeed,https://www.indeed.com/viewjob?jk=9178b8d97f62db6d,"","2026-04-30"
0,"","Lead Maintenance Technician","Saint Francis House","Boston, Massachusetts","","$29 - $32 (hourly)",jobspy_indeed,https://www.indeed.com/viewjob?jk=7fb1016830b3c16b,"","2026-04-29"
0,"","Handyman / Maintenance Technician","Biszko Building Systems Inc.","Boston, Massachusetts","","",jobspy_indeed,https://www.indeed.com/viewjob?jk=e1628ff73c76e703,"","2026-04-29"
0,"","Fabrication & Finishing Technician","Globe Composite Solutions","Boston, Massachusetts","","$23 - $25 (hourly)",jobspy_indeed,https://www.indeed.com/viewjob?jk=5a852be16df68316,"","2026-04-29"
0,"","Seasonal Studio Technician","NESN","Boston, Massachusetts","","$19 - $24 (hourly)",jobspy_indeed,https://www.indeed.com/viewjob?jk=8694194075b3329d,"","2026-04-28"
0,"","Manufacturing Technician","nan","Boston, Massachusetts","","$25 - $28 (hourly)",jobspy_indeed,https://www.indeed.com/viewjob?jk=3ebacfa61065fca2,"","2026-04-28"
0,"","Maintenance Lead","The Scion Group","Boston, Massachusetts","","$30 - $33 (hourly)",jobspy_indeed,https://www.indeed.com/viewjob?jk=e4eeef3861c434f4,"","2026-04-28"
0,"","Specialist, Automation Systems","Ricoh","Boston, Massachusetts","","",jobspy_indeed,https://www.indeed.com/viewjob?jk=19f185dd03746826,"","2026-04-27"
0,"","Maintenance Technician","Molex","Boston, Massachusetts","","$26 - $32 (hourly)",jobspy_indeed,https://www.indeed.com/viewjob?jk=4823c99cd3ef686d,"","2026-04-27"
0,"","Maintenance Aide","Beth Israel Lahey Health","Boston, Massachusetts","","$19 - $25 (hourly)",jobspy_indeed,https://www.indeed.com/viewjob?jk=b7f47ff129a986a1,"","2026-04-27"
0,"","Maintenance Tech 1 - Burlington","Nordstrom","Boston, Massachusetts","","$19 - $33 (hourly)",jobspy_indeed,https://www.indeed.com/viewjob?jk=c1ad83969c8f095e,"","2026-04-09"
0,"","Fleet Automotive Electronics Installer","DRIG Inc.","Los Angeles, California","","$30 - $60 (hourly)",jobspy_indeed,https://www.indeed.com/viewjob?jk=d1e6ac54c622e583,"","2026-05-01"
0,"","Maintenance Technician ($27.02 - $34.13)","The Irvine Company","Los Angeles, California","","$27 - $34 (hourly)",jobspy_indeed,https://www.indeed.com/viewjob?jk=401490d43d78bf88,"","2026-05-01"
0,"","Supervisor, Electrical","SpaceX","Los Angeles, California","","$110,000 - $140,000 (yearly)",jobspy_indeed,https://www.indeed.com/viewjob?jk=d2152dae0399c976,"","2026-05-01"
0,"","Maintenance Engineer","Ramada Palmdale","Los Angeles, California","","$17 - $20 (hourly)",jobspy_indeed,https://www.indeed.com/viewjob?jk=b253f3ed007277ce,"","2026-05-01"
0,"","Maintenance Technician","Girl Scouts of the USA","Los Angeles, California","","$20 - $21 (hourly)",jobspy_indeed,https://www.indeed.com/viewjob?jk=67c94ab877ea29a2,"","2026-04-30"
0,"","Maintenance Building Technician","nan","Los Angeles, California","","$20 - $30 (hourly)",jobspy_indeed,https://www.indeed.com/viewjob?jk=1151383e0a4cce80,"","2026-04-30"
0,"","Facilities Maintenance Technician-HCC","Hestan Commercial Corporation","Los Angeles, California","","$25 - $29 (hourly)",jobspy_indeed,https://www.indeed.com/viewjob?jk=d2dcf16ea05541b2,"","2026-04-30"
0,"","Lube Technician","CalPortland","Los Angeles, California","","",jobspy_indeed,https://www.indeed.com/viewjob?jk=e595d72278134735,"","2026-04-29"
0,"","Facilities Technician","UG2","Los Angeles, California","","$35 - $38 (hourly)",jobspy_indeed,https://www.indeed.com/viewjob?jk=d65396162cbb490c,"","2026-04-29"
0,"","Facilities Technician-Electrical","Orange County Transportation Authority","Los Angeles, California","","$34 - $48 (hourly)",jobspy_indeed,https://www.indeed.com/viewjob?jk=6c00ff821ac51120,"","2026-04-29"
0,"","Maintenance Technician 1 - Brea Mall","Nordstrom","Los Angeles, California","","$19 - $33 (hourly)",jobspy_indeed,https://www.indeed.com/viewjob?jk=2bc54d6889a741d4,"","2026-04-29"
0,"","Lead Field Technician","Am-Tec Total Security, Inc.","Los Angeles, California","","$25 - $35 (hourly)",jobspy_indeed,https://www.indeed.com/viewjob?jk=0bc899471fe1a25a,"","2026-04-29"
0,"","Maintenance Technician","Brookfield Properties","Los Angeles, California","","$21 - $30 (hourly)",jobspy_indeed,https://www.indeed.com/viewjob?jk=03b9e09e1aa1782a,"","2026-04-29"
0,"","Diesel Technician","CR England","Los Angeles, California","","$33 - $38 (hourly)",jobspy_indeed,https://www.indeed.com/viewjob?jk=2f656f840c9fb5f5,"","2026-04-28"
0,"","Maintenance Technician","Eaton","Los Angeles, California","","",jobspy_indeed,https://www.indeed.com/viewjob?jk=50715ec1324e1410,"","2026-04-28"
0,"","Apprentice Fire Safety Specialist - UniFirst First Aid + Safety","UniFirst","Los Angeles, California","","",jobspy_indeed,https://www.indeed.com/viewjob?jk=87b904205b87d9b6,"","2026-04-28"
0,"","Sr Building Engineer","CBRE","Los Angeles, California","","$40 - $45 (hourly)",jobspy_indeed,https://www.indeed.com/viewjob?jk=c152281cb662e8e1,"","2026-04-27"
0,"","Service Technician","Apex Service Contracting LLC","Washington, DC","","$17 - $26 (hourly)",jobspy_indeed,https://www.indeed.com/viewjob?jk=0ea99e310fe7bf6b,"","2026-05-04"
0,"","Electrician","American University","Washington, DC","","$35 - $42 (hourly)",jobspy_indeed,https://www.indeed.com/viewjob?jk=042db580c9b93ac8,"","2026-05-02"
0,"","Maintenance Technician","The Scion Group","Washington, DC","","",jobspy_indeed,https://www.indeed.com/viewjob?jk=0f45438c98227a67,"","2026-05-01"
0,"","AV/VTC Facilitator","nan","Washington, DC","","",jobspy_indeed,https://www.indeed.com/viewjob?jk=e86da188984cee54,"","2026-05-01"
0,"","Emergency Vehicle Technician/ Vehicle Upfitter","Transdev","Washington, DC","","$25 - $35 (hourly)",jobspy_indeed,https://www.indeed.com/viewjob?jk=0e500eca3e679aab,"","2026-04-30"
0,"","MAINTENANCE TECHNICIAN II","Gene B. Glick Company","Washington, DC","","",jobspy_indeed,https://www.indeed.com/viewjob?jk=a80b3d52b7222b84,"","2026-04-30"
0,"","Engineer I","BXP","Washington, DC","","$35 - $48 (hourly)",jobspy_indeed,https://www.indeed.com/viewjob?jk=f44a652984a4b5b1,"","2026-04-30"
0,"","Maintenance Technician","Hyatt","Washington, DC","","",jobspy_indeed,https://www.indeed.com/viewjob?jk=13b89c87db084d62,"","2026-04-30"
0,"","Maintenance Technician","Element Arundel Mills BWI Airport","Washington, DC","","",jobspy_indeed,https://www.indeed.com/viewjob?jk=fce8c6224671fab9,"","2026-04-30"
0,"","Controls Service Technician","Johnson Controls","Washington, DC","","$34 - $51 (hourly)",jobspy_indeed,https://www.indeed.com/viewjob?jk=071bde9420242b6c,"","2026-04-30"
0,"","Auto Mechanic Tech","ADESA","Washington, DC","","$25 - $30 (hourly)",jobspy_indeed,https://www.indeed.com/viewjob?jk=10f0802e067bebc5,"","2026-04-29"
0,"","Senior PBX/VOIP Technician (Contingent Upon Award)","All Native Group","Washington, DC","","",jobspy_indeed,https://www.indeed.com/viewjob?jk=bd73801852554088,"","2026-04-29"
0,"","State Inspection Technician, MD","WHIP","Washington, DC","","$30 - $40 (hourly)",jobspy_indeed,https://www.indeed.com/viewjob?jk=ac418d1ad070a1a6,"","2026-04-29"
0,"","Chief Engineer","Pritchard Industries","Washington, DC","","$48 - $55 (hourly)",jobspy_indeed,https://www.indeed.com/viewjob?jk=c05c30271273c6aa,"","2026-04-29"
0,"","Master Mechanic","Green Bay Packaging","Washington, DC","","",jobspy_indeed,https://www.indeed.com/viewjob?jk=65278010e5841965,"","2026-04-29"
0,"","Temp: Student Stage Crew Technician","Anne Arundel County Public Schools","Washington, DC","","",jobspy_indeed,https://www.indeed.com/viewjob?jk=97767ec97f2af89c,"","2026-04-28"
0,"","2nd Shift Maintenance Technician","EMCOR","Washington, DC","","$25 - $30 (hourly)",jobspy_indeed,https://www.indeed.com/viewjob?jk=9974673f3f77b374,"","2026-04-28"
0,"","Lead Electrician","Hyp-Tro Building Services","Washington, DC","","",jobspy_indeed,https://www.indeed.com/viewjob?jk=408cd871107c21fd,"","2026-04-28"
0,"","Master Electrician","Hyp-Tro Building Services","Washington, DC","","",jobspy_indeed,https://www.indeed.com/viewjob?jk=068bad9b6c925ffe,"","2026-04-28"
0,"","Journeyman Electrician","Hyp-Tro Building Services","Washington, DC","","",jobspy_indeed,https://www.indeed.com/viewjob?jk=6fd5b91e147ab7ad,"","2026-04-28"
0,"","Stage Technician","City of Frederick","Washington, DC","","",jobspy_indeed,https://www.indeed.com/viewjob?jk=55edb1afd03b9d31,"","2026-04-28"
0,"","Maintenance Technician","ISS Facility Services","Washington, DC","","$24 - $26 (hourly)",jobspy_indeed,https://www.indeed.com/viewjob?jk=2c70d8da1397153f,"","2026-04-28"
0,"","Electrical Electronics Technician (EET) - 2nd/B Shift","McCormick & Company","Washington, DC","","$30 - $45 (hourly)",jobspy_indeed,https://www.indeed.com/viewjob?jk=8675c19115604a87,"","2026-04-28"
0,"","CDL Driver / Sign Installer","SkyRite","United States","","$16 - $19 (hourly)",jobspy_indeed,https://www.indeed.com/viewjob?jk=6720b6f9cce4c850,"","2026-05-04"
0,"","1st Shift Preventative Maintenance Tech Position","Smith & Wesson Brands, Inc.","United States","","",jobspy_indeed,https://www.indeed.com/viewjob?jk=82fd51759a6a18e7,"","2026-05-04"
0,"","PARK TECHNICIAN II","City of Amarillo","United States","","",jobspy_indeed,https://www.indeed.com/viewjob?jk=7c38f59506102cba,"","2026-05-04"
0,"","Field Service Technician","AGI","United States","","",jobspy_indeed,https://www.indeed.com/viewjob?jk=62cf233f7aa13e6c,"","2026-05-04"
0,"","Electrician/Range Maintenance Technician","Amentum","United States","","",jobspy_indeed,https://www.indeed.com/viewjob?jk=76a9c3a3a64cc5ec,"","2026-05-04"
0,"","Construction Technician","M&M Service Station Equipment Specialist, Inc","United States","","$21 - $30 (hourly)",jobspy_indeed,https://www.indeed.com/viewjob?jk=030297e1f6558b02,"","2026-05-04"
0,"","Electro Mechanical Technician","Nestlé USA","United States","","",jobspy_indeed,https://www.indeed.com/viewjob?jk=62bb3d2641739639,"","2026-05-04"
0,"","Service Technician","Apex Service Contracting LLC","United States","","$17 - $26 (hourly)",jobspy_indeed,https://www.indeed.com/viewjob?jk=7d67d8419a150641,"","2026-05-04"
0,"","Traffic Signal Installer","Florida Industrial Electric","United States","","$20 - $27 (hourly)",jobspy_indeed,https://www.indeed.com/viewjob?jk=d03997b17f116445,"","2026-05-04"
0,"","Apartment Maintenance Technician | $20–$25/hr | 268-Unit Community","E & E Capital Management, LLC","United States","","$20 - $25 (hourly)",jobspy_indeed,https://www.indeed.com/viewjob?jk=dac7e21549edb66d,"","2026-05-04"
0,"","Journeyman Electrician","American Sign and Lighting","United States","","$70,000 - $140,000 (yearly)",jobspy_indeed,https://www.indeed.com/viewjob?jk=209740404af86301,"","2026-05-04"
0,"","Home Automation Technician","ALL DIGITAL, LLC","United States","","$20 - $35 (hourly)",jobspy_indeed,https://www.indeed.com/viewjob?jk=620ba2e8dae84d9d,"","2026-05-04"
0,"","Emergency Lighting Installer/Technician","Executive Emergency Lighting","United States","","",jobspy_indeed,https://www.indeed.com/viewjob?jk=906a187607fce914,"","2026-05-04"
0,"","Maintenance Technician","Home Place Inn","United States","","$11 - $13 (hourly)",jobspy_indeed,https://www.indeed.com/viewjob?jk=be15bc417bbaa27d,"","2026-05-04"
0,"","Maintenance Technician","Comfort Suites","United States","","$13 - $14 (hourly)",jobspy_indeed,https://www.indeed.com/viewjob?jk=59d73da78cac9d84,"","2026-05-04"
0,"","Lead Service Technician – Real Estate","Pittsburgh Property Remodelers LLC","United States","","$28 - $35 (hourly)",jobspy_indeed,https://www.indeed.com/viewjob?jk=7ba60d4321e1e269,"","2026-05-04"
0,"","2nd Shift Diesel Technician","Casella Waste Systems, Inc.","United States","","$29 - $35 (hourly)",jobspy_indeed,https://www.indeed.com/viewjob?jk=bee50acf953e51e1,"","2026-05-04"
0,"","Equipment and Vehicle Maintenance Technician","St Germain's Cabinet, Inc.","United States","","$25 - $40 (hourly)",jobspy_indeed,https://www.indeed.com/viewjob?jk=8c0328bf73086003,"","2026-05-04"
0,"","Diesel Technician Apprentice","Casella Waste Systems, Inc.","United States","","",jobspy_indeed,https://www.indeed.com/viewjob?jk=18b836ff6777eefd,"","2026-05-01"
0,"","Facilities Maintenance Technician","Casella Waste Systems, Inc.","United States","","",jobspy_indeed,https://www.indeed.com/viewjob?jk=14f8441c994b0995,"","2026-05-04"
0,"","Engineering Services Manager - Physical Security","Heartland Business Systems","Chicago, Illinois","","$85,000 - $95,000 (yearly)",jobspy_indeed,https://www.indeed.com/viewjob?jk=9230ea96a46ce039,"","2026-05-02"
0,"","Technical Sales and Field Service Engineer","CaptiveAire","Chicago, Illinois","","$70,000 - $100,000 (yearly)",jobspy_indeed,https://www.indeed.com/viewjob?jk=27754cb91b107cce,"","2026-05-01"
0,"","Oracle Cloud ERP SCM Solution Architect - Associate Director - 68795421","Cognizant","Chicago, Illinois","","$116,500 - $180,000 (yearly)",jobspy_indeed,https://www.indeed.com/viewjob?jk=114d0513ca10d1f4,"","2026-05-01"
0,"","Sr. Cloud Engineer (Remote)","Inspira Financial","Chicago, Illinois","","$115,000 - $143,000 (yearly)",jobspy_indeed,https://www.indeed.com/viewjob?jk=b66c4d0c425f73be,"","2026-05-01"
0,"","Senior Salesforce Engineer","Arganteal, Corp.","Chicago, Illinois","","",jobspy_indeed,https://www.indeed.com/viewjob?jk=dc82bfe44fca4fe7,"","2026-05-01"
0,"","Project Manager","DXP Enterprises","Chicago, Illinois","","$80,000 - $100,000 (yearly)",jobspy_indeed,https://www.indeed.com/viewjob?jk=a2f695db4e1c8c53,"","2026-04-30"
0,"","AI Engineer (AIA)","Cognizant","Chicago, Illinois","","",jobspy_indeed,https://www.indeed.com/viewjob?jk=857dfbad1738ae41,"","2026-04-30"
0,"","SVP, Unified Investment Lead","Dentsu","Chicago, Illinois","","$197,225 - $260,000 (yearly)",jobspy_indeed,https://www.indeed.com/viewjob?jk=de642381a0031eb6,"","2026-04-30"
0,"","Data Engineering Manager (Remote)","Inspira Financial","Chicago, Illinois","","$125,000 - $150,000 (yearly)",jobspy_indeed,https://www.indeed.com/viewjob?jk=ebb6fae89b81461d,"","2026-04-30"
0,"","Train Conductor","CPKC","Chicago, Illinois","","$120,000 - $139,000 (yearly)",jobspy_indeed,https://www.indeed.com/viewjob?jk=46f68c54a630408c,"","2026-04-30"
0,"","Senior Project Engineer","W.E. O'Neil Construction Company","Chicago, Illinois","","",jobspy_indeed,https://www.indeed.com/viewjob?jk=b19ef9d32325a2c9,"","2026-04-29"
0,"","Sr Engineer Electrical","Zachry Group","Chicago, Illinois","","",jobspy_indeed,https://www.indeed.com/viewjob?jk=207ee82c5556ca4e,"","2026-04-29"
0,"","Generative AI Architect","Cognizant","Chicago, Illinois","","$130,000 - $150,000 (yearly)",jobspy_indeed,https://www.indeed.com/viewjob?jk=e46287ef5de28ce6,"","2026-04-29"
0,"","DevOps Engineer with AI — Automation & Integration","Cognizant","Chicago, Illinois","","$74,000 - $84,000 (yearly)",jobspy_indeed,https://www.indeed.com/viewjob?jk=46d3f0efdad21a15,"","2026-04-29"
0,"","Senior Manager-Facilities Engineering & Maintenance","S&C Electric Company","Chicago, Illinois","","$154,968 - $205,332 (yearly)",jobspy_indeed,https://www.indeed.com/viewjob?jk=00dd1417ea19740e,"","2026-04-29"
0,"","Sr. Product Software Engineer","Inspira Financial","Chicago, Illinois","","$140,000 - $160,000 (yearly)",jobspy_indeed,https://www.indeed.com/viewjob?jk=6fd3e32d6469c877,"","2026-04-24"
0,"","Software Engineer II (Remote)","Inspira Financial","Chicago, Illinois","","$91,000 - $111,000 (yearly)",jobspy_indeed,https://www.indeed.com/viewjob?jk=32ad31c53dc9ac81,"","2026-03-17"
0,"","Senior Applied Scientist, Entertainment Devices & Grocery Experiences (EDGE) Ads","Amazon.com","New York, New York","","$183,800 - $248,700 (yearly)",jobspy_indeed,https://www.indeed.com/viewjob?jk=46b244c2106cf677,"","2026-04-07"
0,"","Sr. Applied Scientist, Prime Video - Personalization and Discovery Science","Amazon.com","New York, New York","","$183,800 - $260,000 (yearly)",jobspy_indeed,https://www.indeed.com/viewjob?jk=d1050bb6ed5b575b,"","2026-03-27"
0,"","Senior Program Manager, Accessibility","Amazon.com","New York, New York","","$142,400 - $192,600 (yearly)",jobspy_indeed,https://www.indeed.com/viewjob?jk=74c72cc030ed4624,"","2026-04-03"
0,"","Software Development Engineer, AWS SDE Centralized Team","Amazon.com","New York, New York","","$143,700 - $213,800 (yearly)",jobspy_indeed,https://www.indeed.com/viewjob?jk=0d6dbfe16df71996,"","2026-04-02"
0,"","Senior Software Engineer, Android","Amazon.com","New York, New York","","$193,300 - $261,500 (yearly)",jobspy_indeed,https://www.indeed.com/viewjob?jk=75d4d975a55fef5c,"","2026-03-25"
0,"","Applied Scientist II, Prime Video Personalization and Discovery Science","Amazon.com","New York, New York","","$142,800 - $223,400 (yearly)",jobspy_indeed,https://www.indeed.com/viewjob?jk=fda23c588cc437ca,"","2026-03-25"
0,"","Sr Technical Content Creator, Developer Marketing","Amazon Web Services","New York, New York","","$138,000 - $265,600 (yearly)",jobspy_indeed,https://www.indeed.com/viewjob?jk=9dfd76eb02940ac1,"","2026-03-18"
0,"","Principal Engineer, Amazon | Multiple Locations, USA, Global Specialty Recruiting Team","Amazon.com","New York, New York","","$200,100 - $297,700 (yearly)",jobspy_indeed,https://www.indeed.com/viewjob?jk=d67f80c757d2c777,"","2026-02-19"
0,"","Head of Developer Education, Kiro","Amazon.com","New York, New York","","$180,600 - $330,500 (yearly)",jobspy_indeed,https://www.indeed.com/viewjob?jk=8b190de10cbfff32,"","2026-02-17"
0,"","Security Engineering Manager, Stores AppSec","Amazon.com","New York, New York","","$175,100 - $260,500 (yearly)",jobspy_indeed,https://www.indeed.com/viewjob?jk=b9e3ddb4e989e902,"","2026-02-05"
0,"","Sr Technical Program Manager, Device Ad Products & Personalization","Amazon.com","New York, New York","","$171,000 - $231,400 (yearly)",jobspy_indeed,https://www.indeed.com/viewjob?jk=613292e523d598d9,"","2026-01-17"
0,"","Applied Scientist II, Prime Video - Personalization and Discovery Science, Personalization and Discovery Science","Amazon.com","New York, New York","","$136,000 - $223,400 (yearly)",jobspy_indeed,https://www.indeed.com/viewjob?jk=f29ae14416d6b128,"","2025-10-01"
0,"","Sr. MLE, Prime Video - Personalization and Discovery","Amazon.com","New York, New York","","$184,900 - $250,200 (yearly)",jobspy_indeed,https://www.indeed.com/viewjob?jk=c2a030553dba958b,"","2025-08-28"
0,"","Sr. Applied Scientist, Amazon Advertising","Amazon.com","New York, New York","","$150,400 - $260,000 (yearly)",jobspy_indeed,https://www.indeed.com/viewjob?jk=eb66e0fde8c9b20d,"","2025-07-14"
0,"","Senior Applied Scientist, Delivery Foundation Model","Amazon.com","New York, New York","","$150,400 - $260,000 (yearly)",jobspy_indeed,https://www.indeed.com/viewjob?jk=79b887eeeb3040af,"","2025-05-30"
0,"","Principal Product Manager Technical, ART19","Amazon.com","San Francisco, California","","$206,900 - $279,900 (yearly)",jobspy_indeed,https://www.indeed.com/viewjob?jk=907b5af8e9f7e552,"","2026-03-20"
0,"","Applied Scientist, Prime Video - Personalization and Discovery Science","Amazon.com","San Francisco, California","","$142,800 - $222,200 (yearly)",jobspy_indeed,https://www.indeed.com/viewjob?jk=a98f2ca139b21e8c,"","2026-03-04"
0,"","Applied Scientist, Delivery Foundation Model","Amazon.com","San Francisco, California","","$142,800 - $222,200 (yearly)",jobspy_indeed,https://www.indeed.com/viewjob?jk=adb3671a6296396f,"","2025-12-19"
0,"","Senior Applied Scientist, GEM","Amazon.com","San Francisco, California","","$167,100 - $260,000 (yearly)",jobspy_indeed,https://www.indeed.com/viewjob?jk=a90f21caaedba14a,"","2026-03-03"
0,"","Senior Applied Scientist, Delivery Foundation Model","Amazon.com","San Francisco, California","","$167,100 - $260,000 (yearly)",jobspy_indeed,https://www.indeed.com/viewjob?jk=7dbd04dc948ae06b,"","2025-05-30"
0,"","Senior Product Manager - Technical, External Services, Amazon, Amazon Interactive Video Service (IVS)","Amazon.com","San Francisco, California","","$175,000 - $236,800 (yearly)",jobspy_indeed,https://www.indeed.com/viewjob?jk=0506701088e3afc5,"","2026-02-27"
0,"","Principal Engineer, Amazon | Multiple Locations, USA, Global Specialty Recruiting Team","Amazon.com","San Francisco, California","","$200,100 - $297,700 (yearly)",jobspy_indeed,https://www.indeed.com/viewjob?jk=d422591a3c49e446,"","2026-02-19"
0,"","Head of Developer Education, Kiro","Amazon.com","San Francisco, California","","$180,600 - $330,500 (yearly)",jobspy_indeed,https://www.indeed.com/viewjob?jk=098b913bc785ceef,"","2026-02-17"
0,"","Director, Software Development, Alexa Connections","Amazon.com","San Francisco, California","","$264,100 - $350,000 (yearly)",jobspy_indeed,https://www.indeed.com/viewjob?jk=8c5b829a89d7b453,"","2026-02-13"
0,"","Software Development Engineer, Amazon Interactive Video Service (IVS)","Amazon Web Services","San Francisco, California","","$143,700 - $223,600 (yearly)",jobspy_indeed,https://www.indeed.com/viewjob?jk=80671ff43a229c67,"","2026-02-05"
0,"","Sr Technical Program Manager, Device Ad Products & Personalization","Amazon.com","San Francisco, California","","$171,000 - $231,400 (yearly)",jobspy_indeed,https://www.indeed.com/viewjob?jk=f5099a766da80316,"","2026-01-17"
0,"","Applied Scientist II, Prime Video - Personalization and Discovery Science, Personalization and Discovery Science","Amazon.com","San Francisco, California","","$136,000 - $223,400 (yearly)",jobspy_indeed,https://www.indeed.com/viewjob?jk=f29d8bd885dabf61,"","2025-10-01"
0,"","Sr. Applied Scientist, Prime Video - Personalization and Discovery Science","Amazon.com","San Francisco, California","","$150,400 - $260,000 (yearly)",jobspy_indeed,https://www.indeed.com/viewjob?jk=8c773a60ebefa4d4,"","2025-08-13"
0,"","Sr. Applied Scientist, Amazon Advertising","Amazon.com","San Francisco, California","","$150,400 - $260,000 (yearly)",jobspy_indeed,https://www.indeed.com/viewjob?jk=76f0a7a80cd63ac5,"","2025-07-14"
0,"","Sr Technical Content Creator, Developer Marketing","Amazon Web Services","Seattle, Washington","","$138,000 - $241,400 (yearly)",jobspy_indeed,https://www.indeed.com/viewjob?jk=866e49d76dd652f5,"","2026-03-18"
0,"","Principal Product Manager - Tech, Digital Acceleration, Digital Acceleration","Amazon.com","Seattle, Washington","","$179,900 - $243,400 (yearly)",jobspy_indeed,https://www.indeed.com/viewjob?jk=7031bed8d025fedd,"","2026-02-25"
0,"","Principal Product Manager - Tech, Viewer Experience, Prime Video Global App Experience","Amazon.com","Seattle, Washington","","$179,900 - $243,400 (yearly)",jobspy_indeed,https://www.indeed.com/viewjob?jk=17c2a7c397d3086b,"","2026-02-05"
0,"","Mgr SecEng, AGI/AI Security","Amazon.com","Seattle, Washington","","$175,100 - $236,900 (yearly)",jobspy_indeed,https://www.indeed.com/viewjob?jk=fc38aacae833d7ff,"","2026-03-16"
0,"","Senior UX Designer, Digital Acceleration","Amazon.com","Seattle, Washington","","$137,800 - $186,400 (yearly)",jobspy_indeed,https://www.indeed.com/viewjob?jk=665409a1127f0617,"","2026-03-11"
0,"","Sr. UX Designer, Prime Video Experience Design","Amazon.com","Seattle, Washington","","$137,800 - $186,400 (yearly)",jobspy_indeed,https://www.indeed.com/viewjob?jk=6034dcc6e8d9ac1d,"","2026-04-07"
0,"","Applied Scientist, Prime Video - Personalization and Discovery Science","Amazon.com","Seattle, Washington","","$142,800 - $222,200 (yearly)",jobspy_indeed,https://www.indeed.com/viewjob?jk=8c900ad317087073,"","2026-03-04"
0,"","Applied Scientist, Delivery Foundation Model","Amazon.com","Seattle, Washington","","$142,800 - $222,200 (yearly)",jobspy_indeed,https://www.indeed.com/viewjob?jk=1f8d1132d5d9a34e,"","2025-12-19"
0,"","Senior Applied Scientist, GEM","Amazon.com","Seattle, Washington","","$167,100 - $260,000 (yearly)",jobspy_indeed,https://www.indeed.com/viewjob?jk=314b9dd89395baf0,"","2026-03-03"
0,"","Senior Applied Scientist, Delivery Foundation Model","Amazon.com","Seattle, Washington","","$167,100 - $260,000 (yearly)",jobspy_indeed,https://www.indeed.com/viewjob?jk=6da718e7a5892e7e,"","2025-05-30"
0,"","Principal Engineer, Amazon | Multiple Locations, USA, Global Specialty Recruiting Team","Amazon.com","Seattle, Washington","","$200,100 - $297,700 (yearly)",jobspy_indeed,https://www.indeed.com/viewjob?jk=d53932a6ead2dc8c,"","2026-02-19"
0,"","Director, Software Development, Alexa Connections","Amazon.com","Seattle, Washington","","$264,100 - $350,000 (yearly)",jobspy_indeed,https://www.indeed.com/viewjob?jk=aee0bc42780b2195,"","2026-02-13"
0,"","Applied Scientist II, Prime Video - Personalization and Discovery Science, Personalization and Discovery Science","Amazon.com","Seattle, Washington","","$136,000 - $223,400 (yearly)",jobspy_indeed,https://www.indeed.com/viewjob?jk=58b3963b1635763a,"","2025-10-01"
0,"","Sr. Applied Scientist, Prime Video - Personalization and Discovery Science","Amazon.com","Seattle, Washington","","$150,400 - $260,000 (yearly)",jobspy_indeed,https://www.indeed.com/viewjob?jk=5e5448e9af9af43b,"","2025-08-13"
0,"","Sr. Applied Scientist, Amazon Advertising","Amazon.com","Seattle, Washington","","$150,400 - $260,000 (yearly)",jobspy_indeed,https://www.indeed.com/viewjob?jk=7bce683d8e0666f7,"","2025-07-14"
0,"","Autonomy Engineer","MIT Lincoln Laboratory","Boston, Massachusetts","","$145,200 - $220,000 (yearly)",jobspy_indeed,https://www.indeed.com/viewjob?jk=41b882eed9eec4e2,"","2026-05-04"
0,"","Laboratory Operations Manager","Instron","Boston, Massachusetts","","$110,000 - $120,000 (yearly)",jobspy_indeed,https://www.indeed.com/viewjob?jk=ae97c4a744494c1b,"","2026-05-01"
0,"","Application Engineer","Persimmon Technologies","Boston, Massachusetts","","$90,000 - $110,000 (yearly)",jobspy_indeed,https://www.indeed.com/viewjob?jk=a9b3e4b65ae966ec,"","2026-04-30"
0,"","Application Design Engineer - Demo Leader","Schneider Electric","Boston, Massachusetts","","",jobspy_indeed,https://www.indeed.com/viewjob?jk=e37bc1b994cba2a7,"","2026-04-30"
0,"","Technical Product Content Lead","Fort Robotics","Boston, Massachusetts","","",jobspy_indeed,https://www.indeed.com/viewjob?jk=617121e58f2a39e6,"","2026-04-30"
0,"","Principal Software Engineer","Recorded Future","Boston, Massachusetts","","$152,000 - $228,500 (yearly)",jobspy_indeed,https://www.indeed.com/viewjob?jk=514d0af5d15fb4a2,"","2026-04-30"
0,"","Senior Manager, Engineering","Recorded Future","Boston, Massachusetts","","$199,000 - $278,000 (yearly)",jobspy_indeed,https://www.indeed.com/viewjob?jk=da555e57357a0c4b,"","2026-04-30"
0,"","Senior Manager, Mechanical Engineering - Atlas","Boston Dynamics","Boston, Massachusetts","","$177,000 - $220,000 (yearly)",jobspy_indeed,https://www.indeed.com/viewjob?jk=658b532cc9f6f6ad,"","2026-04-30"
0,"","Technical Training Designer","Analogic Corporation","Boston, Massachusetts","","",jobspy_indeed,https://www.indeed.com/viewjob?jk=b3d7eb486f28d861,"","2026-04-30"
0,"","Solutions Engineer","Axis Communications","Boston, Massachusetts","","$125,000 - $135,000 (yearly)",jobspy_indeed,https://www.indeed.com/viewjob?jk=c5ec0ad4aaf36ec5,"","2026-04-29"
0,"","Senior Staff Manufacturing Engineer","Boston Dynamics","Boston, Massachusetts","","$135,000 - $160,000 (yearly)",jobspy_indeed,https://www.indeed.com/viewjob?jk=a83c7832f8e51250,"","2026-04-29"
0,"","Quality Technician - 2nd Shift","Eaton","Boston, Massachusetts","","",jobspy_indeed,https://www.indeed.com/viewjob?jk=960c80a0a3152a09,"","2026-04-29"
0,"","Handy Man - Full Time","Giri Hotel Management","Boston, Massachusetts","","",jobspy_indeed,https://www.indeed.com/viewjob?jk=67ce77488d3cc8c7,"","2026-04-29"
0,"","Quality Technician","nan","Boston, Massachusetts","","$26 - $28 (hourly)",jobspy_indeed,https://www.indeed.com/viewjob?jk=1cb0aaff67f0e3b8,"","2026-04-29"
0,"","DevEx Team Lead","ERGO NEXT","Boston, Massachusetts","","$127,000 - $171,000 (yearly)",jobspy_indeed,https://www.indeed.com/viewjob?jk=622ffb116582189d,"","2026-04-29"
0,"","Backend Engineer- DevEx Team","ERGO NEXT","Boston, Massachusetts","","$131,000 - $151,000 (yearly)",jobspy_indeed,https://www.indeed.com/viewjob?jk=83154bf57b0afce2,"","2026-04-29"
0,"","Senior Applied Scientist, Entertainment Devices & Grocery Experiences (EDGE) Ads","Amazon.com","Boston, Massachusetts","","$183,800 - $248,700 (yearly)",jobspy_indeed,https://www.indeed.com/viewjob?jk=995f7139b0338546,"","2026-04-07"
0,"","Hardware Support Engineer, Robotics Technical Services","Amazon.com","Boston, Massachusetts","","$90,400 - $158,200 (yearly)",jobspy_indeed,https://www.indeed.com/viewjob?jk=298cbb057e1fb141,"","2026-03-04"
0,"","Principal Engineer, Amazon | Multiple Locations, USA, Global Specialty Recruiting Team","Amazon.com","Boston, Massachusetts","","$200,100 - $297,700 (yearly)",jobspy_indeed,https://www.indeed.com/viewjob?jk=47e76aec2e41633b,"","2026-02-19"
0,"","Field Engineer","Morrow Meadows","Los Angeles, California","","$21 - $33 (hourly)",jobspy_indeed,https://www.indeed.com/viewjob?jk=3b6268ec6a531f1d,"","2026-05-04"
0,"","Sr Manager IT - Network Security","Mattel, Inc.","Los Angeles, California","","$175,000 - $214,000 (yearly)",jobspy_indeed,https://www.indeed.com/viewjob?jk=e98a926507171850,"","2026-05-03"
0,"","Solutions Architect - Cloud Data Warehousing (GCP)","Mattel, Inc.","Los Angeles, California","","$146,400 - $180,000 (yearly)",jobspy_indeed,https://www.indeed.com/viewjob?jk=54329e26a8f1201c,"","2026-05-03"
0,"","Senior Software Engineer","Paramount","Los Angeles, California","","$124,000 - $170,000 (yearly)",jobspy_indeed,https://www.indeed.com/viewjob?jk=9692b92acf6d8396,"","2026-05-02"
0,"","Data Science Engineer","Fustis LLC","Los Angeles, California","","$65 - $70 (hourly)",jobspy_indeed,https://www.indeed.com/viewjob?jk=b85ceff7d83b1b50,"","2026-05-01"
0,"","Intern – Web Interface Software Engineer (2026)","Motorola Solutions","Los Angeles, California","","$28 - $42 (hourly)",jobspy_indeed,https://www.indeed.com/viewjob?jk=72b85be330745418,"","2026-05-01"
0,"","Sr. UX Designer, Prime Video Experience Design","Amazon.com","Los Angeles, California","","$137,800 - $186,400 (yearly)",jobspy_indeed,https://www.indeed.com/viewjob?jk=61eb70f0a4b692b4,"","2026-04-07"
0,"","Senior Program Manager, Accessibility","Amazon.com","Los Angeles, California","","$142,400 - $192,600 (yearly)",jobspy_indeed,https://www.indeed.com/viewjob?jk=b958022afef53603,"","2026-04-03"
0,"","Sr Manager, UX Research, Prime Video Experience Design (PVXD)","Amazon.com","Los Angeles, California","","$219,100 - $296,500 (yearly)",jobspy_indeed,https://www.indeed.com/viewjob?jk=32120689bf4ce05c,"","2026-04-03"
0,"","Senior Software Engineer, Android","Amazon.com","Los Angeles, California","","$193,300 - $261,500 (yearly)",jobspy_indeed,https://www.indeed.com/viewjob?jk=dc05fc4647127085,"","2026-03-25"
0,"","Principal Product Manager - Tech, Viewer Experience, Prime Video Global App Experience","Amazon.com","Los Angeles, California","","$179,900 - $243,400 (yearly)",jobspy_indeed,https://www.indeed.com/viewjob?jk=2a0585e3a13b5f02,"","2026-02-05"
0,"","Principal Product Manager - Tech, Amazon Games GenAI & Strategic Initiatives","Amazon.com","Los Angeles, California","","$197,900 - $267,800 (yearly)",jobspy_indeed,https://www.indeed.com/viewjob?jk=60249ff36e329787,"","2026-03-24"
0,"","Principal Product Manager Technical, ART19","Amazon.com","Los Angeles, California","","$206,900 - $279,900 (yearly)",jobspy_indeed,https://www.indeed.com/viewjob?jk=df32cae6c89e489a,"","2026-03-20"
0,"","Principal UX Designer, Prime Video","Amazon.com","Los Angeles, California","","$164,000 - $221,800 (yearly)",jobspy_indeed,https://www.indeed.com/viewjob?jk=4c23251d247a959a,"","2026-03-20"
0,"","Sr. Software Development Manager, Engagement Growth","Amazon.com","Los Angeles, California","","$203,400 - $275,200 (yearly)",jobspy_indeed,https://www.indeed.com/viewjob?jk=61f59fc95546b49d,"","2026-03-20"
0,"","Sr. Technical Program Manager , Prime Video Sports Linear and News","Amazon.com","Los Angeles, California","","$148,700 - $201,200 (yearly)",jobspy_indeed,https://www.indeed.com/viewjob?jk=4b7f21ed70109297,"","2026-01-09"
0,"","Senior Design Technologist, Prime Video","Amazon.com","Los Angeles, California","","$154,200 - $239,900 (yearly)",jobspy_indeed,https://www.indeed.com/viewjob?jk=a0091aa3516dff5b,"","2025-11-24"
0,"","Sr. Applied Scientist, Amazon Advertising","Amazon.com","Los Angeles, California","","$150,400 - $260,000 (yearly)",jobspy_indeed,https://www.indeed.com/viewjob?jk=c761dd666ac42344,"","2025-07-14"
0,"","Telecommunications Engineer Specialist (VOIP)","Knowesis Inc.","Washington, DC","","",jobspy_indeed,https://www.indeed.com/viewjob?jk=ec4491cbb5b427eb,"","2026-05-04"
0,"","Cloud Network Automation Engineer","Openkyber","Washington, DC","","",jobspy_indeed,https://www.indeed.com/viewjob?jk=f524d9215c70933b,"","2026-05-04"
0,"","Plant Operations Supervisor","Fairfax County Government","Washington, DC","","$68,774 - $114,625 (yearly)",jobspy_indeed,https://www.indeed.com/viewjob?jk=660c95ad601a4d6a,"","2026-05-02"
0,"","Software Development Engineer, AWS SDE Centralized Team","Amazon.com","Washington, DC","","$143,700 - $213,800 (yearly)",jobspy_indeed,https://www.indeed.com/viewjob?jk=9eaaf66b18365001,"","2026-04-02"
0,"","Creative Producer, AWS Professional Services","Amazon Web Services","Washington, DC","","$120,500 - $163,000 (yearly)",jobspy_indeed,https://www.indeed.com/viewjob?jk=abddd4c2da5c289b,"","2026-04-15"
0,"","Design Technologist, D3 (Design, Development & Delivery) Team","Amazon Web Services","Washington, DC","","$131,800 - $178,300 (yearly)",jobspy_indeed,https://www.indeed.com/viewjob?jk=6183cf029e00c785,"","2026-04-14"
0,"","Network Development Engineer","Amazon.com","Washington, DC","","$136,000 - $184,000 (yearly)",jobspy_indeed,https://www.indeed.com/viewjob?jk=21137d111bd70d60,"","2026-03-30"
0,"","Hardware Support Engineer, Robotics Technical Services","Amazon.com","Washington, DC","","$74,700 - $130,700 (yearly)",jobspy_indeed,https://www.indeed.com/viewjob?jk=ca2437379589ec51,"","2026-03-20"
0,"","VOIP Engineer","Valiant Integrated Services","Washington, DC","","",jobspy_indeed,https://www.indeed.com/viewjob?jk=ad22e59224b5430b,"","2026-03-18"
0,"","Sr. Security Systems Engineer, DCE Security Products and Services","Amazon.com","Washington, DC","","$136,600 - $184,800 (yearly)",jobspy_indeed,https://www.indeed.com/viewjob?jk=f0189ae3a48090a8,"","2026-03-09"
0,"","Sr. Plumbing/Fire Protection Engineer, Data Center Engineering","Amazon.com","Washington, DC","","$136,600 - $184,800 (yearly)",jobspy_indeed,https://www.indeed.com/viewjob?jk=cdc2948f0b7e5f90,"","2026-03-29"
0,"","Sr. Mechanical Controls Engineer, Data Center Engineering","Amazon.com","Washington, DC","","$136,600 - $184,800 (yearly)",jobspy_indeed,https://www.indeed.com/viewjob?jk=8df6c0033e0d345b,"","2026-03-27"
0,"","Sr. Technical Program Manager , Prime Video Sports Linear and News","Amazon.com","Washington, DC","","$148,700 - $201,200 (yearly)",jobspy_indeed,https://www.indeed.com/viewjob?jk=8ab04f78b90d6b6c,"","2026-01-09"
0,"","Sr. Applied Scientist, Amazon Advertising","Amazon.com","Washington, DC","","$150,400 - $260,000 (yearly)",jobspy_indeed,https://www.indeed.com/viewjob?jk=0a8c274510501b6d,"","2025-07-14"
0,"","Infrastructure Edge Strategy, TPM, Strategy and Planning","Amazon.com","Washington, DC","","$114,400 - $205,500 (yearly)",jobspy_indeed,https://www.indeed.com/viewjob?jk=35ed002d49b1c7fc,"","2025-05-14"
0,"","Controls Project Manager 1","Johnson Controls","United States","","$80,600 - $111,000 (yearly)",jobspy_indeed,https://www.indeed.com/viewjob?jk=92da76c1de3180d6,"","2026-05-04"
0,"","Network Engineer","Ethnos360","United States","","",jobspy_indeed,https://www.indeed.com/viewjob?jk=87556b06d0fbd6bb,"","2026-05-04"
0,"","ELECTRICIAN, THE HOMES OF ETHNOS360","Ethnos360","United States","","",jobspy_indeed,https://www.indeed.com/viewjob?jk=186f99875bfe246a,"","2026-05-04"
0,"","Commercial Plumber","Crete United","United States","","$35 - $40 (hourly)",jobspy_indeed,https://www.indeed.com/viewjob?jk=b61102807f1b6e4e,"","2026-05-04"
0,"","Software Development Engineer","Amazon.com","United States","","$129,300 - $223,600 (yearly)",jobspy_indeed,https://www.indeed.com/viewjob?jk=ad0788b0d26cd3b4,"","2025-12-19"
0,"","Sr. Applied Scientist, Prime Video - Personalization and Discovery Science","Amazon.com","United States","","$150,400 - $260,000 (yearly)",jobspy_indeed,https://www.indeed.com/viewjob?jk=3f49ac1c6b8faaf5,"","2025-08-13"
0,"","Senior Applied Scientist, Delivery Foundation Model","Amazon.com","United States","","$150,400 - $260,000 (yearly)",jobspy_indeed,https://www.indeed.com/viewjob?jk=ab1e46b884f93104,"","2025-05-30"
0,"","Technical Account Manager, Premier Support","Flock Safety","Remote","","",jobspy_indeed,https://www.indeed.com/viewjob?jk=e234dcdbea8e1047,"","2026-05-04"
0,"","IT / OT Infrastructure and Cyber Architect","AdvanSix","Remote","","$130,700 - $196,100 (yearly)",jobspy_indeed,https://www.indeed.com/viewjob?jk=5140ec4794e9e21f,"","2026-05-03"
0,"","Operating System Kernel Engineer","Oxide Computer Company","Remote","","",jobspy_indeed,https://www.indeed.com/viewjob?jk=68575e5a0a7f86b2,"","2026-05-03"
0,"","Lead Instructional Designer","Guidewire","Remote","","$100,000 - $150,000 (yearly)",jobspy_indeed,https://www.indeed.com/viewjob?jk=cbb7232a90d040fa,"","2026-05-03"
0,"","Security Alarm Tech Support - Sun-Thurs - Access Control, CCTV, Intrusion - Remote","Interface Systems","Remote","","",jobspy_indeed,https://www.indeed.com/viewjob?jk=702f2c3cffe9620e,"","2026-05-01"
0,"","Senior Site Reliability Engineer","Fabric Health","Remote","","$120,000 - $150,000 (yearly)",jobspy_indeed,https://www.indeed.com/viewjob?jk=c306a5c14ab5b6b9,"","2026-05-01"
0,"","Senior Data Engineer","Dr. Berg Nutritionals","Remote","","",jobspy_indeed,https://www.indeed.com/viewjob?jk=5c3ced295cf725df,"","2026-05-01"
0,"","Support Enablement Lead","HARVEY","Remote","","$108,400 - $162,600 (yearly)",jobspy_indeed,https://www.indeed.com/viewjob?jk=3ebb60e196aaf376,"","2026-05-01"
0,"","Senior Product Manager, Integrations","Dataminr","Remote","","$138,400 - $203,500 (yearly)",jobspy_indeed,https://www.indeed.com/viewjob?jk=52c6458807f268a8,"","2026-05-01"
0,"","Senior Software Engineer - Android","Purple Wave Auction","Remote","","$104,000 - $134,000 (yearly)",jobspy_indeed,https://www.indeed.com/viewjob?jk=43e1268f478abf6c,"","2026-05-01"
0,"","Manager, Observability Architects | West Coast | Remote","Grafana Labs","Remote","","$235,000 - $286,000 (yearly)",jobspy_indeed,https://www.indeed.com/viewjob?jk=9b4b2ee3b5804c0a,"","2026-04-30"
0,"","Developer Technology Engineer","Intel Corporation","Remote","","$201,580 - $284,580 (yearly)",jobspy_indeed,https://www.indeed.com/viewjob?jk=5a316d76c6a0f6e2,"","2026-04-30"
0,"","Automation Engineer IV","Availity, LLC.","Remote","","",jobspy_indeed,https://www.indeed.com/viewjob?jk=d244a69b09ab409c,"","2026-04-30"
0,"","Lead Product Designer","Everyday Speech","Remote","","$156,900 - $173,900 (yearly)",jobspy_indeed,https://www.indeed.com/viewjob?jk=086ca4dbb61b947e,"","2026-04-30"
0,"","Engineer III, Cyber Threat Hunter","College Board","Remote","","$128,000 - $139,000 (yearly)",jobspy_indeed,https://www.indeed.com/viewjob?jk=37e48c9a77f06365,"","2026-04-30"
0,"","Lead Engineer","College Board","Remote","","$168,000 - $183,000 (yearly)",jobspy_indeed,https://www.indeed.com/viewjob?jk=9b6bdbb2be255f19,"","2026-04-30"
0,"","Senior Engineering Director, Workforce Identity Access Manager","College Board","Remote","","$170,000 - $195,000 (yearly)",jobspy_indeed,https://www.indeed.com/viewjob?jk=c37a6e61ecf94738,"","2026-04-30"
0,"","Sr. Software Engineer- C++","Arthrex","Remote","","",jobspy_indeed,https://www.indeed.com/viewjob?jk=4357a967d0d2fc09,"","2026-04-30"
0,"","Customer Success Engineer II - Field Integration & Exercise Support","NexTech Solutions LLC","Remote","","$150,000 - $175,000 (yearly)",jobspy_indeed,https://www.indeed.com/viewjob?jk=89559a831b4711d6,"","2026-04-30"
0,"","Simulation Software Engineer I","Hire Henry","Remote","","$20 - $25 (hourly)",jobspy_indeed,https://www.indeed.com/viewjob?jk=b006c9425a9e6529,"","2026-04-30"
0,"","Senior Regional Sales Manager - Midwest","Genea Energy Partners","Remote","","$150,000 - $244,000 (yearly)",jobspy_indeed,https://www.indeed.com/viewjob?jk=53d43ee36ee6cc0a,"","2026-04-30"
0,"","Media, Bias and Algorithms Reporter","STRAIGHT ARROW","Remote","","$90,000 - $120,000 (yearly)",jobspy_indeed,https://www.indeed.com/viewjob?jk=1df8b5b3634bb3c8,"","2026-03-17"
0,"","Manager, Reg Clinical Growth","Lincare","Chicago, Illinois","","",jobspy_indeed,https://www.indeed.com/viewjob?jk=a9ccbdf575e55ca0,"","2026-05-04"
0,"","Rehabilitation Technician - Stretch Therapist","StretchLab - West Loop","Chicago, Illinois","","",jobspy_indeed,https://www.indeed.com/viewjob?jk=3b4d2cc38ac92f81,"","2026-05-03"
0,"","Exercise Specialist - Stretch Therapist","StretchLab - West Loop","Chicago, Illinois","","",jobspy_indeed,https://www.indeed.com/viewjob?jk=bc02a5763cf9510d,"","2026-05-02"
0,"","Senior Mechanical Commissioning Consultant","Kimley-Horn","Chicago, Illinois","","$115,000 - $180,000 (yearly)",jobspy_indeed,https://www.indeed.com/viewjob?jk=6c87fe14a8a38070,"","2026-05-01"
0,"","Senior Electrical Commissioning Consultant","Kimley-Horn","Chicago, Illinois","","$115,000 - $180,000 (yearly)",jobspy_indeed,https://www.indeed.com/viewjob?jk=15fe9f0ac120b21c,"","2026-05-01"
0,"","Center Clinical Manager","ChenMed","Chicago, Illinois","","$54,358 - $77,655 (yearly)",jobspy_indeed,https://www.indeed.com/viewjob?jk=e4e51d61b7fa63d4,"","2026-05-01"
0,"","Part Time Receptionist - Countryside Veterinary Clinic","Countryside Veterinary Clinic","Chicago, Illinois","","$18 - $20 (hourly)",jobspy_indeed,https://www.indeed.com/viewjob?jk=537d7858e29d2f57,"","2026-05-01"
0,"","CNC Machining Technician — Precision Turning & Milling","Ingersoll-Rand","Chicago, Illinois","","$23 - $31 (hourly)",jobspy_indeed,https://www.indeed.com/viewjob?jk=3a14626ee14b0066,"","2026-05-01"
0,"","Wellness Coordinator","Belmont Village Geneva Road","Chicago, Illinois","","$37 - $38 (hourly)",jobspy_indeed,https://www.indeed.com/viewjob?jk=e64e9d2a93f6c14b,"","2026-05-01"
0,"","After School Registered Behavior Technician (RBT) - 5960 N Milwaukee Ave, Chicago, IL","The Place for Children with Autism","Chicago, Illinois","","$17 - $24 (hourly)",jobspy_indeed,https://www.indeed.com/viewjob?jk=68fd1fc6fc09916b,"","2026-04-30"
0,"","Injection Molding Maintenance Technologist","Ingersoll-Rand","Chicago, Illinois","","$25 - $35 (hourly)",jobspy_indeed,https://www.indeed.com/viewjob?jk=3fd79fb06a9f099a,"","2026-04-30"
0,"","Collision Center General Manager","Crash Champions Collision Repair Team","Chicago, Illinois","","$75,000 - $145,650 (yearly)",jobspy_indeed,https://www.indeed.com/viewjob?jk=37dd7640b2e4c2e9,"","2026-04-29"
0,"","Maintenance Tech II","TD SYNNEX","Chicago, Illinois","","$26 - $30 (hourly)",jobspy_indeed,https://www.indeed.com/viewjob?jk=c5513182a19e069f,"","2026-04-29"
0,"","Wildlife Nuisance Technician","Smithereen Pest Management","Chicago, Illinois","","$20 - $22 (hourly)",jobspy_indeed,https://www.indeed.com/viewjob?jk=a735c894607bfe34,"","2026-04-29"
0,"","Veterinary Assistant","BARRINGTON SQUARE ANIMAL HOSPITAL","Chicago, Illinois","","$20 - $23 (hourly)",jobspy_indeed,https://www.indeed.com/viewjob?jk=cc70b25319ded272,"","2026-04-29"
0,"","Warehouse Cleaning Technician","Citron Hygiene","Chicago, Illinois","","",jobspy_indeed,https://www.indeed.com/viewjob?jk=3700c6f08f33c9b5,"","2026-04-29"
0,"","Training Specialist","Gotion, Inc.","Chicago, Illinois","","$75,000 - $90,000 (yearly)",jobspy_indeed,https://www.indeed.com/viewjob?jk=48560af7a6a64c10,"","2026-04-29"
0,"","E-Bike Mechanic and Service Technician","Four Star Family Cyclery","Chicago, Illinois","","$19 - $25 (hourly)",jobspy_indeed,https://www.indeed.com/viewjob?jk=25509bd70a9a6233,"","2026-04-29"
0,"","Technician I - Clean and Check","Oncourse Home Solutions","Chicago, Illinois","","$19 - $27 (hourly)",jobspy_indeed,https://www.indeed.com/viewjob?jk=262440df75054e12,"","2026-04-29"
0,"","Emergency Veterinarian","Emergency Veterinary Care Center","Chicago, Illinois","","",jobspy_indeed,https://www.indeed.com/viewjob?jk=7e27c433af58efe7,"","2026-04-28"
0,"","Critical Environments (CE) Technical Trainer","Microsoft","Chicago, Illinois","","$76,800 - $168,000 (yearly)",jobspy_indeed,https://www.indeed.com/viewjob?jk=6a264768ba422e65,"","2026-04-20"
0,"","Veterinary Assistant - IM Treatment Room","Schwarzman Animal Medical Center","New York, New York","","$17 - $22 (hourly)",jobspy_indeed,https://www.indeed.com/viewjob?jk=9d84286e3f1bc326,"","2026-05-04"
0,"","RETAIL COMPUTER TECHNICIAN","Micro Center","New York, New York","","$16 - $35 (hourly)",jobspy_indeed,https://www.indeed.com/viewjob?jk=8e1ac8041c8933b4,"","2026-05-04"
0,"","Automotive Service/Shop Manager","nan","New York, New York","","$50,000 - $75,000 (yearly)",jobspy_indeed,https://www.indeed.com/viewjob?jk=77449c25c0e0bb9f,"","2026-05-02"
0,"","Fire Suppression & Hood Systems Foreman — Brooklyn, NY (Full-Time)","RS","New York, New York","","$33 - $45 (hourly)",jobspy_indeed,https://www.indeed.com/viewjob?jk=f898bb9ae21c5c59,"","2026-05-02"
0,"","MEDICAL RECORDS TECHNICIAN (Coder-Outpatient and Inpatient)","US Department of Veterans Affairs","New York, New York","","$52,267 - $71,839 (yearly)",jobspy_indeed,https://www.indeed.com/viewjob?jk=72ea9e0510918f07,"","2026-05-01"
0,"","Phlebotomist - Outpatient Lab","Summit Health","New York, New York","","$17 - $21 (hourly)",jobspy_indeed,https://www.indeed.com/viewjob?jk=74aa636f5cf103d6,"","2026-05-01"
0,"","Behavior Analyst (BCBA)","Autism Learning Partners","New York, New York","","$82,000 - $100,000 (yearly)",jobspy_indeed,https://www.indeed.com/viewjob?jk=56de03dce2ec17f7,"","2026-05-01"
0,"","Surgical Technician (Surg Tech) — Ambulatory Surgery & Procedure Suite","NYC Pain Specialists and Beaute-des-Arts Surgery Center","New York, New York","","$20 - $40 (hourly)",jobspy_indeed,https://www.indeed.com/viewjob?jk=01629b741e4c7c66,"","2026-05-01"
0,"","Concrete Field Technician","Concrete Solutions Laboratory Corp","New York, New York","","$21 - $28 (hourly)",jobspy_indeed,https://www.indeed.com/viewjob?jk=8ec52cdf717f9889,"","2026-05-01"
0,"","Maintenance Technician - 2nd Shift","Precision CastParts","New York, New York","","$23 - $35 (hourly)",jobspy_indeed,https://www.indeed.com/viewjob?jk=c81c99cea89b4539,"","2026-05-01"
0,"","Assistant Operations Manager, Bike Fleet","Motivate","New York, New York","","$66,500 - $69,000 (yearly)",jobspy_indeed,https://www.indeed.com/viewjob?jk=8f49a9bd20a244ed,"","2026-04-30"
0,"","Diesel Technician Apprentice-Paid Training","Republic Services","New York, New York","","",jobspy_indeed,https://www.indeed.com/viewjob?jk=c555ced9f4d562a0,"","2026-04-30"
0,"","Experienced Internal Medicine Veterinary Technician","Eclipse Veterinary Care","New York, New York","","$26 - $36 (hourly)",jobspy_indeed,https://www.indeed.com/viewjob?jk=022c9c445afdd6be,"","2026-04-30"
0,"","Veterinary Technician with Small Animal & Exotics Experience","PetVet Care Centers","New York, New York","","$20 - $24 (hourly)",jobspy_indeed,https://www.indeed.com/viewjob?jk=3a49e7db820eb3a6,"","2026-04-30"
0,"","Nuclear Medicine Technician - Per Diem - Radioligand Therapy","Summit Health","New York, New York","","$46 - $58 (hourly)",jobspy_indeed,https://www.indeed.com/viewjob?jk=340dc437052174b1,"","2026-04-30"
0,"","Part Time Overnight Emergency Veterinarian","PetVet Care Centers","New York, New York","","$200,000 - $225,000 (yearly)",jobspy_indeed,https://www.indeed.com/viewjob?jk=71ad9c8689844622,"","2026-04-30"
0,"","Internal Medicine Veterinarian","PetVet Care Centers","New York, New York","","$150,000 - $200,000 (yearly)",jobspy_indeed,https://www.indeed.com/viewjob?jk=6255c3fc473567ae,"","2026-04-30"
0,"","Medical Records Technician (Coder-Outpatient)","US Department of Veterans Affairs","New York, New York","","$65,855 - $85,608 (yearly)",jobspy_indeed,https://www.indeed.com/viewjob?jk=2616c3b48d3a5764,"","2026-04-30"
0,"","Neurology Sleep Fairfield - Nurse Practitioner (APRN) or Physician Assistant","Hartford HealthCare","New York, New York","","",jobspy_indeed,https://www.indeed.com/viewjob?jk=bdd9c5b787d86bfa,"","2026-04-24"
0,"","Sr. Quantum Applied Scientist, Device and Architecture Theory, AWS Center for Quantum Computing","Amazon Web Services","New York, New York","","$183,800 - $260,000 (yearly)",jobspy_indeed,https://www.indeed.com/viewjob?jk=f440e1ff2c22c668,"","2026-04-14"
0,"","Auto Body Technician","Crash Champions Collision Repair Team","San Francisco, California","","$73,840 - $180,000 (yearly)",jobspy_indeed,https://www.indeed.com/viewjob?jk=4524cdaadf4ffe69,"","2026-05-04"
0,"","Sr. Application Software Engineer (Salesforce)","Super Micro Computer, Inc.","San Francisco, California","","$155,000 - $180,000 (yearly)",jobspy_indeed,https://www.indeed.com/viewjob?jk=0964b60e55fe399c,"","2026-05-02"
0,"","Maintenance Planner II","Calpine","San Francisco, California","","",jobspy_indeed,https://www.indeed.com/viewjob?jk=190ca11d087b6074,"","2026-05-01"
0,"","ABA Clinical Supervisor (Sr. Program Manager) - Spanish","Autism Learning Partners","San Francisco, California","","$35 - $37 (hourly)",jobspy_indeed,https://www.indeed.com/viewjob?jk=7b192dc5d630fd42,"","2026-05-01"
0,"","Behavior Technician","Red House Behavior Resources","San Francisco, California","","$22 - $28 (hourly)",jobspy_indeed,https://www.indeed.com/viewjob?jk=e271157ba855576f,"","2026-05-01"
0,"","Veterinary Assistant - Part Time","PetVet Care Centers","San Francisco, California","","$19 - $28 (hourly)",jobspy_indeed,https://www.indeed.com/viewjob?jk=1ac3de8b9cf30138,"","2026-04-30"
0,"","Health Information Management (HIM) Technician","Gardner Health Services","San Francisco, California","","$21 - $21 (hourly)",jobspy_indeed,https://www.indeed.com/viewjob?jk=edd8d2bf3c1066bf,"","2026-04-30"
0,"","LVN","Belmont Village","San Francisco, California","","",jobspy_indeed,https://www.indeed.com/viewjob?jk=fa3ae18345746414,"","2026-04-30"
0,"","Medication Technician","Belmont Village","San Francisco, California","","",jobspy_indeed,https://www.indeed.com/viewjob?jk=253eb1557a195ec7,"","2026-04-30"
0,"","NDT X-Ray Tech - Lvl 1 - 2nd Shift (Tue - Sat)","Precision CastParts","San Francisco, California","","$26 - $32 (hourly)",jobspy_indeed,https://www.indeed.com/viewjob?jk=5195e28ca47914a5,"","2026-04-29"
0,"","Kennel Assistant","PetVet Care Centers","San Francisco, California","","$18 - $22 (hourly)",jobspy_indeed,https://www.indeed.com/viewjob?jk=1281ae159792f975,"","2026-04-29"
0,"","Emergency Veterinary Nursing Trainer - San Jose, CA","VEG ER for Pets","San Francisco, California","","$27 - $56 (hourly)",jobspy_indeed,https://www.indeed.com/viewjob?jk=c5aa81332e237ffc,"","2026-04-28"
0,"","CPT Certified Phlebotomist/Medical Assistant- Concierge Medicine","Private Medical","San Francisco, California","","",jobspy_indeed,https://www.indeed.com/viewjob?jk=d2ef7e3161a22c28,"","2026-04-28"
0,"","Registered Veterinary Technician","South Park Animal Hospital","San Francisco, California","","$32 - $40 (hourly)",jobspy_indeed,https://www.indeed.com/viewjob?jk=5e0fe65ff63f7f7c,"","2026-04-28"
0,"","Veterinary Assistant","South Park Animal Hospital","San Francisco, California","","$25 - $35 (hourly)",jobspy_indeed,https://www.indeed.com/viewjob?jk=9d9b1b3b1e14adcb,"","2026-04-27"
0,"","HVAC Technician-Fremont","CBRE","San Francisco, California","","$26 - $52 (hourly)",jobspy_indeed,https://www.indeed.com/viewjob?jk=6d09e2479bec4a2d,"","2026-04-24"
0,"","Sr. Quantum Applied Scientist, Device and Architecture Theory, AWS Center for Quantum Computing","Amazon Web Services","San Francisco, California","","$183,800 - $260,000 (yearly)",jobspy_indeed,https://www.indeed.com/viewjob?jk=9ef5c2955d7e8abb,"","2026-04-14"
0,"","UAV Build & Test Technician","nan","San Francisco, California","","$90,000 - $110,000 (yearly)",jobspy_indeed,https://www.indeed.com/viewjob?jk=733a21145c331e66,"","2026-04-01"
0,"","Network Install Technician","Amazon.com","San Francisco, California","","$27 - $56 (hourly)",jobspy_indeed,https://www.indeed.com/viewjob?jk=e2d1234c92561d18,"","2026-01-20"
0,"","Patient Care Technician PHI Float Pool","MultiCare Health System","Seattle, Washington","","$23 - $39 (hourly)",jobspy_indeed,https://www.indeed.com/viewjob?jk=23ad1d5b4a202340,"","2026-04-30"
0,"","Shop Technician","Pape' Machinery Inc","Seattle, Washington","","$29 - $42 (hourly)",jobspy_indeed,https://www.indeed.com/viewjob?jk=4e4cfb26033591b7,"","2026-04-30"
0,"","Sterilization/Records Technician","Ben White Orthodontics","Seattle, Washington","","$20 - $25 (hourly)",jobspy_indeed,https://www.indeed.com/viewjob?jk=c50d9129abdd6376,"","2026-04-29"
0,"","On-site Technology Support Technician","EY","Seattle, Washington","","$46,800 - $96,500 (yearly)",jobspy_indeed,https://www.indeed.com/viewjob?jk=bb7a1f10fc5d9c82,"","2026-04-28"
0,"","Journeyman Shop Technician","Pape' Machinery Inc","Seattle, Washington","","$32 - $50 (hourly)",jobspy_indeed,https://www.indeed.com/viewjob?jk=15c9f28cb3abff73,"","2026-04-28"
0,"","Journeyman Field Technician / Mechanic","Pape' Machinery Inc","Seattle, Washington","","$37 - $55 (hourly)",jobspy_indeed,https://www.indeed.com/viewjob?jk=6f9ba1494bf345d3,"","2026-04-28"
0,"","Senior Managed Services Engineer & Technical Lead","Olympia Computer","Seattle, Washington","","$52,074 - $82,713 (yearly)",jobspy_indeed,https://www.indeed.com/viewjob?jk=4628f1f1a44b0b21,"","2026-04-28"
0,"","Certified Behavior Technician","SpringHealth Behavioral Health and Integrated Care","Seattle, Washington","","$21 - $25 (hourly)",jobspy_indeed,https://www.indeed.com/viewjob?jk=30b8cfa20d18aa8d,"","2026-04-28"
0,"","Maintenance Supervisor- Site Services","Community Roots Housing","Seattle, Washington","","$29 - $32 (hourly)",jobspy_indeed,https://www.indeed.com/viewjob?jk=5256dd3e27e79eee,"","2026-04-28"
0,"","Mental Health Technician (MHT)","Smokey Point Behavioral Hospital","Seattle, Washington","","$19 - $23 (hourly)",jobspy_indeed,https://www.indeed.com/viewjob?jk=1c8d6fcde0eded95,"","2026-04-27"
0,"","Collision Estimator","Crash Champions Collision Repair Team","Seattle, Washington","","$69,615 - $155,000 (yearly)",jobspy_indeed,https://www.indeed.com/viewjob?jk=95b87dbd2bc63380,"","2026-04-27"
0,"","Veterinary Assistant","nan","Seattle, Washington","","$22 - $29 (hourly)",jobspy_indeed,https://www.indeed.com/viewjob?jk=458fd661294f5754,"","2026-04-25"
0,"","Veterinary Receptionist","nan","Seattle, Washington","","$18 - $25 (hourly)",jobspy_indeed,https://www.indeed.com/viewjob?jk=8722b59106708f33,"","2026-04-25"
0,"","Licensed Veterinary Technician","Reber Ranch Veterinary Hospital","Seattle, Washington","","$32 - $35 (hourly)",jobspy_indeed,https://www.indeed.com/viewjob?jk=ac95fee077e10575,"","2026-04-23"
0,"","Infrastructure Technical Program Manager, Global Connectivity Infrastructure Delivery, Fiber Deployment, GCID-FD","Amazon.com","Seattle, Washington","","$127,100 - $171,900 (yearly)",jobspy_indeed,https://www.indeed.com/viewjob?jk=2a92a1cceee8beb0,"","2026-04-22"
0,"","Technical Infrastructure Program Manager, Data Center Planning and Delivery","Amazon.com","Seattle, Washington","","$127,100 - $171,900 (yearly)",jobspy_indeed,https://www.indeed.com/viewjob?jk=1b7c42a077b0f2ab,"","2026-04-03"
0,"","Licensed Veterinary Technician","Seatown Veterinary Care","Seattle, Washington","","$35 - $42 (hourly)",jobspy_indeed,https://www.indeed.com/viewjob?jk=b4c49b4efdafc9a5,"","2026-04-21"
0,"","Veterinary Assistant","Seatown Veterinary Care","Seattle, Washington","","$22 - $26 (hourly)",jobspy_indeed,https://www.indeed.com/viewjob?jk=c6a964d34f686bf0,"","2026-04-21"
0,"","NW Deployment Planner I, GND - Planning, Implementation, Coordination (PIC) Team","Amazon.com","Seattle, Washington","","$30 - $54 (hourly)",jobspy_indeed,https://www.indeed.com/viewjob?jk=a83594082847cacb,"","2026-03-12"
0,"","Registered Behavior Technician (RBT) / Behavior Technician","nan","Boston, Massachusetts","","$22 - $28 (hourly)",jobspy_indeed,https://www.indeed.com/viewjob?jk=1ade9cc6421ae689,"","2026-05-03"
0,"","Small Animal Internist","PetVet Care Centers","Boston, Massachusetts","","$145,000 - $150,000 (yearly)",jobspy_indeed,https://www.indeed.com/viewjob?jk=ab9c0c16b0e20e7f,"","2026-05-01"
0,"","Utility Inspection Technician","Reconn Utility Services","Boston, Massachusetts","","$20 - $22 (hourly)",jobspy_indeed,https://www.indeed.com/viewjob?jk=77a72fdbbff112d8,"","2026-05-01"
0,"","Calibration Technician III","Transcat","Boston, Massachusetts","","",jobspy_indeed,https://www.indeed.com/viewjob?jk=75c28f6f6d6262d4,"","2026-04-30"
0,"","Hospital Manager","nan","Boston, Massachusetts","","$70,000 - $75,000 (yearly)",jobspy_indeed,https://www.indeed.com/viewjob?jk=a1c7807a31a3cba6,"","2026-04-30"
0,"","Certified Veterinary Technician","nan","Boston, Massachusetts","","$29 - $32 (hourly)",jobspy_indeed,https://www.indeed.com/viewjob?jk=9d193a5035872a96,"","2026-04-29"
0,"","Behavior Analyst (BCBA) - Hybrid","Autism Learning Partners","Boston, Massachusetts","","$82,000 - $93,000 (yearly)",jobspy_indeed,https://www.indeed.com/viewjob?jk=ced204b0828bb534,"","2026-04-29"
0,"","Pediatric Registered Dietitian II- Cardiac/PECAN (Part-time) - Temp","Boston Children's Hospital","Boston, Massachusetts","","$44,007 - $70,426 (yearly)",jobspy_indeed,https://www.indeed.com/viewjob?jk=bde46b58f76af332,"","2026-04-29"
0,"","Behavior Technician","ANNA (Allied Network for Neurodevelopmental Advancement)","Boston, Massachusetts","","$24 - $26 (hourly)",jobspy_indeed,https://www.indeed.com/viewjob?jk=739bdbaa2e875811,"","2026-04-28"
0,"","ABA Clinical Supervisor (Program Manager)","Autism Learning Partners","Boston, Massachusetts","","$25 - $29 (hourly)",jobspy_indeed,https://www.indeed.com/viewjob?jk=8841a0b36b358754,"","2026-04-27"
0,"","Engineering Technician, Group Lead","Nova Biomedical","Boston, Massachusetts","","$43 - $47 (hourly)",jobspy_indeed,https://www.indeed.com/viewjob?jk=f060bbe7d612fcca,"","2026-04-06"
0,"","Outpatient Psychiatrist","Resiliency Mind+Body Medicine","Los Angeles, California","","$300,000 - $400,000 (yearly)",jobspy_indeed,https://www.indeed.com/viewjob?jk=6c05e9f3f0d1f35a,"","2026-05-04"
0,"","Behavior Technician (BT) / Registered Behavior Technician (RBT)","Nurture and Nature ABA and Consultation","Los Angeles, California","","$23 - $32 (hourly)",jobspy_indeed,https://www.indeed.com/viewjob?jk=fd170b79dd4abc68,"","2026-05-03"
0,"","Behavior Therapist","Monarch Center for Developmental Services","Los Angeles, California","","$21 - $30 (hourly)",jobspy_indeed,https://www.indeed.com/viewjob?jk=a1f2a4d6628c39a5,"","2026-05-03"
0,"","Ophthalmic Technician - Medical Assistant","Eyeconic Eye Group","Los Angeles, California","","$20 - $25 (hourly)",jobspy_indeed,https://www.indeed.com/viewjob?jk=fdae09af3181ae8e,"","2026-05-02"
0,"","Auto Body Technician Helper","Crash Champions Collision Repair Team","Los Angeles, California","","$43,240 - $100,000 (yearly)",jobspy_indeed,https://www.indeed.com/viewjob?jk=892d4e7f423a9b42,"","2026-05-01"
0,"","Sr. Behavior Analyst (BCBA) - Hybrid","Autism Learning Partners","Los Angeles, California","","$85,000 - $120,000 (yearly)",jobspy_indeed,https://www.indeed.com/viewjob?jk=57513629e05a539f,"","2026-05-01"
0,"","Sr. Program Manager (Sr. PM)","Autism Learning Partners","Los Angeles, California","","$30 - $35 (hourly)",jobspy_indeed,https://www.indeed.com/viewjob?jk=7e3102fa00081256,"","2026-05-01"
0,"","ABA Clinical Supervisor (BCBA Hours)","Autism Learning Partners","Los Angeles, California","","$30 - $35 (hourly)",jobspy_indeed,https://www.indeed.com/viewjob?jk=8a6b39b44dd7dfe8,"","2026-05-01"
0,"","Ophthalmic Technician / Scribe","Retina Consultants of Los Angeles","Los Angeles, California","","$17 - $24 (hourly)",jobspy_indeed,https://www.indeed.com/viewjob?jk=611b0ba8393de945,"","2026-05-01"
0,"","Automotive A Technician","Hyundai Motor Company","Los Angeles, California","","$100,000 - $200,000 (yearly)",jobspy_indeed,https://www.indeed.com/viewjob?jk=5117d76db9b480f5,"","2026-05-01"
0,"","Metrology Electronic Calibration Technician","Moog, Inc","Los Angeles, California","","$28 - $38 (hourly)",jobspy_indeed,https://www.indeed.com/viewjob?jk=4ddf9a7f73977d9f,"","2026-05-01"
0,"","PROGRAM TECHNICIAN II","California State Personnel Board","Los Angeles, California","","$3,833 - $4,804 (monthly)",jobspy_indeed,https://www.indeed.com/viewjob?jk=ad44cc6e6110f026,"","2026-05-01"
0,"","ABA Area Director (BCBA / BCBA-D)","Alora Behavioral Health","Los Angeles, California","","$120,000 - $140,000 (yearly)",jobspy_indeed,https://www.indeed.com/viewjob?jk=9ff04fa307fa68db,"","2026-05-01"
0,"","START Semi Technician (Fall 2026)","Tesla","Los Angeles, California","","",jobspy_indeed,https://www.indeed.com/viewjob?jk=5de428f3e1ff170a,"","2026-05-01"
0,"","Medication Tech","Belmont Village","Los Angeles, California","","",jobspy_indeed,https://www.indeed.com/viewjob?jk=d25a2904606c53f6,"","2026-05-01"
0,"","Behavior Technician (Bachelor's Degree Required)","Coyne & Associates","Los Angeles, California","","$21 - $27 (hourly)",jobspy_indeed,https://www.indeed.com/viewjob?jk=86a2395b19a545f3,"","2026-04-30"
0,"","Kennel Assistant","PetVet Care Centers","Los Angeles, California","","$18 - $20 (hourly)",jobspy_indeed,https://www.indeed.com/viewjob?jk=a21a238483c7657c,"","2026-04-30"
0,"","Collision Estimator","Crash Champions Collision Repair Team","Los Angeles, California","","$69,680 - $155,000 (yearly)",jobspy_indeed,https://www.indeed.com/viewjob?jk=d2d2849ad303c601,"","2026-04-29"
0,"","Medical Assistant- Beverly Hills and Encino","Golden State Dermatology","Los Angeles, California","","$23 - $28 (hourly)",jobspy_indeed,https://www.indeed.com/viewjob?jk=2b79cd97f9ec3be4,"","2026-04-29"
0,"","Sr. Quantum Applied Scientist, Device and Architecture Theory, AWS Center for Quantum Computing","Amazon Web Services","Los Angeles, California","","$183,800 - $260,000 (yearly)",jobspy_indeed,https://www.indeed.com/viewjob?jk=6415078a19ad9cd6,"","2026-04-14"
0,"","Network Install Technician, Infrastructure Delivery","Amazon.com","Washington, DC","","$29 - $52 (hourly)",jobspy_indeed,https://www.indeed.com/viewjob?jk=170a4c44520da1cc,"","2026-01-27"
0,"","Controls Technician, DCC Communities","Amazon.com","Washington, DC","","$61,700 - $138,100 (yearly)",jobspy_indeed,https://www.indeed.com/viewjob?jk=3b3f5354804aeb8b,"","2025-10-29"
0,"","Service Manager","Tire Discounters","United States","","$55,000 - $85,000 (yearly)",jobspy_indeed,https://www.indeed.com/viewjob?jk=3bc7786975bef187,"","2026-05-04"
0,"","Credentialed Veterinary Technician","Palencia Pet Clinic","United States","","$26 - $30 (hourly)",jobspy_indeed,https://www.indeed.com/viewjob?jk=4589dc046b966db4,"","2026-05-04"
0,"","Cleaning Technician","Clean Heart Maids","United States","","$18 - $20 (hourly)",jobspy_indeed,https://www.indeed.com/viewjob?jk=fe90119a3dbab0b4,"","2026-05-04"
0,"","Behavior Technician","ZABA Therapy","United States","","$20 - $25 (hourly)",jobspy_indeed,https://www.indeed.com/viewjob?jk=c5a93cc445bf6778,"","2026-05-04"
0,"","Technician, Maintenance","nan","United States","","$20 - $29 (hourly)",jobspy_indeed,https://www.indeed.com/viewjob?jk=9d8b406f28db0b5e,"","2026-05-04"
0,"","Parts Manager","Crash Champions Collision Repair Team","United States","","$16 - $30 (hourly)",jobspy_indeed,https://www.indeed.com/viewjob?jk=edf6ae8b59c5ec0e,"","2026-04-30"
0,"","Engineering Operations Technician, DCC Communities","Amazon.com","United States","","$36 - $63 (hourly)",jobspy_indeed,https://www.indeed.com/viewjob?jk=46c45c7eea557aa1,"","2026-01-28"
0,"","Data Center Engineering Operations Technician","Amazon.com","United States","","$36 - $63 (hourly)",jobspy_indeed,https://www.indeed.com/viewjob?jk=d6baf3b710e581dc,"","2026-01-27"
0,"","Consultant Pharmacist – Remote Supervision","D.K. Vijapura, M.D.","Remote","","",jobspy_indeed,https://www.indeed.com/viewjob?jk=038860cec6682565,"","2026-05-01"
0,"","Medical Records Technician (Coder In/Out)","US Department of Veterans Affairs","Remote","","$36,409 - $72,644 (yearly)",jobspy_indeed,https://www.indeed.com/viewjob?jk=cfb59ce32e935d93,"","2026-04-28"
0,"","Clinical Business Analyst Lv 2","NYC Health + Hospitals","New York, New York","","$74,288 - $97,000 (yearly)",jobspy_indeed,https://www.indeed.com/viewjob?jk=578027efb0cdf74b,"","2026-04-27"
0,"","Software Programmer","Electroimpact","Seattle, Washington","","$28 - $35 (hourly)",jobspy_indeed,https://www.indeed.com/viewjob?jk=b6b3b96fa9cab69c,"","2026-04-30"
0,"","CNC Programmer & Setter -- Mastercam 2026-- 11-Axis Mill-Turn, Live Tooling","location d'outils GM","Los Angeles, California","","$45 - $55 (hourly)",jobspy_indeed,https://www.indeed.com/viewjob?jk=6890fca0194bda2b,"","2026-04-28"
0,"","Developer Team Lead - Non-Merit","Baltimore County, MD","Washington, DC","","$66 - $86 (hourly)",jobspy_indeed,https://www.indeed.com/viewjob?jk=33fbca15731fe7fc,"","2026-05-01"
0,"","ERP Programmer Analyst","Gorbel Inc","United States","","$71,334 - $117,701 (yearly)",jobspy_indeed,https://www.indeed.com/viewjob?jk=fbaec9b97c97be36,"","2026-05-01"
0,"","Principal Statistical Programmer (US, CAD, UK only)","サイネオス・ヘルス","United States","","",jobspy_indeed,https://www.indeed.com/viewjob?jk=f1dbf2e679cebbf2,"","2026-05-01"
0,"","Analyst/Programmer 5","State of Alaska","United States","","",jobspy_indeed,https://www.indeed.com/viewjob?jk=deb924675a774ec9,"","2026-04-30"
0,"","CNC Programmer","PEP","United States","","$45,000 - $57,000 (yearly)",jobspy_indeed,https://www.indeed.com/viewjob?jk=3dfd32f341b9a08d,"","2026-04-30"
0,"","Senior Programmer Manufacturing Engineer","Allient","United States","","",jobspy_indeed,https://www.indeed.com/viewjob?jk=edd2e49c6cc335da,"","2026-04-30"
0,"","Manufacturing Engineer","nan","United States","","",jobspy_indeed,https://www.indeed.com/viewjob?jk=c76f7907ee327d55,"","2026-05-01"
0,"","Part-Time IT Site Coordinator","nan","United States","","",jobspy_indeed,https://www.indeed.com/viewjob?jk=a1900ac819c9c589,"","2026-05-01"
0,"","Florida Electrical Qualifying Agent Available","nan","United States","","",jobspy_indeed,https://www.indeed.com/viewjob?jk=d5071a93e842fbe2,"","2026-05-02"
0,"","Production Associate- Part Time","nan","United States","","",jobspy_indeed,https://www.indeed.com/viewjob?jk=4c5ebe3b019d9333,"","2026-04-27"
0,"","Carpenter","nan","United States","","",jobspy_indeed,https://www.indeed.com/viewjob?jk=6e995097e41a5ff1,"","2026-04-27"
0,"","Automation Programmer/Operator","The Ruth Theater","United States","","$20 - $28 (hourly)",jobspy_indeed,https://www.indeed.com/viewjob?jk=c093908b23d90c09,"","2026-04-28"
0,"","Industrial Journeyperson Electrician, Automation & Process","Re:Build Manufacturing","United States","","$27 - $55 (hourly)",jobspy_indeed,https://www.indeed.com/viewjob?jk=d68e23b33a5624db,"","2026-04-28"
0,"","Junior PLC Programmer","Serve Electric","United States","","$36 - $48 (hourly)",jobspy_indeed,https://www.indeed.com/viewjob?jk=53e0677ec4b1d2ba,"","2026-04-28"
0,"","Analyst Programmer 2/3/4","State of Alaska","United States","","$30 - $40 (hourly)",jobspy_indeed,https://www.indeed.com/viewjob?jk=22224ea38a12c41d,"","2026-04-27"
0,"","Software Engineer (Stagehand)","nan","San Francisco, California","","",jobspy_indeed,https://www.indeed.com/viewjob?jk=33087ee6c1d3f314,"","2026-04-30"
0,"","Electrode Fabrication Intern (Summer 2026)","nan","San Francisco, California","","",jobspy_indeed,https://www.indeed.com/viewjob?jk=867c8785d7dac10c,"","2026-04-30"
0,"","Stage Hand","Friends Of the Bing","United States","","",jobspy_indeed,https://www.indeed.com/viewjob?jk=bfdccc289a21d613,"","2026-05-02"
0,"","Stagehand - Harrah's Cherokee Center","City of Asheville","United States","","",jobspy_indeed,https://www.indeed.com/viewjob?jk=4304718b1b769547,"","2026-04-29"
0,"","Part-Time Stage Hands","Penn State University","United States","","",jobspy_indeed,https://www.indeed.com/viewjob?jk=45df0105d0a82c4a,"","2026-04-28"
0,"","Stagehand","Spokane Tribe Resort & Casino","United States","","",jobspy_indeed,https://www.indeed.com/viewjob?jk=6f7e73872b8f93be,"","2026-04-28"
0,"","Stagehand | Part-Time | Sandler Center for the Performing Arts","Oak View Group","United States","","",jobspy_indeed,https://www.indeed.com/viewjob?jk=4500f8db720da830,"","2026-04-27"
0,"","Stage Hand - Utah","Upstage Crew Services","United States","","$20 - $25 (hourly)",jobspy_indeed,https://www.indeed.com/viewjob?jk=12b487a22e2a98a3,"","2026-04-01"
0,"","Stage Hand - Arizona - Seasonal","Upstage Crew Services","United States","","",jobspy_indeed,https://www.indeed.com/viewjob?jk=28f507973daede67,"","2026-04-01"
0,"","Integration Technician - Arizona","Upstage Crew Services","United States","","",jobspy_indeed,https://www.indeed.com/viewjob?jk=e7a430ef21a54c54,"","2026-04-01"
0,"","Facilities Maintenance Technician","Viant Medical","Chicago, Illinois","","$21 - $24 (hourly)",jobspy_indeed,https://www.indeed.com/viewjob?jk=67255f70b1fe1ea5,"","2026-05-01"
0,"","Audio Visual Coordinator","The Salvation Army","New York, New York","","$25 - $28 (hourly)",jobspy_indeed,https://www.indeed.com/viewjob?jk=fb1df86f2159b92a,"","2026-05-01"
0,"","Technical Operations Technician 6271432","Logic, Inc.","San Francisco, California","","$39 - $49 (hourly)",jobspy_indeed,https://www.indeed.com/viewjob?jk=d04440e0b8301661,"","2026-05-01"
0,"","Senior IT Event Operations and Executive Support","Unity Technologies","San Francisco, California","","$117,400 - $154,150 (yearly)",jobspy_indeed,https://www.indeed.com/viewjob?jk=ab5e4352407073ea,"","2026-04-28"
0,"","Residence Life Tech Specialist - Amenities","University Of Washington","Seattle, Washington","","",jobspy_indeed,https://www.indeed.com/viewjob?jk=3d081c6a18fdc344,"","2026-04-29"
0,"","Dining Operations Marketing Specialist (Temporary)","University Of Washington","Seattle, Washington","","",jobspy_indeed,https://www.indeed.com/viewjob?jk=866ea7499a818523,"","2026-04-29"
0,"","Security Systems Administrator","Evergreen Fire & Security","Seattle, Washington","","$79,000 - $96,000 (yearly)",jobspy_indeed,https://www.indeed.com/viewjob?jk=a6e26929314dac89,"","2026-04-27"
0,"","Event Producer, Event Productions, Event Productions","Amazon.com","Seattle, Washington","","$82,700 - $129,800 (yearly)",jobspy_indeed,https://www.indeed.com/viewjob?jk=be94b4715854d03c,"","2026-04-21"
0,"","Project Tech, Microelectronics (2nd Shift: 11am - 7:30pm)","Draper","Boston, Massachusetts","","",jobspy_indeed,https://www.indeed.com/viewjob?jk=1cd0e254a4f470c4,"","2026-04-30"
0,"","Quality Control Technician","Philips","Boston, Massachusetts","","$27 - $43 (hourly)",jobspy_indeed,https://www.indeed.com/viewjob?jk=9e70cec207971feb,"","2026-04-30"
0,"","Engineering Manager, Mansfield","Integra LifeSciences","Boston, Massachusetts","","$109,250 - $149,500 (yearly)",jobspy_indeed,https://www.indeed.com/viewjob?jk=efb05bc1c042b29e,"","2026-04-30"
0,"","Engineer Manufacturing","Northrop Grumman","Los Angeles, California","","$83,400 - $125,200 (yearly)",jobspy_indeed,https://www.indeed.com/viewjob?jk=999d212b458ad060,"","2026-04-27"
0,"","Head of Studio and Post Production","STAND TOGETHER","Washington, DC","","",jobspy_indeed,https://www.indeed.com/viewjob?jk=e678af55ce039aed,"","2026-04-30"
0,"","I&E Technician - Dulles, VA","Interstates Companies","Washington, DC","","",jobspy_indeed,https://www.indeed.com/viewjob?jk=558cdfcc6f23ec9b,"","2026-04-29"
0,"","Analyzer Technician","Cenovus Energy","United States","","",jobspy_indeed,https://www.indeed.com/viewjob?jk=89b9a811c6441881,"","2026-05-04"
0,"","P.T. Technician","All American Medical Louisiana","United States","","$12 - $16 (hourly)",jobspy_indeed,https://www.indeed.com/viewjob?jk=0dffbf912a5f8f2c,"","2026-05-03"
0,"","Cloud Platform Developer (Cybersecurity Technical Staff 2/3)","Los Alamos National Laboratory","United States","","$96,600 - $195,400 (yearly)",jobspy_indeed,https://www.indeed.com/viewjob?jk=9f918807512a9051,"","2026-05-02"
0,"","Injection Molding Process Technician - 2nd Shift","Beckman Coulter Life Sciences","United States","","",jobspy_indeed,https://www.indeed.com/viewjob?jk=eb270b1fefb9f827,"","2026-05-01"
0,"","Broadcast Technician","Fox Corporation","United States","","$26 - $27 (hourly)",jobspy_indeed,https://www.indeed.com/viewjob?jk=96889340f36f6274,"","2026-05-01"
0,"","Maintenance Technician","Knowles Corporation","United States","","$25 - $35 (hourly)",jobspy_indeed,https://www.indeed.com/viewjob?jk=cd824a5b60a14d77,"","2026-05-01"
0,"","Entertainment Lead","RWS Global","United States","","",jobspy_indeed,https://www.indeed.com/viewjob?jk=e7b2ca2c8eaf49df,"","2026-05-01"
0,"","Staff Pharmacist - Fulfillment- Express Scripts - Whitestown, IN","The Cigna Group","United States","","",jobspy_indeed,https://www.indeed.com/viewjob?jk=1016b24cf9026337,"","2026-05-01"
0,"","Emergency Veterinarian","BluePearl Pet Hospital","United States","","$160,000 - $220,000 (yearly)",jobspy_indeed,https://www.indeed.com/viewjob?jk=427470c1aacabb32,"","2026-05-01"
0,"","Associate Veterinarian - Burnsville Animal Clinic - Burnsville, MN","WellHaven Pet Health","United States","","$110,000 - $150,000 (yearly)",jobspy_indeed,https://www.indeed.com/viewjob?jk=1b308e32f93067cd,"","2026-05-01"
0,"","Clerk Data Control","CPS Energy","United States","","",jobspy_indeed,https://www.indeed.com/viewjob?jk=a520b6e293f866c7,"","2026-05-01"
0,"","Contents Project Manager","Jenkins Restorations","United States","","$60,000 - $85,000 (yearly)",jobspy_indeed,https://www.indeed.com/viewjob?jk=24b1e473562c3ee9,"","2026-05-01"
0,"","TAX TECHNICIAN III, BOARD OF EQUALIZATION","California State Personnel Board","United States","","$4,246 - $5,319 (monthly)",jobspy_indeed,https://www.indeed.com/viewjob?jk=0ad0a73b6ed02b0a,"","2026-05-01"
0,"","Phlebotomist 3","Octapharma","United States","","",jobspy_indeed,https://www.indeed.com/viewjob?jk=8fe0aedece529639,"","2026-04-20"
0,"","Cell Tower Technician","Utility Core Construction","Chicago, Illinois","","$28 - $45 (hourly)",jobspy_indeed,https://www.indeed.com/viewjob?jk=72ee53a893e37d5c,"","2026-05-01"
0,"","Electronic Technician 2 (Second Shift)","Northrop Grumman","Chicago, Illinois","","$53,500 - $89,100 (yearly)",jobspy_indeed,https://www.indeed.com/viewjob?jk=2ed19cb2e46c0036,"","2026-04-29"
0,"","T Mobile Tiger Team","Wireless Horizon Inc.","Chicago, Illinois","","$23 - $34 (hourly)",jobspy_indeed,https://www.indeed.com/viewjob?jk=e65f81b79cf0a2a0,"","2026-04-28"
0,"","Field Calibration Technician","Tektronix","Chicago, Illinois","","$23 - $43 (hourly)",jobspy_indeed,https://www.indeed.com/viewjob?jk=8b0caf31ce11e810,"","2026-04-09"
0,"","Support Engineer","TTM Technologies","New York, New York","","$68,004 - $113,340 (yearly)",jobspy_indeed,https://www.indeed.com/viewjob?jk=89728b9da4d12b4f,"","2026-05-01"
0,"","ICT Senior Consultant - RF Engineer","Syska Hennessy Group","New York, New York","","$75,083 - $156,718 (yearly)",jobspy_indeed,https://www.indeed.com/viewjob?jk=06e92a4efbbc3070,"","2026-04-30"
0,"","RF/Digital Engineer","Stellant Systems, Inc.","New York, New York","","$95,000 - $115,000 (yearly)",jobspy_indeed,https://www.indeed.com/viewjob?jk=09ee5c8c793137fd,"","2026-04-29"
0,"","Foreman","SQUAN","New York, New York","","",jobspy_indeed,https://www.indeed.com/viewjob?jk=e339db01cd35996f,"","2026-04-29"
0,"","Senior Advanced Engineering Technician","General Dynamics Mission Systems","New York, New York","","$40 - $43 (hourly)",jobspy_indeed,https://www.indeed.com/viewjob?jk=748975baae1e80c7,"","2026-04-28"
0,"","Equipment Maintenance Technician Lead 2nd shift","TTM Technologies","San Francisco, California","","$71,608 - $119,346 (yearly)",jobspy_indeed,https://www.indeed.com/viewjob?jk=04cae63ef6a7c045,"","2026-04-30"
0,"","Equipment Maintenance Technician 1st","TTM Technologies","San Francisco, California","","$58,996 - $93,252 (yearly)",jobspy_indeed,https://www.indeed.com/viewjob?jk=b769005f79f5dd15,"","2026-04-30"
0,"","Quote Technician 1st shift - 90 Day Increase Eligible","TTM Technologies","San Francisco, California","","$49,928 - $78,919 (yearly)",jobspy_indeed,https://www.indeed.com/viewjob?jk=2dd4ca1ea1ae9375,"","2026-04-29"
0,"","Communications Systems Technician III","City of Tacoma","Seattle, Washington","","",jobspy_indeed,https://www.indeed.com/viewjob?jk=ae34d414c540c4af,"","2026-04-30"
0,"","Satellite Test Hardware Engineer, Integrated Vehicle Test Team","Amazon.com","Seattle, Washington","","$129,200 - $174,800 (yearly)",jobspy_indeed,https://www.indeed.com/viewjob?jk=2b1009c0f55b3aff,"","2026-04-29"
0,"","System Development Engineer, GSE Automation, Amazon Leo","Amazon.com","Seattle, Washington","","$129,200 - $174,800 (yearly)",jobspy_indeed,https://www.indeed.com/viewjob?jk=d7c0fa3b4d85012f,"","2026-04-03"
0,"","SAP Procure to Pay Functional, Amazon Leo","Amazon.com","Seattle, Washington","","$129,200 - $174,800 (yearly)",jobspy_indeed,https://www.indeed.com/viewjob?jk=706fd187839adecf,"","2026-02-23"
0,"","Senior Electrical Design & Verification Engineer (DVE), Leo Optical ISL Development","Amazon.com","Seattle, Washington","","$137,300 - $185,700 (yearly)",jobspy_indeed,https://www.indeed.com/viewjob?jk=498521db9070a445,"","2026-04-23"
0,"","Tower Foreman","InfraServices","Boston, Massachusetts","","$30 - $40 (hourly)",jobspy_indeed,https://www.indeed.com/viewjob?jk=afb45521faada42e,"","2026-05-01"
0,"","RF Engineer","GeoLogics Corporation","Boston, Massachusetts","","$64 - $79 (hourly)",jobspy_indeed,https://www.indeed.com/viewjob?jk=6f8b9276d1e202cb,"","2026-05-01"
0,"","Sr. Production Test Engineer - HWIC 3rd Shift - CLEARANCE REQUIRED","Raytheon","Boston, Massachusetts","","$86,800 - $165,200 (yearly)",jobspy_indeed,https://www.indeed.com/viewjob?jk=605916a2f128eb52,"","2026-04-30"
0,"","Sr Electrical Engineer - Test Equipment Maintenance Support","Raytheon","Boston, Massachusetts","","$86,800 - $165,200 (yearly)",jobspy_indeed,https://www.indeed.com/viewjob?jk=296d3e334ef3278c,"","2026-04-28"
0,"","Production Test Engineer II - HWIC 3rd Shift - CLEARANCE REQUIRED","Raytheon","Boston, Massachusetts","","$68,900 - $131,100 (yearly)",jobspy_indeed,https://www.indeed.com/viewjob?jk=4395175630766dba,"","2026-04-30"
0,"","Technician C Electro - Mechanical","Massachusetts Institute of Technology","Boston, Massachusetts","","",jobspy_indeed,https://www.indeed.com/viewjob?jk=a07ebc6e89c3d8c3,"","2026-04-29"
0,"","Radar Hardware Engineer","Umass Lowell","Boston, Massachusetts","","",jobspy_indeed,https://www.indeed.com/viewjob?jk=a883a0ca475b4943,"","2026-04-28"
0,"","Broadband Technician I","Astound","Boston, Massachusetts","","$22 - $24 (hourly)",jobspy_indeed,https://www.indeed.com/viewjob?jk=f45c0f26344fae4a,"","2026-04-28"
0,"","Field Engineer","Structural Components, LLC","Boston, Massachusetts","","$60,000 - $65,000 (yearly)",jobspy_indeed,https://www.indeed.com/viewjob?jk=cec902e7caa51196,"","2026-04-27"
0,"","DAS / ERRCS Service Technician","HCI Systems","Los Angeles, California","","$35 - $45 (hourly)",jobspy_indeed,https://www.indeed.com/viewjob?jk=9416e94dd2b0a4c5,"","2026-05-01"
0,"","DAS Service Technician – SoCal","Communication Technology Services","Los Angeles, California","","$28 - $35 (hourly)",jobspy_indeed,https://www.indeed.com/viewjob?jk=08fecfa06300c03c,"","2026-05-01"
0,"","Senior Electrical Engineer (RF & Modeling)","Modern Government Solutions","Los Angeles, California","","",jobspy_indeed,https://www.indeed.com/viewjob?jk=3885a74889662a9f,"","2026-05-01"
0,"","Senior Engineering Technician","Modern Government Solutions","Los Angeles, California","","",jobspy_indeed,https://www.indeed.com/viewjob?jk=e0f3b9bc280a6cc8,"","2026-05-01"
0,"","Electro-Mechanical Systems Technician","Modern Government Solutions","Los Angeles, California","","",jobspy_indeed,https://www.indeed.com/viewjob?jk=58f0d763d22cc8ba,"","2026-05-01"
0,"","Electrical Systems Technician","Modern Government Solutions","Los Angeles, California","","",jobspy_indeed,https://www.indeed.com/viewjob?jk=914bed0edd894f8c,"","2026-05-01"
0,"","RF Test Technician","Motive Companies","Los Angeles, California","","$26 - $29 (hourly)",jobspy_indeed,https://www.indeed.com/viewjob?jk=c98e1afeb6ce398a,"","2026-05-01"
0,"","DC Assembly-Test Technician Level IV","Maury Microwave Corporation","Los Angeles, California","","$27 - $40 (hourly)",jobspy_indeed,https://www.indeed.com/viewjob?jk=505f1e873cb6c4a8,"","2026-05-01"
0,"","RF Product Technician, EW","Anduril","Los Angeles, California","","$113,000 - $135,000 (yearly)",jobspy_indeed,https://www.indeed.com/viewjob?jk=981f2bff01909f45,"","2026-04-29"
0,"","Antenna Engineer (Automation)","nan","Los Angeles, California","","$105,000 - $135,000 (yearly)",jobspy_indeed,https://www.indeed.com/viewjob?jk=e406046ab4a478f9,"","2026-04-28"
0,"","Senior Electronics Quality Technician I","Motorola Solutions","Los Angeles, California","","$35 - $37 (hourly)",jobspy_indeed,https://www.indeed.com/viewjob?jk=699e022436159940,"","2026-04-28"
0,"","Senior Electronics Quality Technician III","Motorola Solutions","Los Angeles, California","","$41 - $44 (hourly)",jobspy_indeed,https://www.indeed.com/viewjob?jk=42713848ffa11d4a,"","2026-04-28"
0,"","Electronics Quality Technician I","Motorola Solutions","Los Angeles, California","","$26 - $28 (hourly)",jobspy_indeed,https://www.indeed.com/viewjob?jk=68cbcaa759cb4dc0,"","2026-04-28"
0,"","Electronics Quality Technician II","Motorola Solutions","Los Angeles, California","","$29 - $31 (hourly)",jobspy_indeed,https://www.indeed.com/viewjob?jk=9a9221b971bce349,"","2026-04-28"
0,"","RF Test Technician 2nd Shift","Stellant Systems, Inc.","Los Angeles, California","","$31 - $41 (hourly)",jobspy_indeed,https://www.indeed.com/viewjob?jk=25e7f906f6d4701b,"","2026-04-28"
0,"","Experienced Telecom Technicians","InSite Telecom, Inc.","Los Angeles, California","","",jobspy_indeed,https://www.indeed.com/viewjob?jk=d3f0a98f81a83e90,"","2026-04-28"
0,"","Integration & Test Technician","CHAOS Industries","Los Angeles, California","","$30 - $48 (hourly)",jobspy_indeed,https://www.indeed.com/viewjob?jk=b34a008ea33f104f,"","2026-04-28"
0,"","Microwave Radio Technician III","MasTec Communications Group","Los Angeles, California","","$31 - $34 (hourly)",jobspy_indeed,https://www.indeed.com/viewjob?jk=ac776aa152c45e58,"","2026-04-27"
0,"","Microwave Radio Technician III","MasTec Inc","Los Angeles, California","","$31 - $34 (hourly)",jobspy_indeed,https://www.indeed.com/viewjob?jk=e8614505a3d2c558,"","2026-04-27"
0,"","Engineering Technician","Teledyne FLIR","Los Angeles, California","","$45,300 - $60,400 (yearly)",jobspy_indeed,https://www.indeed.com/viewjob?jk=3150787d9f0ab38d,"","2026-04-27"
0,"","Electronic Warfare (EW) Technician","Johns Hopkins University Applied Physics Laboratory","Washington, DC","","$25 - $50 (hourly)",jobspy_indeed,https://www.indeed.com/viewjob?jk=51fb134a53b1d7d8,"","2026-05-01"
0,"","Senior Electrical Design Engineer","nan","Washington, DC","","$175,000 - $225,000 (yearly)",jobspy_indeed,https://www.indeed.com/viewjob?jk=9e1c60633099febf,"","2026-04-30"
0,"","RF Senior Systems Engineer","Lockheed Martin","Washington, DC","","$170,900 - $301,415 (yearly)",jobspy_indeed,https://www.indeed.com/viewjob?jk=15d073bfbb86052d,"","2026-04-29"
0,"","Field Service Technician","Leidos","Washington, DC","","$59,150 - $106,925 (yearly)",jobspy_indeed,https://www.indeed.com/viewjob?jk=251c94c3836eeeff,"","2026-04-27"
0,"","Electrical/Software Engineer","GoHypersonic Incorporated","United States","","$105,000 - $125,000 (yearly)",jobspy_indeed,https://www.indeed.com/viewjob?jk=88f1b82095dacb21,"","2026-05-04"
0,"","Electronic Test Technician","Rex Systems Incorporated","United States","","",jobspy_indeed,https://www.indeed.com/viewjob?jk=6bba846a9ef37f17,"","2026-05-04"
0,"","Tower Climber Technician","Phoenix Telecom Inc","United States","","$17 - $42 (hourly)",jobspy_indeed,https://www.indeed.com/viewjob?jk=d00f1f4aed93de0a,"","2026-05-04"
0,"","Facilities and Maintenance Manager","TTM Technologies","United States","","",jobspy_indeed,https://www.indeed.com/viewjob?jk=f89d227c802686ac,"","2026-05-03"
0,"","Field Communications Technicia","Crosby Energy Services","United States","","",jobspy_indeed,https://www.indeed.com/viewjob?jk=d63b72a77c7e9d99,"","2026-05-02"
0,"","Maintenance Technician - Industrial","Camel Manufacturing","United States","","",jobspy_indeed,https://www.indeed.com/viewjob?jk=f84a51ee19af33d3,"","2026-05-01"
0,"","Field Service Technician I - (Anchorage, AK)","GCI","United States","","",jobspy_indeed,https://www.indeed.com/viewjob?jk=3e8b75e87832bab9,"","2026-05-01"
0,"","Principal Technical Support Engineer","Raytheon","United States","","$107,500 - $204,500 (yearly)",jobspy_indeed,https://www.indeed.com/viewjob?jk=ecb4e8f36660c667,"","2026-05-01"
0,"","Senior Principal Technical Support Engineer","Raytheon","United States","","$132,400 - $251,600 (yearly)",jobspy_indeed,https://www.indeed.com/viewjob?jk=d8260e43e4b55666,"","2026-05-01"
0,"","Electrical Test Technician","Raytheon","United States","","$43,400 - $82,600 (yearly)",jobspy_indeed,https://www.indeed.com/viewjob?jk=3434f749ff6bf4d2,"","2026-05-01"
0,"","Electronics Technician - CAMEL (Onsite)","Collins Aerospace","United States","","$41,400 - $72,600 (yearly)",jobspy_indeed,https://www.indeed.com/viewjob?jk=242b3b13186851c2,"","2026-05-01"
0,"","Engineering Technician IV","JT4","United States","","$67,000 - $75,000 (yearly)",jobspy_indeed,https://www.indeed.com/viewjob?jk=2a766f4663deeb5a,"","2026-05-01"
0,"","Electronic Technician (COMM, FTS & Telemetry)","JT4","United States","","",jobspy_indeed,https://www.indeed.com/viewjob?jk=ca3aad7786407d34,"","2026-05-01"
0,"","Electro-Mechanical Technician","JT4","United States","","",jobspy_indeed,https://www.indeed.com/viewjob?jk=67b06eb0e9d1c541,"","2026-05-01"
0,"","Electronic Technician - RF/RADAR","JT4","United States","","$34 - $41 (hourly)",jobspy_indeed,https://www.indeed.com/viewjob?jk=23ab27198ffd117d,"","2026-05-01"
0,"","Hardware Field Engineer, Tonopah","Arcata Associates, Inc.","United States","","$75,000 - $85,000 (yearly)",jobspy_indeed,https://www.indeed.com/viewjob?jk=85c8b6bd8987070a,"","2026-05-01"
0,"","Product Development Technician","Maybell Quantum Industries","United States","","$32 - $40 (hourly)",jobspy_indeed,https://www.indeed.com/viewjob?jk=bd98ad2ac7c81f36,"","2026-05-01"
0,"","Lab Engineer","Nokia","United States","","",jobspy_indeed,https://www.indeed.com/viewjob?jk=8a1c1aa36a0fb396,"","2026-05-01"
0,"","DAS Service Technician – Houston,TX","Communication Technology Services","United States","","$28 - $35 (hourly)",jobspy_indeed,https://www.indeed.com/viewjob?jk=baeab6f8c20a0e50,"","2026-05-01"
0,"","Receiving Coordinator","MMK Logistics LLC","Chicago, Illinois","","$20 - $21 (hourly)",jobspy_indeed,https://www.indeed.com/viewjob?jk=625d44527677e2aa,"","2026-05-04"
0,"","Inventory Coordinator II - 1st Shift","Thermo Fisher Scientific","Chicago, Illinois","","$14 - $21 (hourly)",jobspy_indeed,https://www.indeed.com/viewjob?jk=6061ee6ad543fd46,"","2026-04-29"
0,"","Shipping & Receiving Associate","IPG","Chicago, Illinois","","$18 - $21 (hourly)",jobspy_indeed,https://www.indeed.com/viewjob?jk=da295f467295d7ce,"","2026-04-28"
0,"","Coordinator of Administrative Services","Research Foundation CUNY","New York, New York","","$59,000 - $62,000 (yearly)",jobspy_indeed,https://www.indeed.com/viewjob?jk=38d23bd508ab382a,"","2026-04-30"
0,"","Warehouse Associate","Diversified","New York, New York","","$19 - $24 (hourly)",jobspy_indeed,https://www.indeed.com/viewjob?jk=3f2f022b1d46ca62,"","2026-04-29"
0,"","Technical Support Specialist (Project Management Analyst 2)","HII","Seattle, Washington","","$63,808 - $80,000 (yearly)",jobspy_indeed,https://www.indeed.com/viewjob?jk=34fd5c2c72f866e4,"","2026-04-28"
0,"","Customer Experience & Digital Marketing Coordinator","RF Venue, Inc.","Boston, Massachusetts","","$60,000 - $70,000 (yearly)",jobspy_indeed,https://www.indeed.com/viewjob?jk=36ddca2e392e1790,"","2026-04-29"
0,"","Evolved Strategic SATCOM (ESS) Sr. Space Systems Lead Payload Engineer","The Aerospace Corporation","Los Angeles, California","","$171,400 - $257,100 (yearly)",jobspy_indeed,https://www.indeed.com/viewjob?jk=bfc28cc894c0e8db,"","2026-04-30"
0,"","RF Signal and Image Processing, Senior Engineering Specialist","The Aerospace Corporation","Washington, DC","","$166,400 - $249,600 (yearly)",jobspy_indeed,https://www.indeed.com/viewjob?jk=d770b34877bf6426,"","2026-04-30"
0,"","Distribution Center Coordinator","market","United States","","$16 - $20 (hourly)",jobspy_indeed,https://www.indeed.com/viewjob?jk=1af7a5652e129ce3,"","2026-05-04"
0,"","DC Coordinator","Campbell's","United States","","",jobspy_indeed,https://www.indeed.com/viewjob?jk=80773b69cb006928,"","2026-05-03"
0,"","Esthetician /Spa Coordinator","oreenterprise","United States","","$16 - $22 (hourly)",jobspy_indeed,https://www.indeed.com/viewjob?jk=d05619b279fef5f3,"","2026-05-02"
0,"","Case Selector - Part Time - Tuesday & Wednesday, 6:00am–4:30pm","Allen Distribution","United States","","",jobspy_indeed,https://www.indeed.com/viewjob?jk=6c8252e46c884262,"","2026-05-02"
0,"","Field Service Engineer (Proton Therapy)- Cincinnati, OH","Siemens Healthineers","United States","","$58,240 - $80,080 (yearly)",jobspy_indeed,https://www.indeed.com/viewjob?jk=f90cd0f4cf896c9a,"","2026-05-01"
0,"","Cherry Picker Operator (Forklift) - Part-Time 1st Shift","Melaleuca","United States","","",jobspy_indeed,https://www.indeed.com/viewjob?jk=a3937d7caf7c3fb6,"","2026-05-01"
0,"","RF Monitor (Wave Coordinator)","Standard Motor Products","United States","","",jobspy_indeed,https://www.indeed.com/viewjob?jk=c380a8580c03d5ec,"","2026-05-01"
0,"","Technical Project Coordinator","TekSynap","United States","","",jobspy_indeed,https://www.indeed.com/viewjob?jk=d58cd7e7c4bed3d8,"","2026-05-01"
0,"","Product Coordinator","Kratos Defense","United States","","$120,000 - $160,000 (yearly)",jobspy_indeed,https://www.indeed.com/viewjob?jk=59e7f108516ece66,"","2026-05-01"
0,"","Traveling Construction Coordinator","Van Meter Inc","United States","","",jobspy_indeed,https://www.indeed.com/viewjob?jk=3d61afefa69cf2ac,"","2026-05-01"
0,"","TEMP MTO Packaging & Distribution Operator - D Shift","CooperCompanies","United States","","$20 - $23 (hourly)",jobspy_indeed,https://www.indeed.com/viewjob?jk=027ae807e41e52fd,"","2026-05-01"
0,"","ISO Coordinator","Smiths Interconnect","United States","","",jobspy_indeed,https://www.indeed.com/viewjob?jk=2f46b6091862b019,"","2026-05-01"
0,"","Inventory Control Coordinator, 1st Shift","Padagis LLC","United States","","",jobspy_indeed,https://www.indeed.com/viewjob?jk=b2692a75c1a1f157,"","2026-05-01"
0,"","Materials Coordinator","Mi Rancho","United States","","",jobspy_indeed,https://www.indeed.com/viewjob?jk=820804d96716569c,"","2026-05-01"
0,"","Front Office Coordinator & Patient Experience Specialist","CRM Aesthetics & Wellness","United States","","$20 - $25 (hourly)",jobspy_indeed,https://www.indeed.com/viewjob?jk=181538f3826f2932,"","2026-05-01"
0,"","Inbound Lead - 1st Shift","Siemens","United States","","",jobspy_indeed,https://www.indeed.com/viewjob?jk=0957f30355475057,"","2026-04-30"
0,"","Warehouse Coordinator","Ryder System","United States","","",jobspy_indeed,https://www.indeed.com/viewjob?jk=6285d0273c7330e3,"","2026-04-30"
0,"","Senior Director, Capture Proposal Excellence","TTM Technologies","Remote","","",jobspy_indeed,https://www.indeed.com/viewjob?jk=e81ffef379b2fc65,"","2026-04-28"
0,"","Install Coordinator","SafelyYou","Remote","","",jobspy_indeed,https://www.indeed.com/viewjob?jk=2f7f10ed4696ed47,"","2026-04-27"
0,"","Sr Live Video Quality Software Engineer","Paramount","New York, New York","","$125,000 - $160,000 (yearly)",jobspy_indeed,https://www.indeed.com/viewjob?jk=5c63eceb815aa1e4,"","2026-05-03"
0,"","Lead Software Engineer (Java) in Test","Paramount","New York, New York","","$124,000 - $170,000 (yearly)",jobspy_indeed,https://www.indeed.com/viewjob?jk=4d3581fcdd51c53d,"","2026-05-01"
0,"","Principal Software Engineer","Paramount Streaming","New York, New York","","$203,000 - $260,000 (yearly)",jobspy_indeed,https://www.indeed.com/viewjob?jk=50edaf5d6f476a5e,"","2026-05-01"
0,"","OTT Test Engineer","Inabia Software & Consulting Inc.","New York, New York","","",jobspy_indeed,https://www.indeed.com/viewjob?jk=0bf77d5bcbe1fcae,"","2026-05-01"
0,"","Sr. Software Engineer","NBCUniversal","New York, New York","","$120,000 - $170,000 (yearly)",jobspy_indeed,https://www.indeed.com/viewjob?jk=a7511ba976ccd562,"","2026-04-29"
0,"","Senior System Software Engineer - Video","NVIDIA","San Francisco, California","","$184,000 - $356,500 (yearly)",jobspy_indeed,https://www.indeed.com/viewjob?jk=d77e8d36b2c7871e,"","2026-04-27"
0,"","Senior Software Engineer - Video","Roblox","San Francisco, California","","$243,290 - $295,250 (yearly)",jobspy_indeed,https://www.indeed.com/viewjob?jk=177ec1bf27d6849b,"","2026-04-27"
0,"","C++ Software Engineer, Amazon Music, App Foundry","Amazon.com","San Francisco, California","","$165,200 - $223,600 (yearly)",jobspy_indeed,https://www.indeed.com/viewjob?jk=12f7bec00ec2306e,"","2026-04-22"
0,"","Senior Design Technologist, Prime Video","Amazon.com","San Francisco, California","","$154,200 - $239,900 (yearly)",jobspy_indeed,https://www.indeed.com/viewjob?jk=9fa673e1c4d7b099,"","2025-11-24"
0,"","Staff Enterprise Application Engineer","GE Vernova","Seattle, Washington","","",jobspy_indeed,https://www.indeed.com/viewjob?jk=9574215835ffb31c,"","2026-04-27"
0,"","Senior Design Technologist, Prime Video","Amazon.com","Seattle, Washington","","$154,200 - $239,900 (yearly)",jobspy_indeed,https://www.indeed.com/viewjob?jk=65e62f944c8a325b,"","2025-11-24"
0,"","Senior Mechanical Engineer","nan","Los Angeles, California","","$110,000 - $125,000 (yearly)",jobspy_indeed,https://www.indeed.com/viewjob?jk=44b860fa8f97ecd6,"","2026-04-28"
0,"","Senior Tracking Software Engineer, Space","Anduril","Los Angeles, California","","$191,000 - $253,000 (yearly)",jobspy_indeed,https://www.indeed.com/viewjob?jk=2a5988abd50a758f,"","2026-04-27"
0,"","Sr. Software Dev Engineer, Production and Post Production Technology","Amazon.com","Los Angeles, California","","$168,100 - $227,400 (yearly)",jobspy_indeed,https://www.indeed.com/viewjob?jk=4ef26199ab161458,"","2026-04-13"
0,"","Sr. Engineer - Safety Analytics, Tools & Databases","nan","Washington, DC","","$125,000 - $200,000 (yearly)",jobspy_indeed,https://www.indeed.com/viewjob?jk=1310a0840225d1d5,"","2026-05-03"
0,"","Human Centered Design Strategist","TriTech Enterprise Systems, Inc.","Washington, DC","","",jobspy_indeed,https://www.indeed.com/viewjob?jk=e52492326a9c7a1c,"","2026-04-29"
0,"","Human Centered Design Strategists","Matrix Systems & Technologies","Washington, DC","","$85,000 - $100,000 (yearly)",jobspy_indeed,https://www.indeed.com/viewjob?jk=983370f34a1ebeef,"","2026-04-29"
0,"","Senior UI Designer -Human-Centered Design – Baltimore, MD","Creative Information Technology India","Washington, DC","","",jobspy_indeed,https://www.indeed.com/viewjob?jk=4530254dc0279427,"","2026-04-28"
0,"","Software Engineer - Visual Productivity","Apple","United States","","",jobspy_indeed,https://www.indeed.com/viewjob?jk=d5201e77ee5dd11f,"","2026-05-04"
0,"","Quality Engineer","Optum","United States","","$72,800 - $130,000 (yearly)",jobspy_indeed,https://www.indeed.com/viewjob?jk=9c03c211a0772a39,"","2026-05-02"
0,"","AirPlay Engineering Investigations Lead","Apple","United States","","$139,500 - $258,100 (yearly)",jobspy_indeed,https://www.indeed.com/viewjob?jk=6bef927409e2ae3f,"","2026-05-02"
0,"","Mobile App Engineering Manager","ＡＮＧＥＬ","United States","","$160,000 - $190,000 (yearly)",jobspy_indeed,https://www.indeed.com/viewjob?jk=7e0a3d019acf017c,"","2026-05-01"
0,"","Senior QA Engineer","ＡＮＧＥＬ","United States","","$99,000 - $115,000 (yearly)",jobspy_indeed,https://www.indeed.com/viewjob?jk=1c2b76d6f47443f2,"","2026-05-01"
0,"","Business Development Manager - Exclusive Brands","ADI Global Distribution","New York, New York","","$65,173 - $138,714 (yearly)",jobspy_indeed,https://www.indeed.com/viewjob?jk=a291c7568f52a39e,"","2026-04-30"
0,"","Senior Low Voltage Foreman","Topaz HR Advisory","New York, New York","","$40 - $50 (hourly)",jobspy_indeed,https://www.indeed.com/viewjob?jk=76ad8bc6357a953c,"","2026-04-27"
0,"","Associate Field Service Technician","Network Right","San Francisco, California","","$55,000 - $65,000 (yearly)",jobspy_indeed,https://www.indeed.com/viewjob?jk=af4e4af0491790b7,"","2026-04-28"
0,"","AV Consultant","Brytesight","United States","","",jobspy_indeed,https://www.indeed.com/viewjob?jk=774d00f1c3f6107b,"","2026-05-01"
0,"","ProAVL Technician","Pierson Computing Connection, inc.","United States","","$20 - $30 (hourly)",jobspy_indeed,https://www.indeed.com/viewjob?jk=b4b378fbd2922899,"","2026-04-30"
0,"","Job Title: Project Coordinator – Digital Signage & AV Operations","Rhombus Services","United States","","",jobspy_indeed,https://www.indeed.com/viewjob?jk=f045e6f8c9933ba7,"","2026-04-30"
0,"","Audio Visual Project Foreman","APG Electric, Inc.","United States","","",jobspy_indeed,https://www.indeed.com/viewjob?jk=34bf00372ff1f124,"","2026-04-30"
0,"","Audio Visual Project Foreman","Kelso Industries","United States","","",jobspy_indeed,https://www.indeed.com/viewjob?jk=84c0d5a3dba9dbf0,"","2026-04-30"
0,"","Low Voltage Cable & Technology Installer","Blue Fox Group","United States","","$27 - $33 (hourly)",jobspy_indeed,https://www.indeed.com/viewjob?jk=b0abac93ce6eebf0,"","2026-04-30"
0,"","AV Technician/Installer","Vox Audio Visual","United States","","",jobspy_indeed,https://www.indeed.com/viewjob?jk=49fa8627b417fd06,"","2026-04-29"
0,"","Installer/Technician","Central Technologies, Inc.","United States","","$18 - $26 (hourly)",jobspy_indeed,https://www.indeed.com/viewjob?jk=30e6f7783664c7c7,"","2026-04-29"
0,"","Audio Visual Lead Technician","Focus Audio Visual","United States","","$25 - $35 (hourly)",jobspy_indeed,https://www.indeed.com/viewjob?jk=aed8f803d9cbafc2,"","2026-04-29"
0,"","Installer","Instrata Technologies, LLC.","United States","","",jobspy_indeed,https://www.indeed.com/viewjob?jk=1452ea2bb2e1d43a,"","2026-04-28"
0,"","Sr Account Manager - Pro AV","ADI Global Distribution","United States","","$65,173 - $110,971 (yearly)",jobspy_indeed,https://www.indeed.com/viewjob?jk=3945f3f2b3ee752d,"","2026-04-28"
0,"","Level 3 Installer: Lead AV Systems Integrator","Audio Video Experts","United States","","$32 - $40 (hourly)",jobspy_indeed,https://www.indeed.com/viewjob?jk=88ebef6f565fc5d8,"","2026-04-28"
0,"","Level 1 Installer: AV Technician","Audio Video Experts","United States","","$20 - $25 (hourly)",jobspy_indeed,https://www.indeed.com/viewjob?jk=92149602ed0bd1ed,"","2026-04-28"
0,"","Level 2 Installer: Integrated Systems Technician","Audio Video Experts","United States","","$25 - $32 (hourly)",jobspy_indeed,https://www.indeed.com/viewjob?jk=8c2c665be76a1f3b,"","2026-04-28"
0,"","Home Theater Installer","Summit Sound & Security, Ltd.","United States","","$18 - $35 (hourly)",jobspy_indeed,https://www.indeed.com/viewjob?jk=1b3d60cdbd7be747,"","2026-04-28"
0,"","Project Coordinator","Visual Sound Inc","United States","","",jobspy_indeed,https://www.indeed.com/viewjob?jk=a49de7274562726e,"","2026-04-27"
0,"","Audio Video Technician/Installer","Taiv","United States","","$22 - $32 (hourly)",jobspy_indeed,https://www.indeed.com/viewjob?jk=d9f85786e844b0a7,"","2026-04-27"
0,"","Regional Service Manager","Socomec, Inc.","Chicago, Illinois","","$100,000 - $125,000 (yearly)",jobspy_indeed,https://www.indeed.com/viewjob?jk=114eb99e5855e875,"","2026-05-04"
0,"","Experienced Automotive / RV / HVAC - DC Wiring Technician — Volo, IL","nan","Chicago, Illinois","","$35 - $45 (hourly)",jobspy_indeed,https://www.indeed.com/viewjob?jk=8c22b05b6a9627f1,"","2026-05-03"
0,"","Security Systems Technician (CCTV / Access Control / Low Voltage)","Abstrakt Marketing Group","Chicago, Illinois","","$26 - $46 (hourly)",jobspy_indeed,https://www.indeed.com/viewjob?jk=f2359d5fb5e9700a,"","2026-05-02"
0,"","Field Service Technician","AB Graphic International","Chicago, Illinois","","$60,000 - $90,000 (yearly)",jobspy_indeed,https://www.indeed.com/viewjob?jk=c1ac0e8dc7333a5b,"","2026-05-01"
0,"","Field Service Tech FSR2","nan","Chicago, Illinois","","",jobspy_indeed,https://www.indeed.com/viewjob?jk=4b566098243aa007,"","2026-04-30"
0,"","Low- Voltage Installation Technician","Alarm Detection Systems","Chicago, Illinois","","$23 - $28 (hourly)",jobspy_indeed,https://www.indeed.com/viewjob?jk=580741e0c66bc217,"","2026-04-30"
0,"","Field Service Technician USA","A B Graphic International","Chicago, Illinois","","$60,000 - $90,000 (yearly)",jobspy_indeed,https://www.indeed.com/viewjob?jk=9685440bfb4058dd,"","2026-04-30"
0,"","Low Voltage Technician","Ozinga","Chicago, Illinois","","$44,380 - $50,000 (yearly)",jobspy_indeed,https://www.indeed.com/viewjob?jk=7e5eac494993eb01,"","2026-04-29"
0,"","Traveling Install Technician - CCTV & Access Control (Chicago)","Tec-Tel Communications","Chicago, Illinois","","$25 - $40 (hourly)",jobspy_indeed,https://www.indeed.com/viewjob?jk=15cd7e41fa2f99bd,"","2026-04-29"
0,"","Security Alarm Technician Level II","Active Security","Chicago, Illinois","","$24 - $30 (hourly)",jobspy_indeed,https://www.indeed.com/viewjob?jk=db7172bd0a53e170,"","2026-04-29"
0,"","Sr. Field Service Technician","SDI Presence","Chicago, Illinois","","$28 - $33 (hourly)",jobspy_indeed,https://www.indeed.com/viewjob?jk=b8633e982e54754e,"","2026-04-28"
0,"","Field Service Power Generation Technician","Cummins","Chicago, Illinois","","$34 - $39 (hourly)",jobspy_indeed,https://www.indeed.com/viewjob?jk=5c58926aed59789d,"","2026-04-28"
0,"","Locksmith","Waukegan Safe&Lock","Chicago, Illinois","","",jobspy_indeed,https://www.indeed.com/viewjob?jk=352ac1dd265c4c1e,"","2026-04-28"
0,"","Field Service Technician FSR3","nan","New York, New York","","$90,000 - $140,000 (yearly)",jobspy_indeed,https://www.indeed.com/viewjob?jk=9ac1b1858d82f65b,"","2026-05-04"
0,"","NJ Licensed Locksmith Qualifier / Technical Supervisor – Part-Time Retainer","OpSec Consulting","New York, New York","","$1,000 - $5,000 (monthly)",jobspy_indeed,https://www.indeed.com/viewjob?jk=28da7be71ab8ba73,"","2026-05-03"
0,"","Industrial Maintenance Mechanic","Weirton Scrap Processing LLC","New York, New York","","",jobspy_indeed,https://www.indeed.com/viewjob?jk=eae6f40df3e7b0b2,"","2026-05-01"
0,"","Security Lead Technician","Total Security Integrated Systems","New York, New York","","",jobspy_indeed,https://www.indeed.com/viewjob?jk=1c25d4883b59727c,"","2026-05-01"
0,"","Virtual Reality Gaming Technician/Operator","Play Inn","New York, New York","","$18 - $25 (hourly)",jobspy_indeed,https://www.indeed.com/viewjob?jk=16a3342745486100,"","2026-04-30"
0,"","Licensed Fire Alarm Installation Technician","Wachter","New York, New York","","$30 - $50 (hourly)",jobspy_indeed,https://www.indeed.com/viewjob?jk=af1bec39be59d98e,"","2026-04-30"
0,"","Electrical and Instrument Technician","Reworld","New York, New York","","$82,900 - $110,400 (yearly)",jobspy_indeed,https://www.indeed.com/viewjob?jk=9ca01a56d31690fd,"","2026-04-30"
0,"","Security Senior Service Technician","Allied Universal Technology Services","New York, New York","","$35 - $50 (hourly)",jobspy_indeed,https://www.indeed.com/viewjob?jk=a9e45faaa2c9f6cc,"","2026-04-30"
0,"","HVAC Technician, Installer, Jr. Mechanic & Helper","Blue Sky Mechanical Inc.","New York, New York","","$25 - $50 (hourly)",jobspy_indeed,https://www.indeed.com/viewjob?jk=bf06d6c7fd92a73a,"","2026-04-29"
0,"","Low Voltage Technician","Younity","New York, New York","","$90,000 - $145,000 (yearly)",jobspy_indeed,https://www.indeed.com/viewjob?jk=6f184913d3fdb60d,"","2026-04-29"
0,"","Low Voltage Technician/Installer","Distinctive Voice and Data LLC","New York, New York","","$20 - $30 (hourly)",jobspy_indeed,https://www.indeed.com/viewjob?jk=f0062bd9d137c084,"","2026-04-29"
0,"","Electrical/plumbing residential homes","BBB HVAC","New York, New York","","$29 - $45 (hourly)",jobspy_indeed,https://www.indeed.com/viewjob?jk=85bd519a1b6790ad,"","2026-04-29"
0,"","Mechanical Installation Field Supervisor","Parkplus","New York, New York","","$45 - $50 (hourly)",jobspy_indeed,https://www.indeed.com/viewjob?jk=7b701081e3799432,"","2026-04-29"
0,"","Low Voltage Technician","EquipmentShare","New York, New York","","$20 - $30 (hourly)",jobspy_indeed,https://www.indeed.com/viewjob?jk=0a10a2fe90f685b5,"","2026-04-28"
0,"","GE Service Engineer","Cardiac Imaging, Inc.","New York, New York","","$110,000 - $120,000 (yearly)",jobspy_indeed,https://www.indeed.com/viewjob?jk=b96730c8fa2d62ed,"","2026-04-28"
0,"","Metering Technician","Veolia","New York, New York","","$29 - $33 (hourly)",jobspy_indeed,https://www.indeed.com/viewjob?jk=7a0997b8fe4c04f7,"","2026-04-27"
0,"","Electronic Security Service Technician (Resident / Embedded)","nan","San Francisco, California","","$110,000 - $175,000 (yearly)",jobspy_indeed,https://www.indeed.com/viewjob?jk=3a12ed69834041c9,"","2026-05-04"
0,"","Access Control Technician","Concord Locksmith","San Francisco, California","","$65,000 - $85,000 (yearly)",jobspy_indeed,https://www.indeed.com/viewjob?jk=908c7da7701631db,"","2026-05-01"
0,"","Technician III","Schneider Electric","San Francisco, California","","",jobspy_indeed,https://www.indeed.com/viewjob?jk=10d3667852926130,"","2026-04-30"
0,"","Access Control Low voltage Locksmith Technician","B&B Locksmith and Security Inc","San Francisco, California","","$75,000 - $95,000 (yearly)",jobspy_indeed,https://www.indeed.com/viewjob?jk=41e55806cef940b2,"","2026-04-30"
0,"","Service Technician","Norman S. Wright","San Francisco, California","","$56,000 - $62,000 (yearly)",jobspy_indeed,https://www.indeed.com/viewjob?jk=1e91caece23b0077,"","2026-04-30"
0,"","Field Service Technician -Training Provided (Low Voltage Preferred)","Dave's Lock Service","San Francisco, California","","$25 - $32 (hourly)",jobspy_indeed,https://www.indeed.com/viewjob?jk=612a11951fdac8f6,"","2026-04-29"
0,"","Senior Security Systems Install/Service Technician and Programmer","Microbiz Security Company","San Francisco, California","","$30 - $45 (hourly)",jobspy_indeed,https://www.indeed.com/viewjob?jk=a8859940a430b3cb,"","2026-04-28"
0,"","Preaction and Sprinkler Inspection Technician","HCI Systems","San Francisco, California","","$40 - $45 (hourly)",jobspy_indeed,https://www.indeed.com/viewjob?jk=b721c9bc5ddadb08,"","2026-04-27"
0,"","Maintenance Technician 3 - Broadway Plaza","Nordstrom","San Francisco, California","","$33 - $54 (hourly)",jobspy_indeed,https://www.indeed.com/viewjob?jk=1b2bc0664a7caad5,"","2026-04-10"
0,"","FACILITIES TECHNICIAN III-DETENTION (OPEN TO TEAMSTERS ONLY)","Snohomish County","Seattle, Washington","","$69,551 - $84,519 (yearly)",jobspy_indeed,https://www.indeed.com/viewjob?jk=fb161557fb15e00c,"","2026-05-01"
0,"","Seattle - EV Charger - Field Service Technician","Alpitronic","Seattle, Washington","","$26 - $32 (hourly)",jobspy_indeed,https://www.indeed.com/viewjob?jk=9eb094235c5ae5d3,"","2026-05-01"
0,"","Maintenance Technician 2 - Downtown Seattle Rack","Nordstrom","Seattle, Washington","","$23 - $41 (hourly)",jobspy_indeed,https://www.indeed.com/viewjob?jk=d1791d891609e2ac,"","2026-05-01"
0,"","Maintenance Technician 2 - Southcenter","Nordstrom","Seattle, Washington","","$23 - $41 (hourly)",jobspy_indeed,https://www.indeed.com/viewjob?jk=6ff951083a7bfd7d,"","2026-05-01"
0,"","Low Voltage Cable Technician (Installation & Maintenance)","Signal-Cable Incorporate","Seattle, Washington","","$75,000 - $90,000 (yearly)",jobspy_indeed,https://www.indeed.com/viewjob?jk=c8a15ea5655b0301,"","2026-05-01"
0,"","Controls Systems Technician","Johnson Controls","Seattle, Washington","","$24 - $33 (hourly)",jobspy_indeed,https://www.indeed.com/viewjob?jk=9c12e9dc0a036411,"","2026-04-30"
0,"","HVAC Installer","Elevation Heating & Cooling","Seattle, Washington","","$25 - $40 (hourly)",jobspy_indeed,https://www.indeed.com/viewjob?jk=2b7e505f114b7ac6,"","2026-04-29"
0,"","HVAC Install Helpers","South West Plumbing, Heating, Air & Electric","Seattle, Washington","","$22 - $25 (hourly)",jobspy_indeed,https://www.indeed.com/viewjob?jk=36bc3df0776af8dc,"","2026-04-29"
0,"","Traveling Electronic Security Systems Technician","Evergreen Fire & Security","Seattle, Washington","","$30 - $45 (hourly)",jobspy_indeed,https://www.indeed.com/viewjob?jk=f0a7f0f833bc2f5f,"","2026-04-28"
0,"","Maintenance Supervisor","PINNACLE INTERNATIONAL","Seattle, Washington","","",jobspy_indeed,https://www.indeed.com/viewjob?jk=5c7e3454a9b47ea4,"","2026-04-27"
0,"","Refrigeration Technician","Abstrakt Marketing Group","Boston, Massachusetts","","$50 - $55 (hourly)",jobspy_indeed,https://www.indeed.com/viewjob?jk=e4b0c765353a7411,"","2026-05-01"
0,"","Instrument Technician","Bedrossian Music","Boston, Massachusetts","","$18 - $20 (hourly)",jobspy_indeed,https://www.indeed.com/viewjob?jk=4550ebdd5053159d,"","2026-05-01"
0,"","Fire Alarm Apprentice","Relay Fire and Safety","Boston, Massachusetts","","$20 - $25 (hourly)",jobspy_indeed,https://www.indeed.com/viewjob?jk=81904badad71a855,"","2026-05-01"
0,"","Experienced Low Voltage Technician (Minimum 3 -5 years)","OpSec Consulting","Boston, Massachusetts","","$28 - $45 (hourly)",jobspy_indeed,https://www.indeed.com/viewjob?jk=e0b3c3f7a83431a2,"","2026-04-30"
0,"","Security Low Voltage Technician","The General Hospital Corporation","Boston, Massachusetts","","$31 - $47 (hourly)",jobspy_indeed,https://www.indeed.com/viewjob?jk=a85141396e2be51b,"","2026-04-30"
0,"","Maintenance Technician III","Highline Warren","Boston, Massachusetts","","",jobspy_indeed,https://www.indeed.com/viewjob?jk=4d46c0717635bbb5,"","2026-04-29"
0,"","Facilities Technician","Alcami","Boston, Massachusetts","","$21 - $25 (hourly)",jobspy_indeed,https://www.indeed.com/viewjob?jk=496d573efffa6eed,"","2026-04-28"
0,"","Security Service Technician","Pavion","Boston, Massachusetts","","",jobspy_indeed,https://www.indeed.com/viewjob?jk=4185dae2bbb04fab,"","2026-04-28"
0,"","Security Installation Technician II","Allied Universal Technology Services","Boston, Massachusetts","","$38 - $42 (hourly)",jobspy_indeed,https://www.indeed.com/viewjob?jk=fedaed812050fdb1,"","2026-04-27"
0,"","Security Installation Technician III","Allied Universal Technology Services","Boston, Massachusetts","","$42 - $50 (hourly)",jobspy_indeed,https://www.indeed.com/viewjob?jk=90ed0152886a6036,"","2026-04-27"
0,"","Cable Technician","North Cable USA","Boston, Massachusetts","","$2,300 - $3,700 (weekly)",jobspy_indeed,https://www.indeed.com/viewjob?jk=0b5de22bf5eba325,"","2026-04-27"
0,"","Field Installation & Service Technician - CCTV","Wireless CCTV LLC","Los Angeles, California","","$24 - $25 (hourly)",jobspy_indeed,https://www.indeed.com/viewjob?jk=1fb83f9fb20f1b62,"","2026-05-04"
0,"","Field Service Technician","Socomec, Inc.","Los Angeles, California","","$75,000 - $80,000 (yearly)",jobspy_indeed,https://www.indeed.com/viewjob?jk=f28992f36737e924,"","2026-05-01"
0,"","Field Service Technician | Full-time","65 W Easy Street","Los Angeles, California","","$70,000 - $100,000 (yearly)",jobspy_indeed,https://www.indeed.com/viewjob?jk=65b07341b509580f,"","2026-05-01"
0,"","Maintenance Technician 2 - The Shops at Mission Viejo","Nordstrom","Los Angeles, California","","$23 - $41 (hourly)",jobspy_indeed,https://www.indeed.com/viewjob?jk=14f9c0fdaca71116,"","2026-04-30"
0,"","Lead Low Voltage CCTV & Access Control Technician","High-Tech Security","Los Angeles, California","","",jobspy_indeed,https://www.indeed.com/viewjob?jk=8a4c2ad7df986458,"","2026-04-30"
0,"","Maintenance Technician / Electrician","Eibach Inc","Los Angeles, California","","$25 - $35 (hourly)",jobspy_indeed,https://www.indeed.com/viewjob?jk=b18a419c2518fea6,"","2026-04-30"
0,"","Manufacturing Maintenance Manager","People's California","Los Angeles, California","","$100,000 - $135,000 (yearly)",jobspy_indeed,https://www.indeed.com/viewjob?jk=4a91144b7ccfcf70,"","2026-04-30"
0,"","Field Service Technician (Access Control) Los Angeles Metro Area","Parabit Systems","Los Angeles, California","","$25 - $33 (hourly)",jobspy_indeed,https://www.indeed.com/viewjob?jk=02a34b4e13203e5b,"","2026-04-30"
0,"","Service Technician I","nan","Los Angeles, California","","$32 - $45 (hourly)",jobspy_indeed,https://www.indeed.com/viewjob?jk=d214e1646126ff30,"","2026-04-29"
0,"","Fire Systems Inspector Level II","Fortis Fire & Safety Inc","Los Angeles, California","","$28 - $30 (hourly)",jobspy_indeed,https://www.indeed.com/viewjob?jk=f2008d5dcb84d16d,"","2026-04-29"
0,"","Access Control and CCTV Technician/Installer","Crimson IT","Los Angeles, California","","$45,000 - $55,000 (yearly)",jobspy_indeed,https://www.indeed.com/viewjob?jk=81fd87e5d40d56df,"","2026-04-28"
0,"","Field Avionics Technician IV","General Atomics","Los Angeles, California","","$87,070 - $132,963 (yearly)",jobspy_indeed,https://www.indeed.com/viewjob?jk=24f1158cdb0d97c3,"","2026-04-28"
0,"","Lead Low Voltage Technician","Endless Communications","Los Angeles, California","","$30 - $35 (hourly)",jobspy_indeed,https://www.indeed.com/viewjob?jk=1e649dc65576e6b7,"","2026-04-28"
0,"","Security Installer/Technician","Superior Alarm Systems","Los Angeles, California","","",jobspy_indeed,https://www.indeed.com/viewjob?jk=b5e0b72b7c9d4133,"","2026-04-27"
0,"","Fire Life Safety Installer/Technician","Superior Alarm Systems","Los Angeles, California","","",jobspy_indeed,https://www.indeed.com/viewjob?jk=de88089204455f7f,"","2026-04-27"
0,"","Mobile Upfitting Specialist Lead","Day Wireless","Los Angeles, California","","$30 - $40 (hourly)",jobspy_indeed,https://www.indeed.com/viewjob?jk=fa98cb040e999d6a,"","2026-04-21"
0,"","Controls Technician, Data Center Capacity Delivery","Amazon.com","Washington, DC","","$32 - $57 (hourly)",jobspy_indeed,https://www.indeed.com/viewjob?jk=e0734bb4ca176cc3,"","2026-03-13"
0,"","Machine Technician","Spectrum Operating Solutions","United States","","$25 - $27 (hourly)",jobspy_indeed,https://www.indeed.com/viewjob?jk=2f2e2605462ec47d,"","2026-05-04"
0,"","D/I Injector Machine Maintenance - 3rd Shift","Astemo","United States","","",jobspy_indeed,https://www.indeed.com/viewjob?jk=8d1377f108452ee1,"","2026-05-04"
0,"","Maintenance Technician for 2nd Shift","Crusts Unlimited","United States","","$25 - $35 (hourly)",jobspy_indeed,https://www.indeed.com/viewjob?jk=ea96020a11727416,"","2026-05-04"
0,"","Low Voltage Lead Technician (Independent Installer)","Backbone Cabling","United States","","$28 - $40 (hourly)",jobspy_indeed,https://www.indeed.com/viewjob?jk=2424689f8acc1789,"","2026-05-04"
0,"","Industrial Maintenance Technician III 2nd Shift","Cornerstone Building Brands","United States","","",jobspy_indeed,https://www.indeed.com/viewjob?jk=8b4426916dcf5769,"","2026-05-04"
0,"","Field Network Technician","None","Remote","","$80,000 - $137,000 (yearly)",jobspy_indeed,https://www.indeed.com/viewjob?jk=5000d9f02f69d24d,"","2026-04-30"
0,"","Cinema Projection Systems Engineer","Deluxe Media","Los Angeles, California","","",jobspy_indeed,https://www.indeed.com/viewjob?jk=4d01400f4e0ed9a1,"","2026-04-28"
0,"","Sales Engineer, Public Safety & Defense","Vitec Videocom","Los Angeles, California","","$100,000 - $120,000 (monthly)",jobspy_indeed,https://www.indeed.com/viewjob?jk=2a8b3c9d62398e47,"","2026-04-27"
0,"","Onsite Transportation Monitoring Operator/Call Center","AECOM","Washington, DC","","",jobspy_indeed,https://www.indeed.com/viewjob?jk=940a895e60f96702,"","2026-04-30"
0,"","IT ENGINEER - KTIV","GRAY MEDIA","United States","","$20 - $25 (hourly)",jobspy_indeed,https://www.indeed.com/viewjob?jk=3b60fd4baec9de58,"","2026-05-01"
0,"","Video Systems Engineer","Tennessee Titans","United States","","",jobspy_indeed,https://www.indeed.com/viewjob?jk=b669b91bdf85ab92,"","2026-04-30"
0,"","Maintenance Technician","CBS News and Stations","United States","","",jobspy_indeed,https://www.indeed.com/viewjob?jk=08a292b701607873,"","2026-04-29"
0,"","CHIEF ENGINEER - WHNS","GRAY MEDIA","United States","","",jobspy_indeed,https://www.indeed.com/viewjob?jk=e12c597c97d6a9b0,"","2026-04-29"
0,"","TECHNICAL MEDIA PRODUCER (PRIMARY) - KLTV","GRAY MEDIA","United States","","",jobspy_indeed,https://www.indeed.com/viewjob?jk=bc75e2b5c10fae0b,"","2026-05-04"
0,"","Traffic Monitoring Operator - Virginia Beach","AECOM","United States","","",jobspy_indeed,https://www.indeed.com/viewjob?jk=886816c2160cd86c,"","2026-04-29"
0,"","Regional Broadcast Engineer","iHeartMedia","United States","","$32 - $41 (hourly)",jobspy_indeed,https://www.indeed.com/viewjob?jk=7eb8390e6652d4c3,"","2026-04-28"
0,"","Regional Engineer","iHeartMedia","United States","","",jobspy_indeed,https://www.indeed.com/viewjob?jk=1a0918401f4a1ef9,"","2026-04-28"
0,"","MICR Engineer - Big Ten Network","Fox Corporation","United States","","$74,000 - $90,000 (yearly)",jobspy_indeed,https://www.indeed.com/viewjob?jk=8fd02da59e7cd877,"","2026-04-28"
0,"","Engineer","State of Ohio","United States","","",jobspy_indeed,https://www.indeed.com/viewjob?jk=53cfe0a0ae97e35e,"","2026-04-28"
0,"","Mechanical Engineer 1 (On-Site)","Eos power India","Chicago, Illinois","","$70,000 - $104,000 (yearly)",jobspy_indeed,https://www.indeed.com/viewjob?jk=76e84c15132849a2,"","2026-05-01"
0,"","Union Operating Engineer","CBRE","Chicago, Illinois","","",jobspy_indeed,https://www.indeed.com/viewjob?jk=4b6aa369e59a1352,"","2026-05-01"
0,"","Chief Engineer","nan","Chicago, Illinois","","$67,000 - $73,000 (yearly)",jobspy_indeed,https://www.indeed.com/viewjob?jk=a751392393259d25,"","2026-05-01"
0,"","Senior Software Engineer/Full Stack Developer","PTMA Financial Solutions","Chicago, Illinois","","",jobspy_indeed,https://www.indeed.com/viewjob?jk=6f52cc39e10c279b,"","2026-05-01"
0,"","Mechanical Engineer 1 (On-Site)","Bel Fuse","Chicago, Illinois","","$70,000 - $104,000 (yearly)",jobspy_indeed,https://www.indeed.com/viewjob?jk=88d9c116d3149cc1,"","2026-05-01"
0,"","Senior Business Analyst","PTMA Financial Solutions","Chicago, Illinois","","$90,000 - $120,000 (yearly)",jobspy_indeed,https://www.indeed.com/viewjob?jk=01869fee13d6864d,"","2026-05-01"
0,"","Quality Engineer","Elgin Die Mold","Chicago, Illinois","","$80,000 - $110,000 (yearly)",jobspy_indeed,https://www.indeed.com/viewjob?jk=de0280a5486acbc5,"","2026-05-01"
0,"","Sales Engineer /Cost Estimating","Elgin Die Mold","Chicago, Illinois","","$75,000 - $95,000 (yearly)",jobspy_indeed,https://www.indeed.com/viewjob?jk=54144daf6af2d7dc,"","2026-05-01"
0,"","House Cleaner","Skinny Minny, Inc. Cleaning Services","Chicago, Illinois","","",jobspy_indeed,https://www.indeed.com/viewjob?jk=45ce63174756f427,"","2026-05-01"
0,"","IT Infrastructure Engineer/Field Administrator","Ignite Medical Resorts","Chicago, Illinois","","$90,000 - $100,000 (yearly)",jobspy_indeed,https://www.indeed.com/viewjob?jk=871e2d5d5ed22f53,"","2026-05-01"
0,"","Lead QA Engineer","Forum Health LLC","Chicago, Illinois","","$100,000 - $110,000 (yearly)",jobspy_indeed,https://www.indeed.com/viewjob?jk=fd9bb9242d7a8067,"","2026-04-30"
0,"","Quality Control Manager","Ryan Companies US, Inc.","Chicago, Illinois","","",jobspy_indeed,https://www.indeed.com/viewjob?jk=cfd558bd311f971d,"","2026-04-30"
0,"","Application Engineer - Agriculture","SKF","Chicago, Illinois","","$77,000 - $87,000 (yearly)",jobspy_indeed,https://www.indeed.com/viewjob?jk=700af80ff7f5335e,"","2026-04-30"
0,"","Legal Engineer, Chicago","HARVEY","Chicago, Illinois","","$270,000 - $320,000 (yearly)",jobspy_indeed,https://www.indeed.com/viewjob?jk=2642bd2255191459,"","2026-04-30"
0,"","Engineering Manager - Capital Projects","Sedron Technologies","Chicago, Illinois","","$130,000 - $180,000 (yearly)",jobspy_indeed,https://www.indeed.com/viewjob?jk=95fb51ba1b87f3c0,"","2026-04-29"
0,"","Senior Project Electrical Engineer","H2M architects + engineers","New York, New York","","$100,000 - $130,000 (yearly)",jobspy_indeed,https://www.indeed.com/viewjob?jk=3a883d25a251c308,"","2026-05-03"
0,"","Engineer - Conrad New York Downtown","Hilton","New York, New York","","$28 - $53 (hourly)",jobspy_indeed,https://www.indeed.com/viewjob?jk=99c06b3c32ede44b,"","2026-05-02"
0,"","Temporary Engineer - Hilton Short Hills","Hilton","New York, New York","","",jobspy_indeed,https://www.indeed.com/viewjob?jk=729fef61b2a900f1,"","2026-05-02"
0,"","Senior Engineering Auditor","NYC Housing Authority","New York, New York","","$100,000 - $110,000 (yearly)",jobspy_indeed,https://www.indeed.com/viewjob?jk=a56cfce797aa6728,"","2026-05-02"
0,"","Civil Engineering Intern","New York City Department of Environmental Protection","New York, New York","","$59,747 - $72,352 (yearly)",jobspy_indeed,https://www.indeed.com/viewjob?jk=9189d0252ecfcdf7,"","2026-05-02"
0,"","Sr. Engineer, Packaging - Defined Term","Getinge","New York, New York","","$115,000 - $125,000 (yearly)",jobspy_indeed,https://www.indeed.com/viewjob?jk=f2ab973c588cf5c6,"","2026-05-01"
0,"","Legal Engineer","Tarter Krinsky & Drogin LLP","New York, New York","","$140,000 - $200,000 (yearly)",jobspy_indeed,https://www.indeed.com/viewjob?jk=dbeeac878363c2fe,"","2026-05-01"
0,"","Corporate Compliance Officer","Anthropic","New York, New York","","$255,000 - $270,000 (yearly)",jobspy_indeed,https://www.indeed.com/viewjob?jk=553b10c649a75f3a,"","2026-05-01"
0,"","Compliance Governance & Oversight Lead","Anthropic","New York, New York","","$270,000 - $345,000 (yearly)",jobspy_indeed,https://www.indeed.com/viewjob?jk=b521f7113ad8e8d1,"","2026-05-01"
0,"","Sustainability Consultant (Buildings)","Steven Winter Associates, Inc.","New York, New York","","$70,000 - $85,000 (yearly)",jobspy_indeed,https://www.indeed.com/viewjob?jk=8edf59bf3514c2b0,"","2026-05-01"
0,"","NY/NJ Highways Business Class Lead","HDR","New York, New York","","$177,660 - $253,800 (yearly)",jobspy_indeed,https://www.indeed.com/viewjob?jk=e2a4d5847cb75c71,"","2026-05-01"
0,"","Bicycle & Scooter Repair Technician - Bronx","Veo","New York, New York","","$18 - $19 (hourly)",jobspy_indeed,https://www.indeed.com/viewjob?jk=602ba574537cd696,"","2026-05-01"
0,"","Head of Growth Engineering","Socure","New York, New York","","$195,000 - $225,000 (yearly)",jobspy_indeed,https://www.indeed.com/viewjob?jk=a89da15930949507,"","2026-05-01"
0,"","Intermediate Engineer - Structural Engineering","Skidmore, Owings & Merrill","New York, New York","","$72,000 - $82,000 (yearly)",jobspy_indeed,https://www.indeed.com/viewjob?jk=0b3ecde660491121,"","2026-05-01"
0,"","Senior Consultant - Logistics","Arup","New York, New York","","$158,000 - $165,000 (yearly)",jobspy_indeed,https://www.indeed.com/viewjob?jk=a9bfa6642cf3e6ca,"","2026-05-01"
0,"","Sr. Program Development Specialist - Structural Heart","Medtronic","New York, New York","","$86,400 - $129,600 (yearly)",jobspy_indeed,https://www.indeed.com/viewjob?jk=32593a4b74cf00fb,"","2026-05-01"
0,"","Courtyard Manhattan Central Park - Housekeeping Manager OEM","Aimbridge Hospitality","New York, New York","","",jobspy_indeed,https://www.indeed.com/viewjob?jk=420e767ef87cf9a3,"","2026-04-02"
0,"","IT Support Engineer I, Ops Tech Solutions (OTS)","Amazon.com","New York, New York","","$25 - $41 (hourly)",jobspy_indeed,https://www.indeed.com/viewjob?jk=0a4360ddeeece3cf,"","2026-03-30"
0,"","AI Tutor, Rufus, Amazon Rufus","Amazon.com","New York, New York","","$19 - $33 (hourly)",jobspy_indeed,https://www.indeed.com/viewjob?jk=7e5a7978b8370683,"","2026-03-03"
0,"","SAP Procure to Pay Functional, Amazon Leo","Amazon.com","New York, New York","","$129,200 - $174,800 (yearly)",jobspy_indeed,https://www.indeed.com/viewjob?jk=97ff4307d0cb8040,"","2026-02-23"
0,"","Senior Software Engineer – Order Management & Trade Allocation (C++/Linux)","Millennium Management","New York, New York","","$175,000 - $250,000 (yearly)",jobspy_indeed,https://www.indeed.com/viewjob?jk=53b5edacddb64340,"","2025-12-16"
0,"","Sr. Principal Scientist, Secure Work Enablement","Amazon Web Services","New York, New York","","$240,100 - $350,000 (yearly)",jobspy_indeed,https://www.indeed.com/viewjob?jk=e28e6e5a43bba375,"","2025-10-03"
0,"","Senior Research Associate, Chemistry","nan","San Francisco, California","","$95,000 - $130,000 (yearly)",jobspy_indeed,https://www.indeed.com/viewjob?jk=f27aed2ba6a34384,"","2026-05-03"
0,"","Applied AI Engineer - Fundamental Equity Tech Investing Team","BlackRock","San Francisco, California","","$111,625 - $132,500 (yearly)",jobspy_indeed,https://www.indeed.com/viewjob?jk=ad83b35fe85f7426,"","2026-05-01"
0,"","Principal Partner Enablement Product Manager, AI Infrastructure","NVIDIA","San Francisco, California","","$240,000 - $379,500 (yearly)",jobspy_indeed,https://www.indeed.com/viewjob?jk=fa9a860f5390bd88,"","2026-05-01"
0,"","Senior Manufacturing Engineer (Laser Welding)","Procept BioRobotics","San Francisco, California","","$131,060 - $154,192 (yearly)",jobspy_indeed,https://www.indeed.com/viewjob?jk=8c16514547796f7d,"","2026-05-01"
0,"","Quality Assurance Engineer","Cambridge Industries USA, Inc.","San Francisco, California","","$100,000 - $130,000 (yearly)",jobspy_indeed,https://www.indeed.com/viewjob?jk=e4bd8e36ec3d7eb3,"","2026-05-01"
0,"","Internship, Technical Program Manager, Cell Manufacturing (Fall 2026)","Tesla","San Francisco, California","","$20 - $50 (hourly)",jobspy_indeed,https://www.indeed.com/viewjob?jk=c0049e069a59b276,"","2026-05-01"
0,"","Internship, Mechanical Engineer, Cell Engineering (Fall 2026)","Tesla","San Francisco, California","","$20 - $50 (hourly)",jobspy_indeed,https://www.indeed.com/viewjob?jk=2561885d485ee012,"","2026-05-01"
0,"","Technical Program Manager","KLA","San Francisco, California","","$181,000 - $307,700 (yearly)",jobspy_indeed,https://www.indeed.com/viewjob?jk=e029df32749ff14e,"","2026-05-01"
0,"","Tools Engineer","Turtle Rock Studios","San Francisco, California","","$95,000 - $125,000 (yearly)",jobspy_indeed,https://www.indeed.com/viewjob?jk=2e56f4d64ef5702d,"","2026-05-01"
0,"","Head of Growth Engineering","Socure","San Francisco, California","","$195,000 - $225,000 (yearly)",jobspy_indeed,https://www.indeed.com/viewjob?jk=ddaa5ab1696abf1c,"","2026-05-01"
0,"","Plumbing Design Project Manager","Lpa, Inc.","San Francisco, California","","$120,000 - $180,000 (yearly)",jobspy_indeed,https://www.indeed.com/viewjob?jk=f706e1917df4d550,"","2026-05-01"
0,"","Plumbing Design Coordinator","Lpa, Inc.","San Francisco, California","","$100,000 - $155,000 (yearly)",jobspy_indeed,https://www.indeed.com/viewjob?jk=97cfbdc42575085f,"","2026-05-01"
0,"","Head of Platform","Parallel Bio","San Francisco, California","","$255,000 - $284,000 (yearly)",jobspy_indeed,https://www.indeed.com/viewjob?jk=b1dcb1706d64b6e9,"","2026-05-01"
0,"","Scientist, HIV Virology","Parallel Bio","San Francisco, California","","$110,000 - $124,000 (yearly)",jobspy_indeed,https://www.indeed.com/viewjob?jk=faed44ca2c21cbd8,"","2026-05-01"
0,"","Quality Engineer","Zoetis","San Francisco, California","","$77,000 - $118,000 (yearly)",jobspy_indeed,https://www.indeed.com/viewjob?jk=77367bb06206bdae,"","2026-05-01"
0,"","Founding Talent Architect","Composio","San Francisco, California","","",jobspy_indeed,https://www.indeed.com/viewjob?jk=362ab1e316c494f1,"","2026-05-01"
0,"","Maintenance Technician - Embassy Suites by Hilton Milpitas Silicon Valley","Hilton","San Francisco, California","","",jobspy_indeed,https://www.indeed.com/viewjob?jk=6279b6c5915911fe,"","2026-04-30"
0,"","Senior Mechanical Engineering Analyst","Lawrence Livermore National Laboratory","San Francisco, California","","$210,630 - $267,060 (yearly)",jobspy_indeed,https://www.indeed.com/viewjob?jk=8c20b05e2997e9d0,"","2026-04-30"
0,"","Superintendent","Community Development Partners","San Francisco, California","","$165,000 - $185,000 (yearly)",jobspy_indeed,https://www.indeed.com/viewjob?jk=afa728851f806813,"","2026-04-30"
0,"","Research Program Manager, RegLab, Stanford Law School","Stanford University","San Francisco, California","","$100,023 - $124,516 (yearly)",jobspy_indeed,https://www.indeed.com/viewjob?jk=cf7c2a66e776c4d4,"","2026-04-30"
0,"","Research Program Manager - Model Evals and Safety","REFLECTION","San Francisco, California","","",jobspy_indeed,https://www.indeed.com/viewjob?jk=a4d3983fac25ed94,"","2026-04-30"
0,"","Technical Program Manager","Sanmina","San Francisco, California","","$75,000 - $95,000 (yearly)",jobspy_indeed,https://www.indeed.com/viewjob?jk=2a16ce6d9866890a,"","2026-04-30"
0,"","Engineering Manager, Data Platform Orchestration","Netflix","San Francisco, California","","$436,000 - $791,000 (yearly)",jobspy_indeed,https://www.indeed.com/viewjob?jk=d79697da55502e82,"","2026-03-03"
0,"","Cloud Infrastructure Engineer - Systems","Apple","Seattle, Washington","","$139,500 - $258,100 (yearly)",jobspy_indeed,https://www.indeed.com/viewjob?jk=59539f3b35bce692,"","2026-05-02"
0,"","Data & Financial Analyst","PAE Consulting Engineers Inc.","Seattle, Washington","","$63,000 - $81,900 (yearly)",jobspy_indeed,https://www.indeed.com/viewjob?jk=f37592a2fb103c4b,"","2026-05-01"
0,"","Operations Engineer","Savers/Value Village","Seattle, Washington","","$80,705 - $125,092 (yearly)",jobspy_indeed,https://www.indeed.com/viewjob?jk=68677007a0f5fb63,"","2026-05-01"
0,"","Tools Engineer","Turtle Rock Studios","Seattle, Washington","","$95,000 - $125,000 (yearly)",jobspy_indeed,https://www.indeed.com/viewjob?jk=881fe7fd9adb391f,"","2026-05-01"
0,"","Sr. Manager, Networking, Operations Network Engineering","Amazon.com","Seattle, Washington","","$208,300 - $281,800 (yearly)",jobspy_indeed,https://www.indeed.com/viewjob?jk=978c2bfa4e81610a,"","2026-04-28"
0,"","Business Intel Engineer II, ORBIT","Amazon.com","Seattle, Washington","","$99,500 - $160,000 (yearly)",jobspy_indeed,https://www.indeed.com/viewjob?jk=98e1d47c93803deb,"","2026-04-08"
0,"","Sr. Electrical Controls Engineer, Data Center Engineering","Amazon Web Services","Seattle, Washington","","$136,600 - $184,800 (yearly)",jobspy_indeed,https://www.indeed.com/viewjob?jk=2b58936509e5750c,"","2026-03-27"
0,"","Corporate Counsel, Amazon Leo for Government, Legal","Amazon.com","Seattle, Washington","","$153,900 - $208,200 (yearly)",jobspy_indeed,https://www.indeed.com/viewjob?jk=95b25d4df71c0e9f,"","2026-03-26"
0,"","Transmission System Manager, AWS Energy Team","Amazon.com","Seattle, Washington","","$92,400 - $160,000 (yearly)",jobspy_indeed,https://www.indeed.com/viewjob?jk=4075a1ea498883f7,"","2026-03-20"
0,"","Product Development Engineer - Automation, OneMHS","Amazon.com","Seattle, Washington","","$111,500 - $160,000 (yearly)",jobspy_indeed,https://www.indeed.com/viewjob?jk=73df8dca04aadf44,"","2026-03-08"
0,"","AI Tutor, Rufus, Amazon Rufus","Amazon.com","Seattle, Washington","","$19 - $33 (hourly)",jobspy_indeed,https://www.indeed.com/viewjob?jk=51a021a1bce15ebf,"","2026-03-03"
0,"","Principal Data Engineer, Intelligent Talent Acquisition","Amazon.com","Seattle, Washington","","$184,000 - $248,900 (yearly)",jobspy_indeed,https://www.indeed.com/viewjob?jk=d51fad342da4a49d,"","2026-02-17"
0,"","Sr. Principal Scientist, Secure Work Enablement","Amazon Web Services","Seattle, Washington","","$240,100 - $350,000 (yearly)",jobspy_indeed,https://www.indeed.com/viewjob?jk=e6ef3bf932b9114a,"","2025-10-03"
0,"","Engineering Supervisor","Accor","Boston, Massachusetts","","$38 - $42 (hourly)",jobspy_indeed,https://www.indeed.com/viewjob?jk=4f26d9b3c8237444,"","2026-05-04"
0,"","Engineering Supervisor","Raffles","Boston, Massachusetts","","$38 - $42 (hourly)",jobspy_indeed,https://www.indeed.com/viewjob?jk=23983d89fad2d022,"","2026-05-04"
0,"","MEP Coordinator","Norfolk Design and Construction","Boston, Massachusetts","","$90,000 - $115,000 (yearly)",jobspy_indeed,https://www.indeed.com/viewjob?jk=5fa4135de85339eb,"","2026-05-03"
0,"","Senior Principal Legal Counsel - Global Commercial & Government Contracting","Medtronic","Boston, Massachusetts","","$191,200 - $286,800 (yearly)",jobspy_indeed,https://www.indeed.com/viewjob?jk=a5bdfe6023891ba1,"","2026-05-01"
0,"","Network Systems Engineer","Haigh-Farr","Boston, Massachusetts","","",jobspy_indeed,https://www.indeed.com/viewjob?jk=3f21c23c954e3ba0,"","2026-05-01"
0,"","Senior Electrical Engineer (PE required)","City Facilities Management","Boston, Massachusetts","","",jobspy_indeed,https://www.indeed.com/viewjob?jk=73139fe606680575,"","2026-05-01"
0,"","Junior Field Service Engineer","HIGHRES","Boston, Massachusetts","","",jobspy_indeed,https://www.indeed.com/viewjob?jk=6b503005763f6aa5,"","2026-05-01"
0,"","Claims Management Specialist (Construction)","Massachusetts Water Resources Authority","Boston, Massachusetts","","$98,565 - $144,961 (yearly)",jobspy_indeed,https://www.indeed.com/viewjob?jk=d4b20137da286d53,"","2026-05-01"
0,"","Welder - Weekend - Second Shift","Commonwealth Fusion Systems","Boston, Massachusetts","","$30 - $41 (hourly)",jobspy_indeed,https://www.indeed.com/viewjob?jk=d7aa40a8fb8abf83,"","2026-05-01"
0,"","Welder - First Shift","Commonwealth Fusion Systems","Boston, Massachusetts","","$30 - $41 (hourly)",jobspy_indeed,https://www.indeed.com/viewjob?jk=5952f48f918eb728,"","2026-05-01"
0,"","Android Open Source Embedded Software Engineer","GeoLogics Corporation","Boston, Massachusetts","","$65 - $75 (hourly)",jobspy_indeed,https://www.indeed.com/viewjob?jk=bdd5913ec89f0917,"","2026-05-01"
0,"","Non-Licensed Building Engineer","C&W Services","Boston, Massachusetts","","$34 - $41 (hourly)",jobspy_indeed,https://www.indeed.com/viewjob?jk=859260460b454f30,"","2026-05-01"
0,"","Building Maintenance Team Member","The Nash Casino","Boston, Massachusetts","","",jobspy_indeed,https://www.indeed.com/viewjob?jk=327f0f5350ebd600,"","2026-04-30"
0,"","Manufacturing Engineer 3","Onto Innovation","Boston, Massachusetts","","$69,120 - $103,680 (yearly)",jobspy_indeed,https://www.indeed.com/viewjob?jk=86a5c7c9af7ba1f7,"","2026-04-30"
0,"","Mechanical Design Engineer","Formulatrix, Inc.","Boston, Massachusetts","","$80,000 - $110,000 (yearly)",jobspy_indeed,https://www.indeed.com/viewjob?jk=1503e7734feaf458,"","2026-04-30"
0,"","Forward Deployed Data Engineer","ZoomInfo","Boston, Massachusetts","","$171,500 - $269,500 (yearly)",jobspy_indeed,https://www.indeed.com/viewjob?jk=7ec8472cce09dc4a,"","2026-04-29"
0,"","Lead Network Engineer - Roxbury Community College","Roxbury Community College","Boston, Massachusetts","","$105,000 - $125,000 (yearly)",jobspy_indeed,https://www.indeed.com/viewjob?jk=0c12ce0554a63b6d,"","2026-04-29"
0,"","Senior Mechanical Engineer, RDPI","Amazon.com","Boston, Massachusetts","","$137,300 - $185,700 (yearly)",jobspy_indeed,https://www.indeed.com/viewjob?jk=fc187028bbc4965c,"","2026-04-07"
0,"","Product Development Engineer - Automation, OneMHS","Amazon.com","Boston, Massachusetts","","$111,500 - $160,000 (yearly)",jobspy_indeed,https://www.indeed.com/viewjob?jk=e1c550ecaf2ad8bf,"","2026-03-08"
0,"","Software Engineer","Fidelity TalentSource","Boston, Massachusetts","","$60 - $97 (hourly)",jobspy_indeed,https://www.indeed.com/viewjob?jk=5cc22367a2ce3d9f,"","2026-03-04"
0,"","Application Builder, Device Software Product Builders","Amazon.com","Boston, Massachusetts","","$143,700 - $194,400 (yearly)",jobspy_indeed,https://www.indeed.com/viewjob?jk=4a12926169d06afa,"","2026-02-26"
0,"","Application Builder, Mobile Applications","Amazon.com","Boston, Massachusetts","","$143,700 - $194,400 (yearly)",jobspy_indeed,https://www.indeed.com/viewjob?jk=4c7f0f860acadbc3,"","2025-12-03"
0,"","Mobile Builder, Ring Software Product Builders","Amazon.com","Boston, Massachusetts","","$143,700 - $194,400 (yearly)",jobspy_indeed,https://www.indeed.com/viewjob?jk=357f9908a646cc1e,"","2025-10-10"
0,"","Maintenance Engineer","Best Western Carlsbad by The Sea","Los Angeles, California","","$20 - $24 (hourly)",jobspy_indeed,https://www.indeed.com/viewjob?jk=912e14dd412786dc,"","2026-05-02"
0,"","Maintenance Engineer","Rebel Hotel Company","Los Angeles, California","","",jobspy_indeed,https://www.indeed.com/viewjob?jk=1a652d99763b0990,"","2026-05-01"
0,"","Flammability Engineer","Boeing EnCore Interiors, LLC","Los Angeles, California","","$70,304 - $110,000 (yearly)",jobspy_indeed,https://www.indeed.com/viewjob?jk=79c8ed803bd9aad2,"","2026-05-01"
0,"","Sr Avionics PCBA Development Engineer","Relativity Space","Los Angeles, California","","$148,000 - $203,500 (yearly)",jobspy_indeed,https://www.indeed.com/viewjob?jk=9ddaef1e590e8e08,"","2026-05-01"
0,"","Construction Proposal Writer","Macro-Z-Technology","Los Angeles, California","","$75,000 - $100,000 (yearly)",jobspy_indeed,https://www.indeed.com/viewjob?jk=8d7d685ed95506b7,"","2026-05-01"
0,"","Tools Engineer","Turtle Rock Studios","Los Angeles, California","","$95,000 - $125,000 (yearly)",jobspy_indeed,https://www.indeed.com/viewjob?jk=f63b63e34b2d911d,"","2026-05-01"
0,"","Plumbing Design Coordinator","Lpa, Inc.","Los Angeles, California","","$90,000 - $145,000 (yearly)",jobspy_indeed,https://www.indeed.com/viewjob?jk=dc38caa24de27fd6,"","2026-05-01"
0,"","Plumbing Design Project Manager","Lpa, Inc.","Los Angeles, California","","$115,000 - $180,000 (yearly)",jobspy_indeed,https://www.indeed.com/viewjob?jk=007867e4306c0ffe,"","2026-05-01"
0,"","Senior GSE Test Engineer - Advanced Programs","Quantum Space","Los Angeles, California","","$125,000 - $180,000 (yearly)",jobspy_indeed,https://www.indeed.com/viewjob?jk=842eeaffbec52ac9,"","2026-05-01"
0,"","Security Installation Manager","Allied Universal Technology Services","Los Angeles, California","","$120,000 - $140,000 (yearly)",jobspy_indeed,https://www.indeed.com/viewjob?jk=735a64e8ac4c935f,"","2026-05-01"
0,"","Firmware QA Engineer","Motive Companies","Los Angeles, California","","$80,000 - $110,000 (yearly)",jobspy_indeed,https://www.indeed.com/viewjob?jk=7fd055e3624a13d1,"","2026-05-01"
0,"","FEA Simulation Engineer","Motive Companies","Los Angeles, California","","$38 - $55 (hourly)",jobspy_indeed,https://www.indeed.com/viewjob?jk=611063136c5e38f4,"","2026-05-01"
0,"","1D Fluid Systems Simulation Engineer","Motive Companies","Los Angeles, California","","$38 - $55 (hourly)",jobspy_indeed,https://www.indeed.com/viewjob?jk=783f288f0055aa76,"","2026-05-01"
0,"","Senior Security Engineer","Disqo","Los Angeles, California","","$180,000 - $200,000 (yearly)",jobspy_indeed,https://www.indeed.com/viewjob?jk=19e081ac63e41f7d,"","2026-04-30"
0,"","Hospitality Design Job Captain","Kenneth Ussenko Design, Inc","Los Angeles, California","","$23 - $29 (hourly)",jobspy_indeed,https://www.indeed.com/viewjob?jk=a02e6d6f82559497,"","2026-04-30"
0,"","Licensed Civil Engineer - MUST HAVE A P.E. LICENSE","Macro-Z-Technology","Los Angeles, California","","$100,000 - $130,000 (yearly)",jobspy_indeed,https://www.indeed.com/viewjob?jk=4c39e34deda56f41,"","2026-04-30"
0,"","Principal Optical Systems Engineer","K2 Space","Los Angeles, California","","$190,000 - $280,000 (yearly)",jobspy_indeed,https://www.indeed.com/viewjob?jk=855ebe4428ff8750,"","2026-04-29"
0,"","Senior Mechanical Engineer","Hard Tech Recruit","Los Angeles, California","","$130,000 - $150,000 (yearly)",jobspy_indeed,https://www.indeed.com/viewjob?jk=25e17db974e43303,"","2026-04-29"
0,"","Senior Product Quality Engineer","Epirus","Los Angeles, California","","$113,600 - $130,800 (yearly)",jobspy_indeed,https://www.indeed.com/viewjob?jk=696a933ffde249c5,"","2026-04-29"
0,"","Engineer | Palihotel Hollywood","Palisociety","Los Angeles, California","","$22 - $23 (hourly)",jobspy_indeed,https://www.indeed.com/viewjob?jk=edcd4f54cead85fc,"","2026-03-19"
0,"","Application Builder, Device Software Product Builders","Amazon.com","Los Angeles, California","","$143,700 - $194,400 (yearly)",jobspy_indeed,https://www.indeed.com/viewjob?jk=04102290850c7ae1,"","2026-02-26"
0,"","Application Builder, Mobile Applications","Amazon.com","Los Angeles, California","","$143,700 - $194,400 (yearly)",jobspy_indeed,https://www.indeed.com/viewjob?jk=26dc15acc3e139c0,"","2025-12-03"
0,"","Mobile Builder, Ring Software Product Builders","Amazon.com","Los Angeles, California","","$143,700 - $194,400 (yearly)",jobspy_indeed,https://www.indeed.com/viewjob?jk=0b23e5c958bebdcd,"","2025-10-10"
0,"","A-Level Automotive Technician (Diagnostic Capable)","Undisputed Auto Care","Washington, DC","","$35 - $60 (hourly)",jobspy_indeed,https://www.indeed.com/viewjob?jk=dda1a156d639e46d,"","2026-05-03"
0,"","Journeyman Electrician (Residential Service)","nan","Washington, DC","","$80,000 - $130,000 (yearly)",jobspy_indeed,https://www.indeed.com/viewjob?jk=54d407a8acf5a946,"","2026-05-03"
0,"","Assistant Project Manager - Special Projects","Shapiro & Duncan Inc","Washington, DC","","$70,000 - $85,000 (yearly)",jobspy_indeed,https://www.indeed.com/viewjob?jk=38df390cfb86094a,"","2026-05-01"
0,"","Damage Prevention Project Manager","SAM Companies","Washington, DC","","",jobspy_indeed,https://www.indeed.com/viewjob?jk=37441a493a1aaf04,"","2026-05-01"
0,"","Senior Associate, Data Scientist - Corporate Strategy","Capital One","Washington, DC","","",jobspy_indeed,https://www.indeed.com/viewjob?jk=00395b62e922e746,"","2026-05-01"
0,"","Senior Associate, Data Scientist - Corporate Strategy","Information Technology Senior Management Forum","Washington, DC","","$123,300 - $154,800 (yearly)",jobspy_indeed,https://www.indeed.com/viewjob?jk=7e4fd48a2fc9a4bf,"","2026-05-01"
0,"","CHIEF ENGINEER","Aerodyne Industries, LLC","Washington, DC","","$155 - $159 (hourly)",jobspy_indeed,https://www.indeed.com/viewjob?jk=e9c374ba9ad2c8d4,"","2026-05-01"
0,"","Structural Project Manager - Bridges and Transportation","A. MORTON THOMAS & ASSOCIATES","Washington, DC","","",jobspy_indeed,https://www.indeed.com/viewjob?jk=f80a96514bbe3455,"","2026-05-01"
0,"","Sr. Electrical Controls Engineer, Data Center Engineering","Amazon Web Services","Washington, DC","","$136,600 - $184,800 (yearly)",jobspy_indeed,https://www.indeed.com/viewjob?jk=b5ebefacb8e20cf8,"","2026-03-27"
0,"","Corporate Counsel, Amazon Leo for Government, Legal","Amazon.com","Washington, DC","","$153,900 - $208,200 (yearly)",jobspy_indeed,https://www.indeed.com/viewjob?jk=452d3321e99bd6b6,"","2026-03-26"
0,"","Principal Data Engineer, Intelligent Talent Acquisition","Amazon.com","Washington, DC","","$184,000 - $248,900 (yearly)",jobspy_indeed,https://www.indeed.com/viewjob?jk=18810cdd4da08e7d,"","2026-02-17"
0,"","Maintenance Manager","National Water Infrastructure, LLC","United States","","",jobspy_indeed,https://www.indeed.com/viewjob?jk=edcbd8481ec13151,"","2026-05-04"
0,"","Cleaning Technician","Wilkins Refresh Cleaning Service","United States","","",jobspy_indeed,https://www.indeed.com/viewjob?jk=f7eda8d626f1ac93,"","2026-05-04"
0,"","Maintenance Supervisor","Nestlé USA","United States","","$90,000 - $110,000 (yearly)",jobspy_indeed,https://www.indeed.com/viewjob?jk=a7b014acf90e7758,"","2026-05-04"
0,"","Sr. Architect, Data Center Engineering","Amazon.com","United States","","$136,600 - $184,800 (yearly)",jobspy_indeed,https://www.indeed.com/viewjob?jk=f0af93c54b2a9836,"","2026-03-30"
0,"","Platform Consultant Senior Expert (Software Architecture & Enablement Focus)","Allstate Insurance","Remote","","$160,200 - $227,550 (yearly)",jobspy_indeed,https://www.indeed.com/viewjob?jk=23214b077ba218da,"","2026-05-01"
0,"","Platform Consultant Senior Expert (Cloud & AWS Platform Focus)","Allstate Insurance","Remote","","$160,200 - $227,550 (yearly)",jobspy_indeed,https://www.indeed.com/viewjob?jk=c3fe490c51d8977d,"","2026-05-01"
0,"","Head of Technology","HerScan","Remote","","",jobspy_indeed,https://www.indeed.com/viewjob?jk=500819ca605439ce,"","2026-05-01"
0,"","Lead Engineer","keep Company","Remote","","$150,000 - $180,000 (yearly)",jobspy_indeed,https://www.indeed.com/viewjob?jk=01de46feaf7f17ab,"","2026-05-01"
0,"","AI ARCHITECHT, DIRECTOR","Paid Ads Academy","Remote","","$130,000 - $155,000 (yearly)",jobspy_indeed,https://www.indeed.com/viewjob?jk=f9bcab4a20d5487c,"","2026-05-01"
0,"","Commission-Based Sales Representative – Industrial Manufacturing","Eudora","Remote","","$100,000 - $10,000,000 (yearly)",jobspy_indeed,https://www.indeed.com/viewjob?jk=e71eed758c3b8423,"","2026-05-01"
0,"","Distinguished Engineer -","Allstate Insurance","Remote","","$211,000 - $290,500 (yearly)",jobspy_indeed,https://www.indeed.com/viewjob?jk=087eb595cff7bd93,"","2026-04-30"
0,"","Data Platform Architect (Snowflake)","Coastal","Remote","","",jobspy_indeed,https://www.indeed.com/viewjob?jk=58854506afe876e4,"","2026-04-30"
0,"","Cloud Product Security Engineer","Allstate Insurance","Remote","","$90,700 - $195,700 (yearly)",jobspy_indeed,https://www.indeed.com/viewjob?jk=272cec99d64c6a90,"","2026-04-30"
0,"","Sitecore Engineer, Lead Consultant- Remote","Allstate Insurance","Remote","","$98,100 - $167,850 (yearly)",jobspy_indeed,https://www.indeed.com/viewjob?jk=f63f9c89a747a187,"","2026-04-30"
0,"","Sr. Construction Estimator","Trugrid","Remote","","",jobspy_indeed,https://www.indeed.com/viewjob?jk=3cf8d253a2eb6a29,"","2026-04-29"
0,"","Startup Community Connector","nan","Remote","","$10,000 - $20,000 (yearly)",jobspy_indeed,https://www.indeed.com/viewjob?jk=b34e8a10c3f78914,"","2026-04-29"
0,"","Platform/Infrastucture Engineer (DevOps/Hosting/Systems/Server Engineer)","Kirk Automations","Remote","","$15 - $85 (hourly)",jobspy_indeed,https://www.indeed.com/viewjob?jk=c0fc3d9964ea4015,"","2026-04-29"
0,"","Dam Safety Project Engineer","Colliers Engineering & Design","Remote","","",jobspy_indeed,https://www.indeed.com/viewjob?jk=de4e2cbdb67b9200,"","2026-04-28"
0,"","AI Support Engineer II","DataRobot","Remote","","",jobspy_indeed,https://www.indeed.com/viewjob?jk=0b87394dac6e16ec,"","2026-04-28"
0,"","Principal Nuclear Protection & Controls Engineer","ENERCON SERVICES, INC","Remote","","$120,000 - $192,000 (yearly)",jobspy_indeed,https://www.indeed.com/viewjob?jk=d4a7b2e900f42daa,"","2026-04-13"
0,"","Brand Copywriter","Maleda Tech","Remote","","$65 - $75 (hourly)",jobspy_indeed,https://www.indeed.com/viewjob?jk=c2d92f4a8afa1330,"","2026-04-01"
0,"","Field Sales Engineer","Volm Companies","Remote","","",jobspy_indeed,https://www.indeed.com/viewjob?jk=a6055365759a82dc,"","2026-03-11"
0,"","Senior Backend Software Engineer","Megaport","Remote","","",jobspy_indeed,https://www.indeed.com/viewjob?jk=cf57846708144906,"","2025-11-17"
0,"","EMT Special Events","Superior Air-Ground Ambulance Service","Chicago, Illinois","","$20 - $25 (hourly)",jobspy_indeed,https://www.indeed.com/viewjob?jk=306973b9bfadac04,"","2026-04-30"
0,"","Cleaning Technician","A Clean Mindset, LLC","Chicago, Illinois","","$18 - $22 (hourly)",jobspy_indeed,https://www.indeed.com/viewjob?jk=01e57f7a91199c13,"","2026-04-30"
0,"","Building Engineer","Chelsea Piers New York","New York, New York","","$70,000 - $90,000 (yearly)",jobspy_indeed,https://www.indeed.com/viewjob?jk=4ca5bdab15e2276c,"","2026-04-29"
0,"","Sampling Program Specialist","Stony Brook University","New York, New York","","",jobspy_indeed,https://www.indeed.com/viewjob?jk=353f616ecf86d83b,"","2026-04-28"
0,"","Service Technician Six Flags Discovery Kingdom","Venu+","San Francisco, California","","$19 - $21 (hourly)",jobspy_indeed,https://www.indeed.com/viewjob?jk=1482eab71876b7a1,"","2026-04-30"
0,"","Health Physics Technician III (Bargaining Unit)","SLAC National Accelerator Laboratory","San Francisco, California","","$54 - $66 (hourly)",jobspy_indeed,https://www.indeed.com/viewjob?jk=444d047dbf07143b,"","2026-04-30"
0,"","Lead LVN","Caminar","San Francisco, California","","",jobspy_indeed,https://www.indeed.com/viewjob?jk=c462e2cabab87682,"","2026-04-30"
0,"","Beamline Engineering Group Leader - SSRL Materials Science Division","SLAC National Accelerator Laboratory","San Francisco, California","","$167,740 - $203,787 (yearly)",jobspy_indeed,https://www.indeed.com/viewjob?jk=9b6917cbc69fdde9,"","2026-04-27"
0,"","Maintenance Technician | Hotel Indigo","Columbia Hospitality","Seattle, Washington","","$22 - $25 (hourly)",jobspy_indeed,https://www.indeed.com/viewjob?jk=95afd027929f55c8,"","2026-05-01"
0,"","Canine Handler - Explosive Detection","Allied Universal Enhanced Protection Services","Seattle, Washington","","",jobspy_indeed,https://www.indeed.com/viewjob?jk=124fc066aa81af0b,"","2026-04-28"
0,"","Maintenance Technician - SEATAC - Seattle Tacoma Airport - Full-Time","Smarte Carte","Seattle, Washington","","",jobspy_indeed,https://www.indeed.com/viewjob?jk=06c423d066f96c08,"","2026-04-27"
0,"","Beer Draft Technician","The Odom Corporation","Seattle, Washington","","$23 - $27 (hourly)",jobspy_indeed,https://www.indeed.com/viewjob?jk=de4e9ce2b19148ca,"","2026-04-27"
0,"","Facilities Maintenance Technician II - Natick","Jordan's Furniture","Boston, Massachusetts","","$27 - $29 (hourly)",jobspy_indeed,https://www.indeed.com/viewjob?jk=c07af901431c6cdb,"","2026-04-27"
0,"","SENIOR PSYCHIATRIC TECHNICIAN (SAFETY)","California State Personnel Board","Los Angeles, California","","$6,638 - $8,733 (monthly)",jobspy_indeed,https://www.indeed.com/viewjob?jk=9ed315ed3a7cff0d,"","2026-05-01"
0,"","FOOD SERVICE TECHNICIAN II","California State Personnel Board","Los Angeles, California","","$3,492 - $4,373 (monthly)",jobspy_indeed,https://www.indeed.com/viewjob?jk=27f530473bb63f36,"","2026-05-01"
0,"","Maintenance Coordinator at Angel Stadium","Legends Global","Los Angeles, California","","",jobspy_indeed,https://www.indeed.com/viewjob?jk=7b821edda6790d87,"","2026-04-30"
0,"","Special Events Set-Up Assistant","The Huntington","Los Angeles, California","","",jobspy_indeed,https://www.indeed.com/viewjob?jk=effd94f75634cc78,"","2026-04-30"
0,"","UNIT SUPERVISOR (SAFETY)","California State Personnel Board","Los Angeles, California","","$9,238 - $10,282 (monthly)",jobspy_indeed,https://www.indeed.com/viewjob?jk=df1ec7d53d2aab75,"","2026-04-29"
0,"","Technical Manager","Chuck E. Cheese","Los Angeles, California","","$17 - $21 (hourly)",jobspy_indeed,https://www.indeed.com/viewjob?jk=76241638b4c0fae3,"","2026-04-27"
0,"","Canine Handler - Explosive Detection","Allied Universal Enhanced Protection Services","Washington, DC","","",jobspy_indeed,https://www.indeed.com/viewjob?jk=0643d4c60c77e31a,"","2026-05-01"
0,"","Senior Installation Superintendent – Electronic Security","Diversified","Washington, DC","","",jobspy_indeed,https://www.indeed.com/viewjob?jk=5730d63ea4376638,"","2026-04-30"
0,"","Medical Assistant","MedStar Health","Washington, DC","","$19 - $34 (hourly)",jobspy_indeed,https://www.indeed.com/viewjob?jk=09054d2ed9b16000,"","2026-04-15"
0,"","Custodial Line Manager","ABM Industries Inc.","Washington, DC","","",jobspy_indeed,https://www.indeed.com/viewjob?jk=96190ab38e106e0a,"","2026-04-28"
0,"","Electrical General Foreman / Subject Matter Expert","ABM Industries Inc.","Washington, DC","","",jobspy_indeed,https://www.indeed.com/viewjob?jk=d2b70293d7dee6b5,"","2026-05-01"
0,"","Per-Diem Medical Assistant - DC Urgent Cares","MedStar Health","Washington, DC","","$19 - $33 (hourly)",jobspy_indeed,https://www.indeed.com/viewjob?jk=5bb09c3d93bfecf8,"","2026-04-06"
0,"","Industrial Maintenance Technician","nan","United States","","$72,837 - $200,000 (yearly)",jobspy_indeed,https://www.indeed.com/viewjob?jk=bec272a249c69e5f,"","2026-05-04"
0,"","High Voltage Field Technician","nan","United States","","$72,837 - $200,000 (yearly)",jobspy_indeed,https://www.indeed.com/viewjob?jk=e794d283048e2644,"","2026-05-04"
0,"","I&E Technician","nan","United States","","$72,837 - $200,000 (yearly)",jobspy_indeed,https://www.indeed.com/viewjob?jk=0f73579976251c78,"","2026-05-04"
0,"","Draft Beer Service Tech","A Head For Profits","United States","","",jobspy_indeed,https://www.indeed.com/viewjob?jk=4ccc73e83d658aad,"","2026-05-04"
0,"","Pharmacy Technician II","San Joaquin County, CA","United States","","$4,049 - $4,921 (monthly)",jobspy_indeed,https://www.indeed.com/viewjob?jk=65277ea5eef7038a,"","2026-05-02"
0,"","Floor Technician","ABM Industries Inc.","United States","","",jobspy_indeed,https://www.indeed.com/viewjob?jk=2161e7f4dfec9d92,"","2026-05-02"
0,"","Entertainment Supervisor","Aramark","United States","","",jobspy_indeed,https://www.indeed.com/viewjob?jk=4ab164c40e7128d3,"","2026-05-01"
0,"","Facilities Services Technician","NELDA C AND H J LUTCHER STARK FOUNDATION","United States","","",jobspy_indeed,https://www.indeed.com/viewjob?jk=82e8e6ad521fff78,"","2026-05-01"
0,"","Game Technician","Andretti Indoor Karting and Games","United States","","",jobspy_indeed,https://www.indeed.com/viewjob?jk=05f5471a3d69e101,"","2026-05-01"
0,"","Canine Handler - Explosive Detection","Allied Universal Enhanced Protection Services","United States","","",jobspy_indeed,https://www.indeed.com/viewjob?jk=08c77b2a50e95424,"","2026-05-01"
0,"","Make Ready Technician-Venue Museum District","29th Street","United States","","$18 - $20 (hourly)",jobspy_indeed,https://www.indeed.com/viewjob?jk=ee7c16ae7d4a7570,"","2026-05-01"
0,"","Collection Technician (LA)","Toucan Gaming","United States","","$15 - $20 (hourly)",jobspy_indeed,https://www.indeed.com/viewjob?jk=15d21f5b69af9453,"","2026-05-01"
0,"","Lodging Property Maintenance Manager","Sugarbush Resort","United States","","$62,000 - $70,000 (yearly)",jobspy_indeed,https://www.indeed.com/viewjob?jk=6645564e72a9b141,"","2026-04-30"
0,"","Medical Assistant","MedStar Health","United States","","$19 - $34 (hourly)",jobspy_indeed,https://www.indeed.com/viewjob?jk=235cd82efe3cb638,"","2026-04-28"
0,"","Licensed Journeyman Electrician - Commercial Solar (100% Travel)","MARS Energy","Chicago, Illinois","","$38 - $46 (hourly)",jobspy_indeed,https://www.indeed.com/viewjob?jk=e48e0d932465046f,"","2026-04-30"
0,"","[UNION] Operating Engineer","Cushman & Wakefield","Chicago, Illinois","","$42 - $49 (hourly)",jobspy_indeed,https://www.indeed.com/viewjob?jk=309247e3cc85c432,"","2026-04-30"
0,"","Electrical Engineer","Wieland Group","Chicago, Illinois","","$81,000 - $97,800 (yearly)",jobspy_indeed,https://www.indeed.com/viewjob?jk=d332c61d7ba28d01,"","2026-04-28"
0,"","Master Electrician Qualifier - NY County","Empower Energy Solutions","New York, New York","","$700 - $1,500 (monthly)",jobspy_indeed,https://www.indeed.com/viewjob?jk=f0acb6f16943bf8c,"","2026-05-04"
0,"","(UNION) Assistant Chief Engineer","Cushman & Wakefield","New York, New York","","$49 - $58 (hourly)",jobspy_indeed,https://www.indeed.com/viewjob?jk=6c06c10fa03d3fc4,"","2026-05-01"
0,"","Electrical Foreman","Power Design, Inc.","New York, New York","","$90,000 - $120,000 (yearly)",jobspy_indeed,https://www.indeed.com/viewjob?jk=04d6a5d3f8381463,"","2026-04-30"
0,"","New Jersey Licensed Electrical Qualifier / Responsible Electrician (Part-Time / Consulting)","Vikta Energy","New York, New York","","",jobspy_indeed,https://www.indeed.com/viewjob?jk=f80da9cc43d0d109,"","2026-04-29"
0,"","Lead Operating Engineer (94)","Cushman & Wakefield","New York, New York","","$49 - $57 (hourly)",jobspy_indeed,https://www.indeed.com/viewjob?jk=f7f00523685f8c08,"","2026-04-28"
0,"","Master Electrician","Jetson Home Inc.","San Francisco, California","","$44 - $52 (hourly)",jobspy_indeed,https://www.indeed.com/viewjob?jk=05bebee24c39f744,"","2026-05-01"
0,"","Master Electrician","Mister Sparky","San Francisco, California","","$40 - $50 (hourly)",jobspy_indeed,https://www.indeed.com/viewjob?jk=93dee9a98551c034,"","2026-04-30"
0,"","Assistant Chief Engineer","Cushman & Wakefield","San Francisco, California","","$51 - $60 (hourly)",jobspy_indeed,https://www.indeed.com/viewjob?jk=6cf3e1fde7f85712,"","2026-04-28"
0,"","1099 Residential Journeyman Electrician Contractor","None","Seattle, Washington","","$45 - $55 (hourly)",jobspy_indeed,https://www.indeed.com/viewjob?jk=6bf68f6866c528b0,"","2026-05-02"
0,"","Master Electrician","nan","Boston, Massachusetts","","$50 - $70 (hourly)",jobspy_indeed,https://www.indeed.com/viewjob?jk=971f36fde06f81c1,"","2026-05-01"
0,"","Industrial Electrician","nan","Boston, Massachusetts","","$38 - $48 (hourly)",jobspy_indeed,https://www.indeed.com/viewjob?jk=5c46356b4f3dea03,"","2026-05-01"
0,"","Journeyman Electrician Commercial","Kelco Electric","Boston, Massachusetts","","$40 - $47 (hourly)",jobspy_indeed,https://www.indeed.com/viewjob?jk=04c2c7e53bcc4502,"","2026-05-01"
0,"","Electrician II","Catholic Medical Center","Boston, Massachusetts","","",jobspy_indeed,https://www.indeed.com/viewjob?jk=c0aec517143f7ac1,"","2026-04-29"
0,"","Utility Plant Operator (Electrician II)","Massachusetts College of Art and Design","Boston, Massachusetts","","",jobspy_indeed,https://www.indeed.com/viewjob?jk=5427daec14ad5799,"","2026-04-28"
0,"","Utility Plant Operator (Electrician II)","Commonwealth of Massachusetts","Boston, Massachusetts","","",jobspy_indeed,https://www.indeed.com/viewjob?jk=e5f6254965df7783,"","2026-04-28"
0,"","Electrician II","Commonwealth of Massachusetts","Boston, Massachusetts","","$69,480 - $98,102 (yearly)",jobspy_indeed,https://www.indeed.com/viewjob?jk=73e40df62ae3074b,"","2026-04-27"
0,"","Facilities and Maintenance Electrician","Commonwealth Fusion Systems","Boston, Massachusetts","","$30 - $48 (hourly)",jobspy_indeed,https://www.indeed.com/viewjob?jk=6b86b36f797d3652,"","2026-04-27"
0,"","Lead Engineer","C&W Services","Boston, Massachusetts","","$51 - $60 (hourly)",jobspy_indeed,https://www.indeed.com/viewjob?jk=22ffa5b880781ab4,"","2026-04-27"
0,"","Master Electrician","Jetson Home Inc.","Los Angeles, California","","$44 - $52 (hourly)",jobspy_indeed,https://www.indeed.com/viewjob?jk=65c208d99698e10e,"","2026-05-01"
0,"","Sr. Maintenance Tech","Cushman & Wakefield","Washington, DC","","$29 - $35 (hourly)",jobspy_indeed,https://www.indeed.com/viewjob?jk=85145905b2666ebf,"","2026-05-01"
0,"","Industrial Power & Controls Electrician (Conveyor Operations)","CNX","Washington, DC","","",jobspy_indeed,https://www.indeed.com/viewjob?jk=4c401729c39e2b30,"","2026-05-01"
0,"","Senior Chief Engineer","Cushman & Wakefield","Washington, DC","","$102,000 - $120,000 (yearly)",jobspy_indeed,https://www.indeed.com/viewjob?jk=6a5789d7233cdfe4,"","2026-04-30"
0,"","Master Electrician or Electrical Inspector","Schnabel Engineering","Washington, DC","","$50 - $83 (hourly)",jobspy_indeed,https://www.indeed.com/viewjob?jk=14177606102d5d9a,"","2026-04-30"
0,"","Electrician, Day Shift, Operation Facilities","Adventist HealthCare","Washington, DC","","$24 - $42 (hourly)",jobspy_indeed,https://www.indeed.com/viewjob?jk=a7c87bf4b2924d65,"","2026-04-30"
0,"","Local 10 Mobile Engineer","Cushman & Wakefield","Washington, DC","","$34 - $40 (hourly)",jobspy_indeed,https://www.indeed.com/viewjob?jk=024b9be40ac66ad6,"","2026-04-30"
0,"","Chief Engineer","Cushman & Wakefield","Washington, DC","","$46 - $55 (hourly)",jobspy_indeed,https://www.indeed.com/viewjob?jk=ad74521a9fac6b85,"","2026-04-30"
0,"","Electrician","Loudoun County Public Schools","Washington, DC","","$31 - $59 (hourly)",jobspy_indeed,https://www.indeed.com/viewjob?jk=edd55c62e2bc3716,"","2026-04-29"
0,"","Senior Multi-Site Maintenance Manager (Lease-up)","Comstock Companies","Washington, DC","","",jobspy_indeed,https://www.indeed.com/viewjob?jk=0fd03f45854b007c,"","2026-04-29"
0,"","Chief Engineer (Luxury Residences)","Comstock Companies","Washington, DC","","",jobspy_indeed,https://www.indeed.com/viewjob?jk=bb52c19abac0c698,"","2026-04-27"
0,"","Lead Engineer","Transwestern","Washington, DC","","$85,000 - $92,000 (yearly)",jobspy_indeed,https://www.indeed.com/viewjob?jk=a840461ca1e8f887,"","2026-04-28"
0,"","Engineer","Transwestern","Washington, DC","","$70,000 - $76,000 (yearly)",jobspy_indeed,https://www.indeed.com/viewjob?jk=09763811e9e6038f,"","2026-04-28"
0,"","Master Electrician (Licensed)","Beauflor USA","Washington, DC","","",jobspy_indeed,https://www.indeed.com/viewjob?jk=1df6dd7ed28f4b9c,"","2026-04-28"
0,"","Sr. Electrical Preventative Maintenance Technician","Leidos","Washington, DC","","",jobspy_indeed,https://www.indeed.com/viewjob?jk=b16c032ca0c1e505,"","2026-04-27"
0,"","Technical Writer","Leidos","Washington, DC","","",jobspy_indeed,https://www.indeed.com/viewjob?jk=c9a6c6a6baf1b0ee,"","2026-04-30"
0,"","Superintendent","Lumin8 Transportation Technologies","Washington, DC","","$100,000 - $120,000 (yearly)",jobspy_indeed,https://www.indeed.com/viewjob?jk=004c37df9fa03a0e,"","2026-03-30"
0,"","Electrician II","MedStar Health","Washington, DC","","",jobspy_indeed,https://www.indeed.com/viewjob?jk=10e70a24f78669eb,"","2026-02-13"
0,"","Foreman (Journeyman OR Master Electrician)","Enterprise Electrical","United States","","$34 - $45 (hourly)",jobspy_indeed,https://www.indeed.com/viewjob?jk=31ec316a44b89ceb,"","2026-05-04"
0,"","Journeyman Commercial Electrician - Houston TX","Enterprise Electrical","United States","","$27 - $35 (hourly)",jobspy_indeed,https://www.indeed.com/viewjob?jk=fe845e3414f88dad,"","2026-05-04"
0,"","Master Electrician","Building Waters Inc","United States","","$80,000 - $100,000 (yearly)",jobspy_indeed,https://www.indeed.com/viewjob?jk=6785326e34fdacbe,"","2026-05-04"
0,"","Commercial Electrical Foreman","Gutridge","United States","","",jobspy_indeed,https://www.indeed.com/viewjob?jk=c333132c1657e65d,"","2026-05-04"
0,"","Licensed Electrician","OSC Inc.","United States","","$20 - $40 (hourly)",jobspy_indeed,https://www.indeed.com/viewjob?jk=800dcb20b9cf1699,"","2026-05-04"
0,"","Licensed Electrician (Lead Role – Residential & Light Commercial)","Lexington Electrical and Hvac","United States","","$30 - $35 (hourly)",jobspy_indeed,https://www.indeed.com/viewjob?jk=b2349ac1fed34ade,"","2026-05-04"
0,"","Electrical Foreman","Power Design, Inc.","United States","","",jobspy_indeed,https://www.indeed.com/viewjob?jk=3be2a17c7c9ef5c9,"","2026-05-04"
0,"","Master Electrician (EPA Duluth)","IntegriWard LLC","United States","","$40 - $45 (hourly)",jobspy_indeed,https://www.indeed.com/viewjob?jk=477c8dcb476b3149,"","2026-05-04"
0,"","Licensed Master Electrician","Vanterra Foundation Solutions","United States","","",jobspy_indeed,https://www.indeed.com/viewjob?jk=27e690b13c5f4899,"","2026-05-04"
0,"","Master Electrician","CNC Construction Services","United States","","$35 - $40 (hourly)",jobspy_indeed,https://www.indeed.com/viewjob?jk=bab1a71a1a47a531,"","2026-05-04"
0,"","Electrician","3W Energy Services","United States","","$30 - $40 (hourly)",jobspy_indeed,https://www.indeed.com/viewjob?jk=bb2e149b41a7be61,"","2026-05-04"
0,"","Electrician","Smithsonian Institution","United States","","$30 - $35 (hourly)",jobspy_indeed,https://www.indeed.com/viewjob?jk=1d9f758d9bbb21ef,"","2026-05-04"
0,"","Electrician","Prisma Health","United States","","",jobspy_indeed,https://www.indeed.com/viewjob?jk=2e34532c5a0ddd57,"","2026-05-03"
0,"","Electrical Supervisor","Phixser Solutions LLC","United States","","$60,000 - $100,000 (yearly)",jobspy_indeed,https://www.indeed.com/viewjob?jk=49079d6145ca4ac6,"","2026-05-02"
0,"","Residential Service Electrician - Journeyman","Metro Electric","United States","","$30 - $35 (hourly)",jobspy_indeed,https://www.indeed.com/viewjob?jk=10ec0df04fdbed10,"","2026-05-02"
0,"","Mechanic Technician/Carpenter","CHRISTUS Health","United States","","",jobspy_indeed,https://www.indeed.com/viewjob?jk=e60eb9bbfe5ddf23,"","2026-05-02"
0,"","Electrical Maintenance Technician 1","BWX Technologies","United States","","",jobspy_indeed,https://www.indeed.com/viewjob?jk=9b1971ead045af79,"","2026-05-01"
0,"","Electrician","Kohler Co.","United States","","",jobspy_indeed,https://www.indeed.com/viewjob?jk=6776dfe56e6c2c03,"","2026-05-01"
0,"","Sr. Electrician","OAK FARMS DAIRY","United States","","$38 - $40 (hourly)",jobspy_indeed,https://www.indeed.com/viewjob?jk=5ffc2f28e7956408,"","2026-03-09"
0,"","Washington Electrical Administrator (EL01)","HVAC & Appliance Repair Guys","Remote","","",jobspy_indeed,https://www.indeed.com/viewjob?jk=6cde23d25da35ac5,"","2026-04-27"
0,"","AVP, Transactions Advisory, Traffic & Revenue Forecasting","Steer","New York, New York","","$120,000 - $180,000 (yearly)",jobspy_indeed,https://www.indeed.com/viewjob?jk=6cdc41b33ca6ff98,"","2026-04-28"
0,"","AVP, Transactions Advisory, Traffic & Revenue Forecasting","Steer","Boston, Massachusetts","","$120,000 - $180,000 (yearly)",jobspy_indeed,https://www.indeed.com/viewjob?jk=5b33451b76a9ece2,"","2026-04-28"
0,"","AVP, Transactions Advisory, Traffic & Revenue Forecasting","Steer","Los Angeles, California","","$120,000 - $180,000 (yearly)",jobspy_indeed,https://www.indeed.com/viewjob?jk=93f02e86728f8e57,"","2026-04-28"
0,"","AVP, Transactions Advisory, Traffic & Revenue Forecasting","Steer","Washington, DC","","$120,000 - $180,000 (yearly)",jobspy_indeed,https://www.indeed.com/viewjob?jk=a2dfdc9e6a3b8506,"","2026-04-28"
0,"","Plant Boiler Operator - Bedford, TX","Crothall Healthcare","United States","","$25 - $28 (hourly)",jobspy_indeed,https://www.indeed.com/viewjob?jk=c69fff28ecc3380a,"","2026-05-03"
0,"","Tool and Die Specialist","Panasonic","United States","","$32 - $37 (hourly)",jobspy_indeed,https://www.indeed.com/viewjob?jk=6b1518302b36774a,"","2026-05-01"
0,"","Machine Operator","Panasonic","United States","","",jobspy_indeed,https://www.indeed.com/viewjob?jk=13f93b9ff3ed5349,"","2026-05-01"
0,"","Material Handler","Panasonic","United States","","",jobspy_indeed,https://www.indeed.com/viewjob?jk=86d341596a418005,"","2026-04-28"
0,"","Command Center Supervisor","UT Southwestern Medical Center","United States","","",jobspy_indeed,https://www.indeed.com/viewjob?jk=dac72bd4789d1773,"","2026-04-30"
0,"","Director, Remote Productions","Warner Bros. Discovery","United States","","",jobspy_indeed,https://www.indeed.com/viewjob?jk=54c04bc1e18d7fcb,"","2026-04-28"
0,"","VP of Vehicle Operations (Austin, TX)","Recell EV","United States","","$100,000 - $120,000 (yearly)",jobspy_indeed,https://www.indeed.com/viewjob?jk=b3fc922582149bed,"","2026-04-28"
0,"","Senior Manager, Public Fleet Sales & State Policy","Rivian","United States","","",jobspy_indeed,https://www.indeed.com/viewjob?jk=38f7344176ee43b5,"","2026-04-22"
0,"","ROUTE DRIVER (SMARTSERVICE) (PART TIME)","Crothall Healthcare","United States","","",jobspy_indeed,https://www.indeed.com/viewjob?jk=dd7d3756c91239a0,"","2026-02-27"
0,"","Director of AV & Experience Systems","The Range Nyc Llc","New York, New York","","",jobspy_indeed,https://www.indeed.com/viewjob?jk=f592836861f4f36b,"","2026-04-27"
0,"","Associate Real-Time Software Engineer","Boeing","United States","","$106,250 - $143,750 (yearly)",jobspy_indeed,https://www.indeed.com/viewjob?jk=57354095e8109cc4,"","2026-04-29"
0,"","Senior Network Engineer, Catalyst","Orbis Operations","United States","","$130,000 - $180,000 (yearly)",jobspy_indeed,https://www.indeed.com/viewjob?jk=049dcd3066965f30,"","2026-04-28"
0,"","Digital Press Operator Internship","Sports Awards","Chicago, Illinois","","",jobspy_indeed,https://www.indeed.com/viewjob?jk=c0fc51864b935ffa,"","2026-05-04"
0,"","Graphic Artist","Same Day Tees","Chicago, Illinois","","$21 - $25 (hourly)",jobspy_indeed,https://www.indeed.com/viewjob?jk=b3c4ffcf1fa22ac3,"","2026-05-03"
0,"","Director, Commercial Marketing","QUAD","Chicago, Illinois","","$190,000 - $220,000 (yearly)",jobspy_indeed,https://www.indeed.com/viewjob?jk=21bf045accb462c7,"","2026-04-30"
0,"","Finishing Operator","Graphic Packaging International","Chicago, Illinois","","$26 - $32 (hourly)",jobspy_indeed,https://www.indeed.com/viewjob?jk=cb7d5440c9418656,"","2026-04-30"
0,"","Feeder Operator","Graphic Packaging International","Chicago, Illinois","","",jobspy_indeed,https://www.indeed.com/viewjob?jk=73bf0ee2de5bf46d,"","2026-04-29"
0,"","Bottom Stacker - 2nd Shift","Pratt Industries","Chicago, Illinois","","",jobspy_indeed,https://www.indeed.com/viewjob?jk=f6dd46e57c30f57c,"","2026-04-29"
0,"","Prelim/Prepress Operator 3","RR Donnelley","Chicago, Illinois","","$57,000 - $66,000 (yearly)",jobspy_indeed,https://www.indeed.com/viewjob?jk=5b046899b4ef5cc3,"","2026-04-28"
0,"","Sr Customer Account Manager","QUAD","New York, New York","","$80,000 - $95,000 (yearly)",jobspy_indeed,https://www.indeed.com/viewjob?jk=b5b4a8e5180d7e73,"","2026-05-04"
0,"","Sr Designer","QUAD","New York, New York","","$80,000 - $95,000 (yearly)",jobspy_indeed,https://www.indeed.com/viewjob?jk=eff3419170b26b27,"","2026-05-04"
0,"","Premedia Leader","QUAD","New York, New York","","$105,000 - $125,000 (yearly)",jobspy_indeed,https://www.indeed.com/viewjob?jk=f5c8ee5cf3921585,"","2026-05-04"
0,"","Training Content Coordinator","NAYA","New York, New York","","$68,000 - $75,000 (yearly)",jobspy_indeed,https://www.indeed.com/viewjob?jk=e9882671d2225213,"","2026-05-01"
0,"","Utility Systems Repairer Operator","US Department of Veterans Affairs","New York, New York","","$35 - $41 (hourly)",jobspy_indeed,https://www.indeed.com/viewjob?jk=04707f5a29f77b20,"","2026-05-01"
0,"","Senior Producer, Social Media","Fox Corporation","New York, New York","","$114,000 - $140,000 (yearly)",jobspy_indeed,https://www.indeed.com/viewjob?jk=211a1f5df811741b,"","2026-05-01"
0,"","APC Operator-Seasonal","Univision Communications Inc","New York, New York","","",jobspy_indeed,https://www.indeed.com/viewjob?jk=bfd44e1812f0408c,"","2026-05-01"
0,"","Manager, Portfolio Marketing","Link Logistics Real Estate","New York, New York","","$83,000 - $105,000 (yearly)",jobspy_indeed,https://www.indeed.com/viewjob?jk=d78a5ff8bbb9ba75,"","2026-05-01"
0,"","2nd Shift Digital Pressman","Cris Ray Printing","New York, New York","","$22 - $30 (hourly)",jobspy_indeed,https://www.indeed.com/viewjob?jk=e63ded070879b3e7,"","2026-05-01"
0,"","Administrative Claims Specialist","Plymouth Rock Assurance","New York, New York","","$42,000 - $55,500 (yearly)",jobspy_indeed,https://www.indeed.com/viewjob?jk=02ff26bcea49ea2e,"","2026-05-01"
0,"","Digital Marketing Production Artist & Technical Machine Operator","PNA Technologies, LLC","New York, New York","","$50,000 - $60,000 (yearly)",jobspy_indeed,https://www.indeed.com/viewjob?jk=3080b55382ad6197,"","2026-05-01"
0,"","Digital wide format supervisor","Asha44","New York, New York","","$25 - $37 (hourly)",jobspy_indeed,https://www.indeed.com/viewjob?jk=c12acc7ecdd523df,"","2026-05-01"
0,"","Flexo Press Operator - Second Shift","PLPS (Label Graphics)","New York, New York","","$22 - $26 (hourly)",jobspy_indeed,https://www.indeed.com/viewjob?jk=08eff62a37b04679,"","2026-05-01"
0,"","WAREHOUSE / FORKLIFT OPERATOR","nan","New York, New York","","$20 - $25 (hourly)",jobspy_indeed,https://www.indeed.com/viewjob?jk=d8858cc55d697797,"","2026-04-30"
0,"","Junior Creative Strategist","Lume Deodorant","New York, New York","","$90,800 - $113,500 (yearly)",jobspy_indeed,https://www.indeed.com/viewjob?jk=cc279f4e4e2c1967,"","2026-04-29"
0,"","Junior Creative Strategist","Mammoth Brands","New York, New York","","$90,800 - $113,500 (yearly)",jobspy_indeed,https://www.indeed.com/viewjob?jk=3fe8809031b7ab41,"","2026-04-29"
0,"","Screen Printing Operator","Blank Workshop LLC","New York, New York","","$20 - $24 (hourly)",jobspy_indeed,https://www.indeed.com/viewjob?jk=81aee70894289c31,"","2026-04-29"
0,"","HVAC Controls Software Engineer","Albireo Energy","New York, New York","","$90,000 - $120,000 (yearly)",jobspy_indeed,https://www.indeed.com/viewjob?jk=c7fd3836151df6f2,"","2026-04-29"
0,"","Freelance Associate Producer (College Football Studio Graphics) – NBC Sports","NBCUniversal","New York, New York","","",jobspy_indeed,https://www.indeed.com/viewjob?jk=78156b9522336aca,"","2026-04-27"
0,"","Open Source Sustainability Program Manager","NVIDIA","San Francisco, California","","$168,000 - $258,750 (yearly)",jobspy_indeed,https://www.indeed.com/viewjob?jk=6572dfdf6e8844d9,"","2026-05-01"
0,"","Permit Facilitator - Land Management","ENTRUST Solutions Group","San Francisco, California","","$68,640 - $76,960 (yearly)",jobspy_indeed,https://www.indeed.com/viewjob?jk=0e0dbb75670959ba,"","2026-04-30"
0,"","Developer Technology Intern, High-Performance Databases - Fall 2026","NVIDIA","San Francisco, California","","$20 - $71 (hourly)",jobspy_indeed,https://www.indeed.com/viewjob?jk=1526ab8969ee3f57,"","2026-04-30"
0,"","Principal Design Lead","Intuit","San Francisco, California","","$218,000 - $295,000 (yearly)",jobspy_indeed,https://www.indeed.com/viewjob?jk=cdeab894823b4322,"","2026-04-29"
0,"","Equipment Maintenance Technician - Back End Nights (BEN)","FujiFilm","San Francisco, California","","$30 - $40 (hourly)",jobspy_indeed,https://www.indeed.com/viewjob?jk=835853d589c17ab4,"","2026-04-28"
0,"","Equipment Maintenance Technician - Back End Nights (BEN)","FUJIFILM Dimatix","San Francisco, California","","$30 - $40 (hourly)",jobspy_indeed,https://www.indeed.com/viewjob?jk=b4bee7858b1a2321,"","2026-04-28"
0,"","SoC Product Architect, Telecom AI RAN","NVIDIA","San Francisco, California","","$272,000 - $431,250 (yearly)",jobspy_indeed,https://www.indeed.com/viewjob?jk=f23b023cedf61d02,"","2026-04-28"
0,"","General Laborer (Packer)","Mill Rock Packaging","Seattle, Washington","","$21 - $23 (hourly)",jobspy_indeed,https://www.indeed.com/viewjob?jk=62b360719cb0dc5b,"","2026-05-01"
0,"","Community Corrections Officer 2 (Or CCO1 In-Training) - Special Assault Unit South - Tacoma","State of Washington","Seattle, Washington","","$4,603 - $7,540 (monthly)",jobspy_indeed,https://www.indeed.com/viewjob?jk=1d41f21cb4950a31,"","2026-04-27"
0,"","Controls Operating Engineer I/II","Fred Hutchinson Cancer Center","Seattle, Washington","","$37 - $40 (hourly)",jobspy_indeed,https://www.indeed.com/viewjob?jk=158dec556c9abb69,"","2026-04-27"
0,"","Print Production Operator","FedEx Office","Seattle, Washington","","$20 - $24 (hourly)",jobspy_indeed,https://www.indeed.com/viewjob?jk=2217f8a312367166,"","2026-04-27"
0,"","Screen Printing Operator","Bay State Specialty Co.","Boston, Massachusetts","","$17 - $20 (hourly)",jobspy_indeed,https://www.indeed.com/viewjob?jk=8d45dea90650c034,"","2026-04-29"
0,"","Forklift Operator / Warehouse help Mansfield, MA","Packaging Exchange","Boston, Massachusetts","","$23 - $24 (hourly)",jobspy_indeed,https://www.indeed.com/viewjob?jk=2d352a326fd023ec,"","2026-04-29"
0,"","Digital Press Operator","Rand Whitney","Boston, Massachusetts","","$19 - $25 (hourly)",jobspy_indeed,https://www.indeed.com/viewjob?jk=d403fc58a6af22f3,"","2026-04-27"
0,"","Production Specialist","Visual Edge IT","Boston, Massachusetts","","$95,000 - $105,000 (yearly)",jobspy_indeed,https://www.indeed.com/viewjob?jk=e76532325dee5fe2,"","2026-04-27"
0,"","Manager, Production","Paramount","Los Angeles, California","","$85,000 - $100,000 (yearly)",jobspy_indeed,https://www.indeed.com/viewjob?jk=47c611b41f6642d0,"","2026-05-03"
0,"","Prepress Operator/Artist/Social Media Coordinator","Box Printing Company","Los Angeles, California","","$22 - $25 (hourly)",jobspy_indeed,https://www.indeed.com/viewjob?jk=fd3473f3c4ae15bc,"","2026-05-03"
0,"","Social Media and Marketing Manager","Sales Boulevard","Los Angeles, California","","$49,947 - $60,152 (yearly)",jobspy_indeed,https://www.indeed.com/viewjob?jk=5d39fca4e1ff53dc,"","2026-05-03"
0,"","Social Media Manager","Savage X","Los Angeles, California","","$90,000 - $100,000 (yearly)",jobspy_indeed,https://www.indeed.com/viewjob?jk=70d0d1b6aa137354,"","2026-05-01"
0,"","Photo Production Designer","Buck Mason","Los Angeles, California","","",jobspy_indeed,https://www.indeed.com/viewjob?jk=39e3920b2d0d94e9,"","2026-04-30"
0,"","Marketing Operator","Kings Dental Group","Los Angeles, California","","$3,000 - $5,000 (monthly)",jobspy_indeed,https://www.indeed.com/viewjob?jk=5013978149f02a84,"","2026-04-29"
0,"","Pressroom Supervisor","Veritiv","Los Angeles, California","","",jobspy_indeed,https://www.indeed.com/viewjob?jk=13b338d800fc7f3c,"","2026-04-28"
0,"","Production Assistant Internship","MomentIQ Productions Inc","Los Angeles, California","","$16 - $19 (hourly)",jobspy_indeed,https://www.indeed.com/viewjob?jk=5312fd0cd934703a,"","2026-04-28"
0,"","Customer Service Representative","ABC Imaging","Los Angeles, California","","$20 - $22 (hourly)",jobspy_indeed,https://www.indeed.com/viewjob?jk=f6ae45333df0f217,"","2026-04-01"
0,"","Asset Protection Lead","Walmart","Los Angeles, California","","$26 - $29 (hourly)",jobspy_indeed,https://www.indeed.com/viewjob?jk=bf1326ebb6417534,"","2024-10-16"
0,"","Lead Technical Writer – Navy Submarine Sonar & Sensor Systems","General Dynamics Mission Systems","Washington, DC","","$96,142 - $104,029 (yearly)",jobspy_indeed,https://www.indeed.com/viewjob?jk=d274e5212a9b58d2,"","2026-05-01"
0,"","Solution Architect","Booz Allen Hamilton","Washington, DC","","$112,800 - $257,000 (yearly)",jobspy_indeed,https://www.indeed.com/viewjob?jk=46cc5ad49f60e783,"","2026-04-30"
0,"","Print Production Specialist","Curry Printing","Washington, DC","","$22 - $24 (hourly)",jobspy_indeed,https://www.indeed.com/viewjob?jk=1e64cf7f87f002fb,"","2026-04-30"
0,"","Senior Front-End Developer","Maximus","Washington, DC","","$125,000 - $150,000 (yearly)",jobspy_indeed,https://www.indeed.com/viewjob?jk=e75e0b4aba8ad0f0,"","2026-04-30"
0,"","Multimedia Specialist, DOT","Organizational Development Resource Gp","Washington, DC","","$60,000 - $65,000 (yearly)",jobspy_indeed,https://www.indeed.com/viewjob?jk=9f32c3c14c26b44a,"","2026-04-30"
0,"","WEB DEVELOPER (WEBMASTER II)","nan","Washington, DC","","$80,541 - $101,283 (yearly)",jobspy_indeed,https://www.indeed.com/viewjob?jk=5fb78ad27791f222,"","2026-04-29"
0,"","Technical Writer","Textron Systems","Washington, DC","","$71,400 - $107,000 (yearly)",jobspy_indeed,https://www.indeed.com/viewjob?jk=ee733dc6bf4c41d3,"","2026-04-29"
0,"","Multi-Media Assistant (Active Public Trust Clearance)","Advanced Decision Vectors, LLC","Washington, DC","","",jobspy_indeed,https://www.indeed.com/viewjob?jk=536a25e4df989004,"","2026-04-28"
0,"","Prepress Operator 2","SCHAWK USA","United States","","$26 - $36 (hourly)",jobspy_indeed,https://www.indeed.com/viewjob?jk=4c0ce99ef2ae25f6,"","2026-05-04"
0,"","LEAD II - grade 6","George's Inc.","United States","","",jobspy_indeed,https://www.indeed.com/viewjob?jk=7cce476fcbad2299,"","2026-05-04"
0,"","LEAD I - grade 4","George's Inc.","United States","","",jobspy_indeed,https://www.indeed.com/viewjob?jk=62ba8836249c9bac,"","2026-05-01"
0,"","Production Operator","Graphic Packaging International","United States","","$25 - $27 (hourly)",jobspy_indeed,https://www.indeed.com/viewjob?jk=5dc1977a0bd9db21,"","2026-05-04"
0,"","Vinyl Print Installer Employee","Printmor","United States","","",jobspy_indeed,https://www.indeed.com/viewjob?jk=23d46dcd940f77e4,"","2026-05-04"
0,"","Startup Ecosystem Manager","nan","United States","","$45,000 - $70,000 (yearly)",jobspy_indeed,https://www.indeed.com/viewjob?jk=4407d8204291d854,"","2026-05-03"
0,"","Print Production Operator","Fern Expo","United States","","",jobspy_indeed,https://www.indeed.com/viewjob?jk=ab00ca08fb1e254a,"","2026-05-03"
0,"","Maintenance Technician - 3rd Shift","Menasha Corporation","United States","","",jobspy_indeed,https://www.indeed.com/viewjob?jk=8a229944f92e3e91,"","2026-05-03"
0,"","General Labor - 3rd Shift","Menasha Corporation","United States","","",jobspy_indeed,https://www.indeed.com/viewjob?jk=bb2a00b5e8a097f2,"","2026-05-03"
0,"","Ground Liaison SME and Air-Surface Operations Analyst","R&K Enterprise Solutions","United States","","",jobspy_indeed,https://www.indeed.com/viewjob?jk=83480b78ab09ed74,"","2026-05-03"
0,"","Foodservice Equipment Project Manager","Fortuna Enterprises, LLC","United States","","",jobspy_indeed,https://www.indeed.com/viewjob?jk=3008597844d862b2,"","2026-05-02"
0,"","Social Media Manager","RHP Properties","United States","","",jobspy_indeed,https://www.indeed.com/viewjob?jk=cf6184ed0d813d58,"","2026-05-02"
0,"","Graphic Design Specialist - Communications","Pima County","United States","","$49,795 - $69,721 (yearly)",jobspy_indeed,https://www.indeed.com/viewjob?jk=b68d3f7f98f1bdc6,"","2026-05-01"
0,"","Pool Operations Specialist","Casino del Sol","United States","","",jobspy_indeed,https://www.indeed.com/viewjob?jk=af32580aecabb8d0,"","2026-03-13"
0,"","Bilingual Creative & Community Coordinator","Atlantic Legal Strategy PSC","Remote","","$7 - $10 (hourly)",jobspy_indeed,https://www.indeed.com/viewjob?jk=5a3cd7e1758d1e47,"","2026-05-01"
0,"","Newsletter Operator (Dynamic Writing /Editing /Systems Role) PT→FT","Letter Operators","Remote","","$25 - $30 (hourly)",jobspy_indeed,https://www.indeed.com/viewjob?jk=471dd36b58e0b309,"","2026-05-01"
0,"","Critical Facilities Controls Support Engineer","ServerFarm","Remote","","$80,000 - $100,000 (yearly)",jobspy_indeed,https://www.indeed.com/viewjob?jk=2c9e37da3fc0a33b,"","2026-04-30"
0,"","Carpenter (Exhibit, Trade Show, Custom Fabrication)","Show Ready Inc","Los Angeles, California","","",jobspy_indeed,https://www.indeed.com/viewjob?jk=d077efa1ce0e6e32,"","2026-05-01"
0,"","Part Time Carpenter","Extraordinary","Washington, DC","","$35 - $45 (hourly)",jobspy_indeed,https://www.indeed.com/viewjob?jk=e261284cf6d5d1d5,"","2026-04-29"
0,"","Scenic Carpenter","InProduction","United States","","",jobspy_indeed,https://www.indeed.com/viewjob?jk=6139a06166267d3a,"","2026-05-03"
0,"","Carpenter","BRDG Studios","United States","","",jobspy_indeed,https://www.indeed.com/viewjob?jk=3b6b42ba44ff3e0b,"","2026-04-29"
0,"","Scenic Carpenter - Haunt","Terror in the Corn/Anderson Farms","United States","","$28 - $33 (hourly)",jobspy_indeed,https://www.indeed.com/viewjob?jk=db2602809c68b579,"","2026-04-29"
0,"","Scenic Carpenter","Plague Productions","United States","","$22 - $28 (hourly)",jobspy_indeed,https://www.indeed.com/viewjob?jk=0da696f31b72de82,"","2026-04-29"
0,"","Event Rigging Supervisor, Audio Visual – Marriott Marquis","Encore Global","Washington, DC","","$44 - $44 (hourly)",jobspy_indeed,https://www.indeed.com/viewjob?jk=53e21f217edd171d,"","2026-04-28"
0,"","Service Technician Apprentice","SkipperBud's","United States","","",jobspy_indeed,https://www.indeed.com/viewjob?jk=0c6ba5b7f89722ee,"","2026-05-01"
0,"","Event Rigger, Audio Visual (Part Time, Casual) - Fajardo, Puerto Rico","Encore Global","United States","","$22 - $29 (hourly)",jobspy_indeed,https://www.indeed.com/viewjob?jk=3dc487063e719bf1,"","2026-04-30"
0,"","Service Technician Apprentice","MarineMax","United States","","",jobspy_indeed,https://www.indeed.com/viewjob?jk=953244c9a8284e89,"","2026-04-29"
