score,verdict,title,company,location,tier,salary,source,url,reasoning,date_posted
0,"","Audio Visual Engineer","A-V Services Inc.","New York, NY","","100K a year",brightdata_google_jobs,https://hiring.cafe/jobs/audio-visual-engineer/locations/new-york-new-york?utm_campaign=google_jobs_apply&utm_source=google_jobs_apply&utm_medium=organic,"","2026-03-03"
0,"","Audio Visual Technician, level 1, freelance","TRITECH Communications","New York, NY","","25–30 an hour",brightdata_google_jobs,https://us.bebee.com/job/157734d676bc75001c14c749fe7b6342?utm_campaign=google_jobs_apply&utm_source=google_jobs_apply&utm_medium=organic,"","2026-03-05"
0,"","Video Studio Audio and Video Technician","NYC Video Studio","New York, NY","","450–650 a day",brightdata_google_jobs,https://www.ziprecruiter.com/c/NYC-Video-Studio/Job/Video-Studio-Audio-and-Video-Technician/-in-New-York,NY?jid=357de30d3347b691&utm_campaign=google_jobs_apply&utm_source=google_jobs_apply&utm_medium=organic,"","2026-03-06"
0,"","Audio Engineer/A1","NBCUniversal","New York, NY","","",brightdata_google_jobs,https://jobs.smartrecruiters.com/NBCUniversal3/744000112461898-audio-engineer-a1?utm_campaign=google_jobs_apply&utm_source=google_jobs_apply&utm_medium=organic,"","2026-03-03"
0,"","AVW - Audio Visual Technician V1 (On-Call)","AV Workshop","New York, NY","","35–65 an hour",brightdata_google_jobs,https://us.bebee.com/job/af73b9bca12d7b54377afa3e330c8dfa?utm_campaign=google_jobs_apply&utm_source=google_jobs_apply&utm_medium=organic,"",""
0,"","Audio Video Engineer","SeaGlass IT","New York, NY","","",brightdata_google_jobs,https://us.bebee.com/job/6d2da08e8b976ada6ea0dc955a6b2b51?utm_campaign=google_jobs_apply&utm_source=google_jobs_apply&utm_medium=organic,"","2026-02-19"
0,"","All Levels Residential AV Tech - sign on bonus","HOME ENTERTAINMENT DESIGN INC","New York, NY","","50K–80K a year",brightdata_google_jobs,https://www.ziprecruiter.com/c/HOME-ENTERTAINMENT-DESIGN/Job/All-Levels-Residential-AV-Tech-sign-on-bonus/-in-New-York,NY?jid=8a728986e4e0891a&utm_campaign=google_jobs_apply&utm_source=google_jobs_apply&utm_medium=organic,"",""
0,"","Onsite AV Service Technician","Diversified","New York, NY","","38–47 an hour",brightdata_google_jobs,https://hiring.cafe/jobs/av-service-technician/locations/new-york-new-york?utm_campaign=google_jobs_apply&utm_source=google_jobs_apply&utm_medium=organic,"","2026-02-19"
0,"","Sr. Audio Visual Technician - NY/NJ","Howard Industries, Inc","New York, NY","","",brightdata_google_jobs,https://lensa.com/job-v1/howard-industries/new-york-ny/senior-av-technician/49f5229964de97716928851dfcad6cff?utm_campaign=google_jobs_apply&utm_source=google_jobs_apply&utm_medium=organic,"",""
0,"","Lead Audio Visual Technician","Automated Technology Systems","Valley Stream, NY","","",brightdata_google_jobs,https://www.indeed.com/viewjob?jk=ef1ec5ad73d5ecd3&utm_campaign=google_jobs_apply&utm_source=google_jobs_apply&utm_medium=organic,"",""
0,"","AV Engineer - Zoom Room Deployment Specialist","EPAM Systems, Inc.","Seattle, WA","","45K–69K a year",brightdata_google_jobs,https://lensa.com/job-v1/epam/seattle-wa/specialist-audio-visual-engineer/2ada4772fdd6c948f25d8c67dfc7e229?utm_campaign=google_jobs_apply&utm_source=google_jobs_apply&utm_medium=organic,"","2026-03-04"
0,"","Seattle WA Freelance A/V Technician","Blue Danube Productions","Seattle, WA","","30–60 an hour",brightdata_google_jobs,https://lensa.com/job-v1/blue-danube-productions/seattle-wa/av-technician-contractor/36155e0952faa51be857efb0554d49b1?utm_campaign=google_jobs_apply&utm_source=google_jobs_apply&utm_medium=organic,"","2026-03-05"
0,"","Sound and Video Technician","City of Seattle, WA","Seattle, WA","","104,060–107,930 a year",brightdata_google_jobs,https://www.theladders.com/job/sound-and-video-technician-city-of-seattle-wa-seattle-wa_81556330?utm_campaign=google_jobs_apply&utm_source=google_jobs_apply&utm_medium=organic,"",""
0,"","Lead Audio Visual Field Technician","EOS","Seattle, WA","","80K–110K a year",brightdata_google_jobs,https://www.tealhq.com/job/lead-audio-visual-field-technician_7ea1aa693436563098cae8cee0f71e71c0473?utm_campaign=google_jobs_apply&utm_source=google_jobs_apply&utm_medium=organic,"","2026-03-04"
0,"","AV Technician III","Allen Institute","Seattle, WA","","58,000–71,050 a year",brightdata_google_jobs,https://hiring.cafe/jobs/avionics-system-integrator-iii/locations/seattle-or-space-coast-or-denver?utm_campaign=google_jobs_apply&utm_source=google_jobs_apply&utm_medium=organic,"","2026-02-10"
0,"","Senior Audio Visual Technician","EOS IT Company","Seattle, WA","","",brightdata_google_jobs,https://jobs.kget.com/jobs/senior-audio-visual-technician-seattle-washington/2631672166-2/?utm_campaign=google_jobs_apply&utm_source=google_jobs_apply&utm_medium=organic,"","2026-02-23"
0,"","Audio Visual Field Service Technician","OfficePro","Seattle, WA","","45K–65K a year",brightdata_google_jobs,https://www.jobleads.com/us/job/audio-visual-field-service-technician-seattle-metro--seattle--ea26b92a6583d1104ece5a217e7959c0e?utm_campaign=google_jobs_apply&utm_source=google_jobs_apply&utm_medium=organic,"","2026-02-27"
0,"","Audio Visual Events Technician","TEKsystems","Bellevue, WA","","35–42 an hour",brightdata_google_jobs,https://dejobs.org/bellevue-wa/audio-visual-events-technician/E4B7FDAECC4D4FC7935FA9002F2739C3/job/?utm_campaign=google_jobs_apply&utm_source=google_jobs_apply&utm_medium=organic,"","2026-02-26"
0,"","06 Lead AV Technician","Topa Group, Inc.","Bellevue, WA","","90K–110K a year",brightdata_google_jobs,https://us.bebee.com/job/308a2e5ad1dd96937b8603ec40368d0c?utm_campaign=google_jobs_apply&utm_source=google_jobs_apply&utm_medium=organic,"","2026-03-07"
0,"","Senior AV Service Technician","avisystems","Seattle, WA","","",brightdata_google_jobs,https://www.jobleads.com/us/job/senior-audio-visual-service-technician--seattle--e1d00d637cec5315365c5362ed6bbc363?utm_campaign=google_jobs_apply&utm_source=google_jobs_apply&utm_medium=organic,"",""
0,"","AUDIO VISUAL TECHNICIAN","Compass Group","Boston, MA","","40 an hour",brightdata_google_jobs,https://www.breakroom.cc/en-us/jobs/listing/21624271-compass-group-audio-visual-technician-boston-massachusetts?utm_campaign=google_jobs_apply&utm_source=google_jobs_apply&utm_medium=organic,"","2026-02-13"
0,"","Audio Video Technician","Berklee College of Music","Boston, MA","","",brightdata_google_jobs,https://hiring.cafe/jobs/audio-video-technician/locations/boston-massachusetts?utm_campaign=google_jobs_apply&utm_source=google_jobs_apply&utm_medium=organic,"","2026-02-07"
0,"","Audiovisual Technician","Confidential","Boston, MA","","27.04–27.50 an hour",brightdata_google_jobs,https://www.ihirebroadcasting.com/jobs/view/512398323?utm_campaign=google_jobs_apply&utm_source=google_jobs_apply&utm_medium=organic,"","2026-03-02"
0,"","AV Technician - Freelance - Boston","Crunchy Tech","Boston, MA","","",brightdata_google_jobs,https://www.career.com/job/crunchy-tech/av-technician-freelance-boston/j202311210157076401427?utm_campaign=google_jobs_apply&utm_source=google_jobs_apply&utm_medium=organic,"","2026-03-06"
0,"","AUDIO VISUAL TECHNICIAN (ON CALL)","Eurest","Boston, MA","","40 an hour",brightdata_google_jobs,https://jobs.concordmonitor.com/job/1b201ce0-d1e5-4aad-86a8-89750fa92a49/audio-visual-technician-on-call?utm_campaign=google_jobs_apply&utm_source=google_jobs_apply&utm_medium=organic,"","2026-02-25"
0,"","Freelance AV Technician","Marcus Evans","Boston, MA","","",brightdata_google_jobs,https://talents.vaia.com/companies/marcus-evans-group/freelance-av-technician-34128634/?utm_campaign=google_jobs_apply&utm_source=google_jobs_apply&utm_medium=organic,"","2026-02-27"
0,"","Low Voltage / Industrial / CCTV / AV Technician - Full-time","Wachter","Boston, MA","","20 an hour",brightdata_google_jobs,https://www.snagajob.com/jobs/1202372679?utm_campaign=google_jobs_apply&utm_source=google_jobs_apply&utm_medium=organic,"",""
0,"","AV Technician, Investments Technology","Liberty Mutual","Boston, MA","","",brightdata_google_jobs,https://www.audjobs.net/jobs/av-technician-investments-technology-95428c06?utm_campaign=google_jobs_apply&utm_source=google_jobs_apply&utm_medium=organic,"",""
0,"","IT AV Specialist","ASM Global","Boston, MA","","",brightdata_google_jobs,https://hiring.cafe/jobs/it-av-specialist/locations/boston-massachusetts?utm_campaign=google_jobs_apply&utm_source=google_jobs_apply&utm_medium=organic,"","2026-02-07"
0,"","Audio Visual Technician","KVL Audio Visual Services","Cambridge, MA","","",brightdata_google_jobs,https://us.bebee.com/job/6c5b207039ceda1e5b3d216aa6e5ef43?utm_campaign=google_jobs_apply&utm_source=google_jobs_apply&utm_medium=organic,"","2026-02-07"
0,"","AV Service Technician/Engineer","Presentation Products Inc","Los Angeles, CA","","48–53 an hour",brightdata_google_jobs,https://www.indeed.com/viewjob?jk=f9dfe0688f493b24&utm_campaign=google_jobs_apply&utm_source=google_jobs_apply&utm_medium=organic,"",""
0,"","Audio-Visual Technician","Los Angeles County Museum Of Natural History Foundation","Los Angeles, CA","","",brightdata_google_jobs,https://us.bebee.com/job/b8f8508d1ae00137104cadc38b3f0868?utm_campaign=google_jobs_apply&utm_source=google_jobs_apply&utm_medium=organic,"",""
0,"","Audio Visual Integration Technician","CTI","Los Angeles, CA","","",brightdata_google_jobs,https://lensa.com/job-v1/cti/los-angeles-ca/av-technician/e884773031b72a766481bbb5e4ade440?utm_campaign=google_jobs_apply&utm_source=google_jobs_apply&utm_medium=organic,"","2026-03-02"
0,"","Freelance AV Technician - Los Angeles","AV Labor Source","Los Angeles, CA","","30–65 an hour",brightdata_google_jobs,https://home-alliance.breezy.hr/p/c52a33327841-electrical-technician-los-angeles?utm_campaign=google_jobs_apply&utm_source=google_jobs_apply&utm_medium=organic,"","2026-02-09"
0,"","AV Technician","Confidential","Los Angeles, CA","","32–40 an hour",brightdata_google_jobs,https://hiring.cafe/jobs/av-technician/locations/los-angeles-california?utm_campaign=google_jobs_apply&utm_source=google_jobs_apply&utm_medium=organic,"",""
0,"","AV Field Service Engineer — Install, Troubleshoot & Train Clients","AVI-SPL, Inc.","Los Angeles, CA","","60K–80K a year",brightdata_google_jobs,https://www.jobleads.com/us/job/av-field-service-engineer-install-troubleshoot-train-clients--los-angeles--ed8e4aff176046cc22af0561507e41c05?utm_campaign=google_jobs_apply&utm_source=google_jobs_apply&utm_medium=organic,"","2026-03-02"
0,"","A/V Technician","SCI-Arc","Los Angeles, CA","","27–30 an hour",brightdata_google_jobs,https://us.bebee.com/job/004faada56b428dabd11b1e79928aeb0?utm_campaign=google_jobs_apply&utm_source=google_jobs_apply&utm_medium=organic,"",""
0,"","Audio Visual Technician","Steris Corporation","Bellflower, CA","","",brightdata_google_jobs,https://careers.steris.com/job/Bellflower-Audio-Visual-Technician-CA-90707/1369218500/?utm_campaign=google_jobs_apply&utm_source=google_jobs_apply&utm_medium=organic,"","2026-03-01"
0,"","Audio Video Technician","Virtual Vocations Inc","Torrance, CA","","",brightdata_google_jobs,https://us.sercanto.com/detail/a/audio-video-technician_torrance_3216766417?utm_campaign=google_jobs_apply&utm_source=google_jobs_apply&utm_medium=organic,"","2026-03-04"
0,"","Engineer (Audio Visual and Media)","Skydance","Santa Monica, CA","","65K–125K a year",brightdata_google_jobs,https://us.bebee.com/job/13098be2b95a315229bb6c8eeb55fd58?utm_campaign=google_jobs_apply&utm_source=google_jobs_apply&utm_medium=organic,"","2026-02-26"
0,"","AUDIO VISUAL TECHNICIAN","Compass Group","Bothell, WA","","40 an hour",brightdata_google_jobs,https://www.breakroom.cc/en-us/jobs/listing/23663606-compass-group-audio-visual-technician-bothell-washington?utm_campaign=google_jobs_apply&utm_source=google_jobs_apply&utm_medium=organic,"","2026-02-11"
0,"","Level 1 AV Engineer","Zones LLC.","Redmond, WA","","80.2K a year",brightdata_google_jobs,https://veterans.usnlx.com/redmond-wa/level-1-av-engineer/D44D3E36C62E44D7B21EA1D6103842FE/job/?utm_campaign=google_jobs_apply&utm_source=google_jobs_apply&utm_medium=organic,"",""
0,"","A/V Technician I","ilani","Ridgefield, WA","","25.01 an hour",brightdata_google_jobs,https://www.tealhq.com/job/a-v-technician-i_7ea1a48eaa52cb7add0fa167cfa2738eaefe3?utm_campaign=google_jobs_apply&utm_source=google_jobs_apply&utm_medium=organic,"","2026-02-23"
0,"","Broadcast Engineer Job at High Point University in High Point","High Point University","High Point, NC","","",brightdata_google_jobs,https://www.mediabistro.com/jobs/1866720570-broadcast-engineer-job-at-high-point-university-in-high-point?utm_campaign=google_jobs_apply&utm_source=google_jobs_apply&utm_medium=organic,"","2026-03-04"
0,"","AV Event Specialist","1872 Consulting","Chicago, IL","","",brightdata_google_jobs,https://www.talentify.io/job/av-event-specialist-chicago-illinois-1872-consulting-22-00064?utm_campaign=google_jobs_apply&utm_source=google_jobs_apply&utm_medium=organic,"",""
0,"","Audio Visual Support Specialist","Accenture","Chicago, IL","","",brightdata_google_jobs,https://jobs.kget.com/jobs/audio-visual-support-specialist-chicago-illinois/2618793150-2/?utm_campaign=google_jobs_apply&utm_source=google_jobs_apply&utm_medium=organic,"","2026-02-14"
0,"","Senior AV Services Manager — Lead -Impact Conferences","Compass Group North America","Boston, MA","","100K–125K a year",brightdata_google_jobs,https://www.learn4good.com/jobs/boston/massachusetts/info_technology/4919913399/e/?utm_campaign=google_jobs_apply&utm_source=google_jobs_apply&utm_medium=organic,"","2026-03-02"
0,"","Conference Room & AV Setup Specialist","LanceSoft Inc","Boston, MA","","",brightdata_google_jobs,https://lensa.com/job-v1/metasys-technologies/boston-ma/specialist-conference-services-coordinator/1ab1a2be708e02eb113e12dec397d17b?utm_campaign=google_jobs_apply&utm_source=google_jobs_apply&utm_medium=organic,"","2026-02-28"
0,"","Onsite Auditorium and AV Maintenance Technician","Avi-Spl","New York, NY","","",brightdata_google_jobs,https://www.tealhq.com/job/onsite-auditorium-and-av-maintenance-technician_7ea1abe0937151fc6041ae8a247886f6bc523?utm_campaign=google_jobs_apply&utm_source=google_jobs_apply&utm_medium=organic,"",""
0,"","Experienced Residential AV Tech - sign on bonus","HOME ENTERTAINMENT DESIGN INC","New York, NY","","60K–80K a year",brightdata_google_jobs,https://lensa.com/job-v1/i4-search-group/harrison-ny/senior-interventional-radiology-technologist/61f86b0003091890637dba7dac0b4c01?utm_campaign=google_jobs_apply&utm_source=google_jobs_apply&utm_medium=organic,"",""
0,"","COMMERCIAL AUDIO-VISUAL TECHNICIAN - 5+ YEARS OF EXPERIENCE","SEPTEM TECHNOLOGIES INC","New York, NY","","35–45 an hour",brightdata_google_jobs,https://www.ziprecruiter.com/c/SEPTEM-TECHNOLOGIES/Job/COMMERCIAL-AUDIO-VISUAL-TECHNICIAN-5+-YEARS-OF-EXPERIENCE/-in-New-York,NY?jid=e07af0712c073fc2&utm_campaign=google_jobs_apply&utm_source=google_jobs_apply&utm_medium=organic,"",""
0,"","Audiovisual Technician","Ask IT Consulting","New City, NY","","",brightdata_google_jobs,https://simplify.jobs/p/6eb483a7-ba45-4deb-9a12-fadf7f55ae28/Audiovisual-Technician?utm_campaign=google_jobs_apply&utm_source=google_jobs_apply&utm_medium=organic,"","2026-02-19"
0,"","Audio-Visual Infrastructure/Systems Technician - New York, NY (Onsite - 100%) - C2H","KE Staffing","New York, NY","","50 an hour",brightdata_google_jobs,https://www.techfetch.com/job-description/audio-visual-infrastructure-systems-technician-york-ny-onsite-new-york-ny-j3621957?utm_campaign=google_jobs_apply&utm_source=google_jobs_apply&utm_medium=organic,"",""
0,"","Audiovisual Technicians","Jobs for Humanity","New York, NY","","",brightdata_google_jobs,https://jobs.smartrecruiters.com/JobsForHumanity/744000016300085-audiovisual-technicians?utm_campaign=google_jobs_apply&utm_source=google_jobs_apply&utm_medium=organic,"",""
0,"","Audio Visual (AV) Event Specialist","McHenry County College","Crystal Lake, IL","","22.87–32.29 an hour",brightdata_google_jobs,https://www.governmentjobs.com/jobs/5202849-0/audio-visual-av-event-specialist?utm_campaign=google_jobs_apply&utm_source=google_jobs_apply&utm_medium=organic,"",""
0,"","AV Event Support Specialist","Bass Pro Shops","Missouri","","",brightdata_google_jobs,https://us.expertini.com/job/av-event-support-specialist-lake-spring-bass-pro-shops-fd61ef2daaee/?utm_campaign=google_jobs_apply&utm_source=google_jobs_apply&utm_medium=organic,"","2026-03-03"
0,"","Audiovisual Engineer (Open to All Dykema Locations)","Dykema","Chicago, IL","","110 a day",brightdata_google_jobs,https://www.theladders.com/job/audiovisual-engineer-open-to-all-dykema-locations-dykema-chicago-il_85683746?utm_campaign=google_jobs_apply&utm_source=google_jobs_apply&utm_medium=organic,"","2026-02-11"
0,"","Technician, Audio Visual Support","Sralab","Chicago, IL","","",brightdata_google_jobs,https://www.tealhq.com/job/technician-audio-visual-support_7ea1acd4dd20fd71f2b7b8186a1f47268e6be?utm_campaign=google_jobs_apply&utm_source=google_jobs_apply&utm_medium=organic,"",""
0,"","Audiovisual Technician","The Comedy Bar","Chicago, IL","","",brightdata_google_jobs,https://us.bebee.com/job/b1e457158c549c790179f82fa26d3c9f?utm_campaign=google_jobs_apply&utm_source=google_jobs_apply&utm_medium=organic,"","2026-02-19"
0,"","Audio Visual Sales Support Engineer","EOS","Chicago, IL","","85K–105K a year",brightdata_google_jobs,https://www.tealhq.com/job/audio-visual-sales-support-engineer_7ea1ac866ec54158797a25df35a3761a1ee9e?utm_campaign=google_jobs_apply&utm_source=google_jobs_apply&utm_medium=organic,"","2026-02-11"
0,"","Audio Visual Technician","Remote Audio/Video/Lighting","Plainfield, IL","","",brightdata_google_jobs,https://us.bebee.com/job/c7f7880afab5f391400f4b79291552dd?utm_campaign=google_jobs_apply&utm_source=google_jobs_apply&utm_medium=organic,"",""
0,"","A/V Technician","Indotronix International Corporation","Chicago, IL","","25 an hour",brightdata_google_jobs,https://www.ziprecruiter.com/c/Indotronix-International-Corporation/Job/A-V-Technician/-in-Chicago,IL?jid=780bf3bfb9f52ffd&utm_campaign=google_jobs_apply&utm_source=google_jobs_apply&utm_medium=organic,"",""
0,"","Audio Visual Technician","RENT COM, INC","Elk Grove Village, IL","","",brightdata_google_jobs,https://us.bebee.com/job/bee7bfa4dc01810d0c18687650d70c60?utm_campaign=google_jobs_apply&utm_source=google_jobs_apply&utm_medium=organic,"","2026-02-20"
0,"","Audio Visual Technician","Idexcel","Chicago, IL","","",brightdata_google_jobs,https://us.bebee.com/job/9827e01ce3e379588d776ef7862655c0?utm_campaign=google_jobs_apply&utm_source=google_jobs_apply&utm_medium=organic,"",""
0,"","Field AV Engineer: Commissioning, Training & Travel","Uniting Holding","Chicago, IL","","",brightdata_google_jobs,https://www.learn4good.com/jobs/chicago/illinois/engineering/4822611014/e/?utm_campaign=google_jobs_apply&utm_source=google_jobs_apply&utm_medium=organic,"",""
0,"","Stage AV Technician: Live","Alsip-Merrionette Park Public Library District","Chicago, IL","","",brightdata_google_jobs,https://us.trabajo.org/job-2283-a27b93b0d9fdd63876cea5b93c55fc74?utm_campaign=google_jobs_apply&utm_source=google_jobs_apply&utm_medium=organic,"","2026-02-24"
0,"","AV Commissioning Engineer- (Direct Placement)","TEKsystems","Wilmington, MA","","90K–100K a year",brightdata_google_jobs,https://careers.teksystems.com/ca/fr/job/JP-005876660/AV-Commissioning-Engineer-Direct-Placement?utm_campaign=google_jobs_apply&utm_source=google_jobs_apply&utm_medium=organic,"","2026-03-06"
0,"","AV Commissioning Specialist","TEKsystems","Wilmington, MA","","90K–100K a year",brightdata_google_jobs,https://careers.teksystems.com/us/en/job/JP-005876880/AV-Commissioning-Specialist?utm_campaign=google_jobs_apply&utm_source=google_jobs_apply&utm_medium=organic,"","2026-03-05"
0,"","On-Site Audio-Visual Service Technician - Boston, MA at Diversified Boston, MA","Diversified","Boston, MA","","",brightdata_google_jobs,https://windpowersports.com/office/job/on-site-audio-visual-service-technician-boston-ma-at-diversified-boston-ma-TjNydEJoekpxZjZMajB6NVlzWG0wYllsYVE9PQ==?utm_campaign=google_jobs_apply&utm_source=google_jobs_apply&utm_medium=organic,"","2026-02-28"
0,"","AV Systems Integration Specialist","Fusco Personnel, Inc.","Boston, MA","","40–48 an hour",brightdata_google_jobs,https://myavionte.com/sonar/api/jobpost/gJob?jobArgs=0ttE2YDVOBSSFUgCcs2Gcw&utm_campaign=google_jobs_apply&utm_source=google_jobs_apply&utm_medium=organic,"",""
0,"","Senior AV Field Engineer – System Testing & Integration","McCann Systems","Boston, MA","","40–55 an hour",brightdata_google_jobs,https://www.learn4good.com/jobs/boston/massachusetts/engineering/4907382673/e/?utm_campaign=google_jobs_apply&utm_source=google_jobs_apply&utm_medium=organic,"","2026-02-27"
0,"","Audio-Visual Lead Technician at AVI Systems Boston, MA","AVI Systems","Boston, MA","","",brightdata_google_jobs,https://headlightny.com/library/job/audio-visual-lead-technician-at-avi-systems-boston-ma-KzdKRXBzaG1JcFRlRmd5QTRhZ1ZaaEFBamc9PQ==?utm_campaign=google_jobs_apply&utm_source=google_jobs_apply&utm_medium=organic,"","2026-02-21"
0,"","Senior AV/IT Learning","Boston University","Boston, MA","","",brightdata_google_jobs,https://us.bebee.com/job/49b914af06e06ca9979abff80f06dd42?utm_campaign=google_jobs_apply&utm_source=google_jobs_apply&utm_medium=organic,"","2026-02-26"
0,"","Jr Audio Visual Technician With Crestron And Owl","TEKsystems","Princeton, NJ","","25–30 an hour",brightdata_google_jobs,https://careers.teksystems.com/us/en/job/JP-005869845/Jr-Audio-Visual-Technician-With-Crestron-And-Owl?utm_campaign=google_jobs_apply&utm_source=google_jobs_apply&utm_medium=organic,"","2026-03-03"
0,"","Audio Visual Systems Engineer","ManTech International","Annapolis, MD","","108K–179K a year",brightdata_google_jobs,https://www.learn4good.com/jobs/annapolis/maryland/info_technology/4881397034/e/?utm_campaign=google_jobs_apply&utm_source=google_jobs_apply&utm_medium=organic,"","2026-03-02"
0,"","AV Specialist (AV & IT Support)","Bentley Systems","Philadelphia, PA","","",brightdata_google_jobs,https://jobs.bentley.com/job/Philadelphia-AV-Specialist-%28AV-&-IT-Support%29-PA-19019/1326926700/?utm_campaign=google_jobs_apply&utm_source=google_jobs_apply&utm_medium=organic,"","2026-02-09"
0,"","Audiovisual Support Engineer, School of Law","UVA Health","Charlottesville, VA","","",brightdata_google_jobs,https://careers.uvahealth.org/us/en/job/R0078711/Audiovisual-Support-Engineer-School-of-Law?utm_campaign=google_jobs_apply&utm_source=google_jobs_apply&utm_medium=organic,"",""
0,"","Audio Visual Engineer","C3EL","Medicine Park, OK","","",brightdata_google_jobs,https://www.ziprecruiter.com/c/C3EL/Job/Audio-Visual-Engineer/-in-Medicine-Park,OK?jid=7d1602d10b2d0d29&utm_campaign=google_jobs_apply&utm_source=google_jobs_apply&utm_medium=organic,"","2026-03-03"
0,"","Audio Visual Technician - Live Broadcast and Events","NVIDIA","Santa Clara, CA","","100,000–201,250 a year",brightdata_google_jobs,https://applyblast.com/j/audio-visual-technician-live-broadcast-and-events/6975a9af5e03ecabb2db5075?utm_campaign=google_jobs_apply&utm_source=google_jobs_apply&utm_medium=organic,"",""
0,"","Audio Visual (AV) Systems Programmer","National Capitol Contracting LLC","Arlington, VA","","",brightdata_google_jobs,https://careers.bdpa.org/job/audio-visual-av-systems-programmer/82530771/?utm_campaign=google_jobs_apply&utm_source=google_jobs_apply&utm_medium=organic,"",""
0,"","Audio Visual (AV) Technician","Input Technology Solutions","Washington, DC","","",brightdata_google_jobs,https://jobs.wtnh.com/jobs/audio-visual-av-technician-washington-washington-dc/2589205443-2/?utm_campaign=google_jobs_apply&utm_source=google_jobs_apply&utm_medium=organic,"",""
0,"","Audio Visual Technician","HireSparks AV Recruiting","Rose Hill, VA","","",brightdata_google_jobs,https://www.linkedin.com/jobs/view/audio-visual-technician-at-hiresparks-av-recruiting-4373161449?utm_campaign=google_jobs_apply&utm_source=google_jobs_apply&utm_medium=organic,"","2026-02-19"
0,"","Audio Visual Design Engineer","IGI","Los Alamitos, CA","","",brightdata_google_jobs,https://www.werigi.com/audio-visual-design-engineer-los-alamitos-ca?utm_campaign=google_jobs_apply&utm_source=google_jobs_apply&utm_medium=organic,"",""
0,"","Audio Visual Systems Designer","IGI","Los Alamitos, CA","","",brightdata_google_jobs,https://www.werigi.com/igi-audio-visual-systems-designer-california-job-listing?utm_campaign=google_jobs_apply&utm_source=google_jobs_apply&utm_medium=organic,"",""
0,"","Audio Visual Technician III","IGI","Los Alamitos, CA","","",brightdata_google_jobs,https://www.werigi.com/igi-audio-visual-technician-california-job-listing?utm_campaign=google_jobs_apply&utm_source=google_jobs_apply&utm_medium=organic,"",""
0,"","AutoCAD Specialist - Broadcast AV System Engineer","ATHENAWORKS LLC","Los Angeles, CA","","",brightdata_google_jobs,https://www.jobs.montereycountynow.com/job/9ba29150-887f-4d03-a5d8-555658e60925/autocad-specialist-broadcast-av-system-engineer?utm_campaign=google_jobs_apply&utm_source=google_jobs_apply&utm_medium=organic,"",""
0,"","Audio Visual Technician Los Angle, CA​/Mountain View, CA​/NYC, NY​/Hous","Excelon Solutions","Los Angeles, CA","","",brightdata_google_jobs,https://www.learn4good.com/jobs/los-angeles/california/info_technology/4879326777/e/?utm_campaign=google_jobs_apply&utm_source=google_jobs_apply&utm_medium=organic,"","2026-02-17"
0,"","Traveling AV Field Technician","TEKsystems c/o Allegis Group","Los Angeles, CA","","",brightdata_google_jobs,https://us.bebee.com/job/9234617942f414a323d87d2dce0371ca?utm_campaign=google_jobs_apply&utm_source=google_jobs_apply&utm_medium=organic,"","2026-02-18"
0,"","Lead Audio Visual Field Technician","EOS","East Los Angeles, CA","","",brightdata_google_jobs,https://talents.vaia.com/companies/eos/lead-audio-visual-field-technician-23232394/?utm_campaign=google_jobs_apply&utm_source=google_jobs_apply&utm_medium=organic,"",""
0,"","Lighting Design & Programming","SIRS-Electronics","Rosenberg, TX","","",brightdata_google_jobs,https://www.indeed.com/viewjob?jk=b321f789aaa6bf4d&utm_campaign=google_jobs_apply&utm_source=google_jobs_apply&utm_medium=organic,"",""
0,"","Lighting Designer/Operator","ASM Global","Tysons, VA","","",brightdata_google_jobs,https://www.careeronestop.org/JusticeImpacted/Toolkit/find-jobs-details.aspx?keyword=Commercial%2Band%2BIndustrial%2BDesigners&location=UNITED+STATES&radius=25&lang=en&fc=0&jvid=160b923f40134089b2a71ef641cf3fd58003&detailpage=true&utm_campaign=google_jobs_apply&utm_source=google_jobs_apply&utm_medium=organic,"",""
0,"","Technical Lighting Specialist","Solotech","Hialeah Gardens, FL","","",brightdata_google_jobs,https://lensa.com/job-v1/solotech/hialeah-gardens-fl/lighting-specialist/7bc7b04fcf71338e5ed20253cea4e52a?utm_campaign=google_jobs_apply&utm_source=google_jobs_apply&utm_medium=organic,"","2026-03-08"
0,"","Lighting Designer / Operator","Capital One Hall","Rose Hill, VA","","",brightdata_google_jobs,https://www.linkedin.com/jobs/view/lighting-designer-operator-at-capital-one-hall-4158186741?utm_campaign=google_jobs_apply&utm_source=google_jobs_apply&utm_medium=organic,"",""
0,"","Lighting Designer / Operator","Capital One Hall","Virginia, MN","","",brightdata_google_jobs,https://talents.vaia.com/companies/capital-one-hall/lighting-designer-operator-33540538/?utm_campaign=google_jobs_apply&utm_source=google_jobs_apply&utm_medium=organic,"",""
0,"","Lighting Designer/Operator","ASM Global","McLean, VA","","",brightdata_google_jobs,https://www.jobilize.com/job/us-va-west-mclean-lighting-designer-operator-asm-global-hiring-now?utm_campaign=google_jobs_apply&utm_source=google_jobs_apply&utm_medium=organic,"","2026-02-28"
0,"","Stage Technician","The Woodruff Arts Center","Provo, UT","","",brightdata_google_jobs,https://www.tealhq.com/job/stage-technician_7ea1a34e05e72c5ebb7b8c850b90ae9c108c7?utm_campaign=google_jobs_apply&utm_source=google_jobs_apply&utm_medium=organic,"","2026-03-05"
0,"","Radio Broadcast Technician I (USAGM)","United States Agency for Global Media (USAGM)","Grimesland, NC","","",brightdata_google_jobs,https://paycomonline.net/v4/ats/web.php/portal/04828684dc19846422ff8685d5e5364f/jobs/291529?action=apply&utm_campaign=google_jobs_apply&utm_source=google_jobs_apply&utm_medium=organic,"","2026-03-06"
0,"","Broadcast Operations Technician","Hearst Television","Kansas City, MO","","",brightdata_google_jobs,https://www.entertainmentcareers.net/hearst-television/broadcast-operations-technician/job/508681/?utm_campaign=google_jobs_apply&utm_source=google_jobs_apply&utm_medium=organic,"","2026-03-01"
0,"","Broadcast Operations Center Engineer","iHeartMedia","San Antonio, TX","","32.70 an hour",brightdata_google_jobs,https://bandana.com/jobs/6697a4b3-6e3b-4ae9-b568-5405f33bcdd9?utm_campaign=google_jobs_apply&utm_source=google_jobs_apply&utm_medium=organic,"",""
0,"","Broadcast Technicians","United States Agency for Global Media (USAGM)","Doral, FL","","76,315 a year",brightdata_google_jobs,https://tallo.com/talent/job/design-and-media/broadcast-technician/fl/doral/broadcast-technician-iii-et-a6d1482b?utm_campaign=google_jobs_apply&utm_source=google_jobs_apply&utm_medium=organic,"","2026-02-20"
0,"","Broadcast Engineer, Tech Ops Support","NBA","Secaucus, NJ","","",brightdata_google_jobs,https://sportstechjobs.com/broadcast-engineer-tech-ops-support-nba/65b83c5d4e0b24df90526562?utm_campaign=google_jobs_apply&utm_source=google_jobs_apply&utm_medium=organic,"",""
0,"","Broadcast Engineers","BOISE STATE UNIVERSITY","Boise, ID","","70K a year",brightdata_google_jobs,https://tallo.com/talent/job/design-and-media/broadcast-technician/id/boise/broadcast-engineers-76a24ba2?utm_campaign=google_jobs_apply&utm_source=google_jobs_apply&utm_medium=organic,"",""
0,"","Broadcast IT Technician Job at TEGNA in Greensboro","TEGNA","Greensboro, NC","","",brightdata_google_jobs,https://www.mediabistro.com/jobs/1843942760-broadcast-it-technician-job-at-tegna-in-greensboro?utm_campaign=google_jobs_apply&utm_source=google_jobs_apply&utm_medium=organic,"","2026-03-06"
0,"","Part Time Broadcast Operations Technician","Hearst","Needham, MA","","",brightdata_google_jobs,https://eevd.fa.us6.oraclecloud.com/hcmUI/CandidateExperience/en/job/2024549?utm_medium=search+engine&amp;utm_source=google&utm_campaign=google_jobs_apply&utm_source=google_jobs_apply&utm_medium=organic,"","2026-02-24"
0,"","Broadcast Engineer - Streaming","NEP Group Inc.","Miami, FL","","",brightdata_google_jobs,https://levels.fyi/jobs?jobId=75670238623867590&utm_campaign=google_jobs_apply&utm_source=google_jobs_apply&utm_medium=organic,"",""
0,"","Technician, Broadcast Operations","Sirius XM Radio","New York, NY","","37K–63K a year",brightdata_google_jobs,https://www.jobzmall.com/sirius-xm-radio/job/technician-broadcast-operations-1?utm_campaign=google_jobs_apply&utm_source=google_jobs_apply&utm_medium=organic,"",""
0,"","Broadcast Maintenance Engineer","Nexstar Broadcasting","Chicago, IL","","27.32–45.76 an hour",brightdata_google_jobs,https://www.tealhq.com/job/broadcast-maintenance-engineer_7ea1a79dc3298208a3a121a9d0edf34161208?utm_campaign=google_jobs_apply&utm_source=google_jobs_apply&utm_medium=organic,"","2026-02-26"
0,"","RF Engineering Technologist","BAE Systems","Westminster, CO","","",brightdata_google_jobs,https://jobs.baesystems.com/global/en/job/120550BR/RF-Engineering-Technologist?utm_campaign=google_jobs_apply&utm_source=google_jobs_apply&utm_medium=organic,"","2026-03-07"
0,"","Cold Test Technician (RF/Electronics)","Microwave Power Products, Inc.","Palo Alto, CA","","32–35 an hour",brightdata_google_jobs,https://www.tealhq.com/job/cold-test-technician-rf-electronics_7ea1a7d98dc959037df11a7ab1c30f6a020ad?utm_campaign=google_jobs_apply&utm_source=google_jobs_apply&utm_medium=organic,"","2026-03-01"
0,"","Radio Frequency Systems Engineer","Amentum","Dahlgren, VA","","85K–110K a year",brightdata_google_jobs,https://simplify.jobs/p/f96e236e-d57f-4a84-a3ea-87f58a179bff/Radio-Frequency-Systems-Engineer?utm_campaign=google_jobs_apply&utm_source=google_jobs_apply&utm_medium=organic,"","2026-02-21"
0,"","RF/Electronic Technician - Senior Level","The Ōnin Group","Salisbury, MD","","",brightdata_google_jobs,https://lensa.com/job-v1/the-onin-group/salisbury-md/senior-rf-technician/0eb6a9a5bc4e4b7c68125f816262726e?utm_campaign=google_jobs_apply&utm_source=google_jobs_apply&utm_medium=organic,"","2026-02-13"
0,"","RF Test Technicians III","Acara Solutions","Clearwater, FL","","",brightdata_google_jobs,https://www.jobilize.com/job/us-fl-clearwater-rf-test-technicians-iii-aleron-hiring-now-job-immediately?utm_campaign=google_jobs_apply&utm_source=google_jobs_apply&utm_medium=organic,"",""
0,"","RF Technician / Integrator","Manpower Group","Loveland, CO","","",brightdata_google_jobs,https://www.jobilize.com/job/us-co-loveland-rf-technician-integrator-manpower-group-hiring-now?utm_campaign=google_jobs_apply&utm_source=google_jobs_apply&utm_medium=organic,"","2026-03-03"
0,"","RF Test Technician","Mercury Systems","Hudson, NY","","",brightdata_google_jobs,https://us.bebee.com/job/ad0f2164a7526b5c59497b41935e6e92?utm_campaign=google_jobs_apply&utm_source=google_jobs_apply&utm_medium=organic,"",""
0,"","Electronics/ RF Test Technician","The Fountain Group","Elgin, IL","","",brightdata_google_jobs,https://us.bebee.com/job/923f476b74fdbddb4227b1de51786f31?utm_campaign=google_jobs_apply&utm_source=google_jobs_apply&utm_medium=organic,"",""
0,"","RF Design Engineer, Electronic Warfare","Anduril Industries","San Diego, CA","","",brightdata_google_jobs,https://us.bebee.com/job/f9d99e1710ffd134523f862c16258fa1?utm_campaign=google_jobs_apply&utm_source=google_jobs_apply&utm_medium=organic,"",""
0,"","Live Sound Technician for Wedding Band Company","Ben Mallare Events & Entertainment","San Francisco, CA","","400–650 a day",brightdata_google_jobs,https://www.ziprecruiter.com/c/Ben-Mallare-Events-&-Entertainment/Job/Live-Sound-Technician-for-Wedding-Band-Company/-in-San-Francisco,CA?jid=4c8629b24ab865a2&utm_campaign=google_jobs_apply&utm_source=google_jobs_apply&utm_medium=organic,"",""
0,"","Pre-sales Solutions Engineer AV/IT - Southern California 20","Shure","Massachusetts","","",brightdata_google_jobs,https://www.jobilize.com/job/us-ma-all-cities-pre-sales-solutions-engineer-av-it-southern-california?utm_campaign=google_jobs_apply&utm_source=google_jobs_apply&utm_medium=organic,"","2026-03-03"
0,"","Senior Pre-sales Solutions Engineer (AV/IT) - New York, NY","Shure","New York, NY","","93.8K–160K a year",brightdata_google_jobs,https://careersus-shure.icims.com/jobs/4638/senior-pre-sales-solutions-engineer-%28av-it%29---new-york%2C-ny/job?utm_campaign=google_jobs_apply&utm_source=google_jobs_apply&utm_medium=organic,"","2026-02-14"
0,"","Digital Signal Processing Intern","Shure","New York, NY","","",brightdata_google_jobs,https://www.jobilize.com/job/us-ny-new-york-digital-signal-processing-intern-shure-hiring-now-job?utm_campaign=google_jobs_apply&utm_source=google_jobs_apply&utm_medium=organic,"","2026-03-01"
0,"","Senior Pre-sales Solution Engineer (AV/IT) - Seattle, WA","Shure","Anywhere","","85K–144K a year",brightdata_google_jobs,https://www.tealhq.com/job/senior-pre-sales-solution-engineer-av-it_7ea1ad4bd91295c6474d41d842b1b09469ea4?utm_campaign=google_jobs_apply&utm_source=google_jobs_apply&utm_medium=organic,"","2026-02-12"
0,"","Event Technician, Audio Visual - Marriott Chicago O'Hare","Encore Global","Chicago, Illinois","","",jobspy_indeed,https://www.indeed.com/viewjob?jk=add8021062c0b34f,"","2026-03-06"
0,"","Event Technician, Audio Visual - Hyatt Regency Chicago","Encore Global","Chicago, Illinois","","",jobspy_indeed,https://www.indeed.com/viewjob?jk=cdd65f40d9db9c7c,"","2026-03-03"
0,"","Event Technician, Audio Visual - The Westin Michigan Avenue Chicago","Encore Global","Chicago, Illinois","","",jobspy_indeed,https://www.indeed.com/viewjob?jk=14bb6ddbf5ff870b,"","2026-03-03"
0,"","Audio Engineer - Program Chair for Audio","SAE Institute","Chicago, Illinois","","$68,000 - $72,000 (yearly)",jobspy_indeed,https://www.indeed.com/viewjob?jk=7ea86663bdf40484,"","2026-03-06"
0,"","Event Operations Supervisor, Audio Visual – Marriott Marquis Chicago","Encore Global","Chicago, Illinois","","$20 - $27 (hourly)",jobspy_indeed,https://www.indeed.com/viewjob?jk=5bbbc85acdc9cc34,"","2026-03-05"
0,"","AV Technician Assistant","HTX Health Solutions","Chicago, Illinois","","",jobspy_indeed,https://www.indeed.com/viewjob?jk=dd0d76f2ce479678,"","2026-03-05"
0,"","Event Operations Manager, Venues - Marriott Marquis Chicago","Encore Global","Chicago, Illinois","","$48,776 - $63,409 (yearly)",jobspy_indeed,https://www.indeed.com/viewjob?jk=f642be94c31e7121,"","2026-03-04"
0,"","Event Technician","A Posh Production, Inc","Chicago, Illinois","","",jobspy_indeed,https://www.indeed.com/viewjob?jk=743e1bbe541422bb,"","2026-03-03"
0,"","MULTIMEDIA AUDIO VISUAL TECHNICIAN","Waveguide","Chicago, Illinois","","$26 - $31 (hourly)",jobspy_indeed,https://www.indeed.com/viewjob?jk=f68519095fc5a8f5,"","2026-03-02"
0,"","AV Project Manager / AV Systems Engineer (Bilingual Korean)","Geopaq Logic","New York, New York","","$35 - $44 (hourly)",jobspy_indeed,https://www.indeed.com/viewjob?jk=40d40d2886ad042d,"","2026-03-09"
0,"","AV Solutions Engineer","EOS IT Solutions","New York, New York","","$100,000 - $118,000 (yearly)",jobspy_indeed,https://www.indeed.com/viewjob?jk=2b521987609e9b2f,"","2026-03-06"
0,"","Audio Assistant/A2","Fox Corporation","New York, New York","","$32 - $40 (hourly)",jobspy_indeed,https://www.indeed.com/viewjob?jk=d5b5dfedc3cc79dd,"","2026-03-06"
0,"","DJ Assistant / Event Production","Limelight Entertainment","New York, New York","","$200 - $300 (daily)",jobspy_indeed,https://www.indeed.com/viewjob?jk=acdcb42456fa507d,"","2026-03-06"
0,"","Tamil Studio Producer (Consultant - Onsite)","Productive Playhouse","New York, New York","","$46,000 - $70,000 (yearly)",jobspy_indeed,https://www.indeed.com/viewjob?jk=8395a2236cfc521a,"","2026-03-06"
0,"","Senior Firmware Engineer - Audio & Video Streaming","Crestron Electronics","New York, New York","","$107,500 - $173,500 (yearly)",jobspy_indeed,https://www.indeed.com/viewjob?jk=fbfe7d75041f3fb7,"","2026-03-05"
0,"","AUDIO VISUAL TECHNICIAN (FULL TIME)","Eurest","New York, New York","","$30 - $40 (hourly)",jobspy_indeed,https://www.indeed.com/viewjob?jk=d6d2f1b1f16f8e6c,"","2026-03-05"
0,"","Broadcast Comms Engineer Lead","National Basketball Association","New York, New York","","$125,000 - $150,000 (yearly)",jobspy_indeed,https://www.indeed.com/viewjob?jk=9ae984f1f5d1226c,"","2026-03-05"
0,"","Audio Visual Technician, level 1, freelance","TRITECH Communications","New York, New York","","$25 - $30 (hourly)",jobspy_indeed,https://www.indeed.com/viewjob?jk=450aa98883f8e551,"","2026-03-05"
0,"","Recording Engineer","The R.E.C. Room studio","New York, New York","","$25 - $50 (hourly)",jobspy_indeed,https://www.indeed.com/viewjob?jk=3af592233b6a1ca6,"","2026-03-04"
0,"","Tier 2 Audio Visual Field Technician","EOS IT Solutions","New York, New York","","$32 - $41 (hourly)",jobspy_indeed,https://www.indeed.com/viewjob?jk=a5038a82458c8ce3,"","2026-03-04"
0,"","Lead Audio Visual Field Technician","EOS IT Solutions","New York, New York","","$75,000 - $100,000 (yearly)",jobspy_indeed,https://www.indeed.com/viewjob?jk=89e293cace731cce,"","2026-03-04"
0,"","Audio Visual Technician FREELANCE","TRITECH Communications","New York, New York","","$30 - $40 (hourly)",jobspy_indeed,https://www.indeed.com/viewjob?jk=4755234affe43c8c,"","2026-03-04"
0,"","Freelance On-Site Audio Visual Technician","TRITECH Communications","New York, New York","","$35 - $40 (hourly)",jobspy_indeed,https://www.indeed.com/viewjob?jk=3b08c9509292beaa,"","2026-03-04"
0,"","Basketball Replay Operator (WNBA) - Brooklyn, NY","Hawk-Eye Innovations","New York, New York","","",jobspy_indeed,https://www.indeed.com/viewjob?jk=f14c0e8d3fcbba61,"","2026-03-04"
0,"","Home Integration AV Technician","AUDIOCOM","New York, New York","","$24 - $36 (hourly)",jobspy_indeed,https://www.indeed.com/viewjob?jk=189c24844b327a79,"","2026-03-03"
0,"","Event Lighting and Visual Technician (Looking for NJ Teachers for Part Time, Weekend Work)","Xtreme Event Group","New York, New York","","$21 - $24 (hourly)",jobspy_indeed,https://www.indeed.com/viewjob?jk=ec2676c8c764ab8b,"","2026-03-03"
0,"","Installation and Service Technician LED Video Wall and A/V","E.C. Pro Video Systems, Inc.","New York, New York","","$18 - $30 (hourly)",jobspy_indeed,https://www.indeed.com/viewjob?jk=8bb520179afa0381,"","2026-03-03"
0,"","On-Site Audio Engineer","TRITECH Communications","New York, New York","","$35 - $45 (hourly)",jobspy_indeed,https://www.indeed.com/viewjob?jk=d27570c25694bce9,"","2026-03-03"
0,"","Audio Visual Engineer","A-V SERVICES INC.","New York, New York","","",jobspy_indeed,https://www.indeed.com/viewjob?jk=b53da52d8178986a,"","2026-03-03"
0,"","Senior AV Engineer / Electrical Engineer","AUDIOCOM","New York, New York","","$103,000 - $113,000 (yearly)",jobspy_indeed,https://www.indeed.com/viewjob?jk=82a672741e40ceb5,"","2026-03-02"
0,"","Live Event Audio Technician / Entry-Level Audio Engineers (No Resume/Portfolio Needed)","POSH Entertainment","New York, New York","","$225 - $550 (daily)",jobspy_indeed,https://www.indeed.com/viewjob?jk=607ba9b6f30165a2,"","2026-03-02"
0,"","Sr Staff AV Behavior Safety Engineer (GPSSC)","General Motors (GM)","San Francisco, California","","$185,100 - $284,100 (yearly)",jobspy_indeed,https://www.indeed.com/viewjob?jk=04f65577940e4dcd,"","2026-03-06"
0,"","Staff ML Compiler Engineer","General Motors (GM)","San Francisco, California","","$185,100 - $335,300 (yearly)",jobspy_indeed,https://www.indeed.com/viewjob?jk=1330acb24aa3fa35,"","2026-03-06"
0,"","Senior Software Engineer, Evaluation & Simulation - AV Labs","Uber","San Francisco, California","","$202,000 - $224,000 (yearly)",jobspy_indeed,https://www.indeed.com/viewjob?jk=b36f5b0b2691b0b2,"","2026-03-05"
0,"","Staff Software Engineer, Evaluation & Simulation - AV Labs","Uber","San Francisco, California","","$232,000 - $258,000 (yearly)",jobspy_indeed,https://www.indeed.com/viewjob?jk=c494d46b7741f649,"","2026-03-05"
0,"","Audio PD Lab Technician","Apple","San Francisco, California","","$50 - $88 (hourly)",jobspy_indeed,https://www.indeed.com/viewjob?jk=cfd05040b9faf83c,"","2026-03-05"
0,"","Senior AI/ML Engineer, AV Pipelines & Lineage","General Motors (GM)","San Francisco, California","","$155,420 - $395,900 (yearly)",jobspy_indeed,https://www.indeed.com/viewjob?jk=af27ee21a13e7b1e,"","2026-03-04"
0,"","Senior Hardware Engineer - AV Systems - AV Labs","Uber","San Francisco, California","","$180,000 - $200,000 (yearly)",jobspy_indeed,https://www.indeed.com/viewjob?jk=66a7fd47f3157f51,"","2026-03-04"
0,"","Entertainment Technician","California's Great America","San Francisco, California","","$20 - $23 (hourly)",jobspy_indeed,https://www.indeed.com/viewjob?jk=03742653151b51c6,"","2026-03-04"
0,"","Event Operations Supervisor, Audio Visual – The Ritz-Carlton San Francisco","Encore Global","San Francisco, California","","$27 - $30 (hourly)",jobspy_indeed,https://www.indeed.com/viewjob?jk=2055b4c15e965bff,"","2026-03-03"
0,"","Audio / Visual Support Technician","Edgewater Federal Solutions","San Francisco, California","","",jobspy_indeed,https://www.indeed.com/viewjob?jk=cd31fac4a29e0f4e,"","2026-03-03"
0,"","Software Engineer AV HIL Platform and Services (University Grad)","General Motors (GM)","San Francisco, California","","$119,250 - $150,850 (yearly)",jobspy_indeed,https://www.indeed.com/viewjob?jk=939947a00dd7e67b,"","2026-03-03"
0,"","Warehouse A/V Technician","FNTECH","San Francisco, California","","$34 - $39 (hourly)",jobspy_indeed,https://www.indeed.com/viewjob?jk=1fd3ab3df4d1d859,"","2026-03-03"
0,"","Audio & Visual Manager","Piedmont Community Church","San Francisco, California","","$50 - $100 (hourly)",jobspy_indeed,https://www.indeed.com/viewjob?jk=7d37ea2bf37ac4ad,"","2026-03-03"
0,"","Senior Audio systems engineer","Gatik","San Francisco, California","","$170,000 - $230,000 (yearly)",jobspy_indeed,https://www.indeed.com/viewjob?jk=4979fccc5ad752fc,"","2026-03-03"
0,"","Senior/Staff Simulation Integration Engineer","Gatik","San Francisco, California","","$170,000 - $240,000 (yearly)",jobspy_indeed,https://www.indeed.com/viewjob?jk=0c7599d8cc354fd4,"","2026-03-04"
0,"","Senior/Staff Full-Stack Engineer, Simulation Platform","Gatik","San Francisco, California","","$170,000 - $240,000 (yearly)",jobspy_indeed,https://www.indeed.com/viewjob?jk=e047023cc685615f,"","2026-03-04"
0,"","Senior AV Field Engineer / Lead Technician","Premier AV Tech","San Francisco, California","","",jobspy_indeed,https://www.indeed.com/viewjob?jk=333655a65f305563,"","2026-03-03"
0,"","Audio HW Systems Engineer, Audio Technology","Amazon.com","San Francisco, California","","$134,900 - $185,000 (yearly)",jobspy_indeed,https://www.indeed.com/viewjob?jk=27543f2eb3c69423,"","2026-03-02"
0,"","Event Technician, Audio Visual - Palace Hotel San Francisco","Encore Global","San Francisco, California","","$22 - $24 (hourly)",jobspy_indeed,https://www.indeed.com/viewjob?jk=71104af51e501067,"","2026-03-02"
0,"","Senior QA Engineer (Audio, Video, Communication)","Roblox","San Francisco, California","","$187,780 - $223,660 (yearly)",jobspy_indeed,https://www.indeed.com/viewjob?jk=71c62cd21328ac9e,"","2026-03-02"
0,"","Audio Software Engineer - Customer Engineering","Qualcomm","San Francisco, California","","$104,000 - $156,000 (yearly)",jobspy_indeed,https://www.indeed.com/viewjob?jk=bf8f776a7129a3a0,"","2026-03-02"
0,"","Audio DSP Engineer - Customer Engineering","Qualcomm","San Francisco, California","","$123,900 - $185,900 (yearly)",jobspy_indeed,https://www.indeed.com/viewjob?jk=4ee93a5d42605fd2,"","2026-03-02"
0,"","Sr. Audio System Quality Assurance Engineer","Rivian","San Francisco, California","","",jobspy_indeed,https://www.indeed.com/viewjob?jk=e7de5c2acaf5646e,"","2026-01-28"
0,"","Sr. Staff Recruiter, Autonomy","Rivian","San Francisco, California","","",jobspy_indeed,https://www.indeed.com/viewjob?jk=5afd9659e9607e0b,"","2026-03-05"
0,"","Sr. Staff Electronic Design Engineer","Rivian","San Francisco, California","","",jobspy_indeed,https://www.indeed.com/viewjob?jk=ebc6fe26801678ef,"","2026-02-26"
0,"","Field Service Technician - San Jose, CA","Rivian","San Francisco, California","","",jobspy_indeed,https://www.indeed.com/viewjob?jk=03156e7ca9a30c74,"","2026-02-10"
0,"","Puget Sound Shellfish Technician - Scientific Technician 2 - Career Seasonal - 2026-01921","State of Washington","Seattle, Washington","","$3,581 - $4,771 (monthly)",jobspy_indeed,https://www.indeed.com/viewjob?jk=6c0daeb5dd948965,"","2026-03-05"
0,"","Student Assistant - Sound Lab, Su26","nan","Seattle, Washington","","$17 - $18 (hourly)",jobspy_indeed,https://www.indeed.com/viewjob?jk=e7951f74f2bc5b9e,"","2026-03-04"
0,"","Student Research Assistant – Music Department (Brown), Su26","nan","Seattle, Washington","","$17 - $18 (hourly)",jobspy_indeed,https://www.indeed.com/viewjob?jk=86a4c80921aed3b8,"","2026-03-03"
0,"","Tier 2 Audio Visual Field Technician","EOS IT Solutions","Seattle, Washington","","$32 - $41 (hourly)",jobspy_indeed,https://www.indeed.com/viewjob?jk=163aa2dd855afd35,"","2026-03-04"
0,"","Lead Audio Visual Field Technician","EOS IT Solutions","Seattle, Washington","","$80,000 - $110,000 (yearly)",jobspy_indeed,https://www.indeed.com/viewjob?jk=fd223254156e93fd,"","2026-03-04"
0,"","AV Engineer - Zoom Room Deployment Specialist","EPAM Systems","Seattle, Washington","","$45,000 - $69,000 (yearly)",jobspy_indeed,https://www.indeed.com/viewjob?jk=eabc7c1002abcab1,"","2026-03-04"
0,"","Audio-Visual Systems Engineer","Seattle Art Museum","Seattle, Washington","","$36 - $40 (hourly)",jobspy_indeed,https://www.indeed.com/viewjob?jk=00fbfc65fe523c7b,"","2026-03-04"
0,"","Sound Designer 1","Mighty Media Studios","Seattle, Washington","","$89,000 - $99,000 (yearly)",jobspy_indeed,https://www.indeed.com/viewjob?jk=e945a11b069c928c,"","2026-03-04"
0,"","AV Field Service Technician","Justice AV Solutions","Seattle, Washington","","$50,000 - $60,000 (yearly)",jobspy_indeed,https://www.indeed.com/viewjob?jk=a9c5252cb07eee24,"","2026-03-03"
0,"","Event Technical Lead, Audio Visual - Four Seasons Hotel Seattle","Encore Global","Seattle, Washington","","$22 - $23 (hourly)",jobspy_indeed,https://www.indeed.com/viewjob?jk=d24b8e461611493b,"","2026-01-21"
0,"","Event Technician, Audio Visual - Hyatt Regency Boston / Cambridge","Encore Global","Boston, Massachusetts","","$17 - $22 (hourly)",jobspy_indeed,https://www.indeed.com/viewjob?jk=1b16c6fb394abd17,"","2026-03-06"
0,"","Event Technician, Audio Visual - The Westin Copley Place, Boston","Encore Global","Boston, Massachusetts","","$17 - $22 (hourly)",jobspy_indeed,https://www.indeed.com/viewjob?jk=e470cb56936a96f0,"","2026-03-06"
0,"","Sound Technician","Mass Convention CenterAuthority","Boston, Massachusetts","","",jobspy_indeed,https://www.indeed.com/viewjob?jk=0f173785d9fd8773,"","2026-03-05"
0,"","Software Developer & Integration Lead – Platform Software - Audio Tech","Bose","Boston, Massachusetts","","$142,600 - $196,000 (yearly)",jobspy_indeed,https://www.indeed.com/viewjob?jk=2218596cf22534dc,"","2026-03-05"
0,"","Field Engineer I (AV)","Pavion","Boston, Massachusetts","","",jobspy_indeed,https://www.indeed.com/viewjob?jk=aae0d60dc196b5c3,"","2026-03-05"
0,"","AV Senior Field Engineer (SFE)","Diversified","Boston, Massachusetts","","$117,270 - $143,330 (yearly)",jobspy_indeed,https://www.indeed.com/viewjob?jk=0e2e388737a38630,"","2026-03-04"
0,"","Live Game Show Host – Lead Musical Bingo Nights at Bars ($100/Night)","Good Thomas' Entertainment","Boston, Massachusetts","","$40 - $50 (hourly)",jobspy_indeed,https://www.indeed.com/viewjob?jk=700e7e8de258d259,"","2026-03-04"
0,"","SR Acoustic Engineer","Basil Consulting Group","Boston, Massachusetts","","$99,000 - $159,000 (yearly)",jobspy_indeed,https://www.indeed.com/viewjob?jk=52a70ba84cf38982,"","2026-03-04"
0,"","Installation Technician (High-End Resi AV, Lighting, Shading, Control)","SDI Boston ","Boston, Massachusetts","","$30 - $40 (hourly)",jobspy_indeed,https://www.indeed.com/viewjob?jk=a444e493dd774f70,"","2026-03-03"
0,"","Part Time Experienced Audio Visual Technician","DOBIL LABORATORIES INC","Boston, Massachusetts","","$20 - $28 (hourly)",jobspy_indeed,https://www.indeed.com/viewjob?jk=03f8b291dd35d856,"","2026-03-03"
0,"","Event Services Technician - Part Time - Audio Visual, Event Technology","Pinnacle Live","Boston, Massachusetts","","$25 - $27 (hourly)",jobspy_indeed,https://www.indeed.com/viewjob?jk=a36018182f400cc0,"","2026-03-02"
0,"","Senior Broadcast System Engineer- NBC Boston","NBCUniversal","Boston, Massachusetts","","$105,000 - $125,000 (yearly)",jobspy_indeed,https://www.indeed.com/viewjob?jk=e9c86e9239b1f457,"","2026-03-02"
0,"","Senior Digital Signal Processing Engineer – Audio Technology","Bose","Boston, Massachusetts","","$137,400 - $188,850 (yearly)",jobspy_indeed,https://www.indeed.com/viewjob?jk=c9f299cbc531cda2,"","2026-03-02"
0,"","Editor, Sound Design and Audio Engineering","Paramount","Los Angeles, California","","$70,000 - $85,000 (yearly)",jobspy_indeed,https://www.indeed.com/viewjob?jk=14b269d77a4dbbef,"","2026-03-08"
0,"","Systems Integration Analyst","Paramount","Los Angeles, California","","$70,000 - $85,000 (yearly)",jobspy_indeed,https://www.indeed.com/viewjob?jk=10ca9a79a703706f,"","2026-03-08"
0,"","Micky’s is Hiring – Audio & Lighting Tech (Part‑Time)","nan","Los Angeles, California","","",jobspy_indeed,https://www.indeed.com/viewjob?jk=704812c054e13dc9,"","2026-03-08"
0,"","Medication Technician","nan","Los Angeles, California","","",jobspy_indeed,https://www.indeed.com/viewjob?jk=e75e195d4a3fcc91,"","2026-03-05"
0,"","IATSE Stagehands-Grounds Entertainment","nan","Los Angeles, California","","",jobspy_indeed,https://www.indeed.com/viewjob?jk=abee73d4e2f8e8b0,"","2026-03-04"
0,"","Senior Hardware Technical Project Manager","nan","Los Angeles, California","","",jobspy_indeed,https://www.indeed.com/viewjob?jk=af29cf60fe149842,"","2026-03-02"
0,"","Graphical User Interface (GUI) Configuration Specialist I","nan","Los Angeles, California","","",jobspy_indeed,https://www.indeed.com/viewjob?jk=296c746f7447fc11,"","2026-03-02"
0,"","Audio & Visual Tech","The Reserve","Los Angeles, California","","",jobspy_indeed,https://www.indeed.com/viewjob?jk=aa5128b2ee77b85c,"","2026-03-07"
0,"","Lead Projection Technician / Crew Chief / Lead Audio-Video Technician","360Art","Los Angeles, California","","$25 - $50 (hourly)",jobspy_indeed,https://www.indeed.com/viewjob?jk=ac5239b959d23c3a,"","2026-03-07"
0,"","Event Services Technician - Event Technology, Audio Visual","Pinnacle Live","Los Angeles, California","","$24 - $26 (hourly)",jobspy_indeed,https://www.indeed.com/viewjob?jk=255040a031113764,"","2026-03-06"
0,"","Broadcast Engineer","California State University Fullerton","Los Angeles, California","","$5,877 - $6,750 (monthly)",jobspy_indeed,https://www.indeed.com/viewjob?jk=038a46e1979f7e68,"","2026-03-06"
0,"","Supervisor Ent Audio/Video","Universal Studios Hollywood","Los Angeles, California","","$27 - $30 (hourly)",jobspy_indeed,https://www.indeed.com/viewjob?jk=5a22f35392e9db37,"","2026-03-06"
0,"","Sr. AV Engineer","Creative Artists Agency","Los Angeles, California","","$115,000 - $132,000 (yearly)",jobspy_indeed,https://www.indeed.com/viewjob?jk=be379001ec45ca47,"","2026-03-05"
0,"","Broadcast Audio Engineer - PT","CBS News and Stations","Los Angeles, California","","",jobspy_indeed,https://www.indeed.com/viewjob?jk=440862331349c7ee,"","2026-03-05"
0,"","Broadcast Engineer","California State University","Los Angeles, California","","",jobspy_indeed,https://www.indeed.com/viewjob?jk=654dc3082db92431,"","2026-03-05"
0,"","Digital Marketing Analytics Specialist","California State University","Los Angeles, California","","",jobspy_indeed,https://www.indeed.com/viewjob?jk=b8adc248f68175ce,"","2026-03-05"
0,"","Audio Engineer (A1) Live events","McNally Enterprises Inc","Los Angeles, California","","$28 - $35 (hourly)",jobspy_indeed,https://www.indeed.com/viewjob?jk=9c1bfd6cffc805d8,"","2026-03-05"
0,"","Lighting Technician (L1,LD)","McNally Enterprises Inc","Los Angeles, California","","$28 - $35 (hourly)",jobspy_indeed,https://www.indeed.com/viewjob?jk=9b68bac0c523b103,"","2026-03-05"
0,"","Level B Technician - Broadcast Technician","Fox Corporation","Los Angeles, California","","",jobspy_indeed,https://www.indeed.com/viewjob?jk=0c13943af37cc4ba,"","2026-03-04"
0,"","AudioVisual Event Technician - Part-Time - Rancho Palos Verdes, CA (110)","Five-Star Audio Visual","Los Angeles, California","","$23 - $28 (hourly)",jobspy_indeed,https://www.indeed.com/viewjob?jk=a4b6cd43b722807b,"","2026-03-04"
0,"","Lead Audio Engineer","SoCal Rentals","Los Angeles, California","","$120,000 - $150,000 (yearly)",jobspy_indeed,https://www.indeed.com/viewjob?jk=9afc0e3c2aa20154,"","2026-03-04"
0,"","Audio Prep Technician","NEP GROUP","Los Angeles, California","","$28 - $34 (hourly)",jobspy_indeed,https://www.indeed.com/viewjob?jk=daa5126eb5411633,"","2026-03-04"
0,"","Basketball Replay Operator (WNBA) - Los Angeles, CA","Hawk-Eye Innovations","Los Angeles, California","","",jobspy_indeed,https://www.indeed.com/viewjob?jk=c5598aa27019df72,"","2026-03-04"
0,"","Board Operator","iHeartMedia","Los Angeles, California","","$17 - $18 (hourly)",jobspy_indeed,https://www.indeed.com/viewjob?jk=905df668a1701a4d,"","2026-03-03"
0,"","Low Voltage AV Technician","Installer Headquarters","Los Angeles, California","","$25 - $31 (hourly)",jobspy_indeed,https://www.indeed.com/viewjob?jk=5e224d663581c136,"","2026-03-03"
0,"","Broadcast Technology Engineer","Los Angeles Dodgers LLC","Los Angeles, California","","$120,000 - $130,000 (yearly)",jobspy_indeed,https://www.indeed.com/viewjob?jk=641b57e700440fe9,"","2026-03-03"
0,"","Acoustic Test Engineer (Onsite)","Acuity Inc.","Los Angeles, California","","$114,600 - $152,800 (yearly)",jobspy_indeed,https://www.indeed.com/viewjob?jk=0f5b75d41556479c,"","2026-03-02"
0,"","Board Operator Part-Time","Lotus Communications","Los Angeles, California","","",jobspy_indeed,https://www.indeed.com/viewjob?jk=13645d859035d172,"","2026-03-02"
0,"","Audio Visual Technician","STERIS","Los Angeles, California","","$60,137 - $77,825 (yearly)",jobspy_indeed,https://www.indeed.com/viewjob?jk=8d2eb18c6064d1cf,"","2026-03-02"
0,"","Perceptual Audio Engineer (Research)","Harman","Los Angeles, California","","$134,250 - $196,900 (yearly)",jobspy_indeed,https://www.indeed.com/viewjob?jk=0d04ba55aa2b9907,"","2026-03-02"
0,"","Assistant Manager - Media Enabled Services","Tata Communications","Los Angeles, California","","$97,000 - $122,220 (yearly)",jobspy_indeed,https://www.indeed.com/viewjob?jk=e917a8866582b1fe,"","2026-03-02"
0,"","AV Technician","GravityAV","Los Angeles, California","","$20 - $35 (hourly)",jobspy_indeed,https://www.indeed.com/viewjob?jk=e1fc5cc631510c3b,"","2026-03-02"
0,"","Audio-Visual (AV) Technician","Geospatial and Cloud Analytics","Washington, DC","","$55,000 - $80,000 (yearly)",jobspy_indeed,https://www.indeed.com/viewjob?jk=ad0faddc2b805772,"","2026-03-08"
0,"","Audio Visual Technician - PESMOA","The Henry M. Jackson Foundation for the Advancement of Military Medicine","Washington, DC","","$67,500 - $95,000 (yearly)",jobspy_indeed,https://www.indeed.com/viewjob?jk=a5ed3cd884acad95,"","2026-03-06"
0,"","Hotel Audio Visual Event Technician","Markey's","Washington, DC","","",jobspy_indeed,https://www.indeed.com/viewjob?jk=1b5524811efd1787,"","2026-03-06"
0,"","Radio / TV Engineer","Salem Media Group","Washington, DC","","",jobspy_indeed,https://www.indeed.com/viewjob?jk=e4661dcc86aeb6a7,"","2026-03-06"
0,"","Hotel Av Technician - Part-Time","Renaissance Hotels","Washington, DC","","$23 - $25 (hourly)",jobspy_indeed,https://www.indeed.com/viewjob?jk=da31177d9d034f79,"","2026-03-06"
0,"","Event Technical Specialist, Video/Projection – Washington, DC","Encore Global","Washington, DC","","$27 - $35 (hourly)",jobspy_indeed,https://www.indeed.com/viewjob?jk=ebdc447881d7da26,"","2026-03-05"
0,"","AV Installation Technician","Diversified","Washington, DC","","$27 - $33 (hourly)",jobspy_indeed,https://www.indeed.com/viewjob?jk=570516d5c52c61b1,"","2026-03-05"
0,"","Senior Audio Visual Technician","American University","Washington, DC","","$25 - $29 (hourly)",jobspy_indeed,https://www.indeed.com/viewjob?jk=92a5facf4546123f,"","2026-03-05"
0,"","Field Service Technician II – RF/Acoustic","IDS International","Washington, DC","","",jobspy_indeed,https://www.indeed.com/viewjob?jk=65b0d134173ef2d6,"","2026-03-05"
0,"","RF Test/System Technician III","IDS International","Washington, DC","","",jobspy_indeed,https://www.indeed.com/viewjob?jk=18bc2b08229a297a,"","2026-03-05"
0,"","Security Design Manager","IDS International","Washington, DC","","",jobspy_indeed,https://www.indeed.com/viewjob?jk=86242f2221bf29fd,"","2026-03-05"
0,"","Broadcast Studio Maintenance Engineer","Jetwave Wireless LLC","Washington, DC","","$100,000 - $150,000 (yearly)",jobspy_indeed,https://www.indeed.com/viewjob?jk=ab41946cdcf31bb5,"","2026-03-05"
0,"","Stagehand","Zigma World","Washington, DC","","$20 - $25 (hourly)",jobspy_indeed,https://www.indeed.com/viewjob?jk=b4e48dca0d7a92e4,"","2026-03-05"
0,"","AV Service Technician, Residential Automation Systems","Sight & Sound Systems, Inc.","Washington, DC","","$30 - $35 (hourly)",jobspy_indeed,https://www.indeed.com/viewjob?jk=e5862dc88f8a964b,"","2026-03-04"
0,"","AV Technician","NetImpact Strategies Inc","Washington, DC","","",jobspy_indeed,https://www.indeed.com/viewjob?jk=76d0358e3b152eb4,"","2026-03-04"
0,"","Service Desk Technician","NetImpact Strategies Inc","Washington, DC","","",jobspy_indeed,https://www.indeed.com/viewjob?jk=9e847dfdaeb4a3aa,"","2026-03-04"
0,"","AV Network Engineer / AV Systems Specialist","Dobbs Defense Solutions, LLC","Washington, DC","","",jobspy_indeed,https://www.indeed.com/viewjob?jk=b164484734c8863b,"","2026-03-04"
0,"","AV Engineer - (Conference Rooms/Space Reservations) - *OnSite*","GEICO","Washington, DC","","$80,000 - $160,000 (yearly)",jobspy_indeed,https://www.indeed.com/viewjob?jk=c6ea3b3b52b99106,"","2026-03-04"
0,"","Audiovisual Engineer 3 (contract)","Boeing","Washington, DC","","$65 - $70 (hourly)",jobspy_indeed,https://www.indeed.com/viewjob?jk=e382a69ef4a71eaf,"","2026-03-04"
0,"","Senior Event Technician (Contractual)","Towson University","Washington, DC","","",jobspy_indeed,https://www.indeed.com/viewjob?jk=4db76c5f908bc9f3,"","2026-03-04"
0,"","Basketball Replay Operator (WNBA) - Washington, DC","Hawk-Eye Innovations","Washington, DC","","",jobspy_indeed,https://www.indeed.com/viewjob?jk=8d416185f9c69cb4,"","2026-03-04"
0,"","Audio-Visual Technician","Vision Technologies, Inc","Washington, DC","","",jobspy_indeed,https://www.indeed.com/viewjob?jk=db2b54fd31ff46f0,"","2026-03-03"
0,"","Sound Fellow","nan","Washington, DC","","",jobspy_indeed,https://www.indeed.com/viewjob?jk=df7b64eaa6032f48,"","2026-03-03"
0,"","Partner Success Manager","nan","Washington, DC","","",jobspy_indeed,https://www.indeed.com/viewjob?jk=47611ed3cb23a0e0,"","2026-03-06"
0,"","Show Tech Audio 1-4","Entertainment Technology Partners","Washington, DC","","$20 - $47 (hourly)",jobspy_indeed,https://www.indeed.com/viewjob?jk=4515fac2a4fc856e,"","2026-03-03"
0,"","Audio/Visual Specialist","CACI International","Washington, DC","","$59,600 - $122,100 (yearly)",jobspy_indeed,https://www.indeed.com/viewjob?jk=fd32b0c69c29ba4b,"","2026-01-21"
0,"","End User Support Technician - Mid","CACI International","Washington, DC","","$59,600 - $122,100 (yearly)",jobspy_indeed,https://www.indeed.com/viewjob?jk=292363e5d9fd013b,"","2026-01-21"
0,"","End User and Systems (AV/VTC) Technician","CACI International","Washington, DC","","$70,800 - $148,600 (yearly)",jobspy_indeed,https://www.indeed.com/viewjob?jk=fd830fbdb4194bbb,"","2026-01-21"
0,"","Video Specialist","CACI International","Washington, DC","","$70,800 - $148,600 (yearly)",jobspy_indeed,https://www.indeed.com/viewjob?jk=af3dc99240216422,"","2026-01-21"
0,"","SATCOM Field Engineer","CACI International","Washington, DC","","$70,800 - $148,600 (yearly)",jobspy_indeed,https://www.indeed.com/viewjob?jk=40ab72e42cdfbede,"","2026-03-03"
0,"","Broadcast Audio Visual Support Engineer","Wabtec","United States","","$79,100 - $112,800 (yearly)",jobspy_indeed,https://www.indeed.com/viewjob?jk=20403b2224154d83,"","2026-03-09"
0,"","Audio Technician","Pine Street Presbyterian Church","United States","","",jobspy_indeed,https://www.indeed.com/viewjob?jk=7b17ab45f355185b,"","2026-03-09"
0,"","AV Technician","Hi-Fidelity","United States","","$18 - $26 (hourly)",jobspy_indeed,https://www.indeed.com/viewjob?jk=fd212ecd957088d4,"","2026-03-09"
0,"","AV Integration Technician","WEBB","United States","","$28 - $32 (hourly)",jobspy_indeed,https://www.indeed.com/viewjob?jk=542a759a54078af7,"","2026-03-09"
0,"","Event Technician","The Tekk Group Ltd","United States","","$15 - $20 (hourly)",jobspy_indeed,https://www.indeed.com/viewjob?jk=f5507f385908dbcc,"","2026-03-09"
0,"","Home A/V Integration Technician","nan","United States","","$16 - $24 (hourly)",jobspy_indeed,https://www.indeed.com/viewjob?jk=ff1b41a9dccab315,"","2026-03-08"
0,"","Sr Staff Heat Assisted Magnetic Recording (HAMR) Product Design Engineer","Seagate Technology","United States","","$130,374 - $190,018 (yearly)",jobspy_indeed,https://www.indeed.com/viewjob?jk=13108a3e9be684a4,"","2026-03-08"
0,"","Chief Engineer","Sinclair Broadcast Group","United States","","",jobspy_indeed,https://www.indeed.com/viewjob?jk=c05a9dd4f61d8662,"","2026-03-08"
0,"","IT Engineer","Sinclair Broadcast Group","United States","","",jobspy_indeed,https://www.indeed.com/viewjob?jk=91d60f31a9d5bce4,"","2026-03-06"
0,"","Audio Editing Intern","The Francesa Luca Show","United States","","",jobspy_indeed,https://www.indeed.com/viewjob?jk=98aaa300baf32cf4,"","2026-03-08"
0,"","Lead AV Installer / Lead Technician","Phantom Sound and Video","United States","","$28 - $42 (hourly)",jobspy_indeed,https://www.indeed.com/viewjob?jk=6c53b6d68fbdc7e5,"","2026-03-08"
0,"","Audio-Visual Design Engineer Estimator","ie Smart Systems","United States","","",jobspy_indeed,https://www.indeed.com/viewjob?jk=2e394035a3e9171e,"","2026-03-08"
0,"","L3 Senior AV Travel Technician","Dunedin MS","United States","","",jobspy_indeed,https://www.indeed.com/viewjob?jk=0525eebd5484447e,"","2026-03-08"
0,"","Studio space","Omnia salon and barbershop","United States","","",jobspy_indeed,https://www.indeed.com/viewjob?jk=4add2e2313fa31e6,"","2026-03-08"
0,"","Video Engineer","Deloitte","United States","","",jobspy_indeed,https://www.indeed.com/viewjob?jk=3367089d7f853fd2,"","2026-03-07"
0,"","Audio Engineer #2","Deloitte","United States","","",jobspy_indeed,https://www.indeed.com/viewjob?jk=d5d1033b3ac592ab,"","2026-03-07"
0,"","Board Operator - Atlanta Radio","Cox Media Group","United States","","",jobspy_indeed,https://www.indeed.com/viewjob?jk=b77f19e448ffc4e7,"","2026-03-07"
0,"","AV / Alarm Technician","nan","United States","","$27 - $45 (hourly)",jobspy_indeed,https://www.indeed.com/viewjob?jk=1ff3fa55027eb9a1,"","2026-03-07"
0,"","Multimedia Services Technician","Chandler USD 80","United States","","$23 - $24 (hourly)",jobspy_indeed,https://www.indeed.com/viewjob?jk=cd7b0483d6ed58fe,"","2026-03-07"
0,"","Event Technician Audio, Visual - Gaylord Pacific","Encore Global","United States","","$23 - $23 (hourly)",jobspy_indeed,https://www.indeed.com/viewjob?jk=6561de03c54c5c99,"","2026-03-07"
0,"","AV Safety Engineering Analytics Lead Engineer (GPSSC)","General Motors (GM)","Remote","","",jobspy_indeed,https://www.indeed.com/viewjob?jk=e0abb8a72c153de6,"","2026-03-05"
0,"","Safety Modeling Engineer – Counterfactual & Behavioral Safety Modeling (GPSSC)","General Motors (GM)","Remote","","",jobspy_indeed,https://www.indeed.com/viewjob?jk=b2e667884cbb664f,"","2026-03-05"
0,"","Safety Modeling Engineer – Collision Severity and Safety Impact Modeling (GPSSC)","General Motors (GM)","Remote","","",jobspy_indeed,https://www.indeed.com/viewjob?jk=c132c8bafc240b9a,"","2026-03-05"
0,"","Sound Designer - VR/Unity","Doge Labs, Inc.","Remote","","$70,000 - $100,000 (yearly)",jobspy_indeed,https://www.indeed.com/viewjob?jk=9af82b7856ba26c9,"","2026-03-05"
0,"","Audio Editor - AI Trainer","Handshake","Remote","","",jobspy_indeed,https://www.indeed.com/viewjob?jk=70598e4871ced763,"","2026-03-04"
0,"","AV Senior Field Engineer (SFE)","Diversified","Remote","","$117,270 - $143,330 (yearly)",jobspy_indeed,https://www.indeed.com/viewjob?jk=67b54054ab11c07e,"","2026-03-04"
0,"","Desktop Support Technician","Ovation Workplace services","Chicago, Illinois","","$40,000 - $49,920 (yearly)",jobspy_indeed,https://www.indeed.com/viewjob?jk=0fe9f61c8b30687a,"","2026-03-05"
0,"","Commercial Account Manager/ Business Development Manager","Guitar Center","Chicago, Illinois","","$90,000 - $160,000 (yearly)",jobspy_indeed,https://www.indeed.com/viewjob?jk=eaba5e447ae9ca98,"","2026-03-02"
0,"","Sr. AV Project Manager - Bilingual (English/Korean) preferred","Woongjin, Inc","New York, New York","","$80,000 - $89,000 (yearly)",jobspy_indeed,https://www.indeed.com/viewjob?jk=1fdd8ce2b111d1e1,"","2026-03-07"
0,"","Sr. AV Project Manager","BTI Solutions","New York, New York","","",jobspy_indeed,https://www.indeed.com/viewjob?jk=c84a09a419775ead,"","2026-03-06"
0,"","Sr. AV Manager/Audio Visual Manager - Bilingual Korean","Geopaq Logic","New York, New York","","",jobspy_indeed,https://www.indeed.com/viewjob?jk=4943730c3ce0d81c,"","2026-03-06"
0,"","Senior Sales Engineer, NY Metro","Axonius","New York, New York","","$240,000 - $260,000 (yearly)",jobspy_indeed,https://www.indeed.com/viewjob?jk=a95ed1508e53c217,"","2026-03-06"
0,"","Tech Ops Engineer","nSCALE","New York, New York","","$80,000 - $128,000 (yearly)",jobspy_indeed,https://www.indeed.com/viewjob?jk=8af2619c631d4d55,"","2026-03-05"
0,"","IT Security Specialist, Office of Chief Information Officer","New York City Department of Health and Mental Hygiene","New York, New York","","$75,000 - $109,398 (yearly)",jobspy_indeed,https://www.indeed.com/viewjob?jk=683fbb24a58681b1,"","2026-03-05"
0,"","Senior Manager, Cybersecurity Detection Engineering","Cox Automotive","New York, New York","","$178,200 - $297,000 (yearly)",jobspy_indeed,https://www.indeed.com/viewjob?jk=edc0fbc04dda648a,"","2026-03-04"
0,"","Senior Technical Manager - Traffic/ITS","Michael Baker International","New York, New York","","$150,000 - $195,000 (yearly)",jobspy_indeed,https://www.indeed.com/viewjob?jk=0bb2dc8ef9a20464,"","2026-03-04"
0,"","Senior IT Support Engineer","Supergoop!","New York, New York","","$100,000 - $120,000 (yearly)",jobspy_indeed,https://www.indeed.com/viewjob?jk=ec9efa130c6db06c,"","2026-03-04"
0,"","Unified Communications Engineer","police department","New York, New York","","$75,000 - $160,000 (yearly)",jobspy_indeed,https://www.indeed.com/viewjob?jk=abad651b24da38e5,"","2026-03-04"
0,"","Senior Manager Capital Projects","Madison Square Garden Entertainment and Sports","New York, New York","","$140,000 - $155,000 (yearly)",jobspy_indeed,https://www.indeed.com/viewjob?jk=139a66ada6c4cf64,"","2026-03-03"
0,"","Fall 2026 Intern, Motion Planning","Kodiak","San Francisco, California","","",jobspy_indeed,https://www.indeed.com/viewjob?jk=0345156123f29621,"","2026-03-07"
0,"","Senior AI/ML Engineer, Build Platform","General Motors (GM)","San Francisco, California","","$170,000 - $240,000 (yearly)",jobspy_indeed,https://www.indeed.com/viewjob?jk=7842bca745223626,"","2026-03-06"
0,"","Staff Software Engineer - Rendering (Simulation)","General Motors (GM)","San Francisco, California","","$160,200 - $246,300 (yearly)",jobspy_indeed,https://www.indeed.com/viewjob?jk=838dfb8b370cf918,"","2026-03-06"
0,"","Engineering Manager, Prediction and Planning - Autonomous Vehicles","NVIDIA","San Francisco, California","","$224,000 - $431,250 (yearly)",jobspy_indeed,https://www.indeed.com/viewjob?jk=64d565f5923d68b1,"","2026-03-06"
0,"","Senior ML Accelerator Engineer - GPU","General Motors (GM)","San Francisco, California","","$128,700 - $261,300 (yearly)",jobspy_indeed,https://www.indeed.com/viewjob?jk=f643653f61c3034a,"","2026-03-06"
0,"","Senior ML Compiler Engineer","General Motors (GM)","San Francisco, California","","$128,700 - $261,300 (yearly)",jobspy_indeed,https://www.indeed.com/viewjob?jk=9d970627a634dfbd,"","2026-03-06"
0,"","Principal AI Safety Engineer for Autonomous Vehicles: Technical Lead (GPSSC)","General Motors (GM)","San Francisco, California","","$250,600 - $384,600 (yearly)",jobspy_indeed,https://www.indeed.com/viewjob?jk=3a12008839ba4590,"","2026-03-06"
0,"","Product Manager, AI Data and Metrics","Waymo","San Francisco, California","","$241,000 - $306,000 (yearly)",jobspy_indeed,https://www.indeed.com/viewjob?jk=0233dab79875e77e,"","2026-03-05"
0,"","Senior State Estimation Engineer - Localization","General Motors (GM)","San Francisco, California","","$170,600 - $261,300 (yearly)",jobspy_indeed,https://www.indeed.com/viewjob?jk=80395018e7ef26c6,"","2026-03-05"
0,"","Software Systems Engineer, Release Reliability & Automation (Autonomous Vehicles)","General Motors (GM)","San Francisco, California","","",jobspy_indeed,https://www.indeed.com/viewjob?jk=864266ab5f8e3aac,"","2026-03-04"
0,"","Electronics Technician II","AeroVironment","San Francisco, California","","",jobspy_indeed,https://www.indeed.com/viewjob?jk=eab944864f5fa538,"","2026-03-05"
0,"","MTR Engineer","Tata Consultancy Services (TCS)","San Francisco, California","","$110,000 - $120,000 (yearly)",jobspy_indeed,https://www.indeed.com/viewjob?jk=d5873bf6df6ed418,"","2026-03-05"
0,"","IT Technical Support Engineer","Saildrone","San Francisco, California","","$79,400 - $99,300 (yearly)",jobspy_indeed,https://www.indeed.com/viewjob?jk=b9808d2c0c5fcdb4,"","2026-03-05"
0,"","Desktop Support Technician","Ovation Workplace services","San Francisco, California","","$40,000 - $49,920 (yearly)",jobspy_indeed,https://www.indeed.com/viewjob?jk=548f0fc7362a0d21,"","2026-03-04"
0,"","Sr Principal Systems Architect (Onsite)","Collins Aerospace","San Francisco, California","","$145,600 - $276,800 (yearly)",jobspy_indeed,https://www.indeed.com/viewjob?jk=7880fa3f1ddc2591,"","2026-03-04"
0,"","Technical Designer - Workplace - Senior","Gensler","Seattle, Washington","","$90,000 - $131,000 (yearly)",jobspy_indeed,https://www.indeed.com/viewjob?jk=cbfcc4de971dd9ff,"","2026-03-07"
0,"","Tech Ops Engineer","nSCALE","Seattle, Washington","","$80,000 - $128,000 (yearly)",jobspy_indeed,https://www.indeed.com/viewjob?jk=32ced5b8de8373e5,"","2026-03-05"
0,"","IT Systems Administrator","Executech","Seattle, Washington","","$80,000 - $85,000 (yearly)",jobspy_indeed,https://www.indeed.com/viewjob?jk=2e65081a82f4c9b7,"","2026-03-04"
0,"","Information Security Analyst","Valley Medical Center","Seattle, Washington","","$116,909 - $175,364 (yearly)",jobspy_indeed,https://www.indeed.com/viewjob?jk=7c5b353d53adaffa,"","2026-03-04"
0,"","Corporate Technology Support","Microsoft","Seattle, Washington","","$76,800 - $168,000 (yearly)",jobspy_indeed,https://www.indeed.com/viewjob?jk=45ffc9f189f5b42d,"","2026-02-07"
0,"","Security Systems Integrator (Access Control Specialist)","Superior Communication Services","Boston, Massachusetts","","",jobspy_indeed,https://www.indeed.com/viewjob?jk=49cef6e2c0b84cb0,"","2026-03-05"
0,"","IT Systems Administrator","Dalkia","Boston, Massachusetts","","",jobspy_indeed,https://www.indeed.com/viewjob?jk=36d66019eee231b7,"","2026-03-04"
0,"","Tech Operations Support Engineer","Fidelity TalentSource","Boston, Massachusetts","","$50 - $55 (hourly)",jobspy_indeed,https://www.indeed.com/viewjob?jk=f304bb0259243421,"","2026-01-23"
0,"","Quality Assurance Administrator","AeroVironment","Los Angeles, California","","$26 - $37 (hourly)",jobspy_indeed,https://www.indeed.com/viewjob?jk=f9fe51d592bf6db8,"","2026-03-06"
0,"","Technology Systems Engineer/Lead Engineer","Vantage Technology Consulting Group","Los Angeles, California","","$66,000 - $84,000 (yearly)",jobspy_indeed,https://www.indeed.com/viewjob?jk=cbe46c186483fe3e,"","2026-03-06"
0,"","Production Technician II","AeroVironment","Los Angeles, California","","$17 - $24 (hourly)",jobspy_indeed,https://www.indeed.com/viewjob?jk=8faaf6b934020f76,"","2026-03-06"
0,"","System Test Engineer, Sr.","AeroVironment","Los Angeles, California","","$118,107 - $167,475 (yearly)",jobspy_indeed,https://www.indeed.com/viewjob?jk=e2db8d210e0a0331,"","2026-03-05"
0,"","Sr. Electrical Engineer","AeroVironment","Los Angeles, California","","$118,107 - $167,475 (yearly)",jobspy_indeed,https://www.indeed.com/viewjob?jk=9f82a6fc99f0894d,"","2026-03-04"
0,"","Senior Supplier Quality Systems Engineer","AeroVironment","Los Angeles, California","","$118,107 - $167,475 (yearly)",jobspy_indeed,https://www.indeed.com/viewjob?jk=4dc8e2e5e7acd023,"","2026-03-02"
0,"","Manufacturing Engineer III","AeroVironment","Los Angeles, California","","$89,630 - $127,050 (yearly)",jobspy_indeed,https://www.indeed.com/viewjob?jk=b1a2aa37051f1778,"","2026-03-05"
0,"","Senior Manager, Cybersecurity Detection Engineering","Information Technology Senior Management Forum","Los Angeles, California","","",jobspy_indeed,https://www.indeed.com/viewjob?jk=a94451355b847d9a,"","2026-03-04"
0,"","Production Team Lead","AeroVironment","Los Angeles, California","","$19 - $27 (hourly)",jobspy_indeed,https://www.indeed.com/viewjob?jk=6d0d6a99e7e7cf0c,"","2026-03-04"
0,"","IT Service Technician 3","Grupo-sms","Los Angeles, California","","$52,500 - $76,500 (yearly)",jobspy_indeed,https://www.indeed.com/viewjob?jk=24b0cb6dfa79a55a,"","2026-03-04"
0,"","Endpoint Security Engineer","Booz Allen Hamilton","Washington, DC","","$62,000 - $141,000 (yearly)",jobspy_indeed,https://www.indeed.com/viewjob?jk=a9a93ca635aa1109,"","2026-03-06"
0,"","Federal Sales Engineer - Civilian (Remote, DMV)","CrowdStrike","Washington, DC","","$135,000 - $205,000 (yearly)",jobspy_indeed,https://www.indeed.com/viewjob?jk=7c5e0905185e25dc,"","2026-03-06"
0,"","Mid-Level Software Engineer","Synergy ECP","Washington, DC","","$175,000 - $190,000 (yearly)",jobspy_indeed,https://www.indeed.com/viewjob?jk=656637ec80012aed,"","2026-03-05"
0,"","Engineer","AKA Hotels+Hotel Residences","Washington, DC","","",jobspy_indeed,https://www.indeed.com/viewjob?jk=4a4c64a6e76d98fc,"","2026-03-05"
0,"","Integrated Experiences Intern","AECOM","Washington, DC","","$18 - $22 (hourly)",jobspy_indeed,https://www.indeed.com/viewjob?jk=eec9c5f7916a7160,"","2026-03-05"
0,"","Technology Cyber Security Architect","Cooley LLP","Washington, DC","","$120,000 - $175,000 (yearly)",jobspy_indeed,https://www.indeed.com/viewjob?jk=5254ba1d2b9bf61c,"","2026-03-05"
0,"","Industrial Engineering Intern","AeroVironment","Washington, DC","","$20 - $25 (hourly)",jobspy_indeed,https://www.indeed.com/viewjob?jk=befcd7f92950ed56,"","2026-03-04"
0,"","Business Development Executive","Pavion","Washington, DC","","$130,000 - $145,000 (yearly)",jobspy_indeed,https://www.indeed.com/viewjob?jk=40bb45a4872c713d,"","2026-03-04"
0,"","Unified Communications Manager","BAE Systems USA","Washington, DC","","$132,962 - $226,035 (yearly)",jobspy_indeed,https://www.indeed.com/viewjob?jk=8ff581da4dd882bc,"","2026-03-03"
0,"","Certified Software Developer/Programmer","BAE Systems USA","Washington, DC","","$132,962 - $226,035 (yearly)",jobspy_indeed,https://www.indeed.com/viewjob?jk=16c73d326f944365,"","2026-03-05"
0,"","Systems Support Engineer","Clever Devices","Washington, DC","","$90,000 - $140,000 (yearly)",jobspy_indeed,https://www.indeed.com/viewjob?jk=2f24d9eeb93ffed6,"","2026-03-03"
0,"","System Engineer","AeroVironment","Washington, DC","","$107,000 - $225,000 (yearly)",jobspy_indeed,https://www.indeed.com/viewjob?jk=7db23b75a3368445,"","2026-03-03"
0,"","Telecommunications - Muste Be US Citizen with Active DoD/DoE clearance!","EDC Consulting","Washington, DC","","",jobspy_indeed,https://www.indeed.com/viewjob?jk=c46efd0ae6960da5,"","2026-03-03"
0,"","VTC Engineer","CACI International","Washington, DC","","$84,900 - $178,400 (yearly)",jobspy_indeed,https://www.indeed.com/viewjob?jk=8876e8dc6c4baea2,"","2026-03-03"
0,"","Design Engineer II","AVI-SPL","Washington, DC","","",jobspy_indeed,https://www.indeed.com/viewjob?jk=7d2d21b49ffa74c9,"","2026-03-02"
0,"","Materials Management Analyst","AeroVironment","Washington, DC","","$74,000 - $105,000 (yearly)",jobspy_indeed,https://www.indeed.com/viewjob?jk=c245d52294447059,"","2026-03-02"
0,"","Project Engineer II","Pavion","Washington, DC","","",jobspy_indeed,https://www.indeed.com/viewjob?jk=ef0bd175e044a75a,"","2026-03-02"
0,"","Audio Visual Command Meeting Engineer w/Top Secret Clearance","TekSynap","Washington, DC","","",jobspy_indeed,https://www.indeed.com/viewjob?jk=d00c81f5209ce0ea,"","2026-01-24"
0,"","Senate","TekSynap","Washington, DC","","",jobspy_indeed,https://www.indeed.com/viewjob?jk=feb2a46c9f97aafc,"","2024-08-23"
0,"","AVL System Design Engineer","nan","United States","","",jobspy_indeed,https://www.indeed.com/viewjob?jk=b52fdceafbe88ddf,"","2026-03-09"
0,"","Technician - Jeep/Dodge/Ram","nan","United States","","",jobspy_indeed,https://www.indeed.com/viewjob?jk=f03230f7f77f6052,"","2026-03-09"
0,"","HVAC Service Technician- Commercial 100-22","nan","United States","","",jobspy_indeed,https://www.indeed.com/viewjob?jk=6dce63461536a0e0,"","2026-03-06"
0,"","HVAC Install Technician- Residential","nan","United States","","",jobspy_indeed,https://www.indeed.com/viewjob?jk=db83b5f5a7df7f32,"","2026-03-06"
0,"","Media Operator I","nan","United States","","",jobspy_indeed,https://www.indeed.com/viewjob?jk=680d42e3e7af619c,"","2026-03-06"
0,"","Maintenance Supervisor ("Supervisor/a de Mantenimiento")","nan","United States","","",jobspy_indeed,https://www.indeed.com/viewjob?jk=f2383d1a4454cee7,"","2026-03-08"
0,"","Game Presentation Production Intern","nan","United States","","",jobspy_indeed,https://www.indeed.com/viewjob?jk=eaf658ed15371dff,"","2026-03-02"
0,"","Technical Support Engineer","NovaStar Financial","United States","","$4,000 - $6,000 (monthly)",jobspy_indeed,https://www.indeed.com/viewjob?jk=57aaa48736d74aa0,"","2026-03-09"
0,"","Senior Project Engineer - Electrical","MSA Professional Services, Inc.","United States","","$88,871 - $142,195 (yearly)",jobspy_indeed,https://www.indeed.com/viewjob?jk=44ce29b8ed38477c,"","2026-03-06"
0,"","EUC/Desktop Engineer","Tata Consultancy Services (TCS)","United States","","$65,000 - $70,000 (yearly)",jobspy_indeed,https://www.indeed.com/viewjob?jk=5fb887ca1dcb78f8,"","2026-03-06"
0,"","Distance Learning Specialist","University of Texas at Austin","United States","","",jobspy_indeed,https://www.indeed.com/viewjob?jk=ec47a69af480a9a7,"","2026-03-06"
0,"","Senior Data Engineer (Autonomous Vehicles)","General Motors (GM)","United States","","$125,000 - $198,400 (yearly)",jobspy_indeed,https://www.indeed.com/viewjob?jk=c37f30118514c7d7,"","2026-03-06"
0,"","AV-Installation and Support Services Technician","Diversified","United States","","$29 - $35 (hourly)",jobspy_indeed,https://www.indeed.com/viewjob?jk=351a7a2b7ef007f4,"","2026-03-06"
0,"","Design Engineer 2- Virtual, US","Diversified","United States","","$99,100 - $134,000 (yearly)",jobspy_indeed,https://www.indeed.com/viewjob?jk=b492fbac80c434d7,"","2026-03-06"
0,"","Audio Visual Systems Engineer","Summit Technologies, Inc.","United States","","",jobspy_indeed,https://www.indeed.com/viewjob?jk=c77f6af046cded2f,"","2026-03-06"
0,"","Installation Technician II","AVI-SPL","United States","","",jobspy_indeed,https://www.indeed.com/viewjob?jk=a4cdef04770deeba,"","2026-03-06"
0,"","Field Service Technician","AVI-SPL","United States","","",jobspy_indeed,https://www.indeed.com/viewjob?jk=04498ee751b52b15,"","2026-03-06"
0,"","AV Facility Technician","AVI-SPL","United States","","",jobspy_indeed,https://www.indeed.com/viewjob?jk=85816fe680cad03f,"","2026-03-04"
0,"","Information Technology Support Technician","Carollo Engineers, Inc.","United States","","$31 - $36 (hourly)",jobspy_indeed,https://www.indeed.com/viewjob?jk=11eeb065604db562,"","2026-03-06"
0,"","Project Foreman (Integrations)","Access Audio","United States","","$30 - $50 (hourly)",jobspy_indeed,https://www.indeed.com/viewjob?jk=d8bf11450a98605c,"","2026-03-06"
0,"","AV Flight Night Social Event - 4/9 - Albuquerque, NM","AeroVironment","United States","","",jobspy_indeed,https://www.indeed.com/viewjob?jk=3d03c7c3dac4362b,"","2026-03-06"
0,"","Staff Machine Learning Engineer - Mapping","General Motors (GM)","Remote","","$185,100 - $335,300 (yearly)",jobspy_indeed,https://www.indeed.com/viewjob?jk=46a441ccf3c592e6,"","2026-03-06"
0,"","Field Marketing Coordinator","Vanta","Remote","","$95,000 - $112,000 (yearly)",jobspy_indeed,https://www.indeed.com/viewjob?jk=30a911a7a468c636,"","2026-03-03"
0,"","Staff Engineer, Offensive Security","Twilio","Remote","","",jobspy_indeed,https://www.indeed.com/viewjob?jk=89cee2de147f611b,"","2026-02-17"
0,"","Associate Engineer, Media Support Systems","Paramount","New York, New York","","$80,000 - $90,000 (yearly)",jobspy_indeed,https://www.indeed.com/viewjob?jk=9e038f77c4ca6cfd,"","2026-03-08"
0,"","Augmented and Virtual Reality Developer","CBS News and Stations","New York, New York","","$100,000 - $120,000 (yearly)",jobspy_indeed,https://www.indeed.com/viewjob?jk=c719d559e752e305,"","2026-03-08"
0,"","Senior Lead Software Engineer - Databricks/Spark/AWS","JPMorganChase","New York, New York","","$171,000 - $260,000 (yearly)",jobspy_indeed,https://www.indeed.com/viewjob?jk=cd7104a8c070c537,"","2026-03-08"
0,"","Solutions Engineer","Audacy, Inc.","New York, New York","","",jobspy_indeed,https://www.indeed.com/viewjob?jk=31813beeef70938d,"","2026-03-07"
0,"","Media Workflow Engineer","Peloton","New York, New York","","$121,231 - $145,475 (yearly)",jobspy_indeed,https://www.indeed.com/viewjob?jk=10fd340a6cf030ff,"","2026-03-06"
0,"","OTT Live Video Engineer, YouTube","Youtube","New York, New York","","$126,000 - $181,000 (yearly)",jobspy_indeed,https://www.indeed.com/viewjob?jk=cc1989b161c116f3,"","2026-03-05"
0,"","Senior Security Engineer (contract)","BNY","New York, New York","","$95 - $124 (hourly)",jobspy_indeed,https://www.indeed.com/viewjob?jk=9574de19fb068750,"","2026-03-03"
0,"","Project Manager (3 - 6 Month Contract)","nan","San Francisco, California","","$120,000 - $175,000 (yearly)",jobspy_indeed,https://www.indeed.com/viewjob?jk=b0ccf35eeb8e26af,"","2026-03-05"
0,"","Senior RF Engineer","Xona Space Systems","San Francisco, California","","$140,000 - $185,000 (yearly)",jobspy_indeed,https://www.indeed.com/viewjob?jk=f634f672d77e2e5d,"","2026-03-03"
0,"","Software Engineer 5 - Ads Engineering","Netflix","San Francisco, California","","$388,000 - $558,000 (yearly)",jobspy_indeed,https://www.indeed.com/viewjob?jk=a9420c1446e36091,"","2026-03-03"
0,"","Senior Architect - Agentic AI","Citizens","Boston, Massachusetts","","$127,000 - $170,000 (yearly)",jobspy_indeed,https://www.indeed.com/viewjob?jk=50e1dbbfad2b0bb2,"","2026-03-04"
0,"","Video Quality Assurance Engineer 2","Comcast","Los Angeles, California","","$37 - $50 (hourly)",jobspy_indeed,https://www.indeed.com/viewjob?jk=edfd1b2fba268683,"","2026-03-05"
0,"","Senior Applied AI Engineer","Genius Sports","Los Angeles, California","","$180,000 - $230,000 (yearly)",jobspy_indeed,https://www.indeed.com/viewjob?jk=0ba7649ef13199f0,"","2026-03-05"
0,"","Senior Security Specialist, Compliance","The Walt Disney Company","Los Angeles, California","","$117,500 - $157,500 (yearly)",jobspy_indeed,https://www.indeed.com/viewjob?jk=a96b686cab96c28e,"","2026-03-03"
0,"","Software Engineer - Interactive Visualization","The Walt Disney Company","Los Angeles, California","","$117,500 - $157,500 (yearly)",jobspy_indeed,https://www.indeed.com/viewjob?jk=64d050288764902f,"","2026-03-05"
0,"","IT Network Engineer","Banco BMG","Washington, DC","","",jobspy_indeed,https://www.indeed.com/viewjob?jk=a064ddbbb75aee05,"","2026-03-04"
0,"","2026 Full-time - NCF Systems Engineer I (Meteorologist)","Raytheon","Washington, DC","","$57,200 - $108,800 (yearly)",jobspy_indeed,https://www.indeed.com/viewjob?jk=b256e26381107472,"","2026-03-03"
0,"","Technical Engineer","VIAVI Solutions","Washington, DC","","$73,500 - $136,500 (yearly)",jobspy_indeed,https://www.indeed.com/viewjob?jk=ed1e65470f0453c5,"","2026-03-02"
0,"","Chief Engineer (Integrated Broadcast System Network Expansion)","CACI International","Washington, DC","","$131,800 - $290,000 (yearly)",jobspy_indeed,https://www.indeed.com/viewjob?jk=bcd49084cc131a6e,"","2026-03-02"
0,"","UX/UI Engineer Intern","iHeartMedia","United States","","$32 - $40 (hourly)",jobspy_indeed,https://www.indeed.com/viewjob?jk=1de611c2dc0533b0,"","2026-03-09"
0,"","Lead Software Engineer - Databricks, Spark, AWS","JPMorganChase","United States","","$152,000 - $215,000 (yearly)",jobspy_indeed,https://www.indeed.com/viewjob?jk=26e51b888a5e0998,"","2026-03-08"
0,"","Senior Principal Solutions Architect - Media Entertainment Services","Oracle","United States","","",jobspy_indeed,https://www.indeed.com/viewjob?jk=5bb3281606fe6b08,"","2026-03-06"
0,"","Sr Principal Software Engineer - Media Entertainment Services","Oracle","United States","","",jobspy_indeed,https://www.indeed.com/viewjob?jk=6965053b6c533e7e,"","2026-03-05"
0,"","RF Maintenance Engineer","Hubbard Broadcasting","United States","","",jobspy_indeed,https://www.indeed.com/viewjob?jk=2290ad9250bfbd84,"","2026-03-06"
0,"","Maintenance Technician, Broadcast/IT","Nexstar Media Group, Inc.","United States","","$19 - $21 (hourly)",jobspy_indeed,https://www.indeed.com/viewjob?jk=92d33392c0984cf2,"","2026-03-06"
0,"","CHIEF ENGINEER - KWCH","GRAY MEDIA","United States","","",jobspy_indeed,https://www.indeed.com/viewjob?jk=3cc280c79ff7b8c7,"","2026-03-06"
0,"","Product Manager","Paramount","United States","","",jobspy_indeed,https://www.indeed.com/viewjob?jk=0a2f211e96855deb,"","2026-03-06"
0,"","Advanced Manufacturing Engineering (AME) Sr. Business Systems Analyst (BSA)","Stellantis","United States","","",jobspy_indeed,https://www.indeed.com/viewjob?jk=39955ad279719019,"","2026-03-05"
0,"","Automotive Visualization Graphic Designer","Stellantis","United States","","",jobspy_indeed,https://www.indeed.com/viewjob?jk=8e8e9c601667ea69,"","2026-03-07"
0,"","Junior Automotive Component & Detail Designer (Research)","Stellantis","United States","","",jobspy_indeed,https://www.indeed.com/viewjob?jk=a98f90194f65a833,"","2026-03-07"
0,"","Broadcast Engineer III","Shop LC","United States","","$85,000 - $95,000 (yearly)",jobspy_indeed,https://www.indeed.com/viewjob?jk=e9feb17fa7963a5f,"","2026-03-05"
0,"","ENGINEER SYSTEMS III","Chugach Government Solutions","United States","","$80,000 - $130,000 (yearly)",jobspy_indeed,https://www.indeed.com/viewjob?jk=d07b9fd4adc35f1d,"","2026-01-20"
0,"","Technical Instructor Electronic Technician","CSA","Chicago, Illinois","","",jobspy_indeed,https://www.indeed.com/viewjob?jk=a99b715a88d91c3b,"","2026-03-03"
0,"","GMS-Senior Field Service Technician","Verrex Corporation","New York, New York","","$38 - $43 (hourly)",jobspy_indeed,https://www.indeed.com/viewjob?jk=786a7a7fa8a34bb3,"","2026-03-02"
0,"","Office Technology Specialist","Cooley LLP","Boston, Massachusetts","","$39 - $48 (hourly)",jobspy_indeed,https://www.indeed.com/viewjob?jk=d77fea8009c983f2,"","2026-03-04"
0,"","Electronics Technician 3 - Boston, MA","M.C. Dean, Inc.","Boston, Massachusetts","","$32 - $46 (hourly)",jobspy_indeed,https://www.indeed.com/viewjob?jk=b32165b8cae3a777,"","2026-03-03"
0,"","Electronics Technician 4 - Boston, MA","M.C. Dean, Inc.","Boston, Massachusetts","","$36 - $60 (hourly)",jobspy_indeed,https://www.indeed.com/viewjob?jk=fde1d2e4d56b687c,"","2026-03-03"
0,"","Endoscopy Equipment Tech I - Evenings","Boston Children's Hospital","Boston, Massachusetts","","$21 - $33 (hourly)",jobspy_indeed,https://www.indeed.com/viewjob?jk=4d7535ec660e5002,"","2026-03-03"
0,"","Tradeshow Construction Technician","igus Bearings, Inc.","Boston, Massachusetts","","",jobspy_indeed,https://www.indeed.com/viewjob?jk=a3d4fe425cc3538a,"","2026-03-02"
0,"","IT Desktop Deployment Technician","Exante360","Los Angeles, California","","$21 - $28 (hourly)",jobspy_indeed,https://www.indeed.com/viewjob?jk=042a0e025f24c4b5,"","2026-03-04"
0,"","Deputy Project Leader","M.C. Dean, Inc.","Washington, DC","","",jobspy_indeed,https://www.indeed.com/viewjob?jk=f72861d45a1e40f9,"","2026-03-06"
0,"","Control Engineer 4 (BMS and EMCS)","M.C. Dean, Inc.","Washington, DC","","",jobspy_indeed,https://www.indeed.com/viewjob?jk=9897836a48bdd27a,"","2026-03-05"
0,"","Engineer 2","M.C. Dean, Inc.","Washington, DC","","",jobspy_indeed,https://www.indeed.com/viewjob?jk=a7b801afca6eb679,"","2026-03-05"
0,"","Tech Specialist 1","M.C. Dean, Inc.","Washington, DC","","",jobspy_indeed,https://www.indeed.com/viewjob?jk=3f23004be8a46472,"","2026-03-05"
0,"","Electrical Superintendent-Manassas , VA","M.C. Dean, Inc.","Washington, DC","","",jobspy_indeed,https://www.indeed.com/viewjob?jk=c41d8b2801d314da,"","2026-03-03"
0,"","Control Technician 4","M.C. Dean, Inc.","Washington, DC","","$51 - $65 (hourly)",jobspy_indeed,https://www.indeed.com/viewjob?jk=600cf65dc134468c,"","2026-03-06"
0,"","VIDEO TELECONFERENCE PRODUCTION SPECIALIST","US Defense Information Systems Agency","Washington, DC","","$121,785 - $158,322 (yearly)",jobspy_indeed,https://www.indeed.com/viewjob?jk=98da5039a6a1c36a,"","2026-03-06"
0,"","Control Technician 1 - Power Control Systems","M.C. Dean, Inc.","Washington, DC","","$23 - $28 (hourly)",jobspy_indeed,https://www.indeed.com/viewjob?jk=165b64d1826a1c8f,"","2026-03-05"
0,"","Control Technician 3","M.C. Dean, Inc.","Washington, DC","","$38 - $50 (hourly)",jobspy_indeed,https://www.indeed.com/viewjob?jk=c725836be531bacf,"","2026-03-05"
0,"","Electronics Technician 4 - Washington Metro Area - Monday - Thursday - 10AM - 8:30PM","M.C. Dean, Inc.","Washington, DC","","$36 - $60 (hourly)",jobspy_indeed,https://www.indeed.com/viewjob?jk=5ca4e73efef03a5a,"","2026-03-05"
0,"","Control Technician 2","M.C. Dean, Inc.","Washington, DC","","$28 - $38 (hourly)",jobspy_indeed,https://www.indeed.com/viewjob?jk=6cb3c76e59214a90,"","2026-03-05"
0,"","CUSTOMER TECHNICAL TECHNICIAN","Peraton","Washington, DC","","$39,000 - $62,000 (yearly)",jobspy_indeed,https://www.indeed.com/viewjob?jk=2efb096d3fe02bca,"","2026-03-05"
0,"","Trademark Program Specialist","nan","Washington, DC","","$121,785 - $158,322 (yearly)",jobspy_indeed,https://www.indeed.com/viewjob?jk=5127c24d92d7d5ec,"","2026-03-04"
0,"","HVAC Controls Technician 4 - (U) - Part-Time -TS/SCI w/ Poly","M.C. Dean, Inc.","Washington, DC","","$50 - $60 (hourly)",jobspy_indeed,https://www.indeed.com/viewjob?jk=bcc0a442bb2ac381,"","2026-03-03"
0,"","Design Engineer 3 - Annapolis Junction, MD","M.C. Dean, Inc.","Washington, DC","","$104,240 - $156,360 (yearly)",jobspy_indeed,https://www.indeed.com/viewjob?jk=9b798ed01c60aef1,"","2026-03-03"
0,"","Design Engineer 4 - Annapolis Junction, MD","M.C. Dean, Inc.","Washington, DC","","$125,120 - $187,680 (yearly)",jobspy_indeed,https://www.indeed.com/viewjob?jk=def1548f31ee9c02,"","2026-03-03"
0,"","TECHNOLOGY ADVOCATE","Waveguide","Washington, DC","","$41,000 - $50,000 (yearly)",jobspy_indeed,https://www.indeed.com/viewjob?jk=d10d9109eaf240d0,"","2026-02-24"
0,"","Geospatial Technician Assessor of Property","Hamilton County, TN","United States","","$43,157 - $53,946 (yearly)",jobspy_indeed,https://www.indeed.com/viewjob?jk=25fae309c54dfffd,"","2026-03-09"
0,"","AV PROJECT MANAGER 2","COMNET COMMUNICATIONS","United States","","",jobspy_indeed,https://www.indeed.com/viewjob?jk=ddb584f05f574c5a,"","2026-03-07"
0,"","Installation Technician III - US","Solotech","United States","","",jobspy_indeed,https://www.indeed.com/viewjob?jk=7f8bda3cd3686d27,"","2026-03-06"
0,"","BCBA Clinical Apprentice","LittleStar ABA Therapy","United States","","",jobspy_indeed,https://www.indeed.com/viewjob?jk=967902f206eec02d,"","2026-03-06"
0,"","Associate Installation Technician","FORTÉ","United States","","",jobspy_indeed,https://www.indeed.com/viewjob?jk=0161254254b6721d,"","2026-03-06"
0,"","MANUFACTURING TECHNICIAN III","TE Connectivity","United States","","$55,200 - $82,800 (yearly)",jobspy_indeed,https://www.indeed.com/viewjob?jk=d65ef7c5c8423193,"","2026-03-06"
0,"","Design Technician 3","M.C. Dean, Inc.","United States","","$32 - $40 (hourly)",jobspy_indeed,https://www.indeed.com/viewjob?jk=a6c7d14371da364b,"","2026-03-06"
0,"","Senior Office Technology Specialist","Cooley LLP","United States","","$52 - $64 (hourly)",jobspy_indeed,https://www.indeed.com/viewjob?jk=63fba697cbd14bbc,"","2026-03-06"
0,"","Media Center Technician","Christian Academy School System","United States","","",jobspy_indeed,https://www.indeed.com/viewjob?jk=8a6c4cb068612d44,"","2026-03-06"
0,"","Flexforce Technician-P/T","Entertainment Technology Partners","United States","","$15 - $17 (hourly)",jobspy_indeed,https://www.indeed.com/viewjob?jk=5a5eef18e93f318e,"","2026-03-06"
0,"","MCTP CIC Operations AV Technicians","Core Government Services Corporation","United States","","",jobspy_indeed,https://www.indeed.com/viewjob?jk=0ec563743e146b38,"","2026-03-06"
0,"","Low Voltage Technician","Genesis Datacom","United States","","$22 - $25 (hourly)",jobspy_indeed,https://www.indeed.com/viewjob?jk=421dcf9f5d589d17,"","2026-03-06"
0,"","Audiovisual Installation Engineer - Specified Term","The University of Iowa","United States","","",jobspy_indeed,https://www.indeed.com/viewjob?jk=882bcbd8913963f7,"","2026-03-06"
0,"","Audio Visual Installation Field Technician","Rock The House","United States","","$23 - $26 (hourly)",jobspy_indeed,https://www.indeed.com/viewjob?jk=0c7a93646c78323c,"","2026-03-01"
0,"","Event Producer","MDM Entertainment","Chicago, Illinois","","$26 - $30 (hourly)",jobspy_indeed,https://www.indeed.com/viewjob?jk=266d169f8c0e846a,"","2026-03-02"
0,"","Audio Visual Production Manager","Convene","New York, New York","","$105,000 - $115,000 (yearly)",jobspy_indeed,https://www.indeed.com/viewjob?jk=722240c1ec9331a7,"","2026-03-06"
0,"","Lead Technician - Corporate Services","NYU Langone Health","New York, New York","","$101,493 - $115,951 (yearly)",jobspy_indeed,https://www.indeed.com/viewjob?jk=bad1ed54b0127596,"","2026-03-06"
0,"","Service Delivery Manager, AV","Diversified","San Francisco, California","","$129,960 - $158,840 (yearly)",jobspy_indeed,https://www.indeed.com/viewjob?jk=949c84e36e9858f6,"","2026-03-02"
0,"","LEAD ADMINISTRATOR L2(CONTRACT)","Wipro","Boston, Massachusetts","","$80,000 - $158,000 (yearly)",jobspy_indeed,https://www.indeed.com/viewjob?jk=e9ec951dd31f2738,"","2026-03-04"
0,"","Telecommunication Technician / Electrical Installer 3","Convergint","Washington, DC","","",jobspy_indeed,https://www.indeed.com/viewjob?jk=0739f67bd4951758,"","2026-03-05"
0,"","Town Hall, Production Manager","Comcast","United States","","",jobspy_indeed,https://www.indeed.com/viewjob?jk=835d426af9a8c26c,"","2026-03-06"
0,"","IT Technician Lead - AV Support - This is not a remote position","Bernalillo County","United States","","$26 - $41 (hourly)",jobspy_indeed,https://www.indeed.com/viewjob?jk=1117b423f04f36af,"","2026-03-06"
0,"","Desktop Support Technician - AV tech","Allied Digital Services Ltd","United States","","$24 - $25 (hourly)",jobspy_indeed,https://www.indeed.com/viewjob?jk=61e13ea8d0a2b8c2,"","2026-03-06"
0,"","IT Support Technician - Lincoln","WarHorse Gaming, LLC","United States","","",jobspy_indeed,https://www.indeed.com/viewjob?jk=6975790bd108a012,"","2026-03-05"
0,"","IT Field & Desktop Support Technician(Independent Contractor-1099) – Doraville, Georgia","Axiom Technologies","United States","","",jobspy_indeed,https://www.indeed.com/viewjob?jk=d8dbedf3c1c82760,"","2026-03-05"
0,"","Senior AV/VTC Engineer","OSC Edge","United States","","",jobspy_indeed,https://www.indeed.com/viewjob?jk=d578ce8e90748606,"","2026-03-05"
0,"","IT Support Technician - Lincoln","Ho-Chunk, Inc.","United States","","",jobspy_indeed,https://www.indeed.com/viewjob?jk=c161c590839d6770,"","2026-03-04"
0,"","Help Desk Technician","Corporate Environments of Georgia","United States","","",jobspy_indeed,https://www.indeed.com/viewjob?jk=f60aae813d0f6085,"","2026-03-04"
0,"","Lead AV Technician","American Sound","United States","","$30 - $32 (hourly)",jobspy_indeed,https://www.indeed.com/viewjob?jk=8f823c7222da76a1,"","2026-03-04"
0,"","Patient Navigator/Patient Registration (BH)","Wellness Homes of Chicago","Chicago, Illinois","","$23 - $25 (hourly)",jobspy_indeed,https://www.indeed.com/viewjob?jk=b296444e6df7a43a,"","2026-03-08"
0,"","Part Time Bridal Sales","David's Bridal","Chicago, Illinois","","$15 - $20 (hourly)",jobspy_indeed,https://www.indeed.com/viewjob?jk=d0f90a33064a7654,"","2026-03-08"
0,"","Sports Broadcast Intern","Sports Broadcast Solutions","Chicago, Illinois","","",jobspy_indeed,https://www.indeed.com/viewjob?jk=cce46a2e089c5479,"","2026-03-07"
0,"","Palo Alto Networks Solution Specialist","CDW","Chicago, Illinois","","$56,000 - $80,400 (yearly)",jobspy_indeed,https://www.indeed.com/viewjob?jk=2d8da971dc4a1a3d,"","2026-03-06"
0,"","Facilities Specialist (Field Based)","Chipotle Mexican Grill","Chicago, Illinois","","$23 - $30 (hourly)",jobspy_indeed,https://www.indeed.com/viewjob?jk=691a280ee4563df5,"","2026-03-06"
0,"","Patient Access Specialist Full Time Evenings","Northwestern Medicine","Chicago, Illinois","","$18 - $27 (hourly)",jobspy_indeed,https://www.indeed.com/viewjob?jk=b6c03d513d57fda2,"","2026-03-06"
0,"","Hospitality Agent I Full time Days","Northwestern Medicine","Chicago, Illinois","","$18 - $27 (hourly)",jobspy_indeed,https://www.indeed.com/viewjob?jk=0338e27c7516bf03,"","2026-03-05"
0,"","Regulatory Affairs Specialist","The Visual Pak Companies","Chicago, Illinois","","$61,186 - $91,779 (yearly)",jobspy_indeed,https://www.indeed.com/viewjob?jk=7c40e9becc8d7624,"","2026-03-06"
0,"","Account Executive - Outside Sales - Rockford/Madison Territory","nan","Chicago, Illinois","","$70,000 - $90,000 (yearly)",jobspy_indeed,https://www.indeed.com/viewjob?jk=e669864a04b88864,"","2026-03-06"
0,"","HR Operations Specialist II","OpenGov","Chicago, Illinois","","$85,000 - $93,500 (yearly)",jobspy_indeed,https://www.indeed.com/viewjob?jk=441cdec0ca2498c6,"","2026-03-06"
0,"","Patient Experience Advisor","Press Ganey","Chicago, Illinois","","$81,000 - $115,000 (yearly)",jobspy_indeed,https://www.indeed.com/viewjob?jk=770c3059e6bd105c,"","2026-03-06"
0,"","Policy and Advocacy Specialist","After School Matters","Chicago, Illinois","","$60,800 - $65,000 (yearly)",jobspy_indeed,https://www.indeed.com/viewjob?jk=3b3630120fb690d6,"","2026-03-06"
0,"","Production Engineer","Nouryon","Chicago, Illinois","","",jobspy_indeed,https://www.indeed.com/viewjob?jk=6313e331984b18e6,"","2026-03-06"
0,"","Harm Reduction Specialist","Street Samaritans","Chicago, Illinois","","",jobspy_indeed,https://www.indeed.com/viewjob?jk=e7470462263449de,"","2026-03-06"
0,"","Target Security Specialist","Target","Chicago, Illinois","","$20 - $30 (hourly)",jobspy_indeed,https://www.indeed.com/viewjob?jk=fd2cc6c0a40e497d,"","2026-03-06"
0,"","Solar Field Technician - Chicago, IL","QE Solar","Chicago, Illinois","","",jobspy_indeed,https://www.indeed.com/viewjob?jk=df779cecc47555ba,"","2026-03-06"
0,"","Sales Support Specialist","ELCO Mutual Life and Annuity","Chicago, Illinois","","$50,000 - $60,000 (yearly)",jobspy_indeed,https://www.indeed.com/viewjob?jk=4a9f244d79f8ab81,"","2026-03-06"
0,"","MAKERSPACE SPECIALIST","Winnetka-Northfield Public Library District","Chicago, Illinois","","$20 - $25 (hourly)",jobspy_indeed,https://www.indeed.com/viewjob?jk=58eef16e29d89c5d,"","2026-03-06"
0,"","Financial Clearance Specialist","Northwestern Medicine","Chicago, Illinois","","$21 - $25 (hourly)",jobspy_indeed,https://www.indeed.com/viewjob?jk=983839bfa933c647,"","2026-03-05"
0,"","Water Resources Business Development Manager","Baxter & Woodman","Chicago, Illinois","","$120,640 - $135,000 (yearly)",jobspy_indeed,https://www.indeed.com/viewjob?jk=84026aafdf1218cb,"","2026-03-03"
0,"","Retail Pharmacy Associate - Inventory","WIS International","Chicago, Illinois","","$18 - $20 (hourly)",jobspy_indeed,https://www.indeed.com/viewjob?jk=bc63419d3303fdf4,"","2026-03-01"
0,"","Senior Human Resource Specialist","Insperity","New York, New York","","",jobspy_indeed,https://www.indeed.com/viewjob?jk=3dea3f277ba71cfe,"","2026-03-09"
0,"","Senior Enterprise Ontologist","GEICO","New York, New York","","$110,000 - $230,000 (yearly)",jobspy_indeed,https://www.indeed.com/viewjob?jk=2486e9292dfc22af,"","2026-03-09"
0,"","Sales Associate","S&P Global","New York, New York","","$66,860 - $85,000 (yearly)",jobspy_indeed,https://www.indeed.com/viewjob?jk=6d850c8c7d8ba51b,"","2026-03-08"
0,"","Director, Non-Bank Financial Institutions, Treasury Management Officer, Global Transaction Banking","Scotiabank","New York, New York","","$185,400 - $310,600 (yearly)",jobspy_indeed,https://www.indeed.com/viewjob?jk=d1d327cc7b02719a,"","2026-03-07"
0,"","Clinical Solutions Specialist","Presence","New York, New York","","$75,000 - $80,000 (yearly)",jobspy_indeed,https://www.indeed.com/viewjob?jk=cfd17a44e5c24efd,"","2026-03-07"
0,"","Clinical Recruiter, Empowerment Team","Presence","New York, New York","","$30 - $35 (hourly)",jobspy_indeed,https://www.indeed.com/viewjob?jk=e47c36b48f2fc9af,"","2026-03-07"
0,"","Sales & Event Coordinator","New York Institute of Technology","New York, New York","","$50,000 - $55,000 (yearly)",jobspy_indeed,https://www.indeed.com/viewjob?jk=526990b7ee8d9001,"","2026-03-06"
0,"","Advanced Technology Executive (Boston) - New Logo Acquisition","Zones","New York, New York","","$110,000 - $120,000 (yearly)",jobspy_indeed,https://www.indeed.com/viewjob?jk=beac356dbc06311e,"","2026-03-06"
0,"","Senior Platform Engineer - ServiceNow","Metropolitan Transportation Authority","New York, New York","","$126,745 - $149,600 (yearly)",jobspy_indeed,https://www.indeed.com/viewjob?jk=b39a6672a2890c73,"","2026-03-06"
0,"","Practice Manager","Penn Medicine","New York, New York","","",jobspy_indeed,https://www.indeed.com/viewjob?jk=b98da412d0ea4ca2,"","2026-03-06"
0,"","Principal Platform Engineer - ServiceNow","Metropolitan Transportation Authority","New York, New York","","$156,476 - $184,692 (yearly)",jobspy_indeed,https://www.indeed.com/viewjob?jk=efc5b3580af776b0,"","2026-03-06"
0,"","Other Instructor/Curriculum Specialist","New Jersey Institute of Technology","New York, New York","","",jobspy_indeed,https://www.indeed.com/viewjob?jk=24e76cb9554f6b4b,"","2026-03-06"
0,"","Sales Specialist - Futures & Options - Electronic Trading Solutions, Enterprise Sales","Bloomberg","New York, New York","","$145,000 - $235,000 (yearly)",jobspy_indeed,https://www.indeed.com/viewjob?jk=64f2a194d6e47472,"","2026-03-06"
0,"","Counsel Cyber Security and US Privacy Manager","Philip Morris International","New York, New York","","$149,600 - $187,000 (yearly)",jobspy_indeed,https://www.indeed.com/viewjob?jk=85b6deed5ad4a436,"","2026-03-06"
0,"","Communications and Events Specialist","Princeton University","New York, New York","","$65,000 - $73,000 (yearly)",jobspy_indeed,https://www.indeed.com/viewjob?jk=586cac62239828de,"","2026-03-06"
0,"","Meeting & Events Specialist - New York City, NY","CBRE","New York, New York","","$80,000 - $90,000 (yearly)",jobspy_indeed,https://www.indeed.com/viewjob?jk=cb8e9d4fc44cdb13,"","2026-03-06"
0,"","Sales Specialist, Real Assets","MSCI","New York, New York","","$100,000 - $130,000 (yearly)",jobspy_indeed,https://www.indeed.com/viewjob?jk=e12024cb88159154,"","2026-03-06"
0,"","Director of Audience Data & Revenue Operations","Crain Communications","New York, New York","","$130,000 - $145,000 (yearly)",jobspy_indeed,https://www.indeed.com/viewjob?jk=0e3890ec62c4b3e2,"","2026-03-06"
0,"","Senior Client Solutions Manager","Progyny","New York, New York","","$85,000 - $95,000 (yearly)",jobspy_indeed,https://www.indeed.com/viewjob?jk=20cc2d34068abe69,"","2026-03-06"
0,"","Associate Executive Director Of Strategy and Quality & Safety","NYC Health + Hospitals","New York, New York","","$144,550 - $200,000 (yearly)",jobspy_indeed,https://www.indeed.com/viewjob?jk=3fc141b0b60a2446,"","2026-03-06"
0,"","Senior Specialist, Automation Engineer (Onsite)","Merck","New York, New York","","$117,000 - $184,200 (yearly)",jobspy_indeed,https://www.indeed.com/viewjob?jk=fd8c43892185cbf0,"","2026-03-06"
0,"","Gaming/Coding Activity Specialist (Beacon 2)","Goddard Riverside Community Center","New York, New York","","",jobspy_indeed,https://www.indeed.com/viewjob?jk=19dec774368013c8,"","2026-03-03"
0,"","Senior Data Center Technician","Microsoft","New York, New York","","$33 - $62 (hourly)",jobspy_indeed,https://www.indeed.com/viewjob?jk=8415a59a2990781c,"","2026-01-27"
0,"","Senior Enterprise Ontologist","GEICO","San Francisco, California","","$110,000 - $230,000 (yearly)",jobspy_indeed,https://www.indeed.com/viewjob?jk=526fd8654b3fe27a,"","2026-03-09"
0,"","LEGAL SUPPORT SUPERVISOR I","California State Personnel Board","San Francisco, California","","$5,196 - $6,510 (monthly)",jobspy_indeed,https://www.indeed.com/viewjob?jk=fb53752c67479bdb,"","2026-03-09"
0,"","INFORMATION TECHNOLOGY SPECIALIST I","California State Personnel Board","San Francisco, California","","$6,513 - $10,537 (monthly)",jobspy_indeed,https://www.indeed.com/viewjob?jk=dcb2114db2f53ac9,"","2026-03-09"
0,"","Global Security Operations Center Manager","nan","San Francisco, California","","$130,000 - $145,000 (yearly)",jobspy_indeed,https://www.indeed.com/viewjob?jk=11735a47e6e105f2,"","2026-03-08"
0,"","Intake Referral Specialist","Good Samaritan Hospital","San Francisco, California","","$46 - $64 (hourly)",jobspy_indeed,https://www.indeed.com/viewjob?jk=ff7b5e5ef178b48b,"","2026-03-07"
0,"","Program Specialist - YAWL","Community Youth Center of San Francisco","San Francisco, California","","$26 - $30 (hourly)",jobspy_indeed,https://www.indeed.com/viewjob?jk=b4d97302cdb73e15,"","2026-03-07"
0,"","Program Specialist – Bayview/Excelsior Offices","Community Youth Center of San Francisco","San Francisco, California","","$26 - $30 (hourly)",jobspy_indeed,https://www.indeed.com/viewjob?jk=5e40c5ff72b857f5,"","2026-03-07"
0,"","IT Specialist","Community Youth Center of San Francisco","San Francisco, California","","$30 - $34 (hourly)",jobspy_indeed,https://www.indeed.com/viewjob?jk=1f8f828024a28e88,"","2026-03-07"
0,"","Community Safety Specialist","Community Youth Center of San Francisco","San Francisco, California","","$25 - $28 (hourly)",jobspy_indeed,https://www.indeed.com/viewjob?jk=09cb10641b726917,"","2026-03-06"
0,"","Communications Specialist","Kennedy/Jenks Consultants","San Francisco, California","","$60,000 - $90,000 (yearly)",jobspy_indeed,https://www.indeed.com/viewjob?jk=b9ded2efebc34447,"","2026-03-06"
0,"","Middle School Learning Specialist","Sacred Heart Schools, Atherton","San Francisco, California","","$41,000 - $86,751 (yearly)",jobspy_indeed,https://www.indeed.com/viewjob?jk=d002a05c754d8484,"","2026-03-06"
0,"","HR Operations Specialist II","OpenGov","San Francisco, California","","$85,000 - $93,500 (yearly)",jobspy_indeed,https://www.indeed.com/viewjob?jk=f597d861b01c6ab4,"","2026-03-06"
0,"","Assessment Lead","JobTrain","San Francisco, California","","$29 - $33 (hourly)",jobspy_indeed,https://www.indeed.com/viewjob?jk=c67fd62a34bff492,"","2026-03-06"
0,"","Field Marketing Specialist","Webflow","San Francisco, California","","$86,000 - $115,000 (yearly)",jobspy_indeed,https://www.indeed.com/viewjob?jk=4f5c60412c8dced2,"","2026-03-06"
0,"","Customer Advocate & Branding Specialist","3C INNOVATIONS INC.","San Francisco, California","","$800 - $1,500 (weekly)",jobspy_indeed,https://www.indeed.com/viewjob?jk=f2d463447490a50b,"","2026-03-06"
0,"","Software Engineer, Station Control, Google Beam","Google","San Francisco, California","","$147,000 - $211,000 (yearly)",jobspy_indeed,https://www.indeed.com/viewjob?jk=12b5e2b25f86807d,"","2026-03-06"
0,"","Software Engineer III, iOS Video","Google","San Francisco, California","","$147,000 - $211,000 (yearly)",jobspy_indeed,https://www.indeed.com/viewjob?jk=4b61c9d56f73a47d,"","2026-03-04"
0,"","Software Engineer III, Tensor Processing Units Compiler","Google","San Francisco, California","","$147,000 - $211,000 (yearly)",jobspy_indeed,https://www.indeed.com/viewjob?jk=e94ea1125a1e1110,"","2026-03-09"
0,"","Clinical Specialist - Ventilators, CC (Northern California)","Getinge","San Francisco, California","","$115,000 - $122,000 (yearly)",jobspy_indeed,https://www.indeed.com/viewjob?jk=302011555282489a,"","2026-03-06"
0,"","Clinical Support Specialist (Temp-to-Hire)","Arine","San Francisco, California","","$20 - $22 (hourly)",jobspy_indeed,https://www.indeed.com/viewjob?jk=8e76acde36a30492,"","2026-03-06"
0,"","Director, Global Field Enablement","Salesforce","San Francisco, California","","$171,200 - $298,400 (yearly)",jobspy_indeed,https://www.indeed.com/viewjob?jk=9c9919cd6acad661,"","2026-03-05"
0,"","Account Director","Outcast","San Francisco, California","","$125,000 - $165,000 (yearly)",jobspy_indeed,https://www.indeed.com/viewjob?jk=f4967d115a88b705,"","2026-03-05"
0,"","Computer Science Instructor","Stanford University","San Francisco, California","","$68,069 - $92,717 (yearly)",jobspy_indeed,https://www.indeed.com/viewjob?jk=047fab40e3a35cca,"","2026-03-05"
0,"","Go-To-Market Lead, AI Infrastructure, TPU, Google Cloud","Google","San Francisco, California","","$176,000 - $248,000 (yearly)",jobspy_indeed,https://www.indeed.com/viewjob?jk=5de6e4f8343a9fe5,"","2026-03-05"
0,"","Account Based Marketing Specialist","Snowflake","San Francisco, California","","$96,000 - $126,000 (yearly)",jobspy_indeed,https://www.indeed.com/viewjob?jk=7486a1e1f5f831f8,"","2026-03-03"
0,"","Engineering Maintenance Technician","Amazon.com","San Francisco, California","","$37 - $66 (hourly)",jobspy_indeed,https://www.indeed.com/viewjob?jk=b347ba982414694b,"","2026-02-23"
0,"","Client Services Specialist","First Tech Federal Credit Union","Seattle, Washington","","",jobspy_indeed,https://www.indeed.com/viewjob?jk=9ca1986e714a627e,"","2026-03-09"
0,"","Senior Enterprise Ontologist","GEICO","Seattle, Washington","","$110,000 - $230,000 (yearly)",jobspy_indeed,https://www.indeed.com/viewjob?jk=ea4d72b7fb4fe3c9,"","2026-03-09"
0,"","PC Systems Specialist","Link Solutions, Inc","Seattle, Washington","","",jobspy_indeed,https://www.indeed.com/viewjob?jk=b3e23cb0a63a49cc,"","2026-03-09"
0,"","Guest Experience Specialist","VIO Med Spa","Seattle, Washington","","$20 - $24 (hourly)",jobspy_indeed,https://www.indeed.com/viewjob?jk=676dd2bbbfc4d7c5,"","2026-03-07"
0,"","Meta Product Demo Specialist","BDS Connected Solutions","Seattle, Washington","","",jobspy_indeed,https://www.indeed.com/viewjob?jk=9820d959bf3227dc,"","2026-03-06"
0,"","Public Works Maintenance Worker","City of Issaquah","Seattle, Washington","","$60,420 - $79,509 (yearly)",jobspy_indeed,https://www.indeed.com/viewjob?jk=7a7e6d5741e231da,"","2026-03-06"
0,"","ADMINISTRATIVE SPECIALIST","Snohomish County","Seattle, Washington","","$74,749 - $95,401 (yearly)",jobspy_indeed,https://www.indeed.com/viewjob?jk=d4f18ae57b2bc55c,"","2026-03-06"
0,"","Senior Regional Marketing Specialist","Okta","Seattle, Washington","","$107,000 - $161,000 (yearly)",jobspy_indeed,https://www.indeed.com/viewjob?jk=90ab0ed494cc67b5,"","2026-03-06"
0,"","Communications Specialist","Kennedy/Jenks Consultants","Seattle, Washington","","$60,000 - $90,000 (yearly)",jobspy_indeed,https://www.indeed.com/viewjob?jk=6a9ad7095479277d,"","2026-03-06"
0,"","Learning and Development Specialist II - Temporary","HealthPoint (Washington)","Seattle, Washington","","$35 - $56 (hourly)",jobspy_indeed,https://www.indeed.com/viewjob?jk=754fd661b3c53274,"","2026-03-06"
0,"","Non-profit Donor Database Specialist","Akin Gump Strauss Hauer & Feld LLP","Seattle, Washington","","$30 - $36 (hourly)",jobspy_indeed,https://www.indeed.com/viewjob?jk=58db147d59624a16,"","2026-03-06"
0,"","EHS Specialist","Woolpert","Seattle, Washington","","$75,400 - $82,000 (yearly)",jobspy_indeed,https://www.indeed.com/viewjob?jk=90c07924729184ee,"","2026-03-06"
0,"","Cortex & Cloud Sales Specialist","Palo Alto Networks","Seattle, Washington","","$264,000 - $363,000 (yearly)",jobspy_indeed,https://www.indeed.com/viewjob?jk=7f4c3b23581fdb41,"","2026-03-06"
0,"","Software Engineer, Station Control, Google Beam","Google","Seattle, Washington","","$147,000 - $211,000 (yearly)",jobspy_indeed,https://www.indeed.com/viewjob?jk=86b2099aa1b9b093,"","2026-03-06"
0,"","Digital Signage Specialist","Seattle Convention Center","Seattle, Washington","","$80,168 - $100,395 (yearly)",jobspy_indeed,https://www.indeed.com/viewjob?jk=b58f27b5b8517d83,"","2026-03-06"
0,"","Registered Nurse","nan","Seattle, Washington","","$41 - $61 (hourly)",jobspy_indeed,https://www.indeed.com/viewjob?jk=24500ecee9cb18cb,"","2026-03-06"
0,"","Senior Sales Executive-Comm/Media/Entertainment(US-Remote)","NTT DATA","Seattle, Washington","","$144,000 - $287,000 (yearly)",jobspy_indeed,https://www.indeed.com/viewjob?jk=e0341d91fe54b696,"","2026-03-06"
0,"","Senior Specialist, Client Operations","Slalom Consulting","Seattle, Washington","","$32 - $38 (hourly)",jobspy_indeed,https://www.indeed.com/viewjob?jk=a0fbd45d79e4005d,"","2026-03-05"
0,"","Youth Development Coordinator","Muckleshoot Indian Tribe","Seattle, Washington","","$68,703 - $109,929 (yearly)",jobspy_indeed,https://www.indeed.com/viewjob?jk=c0692ac7064a976a,"","2026-03-05"
0,"","Supply Chain Product Manager, Amazon Custom Modules - Power / Mechanical / Thermal","Amazon.com","Seattle, Washington","","$82,700 - $139,100 (yearly)",jobspy_indeed,https://www.indeed.com/viewjob?jk=5d16391ebb59dbe5,"","2026-03-04"
0,"","Global Supply Chain Manager, AWS Infrastructure Services","Amazon.com","Seattle, Washington","","$82,700 - $139,100 (yearly)",jobspy_indeed,https://www.indeed.com/viewjob?jk=874ec99839986279,"","2026-02-24"
0,"","Network Development Manager, AWS Network Engineering","Amazon.com","Seattle, Washington","","$175,100 - $236,900 (yearly)",jobspy_indeed,https://www.indeed.com/viewjob?jk=bb75f64869d12801,"","2026-03-04"
0,"","Network Development Engineer III, Capacity Engineering","Amazon.com","Seattle, Washington","","$159,100 - $215,300 (yearly)",jobspy_indeed,https://www.indeed.com/viewjob?jk=943281999e59cab5,"","2026-03-03"
0,"","Business Intelligence Engineer III, AWS Infrastructure Supply Chain Intelligence","Amazon.com","Seattle, Washington","","$130,400 - $176,300 (yearly)",jobspy_indeed,https://www.indeed.com/viewjob?jk=dd24170db751740a,"","2026-02-26"
0,"","Business Analyst - Lease Administration, Amazon Web Services","Amazon.com","Seattle, Washington","","$80,200 - $97,600 (yearly)",jobspy_indeed,https://www.indeed.com/viewjob?jk=b7d011e61f72e677,"","2026-02-16"
0,"","Electrical Engineer","Formlabs","Boston, Massachusetts","","$90,000 - $145,000 (yearly)",jobspy_indeed,https://www.indeed.com/viewjob?jk=a9e42e29248a0d11,"","2026-03-09"
0,"","Enrollment Specialist","Magical Beginnings","Boston, Massachusetts","","$70,000 - $80,000 (yearly)",jobspy_indeed,https://www.indeed.com/viewjob?jk=77f2e8fb9557b3bb,"","2026-03-08"
0,"","Quality Engineering Lead - Manager/Specialist Master","Deloitte","Boston, Massachusetts","","$130,800 - $241,000 (yearly)",jobspy_indeed,https://www.indeed.com/viewjob?jk=ce00b96953c78d3a,"","2026-03-07"
0,"","Scanning","The Fresh Market","Boston, Massachusetts","","$16 - $19 (hourly)",jobspy_indeed,https://www.indeed.com/viewjob?jk=991c1762008e6c66,"","2026-03-07"
0,"","Community Support Program - Justice Involved Navigator - Connect2Recovery","Riverside Community Care","Boston, Massachusetts","","",jobspy_indeed,https://www.indeed.com/viewjob?jk=8bfbebcbb1bef170,"","2026-03-07"
0,"","Endpoint Services Specialist","nan","Boston, Massachusetts","","$19 - $26 (hourly)",jobspy_indeed,https://www.indeed.com/viewjob?jk=bfdf9876a331e900,"","2026-03-06"
0,"","Patient Experience Advisor","Press Ganey","Boston, Massachusetts","","$81,000 - $115,000 (yearly)",jobspy_indeed,https://www.indeed.com/viewjob?jk=13777e224cdbf3c5,"","2026-03-06"
0,"","Strategic / Major Account Representative","Ubeo Business Services","Boston, Massachusetts","","",jobspy_indeed,https://www.indeed.com/viewjob?jk=608eb8533deed812,"","2026-03-06"
0,"","Customer Support Specialist II","Broad Institute","Boston, Massachusetts","","$70,000 - $94,000 (yearly)",jobspy_indeed,https://www.indeed.com/viewjob?jk=d0990ee88fc29fe0,"","2026-03-06"
0,"","Cloud operations specialist","Philips","Boston, Massachusetts","","$110,880 - $177,408 (yearly)",jobspy_indeed,https://www.indeed.com/viewjob?jk=0081b66bebc1e411,"","2026-03-06"
0,"","(Remote with Travel, Boston Territory) Healthcare Sales & Business Development – Mental Health Partnerships","nan","Boston, Massachusetts","","$62,000 - $78,200 (yearly)",jobspy_indeed,https://www.indeed.com/viewjob?jk=946300536c7169ad,"","2026-03-06"
0,"","CNC Turning Machinist – Mazatrol Specialist","nan","Boston, Massachusetts","","$23 - $30 (hourly)",jobspy_indeed,https://www.indeed.com/viewjob?jk=954a092751f195b7,"","2026-03-06"
0,"","Solutions Consultant 2","Palo Alto Networks","Boston, Massachusetts","","$198,000 - $273,000 (yearly)",jobspy_indeed,https://www.indeed.com/viewjob?jk=8d3852d3e0abb3bf,"","2026-03-06"
0,"","Administrative & Program Specialist (Career Center)","Boston College","Boston, Massachusetts","","$27 - $34 (hourly)",jobspy_indeed,https://www.indeed.com/viewjob?jk=c3b4b4aa58be4ee5,"","2026-03-06"
0,"","Outside Sales - ME/ NH/ VT","GROUP CBS","Boston, Massachusetts","","$90,000 - $100,000 (yearly)",jobspy_indeed,https://www.indeed.com/viewjob?jk=67740cb448dd91c1,"","2026-03-06"
0,"","Instructional Assistant (IA) Grades 7-12","Millbury Public Schools","Boston, Massachusetts","","$15 - $23 (hourly)",jobspy_indeed,https://www.indeed.com/viewjob?jk=025ace2caa7afa73,"","2026-03-05"
0,"","Performance Improvement Supply Chain Optimization Consultant Manager","Crowe LLP","Boston, Massachusetts","","$123,500 - $197,500 (yearly)",jobspy_indeed,https://www.indeed.com/viewjob?jk=b9f4cc9936ebbd78,"","2026-03-05"
0,"","Polysomnography Technologist (Sleep Therapy Tech) 36hrs/Week - Evenings/Nights","MelroseWakefield Healthcare","Boston, Massachusetts","","$26 - $33 (hourly)",jobspy_indeed,https://www.indeed.com/viewjob?jk=535188f054294a46,"","2026-03-05"
0,"","Advanced Specialist, Customer Success - Faculty Advisor - Business and Economics","Pearson","Boston, Massachusetts","","$68,000 - $73,000 (yearly)",jobspy_indeed,https://www.indeed.com/viewjob?jk=6a2cde8dc697d38e,"","2026-03-05"
0,"","Content Operations Specialist","Scribd, Inc.","Boston, Massachusetts","","$47,500 - $74,000 (yearly)",jobspy_indeed,https://www.indeed.com/viewjob?jk=25b94250bf024c20,"","2026-03-05"
0,"","Facilities Specialist","L3Harris","Los Angeles, California","","$63,000 - $135,000 (yearly)",jobspy_indeed,https://www.indeed.com/viewjob?jk=3a13cf18065e5a2d,"","2026-03-09"
0,"","Healthcare Sales Specialist","Salgado LLC","Los Angeles, California","","$70,000 - $75,000 (yearly)",jobspy_indeed,https://www.indeed.com/viewjob?jk=1e0b10df09ac48ed,"","2026-03-09"
0,"","Retail Sales Support Specialist - Levi Strauss Young Mens, Topanga - Full Time","Macy's","Los Angeles, California","","$17 - $21 (hourly)",jobspy_indeed,https://www.indeed.com/viewjob?jk=0edaee9a4f58acd6,"","2026-03-07"
0,"","Clinical Specialist - Inland Empire","Stryker","Los Angeles, California","","$65,900 - $90,000 (yearly)",jobspy_indeed,https://www.indeed.com/viewjob?jk=b8ed7601261dc748,"","2026-03-07"
0,"","Warehouse Administrative Support Specialist","TP-LINK","Los Angeles, California","","",jobspy_indeed,https://www.indeed.com/viewjob?jk=10ae1a0ee89afb61,"","2026-03-07"
0,"","Special Education Teacher","Lifelong Learning","Los Angeles, California","","$68,900 - $100,700 (yearly)",jobspy_indeed,https://www.indeed.com/viewjob?jk=f0fe523aa2030ead,"","2026-03-06"
0,"","Communications Specialist","Kennedy/Jenks Consultants","Los Angeles, California","","$60,000 - $90,000 (yearly)",jobspy_indeed,https://www.indeed.com/viewjob?jk=ce0df2896ff888c5,"","2026-03-06"
0,"","Sales Associate","Visual Comfort & Co","Los Angeles, California","","$35 - $37 (hourly)",jobspy_indeed,https://www.indeed.com/viewjob?jk=672fbd675f3991d5,"","2026-03-06"
0,"","HP PC Sales Representative","2020 Companies","Los Angeles, California","","",jobspy_indeed,https://www.indeed.com/viewjob?jk=5f6a47430d024c5e,"","2026-03-06"
0,"","Channel Marketing Specialist, Canada","SanDisk","Los Angeles, California","","",jobspy_indeed,https://www.indeed.com/viewjob?jk=d6e2dad24cf8edff,"","2026-03-06"
0,"","Security Systems Specialist","Stinson Leonard Street","Los Angeles, California","","$68,000 - $83,000 (yearly)",jobspy_indeed,https://www.indeed.com/viewjob?jk=48a62576671cc987,"","2026-03-06"
0,"","Senior Practice Assistant","K&L GATES","Los Angeles, California","","$75,000 - $126,000 (yearly)",jobspy_indeed,https://www.indeed.com/viewjob?jk=68aaa5f1d90419a4,"","2026-03-06"
0,"","Senior Marketing Specialist: Institute Support","Hoag Health System","Los Angeles, California","","",jobspy_indeed,https://www.indeed.com/viewjob?jk=926ef152cc642e47,"","2026-03-06"
0,"","Security Officer - Driver Patrol Specialist","Allied Universal","Los Angeles, California","","",jobspy_indeed,https://www.indeed.com/viewjob?jk=90324a164ea1f094,"","2026-03-06"
0,"","Senior Quality Specialist","Ritual","Los Angeles, California","","",jobspy_indeed,https://www.indeed.com/viewjob?jk=a0bad856158a1fbb,"","2026-03-06"
0,"","Strategic Marketing & Communications Specialist or Sr. Specialist - Transportation","AECOM","Los Angeles, California","","",jobspy_indeed,https://www.indeed.com/viewjob?jk=4b33d677c53ee17b,"","2026-03-06"
0,"","INFORMATION TECHNOLOGY SPECIALIST","Santa Fe Springs, CA","Los Angeles, California","","$77,403 - $100,993 (yearly)",jobspy_indeed,https://www.indeed.com/viewjob?jk=f9ed6a54b34d4437,"","2026-03-06"
0,"","Transfer Specialist","Chaffey College","Los Angeles, California","","",jobspy_indeed,https://www.indeed.com/viewjob?jk=ff1b484bcac418b8,"","2026-03-05"
0,"","Target Security Specialist","Target","Los Angeles, California","","",jobspy_indeed,https://www.indeed.com/viewjob?jk=8d3e2d666773c30e,"","2026-03-05"
0,"","Human Resource Specialist","Insperity","Los Angeles, California","","",jobspy_indeed,https://www.indeed.com/viewjob?jk=721e9be44eb425d1,"","2026-03-04"
0,"","Outreach Specialist","WelbeHealth","Los Angeles, California","","",jobspy_indeed,https://www.indeed.com/viewjob?jk=e3caae846a1236ff,"","2026-03-04"
0,"","Research and Social Impact Go-To-Market Lead, AI Infrastructure and HPC, Google Public Sector","Google","Washington, DC","","$138,000 - $205,000 (yearly)",jobspy_indeed,https://www.indeed.com/viewjob?jk=38f342af8a60dd53,"","2026-03-09"
0,"","Sales - Wireless Specialist - Alexandria VA","Russell Cellular","Washington, DC","","$15 - $20 (hourly)",jobspy_indeed,https://www.indeed.com/viewjob?jk=885d6e67e5a62455,"","2026-03-09"
0,"","Manager, Operations","Kellen Company","Washington, DC","","$65,000 - $70,000 (yearly)",jobspy_indeed,https://www.indeed.com/viewjob?jk=c2d062c65ea496e5,"","2026-03-09"
0,"","Senior Enterprise Ontologist","GEICO","Washington, DC","","$110,000 - $230,000 (yearly)",jobspy_indeed,https://www.indeed.com/viewjob?jk=9a64862baf27c704,"","2026-03-09"
0,"","Mainframe Cloud Integration Specialist","Openkyber","Washington, DC","","",jobspy_indeed,https://www.indeed.com/viewjob?jk=951fa085193d218e,"","2026-03-08"
0,"","Intelligence Advisory Specialist","Openkyber","Washington, DC","","",jobspy_indeed,https://www.indeed.com/viewjob?jk=0ee1a33edabf4b8c,"","2026-03-07"
0,"","Target security specialist","Target","Washington, DC","","$19 - $28 (hourly)",jobspy_indeed,https://www.indeed.com/viewjob?jk=9caeccc765c1156f,"","2026-03-08"
0,"","Voice Transport Systems Engineer","General Dynamics Information Technology","Washington, DC","","$127,500 - $172,500 (yearly)",jobspy_indeed,https://www.indeed.com/viewjob?jk=8ffe17b499c241b6,"","2026-03-08"
0,"","Clearance & Training Specialist","Securitas Critical Infrastructure Services, Inc.","Washington, DC","","$25 - $29 (hourly)",jobspy_indeed,https://www.indeed.com/viewjob?jk=b346e2bc3e7c8d71,"","2026-03-07"
0,"","Part Time Bridal Sales","David's Bridal","Washington, DC","","$15 - $20 (hourly)",jobspy_indeed,https://www.indeed.com/viewjob?jk=f2e9573626ce24a8,"","2026-03-07"
0,"","Software Development Specialist Advisor","NTT DATA","Washington, DC","","$105,840 - $245,000 (yearly)",jobspy_indeed,https://www.indeed.com/viewjob?jk=4145f7ec45f6c5c9,"","2026-03-07"
0,"","Deputy Associate Director","Prince George's County","Washington, DC","","$133,945 - $175,996 (yearly)",jobspy_indeed,https://www.indeed.com/viewjob?jk=661fd64823164756,"","2026-03-06"
0,"","Operations Analyst (Digital Analyst) - Digital Access","World Bank Group","Washington, DC","","",jobspy_indeed,https://www.indeed.com/viewjob?jk=40a404f6a1d8ed1d,"","2026-03-06"
0,"","Part-time Videographer / Video Production Specialist","Corner Alliance","Washington, DC","","",jobspy_indeed,https://www.indeed.com/viewjob?jk=c2169255142430ab,"","2026-03-06"
0,"","SY 2026/27 Elementary Lead Teacher","Inspired Teaching Demonstration School","Washington, DC","","",jobspy_indeed,https://www.indeed.com/viewjob?jk=13cdc5f2167f5a42,"","2026-03-06"
0,"","Senior Target Security Specialist- Return Center - Upper Marlboro, MD","Target","Washington, DC","","$20 - $37 (hourly)",jobspy_indeed,https://www.indeed.com/viewjob?jk=256eb6de03ce3597,"","2026-03-06"
0,"","MIDDLE SCHOOL PRINCIPAL-DOROTHY HAMM","Arlington Public Schools","Washington, DC","","$130,117 - $213,267 (yearly)",jobspy_indeed,https://www.indeed.com/viewjob?jk=153b66d4d9e7d6ae,"","2026-03-06"
0,"","Security Systems Specialist","Stinson Leonard Street","Washington, DC","","$67,000 - $82,000 (yearly)",jobspy_indeed,https://www.indeed.com/viewjob?jk=c6dd1ddbab4a37c2,"","2026-03-06"
0,"","Clinical Specialist, Joint Replacement - Washington DC","Stryker","Washington, DC","","$68,900 - $95,800 (yearly)",jobspy_indeed,https://www.indeed.com/viewjob?jk=ea2a5698dcbd4aad,"","2026-03-06"
0,"","Security Systems Engineer, Data Center Engineering Security Products","Amazon.com","Washington, DC","","$116,800 - $160,000 (yearly)",jobspy_indeed,https://www.indeed.com/viewjob?jk=d7c736f9fb653cc0,"","2026-03-04"
0,"","Simulation Operations Specialist (Simulation/Clinical Labs)","Johns Hopkins University","Washington, DC","","$19 - $35 (hourly)",jobspy_indeed,https://www.indeed.com/viewjob?jk=ae1c766f133b6017,"","2026-03-03"
0,"","Communications Specialist - Level 3","Northrop Grumman","Washington, DC","","$81,400 - $141,200 (yearly)",jobspy_indeed,https://www.indeed.com/viewjob?jk=31de52e576fa0d1c,"","2026-02-24"
0,"","Mechanical Express Specialist","U-Haul","United States","","$20 - $25 (hourly)",jobspy_indeed,https://www.indeed.com/viewjob?jk=2f50ec86aaf033de,"","2026-03-09"
0,"","Trailer/SRI Repair Specialist","U-Haul","United States","","",jobspy_indeed,https://www.indeed.com/viewjob?jk=a9fd21096e3ec438,"","2026-03-09"
0,"","Customer Relations Specialist","U.S. Environmental Rental","United States","","$20 - $22 (hourly)",jobspy_indeed,https://www.indeed.com/viewjob?jk=47562021061a86e9,"","2026-03-09"
0,"","MEP Project Specialist","MCGOUGH CONSTRUCTION","United States","","$105,000 - $150,000 (yearly)",jobspy_indeed,https://www.indeed.com/viewjob?jk=6b35a18a731725d1,"","2026-03-09"
0,"","Clinical Applications Support Engineer","Canon Medical Systems","United States","","$68,460 - $102,690 (yearly)",jobspy_indeed,https://www.indeed.com/viewjob?jk=bddb95aad6d8a09a,"","2026-03-09"
0,"","International Manufacturing Training Program","Haering Precision USA LP","United States","","",jobspy_indeed,https://www.indeed.com/viewjob?jk=e8f853d823b37701,"","2026-03-09"
0,"","Broker Support Specialist","Integrity Marketing Group","United States","","$50,000 - $62,000 (yearly)",jobspy_indeed,https://www.indeed.com/viewjob?jk=b4d277d6570bb11d,"","2026-03-09"
0,"","Sr. Client Service Specialist","Cold Chain Technologies, LLC.","United States","","$25 - $26 (hourly)",jobspy_indeed,https://www.indeed.com/viewjob?jk=1ddfe20d49f45fbc,"","2026-03-09"
0,"","Career Development Specialist - Liberty CI","Tallahassee State College","United States","","",jobspy_indeed,https://www.indeed.com/viewjob?jk=0f4f4264edd664b6,"","2026-03-09"
0,"","Digital Marketing Specialist","PARKS ZEIGLER, PLLC","United States","","$67,000 - $70,000 (yearly)",jobspy_indeed,https://www.indeed.com/viewjob?jk=e4969b22dbc4d561,"","2026-03-09"
0,"","Sales Associate","Your Wireless Inc","United States","","$45,000 - $80,000 (yearly)",jobspy_indeed,https://www.indeed.com/viewjob?jk=2a21aa9488e20899,"","2026-03-09"
0,"","Service Access Specialist & MNsure Navigator","Community Resource Connections","United States","","",jobspy_indeed,https://www.indeed.com/viewjob?jk=89f13372f733bba7,"","2026-03-09"
0,"","Activation Specialist","RealWork Labs","United States","","",jobspy_indeed,https://www.indeed.com/viewjob?jk=d2cb504b136d1558,"","2026-03-09"
0,"","Office Coordinator III","Syracuse University","United States","","$18 - $20 (hourly)",jobspy_indeed,https://www.indeed.com/viewjob?jk=b1a7ce2391595431,"","2026-03-09"
0,"","Sales - Wireless Specialist - Magnolia AR","Russell Cellular","United States","","$12 - $17 (hourly)",jobspy_indeed,https://www.indeed.com/viewjob?jk=c17a2504ec07d8be,"","2026-03-09"
0,"","Sales - Wireless Specialist - Roswell NM","Russell Cellular","United States","","$12 - $17 (hourly)",jobspy_indeed,https://www.indeed.com/viewjob?jk=e0cec35aed0d15ca,"","2026-03-09"
0,"","Sales - Wireless Specialist - Carthage TN","Russell Cellular","United States","","$12 - $17 (hourly)",jobspy_indeed,https://www.indeed.com/viewjob?jk=12ddd2eb9bb2f112,"","2026-03-09"
0,"","Sales - Wireless Specialist - Monroe LA","Russell Cellular","United States","","$12 - $17 (hourly)",jobspy_indeed,https://www.indeed.com/viewjob?jk=b611c55d10f78c84,"","2026-03-09"
0,"","Sales - Wireless Specialist - Fort Madison IA","Russell Cellular","United States","","$12 - $17 (hourly)",jobspy_indeed,https://www.indeed.com/viewjob?jk=13691a664176601e,"","2026-03-09"
0,"","Sales - Wireless Specialist - Wappingers Falls","Russell Cellular","United States","","$16 - $21 (hourly)",jobspy_indeed,https://www.indeed.com/viewjob?jk=1e62f260ed1fa297,"","2026-03-09"
0,"","CXO Consultant","SSP Innovations","Remote","","",jobspy_indeed,https://www.indeed.com/viewjob?jk=b26f63a26b9a641c,"","2026-03-07"
0,"","Information & Cybersecurity Specialist 3 (Remote)","DeNovo Solutions","Remote","","$106,000 - $126,000 (yearly)",jobspy_indeed,https://www.indeed.com/viewjob?jk=45f0dc662152b75a,"","2026-03-07"
0,"","Information & Cybersecurity Specialist 4 (Remote)","DeNovo Solutions","Remote","","$120,000 - $140,000 (yearly)",jobspy_indeed,https://www.indeed.com/viewjob?jk=8019be864971b7ae,"","2026-03-07"
0,"","Information & Cybersecurity Specialist 1 (Remote)","DeNovo Solutions","Remote","","$79,000 - $99,000 (yearly)",jobspy_indeed,https://www.indeed.com/viewjob?jk=584a7c9ef2a1f166,"","2026-03-07"
0,"","Information & Cybersecurity Specialist 2 (Remote)","DeNovo Solutions","Remote","","$90,000 - $110,000 (yearly)",jobspy_indeed,https://www.indeed.com/viewjob?jk=591059cbf444f951,"","2026-03-07"
0,"","Mobile App Marketing Specialist","TechKnock","Remote","","",jobspy_indeed,https://www.indeed.com/viewjob?jk=e3bcf8da22a94596,"","2026-03-07"
0,"","Senior Director, Technology and Innovation","National University","Remote","","$89,520 - $120,850 (yearly)",jobspy_indeed,https://www.indeed.com/viewjob?jk=8a800d6165388077,"","2026-03-06"
0,"","Content Specialist, Healthcare Consumer Experience","Health Catalyst","Remote","","",jobspy_indeed,https://www.indeed.com/viewjob?jk=dd28de15ce8dbe0a,"","2026-03-06"
0,"","Senior Director of Marketing and Communications","CRADLES TO CRAYONS","Remote","","$120,000 - $135,000 (yearly)",jobspy_indeed,https://www.indeed.com/viewjob?jk=517ca543d89e1f22,"","2026-03-06"
0,"","Program Specialist - TASC/SHIP (Remote)","National Rural Health Resource Center","Remote","","$62,037 - $66,690 (yearly)",jobspy_indeed,https://www.indeed.com/viewjob?jk=e48322eac1790094,"","2026-03-06"
0,"","Training Specialist","Grant Street Group","Remote","","$75,000 - $110,000 (yearly)",jobspy_indeed,https://www.indeed.com/viewjob?jk=0908167896cfd713,"","2026-03-06"
0,"","Senior Growth Marketer","Optimal Digital Marketing","Remote","","$85,000 - $100,000 (yearly)",jobspy_indeed,https://www.indeed.com/viewjob?jk=413f66499399df4a,"","2026-03-06"
0,"","Quality Assurance Specialist I","Liberty University","Remote","","",jobspy_indeed,https://www.indeed.com/viewjob?jk=b1610c4e629ea401,"","2026-03-06"
0,"","Corporate Development Counsel","EquipmentShare","Remote","","",jobspy_indeed,https://www.indeed.com/viewjob?jk=d1fd780856f92714,"","2026-03-06"
0,"","Director Coding and CDI App Solutions","CorroHealth","Remote","","",jobspy_indeed,https://www.indeed.com/viewjob?jk=47ff5bdd08661144,"","2026-03-05"
0,"","Programmatic Specialist I (Remote)","Connoisseur Media","Remote","","$45,000 - $60,000 (yearly)",jobspy_indeed,https://www.indeed.com/viewjob?jk=15ec2063430f90b1,"","2026-03-05"
0,"","Senior Pre-Sales Solutions Consultant, Asset Finance","FIS","Remote","","",jobspy_indeed,https://www.indeed.com/viewjob?jk=2e1f4a408d59209e,"","2026-03-05"
0,"","Integration Specialist","Align Technology","Remote","","",jobspy_indeed,https://www.indeed.com/viewjob?jk=a5d9b8307de4143b,"","2026-03-05"
0,"","Veteran Escalations Specialist","VetClaims.ai","Remote","","$55,000 - $60,000 (yearly)",jobspy_indeed,https://www.indeed.com/viewjob?jk=d2bb263900e5abc8,"","2026-03-05"
0,"","Field Marketing Specialist","Entrust Corporation","Remote","","$62,119 - $91,108 (yearly)",jobspy_indeed,https://www.indeed.com/viewjob?jk=246077d22cc9dacb,"","2026-03-05"
0,"","Senior Content Specialist, Securities","Kaplan","Remote","","",jobspy_indeed,https://www.indeed.com/viewjob?jk=e1dfa4eb6f39b739,"","2026-03-05"
0,"","MH FIRST Remote RN - Float","Monogram Health","Remote","","",jobspy_indeed,https://www.indeed.com/viewjob?jk=252ebad8106af887,"","2026-03-05"
0,"","Business Specialist - Procurement","Amentum","Remote","","",jobspy_indeed,https://www.indeed.com/viewjob?jk=f14c7b99121044f3,"","2026-03-05"
0,"","Integrated Field Marketing Specialist","Saviynt","Remote","","",jobspy_indeed,https://www.indeed.com/viewjob?jk=79cc8e7ea54d0d12,"","2026-03-05"
0,"","Electrical Senior Project Engineer","Epstein Global","Chicago, Illinois","","$110,000 - $135,000 (yearly)",jobspy_indeed,https://www.indeed.com/viewjob?jk=39e23d31cd6d2869,"","2026-03-05"
0,"","Director of Sales & Marketing (Midwest Region)","Display Supply & Lighting, Inc.","Chicago, Illinois","","$75,000 - $90,000 (yearly)",jobspy_indeed,https://www.indeed.com/viewjob?jk=301308c9990cbc32,"","2026-03-04"
0,"","Project Architect","Gensler","Chicago, Illinois","","$95,000 - $120,000 (yearly)",jobspy_indeed,https://www.indeed.com/viewjob?jk=499ef2e2eec72076,"","2026-03-03"
0,"","Project Architect - Workplace Interiors - Senior","Gensler","Chicago, Illinois","","$97,000 - $120,000 (yearly)",jobspy_indeed,https://www.indeed.com/viewjob?jk=f14f2debc6d35491,"","2026-03-03"
0,"","Designer - Interiors - Critical Facilities","Gensler","Chicago, Illinois","","$69,000 - $85,000 (yearly)",jobspy_indeed,https://www.indeed.com/viewjob?jk=ae484c407c006a82,"","2026-03-03"
0,"","International Sales Assistant","MillerKnoll","Chicago, Illinois","","$55,717 - $73,370 (yearly)",jobspy_indeed,https://www.indeed.com/viewjob?jk=ad7e1727d21f933d,"","2026-03-03"
0,"","Regional Sales Manager, Chicago - Lumascape Lighting (Remote)","Lumascape USA","Chicago, Illinois","","$120,000 - $145,000 (yearly)",jobspy_indeed,https://www.indeed.com/viewjob?jk=80856319d88c82c5,"","2026-03-03"
0,"","Inside Sales & Customer Service Representative","LTF Technology","Chicago, Illinois","","",jobspy_indeed,https://www.indeed.com/viewjob?jk=4876349ceaf1b6cb,"","2026-03-03"
0,"","Regional OEM Sales Manager","LTF Technology","Chicago, Illinois","","",jobspy_indeed,https://www.indeed.com/viewjob?jk=e5741312225f140b,"","2026-03-02"
0,"","Interior Designer","SCI","Chicago, Illinois","","",jobspy_indeed,https://www.indeed.com/viewjob?jk=88f16dce4ccdfe96,"","2026-03-02"
0,"","Senior Project Manager (Low-Voltage/Lighting/Shading/Audio/Video)","Resolution Audio Video","New York, New York","","$100,000 - $120,000 (yearly)",jobspy_indeed,https://www.indeed.com/viewjob?jk=cf13364bb575ce13,"","2026-03-09"
0,"","Designer - Interiors - Junior","Gensler","New York, New York","","",jobspy_indeed,https://www.indeed.com/viewjob?jk=bb634f259a1de4de,"","2026-03-07"
0,"","Videographer Producer - Contract","Lazard","New York, New York","","$60 - $80 (hourly)",jobspy_indeed,https://www.indeed.com/viewjob?jk=8cc31a155c7bfc65,"","2026-03-06"
0,"","draftsperson","Ideko","New York, New York","","$65,000 - $85,000 (yearly)",jobspy_indeed,https://www.indeed.com/viewjob?jk=e5148104638824f0,"","2026-03-06"
0,"","Senior Brand & Content Designer","Neural Concept","New York, New York","","",jobspy_indeed,https://www.indeed.com/viewjob?jk=7e2a12ce3d7e501b,"","2026-03-05"
0,"","Intermediate Sustainability Designer","Skidmore, Owings & Merrill","New York, New York","","$72,000 - $82,000 (yearly)",jobspy_indeed,https://www.indeed.com/viewjob?jk=3b53cc35fdcb8b31,"","2026-03-05"
0,"","Vice President Store Design","Victoria's Secret","New York, New York","","$230,000 - $304,500 (yearly)",jobspy_indeed,https://www.indeed.com/viewjob?jk=046d5802fb5c768a,"","2026-03-04"
0,"","Head of Technical Fabrication & Studio Operations","Jen Lewin Studio","New York, New York","","$85,000 - $95,000 (yearly)",jobspy_indeed,https://www.indeed.com/viewjob?jk=65e9c33473254fc1,"","2026-03-04"
0,"","Senior Electrical CAD / REVIT Designer - Full Time, Hybrid - NYC","Toll International LLC","New York, New York","","$140,000 - $150,000 (yearly)",jobspy_indeed,https://www.indeed.com/viewjob?jk=197b69120528a1ef,"","2026-03-04"
0,"","Lighting Product Designer","Axis Lighting","New York, New York","","",jobspy_indeed,https://www.indeed.com/viewjob?jk=eb2e2516760f613d,"","2026-03-04"
0,"","Residential Project Manager","Visual Comfort & Co","New York, New York","","",jobspy_indeed,https://www.indeed.com/viewjob?jk=f3f7d2bb57cf595a,"","2026-03-03"
0,"","Senior Residential Interior Designer/Project Manager","Huniford Design Studio","New York, New York","","$80,000 - $110,000 (yearly)",jobspy_indeed,https://www.indeed.com/viewjob?jk=b528922b1a2394ae,"","2026-03-03"
0,"","Home Integration AV Rack Specialist","AUDIOCOM","New York, New York","","$22 - $32 (hourly)",jobspy_indeed,https://www.indeed.com/viewjob?jk=fbdb9b7f244bf3aa,"","2026-03-03"
0,"","Lighting Designer","HLW International","New York, New York","","$60,000 - $80,000 (yearly)",jobspy_indeed,https://www.indeed.com/viewjob?jk=3af0b73d4a10f8b8,"","2026-03-03"
0,"","Weekend Sales Associate","OCHRE","New York, New York","","$17 - $22 (hourly)",jobspy_indeed,https://www.indeed.com/viewjob?jk=7c2039bdec50d16b,"","2026-03-03"
0,"","Electrical BIM Designer","Kleinknecht Electric Company, Inc. Co.","New York, New York","","$75,000 - $90,000 (yearly)",jobspy_indeed,https://www.indeed.com/viewjob?jk=bbf477f58d3e1e04,"","2026-03-03"
0,"","Technical Designer - Architecture","Jacobs DOland Beer","New York, New York","","$80,000 - $90,000 (yearly)",jobspy_indeed,https://www.indeed.com/viewjob?jk=cc43be44335b3f3e,"","2026-03-03"
0,"","Design Intern","Horton Lees Brogden Lighting Design Inc","New York, New York","","",jobspy_indeed,https://www.indeed.com/viewjob?jk=217b9c7cb669a227,"","2026-03-02"
0,"","Director of Exhibit Design and Production","Asian Art Museum Foundation","San Francisco, California","","$130,000 - $150,000 (yearly)",jobspy_indeed,https://www.indeed.com/viewjob?jk=c966555bdb5e3648,"","2026-03-07"
0,"","Kitchen and Bath Sales and Design Associate","KiLAND","San Francisco, California","","$53,000 - $75,000 (yearly)",jobspy_indeed,https://www.indeed.com/viewjob?jk=6124fe021f2b5814,"","2026-03-07"
0,"","Mainstage Lighting Designer","nan","San Francisco, California","","$850 - $1,000 (weekly)",jobspy_indeed,https://www.indeed.com/viewjob?jk=25d156fd6d115c17,"","2026-03-06"
0,"","Principal","ALFATECH","San Francisco, California","","$160,000 - $190,000 (yearly)",jobspy_indeed,https://www.indeed.com/viewjob?jk=1fc6cbf916cf0cd7,"","2026-03-06"
0,"","Sr. Engineer (Electrical)","ALFATECH","San Francisco, California","","$150,000 - $165,000 (yearly)",jobspy_indeed,https://www.indeed.com/viewjob?jk=8c15a8abf3e503a6,"","2026-03-06"
0,"","Junior Interior Designer","Jeffrey Neve Interior Design","San Francisco, California","","$35 - $50 (hourly)",jobspy_indeed,https://www.indeed.com/viewjob?jk=fb621c183f0430ac,"","2026-03-05"
0,"","Senior Interior Designer – Residential (FFE Lead)","Divino Arc LLC","San Francisco, California","","$90,000 - $110,000 (yearly)",jobspy_indeed,https://www.indeed.com/viewjob?jk=2440646b4970e0cf,"","2026-03-05"
0,"","Construction Project Manager","BRAVAS | Home Experience Design","San Francisco, California","","$125,000 - $145,000 (yearly)",jobspy_indeed,https://www.indeed.com/viewjob?jk=4948cd4a4233b189,"","2026-03-04"
0,"","Project Architect - Technology","Gensler","San Francisco, California","","$118,000 - $135,000 (yearly)",jobspy_indeed,https://www.indeed.com/viewjob?jk=8b84d36f0ad3ce6c,"","2026-03-04"
0,"","Mechanical Engineer II - III","Syska Hennessy Group","San Francisco, California","","$66,249 - $143,090 (yearly)",jobspy_indeed,https://www.indeed.com/viewjob?jk=af43a6877debde19,"","2026-03-03"
0,"","Electrical Engineer II - III","Syska Hennessy Group","San Francisco, California","","$66,249 - $143,090 (yearly)",jobspy_indeed,https://www.indeed.com/viewjob?jk=938b3d195d0269e2,"","2026-03-02"
0,"","Associate Interior Designer","Studio Munroe, Inc","San Francisco, California","","$90,000 - $108,000 (yearly)",jobspy_indeed,https://www.indeed.com/viewjob?jk=75891216c3061e09,"","2026-03-03"
0,"","Photographer - Pottery Barn Kids","Williams-Sonoma, Inc.","San Francisco, California","","$100,000 - $115,000 (yearly)",jobspy_indeed,https://www.indeed.com/viewjob?jk=f27dd25a3958e747,"","2026-03-02"
0,"","Manager, CGI Art Director - Pottery Barn","Williams-Sonoma, Inc.","San Francisco, California","","$110,000 - $120,000 (yearly)",jobspy_indeed,https://www.indeed.com/viewjob?jk=33c9f867e7b88b53,"","2026-03-02"
0,"","Interior Designer","Amy Corinne Interiors","San Francisco, California","","$57,946 - $96,000 (yearly)",jobspy_indeed,https://www.indeed.com/viewjob?jk=4a92dbb0b6624d01,"","2026-03-02"
0,"","Senior technical designer/ CAD Drafter: temporary project based- grow to long term","nan","Seattle, Washington","","$45 - $75 (hourly)",jobspy_indeed,https://www.indeed.com/viewjob?jk=468280d728b8352b,"","2026-03-09"
0,"","PROJECT ASSISTANT","City Light & Power, Inc.","Seattle, Washington","","$25 - $30 (hourly)",jobspy_indeed,https://www.indeed.com/viewjob?jk=37547a380d3ca3b4,"","2026-03-06"
0,"","Interior Design Studio Assistant","JAS Design Build","Seattle, Washington","","$22 - $30 (hourly)",jobspy_indeed,https://www.indeed.com/viewjob?jk=0ae190d800ba6bd2,"","2026-03-04"
0,"","Landscape Project Crew Lead - Full Time","Mint Landscapes, LLC","Seattle, Washington","","$20 - $30 (hourly)",jobspy_indeed,https://www.indeed.com/viewjob?jk=fb5cbfd567727eb7,"","2026-03-04"
0,"","Senior Visual Designer, Unpublished R&D Title","Riot Games","Seattle, Washington","","",jobspy_indeed,https://www.indeed.com/viewjob?jk=88f526c8bd2556f9,"","2026-03-03"
0,"","Mechanical Engineering Intern - Buildings (Summer 2026)","Stantec","Seattle, Washington","","$23 - $34 (hourly)",jobspy_indeed,https://www.indeed.com/viewjob?jk=b2487af65f932454,"","2026-03-03"
0,"","Custom Home Systems Integration Technician","WAVE Designs, Inc.","Seattle, Washington","","$30 - $50 (hourly)",jobspy_indeed,https://www.indeed.com/viewjob?jk=37f2c453cf5ec763,"","2026-03-03"
0,"","Electrical Engineer 1","DLR Group","Seattle, Washington","","$76,780 - $97,900 (yearly)",jobspy_indeed,https://www.indeed.com/viewjob?jk=c6ba4716a141de5e,"","2026-03-02"
0,"","Sr. Art Director - Visual/UI Design, Books UX Design & Research Studio","Amazon.com","Seattle, Washington","","$141,000 - $190,700 (yearly)",jobspy_indeed,https://www.indeed.com/viewjob?jk=ace757152c019f01,"","2026-02-20"
0,"","Assistant Director, Multimedia Production","HarbourVest","Boston, Massachusetts","","$117,000 - $157,000 (yearly)",jobspy_indeed,https://www.indeed.com/viewjob?jk=0ee11b7826d066e9,"","2026-03-04"
0,"","Traction Power Engineer","AECOM","Boston, Massachusetts","","$150,000 - $200,000 (yearly)",jobspy_indeed,https://www.indeed.com/viewjob?jk=10fb7a776bfb35c9,"","2026-03-03"
0,"","Architect and Design Specification Representative- Outside Sales","Richelieu Hardware","Boston, Massachusetts","","",jobspy_indeed,https://www.indeed.com/viewjob?jk=ced4fa03f725fd13,"","2026-03-03"
0,"","Interior Design Associate","Elizabeth home","Boston, Massachusetts","","$50,000 - $75,000 (yearly)",jobspy_indeed,https://www.indeed.com/viewjob?jk=e6352c0bd0121f54,"","2026-03-03"
0,"","Showroom Coordinator - Westwood","Supply New England","Boston, Massachusetts","","",jobspy_indeed,https://www.indeed.com/viewjob?jk=939978302f899a08,"","2026-03-03"
0,"","3D Industrial Designer","RMS International Boston","Boston, Massachusetts","","",jobspy_indeed,https://www.indeed.com/viewjob?jk=4a8e74b55657635c,"","2026-03-02"
0,"","Landscape Designer","The Busy Bee Nursery Inc","Boston, Massachusetts","","$26 - $30 (hourly)",jobspy_indeed,https://www.indeed.com/viewjob?jk=2dd163694fd1fb19,"","2026-03-02"
0,"","Building Systems/Project Manager (Facilities Department)","City of Medford, Massachusetts","Boston, Massachusetts","","$80,000 - $110,000 (yearly)",jobspy_indeed,https://www.indeed.com/viewjob?jk=38201a2c9c91db25,"","2026-03-02"
0,"","Realtime Lighting Artist","GungHo Online Entertainment America, Inc.","Los Angeles, California","","$60,000 - $100,000 (yearly)",jobspy_indeed,https://www.indeed.com/viewjob?jk=1fc580abfcd7f72a,"","2026-03-07"
0,"","Inside Sales Support","Liton Lighting","Los Angeles, California","","$24 - $27 (hourly)",jobspy_indeed,https://www.indeed.com/viewjob?jk=831f2ed7181a8356,"","2026-03-07"
0,"","Graphic Designer","Sunny Health & Fitness, Inc.","Los Angeles, California","","$25 - $35 (hourly)",jobspy_indeed,https://www.indeed.com/viewjob?jk=c32733faf6b2f81f,"","2026-03-06"
0,"","Part-Time Technical Director","Marymount High School","Los Angeles, California","","$30 - $42 (hourly)",jobspy_indeed,https://www.indeed.com/viewjob?jk=0dfc55504a62b987,"","2026-03-06"
0,"","Senior Associate Director of Media Production","University of California Los Angeles","Los Angeles, California","","$78,500 - $163,600 (yearly)",jobspy_indeed,https://www.indeed.com/viewjob?jk=53e9dbdcc74820e2,"","2026-03-05"
0,"","EDUC TCHL SUPV 2","nan","Los Angeles, California","","$78,500 - $163,600 (yearly)",jobspy_indeed,https://www.indeed.com/viewjob?jk=5a065c9e781a34d2,"","2026-03-05"
0,"","Logistics Manager","4Wall Entertainment","Los Angeles, California","","$69,000 - $75,000 (yearly)",jobspy_indeed,https://www.indeed.com/viewjob?jk=869c37cae266e120,"","2026-03-05"
0,"","Fabric Look Development Artist","Edward Martin","Los Angeles, California","","",jobspy_indeed,https://www.indeed.com/viewjob?jk=54d6994240e909a1,"","2026-03-05"
0,"","3D Scan Technician","Edward Martin","Los Angeles, California","","",jobspy_indeed,https://www.indeed.com/viewjob?jk=d87fdab66c085130,"","2026-03-05"
0,"","Photo Retoucher","Alo","Los Angeles, California","","$80,000 - $100,000 (yearly)",jobspy_indeed,https://www.indeed.com/viewjob?jk=767fa6ba3cbc3170,"","2026-03-05"
0,"","Architectural Lighting Design Internship - Paid Spring/Summer Internship","Oculus Light Studio","Los Angeles, California","","$20 - $25 (hourly)",jobspy_indeed,https://www.indeed.com/viewjob?jk=44265e8ce67af49d,"","2026-03-05"
0,"","Sewer","Ardmore Home Design","Los Angeles, California","","$19 - $22 (hourly)",jobspy_indeed,https://www.indeed.com/viewjob?jk=5ca3cfd468a4bf70,"","2026-03-04"
0,"","Senior Designer","XJ Grand Hotel","Los Angeles, California","","$72,146 - $100,000 (yearly)",jobspy_indeed,https://www.indeed.com/viewjob?jk=ac1be8728c54ec2a,"","2026-03-04"
0,"","Architectural Lighting Designer","Oculus Light Studio","Los Angeles, California","","$70,000 - $85,000 (yearly)",jobspy_indeed,https://www.indeed.com/viewjob?jk=a9f42d773dc22a57,"","2026-03-04"
0,"","Sr. Planner Buyer","Korrus","Los Angeles, California","","$74,000 - $85,000 (yearly)",jobspy_indeed,https://www.indeed.com/viewjob?jk=54f4db53e5d4416e,"","2026-03-04"
0,"","Principal Cinematographer/Editor","Northrop Grumman","Los Angeles, California","","$94,200 - $141,200 (yearly)",jobspy_indeed,https://www.indeed.com/viewjob?jk=a01521a1173a836d,"","2026-03-03"
0,"","Bilingual Sourcing Manager, Ariba, SAP - The Toro Company","The Toro Company","Los Angeles, California","","$122,000 - $150,000 (yearly)",jobspy_indeed,https://www.indeed.com/viewjob?jk=eb52e2d4d607f8c5,"","2026-03-03"
0,"","Designer","Crate and Barrel","Los Angeles, California","","",jobspy_indeed,https://www.indeed.com/viewjob?jk=4a2dcab25613f922,"","2026-03-03"
0,"","Software Support Engineer","Chroma Systems Solutions","Los Angeles, California","","",jobspy_indeed,https://www.indeed.com/viewjob?jk=9d5352c632398043,"","2026-03-03"
0,"","Designer - Womens","PacSun","Los Angeles, California","","$79,287 - $93,089 (yearly)",jobspy_indeed,https://www.indeed.com/viewjob?jk=0a0cc20c24db6f2e,"","2026-03-03"
0,"","Technical Producer (Live Entertainment)","Stories Illuminated","Los Angeles, California","","$80,000 - $90,000 (yearly)",jobspy_indeed,https://www.indeed.com/viewjob?jk=15bc561c0a057ac5,"","2026-03-03"
0,"","Event Coordinator, Event Designer and Administrative Assistant","Aliana Events","Los Angeles, California","","$25 - $30 (hourly)",jobspy_indeed,https://www.indeed.com/viewjob?jk=9906358e3e6ef43d,"","2026-03-03"
0,"","Customer Service Representative","Ardmore Home Design","Los Angeles, California","","$19 - $21 (hourly)",jobspy_indeed,https://www.indeed.com/viewjob?jk=e29db4d44781b415,"","2026-03-02"
0,"","Designer II","Rosendin Electric","Washington, DC","","",jobspy_indeed,https://www.indeed.com/viewjob?jk=bed6a6711aa5c995,"","2026-03-09"
0,"","Senior Interior Designer","IMPAG HR Solutions, LLC","Washington, DC","","$80,000 - $90,000 (yearly)",jobspy_indeed,https://www.indeed.com/viewjob?jk=9d0270b58d771e65,"","2026-03-06"
0,"","Intermittent Exhibits Specialist (Art) IS-1010-09","National Museum of Asian Art","Washington, DC","","",jobspy_indeed,https://www.indeed.com/viewjob?jk=e38ade42679e1dc4,"","2026-03-05"
0,"","Senior Nuke Compositor / VFX Artist (CG Integration)","TAG Cinema","Washington, DC","","$100,000 - $140,000 (yearly)",jobspy_indeed,https://www.indeed.com/viewjob?jk=1ad5bf7af0ce10ab,"","2026-03-05"
0,"","Multimedia Video Producer & Production Lead, Federal Science Communications","EDJ Associates","Washington, DC","","",jobspy_indeed,https://www.indeed.com/viewjob?jk=67a1b192b5776454,"","2026-03-05"
0,"","Turnover Coordinator","AtkinsRéalis","Washington, DC","","",jobspy_indeed,https://www.indeed.com/viewjob?jk=f1e11553db702651,"","2026-03-04"
0,"","Kitchen & Bath Designer/Sales","Sarokey Kitchen & Bath","Washington, DC","","$56,725 - $68,045 (yearly)",jobspy_indeed,https://www.indeed.com/viewjob?jk=04b3dd032413048f,"","2026-03-04"
0,"","Lighting Specialist","Alfred Street Baptist Church","Washington, DC","","",jobspy_indeed,https://www.indeed.com/viewjob?jk=d2093cf8fa8a6b3c,"","2026-03-02"
0,"","E-commerce Warehouse Associate","Dulles Electric & Supply Corp","Washington, DC","","$16 - $18 (hourly)",jobspy_indeed,https://www.indeed.com/viewjob?jk=49db599e68bd5a32,"","2026-03-02"
0,"","Interior Designer — Contract (Hybrid)","LORNA GROSS Interior Design","Washington, DC","","",jobspy_indeed,https://www.indeed.com/viewjob?jk=803fcd6542734f35,"","2026-03-02"
0,"","Architectural Metal CAD Designer / Shop Drawing Specialist","Red Star Ironworks LLC","United States","","$25 - $50 (hourly)",jobspy_indeed,https://www.indeed.com/viewjob?jk=d9925221b31be2cc,"","2026-03-09"
0,"","Sales Executive","ETC Florida","United States","","$100,000 - $175,000 (yearly)",jobspy_indeed,https://www.indeed.com/viewjob?jk=62a0a0b2402fd9d8,"","2026-03-09"
0,"","Showroom Outdoor Living Sales Rep/Designer (Outdoor Kitchen Design Experience Required)","Synergy Florida","United States","","$75,000 - $95,000 (yearly)",jobspy_indeed,https://www.indeed.com/viewjob?jk=42858c079d2ceeef,"","2026-03-09"
0,"","Lighting Designer - Energy Solutions","CMTA Consulting Engineers","United States","","",jobspy_indeed,https://www.indeed.com/viewjob?jk=88cdc662809b8ffa,"","2026-03-09"
0,"","Architectural Designer - AI Trainer","Handshake","United States","","",jobspy_indeed,https://www.indeed.com/viewjob?jk=dba3b0d8f447012c,"","2026-03-09"
0,"","Interior Designer (Residential, Part-Time, Hybrid)","Simple Steps Consulting","United States","","$25 - $30 (hourly)",jobspy_indeed,https://www.indeed.com/viewjob?jk=484dc065f7158f8e,"","2026-03-09"
0,"","Senior Interior Designer","Hinge Studio","United States","","$61,874 - $74,515 (yearly)",jobspy_indeed,https://www.indeed.com/viewjob?jk=431aada2c5d486d6,"","2026-03-08"
0,"","Graphic Design & Digital Production","Olomana Loomis ISC","United States","","$55,000 - $72,000 (yearly)",jobspy_indeed,https://www.indeed.com/viewjob?jk=1c5cc3395a74bf11,"","2026-03-08"
0,"","Cabinet Engineer / Technical Designer","MP360 Design & Build I LUJO Cabinetry","United States","","$55,000 - $70,000 (yearly)",jobspy_indeed,https://www.indeed.com/viewjob?jk=f2dede59a459b10e,"","2026-03-08"
0,"","Junior Interior Designer","FR Interiors","United States","","",jobspy_indeed,https://www.indeed.com/viewjob?jk=803d94095dde1031,"","2026-03-07"
0,"","Senior Electrical Wiring designer","TPG Services","United States","","$55 - $80 (hourly)",jobspy_indeed,https://www.indeed.com/viewjob?jk=97a814b33ce8e3de,"","2026-03-07"
0,"","Warehouse Associate","First Supply LLC","United States","","",jobspy_indeed,https://www.indeed.com/viewjob?jk=2fccfa3cedac48fa,"","2026-03-06"
0,"","Part-Time HR Generalist","First Supply LLC","United States","","",jobspy_indeed,https://www.indeed.com/viewjob?jk=ed0723366e3f3855,"","2026-03-06"
0,"","Designer","Crate and Barrel","United States","","",jobspy_indeed,https://www.indeed.com/viewjob?jk=708e0f5581eec721,"","2026-03-04"
0,"","Stager/Interior Designer","Choice Moving","United States","","$600 - $1,500 (daily)",jobspy_indeed,https://www.indeed.com/viewjob?jk=80fdab2850f5d49e,"","2025-05-15"
0,"","Senior Substation Electrical Engineer","TPG Services","Remote","","$78 - $95 (hourly)",jobspy_indeed,https://www.indeed.com/viewjob?jk=8b52e1476d7af66b,"","2026-03-06"
0,"","Construction Executive","ARCHKEY SOLUTIONS","Remote","","",jobspy_indeed,https://www.indeed.com/viewjob?jk=5e1adfe598bab553,"","2026-03-04"
0,"","Designer","ARCHKEY SOLUTIONS","Remote","","",jobspy_indeed,https://www.indeed.com/viewjob?jk=01c564145d4aa8de,"","2026-03-02"
0,"","Selections Coordinator / Kitchen & Bath Designer (Project‑Based)","Valor Home Services","Remote","","$35 - $65 (hourly)",jobspy_indeed,https://www.indeed.com/viewjob?jk=db9490161df304af,"","2026-03-04"
0,"","Associate Principal - DAS/ERRCS","TEECOM","Remote","","$125,000 - $160,000 (yearly)",jobspy_indeed,https://www.indeed.com/viewjob?jk=94c0bcde64e2d680,"","2026-03-03"
0,"","Interior Designer (Part-Time | Remote | Phoenix Area a Plus)","Goguen Design","Remote","","$25 - $50 (hourly)",jobspy_indeed,https://www.indeed.com/viewjob?jk=bf3c3ef54af26e08,"","2026-03-03"
0,"","Accounts Receivable Specialist","Bravas","Remote","","",jobspy_indeed,https://www.indeed.com/viewjob?jk=75ad61586e084d2e,"","2026-03-02"
0,"","Customer Services & Sales Agent","RETAIL REINVENTED","Remote","","$58,000 - $60,000 (yearly)",jobspy_indeed,https://www.indeed.com/viewjob?jk=9210272ca2bd34ac,"","2026-03-01"
0,"","(PartTime) Exterior Service Technician – Lighting, Gutters & Windows","Mueller Exteriors group llc","Chicago, Illinois","","$20 - $25 (hourly)",jobspy_indeed,https://www.indeed.com/viewjob?jk=82e3e7ba29d41903,"","2026-03-08"
0,"","Field Technician","Majestic Photobooth","Chicago, Illinois","","$22 - $26 (hourly)",jobspy_indeed,https://www.indeed.com/viewjob?jk=7d94450ff2903eb9,"","2026-03-07"
0,"","Production Team Associate (Plating Process Technician)","Argentum Medical","Chicago, Illinois","","$20 - $21 (hourly)",jobspy_indeed,https://www.indeed.com/viewjob?jk=42c4af33f6699d94,"","2026-03-06"
0,"","Fleet Technician","Sunrise Transportation","Chicago, Illinois","","$25 - $35 (hourly)",jobspy_indeed,https://www.indeed.com/viewjob?jk=0413b51a382d45b1,"","2026-03-06"
0,"","Facilities Maintenance Technician","eCom Solutions Inc","Chicago, Illinois","","$35 - $40 (hourly)",jobspy_indeed,https://www.indeed.com/viewjob?jk=a10c8f3167498864,"","2026-03-06"
0,"","Maintenance Technician / Facilities Assistant","Hs Wholesale LLC","Chicago, Illinois","","$20 - $24 (hourly)",jobspy_indeed,https://www.indeed.com/viewjob?jk=c5af61d71acdfa46,"","2026-03-06"
0,"","Technician III - 4th Shift","Dollar Tree","Chicago, Illinois","","",jobspy_indeed,https://www.indeed.com/viewjob?jk=d3eceaba737019ae,"","2026-03-05"
0,"","Technician III - 1st Shift","Dollar Tree","Chicago, Illinois","","",jobspy_indeed,https://www.indeed.com/viewjob?jk=f16cd7999bd1c070,"","2026-03-05"
0,"","Maintenance Specialist - Electrician","Dynamic Manufacturing","Chicago, Illinois","","$79,000 - $94,000 (yearly)",jobspy_indeed,https://www.indeed.com/viewjob?jk=b51ec05e5ab5cbd8,"","2026-03-05"
0,"","Electrician | Medora Musical","RWS Global","Chicago, Illinois","","",jobspy_indeed,https://www.indeed.com/viewjob?jk=7e34def80ee61efb,"","2026-03-04"
0,"","Stagehand","CBS News and Stations","Chicago, Illinois","","",jobspy_indeed,https://www.indeed.com/viewjob?jk=0fdc98afd386a87d,"","2026-03-04"
0,"","On-Site Services Specialist","Ricoh","Chicago, Illinois","","",jobspy_indeed,https://www.indeed.com/viewjob?jk=753ca7f433623704,"","2026-03-03"
0,"","Pumping Technician ( AFSCME / Union )","City of Evanston, IL","Chicago, Illinois","","$44 - $54 (hourly)",jobspy_indeed,https://www.indeed.com/viewjob?jk=464e9cf03ae584b5,"","2026-03-03"
0,"","Maintenance Technician","Walker Process Equipment, Division of McNish Corporation","Chicago, Illinois","","$22 - $29 (hourly)",jobspy_indeed,https://www.indeed.com/viewjob?jk=92f60b21aa491caa,"","2026-03-03"
0,"","Maintenance Technician 1","Smurfit Westrock","Chicago, Illinois","","",jobspy_indeed,https://www.indeed.com/viewjob?jk=d713955e7bc9eac9,"","2026-03-03"
0,"","Maintenance Engineer III","Northwest Health Porter","Chicago, Illinois","","",jobspy_indeed,https://www.indeed.com/viewjob?jk=9f35d691da33a4d5,"","2026-03-03"
0,"","Building Engineer","Lincoln Property Company","Chicago, Illinois","","$48 - $50 (hourly)",jobspy_indeed,https://www.indeed.com/viewjob?jk=ec210956dacb2be6,"","2026-03-02"
0,"","Facility Maintenance Technician","Amcor","Chicago, Illinois","","$26 - $32 (hourly)",jobspy_indeed,https://www.indeed.com/viewjob?jk=acc78d92f5f809c3,"","2026-03-02"
0,"","Handyman","nan","Chicago, Illinois","","$30 - $40 (hourly)",jobspy_indeed,https://www.indeed.com/viewjob?jk=decd6cc6eb9d3279,"","2026-03-02"
0,"","Maintenance Technician","C&W Services","Chicago, Illinois","","$23 - $28 (hourly)",jobspy_indeed,https://www.indeed.com/viewjob?jk=ab067a0fb5c5d065,"","2026-03-02"
0,"","Maintenance Technician","Acadia Healthcare","Chicago, Illinois","","$21 - $23 (hourly)",jobspy_indeed,https://www.indeed.com/viewjob?jk=ba247390cc459608,"","2026-02-27"
0,"","Lighting Technician / Outdoor Lighting Installer","Lumex elite outdoor home lighting inc","New York, New York","","$20 - $25 (hourly)",jobspy_indeed,https://www.indeed.com/viewjob?jk=b8c73b04ed752dc3,"","2026-03-09"
0,"","Remote Operations Technician","Fox Corporation","New York, New York","","$28 - $32 (hourly)",jobspy_indeed,https://www.indeed.com/viewjob?jk=e98879689c1bc750,"","2026-03-06"
0,"","Maintenance Technician","The Michaels Organization","New York, New York","","",jobspy_indeed,https://www.indeed.com/viewjob?jk=db112997e4e0c084,"","2026-03-06"
0,"","Commercial Facilities Manager","C&W Services","New York, New York","","$100,000 - $130,000 (yearly)",jobspy_indeed,https://www.indeed.com/viewjob?jk=a1b5a48b2cec77ba,"","2026-03-06"
0,"","Lead Maintenance Technician","Amentum","New York, New York","","",jobspy_indeed,https://www.indeed.com/viewjob?jk=a969ca1778d0ecd3,"","2026-03-06"
0,"","Automotive Technician - United States Postal Service","United States Postal Service - New York","New York, New York","","",jobspy_indeed,https://www.indeed.com/viewjob?jk=1e0db4a7cb0c62e2,"","2026-03-06"
0,"","Maintenance Technician - Mobile | College Point, NY","AABR","New York, New York","","$25 - $29 (hourly)",jobspy_indeed,https://www.indeed.com/viewjob?jk=05f823b70911bc15,"","2026-03-06"
0,"","Electronics Assembler 2 - 2nd shift","GE Aerospace","New York, New York","","$25 - $28 (hourly)",jobspy_indeed,https://www.indeed.com/viewjob?jk=92636893e0e4a209,"","2026-03-06"
0,"","Event Setup & Production Crew","KM Galaxy Lighting","New York, New York","","",jobspy_indeed,https://www.indeed.com/viewjob?jk=7549f97dbaf0d55d,"","2026-03-06"
0,"","Lead Electrician, Emergency Vehicles","Safety First Emergency Vehicles","New York, New York","","$25 - $35 (hourly)",jobspy_indeed,https://www.indeed.com/viewjob?jk=6335534fdaa5933e,"","2026-03-05"
0,"","12 Volt Technician","Splice Installations","New York, New York","","$26 - $31 (hourly)",jobspy_indeed,https://www.indeed.com/viewjob?jk=2e7d479e4ccd731e,"","2026-03-05"
0,"","Irrigation Technician","Monello Landscape Industries","New York, New York","","$25 - $35 (hourly)",jobspy_indeed,https://www.indeed.com/viewjob?jk=1d5127d67ec68ea6,"","2026-03-05"
0,"","General Laborer / Low Voltage Electrical Exterior Installations","NY Landscape Lighting LLC","New York, New York","","",jobspy_indeed,https://www.indeed.com/viewjob?jk=3769ae454384b0c7,"","2026-03-05"
0,"","Lead Low Voltage Technician","Brookhill NY","New York, New York","","$25 - $48 (hourly)",jobspy_indeed,https://www.indeed.com/viewjob?jk=9966424764a414a0,"","2026-03-05"
0,"","Retail Maintenance Technician","SUGARED + BRONZED","New York, New York","","$80,000 - $100,000 (yearly)",jobspy_indeed,https://www.indeed.com/viewjob?jk=e6b3573c19a3bd66,"","2026-03-05"
0,"","Maintenance Associate","Liberty Resources, Inc.","New York, New York","","",jobspy_indeed,https://www.indeed.com/viewjob?jk=853a68fe5f054caa,"","2026-03-04"
0,"","Electrician | Medora Musical","RWS Global","New York, New York","","",jobspy_indeed,https://www.indeed.com/viewjob?jk=09562ea5ec575629,"","2026-03-04"
0,"","Automation and Controls Technician","JLL","New York, New York","","",jobspy_indeed,https://www.indeed.com/viewjob?jk=742fd64f6683e285,"","2026-03-04"
0,"","Robotics Maintenance Technician","JLL","New York, New York","","",jobspy_indeed,https://www.indeed.com/viewjob?jk=af0286ad5a36f822,"","2026-03-04"
0,"","Instrumentation and Controls Technician","JLL","New York, New York","","",jobspy_indeed,https://www.indeed.com/viewjob?jk=5c5df1d0c1cec915,"","2026-03-04"
0,"","Hotel Maintenance Technician","Hyatt","San Francisco, California","","",jobspy_indeed,https://www.indeed.com/viewjob?jk=7f109fc8d37a9344,"","2026-03-08"
0,"","CHIEF ENGINEER $84.92/HR.| FULL BENEFITS INCLUDED","Hyatt","San Francisco, California","","",jobspy_indeed,https://www.indeed.com/viewjob?jk=ffed002766f16d9c,"","2026-03-06"
0,"","Maintenance - General Maintenance Technician","Hornblower Group","San Francisco, California","","",jobspy_indeed,https://www.indeed.com/viewjob?jk=7984b133ff3f57dd,"","2026-03-06"
0,"","Maintenance Technician (Ginzton Terrace)","MidPen Housing","San Francisco, California","","$25 - $28 (hourly)",jobspy_indeed,https://www.indeed.com/viewjob?jk=1ac2dc1aa779d2a6,"","2026-03-06"
0,"","Facility Technician","Spring Fertility","San Francisco, California","","$27 - $31 (hourly)",jobspy_indeed,https://www.indeed.com/viewjob?jk=4f390df7b263ae83,"","2026-03-06"
0,"","Maintenance Technician","ALSTOM","San Francisco, California","","$44 - $55 (hourly)",jobspy_indeed,https://www.indeed.com/viewjob?jk=395fc0cf29a9d8a1,"","2026-03-06"
0,"","Maintenance Technician","Klein Property Management, LLC","San Francisco, California","","$40 - $47 (hourly)",jobspy_indeed,https://www.indeed.com/viewjob?jk=27a6d89adf34ad27,"","2026-03-06"
0,"","Stationary Engineer","ABM Industries Inc.","San Francisco, California","","",jobspy_indeed,https://www.indeed.com/viewjob?jk=6b84a486e4fbfe25,"","2026-03-06"
0,"","Media Technology Technician","Berkeley Unified School District","San Francisco, California","","$29 - $36 (hourly)",jobspy_indeed,https://www.indeed.com/viewjob?jk=ab5118b4666fb163,"","2026-03-05"
0,"","Maintenance Technician - Luxury High-Rise","Related","San Francisco, California","","$26 - $29 (hourly)",jobspy_indeed,https://www.indeed.com/viewjob?jk=0c286e724a9d4876,"","2026-03-04"
0,"","Handyman / RV Tech","El Monte RV","San Francisco, California","","$21 - $23 (hourly)",jobspy_indeed,https://www.indeed.com/viewjob?jk=85d39bda78dd78ea,"","2026-03-04"
0,"","Plant Care Technician I","Ambius","San Francisco, California","","",jobspy_indeed,https://www.indeed.com/viewjob?jk=153735ec74ae2f59,"","2026-03-04"
0,"","Residential Maintenance Technician - Level III","Balfour Beatty","San Francisco, California","","",jobspy_indeed,https://www.indeed.com/viewjob?jk=49f0e2fe5fe802b8,"","2026-03-03"
0,"","Region Facilities Maintenance Manager","Challenger School Foundation","San Francisco, California","","$90,000 - $110,000 (yearly)",jobspy_indeed,https://www.indeed.com/viewjob?jk=f7104ce574d9cbb7,"","2026-03-02"
0,"","Commercial HVAC Technician","Basin Street Properties, Inc.","San Francisco, California","","$40 - $45 (hourly)",jobspy_indeed,https://www.indeed.com/viewjob?jk=44633330d6244e01,"","2026-03-02"
0,"","Lighting Technician","Veolia","San Francisco, California","","$28 - $43 (hourly)",jobspy_indeed,https://www.indeed.com/viewjob?jk=17574d3506102183,"","2026-03-02"
0,"","Mobile General Skilled Technician","BGIS","Seattle, Washington","","$30 - $36 (hourly)",jobspy_indeed,https://www.indeed.com/viewjob?jk=6f4b3c26a618c6c6,"","2026-03-08"
0,"","Maintenance Technician","Avenue5 Residential","Seattle, Washington","","$26 - $28 (hourly)",jobspy_indeed,https://www.indeed.com/viewjob?jk=0625e184a7e42c56,"","2026-03-02"
0,"","Repair and Tool Technician","Advanced Iron Works","Seattle, Washington","","$24 - $31 (hourly)",jobspy_indeed,https://www.indeed.com/viewjob?jk=7d5ad71deead98e7,"","2026-03-05"
0,"","Fleet Vehicle Installer Apprentice","The Autoglass Clinic","Seattle, Washington","","$18 - $27 (hourly)",jobspy_indeed,https://www.indeed.com/viewjob?jk=55d47dd8d608967d,"","2026-03-04"
0,"","Irrigation Technician - Entry Level","Mint Landscapes, LLC","Seattle, Washington","","$37,440 - $47,840 (yearly)",jobspy_indeed,https://www.indeed.com/viewjob?jk=1639b7c30452857e,"","2026-03-04"
0,"","Irrigation Technician - Full Time","Mint Landscapes, LLC","Seattle, Washington","","$37,440 - $47,840 (yearly)",jobspy_indeed,https://www.indeed.com/viewjob?jk=5fcd309fd3655142,"","2026-03-04"
0,"","Landscape Irrigation Tech","Mint Landscapes, LLC","Seattle, Washington","","$20 - $25 (hourly)",jobspy_indeed,https://www.indeed.com/viewjob?jk=88a12a3feb1b0d79,"","2026-03-04"
0,"","Lead Maintenance Technician","TAM Residential, LLC","Seattle, Washington","","$28 - $38 (hourly)",jobspy_indeed,https://www.indeed.com/viewjob?jk=bae3faf8637b4ef9,"","2026-03-03"
0,"","Global Monitoring Tech - HVAC/BMS","CBRE","Seattle, Washington","","$30 - $36 (hourly)",jobspy_indeed,https://www.indeed.com/viewjob?jk=0d7c7caf64d1a824,"","2025-10-31"
0,"","Outdoor Lighting Installer / Technician","Apollo Outdoor Lighting","Boston, Massachusetts","","$1,000 - $1,500 (weekly)",jobspy_indeed,https://www.indeed.com/viewjob?jk=802a0dda17407420,"","2026-03-08"
0,"","Maintenance Mechanic II","Catholic Medical Center","Boston, Massachusetts","","",jobspy_indeed,https://www.indeed.com/viewjob?jk=d87377615c4575eb,"","2026-03-07"
0,"","Sr Maintenance Tech","Citizens","Boston, Massachusetts","","",jobspy_indeed,https://www.indeed.com/viewjob?jk=fc9b4ee1ee728622,"","2026-03-06"
0,"","Facilities Maintenance Technician","Rockland Trust Company","Boston, Massachusetts","","",jobspy_indeed,https://www.indeed.com/viewjob?jk=d4afaa659b2a94e5,"","2026-03-06"
0,"","Maintenance Technician - 2nd Shift","Cresco Labs","Boston, Massachusetts","","$26 - $29 (hourly)",jobspy_indeed,https://www.indeed.com/viewjob?jk=b5e54d13e59285fc,"","2026-03-06"
0,"","Mechanical Equipment/Instruments & Control Maintenance Technician","TAUNTON MUNICIPAL LIGHTING PLANT","Boston, Massachusetts","","$54 - $63 (hourly)",jobspy_indeed,https://www.indeed.com/viewjob?jk=6e16dc01d0653604,"","2026-03-05"
0,"","Building Engineer","Lincoln Property Company","Boston, Massachusetts","","$42 - $45 (hourly)",jobspy_indeed,https://www.indeed.com/viewjob?jk=152deb6071a1cac4,"","2026-03-04"
0,"","Motorcycle Technician / Mechanic","Aero Cycle Co.","Boston, Massachusetts","","$26 - $31 (hourly)",jobspy_indeed,https://www.indeed.com/viewjob?jk=fd330255f543b8c5,"","2026-03-04"
0,"","Mobile HVAC / Maintenance Technician","JLL","Boston, Massachusetts","","$72,800 - $79,040 (yearly)",jobspy_indeed,https://www.indeed.com/viewjob?jk=e2106ff0018dbd0a,"","2026-03-03"
0,"","HVAC Shift Supervisor","JLL","Boston, Massachusetts","","$85,280 - $89,440 (yearly)",jobspy_indeed,https://www.indeed.com/viewjob?jk=19ac4a90d9519439,"","2026-03-03"
0,"","Electrician/Electrical Equipment Installation Technician","Accelerated Media Technologies","Boston, Massachusetts","","$25 - $35 (hourly)",jobspy_indeed,https://www.indeed.com/viewjob?jk=dec33781551231ae,"","2026-03-03"
0,"","Irrigation and Landscape Lighting Technician","Parterre Garden Services","Boston, Massachusetts","","$27 - $30 (hourly)",jobspy_indeed,https://www.indeed.com/viewjob?jk=263bad167d1dc139,"","2026-03-03"
0,"","Fire Extinguisher Technician – UniFirst First Aid+ Safety","UniFirst","Boston, Massachusetts","","",jobspy_indeed,https://www.indeed.com/viewjob?jk=02b5f03d2b61b7e2,"","2026-03-02"
0,"","Equipment Maintenance Technician II (A shift 12hrs Days)","Jabil","Boston, Massachusetts","","$23 - $43 (hourly)",jobspy_indeed,https://www.indeed.com/viewjob?jk=24361f69efc1b0a7,"","2026-03-02"
0,"","Diesel Technician Apprentice - 2nd Shift - 2pm - 10pm!!","Casella Waste Systems, Inc.","Boston, Massachusetts","","",jobspy_indeed,https://www.indeed.com/viewjob?jk=d0d97f7241e282ae,"","2026-02-12"
0,"","Heavy Truck Mechanic","Casella Waste Systems, Inc.","Boston, Massachusetts","","",jobspy_indeed,https://www.indeed.com/viewjob?jk=8624e4d365d090c9,"","2026-01-27"
0,"","Heavy Truck Mechanic Apprentice","Casella Waste Systems, Inc.","Boston, Massachusetts","","$30 - $42 (hourly)",jobspy_indeed,https://www.indeed.com/viewjob?jk=b03dd7bd9972daa2,"","2026-01-28"
0,"","Grip & Lighting Intern","Milk","Los Angeles, California","","",jobspy_indeed,https://www.indeed.com/viewjob?jk=a63eaf0b14db74d4,"","2026-03-07"
0,"","Grip & Lighting Technician","Milk","Los Angeles, California","","$23 - $30 (hourly)",jobspy_indeed,https://www.indeed.com/viewjob?jk=76ed529e3a1ad1f4,"","2026-03-07"
0,"","Retail Field, POS & Network Technicians","MTI Global Services","Los Angeles, California","","$20 - $25 (hourly)",jobspy_indeed,https://www.indeed.com/viewjob?jk=c2d2aca64cab2bb1,"","2026-03-07"
0,"","Forklift Maint. Mechanic","Vallarta Supermarkets","Los Angeles, California","","$28 - $35 (hourly)",jobspy_indeed,https://www.indeed.com/viewjob?jk=c8de248d14600007,"","2026-03-07"
0,"","Engineering & Facilities Operations Manager - Regional Distribution Center - Rialto, California","Target","Los Angeles, California","","$73,000 - $132,000 (yearly)",jobspy_indeed,https://www.indeed.com/viewjob?jk=5bda0ce4c1b953b0,"","2026-03-06"
0,"","Maintenance Technician","Avenue5 Residential","Los Angeles, California","","$22 - $26 (hourly)",jobspy_indeed,https://www.indeed.com/viewjob?jk=06a4c4932789ea3a,"","2026-03-06"
0,"","Facilities Technician","RADIANT INDUSTRIES","Los Angeles, California","","$33 - $45 (hourly)",jobspy_indeed,https://www.indeed.com/viewjob?jk=ee7168469e2efdf7,"","2026-03-06"
0,"","Facilities Maintenance Technician","Rite Way Meat Packers","Los Angeles, California","","$24 - $26 (hourly)",jobspy_indeed,https://www.indeed.com/viewjob?jk=b1c880c635ec662a,"","2026-03-06"
0,"","Facilities Technician","The Willows Community School","Los Angeles, California","","$21 - $23 (hourly)",jobspy_indeed,https://www.indeed.com/viewjob?jk=be7ac29fdb8966dd,"","2026-03-05"
0,"","Facility Maintenance Technician","ProTec Building Services","Los Angeles, California","","$28 - $34 (hourly)",jobspy_indeed,https://www.indeed.com/viewjob?jk=2d1953436b1f650d,"","2026-03-05"
0,"","Lighting Maintenance Supervisor","Pro-Tek Electrical&Lighting","Los Angeles, California","","$32 - $37 (hourly)",jobspy_indeed,https://www.indeed.com/viewjob?jk=2e6fc7abc86d099e,"","2026-03-05"
0,"","Building Engineer","Lincoln Property Company","Los Angeles, California","","",jobspy_indeed,https://www.indeed.com/viewjob?jk=87fe36bc1f1e16e4,"","2026-03-05"
0,"","Multi-Family Maintenance Technician- Full-Time","H & S Properties, Inc","Los Angeles, California","","",jobspy_indeed,https://www.indeed.com/viewjob?jk=2005eb09fe72a787,"","2026-03-05"
0,"","Maintenance Technician","Catalina Island Company","Los Angeles, California","","$24 - $30 (hourly)",jobspy_indeed,https://www.indeed.com/viewjob?jk=36a2aa36bb29f524,"","2026-03-05"
0,"","Machining Maintenance Technician (Electronics)","Howmet Aerospace","Los Angeles, California","","$22 - $29 (hourly)",jobspy_indeed,https://www.indeed.com/viewjob?jk=0d04f2c7eec1d9c2,"","2026-03-05"
0,"","Maintenance Technician 1","Far West Management Corp","Los Angeles, California","","$23 - $27 (hourly)",jobspy_indeed,https://www.indeed.com/viewjob?jk=869ac5a5a510264c,"","2026-03-04"
0,"","Facilities Technician","Crockett Facilities Services","Washington, DC","","$40 - $44 (hourly)",jobspy_indeed,https://www.indeed.com/viewjob?jk=ee798ffed82c3774,"","2026-03-09"
0,"","Pool Technician Assistant","Mid Maryland Pool Service LLC","Washington, DC","","$17 - $20 (hourly)",jobspy_indeed,https://www.indeed.com/viewjob?jk=6f1c6b4cec442818,"","2026-03-07"
0,"","Instrumentation and Electrical Technician I","Prince William County Service Authority","Washington, DC","","$65,052 - $85,312 (yearly)",jobspy_indeed,https://www.indeed.com/viewjob?jk=1c02ab0261f52c5a,"","2026-03-06"
0,"","Maintenance Technician (7A - 3P Mon - Fri)","Volunteers of America","Washington, DC","","$20 - $25 (hourly)",jobspy_indeed,https://www.indeed.com/viewjob?jk=d315d41be64e9c2d,"","2026-03-06"
0,"","Entertainment Technology Lab Technician","Howard Community College","Washington, DC","","$24 - $26 (hourly)",jobspy_indeed,https://www.indeed.com/viewjob?jk=93820204af80b935,"","2026-03-06"
0,"","Instrumentation and Electrical Technician I","nan","Washington, DC","","$33 - $43 (hourly)",jobspy_indeed,https://www.indeed.com/viewjob?jk=04c751a261a04880,"","2026-03-06"
0,"","Handyman/Maintenance Service Technician","Absolute Solutions & Associates, LLC","Washington, DC","","$18 - $25 (hourly)",jobspy_indeed,https://www.indeed.com/viewjob?jk=59f1adbfa541ba60,"","2026-03-06"
0,"","Facilities and Building Director","Crossroads United Methodist Church","Washington, DC","","$64,000 - $72,000 (yearly)",jobspy_indeed,https://www.indeed.com/viewjob?jk=8e5d169e552958ee,"","2026-03-06"
0,"","Customer Service / Sales Associate / Device Repair Technician","nan","Washington, DC","","$16 - $19 (hourly)",jobspy_indeed,https://www.indeed.com/viewjob?jk=60dec0ebbc93332c,"","2026-03-06"
0,"","Facility Manager","ABM Industries Inc.","Washington, DC","","",jobspy_indeed,https://www.indeed.com/viewjob?jk=3cea93be22847625,"","2026-03-05"
0,"","Custodial Line Manager","ABM Industries Inc.","Washington, DC","","",jobspy_indeed,https://www.indeed.com/viewjob?jk=c0c9e0326cd3753c,"","2026-03-02"
0,"","Junior Maintenance Technician","Sunwater Capital","Washington, DC","","$17 - $19 (hourly)",jobspy_indeed,https://www.indeed.com/viewjob?jk=05448db7fb0be3d4,"","2026-03-05"
0,"","Critical Facilities Maintenance Technician","Aligned Data Centers","Washington, DC","","",jobspy_indeed,https://www.indeed.com/viewjob?jk=95eb6bd5c954fa17,"","2026-03-05"
0,"","General Maintenance Technician","ABM Industries Inc.","Washington, DC","","$24 - $29 (hourly)",jobspy_indeed,https://www.indeed.com/viewjob?jk=2671745c9413d443,"","2026-03-05"
0,"","Maintenance Technician","Residential One","Washington, DC","","",jobspy_indeed,https://www.indeed.com/viewjob?jk=dd5ee24f7876a612,"","2026-03-05"
0,"","Critical Facilities Engineer, NA","Vantage Data Centers","Washington, DC","","",jobspy_indeed,https://www.indeed.com/viewjob?jk=3fec66896a7b612b,"","2026-03-05"
0,"","Maintenance Tech I","Volunteer's of America National Services","Washington, DC","","",jobspy_indeed,https://www.indeed.com/viewjob?jk=af54736b1f4bbb2a,"","2026-03-05"
0,"","Mobile HVAC/Maintenance Technician","JLL","Washington, DC","","",jobspy_indeed,https://www.indeed.com/viewjob?jk=e5ec5cb81d5e0ec7,"","2026-03-05"
0,"","Appliance Service Tech","Constellation Energy","Washington, DC","","$29 - $36 (hourly)",jobspy_indeed,https://www.indeed.com/viewjob?jk=109ced57ab1eb498,"","2026-03-04"
0,"","Paintless Dent Repair (PDR) Technician","Easterns Automotive Group","Washington, DC","","$50,000 - $80,000 (yearly)",jobspy_indeed,https://www.indeed.com/viewjob?jk=694fea88148a6d9a,"","2026-03-04"
0,"","Lead Engineer","MRP, LLC","Washington, DC","","$38 - $43 (hourly)",jobspy_indeed,https://www.indeed.com/viewjob?jk=8747cdf4998d1e6e,"","2026-03-04"
0,"","Fire Extinguisher Technician","Fire Safety USA","United States","","",jobspy_indeed,https://www.indeed.com/viewjob?jk=fe6ae1fea5b9a709,"","2026-03-09"
0,"","Technician - Ford Trucks","Suncoast Speed & Off-Road","United States","","",jobspy_indeed,https://www.indeed.com/viewjob?jk=3a2f10c3ed64ae2a,"","2026-03-09"
0,"","Maintenance Technician/Certified Pool Operator","Greensboro County Club","United States","","",jobspy_indeed,https://www.indeed.com/viewjob?jk=ea102eb91d6ac224,"","2026-03-09"
0,"","Experienced Irrigation Service Technician","Warner's Outdoor Solutions","United States","","$25 - $35 (hourly)",jobspy_indeed,https://www.indeed.com/viewjob?jk=700009040097a8ed,"","2026-03-09"
0,"","Maintenance Technician","Quality Inn Carrier Circle","United States","","$19 - $22 (hourly)",jobspy_indeed,https://www.indeed.com/viewjob?jk=b7110c6a67c54b7d,"","2026-03-09"
0,"","Facilities Technician","GGP","United States","","",jobspy_indeed,https://www.indeed.com/viewjob?jk=21c2909b862cb1d1,"","2026-03-09"
0,"","Full Time Maintenance Technician","Excellence Assisted Living Facility","United States","","",jobspy_indeed,https://www.indeed.com/viewjob?jk=4196e694e7e1b781,"","2026-03-09"
0,"","Lead Technician – Hitch, Towing & Trailer Repair","Handyman Vehicle Outfitters","United States","","$22 - $28 (hourly)",jobspy_indeed,https://www.indeed.com/viewjob?jk=8e3bc1d191d70ded,"","2026-03-09"
0,"","Residential Maintenance Technician - Entry Level","Balfour Beatty","United States","","",jobspy_indeed,https://www.indeed.com/viewjob?jk=f246b31efe5a79b0,"","2026-03-09"
0,"","Seeding, Aeration and Pest Control Specialist","nan","United States","","$22 - $24 (hourly)",jobspy_indeed,https://www.indeed.com/viewjob?jk=a70988894175dd2e,"","2026-03-09"
0,"","Maintenance Technician","SVR Asset Group","United States","","",jobspy_indeed,https://www.indeed.com/viewjob?jk=f88e5e1bdffead30,"","2026-03-09"
0,"","Facilities Technician","WinnaVegas Casino Resort","United States","","$16 - $23 (hourly)",jobspy_indeed,https://www.indeed.com/viewjob?jk=7d7d7737bfbde95a,"","2026-03-09"
0,"","BAS Control Installation Tech II","Liberty University","United States","","",jobspy_indeed,https://www.indeed.com/viewjob?jk=2b8397367364c784,"","2026-03-09"
0,"","Automotive Electrical Technician: RV / Vans","Remote Vans","United States","","$20 - $27 (hourly)",jobspy_indeed,https://www.indeed.com/viewjob?jk=59e61c1b372ea8cc,"","2026-03-09"
0,"","Electrical Journeyman","Accelevation LLC","United States","","$32 - $45 (hourly)",jobspy_indeed,https://www.indeed.com/viewjob?jk=d88bc9c2afbc1c71,"","2026-03-09"
0,"","Fire and Security Technician","Area Energy & Electric, Inc.","United States","","$28 - $40 (hourly)",jobspy_indeed,https://www.indeed.com/viewjob?jk=50984fe1933f55a4,"","2026-03-09"
0,"","Chiller Technician","Vantage Data Centers","United States","","",jobspy_indeed,https://www.indeed.com/viewjob?jk=1d77cb7b9c34489e,"","2026-03-09"
0,"","Landscape Construction and Maintenance","Trademark Landscape Group, Inc.","United States","","$16 - $18 (hourly)",jobspy_indeed,https://www.indeed.com/viewjob?jk=d86dca460daac979,"","2026-03-09"
0,"","Avionics Technician - KC-130J Program - Kuwait City, Kuwait","V2X","United States","","",jobspy_indeed,https://www.indeed.com/viewjob?jk=253193f6b6060bc9,"","2026-03-09"
0,"","Maintenance Technician","Waterstone Properties Group","Remote","","$30 - $38 (hourly)",jobspy_indeed,https://www.indeed.com/viewjob?jk=71d3a7403d8364ff,"","2026-03-05"
0,"","General Maintenance Technician II - 2nd Shift","Amentum","Remote","","$20 - $23 (hourly)",jobspy_indeed,https://www.indeed.com/viewjob?jk=353106c2d0b29667,"","2026-03-04"
0,"","Software Engineer I - AI","Chamberlain Group","Chicago, Illinois","","$53,200 - $100,525 (yearly)",jobspy_indeed,https://www.indeed.com/viewjob?jk=447bcc67f82fc3e7,"","2026-03-08"
0,"","Manager - Lean Performance","G&W Electric Company","Chicago, Illinois","","$111,828 - $148,113 (yearly)",jobspy_indeed,https://www.indeed.com/viewjob?jk=2ade6f212d6ca475,"","2026-03-07"
0,"","Electrical Engineering Manager","G&W Electric Company","Chicago, Illinois","","$111,828 - $160,000 (yearly)",jobspy_indeed,https://www.indeed.com/viewjob?jk=6ae30813d843f0ea,"","2026-03-05"
0,"","Senior Design Engineer - Electronic Securirty","Diversified","Chicago, Illinois","","$122,600 - $165,900 (yearly)",jobspy_indeed,https://www.indeed.com/viewjob?jk=adc8dba3b7365292,"","2026-03-06"
0,"","IT DevOps Engineer II","Paradigm Corp","Chicago, Illinois","","$100,000 - $120,000 (yearly)",jobspy_indeed,https://www.indeed.com/viewjob?jk=cabd511ac6cdf429,"","2026-03-06"
0,"","Product Engineer","NOCD","Chicago, Illinois","","",jobspy_indeed,https://www.indeed.com/viewjob?jk=0b9df694e2897d91,"","2026-03-06"
0,"","Staff Backend Developer","TouchTunes","Chicago, Illinois","","",jobspy_indeed,https://www.indeed.com/viewjob?jk=6130bddaf218999a,"","2026-03-06"
0,"","Support Software Engineer II (Remote)","Inspira Financial","Chicago, Illinois","","",jobspy_indeed,https://www.indeed.com/viewjob?jk=07b52fae0de3df70,"","2026-03-06"
0,"","Electrical Project Engineer II - Sustaining","G&W Electric Company","Chicago, Illinois","","$85,000 - $97,193 (yearly)",jobspy_indeed,https://www.indeed.com/viewjob?jk=414c00c74c3bac22,"","2026-03-05"
0,"","VDC Manager","Power Construction","Chicago, Illinois","","$90,000 - $150,000 (yearly)",jobspy_indeed,https://www.indeed.com/viewjob?jk=065f10944e3eb8ff,"","2026-03-05"
0,"","Security Solutions Design Estimator","Allied Universal Technology Services","Chicago, Illinois","","$80,000 - $90,000 (yearly)",jobspy_indeed,https://www.indeed.com/viewjob?jk=728854b80e5c250a,"","2026-03-05"
0,"","Product Designer - Senior","Wi-Tronix","Chicago, Illinois","","$107,000 - $143,000 (yearly)",jobspy_indeed,https://www.indeed.com/viewjob?jk=add6f3ce90082935,"","2026-03-05"
0,"","Senior Advanced Software Engineer","Light & Wonder","Chicago, Illinois","","",jobspy_indeed,https://www.indeed.com/viewjob?jk=676721a11bd39bb9,"","2026-03-05"
0,"","(USA) Technician, Low Voltage","Walmart","Chicago, Illinois","","$26 - $51 (hourly)",jobspy_indeed,https://www.indeed.com/viewjob?jk=76c19188ef2aee4c,"","2026-03-05"
0,"","Industrial Engineer II","G&W Electric Company","Chicago, Illinois","","$82,000 - $97,193 (yearly)",jobspy_indeed,https://www.indeed.com/viewjob?jk=ff7e7b2c5fd034bf,"","2026-03-05"
0,"","Sr. Cloud Engineer (Remote)","Inspira Financial","Chicago, Illinois","","$107,000 - $137,000 (yearly)",jobspy_indeed,https://www.indeed.com/viewjob?jk=fca7eae9961921ff,"","2026-02-26"
0,"","Lead Platform Software Engineer (Remote)","Inspira Financial","Chicago, Illinois","","$165,000 - $184,000 (yearly)",jobspy_indeed,https://www.indeed.com/viewjob?jk=00cbf68f8e16f251,"","2026-02-25"
0,"","Sr. Security Engineer (Customer Identity) (Remote)","Inspira Financial","Chicago, Illinois","","$106,000 - $134,000 (yearly)",jobspy_indeed,https://www.indeed.com/viewjob?jk=58331e712ca38c5b,"","2026-02-24"
0,"","Software Engineer II (Remote)","Inspira Financial","Chicago, Illinois","","$91,000 - $111,000 (yearly)",jobspy_indeed,https://www.indeed.com/viewjob?jk=c9557af12a755def,"","2026-02-24"
0,"","Sr. Platform Mobile Engineer (Remote)","Inspira Financial","Chicago, Illinois","","$120,000 - $145,000 (yearly)",jobspy_indeed,https://www.indeed.com/viewjob?jk=7435341f414f0f52,"","2026-01-26"
0,"","Sr. Platform Software Engineer (Remote)","Inspira Financial","Chicago, Illinois","","$140,000 - $160,000 (yearly)",jobspy_indeed,https://www.indeed.com/viewjob?jk=ec9e877afa170c78,"","2026-01-20"
0,"","Product Manager I, Ads Optimization","Google","New York, New York","","$138,000 - $198,000 (yearly)",jobspy_indeed,https://www.indeed.com/viewjob?jk=204491d6acf909fd,"","2026-03-09"
0,"","Senior UX Writer and Content Designer, YouTube Ads","Youtube","New York, New York","","$144,000 - $211,000 (yearly)",jobspy_indeed,https://www.indeed.com/viewjob?jk=58a92a2dbde96d57,"","2026-03-09"
0,"","Product Manager, Google Docs","Google","New York, New York","","$163,000 - $239,000 (yearly)",jobspy_indeed,https://www.indeed.com/viewjob?jk=ae391410d03e8b1e,"","2026-03-09"
0,"","Senior Software Engineer 2","The Farmer's Dog","New York, New York","","$205,000 - $240,000 (yearly)",jobspy_indeed,https://www.indeed.com/viewjob?jk=e157326cae1bbc64,"","2026-03-08"
0,"","Analytics Implementation Engineer Intern (Summer 2026 - In-Person - NYC)","Paramount","New York, New York","","",jobspy_indeed,https://www.indeed.com/viewjob?jk=03b152f23cdc8fa9,"","2026-03-07"
0,"","Research Intern on Generative and Protective AI for Content Creation","Sony","New York, New York","","",jobspy_indeed,https://www.indeed.com/viewjob?jk=79aa81c5e7f874e7,"","2026-03-06"
0,"","Buyer","KLA","New York, New York","","$81,500 - $138,600 (yearly)",jobspy_indeed,https://www.indeed.com/viewjob?jk=cc3a30b330b3fff6,"","2026-03-06"
0,"","Science Writer II","Thorlabs Inc","New York, New York","","",jobspy_indeed,https://www.indeed.com/viewjob?jk=6cf86e76ee0c1a3e,"","2026-03-06"
0,"","Senior Product Manager, NotebookLM, Core Product, Discovery","Google","New York, New York","","$192,000 - $285,000 (yearly)",jobspy_indeed,https://www.indeed.com/viewjob?jk=98c341036582f1de,"","2026-03-06"
0,"","Production Engineer","Chromalloy","New York, New York","","$98,015 - $128,646 (yearly)",jobspy_indeed,https://www.indeed.com/viewjob?jk=332c377d2e8a62b6,"","2026-03-06"
0,"","Product Designer - Senior Associate","JPMorganChase","New York, New York","","$114,000 - $165,000 (yearly)",jobspy_indeed,https://www.indeed.com/viewjob?jk=bf6899b595ae7efa,"","2026-03-06"
0,"","Director Telecommunications","LiveOnNY","New York, New York","","$129,000 - $162,000 (yearly)",jobspy_indeed,https://www.indeed.com/viewjob?jk=f3903bb2a9435db9,"","2026-03-05"
0,"","Senior Desktop Support Engineer","BBVA","New York, New York","","$100,000 - $110,000 (yearly)",jobspy_indeed,https://www.indeed.com/viewjob?jk=be91cee3ac1d6e0f,"","2026-03-05"
0,"","Lead Software Engineers","ADP","New York, New York","","$133,346 - $222,200 (yearly)",jobspy_indeed,https://www.indeed.com/viewjob?jk=0058ccd2a2607ff0,"","2026-03-05"
0,"","Territory Sales Manager (New York/New Jersey)","Noctrix Health","New York, New York","","$90,000 - $210,000 (yearly)",jobspy_indeed,https://www.indeed.com/viewjob?jk=fbfc4270b2c70e7f,"","2026-03-05"
0,"","Software Development Engineer, Account Management, Ads AI Core Infrastructure (ACI)","Amazon.com","New York, New York","","$158,100 - $213,800 (yearly)",jobspy_indeed,https://www.indeed.com/viewjob?jk=9842aa4fc556ee87,"","2026-02-27"
0,"","Senior Software Engineer","Bessemer Trust","New York, New York","","$110,000 - $180,000 (yearly)",jobspy_indeed,https://www.indeed.com/viewjob?jk=d03e2011d7cb9a6e,"","2026-02-20"
0,"","Senior Software Engineer, GenAI Infrastructure, Cloud AI","Google","San Francisco, California","","$174,000 - $255,000 (yearly)",jobspy_indeed,https://www.indeed.com/viewjob?jk=82f2bf1917d08b5a,"","2026-03-09"
0,"","Senior Software Engineer, Pixel Graphics and Video","Google","San Francisco, California","","$174,000 - $255,000 (yearly)",jobspy_indeed,https://www.indeed.com/viewjob?jk=1e678e572a8e5d7a,"","2026-03-09"
0,"","Senior Staff Data Scientist Manager, Ads Metrics","Google","San Francisco, California","","$262,000 - $369,000 (yearly)",jobspy_indeed,https://www.indeed.com/viewjob?jk=c64877d6e8e88f6b,"","2026-03-09"
0,"","Camera Firmware Engineer","Google","San Francisco, California","","$138,000 - $198,000 (yearly)",jobspy_indeed,https://www.indeed.com/viewjob?jk=05444d68c43a72b2,"","2026-03-09"
0,"","Senior Technical Program Manager, AdSpam","Google","San Francisco, California","","$192,000 - $285,000 (yearly)",jobspy_indeed,https://www.indeed.com/viewjob?jk=9d43055d986587c9,"","2026-03-09"
0,"","Senior UX Writer and Content Designer, YouTube Ads","Youtube","San Francisco, California","","$144,000 - $211,000 (yearly)",jobspy_indeed,https://www.indeed.com/viewjob?jk=9be0cd1eebd41866,"","2026-03-09"
0,"","GTM Engineer","Netic","San Francisco, California","","",jobspy_indeed,https://www.indeed.com/viewjob?jk=e26354d6ee1137b5,"","2026-03-08"
0,"","Core OS - Display Device Driver SW Engineer","Apple","San Francisco, California","","$147,400 - $220,900 (yearly)",jobspy_indeed,https://www.indeed.com/viewjob?jk=6c2b4f4804c7b20c,"","2026-03-07"
0,"","Software Engineer - Data","Apple","San Francisco, California","","$147,400 - $272,100 (yearly)",jobspy_indeed,https://www.indeed.com/viewjob?jk=d493b1a0cb6ae4cd,"","2026-03-07"
0,"","System Software Performance Engineer, Home Platform","Apple","San Francisco, California","","$147,400 - $272,100 (yearly)",jobspy_indeed,https://www.indeed.com/viewjob?jk=00d1a2ed43f5266e,"","2026-03-07"
0,"","Sr. Machine Learning Infrastructure Engineer, Evaluation","Apple","San Francisco, California","","$181,100 - $272,100 (yearly)",jobspy_indeed,https://www.indeed.com/viewjob?jk=13e077f623fffaa1,"","2026-03-07"
0,"","2026 Ann Fitzgerald Flemer College Mentorship Program (Internship)","Metropolitan Transportation Commission","San Francisco, California","","$27 - $31 (hourly)",jobspy_indeed,https://www.indeed.com/viewjob?jk=5d8a80c448092c0c,"","2026-03-06"
0,"","Applied Scientist 3","Adobe","San Francisco, California","","$120,700 - $238,600 (yearly)",jobspy_indeed,https://www.indeed.com/viewjob?jk=7219990ab3513802,"","2026-03-06"
0,"","Software Engineer (C++, OOD/OOP, Linux)","KLA","San Francisco, California","","$136,300 - $231,700 (yearly)",jobspy_indeed,https://www.indeed.com/viewjob?jk=bde419ae7c2b4f8e,"","2026-03-06"
0,"","Senior Software Engineer, CUDA UMD - Graphs and GPU Sharing","NVIDIA","San Francisco, California","","$184,000 - $356,500 (yearly)",jobspy_indeed,https://www.indeed.com/viewjob?jk=59e3bef60ef13596,"","2026-03-06"
0,"","AI Growth Engineer","OpusClip","San Francisco, California","","",jobspy_indeed,https://www.indeed.com/viewjob?jk=0ca33bc70909440a,"","2026-03-06"
0,"","Engineering Manager, Data Platform","Discord","San Francisco, California","","$248,000 - $279,000 (yearly)",jobspy_indeed,https://www.indeed.com/viewjob?jk=adfbf29baad507c7,"","2026-03-06"
0,"","Senior Software Engineer, Machine Learning (Commerce)","Discord","San Francisco, California","","$220,000 - $247,500 (yearly)",jobspy_indeed,https://www.indeed.com/viewjob?jk=c7b702cf81654bd0,"","2026-03-06"
0,"","Technical Support Analyst","Pillsbury Winthrop Shaw Pittman","San Francisco, California","","$75,000 - $90,000 (yearly)",jobspy_indeed,https://www.indeed.com/viewjob?jk=5fc86754a42915d8,"","2026-03-06"
0,"","Senior Software Engineer, Salesforce Platform","Verkada","San Francisco, California","","$130,000 - $280,000 (yearly)",jobspy_indeed,https://www.indeed.com/viewjob?jk=5f2c06fff5ac84a1,"","2026-03-06"
0,"","Technical Sales and Field Service Engineer","CaptiveAire","San Francisco, California","","$70,000 - $100,000 (yearly)",jobspy_indeed,https://www.indeed.com/viewjob?jk=b4a9c8d8b725b8ec,"","2026-03-06"
0,"","Senior Software Engineer - Content Understanding (ML/AI)","Roblox","San Francisco, California","","$196,750 - $243,290 (yearly)",jobspy_indeed,https://www.indeed.com/viewjob?jk=181db8286907af1e,"","2026-03-06"
0,"","Software Development Engineer - Robotics, Frontier AI Robotics","Amazon.com","San Francisco, California","","$193,300 - $261,500 (yearly)",jobspy_indeed,https://www.indeed.com/viewjob?jk=a43edbe42e8dc2be,"","2026-02-17"
0,"","Research Engineer Graduate (AI Training Systems & RL Infrastructure - Seed Infra) - 2026 Start (PhD)","ByteDance","Seattle, Washington","","$177,688 - $341,734 (yearly)",jobspy_indeed,https://www.indeed.com/viewjob?jk=29154f7ceaa2c7e3,"","2026-03-09"
0,"","AIML - Sr Machine Learning Engineer, Data and ML Innovation","Apple","Seattle, Washington","","$171,600 - $302,200 (yearly)",jobspy_indeed,https://www.indeed.com/viewjob?jk=7ee198fc08160bf2,"","2026-03-08"
0,"","Senior Security Design Engineer","Strategic Mission Critical","Seattle, Washington","","$125,000 - $200,000 (yearly)",jobspy_indeed,https://www.indeed.com/viewjob?jk=4a2598be819f233e,"","2026-03-08"
0,"","Security Design Engineer","Strategic Mission Critical","Seattle, Washington","","$75,000 - $125,000 (yearly)",jobspy_indeed,https://www.indeed.com/viewjob?jk=70f189927084a41b,"","2026-03-08"
0,"","Senior System Architect","Verathon","Seattle, Washington","","$162,096 - $187,000 (yearly)",jobspy_indeed,https://www.indeed.com/viewjob?jk=16a19d048466b81a,"","2026-03-06"
0,"","Security Network Engineer","Verathon","Seattle, Washington","","$140,000 - $164,742 (yearly)",jobspy_indeed,https://www.indeed.com/viewjob?jk=a9403a76f2d79659,"","2026-03-06"
0,"","After Effects Software Quality Engineer","Adobe","Seattle, Washington","","$113,400 - $206,275 (yearly)",jobspy_indeed,https://www.indeed.com/viewjob?jk=8f7d3db0108a3aa1,"","2026-03-06"
0,"","Applied Scientist, Prime Video - Playback Intelligence","Amazon.com","Seattle, Washington","","$142,800 - $193,200 (yearly)",jobspy_indeed,https://www.indeed.com/viewjob?jk=005148ac796291a1,"","2026-03-06"
0,"","Sr. SDE, Machine Learning, Prime Video Personalization and Discovery","Amazon.com","Seattle, Washington","","$168,100 - $227,400 (yearly)",jobspy_indeed,https://www.indeed.com/viewjob?jk=e73a71b7d1c7baef,"","2026-03-05"
0,"","Senior Software Development Engineer, Prime Video Intelligence","Amazon.com","Seattle, Washington","","$168,100 - $227,400 (yearly)",jobspy_indeed,https://www.indeed.com/viewjob?jk=3b44df17abac3696,"","2026-03-03"
0,"","Senior Specialist, Systems Engineering","L3Harris","Seattle, Washington","","$106,500 - $197,500 (yearly)",jobspy_indeed,https://www.indeed.com/viewjob?jk=973e1ac7bc78909e,"","2026-03-05"
0,"","System Integration Engineer I","Astronics","Seattle, Washington","","$72,430 - $80,645 (yearly)",jobspy_indeed,https://www.indeed.com/viewjob?jk=a62b0d7cd336756b,"","2026-03-05"
0,"","Software Development Engineer in Test - User Experience","TikTok","Seattle, Washington","","$116,280 - $191,520 (yearly)",jobspy_indeed,https://www.indeed.com/viewjob?jk=03b6aee18a16fbe1,"","2026-03-05"
0,"","Senior Software Engineer, Vehicle Management Systems (Flight Software)","Anduril","Seattle, Washington","","$191,000 - $253,000 (yearly)",jobspy_indeed,https://www.indeed.com/viewjob?jk=3205230c036fe0db,"","2026-03-05"
0,"","Senior Satellite Operations Engineer","Xplore Inc.","Seattle, Washington","","",jobspy_indeed,https://www.indeed.com/viewjob?jk=0d32b1915d4b5f88,"","2026-03-05"
0,"","Principal Product Manager - Tech, Global Application Experience - Mobile","Amazon.com","Seattle, Washington","","$179,900 - $243,400 (yearly)",jobspy_indeed,https://www.indeed.com/viewjob?jk=d1e58e49569a71a0,"","2026-03-04"
0,"","Principal Product Manager - Tech, Personalization and Monetization, Prime Video Personalization & Discovery","Amazon.com","Seattle, Washington","","$179,900 - $243,400 (yearly)",jobspy_indeed,https://www.indeed.com/viewjob?jk=f3f216801a5f342c,"","2026-03-02"
0,"","Construction Inspector","City of Tacoma","Seattle, Washington","","$43 - $55 (hourly)",jobspy_indeed,https://www.indeed.com/viewjob?jk=4d8dd194cc2e12ff,"","2026-03-04"
0,"","Tech Lead-Machine Learning Engineer (Agent & Multi-Agent Systems) – AIGC Risk Intelligence","TikTok","Seattle, Washington","","$198,360 - $416,100 (yearly)",jobspy_indeed,https://www.indeed.com/viewjob?jk=90cfc6981108bda6,"","2026-03-04"
0,"","Senior Software Engineer, AI/ML, Audience Modeling, YouTube Ads","Youtube","Seattle, Washington","","$174,000 - $255,000 (yearly)",jobspy_indeed,https://www.indeed.com/viewjob?jk=7440a9647b0605a7,"","2026-03-04"
0,"","Software Engineer Security","Microsoft","Seattle, Washington","","$84,200 - $180,400 (yearly)",jobspy_indeed,https://www.indeed.com/viewjob?jk=66ee6938ead63e39,"","2026-02-27"
0,"","Network Services","Odyssey Systems Consulting Group","Boston, Massachusetts","","$115,000 - $125,000 (yearly)",jobspy_indeed,https://www.indeed.com/viewjob?jk=23182879d8ea55e3,"","2026-03-06"
0,"","Network Services","Odyssey Consulting","Boston, Massachusetts","","$115,000 - $125,000 (yearly)",jobspy_indeed,https://www.indeed.com/viewjob?jk=30f5ada871cc9599,"","2026-03-06"
0,"","Mechanical Engineering Intern","Boston Dynamics","Boston, Massachusetts","","$30 - $45 (hourly)",jobspy_indeed,https://www.indeed.com/viewjob?jk=a0e8188ba953e192,"","2026-03-06"
0,"","Mechanical Engineering Co-Op","Boston Dynamics","Boston, Massachusetts","","$30 - $45 (hourly)",jobspy_indeed,https://www.indeed.com/viewjob?jk=35dad7e13a6d36ca,"","2026-03-06"
0,"","Sr. IAM Engineer (Identity Governance and Administration)","nan","Boston, Massachusetts","","$93,953 - $136,739 (yearly)",jobspy_indeed,https://www.indeed.com/viewjob?jk=1210e291b09c4afc,"","2026-03-06"
0,"","Marketing Manager","Watson Marlow Fluid Technology Solutions","Boston, Massachusetts","","$101,166 - $151,749 (yearly)",jobspy_indeed,https://www.indeed.com/viewjob?jk=037f1e2023773212,"","2026-03-05"
0,"","Senior Java Full Stack Engineer","CGI","Boston, Massachusetts","","$89,600 - $156,700 (yearly)",jobspy_indeed,https://www.indeed.com/viewjob?jk=7a112ff0ede66e06,"","2026-03-05"
0,"","Senior Software Engineer, Android, Google Photos","Google","Boston, Massachusetts","","$174,000 - $255,000 (yearly)",jobspy_indeed,https://www.indeed.com/viewjob?jk=25bed2955300de75,"","2026-03-05"
0,"","Senior Systems Analyst","CGI","Boston, Massachusetts","","$87,600 - $153,300 (yearly)",jobspy_indeed,https://www.indeed.com/viewjob?jk=17c3c3b7fe115fdc,"","2026-03-05"
0,"","Network Consultant","Oram Cybersecurity Advisors","Boston, Massachusetts","","$55,000 - $85,000 (yearly)",jobspy_indeed,https://www.indeed.com/viewjob?jk=a334bc13438c76b6,"","2026-03-04"
0,"","Systems Engineer II","nan","Boston, Massachusetts","","$75,275 - $109,553 (yearly)",jobspy_indeed,https://www.indeed.com/viewjob?jk=e8f4517bc1f821a2,"","2026-03-04"
0,"","Electrical Engineer","MIT Lincoln Laboratory","Boston, Massachusetts","","$116,400 - $182,200 (yearly)",jobspy_indeed,https://www.indeed.com/viewjob?jk=f529b51bccd356ff,"","2026-03-04"
0,"","Electrical Engineering Co-Op - Atlas","Boston Dynamics","Boston, Massachusetts","","$30 - $35 (hourly)",jobspy_indeed,https://www.indeed.com/viewjob?jk=b0f8e6e1423bfde9,"","2026-03-04"
0,"","Quality Engineer","Straumann Group","Boston, Massachusetts","","$77,400 - $94,710 (yearly)",jobspy_indeed,https://www.indeed.com/viewjob?jk=7364f4281146c811,"","2026-03-04"
0,"","Senior Specialist Digital Marketing","Analog Devices","Boston, Massachusetts","","$110,385 - $151,808 (yearly)",jobspy_indeed,https://www.indeed.com/viewjob?jk=f78e968524608ff1,"","2026-03-03"
0,"","General Interest - Internship","VENUES","Los Angeles, California","","",jobspy_indeed,https://www.indeed.com/viewjob?jk=d37efc4d7e3b5764,"","2026-03-09"
0,"","Junior Game Engineer Intern (Summer 2026 - In-Person - LA/NY)","Paramount","Los Angeles, California","","",jobspy_indeed,https://www.indeed.com/viewjob?jk=15d5d29094e92532,"","2026-03-08"
0,"","Fabrication & Test Technician – Mechanical Testing","Cambium Biomaterials","Los Angeles, California","","$24 - $37 (hourly)",jobspy_indeed,https://www.indeed.com/viewjob?jk=2dc101d30027eedd,"","2026-03-06"
0,"","Senior Systems Engineer","Streamland Media","Los Angeles, California","","",jobspy_indeed,https://www.indeed.com/viewjob?jk=03c8c72ef4f20d64,"","2026-03-06"
0,"","Senior Technical Product Manager","2K Games","Los Angeles, California","","$120,600 - $178,500 (yearly)",jobspy_indeed,https://www.indeed.com/viewjob?jk=246e6f9437c19564,"","2026-03-06"
0,"","Engineer, Enterprise Data","DrinkPak","Los Angeles, California","","$95,000 - $125,000 (yearly)",jobspy_indeed,https://www.indeed.com/viewjob?jk=60f99d79888469ae,"","2026-03-06"
0,"","Maintenance Mechanic","Vons","Los Angeles, California","","",jobspy_indeed,https://www.indeed.com/viewjob?jk=7c10df6541127422,"","2026-03-06"
0,"","Senior Software Engineer, UI | WoW Classic | Irvine, CA","Blizzard Entertainment","Los Angeles, California","","$101,000 - $186,754 (yearly)",jobspy_indeed,https://www.indeed.com/viewjob?jk=4278c38a688f083a,"","2026-03-06"
0,"","Senior Electrical / Electronics Engineer","TRL11","Los Angeles, California","","",jobspy_indeed,https://www.indeed.com/viewjob?jk=b5ab3863b205f631,"","2026-03-06"
0,"","Driver/Team Assistant","Kett Engineering","Los Angeles, California","","",jobspy_indeed,https://www.indeed.com/viewjob?jk=560943cc8c326233,"","2026-03-06"
0,"","Configuration & Infrastructure Network Engineer","IMRI Technology & Engineering Solutions","Los Angeles, California","","$70,000 - $71,000 (yearly)",jobspy_indeed,https://www.indeed.com/viewjob?jk=e9ef1375426c55cc,"","2026-03-05"
0,"","SENIOR MANAGER, PROJECT CONTROL (RAIL ROLLING STOCKS/VEHICLES EXPERIENCE)","Los Angeles County Metropolitan Transportation Authority","Los Angeles, California","","$114,816 - $172,224 (yearly)",jobspy_indeed,https://www.indeed.com/viewjob?jk=d24dea422a2aa827,"","2026-03-05"
0,"","Customer Success Lead - India","Elevenlabs","Los Angeles, California","","",jobspy_indeed,https://www.indeed.com/viewjob?jk=a389719a9523554d,"","2026-03-05"
0,"","Principal Instrumentation Range & Infrastructure Engineer","Anduril","Los Angeles, California","","$220,000 - $292,000 (yearly)",jobspy_indeed,https://www.indeed.com/viewjob?jk=572cac5e6049cfa8,"","2026-03-05"
0,"","Staff Instrumentation Range & Infrastructure Engineer","Anduril","Los Angeles, California","","$166,000 - $220,000 (yearly)",jobspy_indeed,https://www.indeed.com/viewjob?jk=de7dc9b901760bcd,"","2026-03-05"
0,"","Database Engineer","California Institute of Technology","Los Angeles, California","","$80,000 - $115,000 (yearly)",jobspy_indeed,https://www.indeed.com/viewjob?jk=93b95730dd398435,"","2026-03-05"
0,"","Staff Software Engineer, AI/ML, Customer Engagement","Google","Los Angeles, California","","$207,000 - $307,000 (yearly)",jobspy_indeed,https://www.indeed.com/viewjob?jk=1df68e20d8806e95,"","2026-03-05"
0,"","Sr. Manager, Studios Analytics, Prime Video Finance","Amazon.com","Los Angeles, California","","$170,600 - $230,800 (yearly)",jobspy_indeed,https://www.indeed.com/viewjob?jk=37963b536c2a1fc8,"","2026-03-03"
0,"","Senior Design Engineer - Electronic Securirty","Diversified","Washington, DC","","",jobspy_indeed,https://www.indeed.com/viewjob?jk=2e6c7b0eb1640fb9,"","2026-03-06"
0,"","Network Engineer","Leidos","Washington, DC","","$131,300 - $237,350 (yearly)",jobspy_indeed,https://www.indeed.com/viewjob?jk=ae860d564ed25d41,"","2026-03-06"
0,"","Staff Software Engineer - AI Focus","Alarm.com","Washington, DC","","",jobspy_indeed,https://www.indeed.com/viewjob?jk=726d88f367760a00,"","2026-03-05"
0,"","DSCA Enterprise Architect 4","HII","Washington, DC","","$136,129 - $160,000 (yearly)",jobspy_indeed,https://www.indeed.com/viewjob?jk=f00d8faa781a944e,"","2026-03-06"
0,"","DSCA Project Management Analyst 3","HII","Washington, DC","","$89,601 - $105,000 (yearly)",jobspy_indeed,https://www.indeed.com/viewjob?jk=39f6425569988c0a,"","2026-03-06"
0,"","Intern - Video Production","Mettler-Toledo","Washington, DC","","$21 - $23 (hourly)",jobspy_indeed,https://www.indeed.com/viewjob?jk=5307cc081b172820,"","2026-03-06"
0,"","Lead Graphic Artist and User Experience (UX) Designer","STR","Washington, DC","","$157,000 - $223,000 (yearly)",jobspy_indeed,https://www.indeed.com/viewjob?jk=ed24f046d8495ffb,"","2026-03-06"
0,"","Senior Unified Communications Engineer","Virginia Tech Applied Research Corporation","Washington, DC","","",jobspy_indeed,https://www.indeed.com/viewjob?jk=98a3e770ea82118e,"","2026-03-06"
0,"","Product Manager","University of Maryland Medical System","Washington, DC","","",jobspy_indeed,https://www.indeed.com/viewjob?jk=d0d5117b7d90e8f7,"","2026-03-06"
0,"","Hybrid SCRM Intelligence Analyst (Intelligence Analyst 3)","HII","Washington, DC","","$87,772 - $125,000 (yearly)",jobspy_indeed,https://www.indeed.com/viewjob?jk=fcea0d3186b15841,"","2026-03-06"
0,"","Senior Systems Engineer (Linux/Cloud)","BAE Systems USA","Washington, DC","","$130,355 - $221,603 (yearly)",jobspy_indeed,https://www.indeed.com/viewjob?jk=8925016e3ef9224a,"","2026-03-05"
0,"","Software Developer - TS/SCI","Parsons","Washington, DC","","$103,500 - $181,100 (yearly)",jobspy_indeed,https://www.indeed.com/viewjob?jk=14986b2352974001,"","2026-03-05"
0,"","MANASSAS, VA TRAIN CONDUCTOR","Norfolk Southern","Washington, DC","","$94,000 - $100,000 (yearly)",jobspy_indeed,https://www.indeed.com/viewjob?jk=2b2d74898a750ecd,"","2026-03-05"
0,"","Mid-Engineering Technician - (90% Travel)","Serco","Washington, DC","","",jobspy_indeed,https://www.indeed.com/viewjob?jk=b5db6afc2e6b06de,"","2026-03-05"
0,"","Assistant Project Manager / Project Engineer (Job number: 1487)","Johnson Controls","Washington, DC","","$70,000 - $80,000 (yearly)",jobspy_indeed,https://www.indeed.com/viewjob?jk=c074de9498d4de3d,"","2026-03-05"
0,"","Sr. ETL/SQL Engineer","Capgemini Government Solutions","Washington, DC","","$110,000 - $150,000 (yearly)",jobspy_indeed,https://www.indeed.com/viewjob?jk=724ffe7f1d3da135,"","2026-03-05"
0,"","Senior QA Performance Engineer (Remote)","WebstaurantStore","United States","","",jobspy_indeed,https://www.indeed.com/viewjob?jk=0e68756da868d127,"","2026-03-09"
0,"","C# .NET Engineer – Specialty Channel Team (Remote)","WebstaurantStore","United States","","",jobspy_indeed,https://www.indeed.com/viewjob?jk=b7a5e34e1dcf5561,"","2026-03-09"
0,"","Senior Software Engineer, Pixel Graphics and Video","Google","United States","","$174,000 - $255,000 (yearly)",jobspy_indeed,https://www.indeed.com/viewjob?jk=72b8fbd004810810,"","2026-03-09"
0,"","Construction Sales Representative","O&W Communications","United States","","",jobspy_indeed,https://www.indeed.com/viewjob?jk=132a604f955ab98d,"","2026-03-09"
0,"","Low Voltage Technician/Inspector","Communications Engineering Company","United States","","$18 - $28 (hourly)",jobspy_indeed,https://www.indeed.com/viewjob?jk=97dcf2664bcd780d,"","2026-03-09"
0,"","Salesforce Developer","Coterie Insurance","United States","","",jobspy_indeed,https://www.indeed.com/viewjob?jk=07d6171e692d3934,"","2026-03-09"
0,"","WELDER/STRUCTURE (CERTIFICATION REQUIRED)","HII","United States","","",jobspy_indeed,https://www.indeed.com/viewjob?jk=744eb58618bf79e3,"","2026-03-09"
0,"","NETWORK COMMUNICATIONS 3","HII","United States","","",jobspy_indeed,https://www.indeed.com/viewjob?jk=b80c5be7ca03688d,"","2026-03-09"
0,"","Telecommunication Technician Level 4 - Houston, TX","Alamon","United States","","$31 - $35 (hourly)",jobspy_indeed,https://www.indeed.com/viewjob?jk=4a8f0f02ff58d550,"","2026-03-09"
0,"","Software Engineer, Database Developer (Experienced or Senior)","Dhara Consulting Group","United States","","$126,650 - $171,350 (yearly)",jobspy_indeed,https://www.indeed.com/viewjob?jk=fe47896b2fdba291,"","2026-03-09"
0,"","Quality Assurance Analyst","MIND EDUCATION","United States","","$75,000 - $82,000 (yearly)",jobspy_indeed,https://www.indeed.com/viewjob?jk=b77f9578295e971c,"","2026-03-08"
0,"","Senior Mechanical (Contract / Remote)","Rabbit Product Design Inc","Remote","","$50 - $100 (hourly)",jobspy_indeed,https://www.indeed.com/viewjob?jk=4947a6ceb7db748f,"","2026-03-09"
0,"","Developer Relations Engineer East Coast (Remote)","Applitools","Remote","","",jobspy_indeed,https://www.indeed.com/viewjob?jk=e0f0e546eb0c36f6,"","2026-03-07"
0,"","Fractional CFO, Controller or Analyst","Weekly Accounting","Remote","","$60,000 - $200,000 (yearly)",jobspy_indeed,https://www.indeed.com/viewjob?jk=405e32469af29e2e,"","2026-03-07"
0,"","Senior Software Engineer","PartnerCo","Remote","","",jobspy_indeed,https://www.indeed.com/viewjob?jk=0545991ebbdd6454,"","2026-03-07"
0,"","Developer with React/Redux","GovCIO","Remote","","$100,000 - $110,000 (yearly)",jobspy_indeed,https://www.indeed.com/viewjob?jk=a80091eeda575949,"","2026-03-06"
0,"","Senior Design Engineer - Electronic Securirty","Diversified","Remote","","",jobspy_indeed,https://www.indeed.com/viewjob?jk=e4c9fe87c6cd1840,"","2026-03-06"
0,"","Senior Commissioning Engineer - Electronic Security","Diversified","Remote","","$50 - $68 (hourly)",jobspy_indeed,https://www.indeed.com/viewjob?jk=e6d4d73cf8cbc1ae,"","2026-03-06"
0,"","IT DevOps Engineer II","Paradigm Corp","Remote","","$100,000 - $120,000 (yearly)",jobspy_indeed,https://www.indeed.com/viewjob?jk=dc8a62c23dac1380,"","2026-03-06"
0,"","Healthcare Software Support Representative - Select (Remote - United States)","Nextech Systems","Remote","","",jobspy_indeed,https://www.indeed.com/viewjob?jk=e22cc8e01b82f491,"","2026-03-06"
0,"","Commercial Counsel","Harness","Remote","","$170,000 - $185,000 (yearly)",jobspy_indeed,https://www.indeed.com/viewjob?jk=713b46302e653402,"","2026-03-06"
0,"","Solutions Engineer","Pendulum Intelligence","Remote","","",jobspy_indeed,https://www.indeed.com/viewjob?jk=978586422c366c05,"","2026-03-06"
0,"","Senior Back-End Engineer, US Remote","Taxgpt","Remote","","$140,000 - $160,000 (yearly)",jobspy_indeed,https://www.indeed.com/viewjob?jk=27a8f6095fd8db18,"","2026-03-06"
0,"","Senior Product Designer, Developer Platform - Observability","Netflix","Remote","","",jobspy_indeed,https://www.indeed.com/viewjob?jk=da06f7061479d2a0,"","2026-03-06"
0,"","Technical Account Manager","Zoom Communications","Remote","","$97,600 - $225,700 (yearly)",jobspy_indeed,https://www.indeed.com/viewjob?jk=f8e7f78a27887974,"","2026-03-06"
0,"","Sr. Project Manager","ANC","Remote","","$60,000 - $110,000 (yearly)",jobspy_indeed,https://www.indeed.com/viewjob?jk=7661dd4ba8d105c2,"","2026-03-06"
0,"","Digital Strategy Editor","BNP Media","Remote","","$60,000 - $70,000 (yearly)",jobspy_indeed,https://www.indeed.com/viewjob?jk=51bfd73c4c93697c,"","2026-03-06"
0,"","Outside Sales Engineer","LRC Coil Co.","Remote","","$80,000 - $120,000 (yearly)",jobspy_indeed,https://www.indeed.com/viewjob?jk=0b17c21ee96f432a,"","2026-03-06"
0,"","IT Automation Engineer","GovCIO","Remote","","$94,150 - $150,000 (yearly)",jobspy_indeed,https://www.indeed.com/viewjob?jk=d5e3e4325c2a6705,"","2026-03-05"
0,"","Product Engineering Internship - Summer 2026","HealthEdge Software, Inc.","Remote","","",jobspy_indeed,https://www.indeed.com/viewjob?jk=14cf158df5b6c258,"","2026-03-05"
0,"","Senior Developer/DevSecOps Engineer","GovCIO","Remote","","$145,000 - $155,000 (yearly)",jobspy_indeed,https://www.indeed.com/viewjob?jk=fe1b575c45377aa8,"","2026-03-05"
0,"","Patient Care Technician - Inpatient Headache Unit - Per Diem - Days","Endeavor Health","Chicago, Illinois","","$18 - $27 (hourly)",jobspy_indeed,https://www.indeed.com/viewjob?jk=3395af68adcffc21,"","2026-03-08"
0,"","Shop Manager & Lead CNC Technician","Kieh Company","Chicago, Illinois","","$27 - $33 (hourly)",jobspy_indeed,https://www.indeed.com/viewjob?jk=f65ada72b2e0ae83,"","2026-03-07"
0,"","Coding Specialist II","Northwestern Medicine","Chicago, Illinois","","$25 - $36 (hourly)",jobspy_indeed,https://www.indeed.com/viewjob?jk=383bf16ee12f9f7c,"","2026-03-07"
0,"","Lead Medical Assistant-Multi Specialty Full Time Days","Northwestern Medicine","Chicago, Illinois","","$21 - $28 (hourly)",jobspy_indeed,https://www.indeed.com/viewjob?jk=a55c155f26e05ec8,"","2026-03-06"
0,"","Patient Care Tech Same Day Surgery Casual Rotating","Northwestern Medicine","Chicago, Illinois","","",jobspy_indeed,https://www.indeed.com/viewjob?jk=79414a4d9347fc05,"","2026-03-06"
0,"","Patient Care Technician-Medical ICU Full-Time Days","Northwestern Medicine","Chicago, Illinois","","$18 - $23 (hourly)",jobspy_indeed,https://www.indeed.com/viewjob?jk=032e6e0d9f60daa9,"","2026-03-06"
0,"","Patient Care Technician-Float Nursing Support Part-Time Nights","Northwestern Medicine","Chicago, Illinois","","$18 - $23 (hourly)",jobspy_indeed,https://www.indeed.com/viewjob?jk=69e6f2c46bbd555d,"","2026-03-05"
0,"","Administrative Tech Oncology Infusion Full-time","Northwestern Medicine","Chicago, Illinois","","$18 - $23 (hourly)",jobspy_indeed,https://www.indeed.com/viewjob?jk=82d82d7fa458cb74,"","2026-03-05"
0,"","Patient Care Technician Surgical Intermediate Care Full Time Nights","Northwestern Medicine","Chicago, Illinois","","$18 - $23 (hourly)",jobspy_indeed,https://www.indeed.com/viewjob?jk=243c7f4bd00e81d0,"","2026-03-05"
0,"","Registered Nurse-Labor and Delivery Full Time Nights","Northwestern Medicine","Chicago, Illinois","","$34 - $55 (hourly)",jobspy_indeed,https://www.indeed.com/viewjob?jk=216b3c8f59f4c87a,"","2026-03-06"
0,"","Associate Veterinarian at Bartlett Animal Hospital","Bartlett Animal Hospital","Chicago, Illinois","","$110,000 - $130,000 (yearly)",jobspy_indeed,https://www.indeed.com/viewjob?jk=003a7ad5ab4bf6c6,"","2026-03-06"
0,"","Associate Veterinarian at Companion Animal Hyde Park","nan","Chicago, Illinois","","$110,000 - $140,000 (yearly)",jobspy_indeed,https://www.indeed.com/viewjob?jk=a6a60e7707f2c837,"","2026-03-06"
0,"","Auto Body Technician","Crash Champions Collision Repair Team","Chicago, Illinois","","$65,000 - $175,140 (yearly)",jobspy_indeed,https://www.indeed.com/viewjob?jk=d2ebce90a8bf3cf9,"","2026-03-06"
0,"","Rehab Nurse Tech Stroke Unit Full Time Day 12 Hour Shfits","Northwestern Medicine","Chicago, Illinois","","$20 - $26 (hourly)",jobspy_indeed,https://www.indeed.com/viewjob?jk=c55e17db21d1bfec,"","2026-03-05"
0,"","Radiology Technician Assistant-Casual Rotating Shift","Northwestern Medicine","Chicago, Illinois","","$17 - $21 (hourly)",jobspy_indeed,https://www.indeed.com/viewjob?jk=3e9b4f0dfc2b0c55,"","2026-03-05"
0,"","Clinical Pharmacist PNE Rotating schedule","Northwestern Medicine","Chicago, Illinois","","$62 - $74 (hourly)",jobspy_indeed,https://www.indeed.com/viewjob?jk=6d1fbfe12c72e4c1,"","2026-03-05"
0,"","OR EVS Technician Full time Days","Northwestern Medicine","Chicago, Illinois","","$17 - $22 (hourly)",jobspy_indeed,https://www.indeed.com/viewjob?jk=e13017f067f3181f,"","2026-03-05"
0,"","Technical Planner - Aircraft Base Maintenance","United Airlines","Chicago, Illinois","","$73,150 - $95,224 (yearly)",jobspy_indeed,https://www.indeed.com/viewjob?jk=cfb1841e5a90002d,"","2026-03-05"
0,"","Landscape Technician","Midwest Groundcovers","Chicago, Illinois","","$18 - $20 (hourly)",jobspy_indeed,https://www.indeed.com/viewjob?jk=f51845927a5a5c1e,"","2026-03-05"
0,"","Injection Molding Maintenance Technologist","Ingersoll-Rand","Chicago, Illinois","","$25 - $35 (hourly)",jobspy_indeed,https://www.indeed.com/viewjob?jk=d792ec825bbd5739,"","2026-03-05"
0,"","Labor & Delivery Tech","Northwestern Medicine","Chicago, Illinois","","$24 - $35 (hourly)",jobspy_indeed,https://www.indeed.com/viewjob?jk=c5ba3c55abace924,"","2026-03-04"
0,"","ABA Therapist or RBT - Plainsboro, NJ","Behavioral Milestones","New York, New York","","$40 - $60 (hourly)",jobspy_indeed,https://www.indeed.com/viewjob?jk=f3d45cf3df8cf1f7,"","2026-03-09"
0,"","Behavior Technician - EVENING HOURS","Soaring Sprouts","New York, New York","","$20 - $30 (hourly)",jobspy_indeed,https://www.indeed.com/viewjob?jk=c453f0e98e5ab049,"","2026-03-08"
0,"","Floater Behavior Technician, On call","Soaring Sprouts","New York, New York","","$20 - $30 (hourly)",jobspy_indeed,https://www.indeed.com/viewjob?jk=02a9759a018c99d1,"","2026-03-05"
0,"","Anesthesia Technician - NewYork-Presbyterian-Westchester- Per Diem","NewYork-Presbyterian Hospital","New York, New York","","",jobspy_indeed,https://www.indeed.com/viewjob?jk=87f1d7fde4ecd96e,"","2026-03-07"
0,"","Pharmacy Technician","NewYork-Presbyterian Hospital","New York, New York","","",jobspy_indeed,https://www.indeed.com/viewjob?jk=c9d74ed55f01a28d,"","2026-03-06"
0,"","Emergency Veterinary Nursing Trainer (Full-Time) - Ralph Ave, Brooklyn/NYC","VEG ER for Pets","New York, New York","","$34 - $60 (hourly)",jobspy_indeed,https://www.indeed.com/viewjob?jk=c37d379541eaa324,"","2026-03-06"
0,"","Maintenance Technician","Precision CastParts","New York, New York","","$23 - $45 (hourly)",jobspy_indeed,https://www.indeed.com/viewjob?jk=edbac5a3192f56f9,"","2026-03-06"
0,"","Assistant Vice President Medical Education","Hospital for Special Surgery","New York, New York","","$198,500 - $268,000 (yearly)",jobspy_indeed,https://www.indeed.com/viewjob?jk=f57a492c74a965c3,"","2026-03-06"
0,"","Director, Enterprise Demand Generation","Stepful","New York, New York","","$180,000 - $210,000 (yearly)",jobspy_indeed,https://www.indeed.com/viewjob?jk=cc0dc84d95abb2e2,"","2026-03-06"
0,"","Director, Product Marketing & GTM Strategy","Stepful","New York, New York","","$180,000 - $210,000 (yearly)",jobspy_indeed,https://www.indeed.com/viewjob?jk=60290a4cad119d6e,"","2026-03-06"
0,"","Infusion Pharmacy Technician","Summit Health","New York, New York","","$23 - $28 (hourly)",jobspy_indeed,https://www.indeed.com/viewjob?jk=7087322be892a547,"","2026-03-06"
0,"","Assistant Operations Manager","Motivate","New York, New York","","$66,500 - $69,000 (yearly)",jobspy_indeed,https://www.indeed.com/viewjob?jk=bd748fb66688db14,"","2026-03-06"
0,"","BCBA (Daytime Cases) – Clinician-Owned ABA Company","Always Shining ABA ","New York, New York","","$75 - $95 (hourly)",jobspy_indeed,https://www.indeed.com/viewjob?jk=1f41d12400fca47f,"","2026-03-06"
0,"","Certified Surgical Tech - ASC","Summit Health","New York, New York","","$27 - $34 (hourly)",jobspy_indeed,https://www.indeed.com/viewjob?jk=7a7a9474570b1cec,"","2026-03-05"
0,"","Per Diem Surgical Tech - ASC","Summit Health","New York, New York","","$30 - $38 (hourly)",jobspy_indeed,https://www.indeed.com/viewjob?jk=d4848ca690b41b68,"","2026-03-05"
0,"","Paint Technician","Crash Champions Collision Repair Team","New York, New York","","$82,050 - $195,000 (yearly)",jobspy_indeed,https://www.indeed.com/viewjob?jk=ab41a8f11d35c0dd,"","2026-03-05"
0,"","Veterinary Practice Manager","Pure Paws Veterinary Care","New York, New York","","$90,000 - $100,000 (yearly)",jobspy_indeed,https://www.indeed.com/viewjob?jk=4e2b515b2fe0deac,"","2026-03-05"
0,"","Pet Resort Care Taker (Part-time)","PetVet Care Centers","New York, New York","","$17 - $20 (hourly)",jobspy_indeed,https://www.indeed.com/viewjob?jk=4e83f505bcbce2fa,"","2026-03-05"
0,"","Meeting & Events Technician - New York City, NY","CBRE","New York, New York","","$55,000 - $60,000 (yearly)",jobspy_indeed,https://www.indeed.com/viewjob?jk=22688693960c527d,"","2026-03-02"
0,"","Maintenance Technician: Onsite, New York City","CBRE","New York, New York","","$55,000 - $85,280 (yearly)",jobspy_indeed,https://www.indeed.com/viewjob?jk=28835095cfe2b1aa,"","2026-02-27"
0,"","Sr. Account Director: Onsite, New Brunswick, NJ","CBRE","New York, New York","","$140,500 - $200,000 (yearly)",jobspy_indeed,https://www.indeed.com/viewjob?jk=249510444ebb007a,"","2026-02-24"
0,"","Desktop Support Technician - JFK Airport","USA","New York, New York","","$52,000 - $55,000 (yearly)",jobspy_indeed,https://www.indeed.com/viewjob?jk=18819295bbccf467,"","2026-02-23"
0,"","SOL PT-Clinic Director-Physical Therapist","Alliance Physical Therapy Partners","San Francisco, California","","",jobspy_indeed,https://www.indeed.com/viewjob?jk=85a8a4f166ffc22b,"","2026-03-09"
0,"","Medication Tech","nan","San Francisco, California","","",jobspy_indeed,https://www.indeed.com/viewjob?jk=04eb4f10ce558b7c,"","2026-03-05"
0,"","R&D Engineer","nan","San Francisco, California","","",jobspy_indeed,https://www.indeed.com/viewjob?jk=b893482acee011dd,"","2026-03-06"
0,"","Director of Building and Grounds","nan","San Francisco, California","","",jobspy_indeed,https://www.indeed.com/viewjob?jk=d4d72fd93b1ee7b2,"","2026-03-06"
0,"","Sr. Technical Trainer","Tesla","San Francisco, California","","$68,000 - $144,000 (yearly)",jobspy_indeed,https://www.indeed.com/viewjob?jk=84d344406f666092,"","2026-03-07"
0,"","Ops Technician","Hippo Harvest","San Francisco, California","","$80,000 - $110,000 (yearly)",jobspy_indeed,https://www.indeed.com/viewjob?jk=64e01c673b044e67,"","2026-03-06"
0,"","Kennel Assistant","PetVet Care Centers","San Francisco, California","","$18 - $20 (hourly)",jobspy_indeed,https://www.indeed.com/viewjob?jk=29be8fd6c9c86a9e,"","2026-03-06"
0,"","Sales and Service Technician","Groundworks","San Francisco, California","","",jobspy_indeed,https://www.indeed.com/viewjob?jk=9ada301bd02d76c7,"","2026-03-05"
0,"","Automotive Technician","HRU","San Francisco, California","","$26 - $28 (hourly)",jobspy_indeed,https://www.indeed.com/viewjob?jk=49c00fcc5dc4d952,"","2026-03-05"
0,"","ABA Behavior Interventionist , RBT, Behavior Technician","ANT Academy","San Francisco, California","","$17 - $26 (hourly)",jobspy_indeed,https://www.indeed.com/viewjob?jk=15a12f56db5b7ddd,"","2026-03-05"
0,"","Optoelectronic Test Technician, Color Conversion Technology","Mojo Vision","San Francisco, California","","$55 - $65 (hourly)",jobspy_indeed,https://www.indeed.com/viewjob?jk=2d2639d0db1020a6,"","2026-03-05"
0,"","Lab Technician I","Brock Group","San Francisco, California","","",jobspy_indeed,https://www.indeed.com/viewjob?jk=f466e258ed10de10,"","2026-03-04"
0,"","X-Ray Technician","California Pacific Orthopaedics","San Francisco, California","","$60 - $70 (hourly)",jobspy_indeed,https://www.indeed.com/viewjob?jk=fca259ad886f23b2,"","2026-03-04"
0,"","Certified Neurodiagnostic Tech (IONM), EEG Neurodiagnostic Labs - Full Time, Rotating shifts (08HR)","Stanford Health Care","San Francisco, California","","$63 - $71 (hourly)",jobspy_indeed,https://www.indeed.com/viewjob?jk=75f1bb74976ee1c8,"","2026-03-04"
0,"","Experienced Truck Technician / Mechanic - Days","Papé","San Francisco, California","","$36 - $41 (hourly)",jobspy_indeed,https://www.indeed.com/viewjob?jk=acb909f2986bffc2,"","2026-03-04"
0,"","Pathway to START Program (Summer 2026)","Tesla","San Francisco, California","","",jobspy_indeed,https://www.indeed.com/viewjob?jk=1c69322d79eb3717,"","2026-03-03"
0,"","Phlebotomist/Medical Assistant (Concierge Medicine)","Private Medical","San Francisco, California","","",jobspy_indeed,https://www.indeed.com/viewjob?jk=327882d16f341d70,"","2026-03-02"
0,"","Work Based Learning Program Infrastructure Delivery Technician","Amazon.com","San Francisco, California","","$26 - $46 (hourly)",jobspy_indeed,https://www.indeed.com/viewjob?jk=d224fa3d68191431,"","2026-02-28"
0,"","Talent Community GWS Local East Bay - Maintenance Technician","CBRE","San Francisco, California","","",jobspy_indeed,https://www.indeed.com/viewjob?jk=e28bd9363c5dec41,"","2026-02-24"
0,"","Union Relief Engineer - San Francisco","CBRE","San Francisco, California","","",jobspy_indeed,https://www.indeed.com/viewjob?jk=7fc98af20d32af83,"","2026-02-26"
0,"","Meeting & Events Technician - Fremont CA","CBRE","San Francisco, California","","$24 - $26 (hourly)",jobspy_indeed,https://www.indeed.com/viewjob?jk=51811414002a57bf,"","2026-02-12"
0,"","Maintenance Technician","CBRE","San Francisco, California","","$50,000 - $70,000 (yearly)",jobspy_indeed,https://www.indeed.com/viewjob?jk=f25c5588505cc6bb,"","2026-02-11"
0,"","Maintenance Technician - Livermore","CBRE","San Francisco, California","","$25 - $38 (hourly)",jobspy_indeed,https://www.indeed.com/viewjob?jk=c9c28a2e84534b96,"","2025-12-16"
0,"","Registered Nurse - Outpatient Mental Health (Float)","US Department of Veterans Affairs","Seattle, Washington","","$87,285 - $161,201 (yearly)",jobspy_indeed,https://www.indeed.com/viewjob?jk=db9f965c0a37a6f3,"","2026-03-06"
0,"","Journeyman Field Technician","Pape' Machinery Inc","Seattle, Washington","","$35 - $55 (hourly)",jobspy_indeed,https://www.indeed.com/viewjob?jk=a994355c0c808881,"","2026-03-06"
0,"","Full-Time Certified Behavior Technician (RBT/CBT) ABA Therapy","Aim Star Learning","Seattle, Washington","","$23 - $30 (hourly)",jobspy_indeed,https://www.indeed.com/viewjob?jk=443be6ca6b059430,"","2026-03-05"
0,"","Automotive Technician","Hinshaw's Automotive Group","Seattle, Washington","","$36,000 - $120,000 (yearly)",jobspy_indeed,https://www.indeed.com/viewjob?jk=b3dd5eb340fa8c0d,"","2026-03-05"
0,"","Rental Shop Technician / Mechanic","Pape' Machinery Inc","Seattle, Washington","","$27 - $49 (hourly)",jobspy_indeed,https://www.indeed.com/viewjob?jk=fd62f8665265d3d0,"","2026-03-05"
0,"","Veterinary Assistant","PetVet Care Centers","Seattle, Washington","","$20 - $24 (hourly)",jobspy_indeed,https://www.indeed.com/viewjob?jk=ee3905815d5336dd,"","2026-03-05"
0,"","Maintenance Technician - Bellevue","CBRE","Seattle, Washington","","$60,000 - $70,000 (yearly)",jobspy_indeed,https://www.indeed.com/viewjob?jk=b3703aca6fad627c,"","2026-03-04"
0,"","Fiscal Technician 2 (FT2/FS)","Washington State Health Care Authority","Seattle, Washington","","$41,004 - $54,504 (yearly)",jobspy_indeed,https://www.indeed.com/viewjob?jk=164057c1ac1fbcb3,"","2026-03-04"
0,"","Fiscal Technician 2 (FT2/FS)","State of Washington","Seattle, Washington","","$41,004 - $54,504 (yearly)",jobspy_indeed,https://www.indeed.com/viewjob?jk=b902ba73d22b0ada,"","2026-03-04"
0,"","Technician - Crossbore","Hydromax USA","Seattle, Washington","","$22 - $26 (hourly)",jobspy_indeed,https://www.indeed.com/viewjob?jk=ebeadebf845f1468,"","2026-03-04"
0,"","Project Engineer","Evergreen Fire & Security","Seattle, Washington","","$85,000 - $110,000 (yearly)",jobspy_indeed,https://www.indeed.com/viewjob?jk=5320d29818e88ba4,"","2026-03-04"
0,"","Collision Estimator","Crash Champions Collision Repair Team","Seattle, Washington","","$69,420 - $155,000 (yearly)",jobspy_indeed,https://www.indeed.com/viewjob?jk=dba655f0b6301fc3,"","2026-03-03"
0,"","Auto Body Technician","Crash Champions Collision Repair Team","Seattle, Washington","","$69,550 - $180,000 (yearly)",jobspy_indeed,https://www.indeed.com/viewjob?jk=90fcc58b83f63f1f,"","2026-03-03"
0,"","Transit VM Chief, Electronics Shop - CS","King County, WA","Seattle, Washington","","$121,576 - $146,972 (yearly)",jobspy_indeed,https://www.indeed.com/viewjob?jk=90a23bb13e451540,"","2026-03-03"
0,"","Certified Behavior Technician (CBT)","Perch Behavioral Health","Seattle, Washington","","$25 - $35 (hourly)",jobspy_indeed,https://www.indeed.com/viewjob?jk=1e76510a3b1a8efb,"","2026-03-03"
0,"","Events Driver & Logistics Support Technician (Part-Time)","Vale Concepts","Seattle, Washington","","$24 - $28 (hourly)",jobspy_indeed,https://www.indeed.com/viewjob?jk=841930b3ea747a30,"","2026-03-03"
0,"","Elite PT- Physical Therapist","Alliance Physical Therapy Partners","Seattle, Washington","","",jobspy_indeed,https://www.indeed.com/viewjob?jk=b085e37f84557eda,"","2026-03-03"
0,"","Elite PT-Physical Therapist","Alliance Physical Therapy Partners","Seattle, Washington","","$88,000 - $100,000 (yearly)",jobspy_indeed,https://www.indeed.com/viewjob?jk=8d59d35e3675a4d3,"","2026-03-03"
0,"","Groundskeeper II","City of Seattle","Seattle, Washington","","",jobspy_indeed,https://www.indeed.com/viewjob?jk=07599eb80388e3bc,"","2026-03-02"
0,"","Senior Civil Engineer - Traffic","City of SeaTac, WA","Seattle, Washington","","$116,814 - $149,532 (yearly)",jobspy_indeed,https://www.indeed.com/viewjob?jk=acd7db18574f8484,"","2026-02-20"
0,"","Utility Inspection Technician (Indoor Inspections)","Reconn Utility Services","Boston, Massachusetts","","",jobspy_indeed,https://www.indeed.com/viewjob?jk=731a68e36319a8ff,"","2026-03-05"
0,"","Utility Inspection Technician","Reconn Utility Services","Boston, Massachusetts","","$20 - $22 (hourly)",jobspy_indeed,https://www.indeed.com/viewjob?jk=0aa286fd32fd1de6,"","2026-03-09"
0,"","Behavior Technician/BT","Bridging Independent Living Together Inc.","Boston, Massachusetts","","$28 - $34 (hourly)",jobspy_indeed,https://www.indeed.com/viewjob?jk=8369ba6460782f88,"","2026-03-06"
0,"","Radiology Technologist, Orthopedics","nan","Boston, Massachusetts","","$26 - $38 (hourly)",jobspy_indeed,https://www.indeed.com/viewjob?jk=caec4473eb5dd3b8,"","2026-03-05"
0,"","Auto Body Technician","Crash Champions Collision Repair Team","Boston, Massachusetts","","",jobspy_indeed,https://www.indeed.com/viewjob?jk=263c1e00da6c972e,"","2026-03-05"
0,"","Behavior Analyst (BCBA) - Hybrid","Autism Learning Partners","Boston, Massachusetts","","$82,000 - $93,000 (yearly)",jobspy_indeed,https://www.indeed.com/viewjob?jk=6666e6eeb87db307,"","2026-03-04"
0,"","Electrical Maintenance Technician – PLC/HMI Systems","Teknor Apex Company","Boston, Massachusetts","","$25 - $41 (hourly)",jobspy_indeed,https://www.indeed.com/viewjob?jk=b9a74ea979c5d56b,"","2026-03-04"
0,"","Veterinary Receptionist","nan","Boston, Massachusetts","","$19 - $22 (hourly)",jobspy_indeed,https://www.indeed.com/viewjob?jk=b9bc0ba1e1dafc41,"","2026-03-03"
0,"","Medical Technician Partner (EMT or Paramedic) - Boston, MA","Gather Health","Boston, Massachusetts","","$26 - $37 (hourly)",jobspy_indeed,https://www.indeed.com/viewjob?jk=d86fe37b855290d9,"","2026-03-03"
0,"","Radiologic Technologist","Mass General Brigham","Boston, Massachusetts","","$25 - $37 (hourly)",jobspy_indeed,https://www.indeed.com/viewjob?jk=22cb4f21a005ed8a,"","2026-03-03"
0,"","Area Lead Nurse - Lynnfield/Somerville","Bond Vet","Boston, Massachusetts","","$72,000 - $79,000 (yearly)",jobspy_indeed,https://www.indeed.com/viewjob?jk=b122c0c949c15baa,"","2026-03-03"
0,"","STAFF ACCOUNTANT","Boston Orthotics and Prosthetics","Boston, Massachusetts","","$60,000 - $75,000 (yearly)",jobspy_indeed,https://www.indeed.com/viewjob?jk=6edcdb238d254d50,"","2026-03-02"
0,"","Pediatric Occupational Therapist (OT)","Autism Learning Partners","Los Angeles, California","","$48 - $58 (hourly)",jobspy_indeed,https://www.indeed.com/viewjob?jk=f3c2e03c119baaf4,"","2026-03-08"
0,"","ABA Clinical Supervisor (Sr. Program Manager) | BCBA Hours Available","Autism Learning Partners","Los Angeles, California","","$31 - $37 (hourly)",jobspy_indeed,https://www.indeed.com/viewjob?jk=036850f27342d8e6,"","2026-03-07"
0,"","Heavy Equipment Rental Field Technician","Pape' Machinery Inc","Los Angeles, California","","$34 - $42 (hourly)",jobspy_indeed,https://www.indeed.com/viewjob?jk=6f85dbc46989352e,"","2026-03-07"
0,"","Supervisor, Avionics Manufacturing","nan","Los Angeles, California","","$115,000 - $155,000 (yearly)",jobspy_indeed,https://www.indeed.com/viewjob?jk=bf8f7aefb46421e1,"","2026-03-06"
0,"","2nd Shift Metallurgical Lab Tech Level 2","Precision CastParts","Los Angeles, California","","$30 - $35 (hourly)",jobspy_indeed,https://www.indeed.com/viewjob?jk=335b415aa146f456,"","2026-03-06"
0,"","Instrument Control Engineer, Software, Center for Quantum Computing","Amazon Web Services","Los Angeles, California","","$167,100 - $226,100 (yearly)",jobspy_indeed,https://www.indeed.com/viewjob?jk=d76e4aa8a2554cca,"","2026-03-05"
0,"","Collision Estimator","Crash Champions Collision Repair Team","Los Angeles, California","","$69,810 - $155,000 (yearly)",jobspy_indeed,https://www.indeed.com/viewjob?jk=6a726e8f016c9c14,"","2026-03-05"
0,"","Maintenance Technician - Level 2 (Weekend, 2nd shift)","Precision CastParts","Los Angeles, California","","$28 - $36 (hourly)",jobspy_indeed,https://www.indeed.com/viewjob?jk=18de94bfb1116b82,"","2026-03-05"
0,"","Engineering Assistant","LEDtronics","Los Angeles, California","","$20 - $22 (hourly)",jobspy_indeed,https://www.indeed.com/viewjob?jk=ee7464b839e1eb89,"","2026-03-05"
0,"","Dispatcher (West Coast)","Nextech","Los Angeles, California","","$24 - $28 (hourly)",jobspy_indeed,https://www.indeed.com/viewjob?jk=d18452c1b9469168,"","2026-03-04"
0,"","Sr. Calibration Technician / Team Lead","Transcat","Los Angeles, California","","$35 - $45 (hourly)",jobspy_indeed,https://www.indeed.com/viewjob?jk=15634027c19bc889,"","2026-03-04"
0,"","Ultrasound Technician - Per Diem","Unio Health Partners","Los Angeles, California","","$28 - $34 (hourly)",jobspy_indeed,https://www.indeed.com/viewjob?jk=6f98ccb89b2d945c,"","2026-03-04"
0,"","Behavior Technician","Total Education Solutions","Los Angeles, California","","$19 - $26 (hourly)",jobspy_indeed,https://www.indeed.com/viewjob?jk=3f1394730209f354,"","2026-03-04"
0,"","Quantum Research Engineer, Quantum Computing","Amazon Web Services","Los Angeles, California","","$142,800 - $193,200 (yearly)",jobspy_indeed,https://www.indeed.com/viewjob?jk=f80767c6b9518da2,"","2026-03-03"
0,"","Dispatcher","Nextech","Los Angeles, California","","$20 - $26 (hourly)",jobspy_indeed,https://www.indeed.com/viewjob?jk=bdc50a4cb381a294,"","2026-02-27"
0,"","Facilities Manager: Onsite, Los Angeles","CBRE","Los Angeles, California","","$92,500 - $140,000 (yearly)",jobspy_indeed,https://www.indeed.com/viewjob?jk=518e0fe8632a9545,"","2026-02-24"
0,"","Maintenance Technician: Los Angeles","CBRE","Los Angeles, California","","$58,000 - $68,000 (yearly)",jobspy_indeed,https://www.indeed.com/viewjob?jk=5ae79a744b9fb676,"","2026-02-23"
0,"","In-Home Sales Consultant","Nova Renewables","Washington, DC","","$120,000 - $140,000 (yearly)",jobspy_indeed,https://www.indeed.com/viewjob?jk=96f32b6a87f6aef9,"","2026-03-07"
0,"","ABA Program Manager","Autism Learning Partners","Washington, DC","","$25 - $31 (hourly)",jobspy_indeed,https://www.indeed.com/viewjob?jk=4dd148974018fb85,"","2026-03-07"
0,"","Critical Environment Technician, ADC InfraOps DCEO","Amazon.com","Washington, DC","","$32 - $57 (hourly)",jobspy_indeed,https://www.indeed.com/viewjob?jk=68ae7caace68e20a,"","2026-03-06"
0,"","Data Center Engineering Operations Technician , Data Center Communities","Amazon.com","Washington, DC","","$32 - $57 (hourly)",jobspy_indeed,https://www.indeed.com/viewjob?jk=8889900f4ecf0fe6,"","2026-03-05"
0,"","Contract Licensed Psychologist","ICBD","Washington, DC","","",jobspy_indeed,https://www.indeed.com/viewjob?jk=d3d02fa78751897a,"","2026-03-06"
0,"","Veterinary Assistant, Veterinary Technician, or RVT","Howard County Animal Hospital","Washington, DC","","$16 - $25 (hourly)",jobspy_indeed,https://www.indeed.com/viewjob?jk=d4ef2d9c99237594,"","2026-03-06"
0,"","Float Credentialed Veterinary Technician - Virginia","Bond Vet","Washington, DC","","$26 - $38 (hourly)",jobspy_indeed,https://www.indeed.com/viewjob?jk=f233afd0fcad2000,"","2026-03-06"
0,"","Street Light LED Technician- Rockville, MD","River City Construction, Inc.","Washington, DC","","",jobspy_indeed,https://www.indeed.com/viewjob?jk=c5e5226e3d9320d6,"","2026-03-06"
0,"","SUE Technician Laborer - (Underground utility mapping & excavation)","National Underground Group","Washington, DC","","$18 - $22 (hourly)",jobspy_indeed,https://www.indeed.com/viewjob?jk=408ee81c8f7cae25,"","2026-03-06"
0,"","Registered Behavior Technician (RBT)","Move Up ABA","Washington, DC","","$28 - $32 (hourly)",jobspy_indeed,https://www.indeed.com/viewjob?jk=99b067bac540e24b,"","2026-03-06"
0,"","HVAC Technician (Towson, Full Time)","Sheppard Pratt","Washington, DC","","$22 - $33 (hourly)",jobspy_indeed,https://www.indeed.com/viewjob?jk=234358bfcc0cd6f8,"","2026-03-06"
0,"","Hoffman Animal Hospital - Client Service Representative","Hoffman Animal Hospital","Washington, DC","","$16 - $22 (hourly)",jobspy_indeed,https://www.indeed.com/viewjob?jk=79a9eef1a51e0937,"","2026-03-06"
0,"","Senior Hardware/Software Technician","Chenega Corporation","Washington, DC","","$85,430 - $115,000 (yearly)",jobspy_indeed,https://www.indeed.com/viewjob?jk=a30bc8f7770ad8e2,"","2026-03-05"
0,"","Registered Behavior Technician (RBT)","Get Set ABA","Washington, DC","","",jobspy_indeed,https://www.indeed.com/viewjob?jk=5717ca8fe937b75b,"","2026-03-05"
0,"","Phlebotomist (90 Day Contract)","Roxborough Medical Group","Washington, DC","","$21 - $21 (hourly)",jobspy_indeed,https://www.indeed.com/viewjob?jk=3467de213390222f,"","2026-03-05"
0,"","Toyota Technician","Jim Coleman Automotive","Washington, DC","","$18 - $42 (hourly)",jobspy_indeed,https://www.indeed.com/viewjob?jk=5d9cf532d396d8aa,"","2026-03-05"
0,"","Mid-level Help Desk Support Technician","Chenega Corporation","Washington, DC","","$28 - $38 (hourly)",jobspy_indeed,https://www.indeed.com/viewjob?jk=3e4130b431efa96f,"","2026-03-04"
0,"","Detail Technician","Crash Champions Collision Repair Team","Washington, DC","","$15 - $25 (hourly)",jobspy_indeed,https://www.indeed.com/viewjob?jk=d9c8508ba007ee51,"","2026-03-03"
0,"","Registered Behavior Technician - RBT","National Therapy Center","Washington, DC","","$25 - $30 (hourly)",jobspy_indeed,https://www.indeed.com/viewjob?jk=15941348ec652fba,"","2026-03-01"
0,"","Union Maintenance Technician (Plumbing) 11:00pm-7:30am","CBRE","Washington, DC","","$31 - $31 (hourly)",jobspy_indeed,https://www.indeed.com/viewjob?jk=b10e30c05665f24f,"","2025-11-06"
0,"","Locate Technician - Gas","National Underground Group","United States","","",jobspy_indeed,https://www.indeed.com/viewjob?jk=2ec2f9628699bef1,"","2026-03-09"
0,"","Program Manager-Pharmacy Contracting","Allina Health","United States","","$52 - $72 (hourly)",jobspy_indeed,https://www.indeed.com/viewjob?jk=1a49f4b63e2f06ee,"","2026-03-09"
0,"","Manufacturing Process Technician I","Novo Nordisk, Inc.","United States","","",jobspy_indeed,https://www.indeed.com/viewjob?jk=f7d7e9b92e723e4c,"","2026-03-09"
0,"","Reliability Manager","Proper Beverage Co.","United States","","",jobspy_indeed,https://www.indeed.com/viewjob?jk=9da6b7906ce3fb36,"","2026-03-09"
0,"","VDC Field Technician","ieng","United States","","$60,000 - $90,000 (yearly)",jobspy_indeed,https://www.indeed.com/viewjob?jk=3ccefd118b302037,"","2026-03-09"
0,"","Board Certified Behavior Analyst (BCBA) – New & Early Career BCBAs Welcome","nan","United States","","$75 - $85 (hourly)",jobspy_indeed,https://www.indeed.com/viewjob?jk=da79f5113bf4e5f7,"","2026-03-09"
0,"","Substation Fiber Technician - KAN","EPS","United States","","",jobspy_indeed,https://www.indeed.com/viewjob?jk=a8f31fc3396f4945,"","2026-03-08"
0,"","Maintenance Manager","BALTEK, INC","United States","","$95,000 - $115,000 (yearly)",jobspy_indeed,https://www.indeed.com/viewjob?jk=3a74de38651d8ad2,"","2026-03-08"
0,"","Detail Technician","Executive Coach Builders","United States","","",jobspy_indeed,https://www.indeed.com/viewjob?jk=33a88f6d1d7c1eff,"","2026-03-08"
0,"","Auto Electical Tech","Executive Coach Builders","United States","","",jobspy_indeed,https://www.indeed.com/viewjob?jk=2a90e20701dec4fb,"","2026-03-08"
0,"","Veterinary Assistant","Nippers Corner Pet Medical Center","United States","","$17 - $20 (hourly)",jobspy_indeed,https://www.indeed.com/viewjob?jk=ea1c248d5f43ddf4,"","2026-02-26"
0,"","Commercial and Residential HVAC Installer","Garrett Mechanical","United States","","$60,000 - $120,000 (yearly)",jobspy_indeed,https://www.indeed.com/viewjob?jk=dc815041342bcef0,"","2026-02-11"
0,"","VIDEO EDITOR – YOUTUBE GAMING (REMOTE)","Astraea Productions Studios","Remote","","$3,200 - $9,000 (monthly)",jobspy_indeed,https://www.indeed.com/viewjob?jk=d6f5454b7339e5c0,"","2026-03-07"
0,"","Lead Medical Records Technician (Coder- Outpatient and Inpatient)","US Department of Veterans Affairs","Remote","","$70,623 - $91,815 (yearly)",jobspy_indeed,https://www.indeed.com/viewjob?jk=615008c877359093,"","2026-03-06"
0,"","BCBA Direct Telehealth Provider (Part-Time & Full-Time)","Healthcare Foundry","Remote","","$78,000 - $95,000 (yearly)",jobspy_indeed,https://www.indeed.com/viewjob?jk=214fdb1e89dd569b,"","2026-03-05"
0,"","Performance Tour Technician","Callaway Golf","Remote","","$71,400 - $107,200 (yearly)",jobspy_indeed,https://www.indeed.com/viewjob?jk=48eb46fe1c5998d2,"","2026-02-23"
0,"","Programmer","Thermon","Chicago, Illinois","","",jobspy_indeed,https://www.indeed.com/viewjob?jk=7f4020c4f65e7eb9,"","2026-03-04"
0,"","CMM Programmer (1st Shift M-F 6AM- 2:30PM)","Woodward, Inc.","Chicago, Illinois","","$17 - $38 (hourly)",jobspy_indeed,https://www.indeed.com/viewjob?jk=e1871b310daf79f1,"","2026-03-02"
0,"","STATISTICS ASSISTANT, G6","United Nations","New York, New York","","",jobspy_indeed,https://www.indeed.com/viewjob?jk=40e216e134d3508c,"","2026-03-04"
0,"","CNC Machinist","Harold R Henrich","New York, New York","","$25 - $33 (hourly)",jobspy_indeed,https://www.indeed.com/viewjob?jk=2a81d84f06b55195,"","2026-03-03"
0,"","Senior Software Engineer","BABYLIST","San Francisco, California","","$180,100 - $231,100 (yearly)",jobspy_indeed,https://www.indeed.com/viewjob?jk=9ab2d7a83015dcc1,"","2026-03-04"
0,"","CNC Programmer","Mizuho OSI","San Francisco, California","","$32 - $37 (hourly)",jobspy_indeed,https://www.indeed.com/viewjob?jk=9ade5c32410c1dac,"","2026-02-07"
0,"","CNC Programmer & Setter -- Mastercam 2026-- 11-Axis Mill-Turn, Live Tooling","location d'outils GM","Los Angeles, California","","$45 - $55 (hourly)",jobspy_indeed,https://www.indeed.com/viewjob?jk=e30dd5094c61aca2,"","2026-03-05"
0,"","CNC Programmer - Military Flight Controls Division","Parker Hannifin","Los Angeles, California","","$27 - $45 (hourly)",jobspy_indeed,https://www.indeed.com/viewjob?jk=30ebab77a70a2cbe,"","2026-03-04"
0,"","CNC Programmer & Machinist","Achates","United States","","$27 - $38 (hourly)",jobspy_indeed,https://www.indeed.com/viewjob?jk=848833b177064072,"","2026-03-06"
0,"","Robotic Automation Intern","Miller Industries","United States","","",jobspy_indeed,https://www.indeed.com/viewjob?jk=2cf58614df20e8aa,"","2026-03-06"
0,"","Refuse Checker","County of Santa Barbara","United States","","$59,887 - $71,279 (yearly)",jobspy_indeed,https://www.indeed.com/viewjob?jk=c6f1ebce95b0c9fc,"","2026-03-05"
0,"","CNC Programmer / 5-Axis","SŌLACE Boats / Dougherty Manufacturing","United States","","",jobspy_indeed,https://www.indeed.com/viewjob?jk=ec325926e70f4fa7,"","2026-03-05"
0,"","Game Presentation and Stadium Productions Intern","AMB Sports + Entertainment","United States","","",jobspy_indeed,https://www.indeed.com/viewjob?jk=61b78f90e7a3854a,"","2026-03-04"
0,"","CNC Machine Operator - Night Shift","Arthrex","United States","","",jobspy_indeed,https://www.indeed.com/viewjob?jk=dfba7154e06e45f0,"","2026-03-03"
0,"","Studio Stagehand","Peloton","New York, New York","","",jobspy_indeed,https://www.indeed.com/viewjob?jk=19a52833115ffb06,"","2026-03-03"
0,"","IATSE Stagehands-Grandstand Entertainment","Los Angeles County Fair Association","Los Angeles, California","","",jobspy_indeed,https://www.indeed.com/viewjob?jk=0de6c6924a0e8291,"","2026-03-04"
0,"","Event Stagehand - TX","Rhino Staging","United States","","",jobspy_indeed,https://www.indeed.com/viewjob?jk=71421933d278218d,"","2026-03-08"
0,"","Event Stagehand - Bossier City","Rhino Staging","United States","","",jobspy_indeed,https://www.indeed.com/viewjob?jk=1c1897dd78e617d7,"","2026-03-06"
0,"","Event Stagehand - FL","Rhino Staging","United States","","$19 - $20 (hourly)",jobspy_indeed,https://www.indeed.com/viewjob?jk=1d84e510be93bfa6,"","2026-03-08"
0,"","Event Production Crew Lead","Fauxcades","United States","","",jobspy_indeed,https://www.indeed.com/viewjob?jk=5e9e63ad06b96096,"","2026-03-08"
0,"","STAGE HAND/PRODUCTION ASSISTANT-GROVE","Bohemian Club","United States","","",jobspy_indeed,https://www.indeed.com/viewjob?jk=2e159f7759eaaa63,"","2026-03-06"
0,"","Stagehand","Erie Events","United States","","",jobspy_indeed,https://www.indeed.com/viewjob?jk=642c7fcbffe4b9fc,"","2026-03-05"
0,"","Event Setup Crew ? Reno, NV (Temporary Project 3/21?3/25) - Woodland Urban Interface","SPECIAL event management","United States","","",jobspy_indeed,https://www.indeed.com/viewjob?jk=24431eedf6d7538f,"","2026-03-03"
0,"","Stagehand Technician","Pegasus Entertainment","United States","","$23 - $28 (hourly)",jobspy_indeed,https://www.indeed.com/viewjob?jk=e54bda0d8c64f38f,"","2026-03-03"
0,"","Jewelry Television – Broadcast Stagehand/Grip","Jewelry Television","United States","","",jobspy_indeed,https://www.indeed.com/viewjob?jk=a00bced8d33440d2,"","2026-03-02"
0,"","Stagehand","DZL Management","United States","","",jobspy_indeed,https://www.indeed.com/viewjob?jk=de424dd8ff06a348,"","2025-07-01"
0,"","Environment, Health & Safety Technician","FeverUp","Chicago, Illinois","","",jobspy_indeed,https://www.indeed.com/viewjob?jk=1ae41adb65be64a9,"","2026-03-05"
0,"","Maintenance Technician, 2nd Shift","Double Good","Chicago, Illinois","","",jobspy_indeed,https://www.indeed.com/viewjob?jk=79b4e6063ed1594a,"","2026-03-04"
0,"","Technician (2nd Shift)","Central States Manufacturing, Inc.","Chicago, Illinois","","",jobspy_indeed,https://www.indeed.com/viewjob?jk=62eb32fa5d9d1208,"","2026-03-02"
0,"","Stationary EngineerTechnician II","Integra LifeSciences","New York, New York","","$26 - $35 (hourly)",jobspy_indeed,https://www.indeed.com/viewjob?jk=b3a4a03eed0ab156,"","2026-03-03"
0,"","Wafer Technician B (2nd Shift: 11am-7:30pm)","Draper","Boston, Massachusetts","","",jobspy_indeed,https://www.indeed.com/viewjob?jk=a46cf7b7a8885277,"","2026-03-09"
0,"","Philanthropy Coordinator (Donor Relations)","Beth Israel Lahey Health","Boston, Massachusetts","","$50,000 - $70,000 (yearly)",jobspy_indeed,https://www.indeed.com/viewjob?jk=d59aed273fddbe2e,"","2026-03-04"
0,"","Associate Director, Planned Giving-Philanthropy","Beth Israel Lahey Health","Boston, Massachusetts","","$120,000 - $140,000 (yearly)",jobspy_indeed,https://www.indeed.com/viewjob?jk=36247e16d5b2a75f,"","2026-03-03"
0,"","Pharmacy Technician IV Sterile Compounding Home Infusion – BILH Pharmacy – Westwood, MA.","Beth Israel Lahey Health","Boston, Massachusetts","","$28 - $38 (hourly)",jobspy_indeed,https://www.indeed.com/viewjob?jk=d8946486ce22d49c,"","2026-03-02"
0,"","Electrician | Medora Musical","RWS Global","Los Angeles, California","","",jobspy_indeed,https://www.indeed.com/viewjob?jk=4c577752b17ed716,"","2026-03-04"
0,"","Area Chief of Staff","Banfield Pet Hospital","Los Angeles, California","","$148,946 - $215,144 (yearly)",jobspy_indeed,https://www.indeed.com/viewjob?jk=d19a6c0c73077eca,"","2026-03-02"
0,"","Mitigation Lead Technician","Thomasville Restoration","Washington, DC","","$20 - $23 (hourly)",jobspy_indeed,https://www.indeed.com/viewjob?jk=7cbdd2a3fd79f07c,"","2026-03-03"
0,"","Field Technician","Smurfit Westrock","Washington, DC","","$56,625 - $94,375 (yearly)",jobspy_indeed,https://www.indeed.com/viewjob?jk=9c28f049f9a8d51a,"","2026-03-03"
0,"","System Support Technician","NEP GROUP","Washington, DC","","",jobspy_indeed,https://www.indeed.com/viewjob?jk=4702a0ba8a37c306,"","2026-02-17"
0,"","Gas Design Tech (Palm River)","Tampa Electric Company","United States","","",jobspy_indeed,https://www.indeed.com/viewjob?jk=bebf4648f1b9f7e8,"","2026-03-09"
0,"","Veterinarian Medical Director","BluePearl Pet Hospital","United States","","",jobspy_indeed,https://www.indeed.com/viewjob?jk=f578e81c7e73d135,"","2026-03-07"
0,"","Pharmacy Technician","CVS Health","United States","","",jobspy_indeed,https://www.indeed.com/viewjob?jk=8236731d96382977,"","2026-03-07"
0,"","Traveling Service Technician","Rosenbauer","United States","","$29 - $38 (hourly)",jobspy_indeed,https://www.indeed.com/viewjob?jk=c5d6b728b6561d1a,"","2026-03-06"
0,"","Head Men’s Wrestling Coach","OTERO JUNIOR COLLEGE","United States","","$38,760 - $42,000 (yearly)",jobspy_indeed,https://www.indeed.com/viewjob?jk=5130db6977607c27,"","2026-03-06"
0,"","RBA Traveling Service Technician","Rosenbauer America","United States","","$29 - $38 (hourly)",jobspy_indeed,https://www.indeed.com/viewjob?jk=b3b90b72aa524606,"","2026-03-06"
0,"","Technician Quality Control","Freeman","United States","","",jobspy_indeed,https://www.indeed.com/viewjob?jk=fea67d8c5c9a48d0,"","2026-03-06"
0,"","Commissioning Technician 1","M.C. Dean, Inc.","United States","","",jobspy_indeed,https://www.indeed.com/viewjob?jk=653ab42fdccbd8ab,"","2026-03-06"
0,"","QC lab specialist","Syensqo","United States","","$30 - $39 (hourly)",jobspy_indeed,https://www.indeed.com/viewjob?jk=c15288145c656be1,"","2026-03-06"
0,"","Fulfillment Staff Pharmacist - Express Scripts - St. Louis, MO","The Cigna Group","United States","","",jobspy_indeed,https://www.indeed.com/viewjob?jk=05f9a84e4b1066eb,"","2026-03-06"
0,"","Director of Lighting","Access Audio","United States","","$65,000 - $90,000 (yearly)",jobspy_indeed,https://www.indeed.com/viewjob?jk=19c131d29ca7a155,"","2026-03-06"
0,"","Director of Live Video","Access Audio","United States","","$65,000 - $90,000 (yearly)",jobspy_indeed,https://www.indeed.com/viewjob?jk=d371755e8b9e15bb,"","2026-03-06"
0,"","APTD Manufacturing Technician Night Shift 6","Intel Corporation","United States","","$60,450 - $85,340 (yearly)",jobspy_indeed,https://www.indeed.com/viewjob?jk=e5e5c1246f320cf0,"","2026-03-06"
0,"","Warehouse Technician","NEP GROUP","United States","","",jobspy_indeed,https://www.indeed.com/viewjob?jk=d47c74740bc4a24a,"","2026-03-06"
0,"","Production Technician","Kimberly-Clark","United States","","",jobspy_indeed,https://www.indeed.com/viewjob?jk=ed2806e4805288e9,"","2026-03-05"
0,"","Field Service Technician","ETS-Lindgren Inc.","Chicago, Illinois","","",jobspy_indeed,https://www.indeed.com/viewjob?jk=85ee5eb2420bf57d,"","2026-03-06"
0,"","Manufacturing Electronic Technician","DTV Innovations LLC","Chicago, Illinois","","$20 - $30 (hourly)",jobspy_indeed,https://www.indeed.com/viewjob?jk=ca28220db89e6a82,"","2026-03-06"
0,"","Technician","Netcom, Inc.","Chicago, Illinois","","$19 - $23 (hourly)",jobspy_indeed,https://www.indeed.com/viewjob?jk=c474c4538c6c8957,"","2026-03-06"
0,"","RF Technician","Fermilab","Chicago, Illinois","","$25 - $31 (hourly)",jobspy_indeed,https://www.indeed.com/viewjob?jk=024f89ee86d3aabd,"","2026-03-02"
0,"","Principal Electrical Engineer (Hybrid)","BAE Systems USA","New York, New York","","$128,831 - $219,012 (yearly)",jobspy_indeed,https://www.indeed.com/viewjob?jk=e24e6a93ee71c95e,"","2026-03-07"
0,"","Production Test Technician","Astrodyne TDI","New York, New York","","$20 - $25 (hourly)",jobspy_indeed,https://www.indeed.com/viewjob?jk=7b39861f11e35761,"","2026-03-03"
0,"","Senior Electrical Engineer (Hybrid)","BAE Systems USA","New York, New York","","$105,827 - $179,906 (yearly)",jobspy_indeed,https://www.indeed.com/viewjob?jk=94086720e5f6b035,"","2026-03-02"
0,"","Senior Principal Electrical Engineer (Hybrid)","BAE Systems USA","New York, New York","","$145,049 - $246,584 (yearly)",jobspy_indeed,https://www.indeed.com/viewjob?jk=a7cb57bacb283051,"","2026-03-02"
0,"","Systems Engineer","CACI International","New York, New York","","$94,400 - $198,200 (yearly)",jobspy_indeed,https://www.indeed.com/viewjob?jk=f62dc8029eaa8214,"","2026-01-21"
0,"","Lab Technician","General Motors (GM)","San Francisco, California","","$103,000 - $158,500 (yearly)",jobspy_indeed,https://www.indeed.com/viewjob?jk=4da2e57e951da056,"","2026-03-06"
0,"","Radio Frequency Engineer II","Honeywell","San Francisco, California","","$102,800 - $154,200 (yearly)",jobspy_indeed,https://www.indeed.com/viewjob?jk=7bead4ce6f9828a7,"","2026-03-05"
0,"","Senior Electrical Engineer","Dolby","San Francisco, California","","$190,300 - $261,500 (yearly)",jobspy_indeed,https://www.indeed.com/viewjob?jk=4b8875e5845484c6,"","2026-03-05"
0,"","OTA Technician","Eurofins","San Francisco, California","","$21 - $30 (hourly)",jobspy_indeed,https://www.indeed.com/viewjob?jk=d7933a70c076bf21,"","2026-03-03"
0,"","RF Engineering Technician- Temp","COMET Technologies USA, Inc.","San Francisco, California","","$52 - $57 (hourly)",jobspy_indeed,https://www.indeed.com/viewjob?jk=197af2a6c84c7052,"","2026-03-03"
0,"","Mechanical Lab Technician","Amphenol","San Francisco, California","","$25 - $38 (hourly)",jobspy_indeed,https://www.indeed.com/viewjob?jk=1a5c1812e3fcca47,"","2026-03-02"
0,"","Systems Engineer","CACI International","San Francisco, California","","$82,100 - $172,400 (yearly)",jobspy_indeed,https://www.indeed.com/viewjob?jk=4984497fd8db1d9e,"","2026-01-21"
0,"","Sr Advanced Hardware Engineer - Avionics/Radar","Honeywell","Seattle, Washington","","",jobspy_indeed,https://www.indeed.com/viewjob?jk=9c5ad8c8e0f9bbcf,"","2026-03-06"
0,"","Experienced Tower Technician","ALSET NETWORKS LLC","Seattle, Washington","","$28 - $32 (hourly)",jobspy_indeed,https://www.indeed.com/viewjob?jk=d0ab7c63daefb21b,"","2026-03-06"
0,"","Tower Technician III - Kent, WA","Betacom Incorporated","Seattle, Washington","","$31 - $34 (hourly)",jobspy_indeed,https://www.indeed.com/viewjob?jk=297c45d7114c6f84,"","2026-03-04"
0,"","Experienced Tower Technician/ Crew Lead","Allset Networks Inc","Seattle, Washington","","$29 - $31 (hourly)",jobspy_indeed,https://www.indeed.com/viewjob?jk=fdec559f879a3543,"","2026-03-03"
0,"","Field Telecommunications Technician","SONIFI","Seattle, Washington","","$25 - $32 (hourly)",jobspy_indeed,https://www.indeed.com/viewjob?jk=34a25cb15350ebe3,"","2026-03-02"
0,"","Principal Electronic Engineer","Advanced Energy Industries, Inc.","Boston, Massachusetts","","$165,000 - $188,000 (yearly)",jobspy_indeed,https://www.indeed.com/viewjob?jk=91f421b9f680e314,"","2026-03-09"
0,"","Sr. Production Test Engineer - Clearance Required","Raytheon","Boston, Massachusetts","","$86,800 - $165,200 (yearly)",jobspy_indeed,https://www.indeed.com/viewjob?jk=8951de14213019b2,"","2026-03-07"
0,"","Microwave Technician II Weekend Day Shift","BAE Systems USA","Boston, Massachusetts","","$41,844 - $66,952 (yearly)",jobspy_indeed,https://www.indeed.com/viewjob?jk=006565a0fac5149c,"","2026-03-06"
0,"","Deployed MQ9 FMS/C4ISR Field Engineer","BAE Systems USA","Boston, Massachusetts","","$118,095 - $200,762 (yearly)",jobspy_indeed,https://www.indeed.com/viewjob?jk=25f2fc11e8c39edd,"","2026-03-06"
0,"","Test Technician 2nd Shift","BAE Systems USA","Boston, Massachusetts","","$47,614 - $76,181 (yearly)",jobspy_indeed,https://www.indeed.com/viewjob?jk=c62dee410fa12db1,"","2026-03-06"
0,"","Engineering Technologist II","BAE Systems USA","Boston, Massachusetts","","$79,365 - $134,921 (yearly)",jobspy_indeed,https://www.indeed.com/viewjob?jk=dfe6735b6e320e08,"","2026-03-05"
0,"","RF Engineer","GeoLogics Corporation","Boston, Massachusetts","","$64 - $79 (hourly)",jobspy_indeed,https://www.indeed.com/viewjob?jk=576afb16cd4acd2c,"","2026-03-04"
0,"","Test Technician - TEMP","Analogic Corporation","Boston, Massachusetts","","",jobspy_indeed,https://www.indeed.com/viewjob?jk=a478ee77f581a209,"","2026-03-03"
0,"","Technician (Electro-Mechanical)","MIT Lincoln Laboratory","Boston, Massachusetts","","$33 - $37 (hourly)",jobspy_indeed,https://www.indeed.com/viewjob?jk=0bfc7ae3c0dbd67a,"","2026-03-02"
0,"","Field Service Engineer","JEOL USA, INC.","Boston, Massachusetts","","$60,000 - $65,000 (yearly)",jobspy_indeed,https://www.indeed.com/viewjob?jk=ba303b6f938fcfb5,"","2026-03-02"
0,"","Senior Electrical Engineer","Boston Scientific","Los Angeles, California","","$89,200 - $169,500 (yearly)",jobspy_indeed,https://www.indeed.com/viewjob?jk=897d1f1b3b8f90ae,"","2026-03-06"
0,"","ENGINEERING TECHNICIAN IV","New Directions Technologies, Inc.","Los Angeles, California","","$55,161 - $91,520 (yearly)",jobspy_indeed,https://www.indeed.com/viewjob?jk=6295ab5e0c62c986,"","2026-03-05"
0,"","Central Office Level 4 Technician","SRI Telecom","Los Angeles, California","","$35 - $45 (hourly)",jobspy_indeed,https://www.indeed.com/viewjob?jk=d2ca50aed03ad357,"","2026-03-05"
0,"","Senior Avionics Engineering Technician","K2 Space","Los Angeles, California","","$38 - $48 (hourly)",jobspy_indeed,https://www.indeed.com/viewjob?jk=a668b7a02ee17479,"","2026-03-05"
0,"","RF Test Engineering Technician","Qorvo","Los Angeles, California","","$30 - $39 (hourly)",jobspy_indeed,https://www.indeed.com/viewjob?jk=2b792d9e2a7f88f9,"","2026-03-03"
0,"","Quality and Inventory Technician","MACtac","Los Angeles, California","","$25 - $27 (hourly)",jobspy_indeed,https://www.indeed.com/viewjob?jk=c7873ef1dfd20490,"","2026-03-03"
0,"","Technical Operations Supervisor","Giggle Fiber, LLC","Los Angeles, California","","$65,000 - $75,000 (yearly)",jobspy_indeed,https://www.indeed.com/viewjob?jk=22110ea2853e11e2,"","2026-03-03"
0,"","LMR Technician - TSG Consultant","AECOM","Washington, DC","","$90,000 - $120,000 (yearly)",jobspy_indeed,https://www.indeed.com/viewjob?jk=da64838cc21d85a7,"","2026-03-05"
0,"","Field Service Technician III - HVAC/Power","Sancorp Consulting, LLC","Washington, DC","","",jobspy_indeed,https://www.indeed.com/viewjob?jk=49002dad5ba5e402,"","2026-03-04"
0,"","Security Design Manager","Sancorp Consulting, LLC","Washington, DC","","",jobspy_indeed,https://www.indeed.com/viewjob?jk=763198680e3a8dd8,"","2026-03-05"
0,"","Field Service Technician III - HVAC/Power","Parsons","Washington, DC","","",jobspy_indeed,https://www.indeed.com/viewjob?jk=687476ccce1e00d3,"","2026-03-04"
0,"","Electronics Technician C","L3Harris","Washington, DC","","",jobspy_indeed,https://www.indeed.com/viewjob?jk=803330e05f7e59f0,"","2026-03-03"
0,"","Test Technician C","L3Harris","Washington, DC","","",jobspy_indeed,https://www.indeed.com/viewjob?jk=4e50754cdde09167,"","2026-03-03"
0,"","Senior Fab Dry Etch Equipment Maintenance Technician","Micron Technology","Washington, DC","","",jobspy_indeed,https://www.indeed.com/viewjob?jk=9ddf50695fa90905,"","2026-03-03"
0,"","BDA Fire Alarm Technician","Encore Fire Protection","Washington, DC","","$40 - $50 (hourly)",jobspy_indeed,https://www.indeed.com/viewjob?jk=7878ca17eb1d10f8,"","2026-03-03"
0,"","Senor/ RF Technician (Hybrid- Annapolis, MD)","nan","Washington, DC","","$94,000 - $121,000 (yearly)",jobspy_indeed,https://www.indeed.com/viewjob?jk=e019fcd078c11f97,"","2026-03-03"
0,"","Hardware Simulator Engineering Technician/Operator","Integration Innovation, Inc","Washington, DC","","$85,000 - $163,000 (yearly)",jobspy_indeed,https://www.indeed.com/viewjob?jk=688bbefc34a94234,"","2026-03-02"
0,"","Field Service Technician II - HVAC/Power","Olgoonik","Washington, DC","","",jobspy_indeed,https://www.indeed.com/viewjob?jk=973e6901ec060389,"","2026-03-02"
0,"","Information Systems Watch Technician","Amentum","Washington, DC","","$110,000 - $130,000 (yearly)",jobspy_indeed,https://www.indeed.com/viewjob?jk=86d15feb0acf0d13,"","2026-03-02"
0,"","Technician, Testing and Integration","CACI International","Washington, DC","","$66,100 - $135,600 (yearly)",jobspy_indeed,https://www.indeed.com/viewjob?jk=00b8e54b63b467d5,"","2026-01-21"
0,"","Electronics Technician (Entry Level)","HI-TECH ELECTRO INC","United States","","",jobspy_indeed,https://www.indeed.com/viewjob?jk=a157dc124bf413f0,"","2026-03-09"
0,"","Electronics Engineer (Entry Level)","HI-TECH ELECTRO INC","United States","","",jobspy_indeed,https://www.indeed.com/viewjob?jk=9f83c0f2b982ebf1,"","2026-03-09"
0,"","Electronic Repair Technician","HI-TECH ELECTRO INC","United States","","",jobspy_indeed,https://www.indeed.com/viewjob?jk=a6e230d3c042bee8,"","2026-03-09"
0,"","Electrical Engineering Technician III","Ultra Electronics","United States","","",jobspy_indeed,https://www.indeed.com/viewjob?jk=1790cb62c8a49ef7,"","2026-03-07"
0,"","Electronics Technician II","Chugach Electric Association","United States","","$50 - $60 (hourly)",jobspy_indeed,https://www.indeed.com/viewjob?jk=020b72e40132380a,"","2026-03-07"
0,"","Inside Plant Engineer I","Spectrum","United States","","$67,100 - $107,300 (yearly)",jobspy_indeed,https://www.indeed.com/viewjob?jk=2c421f9515fc3564,"","2026-03-07"
0,"","Telecommunications Technician","Arizona Department Of Public Safety","United States","","$65,720 - $87,985 (yearly)",jobspy_indeed,https://www.indeed.com/viewjob?jk=9437c010ed09f6cc,"","2026-03-06"
0,"","Maintenance Technician 3rd Shift","Spectrum","United States","","",jobspy_indeed,https://www.indeed.com/viewjob?jk=32621eeaaece075a,"","2026-03-06"
0,"","Broadband Specialist IV, Maintenance","Mediacom Communications Corporation","United States","","$21 - $30 (hourly)",jobspy_indeed,https://www.indeed.com/viewjob?jk=079016edb4937351,"","2026-03-06"
0,"","Romania - Avionics Backshop Technician","Draken International","United States","","",jobspy_indeed,https://www.indeed.com/viewjob?jk=2322d474b85afbf8,"","2026-03-06"
0,"","ELECTRONIC TECHNICIAN 1, 2, AND 3","City of Milwaukee","United States","","$69,936 - $95,934 (yearly)",jobspy_indeed,https://www.indeed.com/viewjob?jk=d008985450409c82,"","2026-03-06"
0,"","Engineering Technician V (Remote)","Akima","United States","","",jobspy_indeed,https://www.indeed.com/viewjob?jk=ad6e83105447925a,"","2026-03-06"
0,"","Electronics Service Technician IV","MKS Instruments","United States","","$32 - $36 (hourly)",jobspy_indeed,https://www.indeed.com/viewjob?jk=7d7675d6523b1ad8,"","2026-03-06"
0,"","Engineer Electronics Level 2","Northrop Grumman","United States","","$79,300 - $118,900 (yearly)",jobspy_indeed,https://www.indeed.com/viewjob?jk=6a3b96e31eb476f3,"","2026-03-05"
0,"","Telecommunications Technician II","NextEdge Networks Holdings LLC","United States","","",jobspy_indeed,https://www.indeed.com/viewjob?jk=9580aabedd4073a2,"","2026-03-04"
0,"","Field Technician II - SC","CERAGON","Remote","","",jobspy_indeed,https://www.indeed.com/viewjob?jk=804224a665856701,"","2026-03-03"
0,"","Field Engineer II - SC","CERAGON","Remote","","",jobspy_indeed,https://www.indeed.com/viewjob?jk=19787c3532bf5d03,"","2026-02-25"
0,"","Slotting Coordinator","Sysco","New York, New York","","$22 - $33 (hourly)",jobspy_indeed,https://www.indeed.com/viewjob?jk=d86d969c9d33755e,"","2026-03-06"
0,"","Support Coordinator, Chanel","Saks","New York, New York","","$19 - $24 (hourly)",jobspy_indeed,https://www.indeed.com/viewjob?jk=45280ecb99e8d00a,"","2026-03-06"
0,"","Support Coordinator, Chanel","SAKS Global","New York, New York","","$19 - $24 (hourly)",jobspy_indeed,https://www.indeed.com/viewjob?jk=f1a968d964817484,"","2026-03-06"
0,"","Inventory Control Coordinator","Onesource","San Francisco, California","","$20 - $27 (hourly)",jobspy_indeed,https://www.indeed.com/viewjob?jk=856e34528c4813ce,"","2026-03-08"
0,"","Site Logistics and Property Coordinator (Hybrid- Annapolis, MD)","nan","Washington, DC","","$122,000 - $157,000 (yearly)",jobspy_indeed,https://www.indeed.com/viewjob?jk=b220d00c65ba95e0,"","2026-03-03"
0,"","Rental Fleet Coordinator","GEODIS","United States","","",jobspy_indeed,https://www.indeed.com/viewjob?jk=7a5f3c2617443884,"","2026-03-07"
0,"","Network Coordinator","TJ Maxx","United States","","$20 - $27 (hourly)",jobspy_indeed,https://www.indeed.com/viewjob?jk=91157168f6af8b76,"","2026-03-06"
0,"","Logistics Coordinator, Production Planner","DSV","United States","","",jobspy_indeed,https://www.indeed.com/viewjob?jk=9f184c1aa4b020a1,"","2026-03-06"
0,"","Advanced Meter Infrastructure (AMI) Technician","City of Rochester, MN","United States","","$44 - $55 (hourly)",jobspy_indeed,https://www.indeed.com/viewjob?jk=cb710392a1af1d44,"","2026-03-06"
0,"","Distribution Clerk","Essilor and Subsidiaries","United States","","",jobspy_indeed,https://www.indeed.com/viewjob?jk=972bcbf849246d96,"","2026-03-06"
0,"","site training coordinator - 2nd shift 4 pm - 12 am","Kenco Group","United States","","",jobspy_indeed,https://www.indeed.com/viewjob?jk=b9f16781930e5cf6,"","2026-03-05"
0,"","Quality Coordinator (Sunday-Wednesday 6pm-4:30am)","adidas","United States","","",jobspy_indeed,https://www.indeed.com/viewjob?jk=cfbbfd9d69d2debf,"","2026-03-05"
0,"","Forklift Operator I - Swing Shift","Hilmar Cheese Company","United States","","$24 - $28 (hourly)",jobspy_indeed,https://www.indeed.com/viewjob?jk=5e90cb7fde013a1b,"","2026-03-04"
0,"","Ashville IT Network Coordinator Shift - A","Sierra","United States","","$19 - $27 (hourly)",jobspy_indeed,https://www.indeed.com/viewjob?jk=561d8d8db79baa22,"","2026-03-04"
0,"","Inventory Control Coordinator","Keurig Dr Pepper","United States","","",jobspy_indeed,https://www.indeed.com/viewjob?jk=b4f89ef15bf63861,"","2026-03-04"
0,"","Distribution Associate","CooperCompanies","United States","","",jobspy_indeed,https://www.indeed.com/viewjob?jk=09544cb044533f8c,"","2026-03-04"
0,"","Distribution Clerk (1st Shift)","Essilor and Subsidiaries","United States","","$17 - $22 (hourly)",jobspy_indeed,https://www.indeed.com/viewjob?jk=ed7c86abcc8ca534,"","2026-03-04"
0,"","Specialist/Clerk, Shipping","Carter's","United States","","",jobspy_indeed,https://www.indeed.com/viewjob?jk=264cf4b279f613c1,"","2026-03-03"
0,"","Case Selector - Part Time - Flex Scheduling","Allen Distribution","United States","","",jobspy_indeed,https://www.indeed.com/viewjob?jk=ba2c0cf54a3f2740,"","2026-03-03"
0,"","Nuclear Magnetic Resonance Facility Lead (Research Technician III)","California State University","United States","","$5,548 - $8,083 (monthly)",jobspy_indeed,https://www.indeed.com/viewjob?jk=3501313fd2c267fb,"","2026-03-03"
0,"","Software Engineer","NBCUniversal","New York, New York","","$105,000 - $145,000 (yearly)",jobspy_indeed,https://www.indeed.com/viewjob?jk=ce1d8f601a2fa688,"","2026-03-03"
0,"","Staff Backend Engineer (SGAI and SSAI)","Fox Corporation","New York, New York","","$179,000 - $284,000 (yearly)",jobspy_indeed,https://www.indeed.com/viewjob?jk=37dc2d4914cce871,"","2026-03-02"
0,"","Software Engineering Manager - Edits Foundations","Meta","San Francisco, California","","$184,000 - $257,000 (yearly)",jobspy_indeed,https://www.indeed.com/viewjob?jk=a1ef6c96848da206,"","2026-03-01"
0,"","Security Engineering Director","Crunchyroll","Los Angeles, California","","$236,000 - $295,000 (yearly)",jobspy_indeed,https://www.indeed.com/viewjob?jk=3a276711209d6fb9,"","2026-03-03"
0,"","Production Software Rendering Intern, DreamWorks Animation, Summer 2026","NBCUniversal","Los Angeles, California","","$20 - $35 (hourly)",jobspy_indeed,https://www.indeed.com/viewjob?jk=5451226f23ab622b,"","2026-03-02"
0,"","Computer Engineer/Electronic Engineer","Library Of Congress","Washington, DC","","$121,785 - $158,322 (yearly)",jobspy_indeed,https://www.indeed.com/viewjob?jk=ebc428b686f34bc7,"","2026-03-03"
0,"","General Interest - Internship","VENUES","United States","","",jobspy_indeed,https://www.indeed.com/viewjob?jk=eb1f6169abc1cef7,"","2026-03-09"
0,"","CrowdStrike Mobile Security Engineer","Openkyber","United States","","$65 - $80 (hourly)",jobspy_indeed,https://www.indeed.com/viewjob?jk=1d2d8232b29de47a,"","2026-03-08"
0,"","Backend Technical Lead","Openkyber","United States","","$73 - $83 (hourly)",jobspy_indeed,https://www.indeed.com/viewjob?jk=6072c96b2b84709d,"","2026-03-08"
0,"","Director of Localization","Forterra","United States","","",jobspy_indeed,https://www.indeed.com/viewjob?jk=4b257a05379fc0db,"","2026-03-05"
0,"","Security Installer","Modern Media Tech LLC","Chicago, Illinois","","$23 - $32 (hourly)",jobspy_indeed,https://www.indeed.com/viewjob?jk=9460e28661b2a560,"","2026-03-02"
0,"","Structured Cabling Technician","Mason Technologies Inc","New York, New York","","$25 - $35 (hourly)",jobspy_indeed,https://www.indeed.com/viewjob?jk=d1c263cd3ea6568f,"","2026-03-04"
0,"","Production Associate/Installer","Special Events","San Francisco, California","","$16 - $22 (hourly)",jobspy_indeed,https://www.indeed.com/viewjob?jk=3d49b6fcb06e2a80,"","2026-03-06"
0,"","Field Service Installer | Network Solutions","CBIZ","Boston, Massachusetts","","",jobspy_indeed,https://www.indeed.com/viewjob?jk=d60e98681deb20fd,"","2026-03-05"
0,"","Site Foreman","VTG Defense","Washington, DC","","",jobspy_indeed,https://www.indeed.com/viewjob?jk=ad20c00576cead41,"","2026-03-02"
0,"","Urgent hiring for Senior Business Development Representative (Partner Network Specialist)","Bluehopper","United States","","$60,000 - $75,000 (yearly)",jobspy_indeed,https://www.indeed.com/viewjob?jk=081fea0a7b710e58,"","2026-03-05"
0,"","Network Technician II (CCNA Required)","Black Box","United States","","",jobspy_indeed,https://www.indeed.com/viewjob?jk=7976319aa77a6ca3,"","2026-03-06"
0,"","Golf Simulator Installation Technician","Indoor Golf Design","United States","","$17 - $20 (hourly)",jobspy_indeed,https://www.indeed.com/viewjob?jk=25d84700d157b400,"","2026-03-06"
0,"","Audio Video Technician (AV Installer) – Contract to Permanent | Smart Homes & Luxury AV","Stealth AV","United States","","$20 - $40 (hourly)",jobspy_indeed,https://www.indeed.com/viewjob?jk=9f6e96c45ebff799,"","2026-03-06"
0,"","Entry-Level Low Voltage Installer","One Source Technologies, Inc.","United States","","",jobspy_indeed,https://www.indeed.com/viewjob?jk=6ff294bcedfd20c3,"","2026-03-06"
0,"","Lead Low-Voltage/Structured Cabling Technician – Travel Role","One Source Technologies, Inc.","United States","","",jobspy_indeed,https://www.indeed.com/viewjob?jk=0429125f63ca244e,"","2026-03-06"
0,"","Service & Project Delivery Manager","Bravas","United States","","",jobspy_indeed,https://www.indeed.com/viewjob?jk=f323339138387b6a,"","2026-03-04"
0,"","Programmer/Technician","SOUND COMPONENTS","United States","","$18 - $35 (hourly)",jobspy_indeed,https://www.indeed.com/viewjob?jk=8dabc2984885c5d3,"","2026-03-04"
0,"","Technology Superintendent I","CEC Facilities","United States","","",jobspy_indeed,https://www.indeed.com/viewjob?jk=6c0047a7ace9db9d,"","2026-03-04"
0,"","Installer/Technician","Central Technologies, Inc.","United States","","$24 - $35 (hourly)",jobspy_indeed,https://www.indeed.com/viewjob?jk=97c1e4700dd258c0,"","2026-03-04"
0,"","Audio Visual Installer / Technician","Elevate Integrated Systems","United States","","$30 - $35 (hourly)",jobspy_indeed,https://www.indeed.com/viewjob?jk=0f3de6c9d2fef051,"","2026-03-04"
0,"","Installation Technician (High-End Resi AV, Lighting, Shading, Control)","Digital Home Creations","United States","","$24 - $35 (hourly)",jobspy_indeed,https://www.indeed.com/viewjob?jk=dfaea6752ea27da7,"","2026-03-04"
0,"","Field Technology Specialist (Hospitality & Multi-Site Clients)","Davis Technology Management","United States","","$65,000 - $75,000 (yearly)",jobspy_indeed,https://www.indeed.com/viewjob?jk=5a4533c035375b74,"","2026-03-03"
0,"","Lead AV Technician","nan","United States","","$52,000 - $72,800 (yearly)",jobspy_indeed,https://www.indeed.com/viewjob?jk=598bcbc45775a3ae,"","2026-01-20"
0,"","Low Voltage Cable Installation Assistant","Paragon IT Solution","Chicago, Illinois","","$16 - $20 (hourly)",jobspy_indeed,https://www.indeed.com/viewjob?jk=f89063080f8c9af3,"","2026-03-09"
0,"","Low Voltage Technician","KOS Voice and Data","Chicago, Illinois","","$45 - $55 (hourly)",jobspy_indeed,https://www.indeed.com/viewjob?jk=ef94d817e266ebe8,"","2026-03-08"
0,"","Cable Installation Technician JN","Professional Solutions Delivered, LLC","Chicago, Illinois","","",jobspy_indeed,https://www.indeed.com/viewjob?jk=2bfe888d0c428bf2,"","2026-03-06"
0,"","Field Service Technician","Comlink Enterprises, Inc","Chicago, Illinois","","$22 - $28 (hourly)",jobspy_indeed,https://www.indeed.com/viewjob?jk=22fa231cfcbba20d,"","2026-03-06"
0,"","Machine Maintenance Technician","GereMarie Corporation","Chicago, Illinois","","$40 - $50 (hourly)",jobspy_indeed,https://www.indeed.com/viewjob?jk=a99f0da9527a6de6,"","2026-03-06"
0,"","Alarm Technician","T&W Alarms","Chicago, Illinois","","$25 - $30 (hourly)",jobspy_indeed,https://www.indeed.com/viewjob?jk=0cc41e993198b3a1,"","2026-03-06"
0,"","Senior Field Maintenance Manager","Waterway Carwash","Chicago, Illinois","","$85,000 - $95,000 (yearly)",jobspy_indeed,https://www.indeed.com/viewjob?jk=1a96c57ad371eab2,"","2026-03-05"
0,"","Field Service Technician – Customer Service","Premier Tech","Chicago, Illinois","","",jobspy_indeed,https://www.indeed.com/viewjob?jk=f3dd8de443449612,"","2026-03-05"
0,"","Maintenance Tech - Day Shift","GXO Logistics","Chicago, Illinois","","",jobspy_indeed,https://www.indeed.com/viewjob?jk=0903045e610b3dfa,"","2026-03-05"
0,"","Field Service Technician","Accel Entertainment Gaming, LLC.","Chicago, Illinois","","$18 - $32 (hourly)",jobspy_indeed,https://www.indeed.com/viewjob?jk=39b5b41cc1013201,"","2026-03-05"
0,"","Infrastructure Technician","mangelo@infinitytechnologies.com","Chicago, Illinois","","$25 - $28 (hourly)",jobspy_indeed,https://www.indeed.com/viewjob?jk=5b8a4100a46d6132,"","2026-03-04"
0,"","Field Service Technician - Melrose Park, IL","Rivian","Chicago, Illinois","","",jobspy_indeed,https://www.indeed.com/viewjob?jk=898293b6e094791a,"","2026-01-29"
0,"","Maintenance Technician","Eddie Kane Steel Products","New York, New York","","$28 - $32 (hourly)",jobspy_indeed,https://www.indeed.com/viewjob?jk=90c88454a69c6f30,"","2026-03-07"
0,"","Low Voltage Technician","Top system alarm","New York, New York","","$37,000 - $55,000 (yearly)",jobspy_indeed,https://www.indeed.com/viewjob?jk=96bb77199aa22878,"","2026-03-07"
0,"","Cable Installation Technician JN","Professional Solutions Delivered, LLC","New York, New York","","",jobspy_indeed,https://www.indeed.com/viewjob?jk=d1e218c796afb3a1,"","2026-03-06"
0,"","Mobile Service Technician, Plainview","Lucid Motors","New York, New York","","$31 - $43 (hourly)",jobspy_indeed,https://www.indeed.com/viewjob?jk=17e5878942c04665,"","2026-03-06"
0,"","Field Service Power Generation Technician","Cummins","New York, New York","","",jobspy_indeed,https://www.indeed.com/viewjob?jk=234bbb5c6edf5926,"","2026-03-06"
0,"","Low Voltage Service Technician (Security)","Paragon Security & Locksmith","New York, New York","","$30 - $55 (hourly)",jobspy_indeed,https://www.indeed.com/viewjob?jk=30deb52deaba52ed,"","2026-03-06"
0,"","Security Installation Technician","Digital Provisions","New York, New York","","",jobspy_indeed,https://www.indeed.com/viewjob?jk=1f572f0eeb25e60f,"","2026-03-05"
0,"","SERVICE TECHNICIAN/LOW VOLTAGE TECHNICIAN-Healthcare and Hospital equipment","CCI Healthcare Systems Group Corp","New York, New York","","$25 - $35 (hourly)",jobspy_indeed,https://www.indeed.com/viewjob?jk=5c3f29eac8336881,"","2026-03-05"
0,"","Senior Facilities Manager","Pro Skate Arena","New York, New York","","",jobspy_indeed,https://www.indeed.com/viewjob?jk=7a506aaedd4f577c,"","2026-03-05"
0,"","Fire Alarm & Security Apprentice","Summit Fire & Security","New York, New York","","$20 - $25 (hourly)",jobspy_indeed,https://www.indeed.com/viewjob?jk=02c6406d68f87274,"","2026-03-05"
0,"","Electrician","Parkplus","New York, New York","","$30 - $42 (hourly)",jobspy_indeed,https://www.indeed.com/viewjob?jk=86b367696744746a,"","2026-03-04"
0,"","Electrical & Instrumentation Technician","Reworld","New York, New York","","$82,900 - $110,400 (yearly)",jobspy_indeed,https://www.indeed.com/viewjob?jk=5306c22708d2d3da,"","2026-03-04"
0,"","Fire Alarm Technician","Paragon Security & Locksmith","New York, New York","","$30 - $45 (hourly)",jobspy_indeed,https://www.indeed.com/viewjob?jk=204e5375b6458887,"","2026-03-04"
0,"","Fire Alarm Technician","Shore Point Fire Protection Co","New York, New York","","$23 - $35 (hourly)",jobspy_indeed,https://www.indeed.com/viewjob?jk=b1dfceda9bc184ea,"","2026-03-04"
0,"","Cable Installation Technician JN","Professional Solutions Delivered, LLC","San Francisco, California","","",jobspy_indeed,https://www.indeed.com/viewjob?jk=bb2a0e801a36f92c,"","2026-03-06"
0,"","Facilities Maintenance Technician","United Airlines","San Francisco, California","","",jobspy_indeed,https://www.indeed.com/viewjob?jk=a2315b04e2f2aa29,"","2026-03-06"
0,"","HVAC Technician - Maintenance IV","Stanford University","San Francisco, California","","",jobspy_indeed,https://www.indeed.com/viewjob?jk=b6c9a124f3f70c9e,"","2026-03-05"
0,"","Manufacturing Equip Maint Technician (Swing)","Sanmina","San Francisco, California","","$74,880 - $77,896 (yearly)",jobspy_indeed,https://www.indeed.com/viewjob?jk=7f4be73db341d8f9,"","2026-03-04"
0,"","Union Data Center Lead Technician","CBRE","San Francisco, California","","$39 - $44 (hourly)",jobspy_indeed,https://www.indeed.com/viewjob?jk=16eb498c048df563,"","2026-03-03"
0,"","Field Install Tech II","Schneider Electric","San Francisco, California","","",jobspy_indeed,https://www.indeed.com/viewjob?jk=d2641dafdffe3f20,"","2026-03-03"
0,"","Installation Technician - Senior","Professional Solutions Delivered, LLC","San Francisco, California","","$90,000 - $110,000 (yearly)",jobspy_indeed,https://www.indeed.com/viewjob?jk=c8d242c801f7f44c,"","2026-03-03"
0,"","Fire & Sprinkler Inspection Technician","Pyro-Comm Systems Inc","San Francisco, California","","$25 - $35 (hourly)",jobspy_indeed,https://www.indeed.com/viewjob?jk=6eb9015c3080b173,"","2026-03-03"
0,"","Advanced Automotive Technician - Tech 2 (LOCAL)","Formel D","San Francisco, California","","",jobspy_indeed,https://www.indeed.com/viewjob?jk=0344aee7fb21ebc2,"","2026-03-03"
0,"","Installation Technician - Journeyman","Professional Solutions Delivered, LLC","San Francisco, California","","$75,000 - $90,000 (yearly)",jobspy_indeed,https://www.indeed.com/viewjob?jk=03c767933148b490,"","2026-03-03"
0,"","Electrical Control Technician","Turner Mining Group LLC","San Francisco, California","","$50 - $52 (hourly)",jobspy_indeed,https://www.indeed.com/viewjob?jk=d2dd9e5be4918154,"","2026-03-01"
0,"","Traveling Electronic Security Systems Technician","Evergreen Fire & Security","Seattle, Washington","","$30 - $45 (hourly)",jobspy_indeed,https://www.indeed.com/viewjob?jk=5c3f03f2091e2175,"","2026-03-08"
0,"","Fire Alarm Service Technician - Seattle","Commercial Fire Protection, Inc.","Seattle, Washington","","$42 - $50 (hourly)",jobspy_indeed,https://www.indeed.com/viewjob?jk=5d9e4663ef8db994,"","2026-03-06"
0,"","Cable Installation Technician JN","Professional Solutions Delivered, LLC","Seattle, Washington","","",jobspy_indeed,https://www.indeed.com/viewjob?jk=8afc922abbedee07,"","2026-03-06"
0,"","CCTV & Locksmith Technician","Safeway","Seattle, Washington","","",jobspy_indeed,https://www.indeed.com/viewjob?jk=88eac1c7d73a730b,"","2026-03-06"
0,"","Data Center Infrastructure Technician (06 Licensed)","Blueprint Technologies","Seattle, Washington","","$80,000 - $95,000 (yearly)",jobspy_indeed,https://www.indeed.com/viewjob?jk=b97a1ebeadc40f78,"","2026-03-05"
0,"","Developmental & Test Mechanic","Boeing","Seattle, Washington","","$31 - $59 (hourly)",jobspy_indeed,https://www.indeed.com/viewjob?jk=c051d1745725ebf7,"","2026-03-05"
0,"","Service Tech I","Guardian Security Systems, Inc.","Seattle, Washington","","$25 - $35 (hourly)",jobspy_indeed,https://www.indeed.com/viewjob?jk=8ac8aa9827dbfb28,"","2026-03-03"
0,"","Installation Technician - Senior","Professional Solutions Delivered, LLC","Seattle, Washington","","$90,000 - $110,000 (yearly)",jobspy_indeed,https://www.indeed.com/viewjob?jk=aa0e648e3945692c,"","2026-03-03"
0,"","Installation Technician - Journeyman","Professional Solutions Delivered, LLC","Seattle, Washington","","$75,000 - $90,000 (yearly)",jobspy_indeed,https://www.indeed.com/viewjob?jk=5fa4e1b2d7b340f0,"","2026-03-03"
0,"","Field Service Technician - Canton, MA","Rivian","Boston, Massachusetts","","",jobspy_indeed,https://www.indeed.com/viewjob?jk=38c527a6d4a1a160,"","2026-03-06"
0,"","Field Service Technician, Night Shift - Hudson, NH","Rivian","Boston, Massachusetts","","",jobspy_indeed,https://www.indeed.com/viewjob?jk=c36f92c22b2937d8,"","2025-08-11"
0,"","Field Service Technician","RL Controls","Boston, Massachusetts","","$25 - $35 (hourly)",jobspy_indeed,https://www.indeed.com/viewjob?jk=f84b8e3510d21adb,"","2026-03-05"
0,"","Traffic Signal & Fire Alarm Systems Maintainer","City of Haverhill Wastewater Treatment Plant","Boston, Massachusetts","","$1,029 - $1,292 (weekly)",jobspy_indeed,https://www.indeed.com/viewjob?jk=c62156efab1f1bdb,"","2026-03-05"
0,"","Preventative Maintenance Technician - MA","nan","Boston, Massachusetts","","$38 - $48 (hourly)",jobspy_indeed,https://www.indeed.com/viewjob?jk=d090c7bf418ce73d,"","2026-03-05"
0,"","Gate & Automation Service Technician (Commercial & Residential)","Premier-Fence LLC","Boston, Massachusetts","","$20 - $32 (hourly)",jobspy_indeed,https://www.indeed.com/viewjob?jk=2debd1d05469cd36,"","2026-03-04"
0,"","Automation Technician I","Stark Tech","Boston, Massachusetts","","",jobspy_indeed,https://www.indeed.com/viewjob?jk=bba62bcdde80f33e,"","2026-03-03"
0,"","Medical Device Technician","Formac Inc","Boston, Massachusetts","","$25 - $35 (hourly)",jobspy_indeed,https://www.indeed.com/viewjob?jk=180d7d113ee64d9b,"","2026-03-03"
0,"","Instrumentation, Controls & Electrical Technician","EthosEnergy","Boston, Massachusetts","","",jobspy_indeed,https://www.indeed.com/viewjob?jk=18722ef25f0cdbc7,"","2026-03-02"
0,"","Industrial Maintenance Technician","Casella Waste Systems, Inc.","Boston, Massachusetts","","$26 - $50 (hourly)",jobspy_indeed,https://www.indeed.com/viewjob?jk=618c17a3166078db,"","2026-01-27"
0,"","Industrial Maintenance Technician (Industrial Mechanic)","Trojan Battery Company","Los Angeles, California","","$32 - $37 (hourly)",jobspy_indeed,https://www.indeed.com/viewjob?jk=b53249835e910ae5,"","2026-03-08"
0,"","Maintenance Technician (Industrial Manufacturing Mechanic-5+ Years Experience Required)","Trojan Battery Company","Los Angeles, California","","$32 - $38 (hourly)",jobspy_indeed,https://www.indeed.com/viewjob?jk=c680477e8071c9c9,"","2026-03-08"
0,"","Alarm Technician","SafetyCentric","Los Angeles, California","","",jobspy_indeed,https://www.indeed.com/viewjob?jk=2c3e4eb7ebfeb761,"","2026-03-07"
0,"","Maintenance Technician 2 - Brea Mall","Nordstrom","Los Angeles, California","","$23 - $41 (hourly)",jobspy_indeed,https://www.indeed.com/viewjob?jk=202d00a8e4e778f2,"","2026-03-06"
0,"","Cable Installation Technician JN","Professional Solutions Delivered, LLC","Los Angeles, California","","",jobspy_indeed,https://www.indeed.com/viewjob?jk=108898a6accc8967,"","2026-03-06"
0,"","Alarm Technician","Bay Alarm","Los Angeles, California","","$21 - $23 (hourly)",jobspy_indeed,https://www.indeed.com/viewjob?jk=61c92ea7c0695b01,"","2026-03-06"
0,"","ISP Tech 3","Congruex","Los Angeles, California","","",jobspy_indeed,https://www.indeed.com/viewjob?jk=dc08a44229f6da37,"","2026-03-06"
0,"","Field Service Technician","Socomec, Inc.","Los Angeles, California","","$75,000 - $80,000 (yearly)",jobspy_indeed,https://www.indeed.com/viewjob?jk=a24643a69791527b,"","2026-03-05"
0,"","Fire & Sprinkler Inspection Technician","Pyro-Comm Systems Inc","Los Angeles, California","","$25 - $35 (hourly)",jobspy_indeed,https://www.indeed.com/viewjob?jk=4a752f3a6e134904,"","2026-03-05"
0,"","Low Voltage Technician- 3rd Shift","Fire and Security Company","Los Angeles, California","","$22 - $30 (hourly)",jobspy_indeed,https://www.indeed.com/viewjob?jk=587a0648dc14b40a,"","2026-03-04"
0,"","Master Security Technician","Enterprise Security","Los Angeles, California","","$25 - $45 (hourly)",jobspy_indeed,https://www.indeed.com/viewjob?jk=63dbc672f9fb387c,"","2026-03-04"
0,"","Field Service Technician","Willick Enginnering","Los Angeles, California","","",jobspy_indeed,https://www.indeed.com/viewjob?jk=e49e24a45ae95b8a,"","2026-03-04"
0,"","Facilities Maintenance Technician","Ramona's Mexican Food Products","Los Angeles, California","","$24 - $27 (hourly)",jobspy_indeed,https://www.indeed.com/viewjob?jk=163d366de2ff788d,"","2026-03-04"
0,"","Junior Electronic Security System Technician","Evergreen Fire & Security","Washington, DC","","$21 - $30 (hourly)",jobspy_indeed,https://www.indeed.com/viewjob?jk=bd52a87edbb830f0,"","2026-03-08"
0,"","Electronic Security Systems Technician","Evergreen Fire & Security","Washington, DC","","$30 - $45 (hourly)",jobspy_indeed,https://www.indeed.com/viewjob?jk=e630158ea34a6825,"","2026-03-08"
0,"","Structured Cabling Telecom Technician","Total Systems and Communications","Washington, DC","","$23 - $37 (hourly)",jobspy_indeed,https://www.indeed.com/viewjob?jk=6e2f3b63473e917e,"","2026-03-08"
0,"","Cable Installation Technician JN","Professional Solutions Delivered, LLC","Washington, DC","","",jobspy_indeed,https://www.indeed.com/viewjob?jk=9b3f669238aa7769,"","2026-03-06"
0,"","HVAC Helper","White Goods Services, Inc.","United States","","$18 - $22 (hourly)",jobspy_indeed,https://www.indeed.com/viewjob?jk=f217a3eb25271298,"","2026-03-09"
0,"","Electrician /Mechanic/PLC","Leiby's Dairy Inc.","United States","","$27 - $34 (hourly)",jobspy_indeed,https://www.indeed.com/viewjob?jk=aa3adf702886ff55,"","2026-03-09"
0,"","Lead Low Voltage Technician","Nelson Communications","United States","","$25 - $32 (hourly)",jobspy_indeed,https://www.indeed.com/viewjob?jk=3bbfb1c18c693225,"","2026-03-09"
0,"","Electronics Technician - Medical Electronics","MIT Labs, LLC","United States","","$18 - $30 (hourly)",jobspy_indeed,https://www.indeed.com/viewjob?jk=3f9a8e329c94c620,"","2026-03-09"
0,"","Low-Voltage Cabling Technician","Les Olson Company","United States","","$30 - $33 (hourly)",jobspy_indeed,https://www.indeed.com/viewjob?jk=7fc0ee614b9580b2,"","2026-03-09"
0,"","Low Voltage Technician Apprentice","Twin City Telephone","United States","","",jobspy_indeed,https://www.indeed.com/viewjob?jk=b64339d1faa16b78,"","2026-03-09"
0,"","Automotive Calibration Technician","nan","United States","","$26 - $35 (hourly)",jobspy_indeed,https://www.indeed.com/viewjob?jk=66ecb5742edd1749,"","2026-03-09"
0,"","Fire Alarm Inspector","MILITIA HILL SECURITY","United States","","$15 - $32 (hourly)",jobspy_indeed,https://www.indeed.com/viewjob?jk=0b053715729e32a9,"","2026-03-09"
0,"","BICSI Technician","Gaylor Electric","United States","","",jobspy_indeed,https://www.indeed.com/viewjob?jk=3ad46b1240fe62d2,"","2026-03-09"
0,"","Industrial Electrical Instrumentation (E&I) Technician","East Polk, LLC","United States","","$25 - $35 (hourly)",jobspy_indeed,https://www.indeed.com/viewjob?jk=3911cb7c111e71e1,"","2026-03-09"
0,"","Commercial Service/Install Technician -5 years exp required-NICET III preferred","American Alarm Corp.","United States","","$25 - $45 (hourly)",jobspy_indeed,https://www.indeed.com/viewjob?jk=65bc4b259fb5cfcc,"","2026-03-09"
0,"","Low Voltage Systems Technician","Integrity Systems LLC","United States","","",jobspy_indeed,https://www.indeed.com/viewjob?jk=5a9f1487bb5ece9f,"","2026-03-09"
0,"","Industrial & Critical Infrastructure Technician","OneLinkUSA","United States","","",jobspy_indeed,https://www.indeed.com/viewjob?jk=966247a3c1bb6269,"","2026-03-08"
0,"","Traveling Electronic Security Systems Technician","Evergreen Fire & Security","United States","","$30 - $45 (hourly)",jobspy_indeed,https://www.indeed.com/viewjob?jk=f9bddd0826d3cf7e,"","2026-03-08"
0,"","Lead HVAC Installer","A+ Air Conditioning and Refrigeration","United States","","$25 - $35 (hourly)",jobspy_indeed,https://www.indeed.com/viewjob?jk=b27e9377b992a577,"","2026-03-07"
0,"","Lead Electrician - Electrical Technician","Caloosa Cooling","United States","","$32 - $38 (hourly)",jobspy_indeed,https://www.indeed.com/viewjob?jk=f953fa5e25544bdc,"","2026-03-07"
0,"","Journeyman HVAC Installation Technician","Brandt Heating and Air Conditioning","United States","","$26 - $34 (hourly)",jobspy_indeed,https://www.indeed.com/viewjob?jk=d7e4866f5790ef35,"","2026-03-06"
0,"","Commercial HVAC Tech","ABC Mechanical","United States","","",jobspy_indeed,https://www.indeed.com/viewjob?jk=d472f140bf492d2c,"","2026-01-07"
0,"","Field Service Technician Level II - Central Ohio","K Group Companies","Remote","","",jobspy_indeed,https://www.indeed.com/viewjob?jk=37abe58af5a7c57c,"","2026-03-06"
0,"","Field Service Technician Level II – Indianapolis, Indiana","K Group Companies","Remote","","",jobspy_indeed,https://www.indeed.com/viewjob?jk=2d344c910d17550d,"","2026-03-06"
0,"","Field Service Technician Level II – Des Moines, Iowa","K Group Companies","Remote","","",jobspy_indeed,https://www.indeed.com/viewjob?jk=29819ec4d4df9d7c,"","2026-03-06"
0,"","Field Service Technician II (Southeast MI)","K Group Companies","Remote","","",jobspy_indeed,https://www.indeed.com/viewjob?jk=92a502dbd3ef8f10,"","2026-03-06"
0,"","Field Service Technician","DVM","Remote","","$33 - $43 (hourly)",jobspy_indeed,https://www.indeed.com/viewjob?jk=35e5a1e0746d00d8,"","2026-03-05"
0,"","Field Service Engineer/Low Voltage Technician","nan","Remote","","$20 - $35 (hourly)",jobspy_indeed,https://www.indeed.com/viewjob?jk=3b3b5b5deeabf64e,"","2026-03-02"
0,"","Audio Visual Systems Engineer","ServiceNow","United States","","",jobspy_indeed,https://www.indeed.com/viewjob?jk=6bc87cf2b73f7632,"","2026-03-06"
0,"","Broadcast Systems Engineer","CentralCast Alliance","United States","","$75,000 - $85,000 (yearly)",jobspy_indeed,https://www.indeed.com/viewjob?jk=50b57ad57e7a3775,"","2026-03-06"
0,"","Hardware Support Engineer","sevenhillsgrouptech","United States","","$32 - $35 (hourly)",jobspy_indeed,https://www.indeed.com/viewjob?jk=ff3486241be8d38c,"","2026-03-06"
0,"","Camera & Livestream Output Technician/Seasonal Employment (2026)","The Chautauqua Institution","United States","","",jobspy_indeed,https://www.indeed.com/viewjob?jk=d5ff51efc7f03bf9,"","2026-03-06"
0,"","Assistant Professor of Live Experience Design and Production","Pennsylvania College of Art & Design","United States","","",jobspy_indeed,https://www.indeed.com/viewjob?jk=584a4f027723e4a6,"","2026-03-05"
0,"","Chief Engineer – Jonesboro Media Group","SAGA Communications","United States","","",jobspy_indeed,https://www.indeed.com/viewjob?jk=dfa5923130c67a31,"","2026-03-05"
0,"","Chief Engineer","Jonesboro Media Group","United States","","$55,000 - $75,000 (yearly)",jobspy_indeed,https://www.indeed.com/viewjob?jk=a89514da8bc5b6b9,"","2026-03-05"
0,"","Assistant Chief Engineer","Washburn University","United States","","",jobspy_indeed,https://www.indeed.com/viewjob?jk=cf8483dffded9ae4,"","2026-03-04"
0,"","Broadcast Engineer","TEGNA","United States","","",jobspy_indeed,https://www.indeed.com/viewjob?jk=a095db85959c8127,"","2026-03-04"
0,"","RF TECHNICIAN","Chugach Government Solutions","United States","","$70,000 - $98,000 (yearly)",jobspy_indeed,https://www.indeed.com/viewjob?jk=642e5d85a300a617,"","2023-07-07"
0,"","Project Engineer","Nestlé USA","Chicago, Illinois","","$97,000 - $117,000 (yearly)",jobspy_indeed,https://www.indeed.com/viewjob?jk=6dd68684f94ff796,"","2026-03-08"
0,"","Automation Technician II","DHL","Chicago, Illinois","","$28 - $38 (hourly)",jobspy_indeed,https://www.indeed.com/viewjob?jk=acd56aac4801acdf,"","2026-03-06"
0,"","Biomedical Engineer (Clinical Specialist)","Brainlab","Chicago, Illinois","","$65,000 - $85,000 (yearly)",jobspy_indeed,https://www.indeed.com/viewjob?jk=e83bb9a8938ca653,"","2026-03-06"
0,"","Maintenance Worker / Class C Janitor","Community Specialists","Chicago, Illinois","","",jobspy_indeed,https://www.indeed.com/viewjob?jk=eca7c7239b518a5d,"","2026-03-06"
0,"","CNC Machinist","Broadwind","Chicago, Illinois","","",jobspy_indeed,https://www.indeed.com/viewjob?jk=1dae8b6f4adb3765,"","2026-03-06"
0,"","Technology Operations Manager","Cresco Labs","Chicago, Illinois","","$70,000 - $80,000 (yearly)",jobspy_indeed,https://www.indeed.com/viewjob?jk=2ceaf3da3dfb1b19,"","2026-03-06"
0,"","ILUS - Account Executive - Aftermarket","Daifuku Intralogistics America","Chicago, Illinois","","",jobspy_indeed,https://www.indeed.com/viewjob?jk=b12e68ac4866a303,"","2026-03-06"
0,"","Account Executive - Aftermarket","Daifuku","Chicago, Illinois","","",jobspy_indeed,https://www.indeed.com/viewjob?jk=005bc20bc6bf2776,"","2026-03-06"
0,"","Algorithm & Modeling Engineer Level 3/4","Northrop Grumman","Chicago, Illinois","","$105,400 - $158,000 (yearly)",jobspy_indeed,https://www.indeed.com/viewjob?jk=2807d92d833fb184,"","2026-03-05"
0,"","BIM Coordinator","dbHMS","Chicago, Illinois","","$65,000 - $85,000 (yearly)",jobspy_indeed,https://www.indeed.com/viewjob?jk=796c2098d4fe8c33,"","2026-03-05"
0,"","IGA/IAM Senior Engineer","Tata Consultancy Services (TCS)","Chicago, Illinois","","$100,000 - $140,000 (yearly)",jobspy_indeed,https://www.indeed.com/viewjob?jk=5d2f7e98c53bb316,"","2026-03-05"
0,"","Lead Technical SEM Manager - Scribd.com","Scribd, Inc.","Chicago, Illinois","","$106,500 - $201,500 (yearly)",jobspy_indeed,https://www.indeed.com/viewjob?jk=fa050ecc311b5710,"","2026-03-05"
0,"","Brand Designer","Tovala","Chicago, Illinois","","$70,000 - $95,000 (yearly)",jobspy_indeed,https://www.indeed.com/viewjob?jk=3f0017bd11906d8c,"","2026-03-05"
0,"","Senior Electronic Technologist","S&C Electric Company","Chicago, Illinois","","$63,000 - $78,800 (yearly)",jobspy_indeed,https://www.indeed.com/viewjob?jk=799dee830ca3c4f2,"","2026-03-05"
0,"","Legal Engineer","Legora AB","Chicago, Illinois","","$225,000 - $325,000 (yearly)",jobspy_indeed,https://www.indeed.com/viewjob?jk=c35eb1a8f8ebca21,"","2026-03-05"
0,"","Senior Packaging Engineer - Sustainability","Mars","Chicago, Illinois","","$108,160 - $148,720 (yearly)",jobspy_indeed,https://www.indeed.com/viewjob?jk=6a7e68133d74d06a,"","2026-03-04"
0,"","Packaging Engineer- Sustainability","Mars","Chicago, Illinois","","$101,120 - $139,040 (yearly)",jobspy_indeed,https://www.indeed.com/viewjob?jk=146f8dfd3a8bf4e6,"","2026-03-04"
0,"","Highway Design Engineering Assistant","State of Indiana","Chicago, Illinois","","",jobspy_indeed,https://www.indeed.com/viewjob?jk=b4637c48d19e36ee,"","2026-03-04"
0,"","Robotics Software QA and Delivery Engineer - Chicago, IL","Formic","Chicago, Illinois","","$115,000 - $165,000 (yearly)",jobspy_indeed,https://www.indeed.com/viewjob?jk=799a4facd0249423,"","2026-03-04"
0,"","Union Operating Engineer","CBRE","Chicago, Illinois","","$100,000 - $103,000 (yearly)",jobspy_indeed,https://www.indeed.com/viewjob?jk=2d5af69b14249028,"","2026-02-27"
0,"","Energy Systems Analyst III (Team Lead)","ENFRA","Chicago, Illinois","","$84,546 - $112,821 (yearly)",jobspy_indeed,https://www.indeed.com/viewjob?jk=de46435e2815c1ac,"","2026-03-03"
0,"","Principal Packaging Engineer - Sustainability","Mars","Chicago, Illinois","","$153,600 - $211,200 (yearly)",jobspy_indeed,https://www.indeed.com/viewjob?jk=eeaffd037187b11c,"","2026-03-03"
0,"","Engineer","nan","Chicago, Illinois","","",jobspy_indeed,https://www.indeed.com/viewjob?jk=6503f9e08b9ae6ee,"","2026-03-03"
0,"","Sales Representative","The New York House of Engineers (NYHE)","New York, New York","","$76,686 - $88,267 (yearly)",jobspy_indeed,https://www.indeed.com/viewjob?jk=79f58502271590e6,"","2026-03-07"
0,"","Data Engineer","Realign","New York, New York","","",jobspy_indeed,https://www.indeed.com/viewjob?jk=6b07d1d730475ca4,"","2026-03-07"
0,"","Project Operations Manager","The New York House of Engineers (NYHE)","New York, New York","","$76,866 - $92,570 (yearly)",jobspy_indeed,https://www.indeed.com/viewjob?jk=24a4d90036927592,"","2026-03-07"
0,"","Construction Scheduler- Data Center Delivery","Quanta Infrastructure Solutions Group","New York, New York","","$111,000 - $145,000 (yearly)",jobspy_indeed,https://www.indeed.com/viewjob?jk=16ee9cf92405d784,"","2026-03-06"
0,"","Materials Manager","Quanta Infrastructure Solutions Group","New York, New York","","$120,000 - $140,000 (yearly)",jobspy_indeed,https://www.indeed.com/viewjob?jk=0e619c076cbb4b33,"","2026-03-06"
0,"","Growth Engineer (GTM Systems)","Nitra","New York, New York","","$150,000 - $190,000 (yearly)",jobspy_indeed,https://www.indeed.com/viewjob?jk=9c43c22b08ef37d1,"","2026-03-06"
0,"","Maintenance Technician","Archer Hotel Florham Park","New York, New York","","",jobspy_indeed,https://www.indeed.com/viewjob?jk=938b7264623ef335,"","2026-03-06"
0,"","Resident Engineer","The New York House of Engineers (NYHE)","New York, New York","","$91,008 - $109,601 (yearly)",jobspy_indeed,https://www.indeed.com/viewjob?jk=4ee0f26e70448fcf,"","2026-03-06"
0,"","Market Operations Specialist","Novig","New York, New York","","$70,000 - $90,000 (yearly)",jobspy_indeed,https://www.indeed.com/viewjob?jk=3feeb0085057a205,"","2026-03-06"
0,"","IT Support Intern","Trillium Trading, LLC","New York, New York","","",jobspy_indeed,https://www.indeed.com/viewjob?jk=236df01d112f2bbf,"","2026-03-06"
0,"","Data Platform Engineer","Treeswift","New York, New York","","$160,000 - $200,000 (yearly)",jobspy_indeed,https://www.indeed.com/viewjob?jk=40b2b848824ce2b9,"","2026-03-06"
0,"","Inspector","New York State Department of Transportation","New York, New York","","$66,330 - $99,528 (yearly)",jobspy_indeed,https://www.indeed.com/viewjob?jk=fb5227ac5ad60b52,"","2026-03-06"
0,"","Inspector","New York City Department of Transportation","New York, New York","","$57,323 - $84,334 (yearly)",jobspy_indeed,https://www.indeed.com/viewjob?jk=90484ab9477da4ee,"","2026-03-06"
0,"","Executive Director, Traffic Control & Engineering","New York State Department of Transportation","New York, New York","","$83,718 - $223,299 (yearly)",jobspy_indeed,https://www.indeed.com/viewjob?jk=6ba87f2c4f4d6521,"","2026-03-06"
0,"","Property Manager - Condo/Coop","Argo Real Estate","New York, New York","","$110,000 - $130,000 (yearly)",jobspy_indeed,https://www.indeed.com/viewjob?jk=507496313d56f9fd,"","2026-03-06"
0,"","Engineer","EQX Hotel Management LLC","New York, New York","","",jobspy_indeed,https://www.indeed.com/viewjob?jk=e212be142b04febd,"","2026-03-05"
0,"","Performance Marketing Analyst - Paid Social","Novig","New York, New York","","$100,000 - $130,000 (yearly)",jobspy_indeed,https://www.indeed.com/viewjob?jk=b1dea3c840369b63,"","2026-03-05"
0,"","Assoc. Dir , Data Engineering","Merck","New York, New York","","$142,400 - $224,100 (yearly)",jobspy_indeed,https://www.indeed.com/viewjob?jk=6065f6012a207ad6,"","2026-03-05"
0,"","Electrical Engineer II","PAE Consulting Engineers Inc.","New York, New York","","$89,800 - $116,300 (yearly)",jobspy_indeed,https://www.indeed.com/viewjob?jk=378b50f44629e3e5,"","2026-03-05"
0,"","Lead Technical SEM Manager - Scribd.com","Scribd, Inc.","New York, New York","","$106,500 - $201,500 (yearly)",jobspy_indeed,https://www.indeed.com/viewjob?jk=281d748f7df079f2,"","2026-03-05"
0,"","Luxury Condo/Coop Resident Manager","Douglas Elliman Property Mgmt","New York, New York","","$80,000 - $120,000 (yearly)",jobspy_indeed,https://www.indeed.com/viewjob?jk=896194b970d6def2,"","2026-01-27"
0,"","Program Director - SIS","Skanska","San Francisco, California","","$175,000 - $230,000 (yearly)",jobspy_indeed,https://www.indeed.com/viewjob?jk=e6453be2cca544ee,"","2026-03-06"
0,"","Field Service Engineer (Knoxville/ATL)","Cutera Inc","San Francisco, California","","$80,000 - $100,000 (yearly)",jobspy_indeed,https://www.indeed.com/viewjob?jk=152656756d9c7431,"","2026-03-06"
0,"","Sr. System Engineer (GPU/Server)","Super Micro Computer, Inc.","San Francisco, California","","$140,000 - $158,000 (yearly)",jobspy_indeed,https://www.indeed.com/viewjob?jk=d7b9478b11314d3f,"","2026-03-06"
0,"","Materials Integration Engineer, Cell Design","Tesla","San Francisco, California","","$91,600 - $164,400 (yearly)",jobspy_indeed,https://www.indeed.com/viewjob?jk=81f68eee04457ad8,"","2026-03-06"
0,"","Electrical Engineer, AI Inference Hardware, Optimus","Tesla","San Francisco, California","","$160,000 - $282,000 (yearly)",jobspy_indeed,https://www.indeed.com/viewjob?jk=d7767d012df5b906,"","2026-03-06"
0,"","Project Manager, Design Team","ALFATECH","San Francisco, California","","$130,000 - $165,000 (yearly)",jobspy_indeed,https://www.indeed.com/viewjob?jk=dd4ba891a279bf56,"","2026-03-06"
0,"","Electrical Engineering Intern","Logitech","San Francisco, California","","$39 - $40 (hourly)",jobspy_indeed,https://www.indeed.com/viewjob?jk=2157d065c98a0227,"","2026-03-06"
0,"","Stationary Engineer","Moscone center","San Francisco, California","","",jobspy_indeed,https://www.indeed.com/viewjob?jk=d3fc8f543007ef01,"","2026-03-06"
0,"","Electrical Engineer - Consumer Electronics","DoorDash","San Francisco, California","","$170,000 - $250,000 (yearly)",jobspy_indeed,https://www.indeed.com/viewjob?jk=a408b6de3f302c58,"","2026-03-06"
0,"","Quality Engineer","Sanmina","San Francisco, California","","$100,000 - $120,000 (yearly)",jobspy_indeed,https://www.indeed.com/viewjob?jk=513bdd9d3cfef063,"","2026-03-06"
0,"","Transportation Design Engineer II (EIT)","Mark Thomas","San Francisco, California","","$76,960 - $120,016 (yearly)",jobspy_indeed,https://www.indeed.com/viewjob?jk=cf1414ecc8db4140,"","2026-03-06"
0,"","Senior Mechanical Systems Engineer, Platforms","Google","San Francisco, California","","$159,000 - $233,000 (yearly)",jobspy_indeed,https://www.indeed.com/viewjob?jk=5cce61cf4cd9d29b,"","2026-03-06"
0,"","Electrical Engineer II","PAE Consulting Engineers Inc.","San Francisco, California","","$96,800 - $125,300 (yearly)",jobspy_indeed,https://www.indeed.com/viewjob?jk=7be4f454d5a156c0,"","2026-03-05"
0,"","Lead Technical SEM Manager - Scribd.com","Scribd, Inc.","San Francisco, California","","$106,500 - $201,500 (yearly)",jobspy_indeed,https://www.indeed.com/viewjob?jk=1c49182e2c4810a8,"","2026-03-05"
0,"","Property Manager","Alexandria Real Estate Equities","San Francisco, California","","$110,000 - $155,000 (yearly)",jobspy_indeed,https://www.indeed.com/viewjob?jk=e2bf237f6d670115,"","2026-03-05"
0,"","Water Resources Specialist I or II","City Of Port Townsend","Seattle, Washington","","$34 - $41 (hourly)",jobspy_indeed,https://www.indeed.com/viewjob?jk=2a8975eb4e776281,"","2026-03-06"
0,"","Integration & Development Test Engineer (2026-032)","Astronics","Seattle, Washington","","$79,293 - $118,940 (yearly)",jobspy_indeed,https://www.indeed.com/viewjob?jk=1ef64b8eb906f141,"","2026-03-06"
0,"","Sr Software Engineer","T-Mobile","Seattle, Washington","","$113,600 - $205,000 (yearly)",jobspy_indeed,https://www.indeed.com/viewjob?jk=bceb9c0082fa6ebe,"","2026-03-06"
0,"","FW Engineer","Wipro","Seattle, Washington","","$100,000 - $180,000 (yearly)",jobspy_indeed,https://www.indeed.com/viewjob?jk=9a7123f85e613968,"","2026-03-06"
0,"","Electrical Senior Engineer","Delta E Consulting","Seattle, Washington","","$115,000 - $150,000 (yearly)",jobspy_indeed,https://www.indeed.com/viewjob?jk=5bf333d5cac3ba50,"","2026-03-06"
0,"","Marketing Coordinator (Corporate Shared Services)","DOWL","Seattle, Washington","","$34 - $51 (hourly)",jobspy_indeed,https://www.indeed.com/viewjob?jk=901399230d3c6895,"","2026-03-06"
0,"","Sr. Project Engineer","Par Pacific Holdings","Seattle, Washington","","$133,105 - $199,658 (yearly)",jobspy_indeed,https://www.indeed.com/viewjob?jk=334e23ede1828f82,"","2026-03-06"
0,"","Architect - II","MD Architects, PC","Seattle, Washington","","$75,000 - $105,000 (yearly)",jobspy_indeed,https://www.indeed.com/viewjob?jk=3b7d069051e29cc5,"","2026-03-06"
0,"","Software Engineer II - Microsoft AI","Microsoft","Seattle, Washington","","$100,600 - $215,400 (yearly)",jobspy_indeed,https://www.indeed.com/viewjob?jk=20a8e10e4a0ec610,"","2026-03-05"
0,"","Lead Technical SEM Manager - Scribd.com","Scribd, Inc.","Seattle, Washington","","$106,500 - $201,500 (yearly)",jobspy_indeed,https://www.indeed.com/viewjob?jk=5d0565f63d747cc3,"","2026-03-05"
0,"","Warehouse / Delivery Driver","Mid-American Elevator Co., Inc.","Seattle, Washington","","$20 - $30 (hourly)",jobspy_indeed,https://www.indeed.com/viewjob?jk=2c3ef60ff2c4a109,"","2026-03-05"
0,"","Project Engineer - Commercial Construction","Flynn Group of Companies","Seattle, Washington","","$75,000 - $90,000 (yearly)",jobspy_indeed,https://www.indeed.com/viewjob?jk=18273de12a6c60d3,"","2026-03-04"
0,"","Hotel Maintenance Engineer 2- Hilton Bellevue","Wig Properties LLC","Seattle, Washington","","",jobspy_indeed,https://www.indeed.com/viewjob?jk=25cfaba1749a2fa9,"","2026-03-04"
0,"","Software Engineer, DevOps/Infra","Helion Energy","Seattle, Washington","","$185,000 - $240,000 (yearly)",jobspy_indeed,https://www.indeed.com/viewjob?jk=a3a4ba3825b8b6bd,"","2026-03-04"
0,"","Textiles Engineer","Meta","Seattle, Washington","","$118,000 - $170,000 (yearly)",jobspy_indeed,https://www.indeed.com/viewjob?jk=a82f52b5b3c756e1,"","2026-03-03"
0,"","Technical Support Engineer","Spacelabs Healthcare","Seattle, Washington","","",jobspy_indeed,https://www.indeed.com/viewjob?jk=407801b6aa5f3305,"","2026-03-03"
0,"","Technical Support Engineer","OSI Systems, Inc","Seattle, Washington","","$82,000 - $85,000 (yearly)",jobspy_indeed,https://www.indeed.com/viewjob?jk=7b081591704e41cd,"","2026-03-03"
0,"","Director-Technology","AT&T","Seattle, Washington","","$210,600 - $316,000 (yearly)",jobspy_indeed,https://www.indeed.com/viewjob?jk=7376d22489d6d6db,"","2026-03-03"
0,"","Corporate Counsel, Cloud Global Strategic Initiatives, Hardware","Google","Seattle, Washington","","$239,000 - $337,000 (yearly)",jobspy_indeed,https://www.indeed.com/viewjob?jk=34a1842abab8ab9e,"","2026-03-02"
0,"","Sr. Business Analyst, Workforce Planning (Starlink)","SpaceX","Seattle, Washington","","$110,000 - $145,000 (yearly)",jobspy_indeed,https://www.indeed.com/viewjob?jk=8757f9949b08c55c,"","2026-03-02"
0,"","RF Silicon Software Engineer (Starlink)","SpaceX","Seattle, Washington","","$122,500 - $170,000 (yearly)",jobspy_indeed,https://www.indeed.com/viewjob?jk=22b7c01ed54c40d4,"","2026-03-02"
0,"","Construction Superintendent/Quality Control Manger/Site Safety and Health","Veterans NW Construction","Seattle, Washington","","$80,000 - $120,000 (yearly)",jobspy_indeed,https://www.indeed.com/viewjob?jk=67de3efa194f867f,"","2026-03-02"
0,"","Mechanical Engineer III","RTM Engineering Consultants, LLC","Seattle, Washington","","$85,000 - $115,000 (yearly)",jobspy_indeed,https://www.indeed.com/viewjob?jk=8717d804e8213827,"","2026-02-26"
0,"","Principal Corporate Counsel - Law Enforcement and National Security","Microsoft","Seattle, Washington","","$132,200 - $248,600 (yearly)",jobspy_indeed,https://www.indeed.com/viewjob?jk=f0ce740c6d020a0a,"","2026-02-17"
0,"","Asphalt Plant Traffic Monitor","Northeast Paving","Boston, Massachusetts","","",jobspy_indeed,https://www.indeed.com/viewjob?jk=6f0a95861a8c6302,"","2026-03-08"
0,"","Senior Automation Engineer – Process Chemistry Lab","Sanofi","Boston, Massachusetts","","$100,500 - $145,166 (yearly)",jobspy_indeed,https://www.indeed.com/viewjob?jk=a28782aa68abeaaa,"","2026-03-06"
0,"","Failure Analysis Intern","Allegro MicroSystems","Boston, Massachusetts","","",jobspy_indeed,https://www.indeed.com/viewjob?jk=7d77ff91f09d5a7a,"","2026-03-06"
0,"","Product Manager, Senior Manager","Federal Reserve Bank of Boston","Boston, Massachusetts","","$170,200 - $255,400 (yearly)",jobspy_indeed,https://www.indeed.com/viewjob?jk=151a416e758b0f9e,"","2026-03-06"
0,"","Global Technical Manager - UPW UV","Xylem","Boston, Massachusetts","","$130,000 - $150,000 (yearly)",jobspy_indeed,https://www.indeed.com/viewjob?jk=4f18b0094867ee55,"","2026-03-06"
0,"","Overnight Engineer","Olshan Properties","Boston, Massachusetts","","",jobspy_indeed,https://www.indeed.com/viewjob?jk=e4129923ccbe3cd0,"","2026-03-05"
0,"","Systems Engineer","General Dynamics Mission Systems","Boston, Massachusetts","","$110,241 - $116,269 (yearly)",jobspy_indeed,https://www.indeed.com/viewjob?jk=e8655181af122808,"","2026-03-05"
0,"","Lead Technical SEM Manager - Scribd.com","Scribd, Inc.","Boston, Massachusetts","","$106,500 - $201,500 (yearly)",jobspy_indeed,https://www.indeed.com/viewjob?jk=c0dbb1be316157f3,"","2026-03-05"
0,"","Test Engineer IV","Textron Systems","Boston, Massachusetts","","$126,500 - $193,100 (yearly)",jobspy_indeed,https://www.indeed.com/viewjob?jk=7ee18c234c07d432,"","2026-03-05"
0,"","Project Manager- Water","Apex Companies, LLC","Boston, Massachusetts","","$95,000 - $160,000 (yearly)",jobspy_indeed,https://www.indeed.com/viewjob?jk=c77118b590ccc972,"","2026-03-05"
0,"","Mechanical Engineering Intern (Fall 2026)","Formlabs","Boston, Massachusetts","","$2,900 - $3,300 (monthly)",jobspy_indeed,https://www.indeed.com/viewjob?jk=50e8ecc83f97e77d,"","2026-03-05"
0,"","Senior Electrical Engineer","City Facilities Management","Boston, Massachusetts","","",jobspy_indeed,https://www.indeed.com/viewjob?jk=8268681f6c351887,"","2026-03-05"
0,"","Refrigeration Engineer","City Facilities Management","Boston, Massachusetts","","",jobspy_indeed,https://www.indeed.com/viewjob?jk=b9d2f3f4a4f13859,"","2026-03-05"
0,"","Design Drafter","MobileMap LLC","Boston, Massachusetts","","$22 - $25 (hourly)",jobspy_indeed,https://www.indeed.com/viewjob?jk=0a64e0e35a61cbdd,"","2026-03-05"
0,"","Senior Electrical Engineer - (Part Time / Consultant)","Waldron Engineering & Construction","Boston, Massachusetts","","",jobspy_indeed,https://www.indeed.com/viewjob?jk=1c735b626a87d93d,"","2026-03-04"
0,"","Systems Integration and Test Engineer","GeoLogics Corporation","Boston, Massachusetts","","$65 - $79 (hourly)",jobspy_indeed,https://www.indeed.com/viewjob?jk=82a169b86a265d79,"","2026-03-04"
0,"","Mechanical Engineer II","PAE Consulting Engineers Inc.","Boston, Massachusetts","","$86,400 - $111,900 (yearly)",jobspy_indeed,https://www.indeed.com/viewjob?jk=e64636e0f476e745,"","2026-03-04"
0,"","Facilities Project Manager","Brown University Health","Boston, Massachusetts","","$78,416 - $129,355 (yearly)",jobspy_indeed,https://www.indeed.com/viewjob?jk=4420546b8eeb01d9,"","2026-03-04"
0,"","FedNow Senior Site Reliability Engineer","Federal Reserve Bank of Boston","Boston, Massachusetts","","$140,000 - $210,900 (yearly)",jobspy_indeed,https://www.indeed.com/viewjob?jk=fbcfd07ec12b64ff,"","2026-03-04"
0,"","Chief Engineer - Lease Up","Bozzuto","Boston, Massachusetts","","$105,000 - $110,000 (yearly)",jobspy_indeed,https://www.indeed.com/viewjob?jk=be8f4ac2ded140fc,"","2026-03-03"
0,"","Engineer I, Process Development","Elektrofi","Boston, Massachusetts","","$68,000 - $90,000 (yearly)",jobspy_indeed,https://www.indeed.com/viewjob?jk=27d7f1aa8511ec36,"","2026-03-03"
0,"","Pipe Stress Design Engineer","ISAT Total Support","Los Angeles, California","","$80,000 - $100,000 (yearly)",jobspy_indeed,https://www.indeed.com/viewjob?jk=970e82fa7c8b51a9,"","2026-03-07"
0,"","Door-to-Door Solar Appointment Setter","Helios Energy Global","Los Angeles, California","","$50,000 - $144,000 (yearly)",jobspy_indeed,https://www.indeed.com/viewjob?jk=b1cf2e2ce4fa14ca,"","2026-03-07"
0,"","Substation Structural Designer","E2 Consulting Engineers, Inc.","Los Angeles, California","","$93,000 - $114,000 (yearly)",jobspy_indeed,https://www.indeed.com/viewjob?jk=53cb6167d7e2834e,"","2026-03-06"
0,"","Supplier Development Engineer, Mechanical (Starshield)","SpaceX","Los Angeles, California","","$100,000 - $135,000 (yearly)",jobspy_indeed,https://www.indeed.com/viewjob?jk=ff75a3f95fcb326d,"","2026-03-06"
0,"","Web Production Intern","Golden Hippo","Los Angeles, California","","",jobspy_indeed,https://www.indeed.com/viewjob?jk=647700fa9f24bf70,"","2026-03-06"
0,"","Systems Engineer, Range Extender Integration & OBD","Harbinger Motors Inc.","Los Angeles, California","","$120,000 - $160,000 (yearly)",jobspy_indeed,https://www.indeed.com/viewjob?jk=4d5de2abb0c04c5a,"","2026-03-06"
0,"","Commercial Construction Manager","Westoaks Commercial Group, Inc","Los Angeles, California","","$100,000 - $125,000 (yearly)",jobspy_indeed,https://www.indeed.com/viewjob?jk=30478c67796b4d50,"","2026-03-06"
0,"","Engineer - Operations Program 1 - US Citizen","PROLIM","Los Angeles, California","","$30 - $38 (hourly)",jobspy_indeed,https://www.indeed.com/viewjob?jk=52bf4780dca1cf9b,"","2026-03-06"
0,"","Software Engineer - Interactive Visualization","The Walt Disney Studios","Los Angeles, California","","$117,500 - $157,500 (yearly)",jobspy_indeed,https://www.indeed.com/viewjob?jk=4e3b266cd1aaaf5c,"","2026-03-06"
0,"","Principal Optomechanical Engineer","K2 Space","Los Angeles, California","","$190,000 - $280,000 (yearly)",jobspy_indeed,https://www.indeed.com/viewjob?jk=c854dca035aec19c,"","2026-03-06"
0,"","Sr. PCB Designer","SpaceX","Los Angeles, California","","$135,000 - $195,000 (yearly)",jobspy_indeed,https://www.indeed.com/viewjob?jk=32fcaaaec22e7832,"","2026-03-06"
0,"","Sr Specialist, Structural Engineering","L3Harris","Los Angeles, California","","$102,000 - $189,000 (yearly)",jobspy_indeed,https://www.indeed.com/viewjob?jk=4d0001b80e5a531d,"","2026-03-05"
0,"","HVAC Service Sales Engineer","ACCO Engineered Systems","Los Angeles, California","","$80,000 - $120,000 (yearly)",jobspy_indeed,https://www.indeed.com/viewjob?jk=1aa5d0241d59233d,"","2026-03-05"
0,"","Junior Hydrogeologist","HAZEN AND SAWYER","Los Angeles, California","","$75,000 - $85,000 (yearly)",jobspy_indeed,https://www.indeed.com/viewjob?jk=94b7079575fcaf73,"","2026-03-05"
0,"","Electrical Engineer II - ASIC/FPGA Mission Systems (Onsite)","Collins Aerospace","Los Angeles, California","","$75,800 - $144,200 (yearly)",jobspy_indeed,https://www.indeed.com/viewjob?jk=12e499ff0f2e9e79,"","2026-03-05"
0,"","Industrial Electrician - 2nd Shift","KIK Consumer Products","Los Angeles, California","","",jobspy_indeed,https://www.indeed.com/viewjob?jk=72907666417afc28,"","2026-03-05"
0,"","Mechanical Build Engineer","Amca","Los Angeles, California","","",jobspy_indeed,https://www.indeed.com/viewjob?jk=b8c2ef3bd5fcffd9,"","2026-03-05"
0,"","Lead Technical SEM Manager - Scribd.com","Scribd, Inc.","Los Angeles, California","","$106,500 - $201,500 (yearly)",jobspy_indeed,https://www.indeed.com/viewjob?jk=31450af5e5c53d8c,"","2026-03-05"
0,"","Associate Director – Electro-Optical Engineering","The Aerospace Corporation","Los Angeles, California","","$185,100 - $277,600 (yearly)",jobspy_indeed,https://www.indeed.com/viewjob?jk=ae5820feb820e82c,"","2026-03-05"
0,"","Solar Energy Consultant","Helios Energy Global","Los Angeles, California","","$80,000 - $192,000 (yearly)",jobspy_indeed,https://www.indeed.com/viewjob?jk=de17ba0177af646a,"","2026-03-05"
0,"","Asst. Chief Maintenance","Northwest Hotel Corp","Los Angeles, California","","$27 - $35 (hourly)",jobspy_indeed,https://www.indeed.com/viewjob?jk=521bddcf5d3542d9,"","2026-03-05"
0,"","Staff Engineer I, Data Engineering","Samsung Electronics","Los Angeles, California","","$184,558 - $259,000 (yearly)",jobspy_indeed,https://www.indeed.com/viewjob?jk=2781684143839458,"","2026-03-05"
0,"","Senior Veterinary Technician / Research Associate: In Vivo Biology","Autonomous Therapeutics","Washington, DC","","$75,000 - $125,000 (yearly)",jobspy_indeed,https://www.indeed.com/viewjob?jk=3127a3e014fb46fb,"","2026-03-08"
0,"","Chief Engineer","Minkoff Development","Washington, DC","","$105,000 - $125,000 (yearly)",jobspy_indeed,https://www.indeed.com/viewjob?jk=c9a677bbf22528f9,"","2026-03-08"
0,"","Maintenance Technician","nan","Washington, DC","","$17 - $18 (hourly)",jobspy_indeed,https://www.indeed.com/viewjob?jk=ef82c8e4ae3263dc,"","2026-03-07"
0,"","Construction Scheduler- Data Center Delivery","Quanta Infrastructure Solutions Group","Washington, DC","","$111,000 - $145,000 (yearly)",jobspy_indeed,https://www.indeed.com/viewjob?jk=5c2e48361f72bc6b,"","2026-03-06"
0,"","Project Manager I","ISEC","Washington, DC","","$98,455 - $124,254 (yearly)",jobspy_indeed,https://www.indeed.com/viewjob?jk=7e25bace3e344faa,"","2026-03-06"
0,"","Proposal Coordinator","Quanta Infrastructure Solutions Group","Washington, DC","","$80,000 - $100,000 (yearly)",jobspy_indeed,https://www.indeed.com/viewjob?jk=5a92766b448549ad,"","2026-03-06"
0,"","Civil Engineer","NIKA Technologies","Washington, DC","","$130,000 - $150,000 (yearly)",jobspy_indeed,https://www.indeed.com/viewjob?jk=c0677913bf425a8c,"","2026-03-06"
0,"","Electrical Engineer","NIKA Technologies","Washington, DC","","$130,000 - $150,000 (yearly)",jobspy_indeed,https://www.indeed.com/viewjob?jk=a728d3ef999e4e94,"","2026-03-06"
0,"","Structural Engineer","NIKA Technologies","Washington, DC","","",jobspy_indeed,https://www.indeed.com/viewjob?jk=10f132a6d4dfa2b8,"","2026-03-06"
0,"","Engineer","The Westin DC City Center","Washington, DC","","$25 - $35 (hourly)",jobspy_indeed,https://www.indeed.com/viewjob?jk=94de78fca43aad0e,"","2026-03-06"
0,"","Senior Full Stack Engineer-Mobile Applications","Trademasters Services I","Washington, DC","","",jobspy_indeed,https://www.indeed.com/viewjob?jk=a83b19668fbfc9e9,"","2026-03-06"
0,"","Webber - Electrician (Day Shift) - Infrastructure Management","Ferrovial","Washington, DC","","",jobspy_indeed,https://www.indeed.com/viewjob?jk=6dfd8af04b42c2fa,"","2026-03-06"
0,"","Biomedical Engineer","US Department of Veterans Affairs","Washington, DC","","$68,345 - $157,605 (yearly)",jobspy_indeed,https://www.indeed.com/viewjob?jk=6d4200d4c93fed76,"","2026-03-06"
0,"","Project Manager","U.S. National Park Service","Washington, DC","","$102,415 - $133,142 (yearly)",jobspy_indeed,https://www.indeed.com/viewjob?jk=a23a882eda4a600e,"","2026-03-06"
0,"","Test Engineering Manager","Lockheed Martin","Washington, DC","","",jobspy_indeed,https://www.indeed.com/viewjob?jk=553ffbf3e6217003,"","2026-03-05"
0,"","Hotel Maintenance Technician","LodgeWorks","Washington, DC","","",jobspy_indeed,https://www.indeed.com/viewjob?jk=8f3b1f0b628244ba,"","2026-03-05"
0,"","Systems Engineer - Active Top Secret Required","General Dynamics Information Technology","Washington, DC","","$85,000 - $115,000 (yearly)",jobspy_indeed,https://www.indeed.com/viewjob?jk=d213c0f44c9be54e,"","2026-03-05"
0,"","Lead Technical SEM Manager - Scribd.com","Scribd, Inc.","Washington, DC","","$106,500 - $201,500 (yearly)",jobspy_indeed,https://www.indeed.com/viewjob?jk=5cc49553e720d4bd,"","2026-03-05"
0,"","Software Development Engineer, Hiring Intelligence, Science & Experimentation (HIRISE)","Amazon.com","Washington, DC","","$143,700 - $194,400 (yearly)",jobspy_indeed,https://www.indeed.com/viewjob?jk=1e410ef6e1d62eb1,"","2026-03-03"
0,"","Engineering Team Lead","Thermo Systems LLC","Washington, DC","","$110,000 - $126,500 (yearly)",jobspy_indeed,https://www.indeed.com/viewjob?jk=6d714eb8835de454,"","2026-02-16"
0,"","Hilton Towers Arlington VA - Assistant Director Engineering OEM","Aimbridge Hospitality","Washington, DC","","",jobspy_indeed,https://www.indeed.com/viewjob?jk=63ee676315c69455,"","2026-02-05"
0,"","Civil Engineering Designer II","Colliers Engineering & Design","United States","","$82,720 - $98,560 (yearly)",jobspy_indeed,https://www.indeed.com/viewjob?jk=9031a69e7fcad1ae,"","2026-03-09"
0,"","Highway Project Engineer","Colliers Engineering & Design","United States","","",jobspy_indeed,https://www.indeed.com/viewjob?jk=8a86dbe28c9700f2,"","2026-03-09"
0,"","Engineering Designer III - Land/Site Development","Colliers Engineering & Design","United States","","",jobspy_indeed,https://www.indeed.com/viewjob?jk=d3bc731814d61a2f,"","2026-03-09"
0,"","Plumbing / Fire Protection Engineer","Frank Zaino & Associates, Inc.","United States","","$120,000 - $135,000 (yearly)",jobspy_indeed,https://www.indeed.com/viewjob?jk=8144e740121d1d7e,"","2026-03-09"
0,"","Civil Engineer","Sanctuary","United States","","$90,000 - $180,000 (yearly)",jobspy_indeed,https://www.indeed.com/viewjob?jk=3f2b32f0c258bf80,"","2026-03-09"
0,"","Roadway Engineering Associate","Barge Design Solutions, Inc.","United States","","",jobspy_indeed,https://www.indeed.com/viewjob?jk=f7a1b47a59c38e33,"","2026-03-09"
0,"","Quality Engineer","Bodycote","United States","","$70,000 - $90,000 (yearly)",jobspy_indeed,https://www.indeed.com/viewjob?jk=cf522517d1ca3148,"","2026-03-09"
0,"","Field Clinical Specialist","Shifamed LLC","United States","","$110,000 - $150,000 (yearly)",jobspy_indeed,https://www.indeed.com/viewjob?jk=1adc49480f54a93e,"","2026-03-09"
0,"","Project Manager | Project Engineer - Civil Site Development","Thomas & Hutton","United States","","",jobspy_indeed,https://www.indeed.com/viewjob?jk=85853f02f316f661,"","2026-03-09"
0,"","Mechanical Project Manager (Healthcare)","B & I Contractors Inc","United States","","",jobspy_indeed,https://www.indeed.com/viewjob?jk=0a18ed695b9ba862,"","2026-03-09"
0,"","Project Engineer (Electrical Prefabrication)","B & I Contractors Inc","United States","","",jobspy_indeed,https://www.indeed.com/viewjob?jk=04456c525ca4e782,"","2026-03-09"
0,"","Design Build Electrical System Engineer","B & I Contractors Inc","United States","","",jobspy_indeed,https://www.indeed.com/viewjob?jk=071aa35b5fe9b668,"","2026-03-09"
0,"","HVAC Systems Sales Engineer","B & I Contractors Inc","United States","","",jobspy_indeed,https://www.indeed.com/viewjob?jk=74774cbf127140ba,"","2026-03-09"
0,"","Project Superintendent (Plumbing & HVAC)","B & I Contractors Inc","United States","","",jobspy_indeed,https://www.indeed.com/viewjob?jk=49d71a164eaa3455,"","2026-03-09"
0,"","voco Sandpiper All-Inclusive Resort - Operations Manager","Aimbridge Hospitality","United States","","",jobspy_indeed,https://www.indeed.com/viewjob?jk=52fc87e8fecfc8db,"","2026-02-07"
0,"","Principal Engineer, Platform & Infrastructure","SILO","Remote","","$160,000 - $210,000 (yearly)",jobspy_indeed,https://www.indeed.com/viewjob?jk=e68688bb636942aa,"","2026-03-08"
0,"","Infrastructure Solutions Engineer Lead Consultant","Allstate Insurance","Remote","","$100,000 - $170,500 (yearly)",jobspy_indeed,https://www.indeed.com/viewjob?jk=f0e9cde99af49215,"","2026-03-06"
0,"","Senior GIS & Database Engineer - CIMS","Horrocks","Remote","","",jobspy_indeed,https://www.indeed.com/viewjob?jk=11ad5ee18cb7c200,"","2026-03-06"
0,"","Proposal Coordinator (BVTA)","Bureau Veritas","Remote","","",jobspy_indeed,https://www.indeed.com/viewjob?jk=0cd0cf88c5edf729,"","2026-03-06"
0,"","Senior Sales Engineer","Nebius","Remote","","$152,000 - $228,000 (yearly)",jobspy_indeed,https://www.indeed.com/viewjob?jk=04b515c47e820de8,"","2026-03-06"
0,"","Fueling System Design Engineer","Galloway & Company","Remote","","$70,000 - $90,000 (yearly)",jobspy_indeed,https://www.indeed.com/viewjob?jk=cbc091ae351d21f4,"","2026-03-06"
0,"","Staff Android Development Engineer","Dexcom","Remote","","$135,100 - $225,100 (yearly)",jobspy_indeed,https://www.indeed.com/viewjob?jk=bc8b6d457ef0763d,"","2026-03-05"
0,"","Staff iOS Development Engineer","Dexcom","Remote","","$135,100 - $225,100 (yearly)",jobspy_indeed,https://www.indeed.com/viewjob?jk=a4255da001e19614,"","2026-03-05"
0,"","Backend Engineer, Penn Game Studios","Penn Interactive Ventures","Remote","","$90,000 - $125,000 (yearly)",jobspy_indeed,https://www.indeed.com/viewjob?jk=6a771685bf0b4bc6,"","2026-03-05"
0,"","Project Manager- Federal Market Business Development","Colliers Engineering & Design","Remote","","$102,000 - $151,000 (yearly)",jobspy_indeed,https://www.indeed.com/viewjob?jk=94775509af670427,"","2026-03-04"
0,"","Senior Project Manager- Federal Market Business Development","Colliers Engineering & Design","Remote","","$122,000 - $170,000 (yearly)",jobspy_indeed,https://www.indeed.com/viewjob?jk=a8c05d4dfdddf464,"","2026-03-04"
0,"","AI Platform Engineering Manager","Allstate Insurance","Remote","","$120,000 - $193,725 (yearly)",jobspy_indeed,https://www.indeed.com/viewjob?jk=a20ce198bf7d28f0,"","2026-03-04"
0,"","Senior Manager - Change Management","Nebius","Remote","","",jobspy_indeed,https://www.indeed.com/viewjob?jk=945af15a1b3895f9,"","2026-03-04"
0,"","Quality Control Manager","Conti Federal","Remote","","",jobspy_indeed,https://www.indeed.com/viewjob?jk=055b6a319a57bae9,"","2026-03-04"
0,"","Product Design Lead","Revance Therapeutics","Remote","","",jobspy_indeed,https://www.indeed.com/viewjob?jk=40cc1a7bbf3dc2ee,"","2026-03-04"
0,"","Senior Software Engineer","Walker & Dunlop","Remote","","$160,000 - $180,000 (yearly)",jobspy_indeed,https://www.indeed.com/viewjob?jk=4e068e2c041fd95c,"","2026-03-04"
0,"","Senior Paid Media Advertising Analyst","SLD","Remote","","$65,000 - $75,000 (yearly)",jobspy_indeed,https://www.indeed.com/viewjob?jk=698ec65405afc4d1,"","2026-03-04"
0,"","Preconstruction Manager – Design Management Support","Colliers Engineering & Design","Remote","","",jobspy_indeed,https://www.indeed.com/viewjob?jk=381ff2e6fd88b7f2,"","2026-03-03"
0,"","Director of Sales, Behind-the-Meter (BTM)","RavenVolt","Remote","","$140,000 - $165,000 (yearly)",jobspy_indeed,https://www.indeed.com/viewjob?jk=e87d7d58fcae5c60,"","2026-03-02"
0,"","VP, Advisor Channel Consulting","Sentinel Group","Remote","","$85,000 - $125,000 (yearly)",jobspy_indeed,https://www.indeed.com/viewjob?jk=af5168ae34b9ea9e,"","2026-03-02"
0,"","Cyber Security Compliance Engineer","CACI International","Remote","","$90,300 - $189,600 (yearly)",jobspy_indeed,https://www.indeed.com/viewjob?jk=f2396b3012d3a0e8,"","2026-01-21"
0,"","In-Venue System Technician","Momento","Chicago, Illinois","","",jobspy_indeed,https://www.indeed.com/viewjob?jk=9bfc06a9f92c7cf4,"","2026-03-04"
0,"","Radiologic Technologist (X-Ray)","WellNow Urgent Care","Chicago, Illinois","","",jobspy_indeed,https://www.indeed.com/viewjob?jk=64830a8b1e1ba785,"","2026-03-03"
0,"","Collection Route Technician","Accel Entertainment Gaming, LLC.","Chicago, Illinois","","",jobspy_indeed,https://www.indeed.com/viewjob?jk=c70f1c83c8ae533f,"","2026-03-02"
0,"","Arcade Service Technician","Venu+","Chicago, Illinois","","$19 - $21 (hourly)",jobspy_indeed,https://www.indeed.com/viewjob?jk=63dec5619e44ad32,"","2026-03-02"
0,"","Part-Time Armed Emergency Medical Technician","Allied Universal Enhanced Protection Services","New York, New York","","",jobspy_indeed,https://www.indeed.com/viewjob?jk=eb480fa61679165b,"","2026-03-04"
0,"","Cleaning Supervisor","Sparkle & Shine Cleaning Service LLC","New York, New York","","$24 - $25 (hourly)",jobspy_indeed,https://www.indeed.com/viewjob?jk=6a8a6311fe240e4d,"","2026-03-06"
0,"","Veterinary Technician, Bridgewater, New Jersey","Suveto","New York, New York","","$20 - $25 (hourly)",jobspy_indeed,https://www.indeed.com/viewjob?jk=7931d5493c25b798,"","2026-03-05"
0,"","Shop Carpenter / Fabrication & Repair Technician","Everything Entertainment","New York, New York","","$26 - $32 (hourly)",jobspy_indeed,https://www.indeed.com/viewjob?jk=6d3081a0a828f35c,"","2026-03-05"
0,"","Substitute Usher","New York City Ballet","New York, New York","","",jobspy_indeed,https://www.indeed.com/viewjob?jk=3bfb40e7ff9feaa3,"","2026-03-04"
0,"","Draft System Technician","Beer Line Cleaning USA","New York, New York","","",jobspy_indeed,https://www.indeed.com/viewjob?jk=05e627d010791f21,"","2026-03-03"
0,"","Project Safety Professional (San Francisco)","Turner Construction Company","San Francisco, California","","$95,000 - $104,000 (yearly)",jobspy_indeed,https://www.indeed.com/viewjob?jk=6a44282614be290d,"","2026-03-06"
0,"","Director of Artistic Operations","Santa Rosa Symphony","San Francisco, California","","$90,000 - $110,000 (yearly)",jobspy_indeed,https://www.indeed.com/viewjob?jk=db36e03ed902a582,"","2026-03-05"
0,"","Behavioral Health Technician (LPT)","Adventist Health","San Francisco, California","","$32 - $42 (hourly)",jobspy_indeed,https://www.indeed.com/viewjob?jk=108468c8f1ebba56,"","2026-03-03"
0,"","Full-Time maintenance Technician","TIBURON PENINSULA CLUB","San Francisco, California","","",jobspy_indeed,https://www.indeed.com/viewjob?jk=7119d644c4ab8a5f,"","2026-03-02"
0,"","Maintenance Technician","Mirabella Seattle","Seattle, Washington","","$26 - $33 (hourly)",jobspy_indeed,https://www.indeed.com/viewjob?jk=b212eb14863a77f6,"","2026-03-04"
0,"","Events Supervisor","Emerson College","Boston, Massachusetts","","$58,850 - $72,150 (yearly)",jobspy_indeed,https://www.indeed.com/viewjob?jk=d6f52497fa627022,"","2026-03-06"
0,"","Custodial Technician","Retail Group of America","Boston, Massachusetts","","",jobspy_indeed,https://www.indeed.com/viewjob?jk=390c454dc0a8ea86,"","2026-03-06"
0,"","Manufacturing Technician - Machining","Emerson","Boston, Massachusetts","","$65,000 - $80,000 (yearly)",jobspy_indeed,https://www.indeed.com/viewjob?jk=578a42cff713d611,"","2026-03-04"
0,"","Structural Engineer","HGA","Boston, Massachusetts","","$94,200 - $109,200 (yearly)",jobspy_indeed,https://www.indeed.com/viewjob?jk=0f2151a6d6c7ba9f,"","2026-03-03"
0,"","Veterinary Relations Manager","ACCESS Specialty Animal Hospitals","Los Angeles, California","","",jobspy_indeed,https://www.indeed.com/viewjob?jk=9b3049881e6c4af6,"","2026-03-07"
0,"","Medical Assistant","MedStar Health","Washington, DC","","$19 - $34 (hourly)",jobspy_indeed,https://www.indeed.com/viewjob?jk=9af717437cbfe6a0,"","2026-03-06"
0,"","Rehab Therapy Technician II","Erickson Senior Living","Washington, DC","","",jobspy_indeed,https://www.indeed.com/viewjob?jk=31c1a52d67b3df5e,"","2026-03-04"
0,"","Venue Technician","Level99","Washington, DC","","",jobspy_indeed,https://www.indeed.com/viewjob?jk=e70f8e1ba66555fe,"","2026-03-04"
0,"","Draft Animal Coordinator","Shaker Village of Pleasant Hill","United States","","",jobspy_indeed,https://www.indeed.com/viewjob?jk=3064a135c959b91c,"","2026-03-09"
0,"","Facility Maintenance","Wedgewood Weddings","United States","","$16 - $28 (hourly)",jobspy_indeed,https://www.indeed.com/viewjob?jk=e9ddbeb913d99536,"","2026-03-08"
0,"","Experience Director/Assistant General Manager","Mei Kitchens","United States","","$50,000 - $60,000 (yearly)",jobspy_indeed,https://www.indeed.com/viewjob?jk=ace007915f6ad311,"","2026-03-08"
0,"","Facilities and Grounds Technician","Argo Mill LLC","United States","","",jobspy_indeed,https://www.indeed.com/viewjob?jk=3d778126c6152b46,"","2026-03-08"
0,"","Canine Handler - Explosive Detection","Allied Universal Enhanced Protection Services","United States","","",jobspy_indeed,https://www.indeed.com/viewjob?jk=bbc0412d7820ce2d,"","2026-03-07"
0,"","Nail Technician","Davidson Hospitality Group","United States","","",jobspy_indeed,https://www.indeed.com/viewjob?jk=26662065a5163500,"","2026-03-07"
0,"","Network/Computer Technician","Crescent City Technologies","United States","","$15 - $20 (hourly)",jobspy_indeed,https://www.indeed.com/viewjob?jk=84a26f336afef00b,"","2026-03-07"
0,"","Behavioral Health Technician","ShareHouse, Inc.","United States","","$18 - $22 (hourly)",jobspy_indeed,https://www.indeed.com/viewjob?jk=eb0defe9d7e66af3,"","2026-03-07"
0,"","Veterinary Receptionist","Sactown Vet","United States","","",jobspy_indeed,https://www.indeed.com/viewjob?jk=70d8b33ac011f238,"","2026-03-07"
0,"","HVAC Technician II, Commercial","ABM Industries Inc.","United States","","$49 - $53 (hourly)",jobspy_indeed,https://www.indeed.com/viewjob?jk=08125e91e48c2788,"","2026-03-07"
0,"","Vehicle Technician","Sugarbush Resort","United States","","$20 - $25 (hourly)",jobspy_indeed,https://www.indeed.com/viewjob?jk=d39a53241201aef4,"","2026-03-06"
0,"","Conference Services Technician","UC Davis Health","United States","","$32 - $37 (hourly)",jobspy_indeed,https://www.indeed.com/viewjob?jk=634ed20227386edd,"","2026-03-06"
0,"","Director, Event Technology II - Marriott, New Orleans LA","Encore Global","United States","","$58,642 - $76,235 (yearly)",jobspy_indeed,https://www.indeed.com/viewjob?jk=2feb7d4d91cf0290,"","2026-03-06"
0,"","Compliance Analyst PRN","Medical City Healthcare","United States","","",jobspy_indeed,https://www.indeed.com/viewjob?jk=03685516a892c895,"","2026-03-06"
0,"","NYC Licensed Master Electrician - EV Charging Station Final Installation","OhmNow","New York, New York","","$70 - $110 (hourly)",jobspy_indeed,https://www.indeed.com/viewjob?jk=ff9776bfcca3c52a,"","2026-03-07"
0,"","Apprentice/Journeyman Electrician – Chinese Language Required","Life Space Digital","New York, New York","","$60,000 - $75,000 (yearly)",jobspy_indeed,https://www.indeed.com/viewjob?jk=2c79dbec3c887003,"","2026-03-06"
0,"","Jr. Maintenance Technician","Iona University","New York, New York","","$22 - $22 (hourly)",jobspy_indeed,https://www.indeed.com/viewjob?jk=f672830ea0a2db68,"","2026-03-06"
0,"","Senior Industrial Electrician","Sonoco","New York, New York","","$40 - $42 (hourly)",jobspy_indeed,https://www.indeed.com/viewjob?jk=78ea3ccdacbdfe9d,"","2026-03-03"
0,"","Port Engineer/Small Vessel Lead","Amentum","New York, New York","","$46 - $50 (hourly)",jobspy_indeed,https://www.indeed.com/viewjob?jk=715f115f86a347f4,"","2026-03-02"
0,"","Building Engineer","C&W Services","New York, New York","","$42 - $50 (hourly)",jobspy_indeed,https://www.indeed.com/viewjob?jk=db0473cd2833b70d,"","2026-03-02"
0,"","[Local 39] Operating Engineer - Swing Shift","Cushman & Wakefield","San Francisco, California","","$61 - $72 (hourly)",jobspy_indeed,https://www.indeed.com/viewjob?jk=0da5fa46999052d5,"","2026-03-03"
0,"","Master Tech I - HVAC","Valley Medical Center","Seattle, Washington","","$61 - $67 (hourly)",jobspy_indeed,https://www.indeed.com/viewjob?jk=49e7b7b26fb46551,"","2026-03-09"
0,"","Master Electrician","nan","Seattle, Washington","","$115,000 - $125,000 (yearly)",jobspy_indeed,https://www.indeed.com/viewjob?jk=f924019bfea23848,"","2026-03-05"
0,"","Field Service Technician - HVAC Specialist","SME Solutions","Seattle, Washington","","$24 - $28 (hourly)",jobspy_indeed,https://www.indeed.com/viewjob?jk=0cc26276274c2ef1,"","2026-03-04"
0,"","Industrial Electrician","nan","Boston, Massachusetts","","",jobspy_indeed,https://www.indeed.com/viewjob?jk=2dc9df8ccd520323,"","2026-03-05"
0,"","Electrician I","Bridgewater State University","Boston, Massachusetts","","",jobspy_indeed,https://www.indeed.com/viewjob?jk=dd4eb9c86769217d,"","2026-03-05"
0,"","Licensed Master Electrician","Self Storage Maintenance LLC","Boston, Massachusetts","","$37 - $39 (hourly)",jobspy_indeed,https://www.indeed.com/viewjob?jk=15dc9e0755d0f903,"","2026-03-05"
0,"","Experienced Residential Electrician","JB PRIDE INC","Boston, Massachusetts","","$45 - $65 (hourly)",jobspy_indeed,https://www.indeed.com/viewjob?jk=72d062a6e4aa3f7d,"","2026-03-04"
0,"","Seasonal Electrician II (West)","Commonwealth of Massachusetts","Boston, Massachusetts","","$59,340 - $82,596 (yearly)",jobspy_indeed,https://www.indeed.com/viewjob?jk=41fe0d7deccc96db,"","2026-03-03"
0,"","Industrial Electrician","Smurfit Westrock","Boston, Massachusetts","","$40 - $45 (hourly)",jobspy_indeed,https://www.indeed.com/viewjob?jk=2ce27464c6cce4d1,"","2026-03-03"
0,"","Master Electrician - RI","JOHN FLATLEY COMPANY","Boston, Massachusetts","","",jobspy_indeed,https://www.indeed.com/viewjob?jk=dce728d745cdf18b,"","2026-03-01"
0,"","Electrician III","Alaka`ina Foundation Family of Companies","Los Angeles, California","","",jobspy_indeed,https://www.indeed.com/viewjob?jk=4da7d42a874f0bb6,"","2026-03-03"
0,"","Master Electrician- DC","Raytheon","Washington, DC","","$118,300 - $224,900 (yearly)",jobspy_indeed,https://www.indeed.com/viewjob?jk=df3c69512fad6f42,"","2026-03-06"
0,"","Electrician","ATI Inc.","Washington, DC","","$47 - $60 (hourly)",jobspy_indeed,https://www.indeed.com/viewjob?jk=e366625068d8d2e0,"","2026-03-06"
0,"","Electrician (Night)","Amentum","Washington, DC","","",jobspy_indeed,https://www.indeed.com/viewjob?jk=150b520d19635fe0,"","2026-03-06"
0,"","Electrical Specialist","Amentum","Washington, DC","","",jobspy_indeed,https://www.indeed.com/viewjob?jk=780fce6d1fde4b92,"","2026-03-02"
0,"","Industrial Power & Controls Electrician (Conveyor Operations)","CNX","Washington, DC","","",jobspy_indeed,https://www.indeed.com/viewjob?jk=6094abb517ee2c23,"","2026-03-06"
0,"","Building Engineer I/II (Trainee or Full Performance)","Arlington County","Washington, DC","","",jobspy_indeed,https://www.indeed.com/viewjob?jk=dc01b20541366a80,"","2026-03-06"
0,"","L10 Mobile Building Engineer","Cushman & Wakefield","Washington, DC","","$34 - $40 (hourly)",jobspy_indeed,https://www.indeed.com/viewjob?jk=4f0b081e1767321b,"","2026-03-04"
0,"","Life Safety System Manager","VHC Health","Washington, DC","","",jobspy_indeed,https://www.indeed.com/viewjob?jk=4642814a01334fbd,"","2026-03-03"
0,"","Locomotive Electrician","ALSTOM","Washington, DC","","",jobspy_indeed,https://www.indeed.com/viewjob?jk=def4078363d8fa79,"","2026-03-03"
0,"","Electrical Maintenance Technician I-IV","Frederick County, MD","Washington, DC","","$23 - $55 (hourly)",jobspy_indeed,https://www.indeed.com/viewjob?jk=82a895c4e2463f8a,"","2026-03-02"
0,"","Commercial Electrical Foreman","Bopat Electric","Washington, DC","","$33 - $41 (hourly)",jobspy_indeed,https://www.indeed.com/viewjob?jk=41b9be07e7368eb9,"","2026-03-02"
0,"","Electrician","Best Generator","Washington, DC","","$28 - $38 (hourly)",jobspy_indeed,https://www.indeed.com/viewjob?jk=e49e3a6e1c83c90d,"","2026-03-02"
0,"","Lead Commercial Service Electrician (Take-Home Truck) – $80k–$100k","TechChefs","United States","","$80,000 - $100,000 (yearly)",jobspy_indeed,https://www.indeed.com/viewjob?jk=9eef1cb7277168b7,"","2026-03-09"
0,"","Electrical General Foreman","Rosendin Electric","United States","","",jobspy_indeed,https://www.indeed.com/viewjob?jk=0de542eca89f9dce,"","2026-03-09"
0,"","Jrny. Licensed Electrician","Milwaukee Valve","United States","","",jobspy_indeed,https://www.indeed.com/viewjob?jk=91dc0031ddcadbca,"","2026-03-09"
0,"","Residential Master Electrician","R & T Yoder Electric","United States","","$60,000 - $95,000 (yearly)",jobspy_indeed,https://www.indeed.com/viewjob?jk=5caeb9c572566370,"","2026-03-09"
0,"","Electrician Helper","nan","United States","","$25 - $35 (hourly)",jobspy_indeed,https://www.indeed.com/viewjob?jk=25e8fbee28fd49d6,"","2026-03-08"
0,"","Licensed Master Electrician (Generac Installer)","Shark Made Consulting Group LLC","United States","","$31 - $50 (hourly)",jobspy_indeed,https://www.indeed.com/viewjob?jk=4ab30dd4d35d06aa,"","2026-03-08"
0,"","Journeyman Electrician","Trac-N-Trol, Inc.","United States","","",jobspy_indeed,https://www.indeed.com/viewjob?jk=edac601519e88ddf,"","2026-03-08"
0,"","Licensed Electrician","Mr. Electric","United States","","",jobspy_indeed,https://www.indeed.com/viewjob?jk=4d16513892010fef,"","2026-03-07"
0,"","Licensed Master Electrician","JMG Ventures","United States","","$50 - $90 (hourly)",jobspy_indeed,https://www.indeed.com/viewjob?jk=95ca1c68806f797e,"","2026-03-07"
0,"","Michigan Electrical License Holder","Legacy Heating and Air, Inc.","United States","","",jobspy_indeed,https://www.indeed.com/viewjob?jk=18b6bfb7ff1d7965,"","2026-03-06"
0,"","Construction Coordinator","MasTec Inc","United States","","",jobspy_indeed,https://www.indeed.com/viewjob?jk=bd5b0c57ea5d9b05,"","2026-03-06"
0,"","Construction Coordinator","MasTec Utility Services","United States","","",jobspy_indeed,https://www.indeed.com/viewjob?jk=733193296e46b102,"","2026-03-06"
0,"","Electrician Senior","UT Southwestern Medical Center","United States","","",jobspy_indeed,https://www.indeed.com/viewjob?jk=da285267aacfbc8c,"","2026-03-06"
0,"","Facilities Engineer","Providence","United States","","$46 - $48 (hourly)",jobspy_indeed,https://www.indeed.com/viewjob?jk=b8db612647efc906,"","2026-03-06"
0,"","CT2 Electrician","University of Alaska","United States","","$28 - $32 (hourly)",jobspy_indeed,https://www.indeed.com/viewjob?jk=4754b667fd789462,"","2026-03-06"
0,"","Electrical Specialist Supervisor","Western Partitions, Inc.","United States","","",jobspy_indeed,https://www.indeed.com/viewjob?jk=0fba96f4d308eef1,"","2026-03-06"
0,"","Lead Operating Engineer","Cushman & Wakefield","United States","","$28 - $34 (hourly)",jobspy_indeed,https://www.indeed.com/viewjob?jk=b0fd69d52eb33856,"","2026-03-06"
0,"","Electrician","Fiber Materials","United States","","",jobspy_indeed,https://www.indeed.com/viewjob?jk=ea72917419b1269c,"","2026-03-03"
0,"","Lead Electrical Subject Matter Expert","Meta","United States","","$143,000 - $198,000 (yearly)",jobspy_indeed,https://www.indeed.com/viewjob?jk=cfc2ac4e580ba5f8,"","2025-06-23"
0,"","Director of Building and Grounds","HumanGood","San Francisco, California","","",jobspy_indeed,https://www.indeed.com/viewjob?jk=50e1dc7cfe2d863f,"","2026-03-06"
0,"","Environmental Service Spec III","Commonwealth of Massachusetts","Boston, Massachusetts","","$48,321 - $62,918 (yearly)",jobspy_indeed,https://www.indeed.com/viewjob?jk=e1cde54424937969,"","2026-03-04"
0,"","Automation Engineer","Jing-Jin Electric North America","United States","","$100,000 - $140,000 (yearly)",jobspy_indeed,https://www.indeed.com/viewjob?jk=624d0a8a03f4a642,"","2026-03-06"
0,"","Production Supervisor (Battery Assembly)","EVS SUPPLY","United States","","$70,000 - $75,000 (yearly)",jobspy_indeed,https://www.indeed.com/viewjob?jk=e55548b9ab9a6709,"","2026-03-05"
0,"","Sales / Business Development Specialist","EVS SUPPLY","United States","","$61,000 - $65,000 (yearly)",jobspy_indeed,https://www.indeed.com/viewjob?jk=ee79a4239668ab24,"","2026-03-05"
0,"","Dock Operator","Panasonic","United States","","",jobspy_indeed,https://www.indeed.com/viewjob?jk=64732b4e51d5515a,"","2026-03-05"
0,"","Material Handler","Panasonic","United States","","",jobspy_indeed,https://www.indeed.com/viewjob?jk=75b4f4b0425493ef,"","2026-03-02"
0,"","Quality Laboratory Technician - Level 4","Panasonic","United States","","",jobspy_indeed,https://www.indeed.com/viewjob?jk=a04edf7f8ff7209c,"","2026-02-24"
0,"","Machine Operator - Nights (Back Half of the Week)","Panasonic","United States","","",jobspy_indeed,https://www.indeed.com/viewjob?jk=a39c77ff9fedd369,"","2026-02-18"
0,"","Facilities CMMS Planning Specialist III","Panasonic","United States","","",jobspy_indeed,https://www.indeed.com/viewjob?jk=bee1f37d5483e887,"","2026-01-30"
0,"","Process Engineer II","Panasonic","United States","","",jobspy_indeed,https://www.indeed.com/viewjob?jk=706a8543b5f29065,"","2026-01-15"
0,"","Maintenance Helper (Facilities)","Yuhaaviatam of San Manuel Nation","United States","","",jobspy_indeed,https://www.indeed.com/viewjob?jk=92eb72e38188f7d6,"","2026-03-04"
0,"","Security Communication Specialist","Mercy","United States","","",jobspy_indeed,https://www.indeed.com/viewjob?jk=18b0db4236483426,"","2026-03-04"
0,"","Machine Operator- Plastics - Night Shift","Astronics","United States","","",jobspy_indeed,https://www.indeed.com/viewjob?jk=02c2215031eb2d8f,"","2026-03-03"
0,"","Material Handler I","Panasonic","United States","","$22 - $22 (hourly)",jobspy_indeed,https://www.indeed.com/viewjob?jk=5b8c081535b183e7,"","2026-02-19"
0,"","Machine Operator II","Panasonic","United States","","$24 - $24 (hourly)",jobspy_indeed,https://www.indeed.com/viewjob?jk=472e0f95cce8862f,"","2026-02-19"
0,"","Machine Operator I","Panasonic","United States","","$22 - $23 (hourly)",jobspy_indeed,https://www.indeed.com/viewjob?jk=1771ab5dec484203,"","2026-02-19"
0,"","Inventory Clerk - Nights","Panasonic","United States","","$26 - $27 (hourly)",jobspy_indeed,https://www.indeed.com/viewjob?jk=517c437a5171a70b,"","2026-02-10"
0,"","Inventory Clerk - Days","Panasonic","United States","","$26 - $27 (hourly)",jobspy_indeed,https://www.indeed.com/viewjob?jk=6538808129eeca56,"","2026-02-10"
0,"","Coordinator, StudentU - Big Ten Network","Fox Corporation","Chicago, Illinois","","$21 - $25 (hourly)",jobspy_indeed,https://www.indeed.com/viewjob?jk=15e13b2d2de40463,"","2026-03-03"
0,"","Principal Web Developer (Rails)","Superconductor","San Francisco, California","","",jobspy_indeed,https://www.indeed.com/viewjob?jk=41d999e4764b9da1,"","2026-03-06"
0,"","Agent Maestro","Superconductor","San Francisco, California","","",jobspy_indeed,https://www.indeed.com/viewjob?jk=3efdd8cd06722fac,"","2026-03-06"
0,"","Head of Developer Relations","Superconductor","San Francisco, California","","",jobspy_indeed,https://www.indeed.com/viewjob?jk=9e21ed4634d9b470,"","2026-03-06"
0,"","Audio Operator I, REMI A2 Comms Specialist","ESPN","United States","","",jobspy_indeed,https://www.indeed.com/viewjob?jk=5a9d5b1b0fed9319,"","2026-03-06"
0,"","Broadcast Production Specialist - Creative Services (Job Req #2026-131)","Ross Video","United States","","",jobspy_indeed,https://www.indeed.com/viewjob?jk=aabc1ddeb364d0a3,"","2026-03-04"
0,"","Basketball Replay Operator (WNBA) - Indanapolis, IN","Hawk-Eye Innovations","United States","","",jobspy_indeed,https://www.indeed.com/viewjob?jk=858a9c73d9dc2f95,"","2026-03-04"
0,"","Basketball Replay Operator (WNBA) - Dallas, TX","Hawk-Eye Innovations","United States","","",jobspy_indeed,https://www.indeed.com/viewjob?jk=12734cb758299457,"","2026-03-04"
0,"","Basketball Replay Operator (WNBA) - Phoenix, AZ","Hawk-Eye Innovations","United States","","",jobspy_indeed,https://www.indeed.com/viewjob?jk=938d942a22132dde,"","2026-03-04"
0,"","Basketball Replay Operator (WNBA) - Atlanta, GA","Hawk-Eye Innovations","United States","","",jobspy_indeed,https://www.indeed.com/viewjob?jk=9c729b0dc057d47c,"","2026-03-04"
0,"","Operational Test Engineer","KBR","United States","","$117,000 - $147,000 (yearly)",jobspy_indeed,https://www.indeed.com/viewjob?jk=6542555db9c1c198,"","2026-03-02"
0,"","Founding Communication Protocol Engineer","Palette Labs","United States","","",jobspy_indeed,https://www.indeed.com/viewjob?jk=98473a212b1e6133,"","2026-03-02"
0,"","Prepress Operator","Diamond Envelope","Chicago, Illinois","","$24 - $28 (hourly)",jobspy_indeed,https://www.indeed.com/viewjob?jk=be07cfd49f9794db,"","2026-03-09"
0,"","Print Shop Operator and Graphic Designer","Show Strategy, Inc.","Chicago, Illinois","","$28 - $34 (hourly)",jobspy_indeed,https://www.indeed.com/viewjob?jk=19bf33625639a66a,"","2026-03-08"
0,"","Shipping Forklift Driver 3rd Shift","Pratt Industries","Chicago, Illinois","","",jobspy_indeed,https://www.indeed.com/viewjob?jk=7aa1759ee2bf68fb,"","2026-03-06"
0,"","Training Associate","JPMorganChase","Chicago, Illinois","","$59,850 - $85,500 (yearly)",jobspy_indeed,https://www.indeed.com/viewjob?jk=37c209424add032e,"","2026-03-06"
0,"","Facilities Supervisor - Aurora, IL","Hubbell","Chicago, Illinois","","",jobspy_indeed,https://www.indeed.com/viewjob?jk=db743a210c71877f,"","2026-03-05"
0,"","Screen Printer","Diamond Screen Process,Inc.","Chicago, Illinois","","",jobspy_indeed,https://www.indeed.com/viewjob?jk=1c240fa01879f2fa,"","2026-03-05"
0,"","Bindery and Mailing Operator_Dual Role_ Third Shift","ABS Graphics","Chicago, Illinois","","$24 - $27 (hourly)",jobspy_indeed,https://www.indeed.com/viewjob?jk=b98cac35b3665415,"","2026-03-04"
0,"","Video Manager","County Materials Family of Companies","Chicago, Illinois","","",jobspy_indeed,https://www.indeed.com/viewjob?jk=53873ac873c98229,"","2026-03-03"
0,"","Operations Manager","World of Whirlpool","Chicago, Illinois","","$65,000 - $75,000 (yearly)",jobspy_indeed,https://www.indeed.com/viewjob?jk=133d4020d4ecc090,"","2026-03-03"
0,"","Manufacturing Mechanical Electronic / Mechatronic Maintenance Technician 1st and 2nd shift","Lake Book Manufacturing, Inc.","Chicago, Illinois","","$25 - $38 (hourly)",jobspy_indeed,https://www.indeed.com/viewjob?jk=b281e40177f2ffd8,"","2026-03-03"
0,"","Slitting Operator","Amcor","Chicago, Illinois","","",jobspy_indeed,https://www.indeed.com/viewjob?jk=7dc05dd947bc1a60,"","2026-03-02"
0,"","Set-Up Machine Operator","Amcor","Chicago, Illinois","","$20 - $25 (hourly)",jobspy_indeed,https://www.indeed.com/viewjob?jk=8ed4c80071f43cdc,"","2026-03-02"
0,"","Videoboard Operator","Joliet Slammers","Chicago, Illinois","","",jobspy_indeed,https://www.indeed.com/viewjob?jk=7eca453ce3dee2dc,"","2026-03-02"
0,"","Director CPG Instore Media Sales","QUAD","New York, New York","","$120,000 - $150,000 (yearly)",jobspy_indeed,https://www.indeed.com/viewjob?jk=36cc0e400159553f,"","2026-03-06"
0,"","Machine Operator","Mini Graphics, Inc.","New York, New York","","",jobspy_indeed,https://www.indeed.com/viewjob?jk=a45d0e0d1fd112dd,"","2026-03-06"
0,"","Freelance Viz Operator","Fox Corporation","New York, New York","","$36 - $43 (hourly)",jobspy_indeed,https://www.indeed.com/viewjob?jk=59c3b6a15004d9be,"","2026-03-06"
0,"","Senior Real","Spectrum","New York, New York","","$73,200 - $140,600 (yearly)",jobspy_indeed,https://www.indeed.com/viewjob?jk=adcb6669425d2707,"","2026-03-06"
0,"","Digital Print Operator","Rush Copier","New York, New York","","$18 - $20 (hourly)",jobspy_indeed,https://www.indeed.com/viewjob?jk=417b8dbd7ade3e0f,"","2026-03-06"
0,"","WAREHOUSE / FORKLIFT OPERATOR","nan","New York, New York","","$20 - $25 (hourly)",jobspy_indeed,https://www.indeed.com/viewjob?jk=e4429f496bf028d3,"","2026-03-05"
0,"","Live Game Researcher (MLB) (Freelance)","Sportradar","New York, New York","","",jobspy_indeed,https://www.indeed.com/viewjob?jk=3d61edf805bf5153,"","2026-03-03"
0,"","Printer Operator: Dye Sublimation","Duggal Visual Solutions","New York, New York","","$22 - $28 (hourly)",jobspy_indeed,https://www.indeed.com/viewjob?jk=933e8672b161efb5,"","2026-03-02"
0,"","Printing Press Operator","Paper and Ink Printing LLC","San Francisco, California","","$25 - $30 (hourly)",jobspy_indeed,https://www.indeed.com/viewjob?jk=366ec8f629d737e3,"","2026-03-07"
0,"","Technical Marketing Engineer - DGX Cloud","NVIDIA","San Francisco, California","","$160,000 - $322,000 (yearly)",jobspy_indeed,https://www.indeed.com/viewjob?jk=e6e1653125f0bdd4,"","2026-03-06"
0,"","Print Press Operator","Avalon Labels","San Francisco, California","","",jobspy_indeed,https://www.indeed.com/viewjob?jk=3486f642b95ff591,"","2026-03-06"
0,"","AI Inference Performance Engineer - New College Grad 2026","NVIDIA","San Francisco, California","","$124,000 - $241,500 (yearly)",jobspy_indeed,https://www.indeed.com/viewjob?jk=3e85f810afa2db26,"","2026-03-05"
0,"","Editing & Graphics Supervisor (Support Services Supervisor II)","Judicial Council of California","San Francisco, California","","$7,108 - $10,664 (monthly)",jobspy_indeed,https://www.indeed.com/viewjob?jk=3bed6a4524ed7b11,"","2026-03-04"
0,"","Dual Rate Dispatcher/Security Officer I","Nisqually Red Wind Casino","Seattle, Washington","","$24 - $25 (hourly)",jobspy_indeed,https://www.indeed.com/viewjob?jk=dcb069feb9a02c54,"","2026-03-03"
0,"","Print Production Operator","FedEx Office","Seattle, Washington","","$20 - $24 (hourly)",jobspy_indeed,https://www.indeed.com/viewjob?jk=2167c2d1de196e4a,"","2026-03-03"
0,"","Social Media and Digital Strategy Manager","Zeno","Seattle, Washington","","$100,000 - $130,000 (yearly)",jobspy_indeed,https://www.indeed.com/viewjob?jk=cbee44c66e265517,"","2026-03-01"
0,"","Manager Seasonal Planning","Staples","Boston, Massachusetts","","$94,000 - $130,000 (yearly)",jobspy_indeed,https://www.indeed.com/viewjob?jk=c3ca21890591b131,"","2026-03-07"
0,"","Machine Operator IV - Slitting Weekends","FLEXcon","Boston, Massachusetts","","$17 - $29 (hourly)",jobspy_indeed,https://www.indeed.com/viewjob?jk=ca4a25eb504163cc,"","2026-03-05"
0,"","SCADA Services Engineer","Woodard & Curran","Boston, Massachusetts","","$80,000 - $95,000 (yearly)",jobspy_indeed,https://www.indeed.com/viewjob?jk=c422c17a84ee0862,"","2025-12-05"
0,"","Print Production Operator","FedEx Office","Los Angeles, California","","$19 - $23 (hourly)",jobspy_indeed,https://www.indeed.com/viewjob?jk=25872f75986ba8cf,"","2026-03-06"
0,"","Senior Real","Spectrum","Los Angeles, California","","$73,200 - $140,600 (yearly)",jobspy_indeed,https://www.indeed.com/viewjob?jk=662f3d0556415ed4,"","2026-03-06"
0,"","Screen Printing Operator","224 fragrance","Los Angeles, California","","",jobspy_indeed,https://www.indeed.com/viewjob?jk=1f02708eb65a6476,"","2026-03-06"
0,"","Sportable Graphics Operator","Sportable","Los Angeles, California","","",jobspy_indeed,https://www.indeed.com/viewjob?jk=4fbcacc22b65d1cc,"","2026-03-04"
0,"","Freelance Graphics Operator - World Cup","Fox Corporation","Los Angeles, California","","$25 - $36 (hourly)",jobspy_indeed,https://www.indeed.com/viewjob?jk=8bef3f63aa1efc35,"","2026-03-04"
0,"","Graphic Designer/ Digital Press Operator","FISHER PRINTING","Los Angeles, California","","$19 - $22 (hourly)",jobspy_indeed,https://www.indeed.com/viewjob?jk=349a2427a7618cd7,"","2026-03-04"
0,"","Digital Portfolio Manager","The Only Agency","Los Angeles, California","","$80,000 - $90,000 (yearly)",jobspy_indeed,https://www.indeed.com/viewjob?jk=ed636f5db9c6e9b2,"","2026-03-03"
0,"","Thrift Store Floor Lead","Union Rescue Mission","Los Angeles, California","","$18 - $20 (hourly)",jobspy_indeed,https://www.indeed.com/viewjob?jk=dbaca2facf0d391f,"","2026-03-03"
0,"","Shipping & Receiving Clerk (Temp to Hire, 8am-5pm)","Arlon Graphics LLC","Los Angeles, California","","$19 - $21 (hourly)",jobspy_indeed,https://www.indeed.com/viewjob?jk=80167809cf381f90,"","2026-03-03"
0,"","CNC Programmer 3 1st Shift","Precision CastParts","Los Angeles, California","","$30 - $46 (hourly)",jobspy_indeed,https://www.indeed.com/viewjob?jk=60cfc5a1525ba891,"","2026-03-03"
0,"","Entry Level Press and Cutting Machine Operator","Tagtime USA","Los Angeles, California","","$16 - $17 (hourly)",jobspy_indeed,https://www.indeed.com/viewjob?jk=5b4552d2adda1f6e,"","2026-03-02"
0,"","Associate Director, Game Security Operations","Activision","Los Angeles, California","","$124,400 - $230,300 (yearly)",jobspy_indeed,https://www.indeed.com/viewjob?jk=39534f55b125c144,"","2026-03-02"
0,"","Engineering Fielder","Frontier","Los Angeles, California","","$25 - $48 (hourly)",jobspy_indeed,https://www.indeed.com/viewjob?jk=026d0af5bde2834f,"","2026-01-30"
0,"","General Laborer/Machine Operations","Green Bay Packaging","Washington, DC","","",jobspy_indeed,https://www.indeed.com/viewjob?jk=3bc6ef859db43713,"","2026-03-05"
0,"","Master Control Operator","Sinclair Broadcast Group","Washington, DC","","$18 - $19 (hourly)",jobspy_indeed,https://www.indeed.com/viewjob?jk=4b2260de3113e1aa,"","2026-03-04"
0,"","Communications Specialist","The International Association of Sheet Metal, Air, Rail and Transportation Workers (SMART)","Washington, DC","","$80,000 - $110,000 (yearly)",jobspy_indeed,https://www.indeed.com/viewjob?jk=88fbe11f1f7b3623,"","2026-03-04"
0,"","Department Head, Audio & Video","The Washington Post","Washington, DC","","$161,100 - $299,300 (yearly)",jobspy_indeed,https://www.indeed.com/viewjob?jk=81d0158d5a92b661,"","2026-03-03"
0,"","Cutting Operator","The Vomela Companies","Washington, DC","","",jobspy_indeed,https://www.indeed.com/viewjob?jk=dacf0144e0d786a6,"","2026-03-03"
0,"","Senior Technical Engagements & Knowledge Management Lead","Vantor","Washington, DC","","$118,000 - $196,000 (yearly)",jobspy_indeed,https://www.indeed.com/viewjob?jk=8d9c3ed154394bcb,"","2026-03-02"
0,"","Sign Shop Production Associate/Installer","Sir Speedy BWI","Washington, DC","","$18 - $20 (hourly)",jobspy_indeed,https://www.indeed.com/viewjob?jk=66001c651802f3f3,"","2026-03-02"
0,"","Production Associate","San Diego Sign Company/ a.b.a WS Display","United States","","",jobspy_indeed,https://www.indeed.com/viewjob?jk=3e79ae52e540af2c,"","2026-03-09"
0,"","Pre-Press Supervisor","Rx Systems, Inc.","United States","","",jobspy_indeed,https://www.indeed.com/viewjob?jk=78dfadfdd91ab5a4,"","2026-03-09"
0,"","Maintenance Technician - 3rd Shift","Menasha Corporation","United States","","",jobspy_indeed,https://www.indeed.com/viewjob?jk=e920a84f36d6d418,"","2026-03-09"
0,"","Manufacturing Laborer","Screen Graphics","United States","","$16 - $18 (hourly)",jobspy_indeed,https://www.indeed.com/viewjob?jk=49910fd15894c88d,"","2026-03-09"
0,"","Trailer Wrap Technician","SE Independent Delivery Services","United States","","",jobspy_indeed,https://www.indeed.com/viewjob?jk=4a300a8c8bb2c373,"","2026-03-09"
0,"","Pax8 Studios HQ Tech – Live Production Specialist II","Pax8 Global","United States","","$72,034 - $102,907 (yearly)",jobspy_indeed,https://www.indeed.com/viewjob?jk=d42e92df92f4dc73,"","2026-03-08"
0,"","Maintenance Technician","Glanbia Nutritionals","United States","","",jobspy_indeed,https://www.indeed.com/viewjob?jk=75250431713dfaad,"","2026-03-08"
0,"","Technical Design Detailer","Downtown FabWorks","United States","","$55,000 - $60,000 (yearly)",jobspy_indeed,https://www.indeed.com/viewjob?jk=31d8209ddd4fa636,"","2026-03-08"
0,"","Continuous Skills Development Trainer","Walmart","United States","","$26 - $29 (hourly)",jobspy_indeed,https://www.indeed.com/viewjob?jk=cb611188c61a7246,"","2026-03-08"
0,"","Information Technology - UI/UX Developer 130-2035","CommunityCare","United States","","",jobspy_indeed,https://www.indeed.com/viewjob?jk=c8271018e280142b,"","2026-03-08"
0,"","Sign Production & Installation Specialist","FASTSIGNS #221701","United States","","$20 - $25 (hourly)",jobspy_indeed,https://www.indeed.com/viewjob?jk=1c151af4640fd766,"","2026-03-07"
0,"","Senior Electrical / Electronics Engineer","Odyssey Systems Consulting Group","United States","","",jobspy_indeed,https://www.indeed.com/viewjob?jk=00f8276647240a63,"","2026-03-06"
0,"","Finish Carpenter - Fabricator (Saginaw, Michigan)","Morley Companies","United States","","",jobspy_indeed,https://www.indeed.com/viewjob?jk=f8899533836ea37b,"","2026-03-06"
0,"","Multiskill Specialist","Reynolds American","United States","","",jobspy_indeed,https://www.indeed.com/viewjob?jk=ce963f6011af6f47,"","2026-03-06"
0,"","Skilled Part-Time Finishing Press Assistant/Operator","QUAD","United States","","$18 - $24 (hourly)",jobspy_indeed,https://www.indeed.com/viewjob?jk=3413c104a506b29f,"","2026-03-06"
0,"","Maintenance Technician","Pratt Industries","United States","","",jobspy_indeed,https://www.indeed.com/viewjob?jk=e1b895aa13104ac9,"","2026-02-12"
0,"","Digital Marketing Manager","Law Office of Parag L. Amin, P.C.","Remote","","",jobspy_indeed,https://www.indeed.com/viewjob?jk=2729f7caa2db4a83,"","2026-03-02"
0,"","Scenic Carpenter | Experiential Marketing","Lumenati","United States","","$25 - $30 (hourly)",jobspy_indeed,https://www.indeed.com/viewjob?jk=c514e191cc16e5b2,"","2026-03-06"
0,"","Carpenter","Immersive Scenic Studios","United States","","",jobspy_indeed,https://www.indeed.com/viewjob?jk=430c5897860f9abe,"","2026-03-06"
0,"","Service Technician Apprentice","MarineMax Services Inc","United States","","",jobspy_indeed,https://www.indeed.com/viewjob?jk=5b54ccf278c99877,"","2026-03-06"
0,"","Facilities Supervisor","Precinmac","United States","","$85,000 - $100,000 (yearly)",jobspy_indeed,https://www.indeed.com/viewjob?jk=0faa8fdb2fdfe601,"","2026-03-06"
0,"","Event Rigger, Audio Visual - Gaylord Opryland","Encore Global","United States","","$22 - $29 (hourly)",jobspy_indeed,https://www.indeed.com/viewjob?jk=3a0c525d27057b43,"","2026-03-05"
0,"","Field Installation Technician / Skilled Rigger","Quality Service Installation","United States","","$20 - $30 (hourly)",jobspy_indeed,https://www.indeed.com/viewjob?jk=b804aa9fd109c0c7,"","2026-03-04"
0,"","Field Installation Technician / Skilled Rigger","Financial Institutional Services","United States","","$20 - $30 (hourly)",jobspy_indeed,https://www.indeed.com/viewjob?jk=e4dd1c950099e073,"","2026-03-04"
0,"","Event Lead Rigger, Audio Visual - Gaylord Opryland","Encore Global","United States","","$25 - $32 (hourly)",jobspy_indeed,https://www.indeed.com/viewjob?jk=039f5a1ebf0d453f,"","2026-03-03"
0,"","Event Associate Rigger, Audio Visual - Gaylord Opryland","Encore Global","United States","","$20 - $27 (hourly)",jobspy_indeed,https://www.indeed.com/viewjob?jk=117acaf669df610f,"","2026-03-03"
0,"","Master Parachute Rigger (MR) - Site Lead","Modern Government Solutions","United States","","",jobspy_indeed,https://www.indeed.com/viewjob?jk=642aefafef513a25,"","2026-03-03"
0,"","Service Technician Apprentice","MarineMax","United States","","",jobspy_indeed,https://www.indeed.com/viewjob?jk=a03b631e8a7db516,"","2026-03-02"
