score,verdict,title,company,location,tier,salary,source,url,reasoning,date_posted
0,"","Audio Engineer - Studio Technician (Part Time)","SAE Institute","Chicago, IL","","",serpapi_google_jobs,https://earnbetter.com/app/job/01KNQZ3Z7Y4SCEWKNX1QHQCHP7/?utm_campaign=google_jobs_apply&utm_source=google_jobs_apply&utm_medium=organic,"","2026-04-06"
0,"","AV Installation Technician - Chicago","Premiere Systems","Chicago, IL","","27–40 an hour",serpapi_google_jobs,https://us.jobrapido.com/jobpreview/6104503063664394240?utm_campaign=google_jobs_apply&utm_source=google_jobs_apply&utm_medium=organic,"",""
0,"","AV Technician","Inspire Event Technologies LLC","Chicago, IL","","23–25 an hour",serpapi_google_jobs,https://earnbetter.com/app/job/01KNX407HAHSKSWF5V43KMBW0Y/?utm_campaign=google_jobs_apply&utm_source=google_jobs_apply&utm_medium=organic,"","2026-04-08"
0,"","AV Technician/ Meeting Concierge (Full Time) - Hilton Chicago O'Hare Airport","Hilton","Chicago, IL","","",serpapi_google_jobs,https://jobs.hilton.com/latam/pt/job/HOT0CFNS/AV-Technician-Meeting-Concierge-Full-Time-Hilton-Chicago-O-Hare-Airport?utm_campaign=google_jobs_apply&utm_source=google_jobs_apply&utm_medium=organic,"","2026-04-13"
0,"","Audio Engineer - Pro Tools","Alignerr","Anywhere","","25–50 an hour",serpapi_google_jobs,https://www.usaremotejobs.app/job/alignerr-audio-engineer-pro-tools?utm_campaign=google_jobs_apply&utm_source=google_jobs_apply&utm_medium=organic,"","2026-04-11"
0,"","AV Engineer - Technical Services","WESCO","Glenview, IL","","",serpapi_google_jobs,https://lensa.com/job-v1/wesco/glenview-il/audio-visual-engineer/963605f80770471bf6d475e50dd565b7?utm_campaign=google_jobs_apply&utm_source=google_jobs_apply&utm_medium=organic,"",""
0,"","Studio Audio Engineer & Equipment Technician - Part Time","SAE Institute","Chicago, IL","","60K–80K a year",serpapi_google_jobs,https://www.jobleads.com/us/job/studio-audio-engineer-equipment-technician-part-time--chicago--e07ae7ddb8a53fd3fc62fbe98a444e2e6?utm_campaign=google_jobs_apply&utm_source=google_jobs_apply&utm_medium=organic,"","2026-04-14"
0,"","Assistant Audio Engineer Internship","Stonecutter Recording Studios","Chicago, IL","","",serpapi_google_jobs,https://www.indeed.com/viewjob?jk=ff9ec8663df35903&utm_campaign=google_jobs_apply&utm_source=google_jobs_apply&utm_medium=organic,"","2026-04-01"
0,"","Audio Visual Technician","Remote Audio/Video/Lighting","Plainfield, IL","","",serpapi_google_jobs,https://www.career.com/job/remote-audio-video-lighting/audio-visual-technician/j202602032312407431635?utm_campaign=google_jobs_apply&utm_source=google_jobs_apply&utm_medium=organic,"",""
0,"","AV Technician","ITI Systems","New York, NY","","100K–130K a year",serpapi_google_jobs,https://myjobsny.usnlx.com/harrison-ny/av-technician/8568CC1538FA42F4812E320BFF79188E/job/?utm_campaign=google_jobs_apply&utm_source=google_jobs_apply&utm_medium=organic,"","2026-04-10"
0,"","AV Technician/Preparator","New Museum Of Contemporary Art","New York, NY","","38 an hour",serpapi_google_jobs,https://career.io/job/av-technicianpreparator-new-york-new-museum-of-contemporary-192465d3dc2382950e076df7dc6bfc47?utm_campaign=google_jobs_apply&utm_source=google_jobs_apply&utm_medium=organic,"","2026-04-15"
0,"","AV Technician Tier 2","EOS IT Solutions","Nova Iorque, NY, Estados Unidos","","",serpapi_google_jobs,https://www.tealhq.com/job/av-technician-tier-2_7ea1aeac5f8d1e3a18afc5232ab5ed6d838ca?utm_campaign=google_jobs_apply&utm_source=google_jobs_apply&utm_medium=organic,"","há 2 dias"
0,"","Audio Engineer","Sofar Sounds","New York, NY","","",serpapi_google_jobs,https://www.entertainmentcareers.net/gramercy/audio-engineer/job/492277/?utm_campaign=google_jobs_apply&utm_source=google_jobs_apply&utm_medium=organic,"",""
0,"","Onsite AV Technician","CRG","New York, NY","","",serpapi_google_jobs,https://earnbetter.com/app/job/01KP28E3PPSK9JM5HAWMRAK5XY/?utm_campaign=google_jobs_apply&utm_source=google_jobs_apply&utm_medium=organic,"","2026-04-10"
0,"","Audio Visual AV Technician","Stern School of Business Information Technology","New York, NY","","",serpapi_google_jobs,https://www.wayup.com/i-Education-j-Audio-Visual-AV-Technician-Stern-School-of-Business-Information-Technology-110342304152003/?utm_campaign=google_jobs_apply&utm_source=google_jobs_apply&utm_medium=organic,"","2026-04-10"
0,"","Senior AV Technician","Whalar Group","New York, NY","","",serpapi_google_jobs,https://www.tealhq.com/job/senior-av-lead-technician_7ea1ab16b8b1d208d94ac702d5656a36d0914?utm_campaign=google_jobs_apply&utm_source=google_jobs_apply&utm_medium=organic,"","2026-04-09"
0,"","Audio Engineer","Ripe Studios, LLC","Paterson, NJ","","20 an hour",serpapi_google_jobs,https://www.indeed.com/viewjob?jk=b0c467e7d4995bb4&utm_campaign=google_jobs_apply&utm_source=google_jobs_apply&utm_medium=organic,"","2026-04-03"
0,"","Hybrid AV Technician (Junior)","Skadden, Arps, Slate, Meagher & Flom LLP","New York, NY","","65K–75K a year",serpapi_google_jobs,https://www.jobleads.com/us/job/hybrid-av-technician-junior--new-york--eac90dab477126f317c4ce967e2af4532?utm_campaign=google_jobs_apply&utm_source=google_jobs_apply&utm_medium=organic,"","2026-04-10"
0,"","AV Technician Tier 2","EOS","New York, NY","","73K–76K a year",serpapi_google_jobs,https://www.snagajob.com/jobs/1248613208?utm_campaign=google_jobs_apply&utm_source=google_jobs_apply&utm_medium=organic,"","2026-04-16"
0,"","L2 AV Engineer","TEKsystems","São Francisco, CA, Estados Unidos","","US$ 50 a US$ 60 por hora",serpapi_google_jobs,https://careers.teksystems.com/us/en/job/JP-005958765/L2-AV-Engineer?utm_campaign=google_jobs_apply&utm_source=google_jobs_apply&utm_medium=organic,"","há 3 dias"
0,"","Audio Visual Engineer","TEKsystems","San Francisco, CA","","50–60 an hour",serpapi_google_jobs,https://careers.teksystems.com/us/en/job/JP-005949109/Audio-Visual-Engineer?utm_campaign=google_jobs_apply&utm_source=google_jobs_apply&utm_medium=organic,"","2026-04-08"
0,"","Senior AV Technician","Astreya","San Francisco, CA","","",serpapi_google_jobs,https://www.whatjobs.com/jobs/senior-av-technician/san-francisco-california?id=2630335669&utm_campaign=google_jobs_apply&utm_source=google_jobs_apply&utm_medium=organic,"","2026-03-27"
0,"","Audio Visual (AV) Technician","EOS IT Solutions","San Francisco, CA","","",serpapi_google_jobs,https://www.whatjobs.com/jobs/audio-visual-av-technician/san-francisco-california?id=2626753178&utm_campaign=google_jobs_apply&utm_source=google_jobs_apply&utm_medium=organic,"","2026-04-10"
0,"","AV Technician II","Astreya","San Francisco, CA","","21.27–33.58 an hour",serpapi_google_jobs,https://astreya.wd5.myworkdayjobs.com/en-US/life-at-astreya-opportunities/job/AV-Technician-II_R0015158?utm_campaign=google_jobs_apply&utm_source=google_jobs_apply&utm_medium=organic,"","2026-03-31"
0,"","Luxury Residential AV Technician - Premium Installations","Topa Group, Inc.","San Francisco, CA","","",serpapi_google_jobs,https://www.whatjobs.com/jobs/luxury-residential-av-technician/san-francisco-california?id=2627910421&utm_campaign=google_jobs_apply&utm_source=google_jobs_apply&utm_medium=organic,"","2026-04-10"
0,"","AV Technician","The Rockridge Group","South San Francisco, CA","","",serpapi_google_jobs,https://www.ziprecruiter.com/c/Rockridge-Group/Job/AV-Technician/-in-South-San-Francisco,CA?jid=87465d3c19083bd9&utm_campaign=google_jobs_apply&utm_source=google_jobs_apply&utm_medium=organic,"",""
0,"","Onsite AV Technician — Conference Rooms & VIP Meetings","OfficePro Inc.","San Francisco, CA","","",serpapi_google_jobs,https://www.whatjobs.com/jobs/onsite-av-technician-conference/san-francisco-california?id=2627910393&utm_campaign=google_jobs_apply&utm_source=google_jobs_apply&utm_medium=organic,"","2026-04-10"
0,"","On-Call Event AV Technician (Hospitality)","Encore","San Francisco, CA","","",serpapi_google_jobs,https://www.jobleads.com/us/job/on-call-event-av-technician-hospitality--san-francisco--eab677d3ff6192710b54c59ff5790f2c3?utm_campaign=google_jobs_apply&utm_source=google_jobs_apply&utm_medium=organic,"","2026-04-13"
0,"","AV Technician – On Call","Seattle Art Museum","Seattle, WA, États-Unis","","",serpapi_google_jobs,https://bandana.com/jobs/4bf8b01a-8f09-4c29-9c03-83fc14580698?utm_campaign=google_jobs_apply&utm_source=google_jobs_apply&utm_medium=organic,"","il y a 24 jours"
0,"","AV Engineer - Zoom Room Deployment Specialist","EPAM Systems, Inc.","Seattle, WA","","45K–69K a year",serpapi_google_jobs,https://lensa.com/job-v1/epam-systems-inc/seattle-wa/specialist-audio-visual-engineer/f371c247b95020af8bf9158ba7ce5801?utm_campaign=google_jobs_apply&utm_source=google_jobs_apply&utm_medium=organic,"",""
0,"","Av Technician","TEKsystems","Tacoma, WA","","28–32 an hour",serpapi_google_jobs,https://www.tealhq.com/job/av-technician_7ea1ab9bd2b2447fef9acfd75956c41e3e27c?utm_campaign=google_jobs_apply&utm_source=google_jobs_apply&utm_medium=organic,"","2026-04-09"
0,"","AV Technician","Abacus","Seattle, WA","","",serpapi_google_jobs,https://lensa.com/job-v1/abacus/seattle-wa/av-technician/029d94ceaa1245deb8146f4b53bd0ef2?utm_campaign=google_jobs_apply&utm_source=google_jobs_apply&utm_medium=organic,"",""
0,"","AV Technician II","Astreya Partners, LLC","Bellevue, WA","","",serpapi_google_jobs,https://astreya.wd5.myworkdayjobs.com/en-US/life-at-astreya-opportunities/job/AV-Technician-II_R0015237?utm_campaign=google_jobs_apply&utm_source=google_jobs_apply&utm_medium=organic,"","2026-04-07"
0,"","AV Engineer - Zoom Room Specialist. Job in Seattle Move Collective Jobs","EPAM Systems Inc","Seattle, WA","","",serpapi_google_jobs,https://jobs.movecollective.uk/jobs/av-engineer-zoom-room-specialist-seattle-washington/2720476937-2/?utm_campaign=google_jobs_apply&utm_source=google_jobs_apply&utm_medium=organic,"","2026-04-13"
0,"","Lead Audio Engineer (A1)","Mighty Media Studios","Bellevue, WA","","110K–135K a year",serpapi_google_jobs,https://us.trabajo.org/job-4112-fdf4960e087387c066ebc9f04518f623?utm_campaign=google_jobs_apply&utm_source=google_jobs_apply&utm_medium=organic,"","2026-04-02"
0,"","Digital & AV Technician","Hyatt","Seattle, WA","","47K–75K a year",serpapi_google_jobs,https://www.jobzmall.com/hyatt/job/digital-av-technician-9?utm_campaign=google_jobs_apply&utm_source=google_jobs_apply&utm_medium=organic,"",""
0,"","06 Lead AV Technician","Topa Group, Inc.","Bellevue, WA","","90K–110K a year",serpapi_google_jobs,https://www.learn4good.com/jobs/bellevue/washington/skilled_labor/4862690819/e/?utm_campaign=google_jobs_apply&utm_source=google_jobs_apply&utm_medium=organic,"","2026-03-29"
0,"","Sr. Audio Visual (AV) Engineer","Global Technical Talent","Boston, MA","","100K–105K a year",serpapi_google_jobs,https://www.indeed.com/viewjob?jk=ca6215ed96c0a923&utm_campaign=google_jobs_apply&utm_source=google_jobs_apply&utm_medium=organic,"","2026-04-16"
0,"","Entertainment Production Services/AV Technician (Part - Time)","Encore Boston Harbor","Everett, MA","","",serpapi_google_jobs,https://earnbetter.com/app/job/01KPA01VFQN79SHMD19NK55N0K/?utm_campaign=google_jobs_apply&utm_source=google_jobs_apply&utm_medium=organic,"","2026-03-19"
0,"","Freelance AV Technician","Marcus Evans","Boston, MA","","",serpapi_google_jobs,https://talents.vaia.com/companies/marcus-evans-group/freelance-av-technician-34128634/?utm_campaign=google_jobs_apply&utm_source=google_jobs_apply&utm_medium=organic,"",""
0,"","Audio Engineer Pro Tools","Alignerr","Boston, MA","","60K–80K a year",serpapi_google_jobs,https://www.jobleads.com/us/job/audio-engineer-pro-tools--boston--ee21d632bf8da2da3936948c8716d3314?utm_campaign=google_jobs_apply&utm_source=google_jobs_apply&utm_medium=organic,"","2026-04-14"
0,"","Onsite AV Engineer — White-glove Support & Setup Expert","AVI-SPL","Boston, MA","","",serpapi_google_jobs,https://www.jobleads.com/us/job/onsite-av-engineer-white-glove-support-setup-expert--boston--ed383a9c1c09f55f4dda06685f4e73339?utm_campaign=google_jobs_apply&utm_source=google_jobs_apply&utm_medium=organic,"","2026-04-11"
0,"","AV Technician - Freelance - Boston","Crunchy Tech","Boston, MA","","",serpapi_google_jobs,https://www.career.com/job/crunchy-tech/av-technician-freelance-boston/j202311210157076401427?utm_campaign=google_jobs_apply&utm_source=google_jobs_apply&utm_medium=organic,"","2026-04-02"
0,"","Video and Audio Engineer","EMD Millipore Corporation","Burlington, MA","","",serpapi_google_jobs,https://careers.merckgroup.com/br/pt/job/298147/Video-and-Audio-Engineer?utm_campaign=google_jobs_apply&utm_source=google_jobs_apply&utm_medium=organic,"","2026-04-12"
0,"","Audio Video (AV) Technician at iTech US Inc Marlborough, MA","iTech US Inc","Marlborough, MA","","",serpapi_google_jobs,https://impulse.lk/job-board/job/audio-video-av-technician-at-itech-us-inc-marlborough-ma-Q0VtWUlKYzJZYWRGSzl5VHhyVTdDQllwaEE9PQ==?utm_campaign=google_jobs_apply&utm_source=google_jobs_apply&utm_medium=organic,"","2026-04-04"
0,"","Audio Visual (AV) Technician II","University of MA Amherst Careers","Amherst, MA","","",serpapi_google_jobs,https://careers.umass.edu/jobs/audio-visual-av-technician-ii-amherst-massachusetts-united-states?utm_campaign=google_jobs_apply&utm_source=google_jobs_apply&utm_medium=organic,"",""
0,"","Warehouse AV Technician","Pro Audio Video, Inc.","La Verne, CA","","18–22 an hour",serpapi_google_jobs,https://www.whatjobs.com/jobs/registered-vet-technician/la-verne-california?id=2609624181&utm_campaign=google_jobs_apply&utm_source=google_jobs_apply&utm_medium=organic,"","2026-04-09"
0,"","Construction AV Technician Audio Visual","Trunation","Los Angeles, California","","",jobspy_indeed,https://www.indeed.com/viewjob?jk=24e73f5da0487966,"","2026-04-11"
0,"","Lead Structured Cabling Technician","Trunation","Los Angeles, California","","",jobspy_indeed,https://www.indeed.com/viewjob?jk=a1e3f3afc8d9ae06,"","2026-04-11"
0,"","AV Technician","Exante360 Inc","Torrance, CA","","42.31–61.50 an hour",serpapi_google_jobs,https://avixa.careerwebsite.com/job/av-technician/83094334/?utm_campaign=google_jobs_apply&utm_source=google_jobs_apply&utm_medium=organic,"","2026-04-01"
0,"","Junior AV Engineer","IGI","Los Alamitos, CA","","",serpapi_google_jobs,https://www.werigi.com/junior-av-engineer-los-alamitos-ca?utm_campaign=google_jobs_apply&utm_source=google_jobs_apply&utm_medium=organic,"",""
0,"","Audiovisual (AV) Technician - II","Avidex Industries LLC","Lake Forest, CA","","27–35 an hour",serpapi_google_jobs,https://lensa.com/job-v1/avidex/lake-forest-ca/av-technician/b4ced16a8acf9285a2ecafcc4198c756?utm_campaign=google_jobs_apply&utm_source=google_jobs_apply&utm_medium=organic,"",""
0,"","Audio Technician","24 Seven Talent","Anaheim, CA","","",serpapi_google_jobs,https://www.whatjobs.com/jobs/audio-technician/anaheim-california?id=2635252201&utm_campaign=google_jobs_apply&utm_source=google_jobs_apply&utm_medium=organic,"","2026-04-13"
0,"","AV Engineer- Operations","Netflix","Los Angeles, CA","","60K–90K a year",serpapi_google_jobs,https://www.jobzmall.com/netflix/job/av-engineer-operations?utm_campaign=google_jobs_apply&utm_source=google_jobs_apply&utm_medium=organic,"",""
0,"","AV Technician - Irvine","Sky System Inc","Irvine, CA","","",serpapi_google_jobs,https://www.whatjobs.com/jobs/av-technician-irvine/west-park-california?id=2582032711&utm_campaign=google_jobs_apply&utm_source=google_jobs_apply&utm_medium=organic,"","2026-03-28"
0,"","Audio Engineer","Observatory OC","Santa Ana, CA","","16.50 an hour",serpapi_google_jobs,https://www.entertainmentcareers.net/observatory-oc/audio-engineer/job/492280/?utm_campaign=google_jobs_apply&utm_source=google_jobs_apply&utm_medium=organic,"","2026-03-29"
0,"","AV Technician","Confidential","Los Angeles, CA","","32–40 an hour",serpapi_google_jobs,https://talents.vaia.com/companies/amplify-people/av-technician-28682827/?utm_campaign=google_jobs_apply&utm_source=google_jobs_apply&utm_medium=organic,"",""
0,"","Audio Visual (AV) Engineer","ARES Solutions, Inc.","Falls Church, VA, Estados Unidos","","US$ 43 a US$ 52 por hora",serpapi_google_jobs,https://www.ziprecruiter.com/c/ARES-Solutions/Job/Audio-Visual-(AV)-Engineer/-in-Falls-Church,VA?jid=ba2bbfde3b117a9b&utm_campaign=google_jobs_apply&utm_source=google_jobs_apply&utm_medium=organic,"","há 8 dias"
0,"","AV Technician","NTI","Rockville, MD, Estados Unidos","","US$ 35 a US$ 50 por hora",serpapi_google_jobs,https://hiring.cafe/viewjob/lv117xsleka0qotr?utm_campaign=google_jobs_apply&utm_source=google_jobs_apply&utm_medium=organic,"",""
0,"","Experienced AV Technician","Casaplex, LLC","Kensington, MD, Estados Unidos","","",serpapi_google_jobs,https://careers.jobscore.com/careers/casaplex/jobs/experienced-av-technician-dIhG0IwUbeG4ublvx0sc1d?ref=rss&sid=68&utm_campaign=google_jobs_apply&utm_source=google_jobs_apply&utm_medium=organic,"",""
0,"","Audio Specialist/AV Technician","Insmed Incorporated","Bridgewater, NJ, Estados Unidos","","",serpapi_google_jobs,https://jobs.jobvite.com/sbmmanagement/job/ovDbzfwC?utm_campaign=google_jobs_apply&utm_source=google_jobs_apply&utm_medium=organic,"","há 15 dias"
0,"","AV Technician","Comstock Companies","Reston, VA, Estados Unidos","","",serpapi_google_jobs,https://bebee.com/us/jobs/av-technician-comstock-companies-reston-va--theirstack-628869406?utm_campaign=google_jobs_apply&utm_source=google_jobs_apply&utm_medium=organic,"",""
0,"","Audio Engineer, Opinion at The New York Times Washington DC","The New York Times","Washington, D.C., DC, Estados Unidos","","",serpapi_google_jobs,https://escoladaviola.com.br/careers/job/audio-engineer-opinion-at-the-new-york-times-washington-dc-VVIvNFgyTmowZitrcDBJZkZOanVTdz09?utm_campaign=google_jobs_apply&utm_source=google_jobs_apply&utm_medium=organic,"","há 14 dias"
0,"","Lead AV Technician","Amplify People","Edgewater, MD, Estados Unidos","","US$ 33 a US$ 45 por hora",serpapi_google_jobs,https://amplifypeople.applytojob.com/apply/Oh3cSXNmjG/Lead-AV-Technician?utm_campaign=google_jobs_apply&utm_source=google_jobs_apply&utm_medium=organic,"",""
0,"","AV Technician","Xssentials","Aspen, CO","","25–45 an hour",serpapi_google_jobs,https://talents.vaia.com/companies/ser-limited/aspen/av-technician-76006121/?utm_campaign=google_jobs_apply&utm_source=google_jobs_apply&utm_medium=organic,"",""
0,"","AV Technician Apprentice","Amplify People","Carbondale, CO","","",serpapi_google_jobs,https://amplifypeople.applytojob.com/apply/cbZ8cIaaWD/AV-Technician-Apprentice?utm_campaign=google_jobs_apply&utm_source=google_jobs_apply&utm_medium=organic,"",""
0,"","Residential AV Technician","Jobe Systems, Inc.","Aspen, CO","","40–50 an hour",serpapi_google_jobs,https://www.indeed.com/viewjob?jk=2fb18159837ccb32&utm_campaign=google_jobs_apply&utm_source=google_jobs_apply&utm_medium=organic,"","2026-03-30"
0,"","Residential Audio Visual Technician","Jobe Systems","Aspen, CO","","",serpapi_google_jobs,https://www.jobleads.com/us/job/residential-audio-visual-technician--aspen--ea6c2b5f5dfde01b00432de3da50d3e4e?utm_campaign=google_jobs_apply&utm_source=google_jobs_apply&utm_medium=organic,"","2026-04-07"
0,"","Audiovisual/IT Technicians","Grace Presbyterian Church","Littleton, CO","","46.8K a year",serpapi_google_jobs,https://tallo.com/talent/job/design-and-media/audio-or-visual-technician/co/littleton/worship-av-technician-101c192e?utm_campaign=google_jobs_apply&utm_source=google_jobs_apply&utm_medium=organic,"","2026-03-22"
0,"","Commerical AV Technician Level III","Xcite Audiovisuals","Centennial, CO","","29–37 an hour",serpapi_google_jobs,https://www.glassdoor.com/job-listing/commerical-av-technician-level-iii-xcite-audiovisuals-JV_IC1164284_KO0,34_KE35,53.htm?jl=1009495206818&utm_campaign=google_jobs_apply&utm_source=google_jobs_apply&utm_medium=organic,"","2026-03-20"
0,"","VTC / AV Technician","Mitchell Consulting","Colorado Springs, CO","","92K–98K a year",serpapi_google_jobs,https://www.milwaukeejobs.com/j/t-VTC-AV-Technician-e-MCSG-Technologies-l-Colorado-Springs,-CO-jobs-j78713222.html?utm_campaign=google_jobs_apply&utm_source=google_jobs_apply&utm_medium=organic,"",""
0,"","Residential AV Technician","Bravas","United States","","",serpapi_google_jobs,https://talents.vaia.com/companies/bravas-group/residential-av-technician-36762807/?utm_campaign=google_jobs_apply&utm_source=google_jobs_apply&utm_medium=organic,"","2026-03-25"
0,"","AV Technician","Sky Systems","Boulder, CO","","",serpapi_google_jobs,https://lensa.com/job-v1/sky-systems/boulder-co/av-technician/85f7924f547f20567ff3ceaca00840d4?utm_campaign=google_jobs_apply&utm_source=google_jobs_apply&utm_medium=organic,"",""
0,"","Lead AV Technician","Amplify People","Carbondale, CO","","70K–80K a year",serpapi_google_jobs,https://amplifypeople.applytojob.com/apply/D4LZvZxfGe/Lead-AV-Technician?utm_campaign=google_jobs_apply&utm_source=google_jobs_apply&utm_medium=organic,"",""
0,"","Broadcast Engineer","Bureau Gravity/TalkLab","Aurora, IL","","25–35 an hour",serpapi_google_jobs,https://www.indeed.com/viewjob?jk=0834587f52c20925&utm_campaign=google_jobs_apply&utm_source=google_jobs_apply&utm_medium=organic,"","2026-03-30"
0,"","Production Engineer","LHH US","Bensenville, IL","","100K–125K a year",serpapi_google_jobs,https://lensa.com/job-v1/lhh-recruitment-solutions/bensenville-il/production-engineer/07189bad19876549e5a7b43487ef86d9?utm_campaign=google_jobs_apply&utm_source=google_jobs_apply&utm_medium=organic,"","2026-04-09"
0,"","Production Engineer","LHH US","Franklin Park, IL","","80K–120K a year",serpapi_google_jobs,https://www.jobilize.com/amp/job/us-il-franklin-park-production-engineer-lhh-recruitment-solutions?utm_campaign=google_jobs_apply&utm_source=google_jobs_apply&utm_medium=organic,"","2026-04-09"
0,"","Video Production Engineer","TEKsystems","East Peoria, IL","","45–55 an hour",serpapi_google_jobs,https://jobs.smartrecruiters.com/Collabera2/88585186-engineer?utm_campaign=google_jobs_apply&utm_source=google_jobs_apply&utm_medium=organic,"","2026-04-13"
0,"","Production Engineer | Metal Fabrication","Michael Page","Addison, IL","","80K–95K a year",serpapi_google_jobs,https://www.indeed.com/viewjob?jk=4431862ccf64e227&utm_campaign=google_jobs_apply&utm_source=google_jobs_apply&utm_medium=organic,"","2026-04-16"
0,"","Broadcast Engineer","Midwest Communications, Inc.","Peoria, IL","","",serpapi_google_jobs,https://www.linkedin.com/jobs/view/broadcast-engineer-at-midwest-communications-inc-4401514187?utm_campaign=google_jobs_apply&utm_source=google_jobs_apply&utm_medium=organic,"","2026-04-13"
0,"","Production Engineer","RHI Magnesita","Hammond, IN","","",serpapi_google_jobs,https://us.experteer.com/career/view-jobs/production-engineer-hammond-in-usa-56817281?utm_campaign=google_jobs_apply&utm_source=google_jobs_apply&utm_medium=organic,"","2026-03-24"
0,"","Production Engineer / Manufacturing Engineer","LHH","Wood Dale, IL","","80K–130K a year",serpapi_google_jobs,https://www.linkedin.com/jobs/view/production-engineer-manufacturing-engineer-at-lhh-4397699041?refId=e5G%2BMfC7PFuqsXb1ym4iGQ%3D%3D&trackingId=YZyOga1yvVFmEY7bhTibiQ%3D%3D&position=22&pageNum=0&utm_campaign=google_jobs_apply&utm_source=google_jobs_apply&utm_medium=organic,"","2026-04-10"
0,"","Senior Production Engineer","Virtual Vocations Inc","Lincolnwood, IL (+1 other)","","",serpapi_google_jobs,https://www.talent.com/view?id=614911171040454607&utm_campaign=google_jobs_apply&utm_source=google_jobs_apply&utm_medium=organic,"","2026-04-12"
0,"","Video Production Engineer / AV Technical Live Broadcast","TEKsystems","East Peoria, IL","","",serpapi_google_jobs,https://bebee.com/us/jobs/video-production-engineer-av-technical-live-broadcast-teksystems-east-peoria--techmap_us_AC16D6695BC7411DB12EAB5E99B30934?utm_campaign=google_jobs_apply&utm_source=google_jobs_apply&utm_medium=organic,"","2026-03-20"
0,"","Production/ Broadcast Engineer - NBC Sports","NBCUniversal","New York, NY","","",serpapi_google_jobs,https://www.builtinnyc.com/job/production-broadcast-engineer-nbc-sports/8787000?utm_campaign=google_jobs_apply&utm_source=google_jobs_apply&utm_medium=organic,"","2026-04-12"
0,"","Broadcast Engineer","Versant","Englewood Cliffs, NJ","","",serpapi_google_jobs,https://jobs.smartrecruiters.com/Versant3/744000119175715-broadcast-engineer?utm_campaign=google_jobs_apply&utm_source=google_jobs_apply&utm_medium=organic,"","2026-04-15"
0,"","Broadcast Engineer","Legends Global","New York, NY","","",serpapi_google_jobs,https://www.tealhq.com/job/broadcast-engineer_7ea1a1ce264d33948476f07e93d8cfbeaaa55?utm_campaign=google_jobs_apply&utm_source=google_jobs_apply&utm_medium=organic,"","2026-03-27"
0,"","Production Engineer II - New Glenn","Blue Origin LLC","New York, NY","","",serpapi_google_jobs,https://www.whatjobs.com/jobs/production-engineer-ii-new/new-york?id=2630077910&utm_campaign=google_jobs_apply&utm_source=google_jobs_apply&utm_medium=organic,"","2026-04-11"
0,"","Broadcast Engineer, Replay","Major League Baseball","New York, NY","","80K–92.5K a year",serpapi_google_jobs,https://www.builtinnyc.com/job/broadcast-engineer-replay/8589954?utm_campaign=google_jobs_apply&utm_source=google_jobs_apply&utm_medium=organic,"","2026-03-18"
0,"","Broadcast Engineer Lead — On-Call 24/7 & FM Studio Tech","New York State Broadcasters Association","New York, NY","","",serpapi_google_jobs,https://www.whatjobs.com/jobs/broadcast-engineer-lead-on-call/new-york?id=2627822824&utm_campaign=google_jobs_apply&utm_source=google_jobs_apply&utm_medium=organic,"","2026-04-10"
0,"","Broadcast Studio Engineer","Bexel","New York, NY","","",serpapi_google_jobs,https://builtin.com/job/broadcast-studio-engineer/9036289?utm_campaign=google_jobs_apply&utm_source=google_jobs_apply&utm_medium=organic,"",""
0,"","Production/ Broadcast Engineer [Stamford]","NBCUniversal","Stamford, CT","","",serpapi_google_jobs,https://www.showbizjobs.com/jobs/nbcuniversal-production-broadcast-engineer-in-stamford/jid-eok097?utm_campaign=google_jobs_apply&utm_source=google_jobs_apply&utm_medium=organic,"","2026-03-22"
0,"","Principal Broadcast Engineer, Amazon Live","Amazon Advertising LLC","New York, NY","","201K–272K a year",serpapi_google_jobs,https://dejobs.org/new-york-ny/principal-broadcast-engineer-amazon-live/2D249B468D5B411BAA4C6A343D85A25D/job/?utm_campaign=google_jobs_apply&utm_source=google_jobs_apply&utm_medium=organic,"",""
0,"","Production Engineer","Kulite Semiconductor Products, Inc.","Leonia, NJ","","60K–75K a year",serpapi_google_jobs,https://onemainfinancial-veteranjobs.dejobs.org/leonia-nj/production-engineer/DAFB00AA0255462E843E33EC53BAFDC2/job/?utm_campaign=google_jobs_apply&utm_source=google_jobs_apply&utm_medium=organic,"",""
0,"","Media Production Broadcast Engineer / Architect","Autodesk","San Francisco, CA","","109,400–176,880 a year",serpapi_google_jobs,https://joinrise.co/autodesk/media-production-broadcast-engineer-architect-9l2w?utm_campaign=google_jobs_apply&utm_source=google_jobs_apply&utm_medium=organic,"","2026-04-02"
0,"","Broadcast Engineer","CBS","San Francisco, CA","","80K–95K a year",serpapi_google_jobs,https://www.entertainmentcareers.net/cbs/broadcast-engineer/job/517632/?utm_campaign=google_jobs_apply&utm_source=google_jobs_apply&utm_medium=organic,"","2026-04-06"
0,"","Broadcast and Studio Engineer - (Broadcast Engineer, Range I) - College of Liberal and Creative Arts","Cal State University (CSU) San Francisco","San Francisco, CA","","",serpapi_google_jobs,https://www.careersingovernment.com/job/1009199/broadcast-and-studio-engineer-broadcast-engineer/?utm_campaign=google_jobs_apply&utm_source=google_jobs_apply&utm_medium=organic,"","2026-04-03"
0,"","Specialty Production Broadcast Engineer","Fntech","Menlo Park, CA","","100K–140K a year",serpapi_google_jobs,https://www.thejobnetwork.com/job/293df5f3-6df7-4479-93dc-ed5447378dfc/specialty-production-broadcast-engineer?utm_campaign=google_jobs_apply&utm_source=google_jobs_apply&utm_medium=organic,"","2026-04-10"
0,"","Production Engineer","Placer.ai","San Francisco, CA","","190K–210K a year",serpapi_google_jobs,https://app.welcometothejungle.com/jobs/ZvPl_Ff9?utm_campaign=google_jobs_apply&utm_source=google_jobs_apply&utm_medium=organic,"","2026-04-07"
0,"","Staff Production Engineer (Lucasfilm/Industrial Light & Magic)","Industrial Light & Magic","San Francisco, CA","","",serpapi_google_jobs,https://www.disneycareers.com/en/job/san-francisco/staff-production-engineer-lucasfilm-industrial-light-and-magic/391/92927242208?utm_campaign=google_jobs_apply&utm_source=google_jobs_apply&utm_medium=organic,"","2026-03-29"
0,"","Production Engineer","Meta","Fremont, CA","","184K–257K a year",serpapi_google_jobs,https://www.theladders.com/job/production-engineer-meta-fremont-ca_84620971?utm_campaign=google_jobs_apply&utm_source=google_jobs_apply&utm_medium=organic,"",""
0,"","Production Engineer","Qnity","Hayward, CA","","",serpapi_google_jobs,https://careers.qnityelectronics.com/cn/zh/job/DEJDEGUS248663WEXTERNALZHCN/Production-Engineer?utm_campaign=google_jobs_apply&utm_source=google_jobs_apply&utm_medium=organic,"","2026-04-04"
0,"","Production Engineer; Operational Excellence","Crusoe","San Francisco, CA","","209K–253K a year",serpapi_google_jobs,https://www.learn4good.com/jobs/san-francisco/california/info_technology/5024933865/e/?utm_campaign=google_jobs_apply&utm_source=google_jobs_apply&utm_medium=organic,"","2026-04-13"
0,"","Production Engineer","Meta","Bellevue, WA (+2 others)","","",serpapi_google_jobs,https://www.metacareers.com/profile/job_details/1031032768371242?utm_campaign=google_jobs_apply&utm_source=google_jobs_apply&utm_medium=organic,"",""
0,"","Mobile Broadcast Engineer — On‑Site & Global Travel","NEP Group","Seattle, WA","","",serpapi_google_jobs,https://www.whatjobs.com/jobs/mobile-broadcast-engineer-on-site/seattle-washington?id=2626850285&utm_campaign=google_jobs_apply&utm_source=google_jobs_apply&utm_medium=organic,"","2026-04-10"
0,"","Broadcast Engineer Senior","Blue Origin LLC","Seattle, WA","","",serpapi_google_jobs,https://usnlx.com/seattle-wa/broadcast-engineer-senior/26743DDC513A49ADAF98C55966607F81/job/?utm_campaign=google_jobs_apply&utm_source=google_jobs_apply&utm_medium=organic,"",""
0,"","Production Engineer","Meta","Seattle, WA","","",serpapi_google_jobs,https://talents.vaia.com/companies/meta/production-engineer-21654081/?utm_campaign=google_jobs_apply&utm_source=google_jobs_apply&utm_medium=organic,"",""
0,"","Antenna Production Engineer","Echodyne Corp","Kirkland, WA","","86,623–129,883 a year",serpapi_google_jobs,https://www.theladders.com/job/electronic-architecture-engineer-paccar-kirkland-wa_86375354?utm_campaign=google_jobs_apply&utm_source=google_jobs_apply&utm_medium=organic,"",""
0,"","Broadcast Engineer","Sirius XM Radio","Seattle, WA","","68K–108K a year",serpapi_google_jobs,https://www.jobzmall.com/sirius-xm-radio/job/broadcast-engineer-32?utm_campaign=google_jobs_apply&utm_source=google_jobs_apply&utm_medium=organic,"",""
0,"","Senior Production Engineer","GE HEALTHCARE","Bellevue, WA","","",serpapi_google_jobs,https://careers.gehealthcare.com/global/en/job/GEVGHLGLOBALR4032056EXTERNALENGLOBAL/Senior-Production-Engineer?utm_campaign=google_jobs_apply&utm_source=google_jobs_apply&utm_medium=organic,"",""
0,"","Production Engineer [REF REQ-2602-159196]","Meta Platforms, Inc","Bellevue, WA","","149,240–165,000 a year",serpapi_google_jobs,https://www.jobs.now/jobs/441063792-production-engineer-ref-req-2602-159196?utm_campaign=google_jobs_apply&utm_source=google_jobs_apply&utm_medium=organic,"","2026-04-11"
0,"","Staff Production Engineer","CoreWeave","Bellevue, WA","","",serpapi_google_jobs,https://www.builtinseattle.com/job/staff-production-engineer/8191916?utm_campaign=google_jobs_apply&utm_source=google_jobs_apply&utm_medium=organic,"",""
0,"","Travel-Ready Mobile Broadcast Engineer","Creative Technology UK","Seattle, WA","","",serpapi_google_jobs,https://us.jobrapido.com/jobpreview/4793067166704336896?utm_campaign=google_jobs_apply&utm_source=google_jobs_apply&utm_medium=organic,"","2026-04-08"
0,"","Production Engineer - Full-time","Meta","Boston, MA","","",serpapi_google_jobs,https://www.snagajob.com/jobs/1083072829?utm_campaign=google_jobs_apply&utm_source=google_jobs_apply&utm_medium=organic,"","2026-04-16"
0,"","Network Production Engineer, Network Infrastructure","Meta","Boston, MA","","",serpapi_google_jobs,https://www.monster.com/job-openings/network-production-engineer-network-infrastructure-boston-ma--64ff05e9-be8e-4a06-b404-2ec409bf8588?utm_campaign=google_jobs_apply&utm_source=google_jobs_apply&utm_medium=organic,"",""
0,"","Broadcast Engineer","Sirius XM Radio","Boston, MA","","53K–83K a year",serpapi_google_jobs,https://www.jobzmall.com/sirius-xm-radio/job/broadcast-engineer-30?utm_campaign=google_jobs_apply&utm_source=google_jobs_apply&utm_medium=organic,"",""
0,"","8.3. Production Engineer II-Burlington","Phoenix Tailings","Burlington, MA","","",serpapi_google_jobs,https://jobs.lever.co/PhoenixTailings/898f18e8-5edc-43af-925e-b71ef572daf2?utm_campaign=google_jobs_apply&utm_source=google_jobs_apply&utm_medium=organic,"",""
0,"","Production Engineer I","Phoenix Tailings","Burlington, MA","","60K–80K a year",serpapi_google_jobs,https://www.jobleads.com/us/job/8-2-production-engineer-i-burlington--burlington--e6860b7419d0662b43c81d46e7c8f609a?utm_campaign=google_jobs_apply&utm_source=google_jobs_apply&utm_medium=organic,"","2026-04-07"
0,"","Media Production Broadcast Engineer / Architect","Autodesk, Inc.","California","","",serpapi_google_jobs,https://www.whatjobs.com/jobs/media-production-broadcast-engineer/california?id=2629831141&utm_campaign=google_jobs_apply&utm_source=google_jobs_apply&utm_medium=organic,"","2026-04-11"
0,"","Broadcast Engineer, Burbank, California","Evertz Microsystems Limited","Burbank, CA","","",serpapi_google_jobs,https://evertz.applytojob.com/apply/9PuwcCa6dy/Broadcast-Engineer-Burbank-California?utm_campaign=google_jobs_apply&utm_source=google_jobs_apply&utm_medium=organic,"",""
0,"","Production Engineer","Rangeview Inc.","El Segundo, CA","","85K–154K a year",serpapi_google_jobs,https://www.sonara.ai/job-details/production-engineer-at-rangeview-8ba2879d-5a74-9e8f-be82-2739b480aef4?utm_campaign=google_jobs_apply&utm_source=google_jobs_apply&utm_medium=organic,"",""
0,"","Production Engineer","True Anomaly","Long Beach, CA","","95K–110K a year",serpapi_google_jobs,https://jobs.accel.com/companies/true-anomaly/jobs/65295831-senior-production-engineer?utm_campaign=google_jobs_apply&utm_source=google_jobs_apply&utm_medium=organic,"","2026-03-24"
0,"","Production Engineer","Senra Systems","Cypress, CA","","75K–85K a year",serpapi_google_jobs,https://www.tealhq.com/job/production-engineer_7ea1a96df87b2ca472519ec7aae3d75ec4197?utm_campaign=google_jobs_apply&utm_source=google_jobs_apply&utm_medium=organic,"","2026-04-01"
0,"","Broadcast Engineer [Santa Monica]","Sinclair Broadcast Group","Santa Monica, CA","","98K–150K a year",serpapi_google_jobs,https://www.showbizjobs.com/jobs/sinclair-broadcast-group-broadcast-engineer-in-santa-monica/jid-mkx813?utm_campaign=google_jobs_apply&utm_source=google_jobs_apply&utm_medium=organic,"",""
0,"","Avionics Production Engineer – Starship Electronics","SpaceX","Hawthorne, CA","","",serpapi_google_jobs,https://www.whatjobs.com/jobs/avionics-production-engineer-starship/hawthorne-california?id=2622070268&utm_campaign=google_jobs_apply&utm_source=google_jobs_apply&utm_medium=organic,"","2026-04-08"
0,"","Broadcast Engineer","SpaceX","Hawthorne, CA","","43.5K–83K a year",serpapi_google_jobs,https://www.jobzmall.com/spacex/job/broadcast-engineer-19?utm_campaign=google_jobs_apply&utm_source=google_jobs_apply&utm_medium=organic,"",""
0,"","Broadcast Engineers","The California State University","Fullerton, CA","","86,628 a year",serpapi_google_jobs,https://tallo.com/talent/job/design-and-media/broadcast-technician/ca/fullerton/broadcast-engineer-ffb50d6a?utm_campaign=google_jobs_apply&utm_source=google_jobs_apply&utm_medium=organic,"",""
0,"","Production Engineer","Huish Outdoors LLC","Costa Mesa, CA","","96K a year",serpapi_google_jobs,https://www.tealhq.com/job/production-engineer_7ea1a1adc36d7faebf0cdba9a92b72e555d1c?utm_campaign=google_jobs_apply&utm_source=google_jobs_apply&utm_medium=organic,"","2026-03-18"
0,"","Broadcast Production Engineer","Fox Corporation","Washington, DC","","",serpapi_google_jobs,https://www.foxcareers.com/Search/JobDetail/R50022892/broadcast-production-engineer-fox-news-media?utm_campaign=google_jobs_apply&utm_source=google_jobs_apply&utm_medium=organic,"",""
0,"","Production Engineer","Volvo Group","Middletown, PA","","96K–118K a year",serpapi_google_jobs,https://www.indeed.com/viewjob?jk=996718a098987a64&utm_campaign=google_jobs_apply&utm_source=google_jobs_apply&utm_medium=organic,"","2026-04-16"
0,"","Production Engineer","The Washington Post","Washington, DC","","$85,100 - $127,700 (yearly)",jobspy_indeed,https://www.indeed.com/viewjob?jk=6c99ea769075e57a,"","2026-04-11"
0,"","Broadcast Engineer in Charge","Maslow Media Group, Inc.","Clarksburg, MD","","80K–110K a year",serpapi_google_jobs,https://www.ziprecruiter.com/c/Maslow-Media-Group/Job/Broadcast-Engineer-in-Charge/-in-Clarksburg,MD?jid=add7fe887b5f256b&utm_campaign=google_jobs_apply&utm_source=google_jobs_apply&utm_medium=organic,"",""
0,"","Broadcast Engineer","TEGNA Inc.","Harrisburg, PA","","",serpapi_google_jobs,https://www.tealhq.com/job/broadcast-engineer_7ea1a4febd58a73c9850572304d33d5f7d83f?utm_campaign=google_jobs_apply&utm_source=google_jobs_apply&utm_medium=organic,"",""
0,"","Broadcast Engineer: Live TV Systems & Transmitters","Sinclair Inc.","Arlington, VA","","60K–80K a year",serpapi_google_jobs,https://www.jobleads.com/us/job/broadcast-engineer-live-tv-systems-transmitters--arlington--e22a795b89bad9abeb868d1bd9d0ae140?utm_campaign=google_jobs_apply&utm_source=google_jobs_apply&utm_medium=organic,"","2026-04-14"
0,"","Broadcast Production Engineer: TV Systems & IP Audio","FOX","Washington, DC","","80K–100K a year",serpapi_google_jobs,https://www.learn4good.com/jobs/washington/district-of-columbia/engineering/5025474134/e/?utm_campaign=google_jobs_apply&utm_source=google_jobs_apply&utm_medium=organic,"","2026-04-13"
0,"","Conference Services & Events Assistant","Skadden Arps Slate Meagher and Flom LLP","Chicago, IL","","",serpapi_google_jobs,https://builtin.com/job/conference-services-events-assistant/9056606?utm_campaign=google_jobs_apply&utm_source=google_jobs_apply&utm_medium=organic,"","2026-04-16"
0,"","AV Specialist","TEKsystems","Park Ridge, IL","","",serpapi_google_jobs,https://bebee.com/us/jobs/av-specialist-teksystems-park-ridge--talent-563b3a194744?utm_campaign=google_jobs_apply&utm_source=google_jobs_apply&utm_medium=organic,"","2026-03-24"
0,"","Director Event Technology","ADP","Chicago, IL","","98K–199K a year",serpapi_google_jobs,https://jobs.stevenagefc.com/jobs/director-of-event-technology-chicago-illinois/2718368427-2/?utm_campaign=google_jobs_apply&utm_source=google_jobs_apply&utm_medium=organic,"","2026-04-01"
0,"","Specialist, IT & Event Technology","CHICAGO EVENT MANAGEMENT","Chicago, IL","","60K–84K a year",serpapi_google_jobs,https://talents.vaia.com/companies/chicago-event-management/specialist-it-event-technology-36595723/?utm_campaign=google_jobs_apply&utm_source=google_jobs_apply&utm_medium=organic,"",""
0,"","Event Services Supervisor – Audio Visual, Event Technology","Pinnacle Live","Chicago, IL","","",serpapi_google_jobs,https://talents.vaia.com/companies/pinnacle-live/event-services-supervisor-audio-visual-event-technology-37709569/?utm_campaign=google_jobs_apply&utm_source=google_jobs_apply&utm_medium=organic,"",""
0,"","CONFERENCE SERVICES ATTENDANT (FULL TIME)","Compass Group","Chicago, IL","","",serpapi_google_jobs,https://careers.compass-usa.com/conference-services-attendant-full-time/job/49012F315EE810CFB0C9BC76C6014F53?utm_campaign=google_jobs_apply&utm_source=google_jobs_apply&utm_medium=organic,"","2026-04-08"
0,"","Conference Services Specialist","Ropes & Gray","Chicago, IL","","",serpapi_google_jobs,https://careers-ropesgray.icims.com/jobs/9084/conference-services-specialist/job?utm_campaign=google_jobs_apply&utm_source=google_jobs_apply&utm_medium=organic,"","2026-03-29"
0,"","Event Technology Manager","McDermott Will & Schulte","Chicago, IL","","150K–200K a year",serpapi_google_jobs,https://www.jobleads.com/us/job/event-technology-manager--chicago--e4e6f528da3a1507866c62780dedc4cb8?utm_campaign=google_jobs_apply&utm_source=google_jobs_apply&utm_medium=organic,"","2026-04-09"
0,"","Conference Services Manager - Social","The Drake Oak Brook, Autograph Collection","Oak Brook, IL","","55K–68K a year",serpapi_google_jobs,https://www.ihirehospitality.com/jobs/view/516514688?utm_campaign=google_jobs_apply&utm_source=google_jobs_apply&utm_medium=organic,"",""
0,"","Conference Services Manager-Relo to Mackinac Island","Goodwin Recruiting","Chicago, IL","","90K a year",serpapi_google_jobs,https://www.goodwinrecruiting.com/job/a0wr7000002aitvma2-conference-services-manager-relo-to-mackinac-island-chicago-illinois?utm_campaign=google_jobs_apply&utm_source=google_jobs_apply&utm_medium=organic,"","2026-04-13"
0,"","Manager of AV and Event Technology","The Connors Group","New York, NY, États-Unis","","100 k $US à 110 k $US par an",serpapi_google_jobs,https://theconnorsgroup.com/job/9374-manager-of-av-and-event-technology/?utm_campaign=google_jobs_apply&utm_source=google_jobs_apply&utm_medium=organic,"","il y a 2 jours"
0,"","AV Specialist","The Phoenix Group","New York, NY","","80K–90K a year",serpapi_google_jobs,https://jobs.tpgnyc.com/AV-Specialist-Jobs-in-New-York-New-York/13970809?utm_campaign=google_jobs_apply&utm_source=google_jobs_apply&utm_medium=organic,"","2026-03-17"
0,"","Director of Event Technology - NYC","AV Workshop","New York, NY","","87.5K–97.5K a year",serpapi_google_jobs,https://career.io/job/director-of-event-technology-nyc-new-york-av-workshop-4618e361f9b965771b8f09f68e28d871?utm_campaign=google_jobs_apply&utm_source=google_jobs_apply&utm_medium=organic,"",""
0,"","Corporate AV Specialist - Live Events & Meetings","Russell Tobin","New York, NY","","",serpapi_google_jobs,https://www.whatjobs.com/jobs/corporate-av-specialist-live/new-york?id=2630305344&utm_campaign=google_jobs_apply&utm_source=google_jobs_apply&utm_medium=organic,"","2026-04-11"
0,"","Conference Services Coordinator - NYC - On Site","Lincoln IT","New York, NY","","25–28 an hour",serpapi_google_jobs,https://builtin.com/job/conference-services-coordinator-nyc-site/8042496?utm_campaign=google_jobs_apply&utm_source=google_jobs_apply&utm_medium=organic,"",""
0,"","Sr Live Event Technology Specialist","Paramount+","New York, NY","","110K–165K a year",serpapi_google_jobs,https://www.breakroom.cc/en-us/jobs/listing/31896574-paramount-sr-live-event-technology-specialist-new-york-new?utm_campaign=google_jobs_apply&utm_source=google_jobs_apply&utm_medium=organic,"","2026-03-17"
0,"","Conference Services Worker - Citi - 388 Greenwich Conferencing and Catering","Aramark","New York, NY","","",serpapi_google_jobs,https://aramarkcareers.com/UnitedStates/job/New-York%2C-NY-Conference-Services-Worker-Citi-388-Greenwich-Conferencing-and-Catering-NY-10013/1360883900/?utm_campaign=google_jobs_apply&utm_source=google_jobs_apply&utm_medium=organic,"","2026-03-29"
0,"","Director Event Technology","ADP","New York, NY","","98K–199K a year",serpapi_google_jobs,https://www.jobleads.com/us/job/director-event-technology--new-york--e47cb297acb079de39bbaaa8c1ed3ff9f?utm_campaign=google_jobs_apply&utm_source=google_jobs_apply&utm_medium=organic,"","2026-04-01"
0,"","Corporate Conference Services Assistant","U.S.based Multinational Law Firm","New York, NY","","60K–70K a year",serpapi_google_jobs,https://www.workonward.com/en/job-search/detail/e7b71dec-e0d1-4dea-8ca5-672d86cef4bf?utm_campaign=google_jobs_apply&utm_source=google_jobs_apply&utm_medium=organic,"","2026-04-13"
0,"","Sales Manager - Audio Visual, Event Technology","Pinnacle Live","New York, NY","","",serpapi_google_jobs,https://jobs.jobvite.com/pinnaclelive/job/o04Qzfwd?utm_campaign=google_jobs_apply&utm_source=google_jobs_apply&utm_medium=organic,"",""
0,"","Conference Services Manager","Four Seasons","San Francisco, CA","","80K–82.4K a year",serpapi_google_jobs,https://talents.vaia.com/companies/hotel-nikko-sf/conference-services-manager-35705555/?utm_campaign=google_jobs_apply&utm_source=google_jobs_apply&utm_medium=organic,"","2026-04-16"
0,"","Audio Visual Event Technology Manager","Convene","San Francisco, CA","","",serpapi_google_jobs,https://www.tealhq.com/job/audio-visual-event-technology-manager_7ea1a1e12e5f007496482a00e0de0a2d67137?utm_campaign=google_jobs_apply&utm_source=google_jobs_apply&utm_medium=organic,"",""
0,"","Event Services Technician - Event Technology, Audio Visual","Pinnacle Live","Olympic Valley, CA","","",serpapi_google_jobs,https://jobs.jobvite.com/pinnaclelive/job/oj1Rzfwu?utm_campaign=google_jobs_apply&utm_source=google_jobs_apply&utm_medium=organic,"","2026-03-17"
0,"","Event Services Technician – Audio Visual, Event Technology","Pinnacle Live","Burlingame, CA","","",serpapi_google_jobs,https://talents.vaia.com/companies/pinnacle-live/event-services-technician-audio-visual-event-technology-23834110/?utm_campaign=google_jobs_apply&utm_source=google_jobs_apply&utm_medium=organic,"",""
0,"","IT Site Support and AV Specialist","Ropes & Gray","San Francisco, CA","","",serpapi_google_jobs,https://lensa.com/job-v1/ropes-gray/san-francisco-ca/specialist-it-support/1d2c7a70d126ea0c7ba1463fa50666eb?utm_campaign=google_jobs_apply&utm_source=google_jobs_apply&utm_medium=organic,"",""
0,"","CONFERENCE SERVICES ATTENDANT (PART TIME)","Compass Group","San Francisco, CA","","",serpapi_google_jobs,https://careers.compass-usa.com/conference-services-attendant-part-time/job/EF7B87216C4C8ED1BC8FF03468870136?utm_campaign=google_jobs_apply&utm_source=google_jobs_apply&utm_medium=organic,"","2026-03-17"
0,"","Event Technology Specialist","HireTalent - Staffing & Recruiting Firm","San Francisco, CA","","",serpapi_google_jobs,https://event-planning.thecreativeloft.com/event-planning/jobs/event-technology-special-3?utm_campaign=google_jobs_apply&utm_source=google_jobs_apply&utm_medium=organic,"",""
0,"","Event Technology Manager","McDermott Will & Emery LLP","San Francisco, CA","","",serpapi_google_jobs,https://talents.vaia.com/companies/mcdermott-will-emery-llp/san-francisco/event-technology-manager-74894612/?utm_campaign=google_jobs_apply&utm_source=google_jobs_apply&utm_medium=organic,"",""
0,"","Technology and AV Specialist","Creatv","San Jose, CA","","33.83–39.62 an hour",serpapi_google_jobs,https://www.whatjobs.com/jobs/technology-and-av-specialist/san-jose-california?id=2562479959&utm_campaign=google_jobs_apply&utm_source=google_jobs_apply&utm_medium=organic,"",""
0,"","Event Technology Specialist","Rhode Island Bar Assn.","Palo Alto, CA","","",serpapi_google_jobs,https://us.jobrapido.com/jobpreview/5697235160643141632?utm_campaign=google_jobs_apply&utm_source=google_jobs_apply&utm_medium=organic,"","2026-04-10"
0,"","Senior Event Services Technician - Audio Visual, Event Technology","Pinnacle Live","Seattle, WA","","",serpapi_google_jobs,https://jobs.jobvite.com/pinnaclelive/job/ob1Uzfwp?utm_campaign=google_jobs_apply&utm_source=google_jobs_apply&utm_medium=organic,"","2026-03-27"
0,"","Event Services Technician – Audio Visual, Event Technology","Pinnacle Live","Woodinville, WA","","",serpapi_google_jobs,https://talents.vaia.com/companies/pinnacle-live/event-services-technician-audio-visual-event-technology-32994776/?utm_campaign=google_jobs_apply&utm_source=google_jobs_apply&utm_medium=organic,"",""
0,"","Global Event Technology & Enablement Manager","Amazon","Seattle, WA","","",serpapi_google_jobs,https://www.whatjobs.com/jobs/global-event-technology-enablement/seattle-washington?id=2630305122&utm_campaign=google_jobs_apply&utm_source=google_jobs_apply&utm_medium=organic,"","2026-04-11"
0,"","Event Technology Manager, Amazon Seller Events","Amazon","Seattle, WA","","",serpapi_google_jobs,https://lensa.com/job-v1/amazon/seattle-wa/event-manager/ded5558937faa1c327783d294ae440cc?utm_campaign=google_jobs_apply&utm_source=google_jobs_apply&utm_medium=organic,"",""
0,"","Senior Event Tech & AV Lead","Encore Global","Seattle, WA","","",serpapi_google_jobs,https://us.jobrapido.com/jobpreview/6883628960295419904?utm_campaign=google_jobs_apply&utm_source=google_jobs_apply&utm_medium=organic,"","2026-04-04"
0,"","Senior Director, Event Technology I - Seattle Convention Center","Conference Systems, Inc.","Seattle, WA","","120K–150K a year",serpapi_google_jobs,https://www.theladders.com/job/senior-director-event-technology-i-seattle-convention-center-encore-us-seattle-wa_84505146?utm_campaign=google_jobs_apply&utm_source=google_jobs_apply&utm_medium=organic,"",""
0,"","Principal Full-Stack Engineer, Event Technology","Salesforce, Inc..","Seattle, WA","","",serpapi_google_jobs,https://www.whatjobs.com/jobs/principal-full-stack-engineer-event-technology/seattle-washington?id=2622067313&utm_campaign=google_jobs_apply&utm_source=google_jobs_apply&utm_medium=organic,"","2026-04-08"
0,"","Conference Services","CAMPBELLS LODGE INC","Chelan, WA","","",serpapi_google_jobs,https://career.io/job/conference-services-chelan-campbells-lodge-inc-016de79628378a0693f9df7e55e5ebcd?utm_campaign=google_jobs_apply&utm_source=google_jobs_apply&utm_medium=organic,"",""
0,"","Event Technology Project Manager","Opus Agency","Seattle, WA (+2 others)","","",serpapi_google_jobs,https://jobs.jobvite.com/opus/job/oDRSzfwF?utm_campaign=google_jobs_apply&utm_source=google_jobs_apply&utm_medium=organic,"","2026-03-23"
0,"","Principal Software Engineer - Event Technology","Salesforce","Seattle, WA","","",serpapi_google_jobs,https://www.tealhq.com/job/principal-software-engineer-event-technology_7ea1a204ac1478e89ac8eada504aac66513dd?utm_campaign=google_jobs_apply&utm_source=google_jobs_apply&utm_medium=organic,"",""
0,"","AV Specialist","ASM Global","Boston, MA, États-Unis","","",serpapi_google_jobs,https://www.tealhq.com/job/av-specialist_7ea1a9a5d34278ab02e68f20196ecc839fa72?utm_campaign=google_jobs_apply&utm_source=google_jobs_apply&utm_medium=organic,"","il y a 16 jours"
0,"","Senior Learning & Event Technology Specialist","Gardner Resources Consulting, LLC","Boston, MA, États-Unis","","",serpapi_google_jobs,https://www.jobleads.com/us/job/senior-learning-event-technology-specialist-is-t-classroom-technology-services--boston--e6ad7097f3d295eb2a2e7d776b43b2545?utm_campaign=google_jobs_apply&utm_source=google_jobs_apply&utm_medium=organic,"","il y a 9 jours"
0,"","Conference Services Manager","The Colonnade Hotel","Boston, MA, États-Unis","","70 k $US à 75 k $US par an",serpapi_google_jobs,https://careers.hireology.com/colonnadehotel/2719918/description?utm_campaign=google_jobs_apply&utm_source=google_jobs_apply&utm_medium=organic,"","il y a 8 jours"
0,"","Event Services Technician - Part Time - Audio Visual, Event Technology","Pinnacle Live","Cambridge, MA, États-Unis","","25,49 $US l'heure",serpapi_google_jobs,https://www.snagajob.com/jobs/1238923252?utm_campaign=google_jobs_apply&utm_source=google_jobs_apply&utm_medium=organic,"","il y a 6 jours"
0,"","Sales Director - Audio Visual, Event Technology","Pinnacle Live","Boston, MA, États-Unis","","",serpapi_google_jobs,https://jobs.jobvite.com/pinnaclelive/job/oucEzfwD?utm_campaign=google_jobs_apply&utm_source=google_jobs_apply&utm_medium=organic,"",""
0,"","2nd Shift Conference Services Technician","FM Global","Norwood, MA, États-Unis","","20,81 $US à 26,01 $US l'heure",serpapi_google_jobs,https://careers.fm.com/careers-home/jobs/1733?lang=en-us&utm_campaign=google_jobs_apply&utm_source=google_jobs_apply&utm_medium=organic,"","il y a 7 jours"
0,"","SENIOR LEARNING  EVENT TECHNOLOGY SPECIALIST IST Classroom Technology Services","Boston University","Boston, MA, États-Unis","","",serpapi_google_jobs,https://www.wayup.com/i-Education-j-SENIOR-LEARNING-EVENT-TECHNOLOGY-SPECIALIST-IS-T-Classroom-Technology-Services-Boston-University-578990307374061/?utm_campaign=google_jobs_apply&utm_source=google_jobs_apply&utm_medium=organic,"",""
0,"","Event Services Technician - Part Time - Audio Visual, Event Technology","Pinnacle Live","Massachusetts, États-Unis","","",serpapi_google_jobs,https://bebee.com/us/jobs/event-services-technician-part-time-audio-visual-event-technology-pinnacle-live-cambridge--talent-302c299324bf?utm_campaign=google_jobs_apply&utm_source=google_jobs_apply&utm_medium=organic,"","il y a 23 jours"
0,"","PM Conference Services Technician Supervisor","FM","Norwood, MA, États-Unis","","25,04 $US à 31,30 $US l'heure",serpapi_google_jobs,https://www.tealhq.com/job/pm-conference-services-technician-supervisor_7ea1ad16ce72666aca484a9d8e2977dc58296?utm_campaign=google_jobs_apply&utm_source=google_jobs_apply&utm_medium=organic,"","il y a 23 jours"
0,"","Event Services Technician - Event Technology, Audio Visual - Full-time","Pinnacle Live","Costa Mesa, CA, Estados Unidos","","US$ 24,62 por hora",serpapi_google_jobs,https://www.snagajob.com/jobs/1241938751?utm_campaign=google_jobs_apply&utm_source=google_jobs_apply&utm_medium=organic,"","há 6 dias"
0,"","Director of Event Technology, Event Productions","Safety NetAccess Inc","Oceanside, CA, Estados Unidos","","",serpapi_google_jobs,https://www.theladders.com/job/director-of-event-technology-event-productions-safety-dot-net-access-oceanside-ca_86419640?utm_campaign=google_jobs_apply&utm_source=google_jobs_apply&utm_medium=organic,"","há 9 dias"
0,"","Audio Visual Technician (Part-time)","Safety NetAccess Inc","Oceanside, CA","","",serpapi_google_jobs,https://lensa.com/job-v1/safety-netaccess-inc/oceanside-ca/av-technician-part-time/dc551d0c7a887ae352ea0346a031a994?utm_campaign=google_jobs_apply&utm_source=google_jobs_apply&utm_medium=organic,"",""
0,"","Event Technology Specialist","In-N-Out Burger","Irvine, CA, Estados Unidos","","US$ 50 mil a US$ 70 mil por ano",serpapi_google_jobs,https://www.jobzmall.com/in-n-out-burger/job/event-technology-specialist?utm_campaign=google_jobs_apply&utm_source=google_jobs_apply&utm_medium=organic,"",""
0,"","Conference Services Manager","Heihotels","Anaheim, CA, Estados Unidos","","US$ 75 mil a US$ 80 mil por ano",serpapi_google_jobs,https://www.tealhq.com/job/conference-services-manager_7ea1af54da51191318a928d14d6ec667e3b9a?utm_campaign=google_jobs_apply&utm_source=google_jobs_apply&utm_medium=organic,"","há 3 dias"
0,"","Conference Services Manager","L'Auberge Del Mar","San Diego, CA, Estados Unidos","","",serpapi_google_jobs,https://www.sonicjobs.com/us/jobs/san-diego/full-time/conference-services-manager-69a8068635e7378144537e4a?utm_campaign=google_jobs_apply&utm_source=google_jobs_apply&utm_medium=organic,"","há 2 dias"
0,"","Conference Services Manager","Terranea Resorts","Rancho Palos Verdes, CA, Estados Unidos","","US$ 75 mil a US$ 82 mil por ano",serpapi_google_jobs,https://tsenta.com/jobs/terranea-resorts-conference-services-manager-1f9c473f-d039-403f-acb8-197bb566d886?utm_campaign=google_jobs_apply&utm_source=google_jobs_apply&utm_medium=organic,"",""
0,"","Event & Conference Services Lead","San Diego Mission Bay Resort","San Diego, CA, Estados Unidos","","",serpapi_google_jobs,https://bebee.com/us/jobs/event-conference-services-lead-san-diego-mission-bay-resort-san-diego--talent-27f871c4dc82?utm_campaign=google_jobs_apply&utm_source=google_jobs_apply&utm_medium=organic,"","há 22 dias"
0,"","Conference Services Coordinator","Bartell Hotels, a CALP","San Diego, CA, Estados Unidos","","",serpapi_google_jobs,https://townandcountry-coraltreehospitality.icims.com/jobs/12259/conference-services-coordinator/job?utm_campaign=google_jobs_apply&utm_source=google_jobs_apply&utm_medium=organic,"","há 13 dias"
0,"","IT Technician — Enterprise Support & AV Specialist; Onsite","Fashion Nova","Beverly Hills, CA, Estados Unidos","","US$ 60 mil por ano",serpapi_google_jobs,https://www.learn4good.com/jobs/beverly-hills/california/info_technology/5015645872/e/?utm_campaign=google_jobs_apply&utm_source=google_jobs_apply&utm_medium=organic,"","há 5 dias"
0,"","Catering & Conference Services Manager","The Fairmont Hotel","Long Beach, CA, Estados Unidos","","",serpapi_google_jobs,https://lensa.com/job-v1/the-fairmont-hotel/long-beach-ca/conference-services-manager/0e8c683def93d70ef2d7217900d1963c?utm_campaign=google_jobs_apply&utm_source=google_jobs_apply&utm_medium=organic,"",""
0,"","Lead Event Technology Specialist; AV​/Lighting","Encore","Hagerstown, MD, United States","","US$60K–US$80K a year",serpapi_google_jobs,https://www.learn4good.com/jobs/hagerstown/maryland/creative_arts_and_media/4983972908/e/?utm_campaign=google_jobs_apply&utm_source=google_jobs_apply&utm_medium=organic,"","2026-03-31"
0,"","Event Technology Technician - V1","Audio Visual Systems","Washington, DC, United States","","US$25–US$30 an hour",serpapi_google_jobs,https://www.indeed.com/viewjob?jk=d0c0f849ebd6f693&utm_campaign=google_jobs_apply&utm_source=google_jobs_apply&utm_medium=organic,"","2026-03-26"
0,"","AV Specialist","VSSI","Gambrills, MD, United States","","",serpapi_google_jobs,https://www.indeed.com/viewjob?jk=a99cf9b544c02d4f&utm_campaign=google_jobs_apply&utm_source=google_jobs_apply&utm_medium=organic,"",""
0,"","AV Specialist - Conference Tech; In-Office","Latham & Watkins LLP","Washington, DC, United States","","US$70K–US$85K a year",serpapi_google_jobs,https://www.learn4good.com/jobs/washington/district-of-columbia/info_technology/4996147794/e/?utm_campaign=google_jobs_apply&utm_source=google_jobs_apply&utm_medium=organic,"","2026-04-05"
0,"","Assistant Director of Conference Services & Special Events","McDaniel College","Westminster, MD, United States","","",serpapi_google_jobs,https://www.higheredjobs.com/admin/details.cfm?JobCode=179350061&utm_campaign=google_jobs_apply&utm_source=google_jobs_apply&utm_medium=organic,"",""
0,"","Student Worker, Conference Services Camp Assistant- Campus Employment (Summer Position)","McDaniel College","Westminster, MD, United States","","",serpapi_google_jobs,https://career.io/job/student-worker-programming-assistant-work-westminster-mcdaniel-college-a4820fb9ec601f71f21310987a9417f3?utm_campaign=google_jobs_apply&utm_source=google_jobs_apply&utm_medium=organic,"",""
0,"","Academic and Event Technology Specialist I","Georgetown University","Washington, DC, United States","","US$44,022.00–US$73,406.80 a year",serpapi_google_jobs,https://www.jobtarget.com/jobs/jt-ck7ixi46u3/copy-of-senior-event-technology-specialist-washington-dc-district-of-columbia?utm_campaign=google_jobs_apply&utm_source=google_jobs_apply&utm_medium=organic,"",""
0,"","Lead Event Technology Specialist; AV​/Lighting","Encore","Mt Rainier, MD, United States","","US$60K–US$80K a year",serpapi_google_jobs,https://www.learn4good.com/jobs/mount-rainier/maryland/creative_arts_and_media/4972042066/e/?utm_campaign=google_jobs_apply&utm_source=google_jobs_apply&utm_medium=organic,"","2026-03-26"
0,"","Conference Services Specialist: Seamless Meetings & Events","Cushman & Wakefield","McLean, VA, United States","","",serpapi_google_jobs,https://us.jobrapido.com/jobpreview/4711562087724220416?utm_campaign=google_jobs_apply&utm_source=google_jobs_apply&utm_medium=organic,"","2026-03-25"
0,"","Event Technology Manager, Amazon Seller Events","Amazon.com Services LLC - A57","Washington, DC, United States","","US$74.2K–US$130K a year",serpapi_google_jobs,https://bebee.com/us/jobs/event-registration-manager-amazon-seller-events-lensa-washington-dc--theirstack-647236433?utm_campaign=google_jobs_apply&utm_source=google_jobs_apply&utm_medium=organic,"","2026-04-15"
0,"","AV Specialist (ATL)","LaSalle Network","United States","","",serpapi_google_jobs,https://asmglobal.wd1.myworkdayjobs.com/en-US/careers/job/AV-Specialist_R100121607?utm_campaign=google_jobs_apply&utm_source=google_jobs_apply&utm_medium=organic,"","2026-04-16"
0,"","Event Technology Manager","Medical Group Management Association (MGMA)","Anywhere","","72K–91K a year",serpapi_google_jobs,https://andrewhudsonsjobslist.com/jobs/event-technology-manager-in-englewood-colorado-us/?utm_campaign=google_jobs_apply&utm_source=google_jobs_apply&utm_medium=organic,"","2026-03-31"
0,"","Conference Services Assistant","The Broadmoor Hotel","Colorado Springs, CO","","",serpapi_google_jobs,https://www.whatjobs.com/jobs/conference-services-assistant/colorado-springs-colorado?id=2624988538&utm_campaign=google_jobs_apply&utm_source=google_jobs_apply&utm_medium=organic,"","2026-04-08"
0,"","IT Live Event Technology Lead","The Phoenix Group","United States","","30–40 an hour",serpapi_google_jobs,https://jobs.towardsai.net/job/jandj-family-of-companies-it-manager-sap-btp-security-lead-lvve?utm_campaign=google_jobs_apply&utm_source=google_jobs_apply&utm_medium=organic,"","2026-04-14"
0,"","Venue Director I – Audio Visual, Event Technology","Pinnacle Live","United States","","",serpapi_google_jobs,https://talents.vaia.com/companies/pinnacle-live/venue-director-i-audio-visual-event-technology-50701075/?utm_campaign=google_jobs_apply&utm_source=google_jobs_apply&utm_medium=organic,"",""
0,"","Sales Manager - Audio Visual, Event Technology","Pinnacle Live","United States","","",serpapi_google_jobs,https://www.tealhq.com/job/sales-manager_7ea1a44e4099908caea9935e6dbea45d9420e?utm_campaign=google_jobs_apply&utm_source=google_jobs_apply&utm_medium=organic,"",""
0,"","Director of Event Technology","Encore","Vail, CO","","64K–84K a year",serpapi_google_jobs,https://www.jobleads.com/us/job/director-of-event-technology-ii-vail-co--vail--ef592fc92b6bf59227da8f1abb91a6240?utm_campaign=google_jobs_apply&utm_source=google_jobs_apply&utm_medium=organic,"","2026-04-14"
0,"","Remote Event Technology Specialist","Meetings Incentives","United States","","",serpapi_google_jobs,https://us.jobrapido.com/jobpreview/3041339672421728256?utm_campaign=google_jobs_apply&utm_source=google_jobs_apply&utm_medium=organic,"","2026-04-06"
0,"","Director of Event Technology II- Vail, CO","Encore Global","Vail, CO","","",serpapi_google_jobs,https://jobs.encoreglobal.com/en/job/vail/director-of-event-technology-ii-vail-co/6228/93758806064?utm_campaign=google_jobs_apply&utm_source=google_jobs_apply&utm_medium=organic,"","2026-04-08"
0,"","Event Technology Project Manager","Opus Agency","United States","","",serpapi_google_jobs,https://jobs.jobvite.com/theopusgroup/job/oJaFzfwR?utm_campaign=google_jobs_apply&utm_source=google_jobs_apply&utm_medium=organic,"",""
0,"","Audiovisual Engineer (Open to All Dykema Locations)","Dykema","Chicago, IL","","110 a day",serpapi_google_jobs,https://chatgpt-jobs.com/job/technology-training-manager-open-to-all-dykema-locations-dykema-3284?utm_campaign=google_jobs_apply&utm_source=google_jobs_apply&utm_medium=organic,"",""
0,"","Audiovisual Technician - Live Events","Ansera","Gurnee, IL","","60K–75K a year",serpapi_google_jobs,https://www.ihirebroadcasting.com/jobs/view/516684028?utm_campaign=google_jobs_apply&utm_source=google_jobs_apply&utm_medium=organic,"","2026-04-06"
0,"","AV Systems Engineer","DaVita Inc.","Evanston, IL","","",serpapi_google_jobs,https://talents.vaia.com/companies/davita-inc/av-systems-engineer-34244394/?utm_campaign=google_jobs_apply&utm_source=google_jobs_apply&utm_medium=organic,"",""
0,"","Audiovisual Engineer; Locations","Dykema","Chicago, IL","","60K–80K a year",serpapi_google_jobs,https://www.learn4good.com/jobs/chicago/illinois/info_technology/5015497640/e/?utm_campaign=google_jobs_apply&utm_source=google_jobs_apply&utm_medium=organic,"","2026-04-11"
0,"","Audiovisual Technician III - Hard Rock Live","170 815 Entertainment, LLC","Rockford, IL","","",serpapi_google_jobs,https://www.tealhq.com/job/audiovisual-technician-iii_7ea1ae0db754a4e3a922761863eda256862a7?utm_campaign=google_jobs_apply&utm_source=google_jobs_apply&utm_medium=organic,"","2026-04-14"
0,"","Audiovisual Technician","Thompson Electronics Company","Chicago, IL","","60K a year",serpapi_google_jobs,https://www.learn4good.com/jobs/chicago/illinois/skilled_labor/4968237006/e/?utm_campaign=google_jobs_apply&utm_source=google_jobs_apply&utm_medium=organic,"","2026-03-24"
0,"","Audiovisual Installation Technician - Entry-Level","Pearl Technology","Peoria Heights, IL","","19–20 an hour",serpapi_google_jobs,https://talents.vaia.com/companies/pearl-technology/audiovisual-installation-technician-entry-level-30614565/?utm_campaign=google_jobs_apply&utm_source=google_jobs_apply&utm_medium=organic,"",""
0,"","AV Systems Engineer Associate","Northwestern University","Springfield, IL","","",serpapi_google_jobs,https://www.udiversity.com/posting/7323543?utm_campaign=google_jobs_apply&utm_source=google_jobs_apply&utm_medium=organic,"",""
0,"","AV Service Technician - USB Camera Bar Retrofit","eTeam","Schaumburg, IL","","",serpapi_google_jobs,https://lensa.com/job-v1/eteam/schaumburg-il/av-technician/7e67cbbbcfadc1ea229598733a9c5314?utm_campaign=google_jobs_apply&utm_source=google_jobs_apply&utm_medium=organic,"",""
0,"","Audiovisual Technician III - Hard Rock","Hard Rock International","Rockford, IL","","60K a year",serpapi_google_jobs,https://www.learn4good.com/jobs/rockford/illinois/creative_arts_and_media/4979947426/e/?utm_campaign=google_jobs_apply&utm_source=google_jobs_apply&utm_medium=organic,"","2026-04-12"
0,"","Lead Audio/Visual Field Technician – Onsite Corporate Support","A-V Services, Inc.","New York, NY","","",serpapi_google_jobs,https://www.theladders.com/job/supervisory-field-support-lead-director-financial-services-programs-3-ns-statejobsny-new-york-ny_86176948?utm_campaign=google_jobs_apply&utm_source=google_jobs_apply&utm_medium=organic,"","2026-04-13"
0,"","Audiovisual Technician","Legends Global","New York, NY","","26 an hour",serpapi_google_jobs,https://career.io/job/audiovisual-technician-new-york-legends-global-bc8169c5713750334444f682b3c58314?utm_campaign=google_jobs_apply&utm_source=google_jobs_apply&utm_medium=organic,"",""
0,"","Audio Visual Technician","Insight Global","Harrison, NJ","","",serpapi_google_jobs,https://www.linkedin.com/jobs/view/audio-visual-technician-at-insight-global-4395455108?utm_campaign=google_jobs_apply&utm_source=google_jobs_apply&utm_medium=organic,"","2026-04-07"
0,"","Audio Visual On Site Service Technician part time","TRITECH Communications","New York, NY","","40–55 an hour",serpapi_google_jobs,https://jobs.6amcity.com/job/542812/patient-service-representative-on-site/?utm_campaign=google_jobs_apply&utm_source=google_jobs_apply&utm_medium=organic,"","2026-03-26"
0,"","Lead Audio Visual Technician","Automated Technology Systems","Valley Stream, NY","","",serpapi_google_jobs,https://www.indeed.com/viewjob?jk=ef1ec5ad73d5ecd3&utm_campaign=google_jobs_apply&utm_source=google_jobs_apply&utm_medium=organic,"",""
0,"","AudioVisual Technician","Ask IT consulting","Pearl River, NY","","",serpapi_google_jobs,https://bandana.com/jobs/d9f2877c-1bd5-464a-9405-9f6dfdfca025?utm_campaign=google_jobs_apply&utm_source=google_jobs_apply&utm_medium=organic,"",""
0,"","In-house hotel audiovisual technician – M/F","Morgan & Mallet International","New York, NY","","5.4K a month",serpapi_google_jobs,https://hospitality-staffing.agency/jobs/0007-pam-audio-visual-technician-nyc/?utm_campaign=google_jobs_apply&utm_source=google_jobs_apply&utm_medium=organic,"",""
0,"","Audiovisual Data Technician","Long Island University","Brookville, NY","","85.5K–90K a year",serpapi_google_jobs,https://earnbetter.com/app/job/01KG8W0KP5Z84XANT2F73MN491/?utm_campaign=google_jobs_apply&utm_source=google_jobs_apply&utm_medium=organic,"",""
0,"","Audiovisual Technician","HCL Technologies Limited - Business Services","Sunnyvale, CA","","49K–88K a year",serpapi_google_jobs,https://www.indeed.com/viewjob?jk=98f6c6382fc46fce&utm_campaign=google_jobs_apply&utm_source=google_jobs_apply&utm_medium=organic,"",""
0,"","Audiovisual Technician","Safety Netaccess Inc","Berkeley, CA","","",serpapi_google_jobs,https://us.trabajo.org/job-4023-4cc9277cd7cf6bfec89c8c1721c5764d?utm_campaign=google_jobs_apply&utm_source=google_jobs_apply&utm_medium=organic,"","2026-03-28"
0,"","Audiovisual Field Engineer / Project Manager","Young Electric Co.","San Francisco, CA","","105K–115K a year",serpapi_google_jobs,https://www.indeed.com/viewjob?jk=6dbc00b07178c554&utm_campaign=google_jobs_apply&utm_source=google_jobs_apply&utm_medium=organic,"",""
0,"","Audio Visual Engineer","Roblox","San Mateo, CA","","",serpapi_google_jobs,https://gamecompanies.com/jobs/audio-visual-engineer-ep7xcubrdzs86z8u074g939wb?utm_campaign=google_jobs_apply&utm_source=google_jobs_apply&utm_medium=organic,"",""
0,"","Audiovisual Technician (As Needed)","Asianart","San Francisco, CA","","",serpapi_google_jobs,https://talents.vaia.com/companies/asianart/audiovisual-technician-as-needed-33403388/?utm_campaign=google_jobs_apply&utm_source=google_jobs_apply&utm_medium=organic,"",""
0,"","Hardware / Audio Visual Consultant","TechInSF Consulting","San Francisco, CA","","40–80 an hour",serpapi_google_jobs,https://www.indeed.com/viewjob?jk=d1eed5315f6365cc&utm_campaign=google_jobs_apply&utm_source=google_jobs_apply&utm_medium=organic,"","2026-04-03"
0,"","Senior AV Systems Engineer – Onsite Lead","Astreya","San Francisco, CA","","80K–100K a year",serpapi_google_jobs,https://www.learn4good.com/jobs/san-francisco/california/engineering/5014140174/e/?utm_campaign=google_jobs_apply&utm_source=google_jobs_apply&utm_medium=organic,"","2026-04-11"
0,"","Lead AV Installation Technician","ASBC Inc","San Francisco, CA","","50K–80K a year",serpapi_google_jobs,https://www.indeed.com/viewjob?jk=1185fc15b7caa81e&utm_campaign=google_jobs_apply&utm_source=google_jobs_apply&utm_medium=organic,"","2026-03-17"
0,"","AV Commissioning Field Technician","EOS","San Francisco, CA","","100K–145K a year",serpapi_google_jobs,https://careercenter.nsps.us.com/job/av-commissioning-field-technician-san-francisco-ca-8e93912101c3d12a4a3f9f0f1dd8a7f8b?utm_campaign=google_jobs_apply&utm_source=google_jobs_apply&utm_medium=organic,"",""
0,"","Audiovisual Engineer (Open to All Dykema Locations)","Dykema","California","","105K–130K a year",serpapi_google_jobs,https://career.io/job/audiovisual-engineer-open-to-all-dykema-dykema-417228deb856ac7e9f29d72b96941e10?utm_campaign=google_jobs_apply&utm_source=google_jobs_apply&utm_medium=organic,"",""
0,"","Audiovisual Technician","University Presbyterian Church","Seattle, WA, États-Unis","","",serpapi_google_jobs,https://www.indeed.com/viewjob?jk=154758d89fae0491&utm_campaign=google_jobs_apply&utm_source=google_jobs_apply&utm_medium=organic,"",""
0,"","Audiovisual Engineer","HireTalent - Staffing & Recruiting Firm","Seattle, WA, États-Unis","","",serpapi_google_jobs,https://bebee.com/us/jobs/audiovisual-engineer-hiretalent-staffing-recruiting-firm-seattle-wa--theirstack-655304209?utm_campaign=google_jobs_apply&utm_source=google_jobs_apply&utm_medium=organic,"","il y a 15 jours"
0,"","AV Systems Engineer in Seattle","Energy Jobline ZR","Seattle, WA, États-Unis","","",serpapi_google_jobs,https://www.energyjobline.com/job/av-systems-engineer-seattle-30070656?utm_campaign=google_jobs_apply&utm_source=google_jobs_apply&utm_medium=organic,"","il y a 10 jours"
0,"","AV Systems Engineer - Shape Art & Hybrid Events","Seattle Art Museum","Seattle, WA, États-Unis","","80 k $US à 100 k $US par an",serpapi_google_jobs,https://www.learn4good.com/jobs/seattle/washington/info_technology/5015271831/e/?utm_campaign=google_jobs_apply&utm_source=google_jobs_apply&utm_medium=organic,"","il y a 5 jours"
0,"","AV Technician","Solutionix Global Services","Redmond, WA, États-Unis","","",serpapi_google_jobs,https://www.indeed.com/viewjob?jk=3254304a9e4cc496&utm_campaign=google_jobs_apply&utm_source=google_jobs_apply&utm_medium=organic,"","il y a 29 jours"
0,"","Senior AV Systems Engineer & Hybrid Events","TerraPower","Bellevue, WA, États-Unis","","60 k $US à 80 k $US par an",serpapi_google_jobs,https://www.learn4good.com/jobs/bellevue/washington/engineering/5014883045/e/?utm_campaign=google_jobs_apply&utm_source=google_jobs_apply&utm_medium=organic,"","il y a 5 jours"
0,"","AV Systems Engineer; Q-SYS & Zoom Rooms – Hybrid Seattle","The Mom Project","Seattle, WA, États-Unis","","60 k $US à 80 k $US par an",serpapi_google_jobs,https://www.learn4good.com/jobs/seattle/washington/info_technology/5006506795/e/?utm_campaign=google_jobs_apply&utm_source=google_jobs_apply&utm_medium=organic,"","il y a 7 jours"
0,"","A/V Production Manager","ilani","Ridgefield, WA, États-Unis","","",serpapi_google_jobs,https://www.linkedin.com/jobs/view/a-v-production-manager-at-ilani-4400135693?utm_campaign=google_jobs_apply&utm_source=google_jobs_apply&utm_medium=organic,"","il y a 14 heures"
0,"","AV Technician","Really BIG Video","Portland, OR, États-Unis","","20 $US à 28 $US l'heure",serpapi_google_jobs,https://www.indeed.com/viewjob?jk=31b184d590a9dbe1&utm_campaign=google_jobs_apply&utm_source=google_jobs_apply&utm_medium=organic,"","il y a 10 jours"
0,"","Audio Visual Technician","Wallace William LLC","Boston, MA","","22–28 an hour",serpapi_google_jobs,https://bebee.com/us/jobs/audio-visual-technician-wallace-william-llc-boston-ma--theirstack-650466164?utm_campaign=google_jobs_apply&utm_source=google_jobs_apply&utm_medium=organic,"","2026-03-25"
0,"","Audiovisual Technician","Veteran Source Inc","Boston, MA","","18–35 an hour",serpapi_google_jobs,https://jooble.org/jdp/-3025898859694493810?utm_campaign=google_jobs_apply&utm_source=google_jobs_apply&utm_medium=organic,"","2026-04-15"
0,"","Onsite AV Support Technician","AVI-SPL","Boston, MA","","26–34 an hour",serpapi_google_jobs,https://www.tealhq.com/job/onsite-av-support-technician_7ea1ab8a6c7d1002b2f26cd63d450b8db0484?utm_campaign=google_jobs_apply&utm_source=google_jobs_apply&utm_medium=organic,"","2026-03-26"
0,"","Lead Audiovisual Technician","McCann Systems","Boston, MA","","",serpapi_google_jobs,https://www.simplyhired.com/job/vo2mzPz9cqajfDkMrVcZYvdMdeIQ_g7f59In3yAjfL_wXn6_rMOszA?utm_campaign=google_jobs_apply&utm_source=google_jobs_apply&utm_medium=organic,"",""
0,"","Audiovisual Technicians","University of Massachusetts Amherst","Amherst, MA","","",serpapi_google_jobs,https://tallo.com/talent/job/design-and-media/audio-or-visual-technician/ma/amherst/audio-visual-av-technician-i-3b01dd74?utm_campaign=google_jobs_apply&utm_source=google_jobs_apply&utm_medium=organic,"",""
0,"","AVW - Audio Visual Technician V1 (On-Call)","AV Workshop","New York, NY","","35–65 an hour",serpapi_google_jobs,https://colegionutricionsf.org.ar/gig/job/audio-visual-event-technicians-on-call-avw-at-av-workshop-new-york-ny-WVRtTG1ya3BoTm5sZVQ3a0FudFBEU0hYalE9PQ==?utm_campaign=google_jobs_apply&utm_source=google_jobs_apply&utm_medium=organic,"",""
0,"","Audio Visual Junior Technical Specialist","Skadden Arps Slate Meagher and Flom LLP","New York, NY","","",serpapi_google_jobs,https://www.ziprecruiter.com/c/Skadden-Arps-Slate-Meagher-and-Flom/Job/Audio-Visual-Junior-Technical-Specialist/-in-New-York,NY?jid=bedf4766b142e613&utm_campaign=google_jobs_apply&utm_source=google_jobs_apply&utm_medium=organic,"","2026-04-01"
0,"","Audiovisual Installation Technician","Ambient Sound","Warwick, RI","","",serpapi_google_jobs,https://www.simplyhired.com/job/57K0mZRJJSqXS6580xAJGC197Dr-5QThiLXM-hN_RKZFJwLSMx7Lfw?utm_campaign=google_jobs_apply&utm_source=google_jobs_apply&utm_medium=organic,"",""
0,"","AV Systems Engineer","Visual Sound Inc","Beverly Hills, CA","","",serpapi_google_jobs,https://bebee.com/us/jobs/av-systems-engineer-visual-sound-inc-beverly-hills-ca--theirstack-627134739?utm_campaign=google_jobs_apply&utm_source=google_jobs_apply&utm_medium=organic,"",""
0,"","Audiovisual Technician/Installer","Court Video Conferencing Services","Oxnard, CA","","25–27 an hour",serpapi_google_jobs,https://www.indeed.com/viewjob?jk=5ae582b584934798&utm_campaign=google_jobs_apply&utm_source=google_jobs_apply&utm_medium=organic,"",""
0,"","Audiovisual Technician","Associated Students UCLA","Los Angeles, CA","","17.90 an hour",serpapi_google_jobs,https://bandana.com/jobs/59d8d724-7c5b-40bd-9ba6-4a88dae410fc?utm_campaign=google_jobs_apply&utm_source=google_jobs_apply&utm_medium=organic,"",""
0,"","Audio Visual Technician","Edwards Lifesciences","Irvine, CA","","20–30 an hour",serpapi_google_jobs,https://www.jobzmall.com/edwards-lifesciences/job/audio-visual-technician-1?utm_campaign=google_jobs_apply&utm_source=google_jobs_apply&utm_medium=organic,"",""
0,"","Av Systems Engineer","Triton Technology Solutions, Inc.","East Los Angeles, CA","","90K–115K a year",serpapi_google_jobs,https://talents.vaia.com/companies/triton-technology-solutions-inc/av-systems-engineer-22644116/?utm_campaign=google_jobs_apply&utm_source=google_jobs_apply&utm_medium=organic,"",""
0,"","Lead Audiovisual Technician","Business Communications Solutions","Irvine, CA","","50K–100K a year",serpapi_google_jobs,https://www.ziprecruiter.com/c/Business-Communications-Solutions/Job/Lead-Audiovisual-Technician/-in-Irvine,CA?jid=594d7c8a46158659&utm_campaign=google_jobs_apply&utm_source=google_jobs_apply&utm_medium=organic,"",""
0,"","Audio Visual Specialist","BayOne Solutions","Irvine, CA","","55–60 an hour",serpapi_google_jobs,https://release-qa-new.webscribble.com/job/audio-visual-specialist-irvine-ca-bd3071697ac0652ecf8198397d722865b?utm_campaign=google_jobs_apply&utm_source=google_jobs_apply&utm_medium=organic,"","2026-04-06"
0,"","AV Systems Engineer for High End Residential","Wise Guy Staffing","Irvine, CA","","",serpapi_google_jobs,https://wiseguystaffing.com/job/av-systems-engineer-for-high-end-residential-3/?utm_campaign=google_jobs_apply&utm_source=google_jobs_apply&utm_medium=organic,"",""
0,"","Audiovisual Technician","George Washington University","Washington, DC","","28.78–43.31 an hour",serpapi_google_jobs,https://www.breakroom.cc/en-us/jobs/listing/32701547-george-washington-university-audiovisual-technician?utm_campaign=google_jobs_apply&utm_source=google_jobs_apply&utm_medium=organic,"","2026-03-26"
0,"","audio visual systems engineer","BJ Concepts inc","Washington, DC","","150K–185K a year",serpapi_google_jobs,https://www.indeed.com/viewjob?jk=62ead84953a0d949&utm_campaign=google_jobs_apply&utm_source=google_jobs_apply&utm_medium=organic,"",""
0,"","Audio Visual Specialist","University of Maryland","College Park, MD","","99K–119K a year",serpapi_google_jobs,https://www.jobleads.com/us/job/audio-visual-specialist--college-park--e70bfc877f50d468cb5b0df3ea5c39455?utm_campaign=google_jobs_apply&utm_source=google_jobs_apply&utm_medium=organic,"","2026-04-08"
0,"","Entry Level Audiovisual Video Wall Technician","Pixel Wall Inc.","Chantilly, VA","","18–25 an hour",serpapi_google_jobs,https://www.indeed.com/viewjob?jk=0dfab31c2e31fd78&utm_campaign=google_jobs_apply&utm_source=google_jobs_apply&utm_medium=organic,"","2026-03-21"
0,"","TS/SCI Audiovisual Engineer: Government AV Systems","The Boeing Company","Herndon, VA","","",serpapi_google_jobs,https://talents.vaia.com/companies/the-boeing-company/herndon/ts-sci-audiovisual-engineer-government-av-systems-68446514/?utm_campaign=google_jobs_apply&utm_source=google_jobs_apply&utm_medium=organic,"",""
0,"","Contract Audiovisual Engineer with TS/SCI Clearance","Boeing Future of Flight","Herndon, VA","","",serpapi_google_jobs,https://www.whatjobs.com/jobs/contract-audiovisual-engineer-with-ts-sci/herndon-virginia?id=2629797321&utm_campaign=google_jobs_apply&utm_source=google_jobs_apply&utm_medium=organic,"","2026-04-11"
0,"","Audiovisual Technician","Mount Vernon United Methodist Church","Alexandria, VA","","",serpapi_google_jobs,https://www.indeed.com/viewjob?jk=7517ac832b98fbab&utm_campaign=google_jobs_apply&utm_source=google_jobs_apply&utm_medium=organic,"","2026-03-25"
0,"","Security & Audio/Visual Technician serving Berkeley County Schools Department of","Teach-In West Virginia Application System","Martinsburg, WV","","",serpapi_google_jobs,https://www.whatjobs.com/jobs/security-audio-visual-technician-serving/martinsburg-west-virginia?id=2626170524&utm_campaign=google_jobs_apply&utm_source=google_jobs_apply&utm_medium=organic,"","2026-04-10"
0,"","Audio Visual Technician","National Capitol Contracting LLC","Washington, DC","","",serpapi_google_jobs,https://www.jobleads.com/us/job/audio-visual-technician--washington--e9c53f2604f71eccd2cc8aa54bc0bd165?utm_campaign=google_jobs_apply&utm_source=google_jobs_apply&utm_medium=organic,"",""
0,"","AV Systems Engineer","Bosch Building Technologies LLC","Denver, CO","","85K–110K a year",serpapi_google_jobs,https://bebee.com/us/jobs/av-systems-engineer-bosch-building-technologies-denver-co--theirstack-643424008?utm_campaign=google_jobs_apply&utm_source=google_jobs_apply&utm_medium=organic,"",""
0,"","AudioVisual Event Technician - Part-Time - Denver Downtown, CO (130)","Five-Star AudioVisual","Denver, CO","","22–25 an hour",serpapi_google_jobs,https://www.paycomonline.net/v4/ats/web.php/portal/31CA892941D77F94333D5908B72E02CD/jobs/299670?utm_campaign=google_jobs_apply&utm_source=google_jobs_apply&utm_medium=organic,"","2026-04-08"
0,"","Audiovisual Technician","Pivot Solutions LLC","Wheat Ridge, CO","","80K–110K a year",serpapi_google_jobs,https://www.tradesmenup.com/jobs/395758710-audiovisual-technician?utm_campaign=google_jobs_apply&utm_source=google_jobs_apply&utm_medium=organic,"","2026-04-11"
0,"","Audio Visual Technician","National Capitol Contracting LLC","Denver, CO","","",serpapi_google_jobs,https://earnbetter.com/app/job/01KJKHJTXZRSXD4S2NKYW1JPGB/?utm_campaign=google_jobs_apply&utm_source=google_jobs_apply&utm_medium=organic,"",""
0,"","Audio Visual Systems Engineer","Auburn University","United States","","",serpapi_google_jobs,https://www.udiversity.com/posting/7323231?utm_campaign=google_jobs_apply&utm_source=google_jobs_apply&utm_medium=organic,"",""
0,"","Audiovisual Technician III - Hard Rock Live","170 815 Entertainment, LLC","United States","","",serpapi_google_jobs,https://seminolehardrock.wd503.myworkdayjobs.com/en-US/seminolehardrockcareers/job/Audiovisual-Technician-III---Hard-Rock-Live_R3224-1?utm_campaign=google_jobs_apply&utm_source=google_jobs_apply&utm_medium=organic,"","2026-04-13"
0,"","Audiovisual Technician","ASM Global LLC.","United States","","",serpapi_google_jobs,https://asmglobal.wd1.myworkdayjobs.com/en-US/careers/job/Audiovisual-Technician_R100120214?utm_campaign=google_jobs_apply&utm_source=google_jobs_apply&utm_medium=organic,"",""
0,"","AV/VC Technician — Flexible Hours | Full-Time","JW Affinity IT","Littleton, CO","","60K–80K a year",serpapi_google_jobs,https://www.jobleads.com/us/job/av-vc-technician-flexible-hours-full-time--littleton--ec2aac30c5447c4f091b449e7ddf6bb34?utm_campaign=google_jobs_apply&utm_source=google_jobs_apply&utm_medium=organic,"","2026-04-14"
0,"","Audio Visual Field Engineer","Yorktel","United States","","90K–115K a year",serpapi_google_jobs,https://talents.vaia.com/companies/inter-tech/field-audio-visual-engineer-34235768/?utm_campaign=google_jobs_apply&utm_source=google_jobs_apply&utm_medium=organic,"","2026-03-26"
0,"","AV Systems Engineer – Design, Bid & Project Delivery","Bosch Building Technologies North America","Arvada, CO","","",serpapi_google_jobs,https://us.jobrapido.com/jobpreview/1097751934577672192?utm_campaign=google_jobs_apply&utm_source=google_jobs_apply&utm_medium=organic,"","2026-04-07"
0,"","TECHNICIAN - WILLING TO TRAIN","The Illuminators Outdoor Lighting","Chicago, Illinois","","$35,000 - $45,000 (yearly)",jobspy_indeed,https://www.indeed.com/viewjob?jk=0f7115f645bd0cd2,"","2026-04-15"
0,"","BRAVO - Lighting Designer","Oak Park Elementary School District 97","Oak Park, IL","","1.5K a week",serpapi_google_jobs,https://www.k12jobspot.com/Job/5364916?utm_campaign=google_jobs_apply&utm_source=google_jobs_apply&utm_medium=organic,"",""
0,"","Senior Lighting Designer (Chicago)","The Lighting Practice","Chicago, IL","","",serpapi_google_jobs,https://talents.vaia.com/companies/ghafari-associates/senior-lighting-designer-43317082/?utm_campaign=google_jobs_apply&utm_source=google_jobs_apply&utm_medium=organic,"",""
0,"","Intermediate Lighting Designer","IA Interior Architects","Chicago, IL","","65K–80K a year",serpapi_google_jobs,https://careers-aeieng.icims.com/jobs/5521/lighting-designer-i-ii/job?utm_campaign=google_jobs_apply&utm_source=google_jobs_apply&utm_medium=organic,"",""
0,"","Permanent Lighting Technician","Ambia Solar","Aurora, IL","","",serpapi_google_jobs,https://www.whatjobs.com/jobs/permanent-lighting-technician/aurora?id=2621488153&utm_campaign=google_jobs_apply&utm_source=google_jobs_apply&utm_medium=organic,"","2026-04-09"
0,"","Resident Production Electrician & Lighting Designer","Playbill, Inc.","Schiller Park, IL","","550 a week",serpapi_google_jobs,https://www.learn4good.com/jobs/schiller-park/illinois/creative_arts_and_media/5018313733/e/?utm_campaign=google_jobs_apply&utm_source=google_jobs_apply&utm_medium=organic,"","2026-04-12"
0,"","Senior Electrical Lighting Designer 1 - Energy & Industrial","Sargent Lundy","Chicago, IL","","",serpapi_google_jobs,https://www.whatjobs.com/jobs/senior-electrical-lighting-designer-1/chicago-illinois?id=2627829474&utm_campaign=google_jobs_apply&utm_source=google_jobs_apply&utm_medium=organic,"","2026-04-10"
0,"","Senior Lighting Designer - Power Plant & Industrial","Sargent Lundy","Chicago, IL","","",serpapi_google_jobs,https://www.whatjobs.com/jobs/senior-lighting-designer-power/chicago-illinois?id=2627825024&utm_campaign=google_jobs_apply&utm_source=google_jobs_apply&utm_medium=organic,"","2026-04-10"
0,"","Lighting Designer I/II: From Concept to Construction","Affiliated Engineers, Inc.","Chicago, IL","","",serpapi_google_jobs,https://www.learn4good.com/jobs/chicago/illinois/energy-powergeneration/4860872577/e/?utm_campaign=google_jobs_apply&utm_source=google_jobs_apply&utm_medium=organic,"",""
0,"","Lighting Technician","McBride Lighting","Golden, CO","","52,000–56,160 a year",serpapi_google_jobs,https://jobs.yellowstonelocal.com/l/es/o/lighting-technician-9?utm_campaign=google_jobs_apply&utm_source=google_jobs_apply&utm_medium=organic,"","2026-04-07"
0,"","Lighting Technician","Lindquist Outdoor Lighting","Johnstown, CO","","",serpapi_google_jobs,https://www.indeed.com/viewjob?jk=5b89e38ef9d6f9c6&utm_campaign=google_jobs_apply&utm_source=google_jobs_apply&utm_medium=organic,"","2026-04-07"
0,"","Lighting Technician/Programmer Operater - on-call AVW","AV Workshop","United States","","40–65 an hour",serpapi_google_jobs,https://www.careerbuilder.com/job-details/lighting-technician-programmer-operater-on-call-avw--e782fc96-593b-4633-9c66-d55a6f9b5f53?utm_campaign=google_jobs_apply&utm_source=google_jobs_apply&utm_medium=organic,"",""
0,"","Lighting Designer","Vail Valley Foundation","Avon, CO","","34 an hour",serpapi_google_jobs,https://www.glassdoor.com/job-listing/lighting-designer-vail-valley-foundation-JV_IC1148214_KO0,17_KE18,40.htm?jl=1010084023229&utm_campaign=google_jobs_apply&utm_source=google_jobs_apply&utm_medium=organic,"","2026-03-30"
0,"","Lighting Designer","Michael Baker International, Inc.","Lakewood, CO","","",serpapi_google_jobs,https://careers.meaenergy.org/job/lighting-designer-lakewood-co-d46fcfca2dc52248ef4cde6159754b84b?utm_campaign=google_jobs_apply&utm_source=google_jobs_apply&utm_medium=organic,"","2026-04-05"
0,"","Lighting Technician","McBride Lighting","Longmont, CO","","",serpapi_google_jobs,https://us.jobrapido.com/jobpreview/6700937544197996544?utm_campaign=google_jobs_apply&utm_source=google_jobs_apply&utm_medium=organic,"","2026-04-10"
0,"","Lighting Designer | Vilar","Vail Valley Foundation","Avon, CO","","",serpapi_google_jobs,https://www.career.com/job/vail-valley-foundation/lighting-designer-vilar/j202603281804195623304?utm_campaign=google_jobs_apply&utm_source=google_jobs_apply&utm_medium=organic,"","2026-03-28"
0,"","Lighting Technician","Facility Solutions Group","Commerce City, CO","","38–42 an hour",serpapi_google_jobs,https://www.adzuna.com/details/5581073748?utm_campaign=google_jobs_apply&utm_source=google_jobs_apply&utm_medium=organic,"",""
0,"","Lighting Technician","Holiday on Ice","Granada, CO","","",serpapi_google_jobs,https://www.recruit.net/job/lighting-technician-jobs/4AAC749E0656C76F?utm_campaign=google_jobs_apply&utm_source=google_jobs_apply&utm_medium=organic,"","2026-04-16"
0,"","Senior Video Engineer - Live Events","Ansera","Gurnee, IL, United States","","",serpapi_google_jobs,https://bebee.com/us/jobs/senior-video-engineer-live-events-ansera-gurnee--talent-1cdad5e87513?utm_campaign=google_jobs_apply&utm_source=google_jobs_apply&utm_medium=organic,"","2026-03-24"
0,"","Video Engineer","ON Services","Norcross, GA, United States","","US$70K–US$90K a year",serpapi_google_jobs,https://recruiting.paylocity.com/recruiting/jobs/Details/3963595/ON-Services/Video-Engineer?utm_campaign=google_jobs_apply&utm_source=google_jobs_apply&utm_medium=organic,"",""
0,"","Video Engineer","Deloitte","Dallas, TX, United States","","",serpapi_google_jobs,https://jobsus.deloitte.com/dallas-tx/video-engineer/42DA2B33382D423EAB67FB51A3747A4C/job/?utm_campaign=google_jobs_apply&utm_source=google_jobs_apply&utm_medium=organic,"",""
0,"","Video Engineer","Vast","Long Beach, CA, United States","","US$84.2K–US$142K a year",serpapi_google_jobs,https://spacecrew.com/space-jobs/md8i4lev-vast-video-engineer?utm_campaign=google_jobs_apply&utm_source=google_jobs_apply&utm_medium=organic,"",""
0,"","Video Engineer","Regent University","Virginia Beach, VA, United States","","",serpapi_google_jobs,https://www.tealhq.com/job/video-engineer_7ea1a4a4d52c85278ecbb0c3535a2a48894ad?utm_campaign=google_jobs_apply&utm_source=google_jobs_apply&utm_medium=organic,"","2026-04-10"
0,"","Video Engineer","Hollywood Park Management Company, LLC.","Inglewood, CA, United States","","US$100K–US$130K a year",serpapi_google_jobs,https://www.ihirebroadcasting.com/jobs/view/503503982?utm_campaign=google_jobs_apply&utm_source=google_jobs_apply&utm_medium=organic,"",""
0,"","LED Technician - Part Time -Dallas Market","ANC","Dallas, TX, United States","","US$30 an hour",serpapi_google_jobs,https://www.whatjobs.com/jobs/part-time-jump-start-technician/park-cities-texas?id=2595095942&utm_campaign=google_jobs_apply&utm_source=google_jobs_apply&utm_medium=organic,"","2026-03-23"
0,"","SHOW CREW - LED TECHNICIAN","4Wall Europe","United States","","",serpapi_google_jobs,https://www.linkedin.com/jobs/view/show-crew-led-technician-at-4wall-europe-4387470163?utm_campaign=google_jobs_apply&utm_source=google_jobs_apply&utm_medium=organic,"","2026-03-18"
0,"","VOICE AND VIDEO ENGINEER (TIER II)","Peraton","United States","","US$86K–US$138K a year",serpapi_google_jobs,https://us.jobsora.com/job-48380783085?utm_campaign=google_jobs_apply&utm_source=google_jobs_apply&utm_medium=organic,"","2026-03-18"
0,"","Junior Video Engineer Needed for Exciting Projects","Upwork","United States","","US$10–US$20 an hour",serpapi_google_jobs,https://www.upwork.com/freelance-jobs/apply/Junior-Video-Engineer-Needed-for-Exciting-Projects_~022037339847742676984/?utm_campaign=google_jobs_apply&utm_source=google_jobs_apply&utm_medium=organic,"","2026-03-26"
0,"","Video Engineer/ (V1)","Stagedge","Tewksbury, MA","","",serpapi_google_jobs,https://www.indeed.com/viewjob?jk=17b9024c10c47d52&utm_campaign=google_jobs_apply&utm_source=google_jobs_apply&utm_medium=organic,"",""
0,"","Projection Technician — Digital Cinema Maintenance","Cinema West Inc.","El Segundo, CA","","",serpapi_google_jobs,https://www.whatjobs.com/jobs/projection-technician-digital-cinema/el-segundo-california?id=2627886494&utm_campaign=google_jobs_apply&utm_source=google_jobs_apply&utm_medium=organic,"","2026-04-10"
0,"","LED Technician","Astound Group LLC","Las Vegas, NV","","",serpapi_google_jobs,https://lensa.com/job-v1/astound-group/las-vegas-nv/technician/46328bb27b058a760e0a1f0387d2051e?utm_campaign=google_jobs_apply&utm_source=google_jobs_apply&utm_medium=organic,"",""
0,"","LED Technician","Penske Entertainment","Indianapolis, IN","","",serpapi_google_jobs,https://www.tealhq.com/job/led-technician_7ea1a0cbfff5cfc4f9dffe637de00a7f24394?utm_campaign=google_jobs_apply&utm_source=google_jobs_apply&utm_medium=organic,"",""
0,"","Video Engineer","Wired Production Group","Cedar Rapids, IA","","50K–60K a year",serpapi_google_jobs,https://www.productionhub.com/job/64344/video-engineer?utm_campaign=google_jobs_apply&utm_source=google_jobs_apply&utm_medium=organic,"","2026-03-26"
0,"","Video Engineer","Regent University","Virginia","","",serpapi_google_jobs,https://careers.regent.edu/jobs/video-engineer-va-united-states?utm_campaign=google_jobs_apply&utm_source=google_jobs_apply&utm_medium=organic,"","2026-04-10"
0,"","South Florida Video Engineer (V1)","Rhino Staging","Orlando, FL","","104K a year",serpapi_google_jobs,https://tsenta.com/jobs/rhino-staging-south-florida-video-engineer-v1-a620a463-cb04-4571-bcc0-6aa74803f2aa?utm_campaign=google_jobs_apply&utm_source=google_jobs_apply&utm_medium=organic,"",""
0,"","Audio Video Engineer","Futran Tech Solutions Pvt. Ltd.","Berkeley Heights, NJ","","",serpapi_google_jobs,https://www.whatjobs.com/jobs/audio-video-engineer/berkeley-heights?id=2633015990&utm_campaign=google_jobs_apply&utm_source=google_jobs_apply&utm_medium=organic,"","2026-04-13"
0,"","Lighting & Projection Technician (Electrician)","Playbill, Inc.","Pittsfield, MA","","",serpapi_google_jobs,https://us.jobrapido.com/jobpreview/7504128039509295104?utm_campaign=google_jobs_apply&utm_source=google_jobs_apply&utm_medium=organic,"","2026-04-11"
0,"","Technical Director (PT) Live Events","Bon Secours Wellness Arena","United States","","",serpapi_google_jobs,https://talents.vaia.com/companies/bon-secours-wellness-arena/technical-director-pt-live-events-37033913/?utm_campaign=google_jobs_apply&utm_source=google_jobs_apply&utm_medium=organic,"",""
0,"","Graphics Operator, Live Events – part-time","Bon Secours Wellness Arena","United States","","",serpapi_google_jobs,https://talents.vaia.com/companies/bon-secours-wellness-arena/graphics-operator-live-events-part-time-36613300/?utm_campaign=google_jobs_apply&utm_source=google_jobs_apply&utm_medium=organic,"",""
0,"","Live Events Tech Director: Onsite Leadership & Innovation","System One","United States","","",serpapi_google_jobs,https://talents.vaia.com/companies/system-one/live-events-tech-director-onsite-leadership-innovation-74173872/?utm_campaign=google_jobs_apply&utm_source=google_jobs_apply&utm_medium=organic,"",""
0,"","Technical Producer (Live Events) (Atlanta)","Hartmann Studios","United States","","",serpapi_google_jobs,https://www.whatjobs.com/jobs/technical-producer-live-events-atlanta/atlanta-new-york?id=2635201473&utm_campaign=google_jobs_apply&utm_source=google_jobs_apply&utm_medium=organic,"","2026-04-14"
0,"","Technical Director – Theatre & Live Events","Illinois Park and Recreation Association","United States","","60K–68K a year",serpapi_google_jobs,https://talents.vaia.com/companies/illinois-park-and-recreation-association/technical-director-theatre-live-events-77292823/?utm_campaign=google_jobs_apply&utm_source=google_jobs_apply&utm_medium=organic,"",""
0,"","WAE- Live Events Broadcast Operations/SEC Network Operations","Louisiana State University","United States","","",serpapi_google_jobs,https://hiring.cafe/viewjob/9xy6e7klki9qtgfp?utm_campaign=google_jobs_apply&utm_source=google_jobs_apply&utm_medium=organic,"",""
0,"","Athletics Video Producer (Temporary)","NU USA Northeastern University","United States","","",serpapi_google_jobs,https://northeastern.wd1.myworkdayjobs.com/en-US/careers/job/Athletics-Video-Producer--Temporary-_R139363?utm_campaign=google_jobs_apply&utm_source=google_jobs_apply&utm_medium=organic,"","2026-04-08"
0,"","Stage Manager at The Spark Boulder","The Spark Boulder","Boulder, CO","","",serpapi_google_jobs,https://www.coloradotheatreguild.org/job/the-spark-boulder-boulder-33-stage-manager-at-the-spark-boulder/?utm_campaign=google_jobs_apply&utm_source=google_jobs_apply&utm_medium=organic,"","2026-04-08"
0,"","Stagehand (PT)","The Town of Parker","Parker, CO","","19.10–24.20 an hour",serpapi_google_jobs,https://www.governmentjobs.com/careers/townofparker/jobs/5305107/stagehand-pt?utm_campaign=google_jobs_apply&utm_source=google_jobs_apply&utm_medium=organic,"","2026-04-08"
0,"","Stagehand","Summit Music Hall","Denver, CO","","18.29–20.00 an hour",serpapi_google_jobs,https://www.entertainmentcareers.net/summit-music-hall/stagehand/job/502405/?utm_campaign=google_jobs_apply&utm_source=google_jobs_apply&utm_medium=organic,"","2026-03-29"
0,"","Stagehand","The Town of Parker","Colorado","","",serpapi_google_jobs,https://www.jobleads.com/us/job/stagehand-pt--colorado--ea60f2176d0db14e16df41a6232dda0a6?utm_campaign=google_jobs_apply&utm_source=google_jobs_apply&utm_medium=organic,"","2026-04-11"
0,"","Equity Stage Manager and ASM Job in Theatreworks Colorado Springs 2026-2027 Season, Equity Stage Manager Submissions'","UCCS Theatreworks","Colorado Springs, CO","","625 a week",serpapi_google_jobs,https://www.backstage.com/casting/theatreworks-colorado-springs-2026-2027-season-equity-stage-manager-submissions-3139029/equity-stage-manager-and-asm-5508648/?utm_campaign=google_jobs_apply&utm_source=google_jobs_apply&utm_medium=organic,"","2026-04-04"
0,"","Civic Center Stagehand (Part Time)","City Of Cheyenne","Cheyenne, WY","","15.00–18.50 an hour",serpapi_google_jobs,https://www.paycomonline.net/v4/ats/web.php/portal/C6E4DB03F6E598E0CD3297D232112011/jobs/185594?utm_campaign=google_jobs_apply&utm_source=google_jobs_apply&utm_medium=organic,"",""
0,"","Equity Stage Manager Job in Arvada Center for the Arts 2026-27 Season, Stage Manager","Arvada Center for the Arts & Humanities","Arvada, CO","","",serpapi_google_jobs,https://www.backstage.com/casting/arvada-center-for-the-arts-2026-27-season-stage-manager-3141094/equity-stage-manager-5511253/?utm_campaign=google_jobs_apply&utm_source=google_jobs_apply&utm_medium=organic,"","2026-04-07"
0,"","Dynamic Touring Assistant Stage Manager","Playbill, Inc.","Colorado Springs, CO","","",serpapi_google_jobs,https://talents.vaia.com/companies/playbill-inc/colorado-springs/dynamic-touring-assistant-stage-manager-73573489/?utm_campaign=google_jobs_apply&utm_source=google_jobs_apply&utm_medium=organic,"",""
0,"","Stagehand- Summit","Live Nation","Denver, CO","","18.29–20.00 an hour",serpapi_google_jobs,https://lensa.com/job-v1/live-nation-entertainment/denver-co/stagehand/051c6927e6e42199c9243d160acfa289?utm_campaign=google_jobs_apply&utm_source=google_jobs_apply&utm_medium=organic,"",""
0,"","Stagehand; PT","The Town of Parker","Arvada, CO","","",serpapi_google_jobs,https://www.learn4good.com/jobs/arvada/colorado/entertainment/5026505988/e/?utm_campaign=google_jobs_apply&utm_source=google_jobs_apply&utm_medium=organic,"","2026-04-14"
0,"","Broadcast Operations Technician — Studio & Control","AAJA24","Milwaukee, WI","","",serpapi_google_jobs,https://talents.vaia.com/companies/aaja24/milwaukee/broadcast-operations-technician-studio-control-75412224/?utm_campaign=google_jobs_apply&utm_source=google_jobs_apply&utm_medium=organic,"",""
0,"","Podcast Studio Engineer & Editor (Full-Time, Chicago)","Chicago Podcast Studio","Chicago, IL","","",serpapi_google_jobs,https://us.jobrapido.com/jobpreview/534957218454306816?utm_campaign=google_jobs_apply&utm_source=google_jobs_apply&utm_medium=organic,"","2026-03-26"
0,"","Remote Sound Technicians and Broadcast Technicians – USA","Highbrow Technology Inc","Anywhere","","",serpapi_google_jobs,https://talents.vaia.com/companies/highbrow-technology-inc/remote-sound-technicians-and-broadcast-technicians-usa-44776130/?utm_campaign=google_jobs_apply&utm_source=google_jobs_apply&utm_medium=organic,"",""
0,"","M365 Copilot Studio Engineer","Zurich North America","Schaumburg, IL","","",serpapi_google_jobs,https://bebee.com/us/jobs/m365-copilot-studio-engineer-zurich-north-america-schaumburg-il--theirstack-638874773?utm_campaign=google_jobs_apply&utm_source=google_jobs_apply&utm_medium=organic,"",""
0,"","Field Broadcast Technician","ST Radio, Ft. Wayne","Fort Wayne, IN","","",serpapi_google_jobs,https://bebee.com/us/jobs/field-broadcast-technician-sarkes-tarzian-inc-fort-wayne--fj-2041686404?utm_campaign=google_jobs_apply&utm_source=google_jobs_apply&utm_medium=organic,"",""
0,"","Freelance Broadcast Field Engineer","The Mink Company","DeForest, WI","","",serpapi_google_jobs,https://theminkcorp.com/openings/freelance-broadcast-field-engineer/?utm_campaign=google_jobs_apply&utm_source=google_jobs_apply&utm_medium=organic,"",""
0,"","Studio Broadcast Technician: Direct, Cameras, Teleprompter","Nexstar Media Group","Indianapolis, IN","","",serpapi_google_jobs,https://www.learn4good.com/jobs/indiana/creative_arts_and_media/4970605114/e/?utm_campaign=google_jobs_apply&utm_source=google_jobs_apply&utm_medium=organic,"","2026-04-09"
0,"","Broadcast Maintenance Technician","Paramount","Southfield, MI","","79,770–95,352 a year",serpapi_google_jobs,https://www.entertainmentcareers.net/paramount/broadcast-maintenance-technician/job/511375/?utm_campaign=google_jobs_apply&utm_source=google_jobs_apply&utm_medium=organic,"","2026-04-05"
0,"","Studio Engineer","Mahindra Tractors","Auburn Hills, MI","","",serpapi_google_jobs,https://us.trabajo.org/job-4023-73d3e7a6ac8f944668a0deba44619320?utm_campaign=google_jobs_apply&utm_source=google_jobs_apply&utm_medium=organic,"","2026-04-07"
0,"","Broadcast Engineer","Kroenke Sports & Entertainment","Centennial, CO","","25–32 an hour",serpapi_google_jobs,https://www.tealhq.com/job/broadcast-engineer_7ea1a56c3cde52e61b93dff690257f6c5c526?utm_campaign=google_jobs_apply&utm_source=google_jobs_apply&utm_medium=organic,"","2026-03-29"
0,"","Broadcast Operations Center Engineer","CCB iHeartMedia + Entertainment, Inc. | MPG","Anywhere","","",serpapi_google_jobs,https://iheartmedia.wd5.myworkdayjobs.com/en-US/iHM_Corporate_Site/job/Broadcast-Operations-Center-Engineer_Req38201-2?utm_campaign=google_jobs_apply&utm_source=google_jobs_apply&utm_medium=organic,"","2026-03-25"
0,"","Broadcast Engineer, KMGH","The E.W. Scripps Company","Denver, CO","","",serpapi_google_jobs,https://www.tealhq.com/job/broadcast-engineer_7ea1a132c9aff77af965f73adcf20bff4cae0?utm_campaign=google_jobs_apply&utm_source=google_jobs_apply&utm_medium=organic,"","2026-03-19"
0,"","Technician – Broadcast Operations","DISH Network","Cheyenne, WY","","34K–54K a year",serpapi_google_jobs,https://www.jobzmall.com/dish-network/job/technician-broadcast-operations?utm_campaign=google_jobs_apply&utm_source=google_jobs_apply&utm_medium=organic,"",""
0,"","Broadcast Engineering","JotForm Inc","Englewood, CO","","",serpapi_google_jobs,https://jooble.org/rjdp/5049022502620282713?utm_campaign=google_jobs_apply&utm_source=google_jobs_apply&utm_medium=organic,"","2026-04-10"
0,"","Broadcast Technician - WTVR","Scripps Media, Inc.","United States","","",serpapi_google_jobs,https://scripps.wd115.myworkdayjobs.com/en-US/Scripps_Careers/job/Broadcast-Technician---WTVR--_JR036141-1?utm_campaign=google_jobs_apply&utm_source=google_jobs_apply&utm_medium=organic,"","2026-03-26"
0,"","Studio Engineer","Vonmod","Denver, CO","","60K–90K a year",serpapi_google_jobs,https://www.indeed.com/viewjob?jk=47219adefa3a78a8&utm_campaign=google_jobs_apply&utm_source=google_jobs_apply&utm_medium=organic,"",""
0,"","Engineer 1, Broadcast Engineering","Comcast","Centennial, CO","","5,547–8,147 a month",serpapi_google_jobs,https://bebee.com/us/jobs/engineer-1-broadcast-engineering-comcast-centennial-co--theirstack-629000489?utm_campaign=google_jobs_apply&utm_source=google_jobs_apply&utm_medium=organic,"",""
0,"","Broadcast Engineer Lead","TEGNA Inc.","Denver, CO","","80K–115K a year",serpapi_google_jobs,https://dejobs.org/denver-co/pki-lead-engineer/A3EF29BDF67B4662A366C98641099464/job/?utm_campaign=google_jobs_apply&utm_source=google_jobs_apply&utm_medium=organic,"",""
0,"","Broadcast Operations Instructor","C2 Technologies","Anywhere","","",serpapi_google_jobs,https://us.trabajo.org/job-1597-3f30f8c409cd9d204092808f829a7628?utm_campaign=google_jobs_apply&utm_source=google_jobs_apply&utm_medium=organic,"","2026-03-24"
0,"","Production Technician - Ford","Dynamic Manufacturing","Hillside, IL","","18.00–21.50 an hour",serpapi_google_jobs,https://www.breakroom.cc/en-us/jobs/listing/11741852-dynamic-manufacturing-production-technician-ford-hillside?utm_campaign=google_jobs_apply&utm_source=google_jobs_apply&utm_medium=organic,"",""
0,"","Production Technician","Trossen Robotics","Downers Grove, IL","","50K–55K a year",serpapi_google_jobs,https://us.trabajo.org/job-4112-753fcaa3f234022059bc56b1a2426fd6?utm_campaign=google_jobs_apply&utm_source=google_jobs_apply&utm_medium=organic,"","2026-04-14"
0,"","Production Technician 2nd Shift","Plastipak Careers","Alsip, IL","","",serpapi_google_jobs,https://www.tealhq.com/job/production-technician_7ea1a1048ed77ae7f6351b612a22041f33d57?utm_campaign=google_jobs_apply&utm_source=google_jobs_apply&utm_medium=organic,"","2026-04-02"
0,"","Production Technician - Elk Grove Village, IL","Yamazen Inc","Elk Grove Village, IL","","20–25 an hour",serpapi_google_jobs,https://www.paycomonline.net/v4/ats/web.php/portal/68354B329635807EC1B455E5276FAC68/jobs/264492?utm_campaign=google_jobs_apply&utm_source=google_jobs_apply&utm_medium=organic,"",""
0,"","Production Technician l (M-F)","AbbVie","North Chicago, IL","","",serpapi_google_jobs,https://jobs.smartrecruiters.com/AbbVie/3743990012604673-production-technician-l-m-f-?utm_campaign=google_jobs_apply&utm_source=google_jobs_apply&utm_medium=organic,"","2026-04-14"
0,"","Production Technician","Panduit","Orland Park, IL","","",serpapi_google_jobs,https://www.tealhq.com/job/production-technician_7ea1ae96b2908ffd5c61c0751f91c47aef7fb?utm_campaign=google_jobs_apply&utm_source=google_jobs_apply&utm_medium=organic,"",""
0,"","Production Technician Lvl 1","QualiTech","Chicago, IL","","35K–45K a year",serpapi_google_jobs,https://www.jobleads.com/us/job/production-technician-lvl-1--chicago--eaa561316694f4e3073625a630ec561b6?utm_campaign=google_jobs_apply&utm_source=google_jobs_apply&utm_medium=organic,"","2026-04-13"
0,"","Utilities Production Technician I/II","Village of Bensenville","Bensenville, IL (+1 other)","","",serpapi_google_jobs,https://jobs.isawwa.org/job/utilities-production-technician-iii/83171171/?utm_campaign=google_jobs_apply&utm_source=google_jobs_apply&utm_medium=organic,"","2026-04-08"
0,"","Microbiome Production Technician - Full-time","Uchicago","Chicago, IL","","24.04 an hour",serpapi_google_jobs,https://www.snagajob.com/jobs/1239943213?utm_campaign=google_jobs_apply&utm_source=google_jobs_apply&utm_medium=organic,"","2026-04-10"
0,"","Wireless RF Technician II - (Fairbanks, AK)","GCI","Fairbanks, AK","","",serpapi_google_jobs,https://bebee.com/us/jobs/wireless-rf-technician-trainee-fairbanks-ak-gci-fairbanks-ak--theirstack-632313736?utm_campaign=google_jobs_apply&utm_source=google_jobs_apply&utm_medium=organic,"","2026-04-16"
0,"","RF Technician Motorola Experience","Electronic Service Solutions","Elmsford, NY","","",serpapi_google_jobs,https://www.linkedin.com/jobs/view/rf-technician-motorola-experience-at-electronic-service-solutions-4402663863?utm_campaign=google_jobs_apply&utm_source=google_jobs_apply&utm_medium=organic,"","2026-04-16"
0,"","RF Technician","Persistent Systems","New York, NY","","",serpapi_google_jobs,https://careers-persistentsystems.icims.com/jobs/2233/rf-technician/job?utm_campaign=google_jobs_apply&utm_source=google_jobs_apply&utm_medium=organic,"","2026-04-15"
0,"","RF Technician","MICRO PRECISION CALIBRATION INC","Lenexa, KS","","",serpapi_google_jobs,https://bebee.com/us/jobs/rf-technician-micro-precision-calibration-inc-lenexa-ks--theirstack-662943616?utm_campaign=google_jobs_apply&utm_source=google_jobs_apply&utm_medium=organic,"","2026-04-13"
0,"","RF Technician","W3Global Inc.","East Rutherford, NJ","","35–38 an hour",serpapi_google_jobs,https://www.ziprecruiter.com/c/W3Global/Job/RF-Technician/-in-East-Rutherford,NJ?jid=8f22a1b93db075ae&utm_campaign=google_jobs_apply&utm_source=google_jobs_apply&utm_medium=organic,"","2026-04-10"
0,"","RF Technician","Crane Company","Chandler, AZ","","",serpapi_google_jobs,https://www.tealhq.com/job/rf-technician_7ea1ad31b7b84ef6f0d96e8b75f32943dcc24?utm_campaign=google_jobs_apply&utm_source=google_jobs_apply&utm_medium=organic,"","2026-04-08"
0,"","RF Technician","Bering Straits Native Corporation","Anchorage, AK","","",serpapi_google_jobs,https://earnbetter.com/app/job/01KD4EW6JCF0HKHWGYY5WT8G13/?utm_campaign=google_jobs_apply&utm_source=google_jobs_apply&utm_medium=organic,"",""
0,"","Electronics Technician (RF Technician) RACOM Corporation","Eastern Communications","Des Moines, IA","","",serpapi_google_jobs,https://jobs.lever.co/eastern-communications/90380579-d2af-4387-ae66-1f2d9fbb53cc?utm_campaign=google_jobs_apply&utm_source=google_jobs_apply&utm_medium=organic,"",""
0,"","Radio Frequency (RF) Technician III - PNW","HetNet Wireless","Seattle, WA","","45–50 an hour",serpapi_google_jobs,https://dejobs.org/seattle-wa/data-scientist-ii-ai-for-radio-frequency-rf-signals-processing/B5F880885CF849F995954C03F438048C/job/?utm_campaign=google_jobs_apply&utm_source=google_jobs_apply&utm_medium=organic,"",""
0,"","RF Technician","INDUSTRIAL COMMUNICATIONS","Marshfield, MA","","",serpapi_google_jobs,https://www.ziprecruiter.com/c/INDUSTRIAL-COMMUNICATIONS/Job/RF-Technician/-in-Marshfield,MA?jid=7b92c473c8f61902&utm_campaign=google_jobs_apply&utm_source=google_jobs_apply&utm_medium=organic,"","2026-04-15"
0,"","Broadcast Liaison Replay Operator","NASCAR","Santa Fe, NM","","",serpapi_google_jobs,https://www.disabledperson.com/jobs/71107495-broadcast-liaison-replay-operator?utm_campaign=google_jobs_apply&utm_source=google_jobs_apply&utm_medium=organic,"","2026-04-12"
0,"","Venue Technician - Opening Team!","Level99 Entertainment","United States","","",serpapi_google_jobs,https://us.jobsora.com/job-48380926287?utm_campaign=google_jobs_apply&utm_source=google_jobs_apply&utm_medium=organic,"","2026-04-09"
0,"","Venue Technician – Las Vegas","F1 Arcade","Las Vegas, NM","","",serpapi_google_jobs,https://talents.vaia.com/companies/f1-arcade/venue-technician-las-vegas-32726622/?utm_campaign=google_jobs_apply&utm_source=google_jobs_apply&utm_medium=organic,"",""
0,"","Master Electrician (2 positions) Facilities","Greeley-Evans Weld County School District 6","Greeley, CO","","",serpapi_google_jobs,https://www.topschooljobs.org/job/2425492/master-electrician-2-positions-facilities/?utm_campaign=google_jobs_apply&utm_source=google_jobs_apply&utm_medium=organic,"","2026-04-15"
0,"","Master Electrician | Medora Musical","RWS Global","Denver, CO","","",serpapi_google_jobs,https://us.trabajo.org/job-4112-d105bb8d8afa2e10ec8ac2f3d2540bd1?utm_campaign=google_jobs_apply&utm_source=google_jobs_apply&utm_medium=organic,"","2026-04-14"
0,"","Master Electrician - Now Hiring","UCHealth","Parker, CO","","36.19–54.28 an hour",serpapi_google_jobs,https://www.snagajob.com/jobs/1237455377?utm_campaign=google_jobs_apply&utm_source=google_jobs_apply&utm_medium=organic,"","2026-04-16"
0,"","Master Electrician - Field Services","Crusoe","Brighton, CO","","",serpapi_google_jobs,https://jobs.ashbyhq.com/crusoe/5f803496-8968-44bf-ae78-531567fbe2f9?utm_campaign=google_jobs_apply&utm_source=google_jobs_apply&utm_medium=organic,"","2026-03-17"
0,"","Travel Electrician - Journeyman or Master Electrician","Fuze HR Solutions Inc.","Denver, CO","","30–45 an hour",serpapi_google_jobs,https://myavionte.com/sonar/api/jobpost/gJob?jobArgs=Tmt8jXaE8XIvKHtv-u14vA&utm_campaign=google_jobs_apply&utm_source=google_jobs_apply&utm_medium=organic,"","2026-04-01"
0,"","Master Electrician","Mister Sparky of Colorado Springs, CO","Colorado Springs, CO","","35–50 an hour",serpapi_google_jobs,https://mister-sparky-careers.careerplug.com/jobs/2475427?utm_campaign=google_jobs_apply&utm_source=google_jobs_apply&utm_medium=organic,"",""
0,"","Master Electrician – Field Services Lead","Epoch Biodesign","Brighton, CO","","",serpapi_google_jobs,https://www.whatjobs.com/jobs/master-electrician-field-services/brighton-colorado?id=2630094593&utm_campaign=google_jobs_apply&utm_source=google_jobs_apply&utm_medium=organic,"","2026-04-11"
0,"","Licensed Master Electrician","Patriot Enterprises","Castle Rock, CO","","120K a year",serpapi_google_jobs,https://www.tradesmenup.com/jobs/230481699-licensed-master-electrician?utm_campaign=google_jobs_apply&utm_source=google_jobs_apply&utm_medium=organic,"","2026-03-17"
0,"","Full-Time Master Electrician","UCHealth","Lakewood, CO","","36.19–54.28 an hour",serpapi_google_jobs,https://jooble.org/rjdp/102483521752359494?utm_campaign=google_jobs_apply&utm_source=google_jobs_apply&utm_medium=organic,"","2026-04-10"
0,"","Learning Experience Designer – Multimedia & Quality, HR, AssociateLocation:Mumbai, MaharashtraTeam:Talent & Culture","BlackRock","","Tier 2 — Finance","",career_page,https://careers.blackrock.com/job/mumbai/learning-experience-designer-multimedia-and-quality-hr-associate/45831/94022851056,"",""
0,"","NewsNation - Broadcast Control Room Technician, Part-time","Nexstar Media Group, Inc.","Chicago, Illinois","","$21 - $45 (hourly)",jobspy_indeed,https://www.indeed.com/viewjob?jk=5f1ca07f4fe9cae5,"","2026-04-14"
0,"","Sales Engineer - AV integration","TC Furlong Inc.","Chicago, Illinois","","$65,000 - $100,000 (yearly)",jobspy_indeed,https://www.indeed.com/viewjob?jk=72e141458534e893,"","2026-04-14"
0,"","Audio Visual Installation Technician","nan","Chicago, Illinois","","$45,000 - $70,000 (yearly)",jobspy_indeed,https://www.indeed.com/viewjob?jk=f5534e1a5e54ea39,"","2026-04-14"
0,"","Event Technical Lead, Audio Visual - Chicago Marriott Downtown Magnificent Mile","Encore Global","Chicago, Illinois","","$17 - $22 (hourly)",jobspy_indeed,https://www.indeed.com/viewjob?jk=706e5262b5917ade,"","2026-04-13"
0,"","Lead AV Technician","The Art Institute of Chicago","Chicago, Illinois","","$24 - $29 (hourly)",jobspy_indeed,https://www.indeed.com/viewjob?jk=eef3a751cb91493a,"","2026-04-13"
0,"","Audio Visual Presales Design Engineer","Netrix Global","Chicago, Illinois","","",jobspy_indeed,https://www.indeed.com/viewjob?jk=184f184e49cd8f1c,"","2026-04-01"
0,"","Audio Visual Field Engineer","Netrix Global","Chicago, Illinois","","",jobspy_indeed,https://www.indeed.com/viewjob?jk=6eacb5f824fdf1bf,"","2026-04-01"
0,"","AV Installation Technician (High-End Resi AV, Lighting, Shading, Control)","Onebutton","New York, New York","","$30 - $40 (hourly)",jobspy_indeed,https://www.indeed.com/viewjob?jk=9bf88a24ac026c8f,"","2026-04-15"
0,"","Lead Audio Visual Technician - Crestron Toolbox","Adwar Video","New York, New York","","",jobspy_indeed,https://www.indeed.com/viewjob?jk=157f01ac82fff155,"","2026-04-15"
0,"","Senior AV Event Technician","Kinly","New York, New York","","$70,000 - $80,000 (yearly)",jobspy_indeed,https://www.indeed.com/viewjob?jk=44dd4b9b91e180a7,"","2026-04-15"
0,"","Power 105.1 Part-Time Board Operator","iHeartMedia","New York, New York","","",jobspy_indeed,https://www.indeed.com/viewjob?jk=6cfc92ed01e967b5,"","2026-04-14"
0,"","NBA Radio - PT Associate Producer","SiriusXM","New York, New York","","",jobspy_indeed,https://www.indeed.com/viewjob?jk=d9eb84b21ddba56c,"","2026-04-14"
0,"","Senior System Engineer, Broadcast Engineering","SiriusXM","New York, New York","","$106,400 - $145,000 (yearly)",jobspy_indeed,https://www.indeed.com/viewjob?jk=3f1396d577753d51,"","2026-04-14"
0,"","Low Voltage Systems and Audio/Visual Technicians","Lincoln Tech","New York, New York","","$27 - $32 (hourly)",jobspy_indeed,https://www.indeed.com/viewjob?jk=0ebdd45188868cd4,"","2026-04-14"
0,"","Senior System Engineer, Broadcast Engineering","adswizz","New York, New York","","$106,400 - $145,000 (yearly)",jobspy_indeed,https://www.indeed.com/viewjob?jk=71d794131e75a6a0,"","2026-04-14"
0,"","NBA Radio - PT Associate Producer","adswizz","New York, New York","","",jobspy_indeed,https://www.indeed.com/viewjob?jk=dbc47042275caae2,"","2026-04-14"
0,"","AV Technician Tier 2","EOS IT Solutions","New York, New York","","$73,000 - $76,000 (yearly)",jobspy_indeed,https://www.indeed.com/viewjob?jk=010dc235c4d16246,"","2026-04-14"
0,"","Support Technician (Crestron - A/V)","Columbia University","New York, New York","","$80,000 - $92,000 (yearly)",jobspy_indeed,https://www.indeed.com/viewjob?jk=71eb07e21475456b,"","2026-04-13"
0,"","Audio Visual Field Technician / Technology Support Specialist","Convergent Technology Associates","New York, New York","","$20 - $40 (hourly)",jobspy_indeed,https://www.indeed.com/viewjob?jk=cb7d45b5154ba13a,"","2026-04-13"
0,"","Junior AV Engineer","Canyon","New York, New York","","$55,000 - $70,000 (yearly)",jobspy_indeed,https://www.indeed.com/viewjob?jk=d148b4a6a435b3c0,"","2026-04-10"
0,"","Senior AV Engineer","Canyon","New York, New York","","$70,000 - $90,000 (yearly)",jobspy_indeed,https://www.indeed.com/viewjob?jk=08fe21078c454883,"","2026-04-10"
0,"","AV Design Engineer","Align","New York, New York","","$100,000 - $115,000 (yearly)",jobspy_indeed,https://www.indeed.com/viewjob?jk=fe0cd9656f169210,"","2026-04-10"
0,"","Audio Engineer, MS NOW","Versant","New York, New York","","$100,000 - $120,000 (yearly)",jobspy_indeed,https://www.indeed.com/viewjob?jk=82083d8f6d4ed429,"","2026-04-10"
0,"","Event Technical Lead, Audio Visual (Part Time Casual) - The Opus Westchester, Autograph Collection","Encore Global","New York, New York","","$18 - $24 (hourly)",jobspy_indeed,https://www.indeed.com/viewjob?jk=99a726b34051ed81,"","2026-04-09"
0,"","Senior AV Installation Technician","Diversified","New York, New York","","$33 - $42 (hourly)",jobspy_indeed,https://www.indeed.com/viewjob?jk=5ae5fbe18fd3d06c,"","2026-04-09"
0,"","Lead AV Technician","Mason Technologies Inc","New York, New York","","$35 - $45 (hourly)",jobspy_indeed,https://www.indeed.com/viewjob?jk=6384357ba8f1f5ef,"","2026-04-09"
0,"","Audio-Visual Technician","Whitney Museum of American Art","New York, New York","","",jobspy_indeed,https://www.indeed.com/viewjob?jk=49f55b8549699b3a,"","2026-04-06"
0,"","Audio Visual Event Support Technician","OfficePro, Inc.","San Francisco, California","","$83,000 - $93,000 (yearly)",jobspy_indeed,https://www.indeed.com/viewjob?jk=3ea87aa2c68dbb6b,"","2026-04-16"
0,"","Audio/Visual Application Engineer","Uber","San Francisco, California","","$153,000 - $170,000 (yearly)",jobspy_indeed,https://www.indeed.com/viewjob?jk=d624d4b2230430d5,"","2026-04-16"
0,"","Lead Fabrication Technician - AV, Broadcast & Media Systems","Diversified","San Francisco, California","","$60 - $90 (hourly)",jobspy_indeed,https://www.indeed.com/viewjob?jk=71ab970bcce2d9b8,"","2026-04-15"
0,"","Technical Engineer","Audacy, Inc.","San Francisco, California","","$95,000 - $105,000 (yearly)",jobspy_indeed,https://www.indeed.com/viewjob?jk=117ca1b7cd78aa6e,"","2026-04-15"
0,"","On Call Broadcast Master Control TECHNICIAN","KTSF TV","San Francisco, California","","$25 - $28 (hourly)",jobspy_indeed,https://www.indeed.com/viewjob?jk=cfbfea69a6b21ffe,"","2026-04-15"
0,"","Audio PD Engineer","Apple","San Francisco, California","","$147,400 - $272,100 (yearly)",jobspy_indeed,https://www.indeed.com/viewjob?jk=27b10f9508ecec56,"","2026-04-15"
0,"","Acoustic Engineer - iPad, Mac & Home Acoustics","Apple","San Francisco, California","","$147,400 - $272,100 (yearly)",jobspy_indeed,https://www.indeed.com/viewjob?jk=2b03d8bfbee79b0b,"","2026-04-11"
0,"","Platform Software Engineer, Audio Software Integration","Apple","San Francisco, California","","$147,400 - $272,100 (yearly)",jobspy_indeed,https://www.indeed.com/viewjob?jk=1ffdbfe2a8189c5b,"","2026-04-09"
0,"","Sr. Software Engineer, Audio & Media Technologies","Apple","San Francisco, California","","$147,400 - $272,100 (yearly)",jobspy_indeed,https://www.indeed.com/viewjob?jk=14815bb36639f4a8,"","2026-04-09"
0,"","Acoustic Engineer - AirPods","Apple","San Francisco, California","","$147,400 - $272,100 (yearly)",jobspy_indeed,https://www.indeed.com/viewjob?jk=3325ab0b4f93b06f,"","2026-04-09"
0,"","Simulation Engineer - Camera Hardware","Apple","San Francisco, California","","$147,400 - $272,100 (yearly)",jobspy_indeed,https://www.indeed.com/viewjob?jk=62dea339656784dd,"","2026-04-09"
0,"","3D Game Artist - Platform Architecture","Apple","San Francisco, California","","$147,400 - $272,100 (yearly)",jobspy_indeed,https://www.indeed.com/viewjob?jk=a6ee99066b1b2b18,"","2026-04-13"
0,"","AR/VR Graphics Software Engineer - Personas, Vision Products Software","Apple","San Francisco, California","","$147,400 - $272,100 (yearly)",jobspy_indeed,https://www.indeed.com/viewjob?jk=286b864387433aa2,"","2026-04-09"
0,"","iOS Engineer-Apple TV","Apple","San Francisco, California","","$147,400 - $272,100 (yearly)",jobspy_indeed,https://www.indeed.com/viewjob?jk=950aa837e9f46ba4,"","2026-04-09"
0,"","Camera and Photos - Senior Cinematic Video Software Engineer","Apple","San Francisco, California","","$147,400 - $272,100 (yearly)",jobspy_indeed,https://www.indeed.com/viewjob?jk=e77942b20f52f99e,"","2026-04-09"
0,"","Event Technician, Audio Visual - Santa Clara Marriott","Encore Global","San Francisco, California","","$22 - $24 (hourly)",jobspy_indeed,https://www.indeed.com/viewjob?jk=c8e8d8d6923a4cdf,"","2026-04-14"
0,"","Executive Support Engineer (Troubleshooting/White Glove/AV Support) - *ONSITE*","GEICO","San Francisco, California","","$100,450 - $157,850 (yearly)",jobspy_indeed,https://www.indeed.com/viewjob?jk=7a0e40e37a5b474a,"","2026-04-14"
0,"","Multimedia Design Verification Engineer, Silicon","Google","San Francisco, California","","$163,000 - $237,000 (yearly)",jobspy_indeed,https://www.indeed.com/viewjob?jk=25d4a128c01b978b,"","2026-04-13"
0,"","AV / IT Engineer","Adyen","San Francisco, California","","$169,000 - $232,000 (yearly)",jobspy_indeed,https://www.indeed.com/viewjob?jk=8f835e27bb6ca567,"","2026-04-13"
0,"","Senior Event Technical Lead, Audio Visual - Hyatt Regency San Francisco Downtown SOMA","Encore Global","San Francisco, California","","$27 - $30 (hourly)",jobspy_indeed,https://www.indeed.com/viewjob?jk=97c25edee30ef958,"","2026-04-09"
0,"","Software Engineer, Connected Audio, Sensing & Connectivity","Apple","San Francisco, California","","$181,100 - $318,400 (yearly)",jobspy_indeed,https://www.indeed.com/viewjob?jk=4714df1060618054,"","2026-04-09"
0,"","Senior Video Standards Engineer, Audio & Media Technologies","Apple","San Francisco, California","","$181,100 - $318,400 (yearly)",jobspy_indeed,https://www.indeed.com/viewjob?jk=95655404113828ee,"","2026-04-09"
0,"","Cartography and Display Tools Engineer","Apple","San Francisco, California","","$181,100 - $318,400 (yearly)",jobspy_indeed,https://www.indeed.com/viewjob?jk=158b0de349e3e6ff,"","2026-04-09"
0,"","Industrial Designer","Apple","San Francisco, California","","$181,100 - $318,400 (yearly)",jobspy_indeed,https://www.indeed.com/viewjob?jk=b7801b28fa97b060,"","2026-04-09"
0,"","Spatial Computing Engineer, RealityKit, Vision Products Software","Apple","San Francisco, California","","$181,100 - $272,100 (yearly)",jobspy_indeed,https://www.indeed.com/viewjob?jk=5e22f0f6064fd234,"","2026-04-09"
0,"","Senior Media Applications Engineer, Media, Graphics & Compute Technologies","Apple","San Francisco, California","","$181,100 - $318,400 (yearly)",jobspy_indeed,https://www.indeed.com/viewjob?jk=38a08acff4d639ef,"","2026-04-09"
0,"","Research Engineer - Video Tone Mapping","Apple","San Francisco, California","","$181,100 - $318,400 (yearly)",jobspy_indeed,https://www.indeed.com/viewjob?jk=46ee7d6228422c91,"","2026-04-09"
0,"","Core Audio System Software Engineer, Audio & Media Technologies","Apple","San Francisco, California","","$181,100 - $318,400 (yearly)",jobspy_indeed,https://www.indeed.com/viewjob?jk=222f253c1a6ae35c,"","2026-04-09"
0,"","Video and Imaging Software Engineer, Vision Products Group","Apple","San Francisco, California","","$181,100 - $318,400 (yearly)",jobspy_indeed,https://www.indeed.com/viewjob?jk=04caf1d4260db524,"","2026-04-09"
0,"","Acoustic Testing and Tuning Engineer - Hearing Health","Apple","San Francisco, California","","$126,797 - $220,900 (yearly)",jobspy_indeed,https://www.indeed.com/viewjob?jk=b7ed0b362a30aa97,"","2026-04-09"
0,"","Advanced Manufacturing Engineer - Audio","Apple","San Francisco, California","","$128,400 - $236,700 (yearly)",jobspy_indeed,https://www.indeed.com/viewjob?jk=4f5f54909fe6540f,"","2026-04-09"
0,"","Audio Software Test Engineer - Airpods","Apple","San Francisco, California","","$118,500 - $244,100 (yearly)",jobspy_indeed,https://www.indeed.com/viewjob?jk=c90caac7ee79c967,"","2026-04-09"
0,"","Regional Engineer","iHeartMedia","Seattle, Washington","","$32 - $40 (hourly)",jobspy_indeed,https://www.indeed.com/viewjob?jk=533604de1759e7c0,"","2026-04-14"
0,"","Lead Audio Visual Field Technician","EOS IT Solutions","Seattle, Washington","","$80,000 - $110,000 (yearly)",jobspy_indeed,https://www.indeed.com/viewjob?jk=42294b17eadcacc2,"","2026-04-13"
0,"","Tier 2 Audio Visual Field Technician","EOS IT Solutions","Seattle, Washington","","$32 - $41 (hourly)",jobspy_indeed,https://www.indeed.com/viewjob?jk=c5e251f6c6618b36,"","2026-04-13"
0,"","AIML - Machine Learning Engineer - Computer Vision & Audio, MIND","Apple","Seattle, Washington","","$139,500 - $258,100 (yearly)",jobspy_indeed,https://www.indeed.com/viewjob?jk=39c0dc8cff9f663d,"","2026-04-09"
0,"","Audio Visual Field Technician","OfficePro, Inc.","Boston, Massachusetts","","$40 - $45 (hourly)",jobspy_indeed,https://www.indeed.com/viewjob?jk=70ff9f9e7f675820,"","2026-04-16"
0,"","AV Senior Field Engineer (SFE)","Diversified","Boston, Massachusetts","","$117,270 - $143,330 (yearly)",jobspy_indeed,https://www.indeed.com/viewjob?jk=a33e6e1067f509fe,"","2026-04-15"
0,"","Audio Engineer, Sound Innovation New","Real Chemistry","Boston, Massachusetts","","$100,000 - $115,000 (yearly)",jobspy_indeed,https://www.indeed.com/viewjob?jk=e5b426361b058bca,"","2026-04-15"
0,"","Sound person set up / break down DJ sound and get to DJ","Groove Events","Boston, Massachusetts","","",jobspy_indeed,https://www.indeed.com/viewjob?jk=ef8c527e67a907ed,"","2026-04-15"
0,"","Onsite AV Support Technician","AVI-SPL","Boston, Massachusetts","","$26 - $37 (hourly)",jobspy_indeed,https://www.indeed.com/viewjob?jk=efc07d7b641b0762,"","2026-04-13"
0,"","Acoustic Signal Processing Engineer","Draper","Boston, Massachusetts","","$75,000 - $150,000 (yearly)",jobspy_indeed,https://www.indeed.com/viewjob?jk=cbf2f4a270a79d5b,"","2026-04-13"
0,"","Video and Audio Engineer","MilliporeSigma","Boston, Massachusetts","","$76,200 - $114,300 (yearly)",jobspy_indeed,https://www.indeed.com/viewjob?jk=d4eda56564deebeb,"","2026-04-10"
0,"","Event Technician, Audio Visual - Renaissance Boston Patriot Place","Encore Global","Boston, Massachusetts","","$17 - $22 (hourly)",jobspy_indeed,https://www.indeed.com/viewjob?jk=0ad073ee6258d4d9,"","2026-04-09"
0,"","Associate AV and Events Technician","Pegasystems","Boston, Massachusetts","","$60,400 - $90,300 (yearly)",jobspy_indeed,https://www.indeed.com/viewjob?jk=8b32531c4b19a71c,"","2026-04-09"
0,"","Live audio engineer and A2","Avalon Hollywood","Los Angeles, California","","$20 - $30 (hourly)",jobspy_indeed,https://www.indeed.com/viewjob?jk=03b3e72ade2e9d03,"","2026-04-16"
0,"","Audio Technician 1 (Part-Time Over-Hire)","American Musical and Dramatic Academy","Los Angeles, California","","$30 - $33 (hourly)",jobspy_indeed,https://www.indeed.com/viewjob?jk=3609b4f273e6cc6c,"","2026-04-15"
0,"","AV Onsite Technician","Kinly","Los Angeles, California","","$70,000 - $85,000 (yearly)",jobspy_indeed,https://www.indeed.com/viewjob?jk=4228786179be08e0,"","2026-04-15"
0,"","Event Lighting & Audio & Visual Technicians for Event Productions Company","Sky Lighting Productions","Los Angeles, California","","$150 - $350 (daily)",jobspy_indeed,https://www.indeed.com/viewjob?jk=9ce4208950b8fcb1,"","2026-04-15"
0,"","Shop worker and Manager for Event Lighting and Audio Productions","Sky Lighting Productions","Los Angeles, California","","$18 - $22 (hourly)",jobspy_indeed,https://www.indeed.com/viewjob?jk=9ca45be76db4ff08,"","2026-04-15"
0,"","Broadcast Infrastructure Technician","SiriusXM","Los Angeles, California","","$62,000 - $99,900 (yearly)",jobspy_indeed,https://www.indeed.com/viewjob?jk=b488fbd7eadf7e3c,"","2026-04-14"
0,"","Broadcast Infrastructure Technician","adswizz","Los Angeles, California","","$62,000 - $99,900 (yearly)",jobspy_indeed,https://www.indeed.com/viewjob?jk=e66c502da85cf1a8,"","2026-04-14"
0,"","Broadcast Operations & Engineering Manager","CBS News and Stations","Los Angeles, California","","$140,000 - $150,000 (yearly)",jobspy_indeed,https://www.indeed.com/viewjob?jk=2fae81848d73ab38,"","2026-04-14"
0,"","AV Project Engineer","Cal Coast Telecom","Los Angeles, California","","$100,000 - $130,000 (yearly)",jobspy_indeed,https://www.indeed.com/viewjob?jk=fe5f31ee68577ee7,"","2026-04-14"
0,"","Event Technician (Part Time Casual), Audio Visual - Hotel Indigo Los Angeles Downtown","Encore Global","Los Angeles, California","","$23 - $24 (hourly)",jobspy_indeed,https://www.indeed.com/viewjob?jk=a414d2ebbe104dc6,"","2026-04-13"
0,"","Onsite AV Support Technician II","AVI-SPL","Los Angeles, California","","$31 - $40 (hourly)",jobspy_indeed,https://www.indeed.com/viewjob?jk=6b0620e6521697a3,"","2026-04-13"
0,"","Audio Engineer","Live Nation","Los Angeles, California","","$16 - $20 (hourly)",jobspy_indeed,https://www.indeed.com/viewjob?jk=87e142dd6d631b7b,"","2026-04-13"
0,"","Non Union Stagehand","Live Nation","Los Angeles, California","","$16 - $20 (hourly)",jobspy_indeed,https://www.indeed.com/viewjob?jk=70f59b4ebdc0ac6c,"","2026-04-13"
0,"","Apprentice Audio Video Technician","CONNECTED SYSTEMS, LLC","Los Angeles, California","","$25 - $28 (hourly)",jobspy_indeed,https://www.indeed.com/viewjob?jk=38fc353c17b05a9c,"","2026-04-13"
0,"","Board Operator","iHeartMedia","Los Angeles, California","","$17 - $18 (hourly)",jobspy_indeed,https://www.indeed.com/viewjob?jk=931572903e47191e,"","2026-04-13"
0,"","Acoustics DSP Engineer","Apple","Los Angeles, California","","$139,500 - $258,100 (yearly)",jobspy_indeed,https://www.indeed.com/viewjob?jk=cd96ca74d652f2b6,"","2026-04-11"
0,"","Event Operations Supervisor - Torrance Marriott Redondo Beach","Encore Global","Los Angeles, California","","$28 - $29 (hourly)",jobspy_indeed,https://www.indeed.com/viewjob?jk=9cabc97b9568bb0d,"","2026-04-10"
0,"","Audio Video Technician","Trabuco Presbyterian Church","Los Angeles, California","","$20 - $25 (hourly)",jobspy_indeed,https://www.indeed.com/viewjob?jk=d6063324222f2df3,"","2026-04-10"
0,"","Audio Visual Lead Technician","Caltek Technologies, Inc.","Los Angeles, California","","$35 - $45 (hourly)",jobspy_indeed,https://www.indeed.com/viewjob?jk=71780f420948c8c5,"","2026-04-10"
0,"","Broadcast Maintenance Engineering Lead","Apple","Los Angeles, California","","$163,300 - $245,800 (yearly)",jobspy_indeed,https://www.indeed.com/viewjob?jk=f0002b2013dc1d71,"","2026-04-09"
0,"","Sr Live Stream Broadcast Systems Engineer - AppleTV","Apple","Los Angeles, California","","$171,600 - $302,200 (yearly)",jobspy_indeed,https://www.indeed.com/viewjob?jk=08ab0b8b5d22595f,"","2026-04-09"
0,"","Freelance Audio Visual Technician","A-V SERVICES INC.","Los Angeles, California","","",jobspy_indeed,https://www.indeed.com/viewjob?jk=4223144df54733ad,"","2026-04-09"
0,"","Studio Engineer","nan","Washington, DC","","$1 - $1,000,000,000 (yearly)",jobspy_indeed,https://www.indeed.com/viewjob?jk=47fd802f01396268,"","2026-04-16"
0,"","AV Field Engineer 3 - Tysons, VA","M.C. Dean, Inc.","Washington, DC","","",jobspy_indeed,https://www.indeed.com/viewjob?jk=49901b84d69500c3,"","2026-04-15"
0,"","Electrical Superintendent","M.C. Dean, Inc.","Washington, DC","","",jobspy_indeed,https://www.indeed.com/viewjob?jk=8f87154a50e73b25,"","2026-04-15"
0,"","Control Technician 1","M.C. Dean, Inc.","Washington, DC","","",jobspy_indeed,https://www.indeed.com/viewjob?jk=6a25ae685fa6311c,"","2026-04-13"
0,"","Stationary Operations Engineer 1 - Bethesda, MD","M.C. Dean, Inc.","Washington, DC","","",jobspy_indeed,https://www.indeed.com/viewjob?jk=b37b5a58ab434eef,"","2026-04-13"
0,"","Service Desk Engineer/AV support","Leidos","Washington, DC","","$82,550 - $149,225 (yearly)",jobspy_indeed,https://www.indeed.com/viewjob?jk=6624ab7002b4bb48,"","2026-04-15"
0,"","AV Engineer","AGE Solutions","Washington, DC","","",jobspy_indeed,https://www.indeed.com/viewjob?jk=156dabb60a79a587,"","2026-04-15"
0,"","Freelance Audio Visual Technicians","Projection Presentation Technology","Washington, DC","","$25 - $60 (hourly)",jobspy_indeed,https://www.indeed.com/viewjob?jk=4b73262929eeb577,"","2026-04-15"
0,"","Audio Visual Technician","Daly Computers, Inc.","Washington, DC","","$22 - $30 (hourly)",jobspy_indeed,https://www.indeed.com/viewjob?jk=653cc3097ee47deb,"","2026-04-15"
0,"","Director, AudioVisual - Washington, DC (127)","Five-Star Audio Visual","Washington, DC","","$70,000 - $75,000 (yearly)",jobspy_indeed,https://www.indeed.com/viewjob?jk=803b1d7ffff71d11,"","2026-04-14"
0,"","Senior Loads & Dynamics Engineer – Vibrations & Acoustics","Electra Aero","Washington, DC","","",jobspy_indeed,https://www.indeed.com/viewjob?jk=815b74bf3da8a98e,"","2026-04-14"
0,"","Senior Technician Broadcast Operations Center","SiriusXM","Washington, DC","","$64,200 - $95,000 (yearly)",jobspy_indeed,https://www.indeed.com/viewjob?jk=53c544111d7e7e59,"","2026-04-13"
0,"","Technician, Broadcast Operations Center","SiriusXM","Washington, DC","","$74,500 - $97,900 (yearly)",jobspy_indeed,https://www.indeed.com/viewjob?jk=7e68da3247965a1b,"","2026-04-13"
0,"","AV Production Assistant (Events + Warehouse Support)","Wizer Productions","Washington, DC","","",jobspy_indeed,https://www.indeed.com/viewjob?jk=26eb01da5da5a463,"","2026-04-13"
0,"","Event Production Lead (Weekend Role)","Wizer Productions","Washington, DC","","",jobspy_indeed,https://www.indeed.com/viewjob?jk=eec1c2a14eab07a9,"","2026-04-13"
0,"","Technician, Broadcast Operations Center","adswizz","Washington, DC","","$74,500 - $97,900 (yearly)",jobspy_indeed,https://www.indeed.com/viewjob?jk=6b729d340438ac13,"","2026-04-13"
0,"","Senior Technician Broadcast Operations Center","adswizz","Washington, DC","","$64,200 - $95,000 (yearly)",jobspy_indeed,https://www.indeed.com/viewjob?jk=141565e8b8516b2c,"","2026-04-13"
0,"","Vice President, AV Technician/Engineer","BNY","Washington, DC","","$68,000 - $175,000 (yearly)",jobspy_indeed,https://www.indeed.com/viewjob?jk=62b07ede20c149d2,"","2026-04-09"
0,"","Engineering Operations Technician – PT","The Hearst Corporation","Washington, DC","","$22 - $26 (hourly)",jobspy_indeed,https://www.indeed.com/viewjob?jk=71d98eeef4ffe200,"","2026-04-09"
0,"","Broadcast Operations Technician - FT","The Hearst Corporation","Washington, DC","","$46,694 - $54,871 (yearly)",jobspy_indeed,https://www.indeed.com/viewjob?jk=d973fc7078ff2d8a,"","2026-04-09"
0,"","Freelance Audio Technician","Fox Corporation","Washington, DC","","$45 - $55 (hourly)",jobspy_indeed,https://www.indeed.com/viewjob?jk=9575d47e423b4f19,"","2026-04-09"
0,"","AV Manager","Sodexo Live!","Washington, DC","","$55,000 - $65,000 (yearly)",jobspy_indeed,https://www.indeed.com/viewjob?jk=b9b83e04bb1eda49,"","2026-04-09"
0,"","Mid-Level AV Technician","Immersive Concepts LLC","Washington, DC","","$60,000 - $80,000 (yearly)",jobspy_indeed,https://www.indeed.com/viewjob?jk=337c295ec4fca8cd,"","2026-04-09"
0,"","Studio Tech - Freelance","C-SPAN","Washington, DC","","$24 - $35 (hourly)",jobspy_indeed,https://www.indeed.com/viewjob?jk=84b603fd2634a486,"","2026-04-06"
0,"","Lead A/V Technician","JSC Systems","United States","","$28 - $35 (hourly)",jobspy_indeed,https://www.indeed.com/viewjob?jk=0ed4fd47ffb97bf3,"","2026-04-16"
0,"","Audio Video Technician","iVideo Technologies","United States","","$20 - $30 (hourly)",jobspy_indeed,https://www.indeed.com/viewjob?jk=47ff51f1c7cce343,"","2026-04-16"
0,"","GRAY MEDIA TRAINING PROGRAM SUMMER '26 (ENGINEERING) - WBTV","GRAY MEDIA","United States","","",jobspy_indeed,https://www.indeed.com/viewjob?jk=459bfb58d8c58f28,"","2026-04-16"
0,"","AV Support Technician","MOHICAN NORTH STAR CASINO","United States","","",jobspy_indeed,https://www.indeed.com/viewjob?jk=9144dc9fe8ec20a7,"","2026-04-16"
0,"","Research Scientist Graduate (Multimedia Standards) - Global Tech Research Program - 2027 Start (PhD)","ByteDance","United States","","$202,160 - $427,500 (yearly)",jobspy_indeed,https://www.indeed.com/viewjob?jk=4f34e222386bfdd0,"","2026-04-16"
0,"","Webcast Engineer","Optum","United States","","$72,800 - $130,000 (yearly)",jobspy_indeed,https://www.indeed.com/viewjob?jk=321bfba3ce201129,"","2026-04-16"
0,"","Audio Visual Systems Engineer","Ares Enterprise","United States","","",jobspy_indeed,https://www.indeed.com/viewjob?jk=8b812576837ab44d,"","2026-04-16"
0,"","A/V Technician","IES HOLDINGS","United States","","",jobspy_indeed,https://www.indeed.com/viewjob?jk=fe6fa2cc98ee386c,"","2026-04-16"
0,"","Security Systems Programmer","IES HOLDINGS","United States","","",jobspy_indeed,https://www.indeed.com/viewjob?jk=d099aa3b29f6d767,"","2026-04-13"
0,"","Studio Tech","nan","United States","","",jobspy_indeed,https://www.indeed.com/viewjob?jk=d0caf0051b12a8d9,"","2026-04-16"
0,"","Window Tint Installer","nan","United States","","",jobspy_indeed,https://www.indeed.com/viewjob?jk=28cd10815879f67f,"","2026-04-16"
0,"","Stage Hand","nan","United States","","",jobspy_indeed,https://www.indeed.com/viewjob?jk=5455366f6a54f67e,"","2026-04-02"
0,"","Auto Repair Tech / Mechanic","nan","United States","","",jobspy_indeed,https://www.indeed.com/viewjob?jk=5abe0042e64e576c,"","2026-04-16"
0,"","Network Origination Operator I (Master Control Operator)","nan","United States","","",jobspy_indeed,https://www.indeed.com/viewjob?jk=5d064b9959e37c79,"","2026-04-16"
0,"","Live Stream Production Intern","nan","United States","","",jobspy_indeed,https://www.indeed.com/viewjob?jk=9a21d9c5f33e82cf,"","2026-04-13"
0,"","Convention Services / Assistant AV Lead","The Ohio State University","United States","","",jobspy_indeed,https://www.indeed.com/viewjob?jk=462f3057a062d865,"","2026-04-15"
0,"","AV Design Engineer 3 - Fayetteville, NC","M.C. Dean, Inc.","United States","","",jobspy_indeed,https://www.indeed.com/viewjob?jk=456bb36653d945e6,"","2026-04-15"
0,"","Electronics Technician 3 (N) – Key West, FL","M.C. Dean, Inc.","United States","","",jobspy_indeed,https://www.indeed.com/viewjob?jk=302f52aabe9fcc4e,"","2026-04-15"
0,"","Senior Audiovisual and Event Support Technician","Expedia Group","United States","","$87,000 - $139,000 (yearly)",jobspy_indeed,https://www.indeed.com/viewjob?jk=57f1dfab75342e4b,"","2026-04-15"
0,"","CHG - IT - AV Technician","Circa Las Vegas","United States","","",jobspy_indeed,https://www.indeed.com/viewjob?jk=1a865c5746709fba,"","2026-04-15"
0,"","AV Senior Field Engineer (SFE)","Diversified","United States","","$117,270 - $143,330 (yearly)",jobspy_indeed,https://www.indeed.com/viewjob?jk=31b7c50d6c8e95a2,"","2026-04-15"
0,"","AV Design Engineer","JKL Technologies, Inc.","Remote","","$70,000 - $90,000 (yearly)",jobspy_indeed,https://www.indeed.com/viewjob?jk=6f9bf2c4c2050116,"","2026-04-14"
0,"","Audio Lead, Games Studio","Netflix","Remote","","$200,000 - $280,000 (yearly)",jobspy_indeed,https://www.indeed.com/viewjob?jk=db28deb671d18d11,"","2026-04-10"
0,"","Inside AV Sales Engineer","Amplify People","Remote","","$90,000 - $110,000 (yearly)",jobspy_indeed,https://www.indeed.com/viewjob?jk=98e9eb40218b69ec,"","2026-04-07"
0,"","CMS Project Manager","Johnson Controls","Chicago, Illinois","","$130,000 - $165,000 (yearly)",jobspy_indeed,https://www.indeed.com/viewjob?jk=0af9956e9e14aaad,"","2026-04-16"
0,"","CMS Project Executive","Johnson Controls","Chicago, Illinois","","$126,000 - $168,000 (yearly)",jobspy_indeed,https://www.indeed.com/viewjob?jk=e62d7247e1959ada,"","2026-04-16"
0,"","Desktop Support Technician","Ovation Workplace services","New York, New York","","$35,000 - $49,000 (yearly)",jobspy_indeed,https://www.indeed.com/viewjob?jk=9f6ad054306fd87d,"","2026-04-14"
0,"","IT Projects Lead (Office Moves & Deployments)","Techary","New York, New York","","",jobspy_indeed,https://www.indeed.com/viewjob?jk=143b5d0f44205039,"","2026-04-14"
0,"","Sr. AV Project Manager","BTI Solutions","New York, New York","","",jobspy_indeed,https://www.indeed.com/viewjob?jk=5c62854c1bc64b17,"","2026-04-13"
0,"","Multimedia and Technology Manager","GUARDIAN NEWS & MEDIA","New York, New York","","$90,000 - $120,000 (yearly)",jobspy_indeed,https://www.indeed.com/viewjob?jk=943b7ff6d47091f0,"","2026-04-13"
0,"","Project Engineer","AVI-SPL","New York, New York","","$75,000 - $93,000 (yearly)",jobspy_indeed,https://www.indeed.com/viewjob?jk=f1380cf82085fbce,"","2026-04-10"
0,"","Senior Construction Project Manager","Fletcher Development LLC","New York, New York","","",jobspy_indeed,https://www.indeed.com/viewjob?jk=9ea95c1f6df6cdde,"","2026-04-10"
0,"","EUC Engineer","Hachette Livre","New York, New York","","$75,000 - $85,000 (yearly)",jobspy_indeed,https://www.indeed.com/viewjob?jk=ff524f39638557fe,"","2026-04-09"
0,"","Systems Engineer III (Operations Support)","AeroVironment","San Francisco, California","","$100,500 - $142,275 (yearly)",jobspy_indeed,https://www.indeed.com/viewjob?jk=873eae2e1f9ab55b,"","2026-04-15"
0,"","Deskside Support Engineer","Cognizant","San Francisco, California","","$50,000 - $59,000 (yearly)",jobspy_indeed,https://www.indeed.com/viewjob?jk=20c4d13bc36d713c,"","2026-04-15"
0,"","Project Controls Specialist","Cushman & Wakefield","San Francisco, California","","$171,730 - $202,036 (yearly)",jobspy_indeed,https://www.indeed.com/viewjob?jk=02ece0e2338ad6f5,"","2026-04-15"
0,"","Information Systems Analyst (7309U) - Astronomy","University of California Berkeley","San Francisco, California","","$7,625 - $125,000 (yearly)",jobspy_indeed,https://www.indeed.com/viewjob?jk=2ee5b646b0266728,"","2026-04-14"
0,"","Strategic Sourcing Manager Electronic Components","Waymo","San Francisco, California","","$196,000 - $248,000 (yearly)",jobspy_indeed,https://www.indeed.com/viewjob?jk=e4288edaea67b94e,"","2026-04-14"
0,"","Staff Software Engineer / Technical Lead Manager - Mapping","Waymo","San Francisco, California","","$238,000 - $302,000 (yearly)",jobspy_indeed,https://www.indeed.com/viewjob?jk=7fda0a92e3c01c98,"","2026-04-14"
0,"","Software Engineer, Applied Machine Learning, Planner Technology","Waymo","San Francisco, California","","$170,000 - $216,000 (yearly)",jobspy_indeed,https://www.indeed.com/viewjob?jk=f130490d0b0872ed,"","2026-04-14"
0,"","Senior Software Triage Engineer - Autonomous Vehicles","NVIDIA","San Francisco, California","","$152,000 - $253,000 (yearly)",jobspy_indeed,https://www.indeed.com/viewjob?jk=553d1a4344af2dea,"","2026-04-13"
0,"","Senior Software Test Engineer, L3 and L4 - Autonomous Driving","NVIDIA","San Francisco, California","","$200,000 - $322,000 (yearly)",jobspy_indeed,https://www.indeed.com/viewjob?jk=0d7eeee8ad3f9f58,"","2026-04-13"
0,"","Microsoft 365 L3 Engineer (Remote in US)","Cognizant","San Francisco, California","","$75,000 - $131,000 (yearly)",jobspy_indeed,https://www.indeed.com/viewjob?jk=c98918cea4c1f56b,"","2026-04-13"
0,"","ML Engineer, Foundation Model Infrastructure","Waymo","San Francisco, California","","$204,000 - $259,000 (yearly)",jobspy_indeed,https://www.indeed.com/viewjob?jk=200dc353f5b6143d,"","2026-04-11"
0,"","V&V Test Engineer","Applied Intuition","San Francisco, California","","$126,000 - $147,000 (yearly)",jobspy_indeed,https://www.indeed.com/viewjob?jk=b9807cd7870ac635,"","2026-04-10"
0,"","Senior Software Engineer - Developer Experience - AV Labs","Uber","San Francisco, California","","$202,000 - $224,000 (yearly)",jobspy_indeed,https://www.indeed.com/viewjob?jk=e3f208669ee7efe0,"","2026-04-10"
0,"","Sr. Staff Software Engineer, Pose, Localization & Calibration, Autonomy","Rivian","San Francisco, California","","",jobspy_indeed,https://www.indeed.com/viewjob?jk=cb9743e0b1fbb004,"","2026-03-30"
0,"","Field Service Technician - Hayward, CA","Rivian","San Francisco, California","","",jobspy_indeed,https://www.indeed.com/viewjob?jk=c655ced13f8b3079,"","2026-04-09"
0,"","Senior Manager, Security Platform Engineering (Hybrid - Seattle)","Nordstrom","Seattle, Washington","","$191,000 - $297,000 (yearly)",jobspy_indeed,https://www.indeed.com/viewjob?jk=5cee3e5d1878ffa1,"","2026-04-13"
0,"","Project Manager","BLS (Bellevue Lighting + Stage)","Seattle, Washington","","$28 - $35 (hourly)",jobspy_indeed,https://www.indeed.com/viewjob?jk=858dea404d1d347d,"","2026-04-13"
0,"","Project Manager (High-End Resi AV, Lighting, Shading, Control)","Madrona Digital","Seattle, Washington","","$85,000 - $125,000 (yearly)",jobspy_indeed,https://www.indeed.com/viewjob?jk=1c42f77a56be2c07,"","2026-04-10"
0,"","Installation Technician II","AVI-SPL","Boston, Massachusetts","","$28 - $35 (hourly)",jobspy_indeed,https://www.indeed.com/viewjob?jk=3943abb83425d251,"","2026-04-13"
0,"","Service Desk Technician (Tier 1)","Accelerari Consulting, LLC","Boston, Massachusetts","","$57,000 - $72,000 (yearly)",jobspy_indeed,https://www.indeed.com/viewjob?jk=47322d6db69c02a1,"","2026-04-11"
0,"","Desktop Support Engineer","oneZero Financial Systems","Boston, Massachusetts","","$65,000 - $85,000 (yearly)",jobspy_indeed,https://www.indeed.com/viewjob?jk=722122b09f3e0225,"","2026-04-09"
0,"","Medical Equipment Planner","nan","Los Angeles, California","","$60,000 - $100,000 (yearly)",jobspy_indeed,https://www.indeed.com/viewjob?jk=4ec698cbc1533916,"","2026-04-15"
0,"","Network Engineer","FANATICS COLLECTIBLES","Los Angeles, California","","$90,400 - $113,000 (yearly)",jobspy_indeed,https://www.indeed.com/viewjob?jk=2702f4f96a1a6651,"","2026-04-14"
0,"","Field Systems Administrator - Desktop Support","Atomic Technology Solutions","Los Angeles, California","","",jobspy_indeed,https://www.indeed.com/viewjob?jk=5ad680d01c0a2768,"","2026-04-13"
0,"","AV Support Lead","Omnicom Group","Los Angeles, California","","$60,000 - $65,000 (yearly)",jobspy_indeed,https://www.indeed.com/viewjob?jk=6c83d5ecc912dd96,"","2026-04-13"
0,"","Systems Engineer I","AeroVironment","Los Angeles, California","","$66,500 - $94,500 (yearly)",jobspy_indeed,https://www.indeed.com/viewjob?jk=4ddfed8dbdb25e7f,"","2026-04-10"
0,"","Project Manager I","George Mason University","Washington, DC","","",jobspy_indeed,https://www.indeed.com/viewjob?jk=5dda88680529d6d7,"","2026-04-16"
0,"","Systems Engineer","MANTECH","Washington, DC","","",jobspy_indeed,https://www.indeed.com/viewjob?jk=94e534440768abf5,"","2026-04-15"
0,"","IT Network Manager","National Public Radio","Washington, DC","","$158,500 - $180,000 (yearly)",jobspy_indeed,https://www.indeed.com/viewjob?jk=5da0b1be34b73446,"","2026-04-15"
0,"","Project Engineer II","Pavion","Washington, DC","","$75,000 - $115,000 (yearly)",jobspy_indeed,https://www.indeed.com/viewjob?jk=8ceb98581089a2f0,"","2026-04-15"
0,"","Senior Systems Engineer","AeroVironment","Washington, DC","","$125,000 - $219,500 (yearly)",jobspy_indeed,https://www.indeed.com/viewjob?jk=f84719f62f8f547f,"","2026-04-15"
0,"","IT Network Manager","NPR","Washington, DC","","$158,500 - $180,000 (yearly)",jobspy_indeed,https://www.indeed.com/viewjob?jk=6f29fc6f976bb41c,"","2026-04-15"
0,"","Virtualization Engineer","AeroVironment","Washington, DC","","$102,000 - $255,000 (yearly)",jobspy_indeed,https://www.indeed.com/viewjob?jk=f5d8873734a35ec1,"","2026-04-14"
0,"","Software Engineer (Full Stack)","AeroVironment","Washington, DC","","$102,000 - $160,650 (yearly)",jobspy_indeed,https://www.indeed.com/viewjob?jk=417b2706ed12944f,"","2026-04-14"
0,"","Software Test Engineer (QA Analyst)","AeroVironment","Washington, DC","","$83,500 - $208,750 (yearly)",jobspy_indeed,https://www.indeed.com/viewjob?jk=14c3537ade9913c0,"","2026-04-14"
0,"","Principal / Sr. Principal Cyber Systems Engineer","Northrop Grumman","Washington, DC","","$125,300 - $234,600 (yearly)",jobspy_indeed,https://www.indeed.com/viewjob?jk=6da7778d8cbd2b27,"","2026-04-13"
0,"","Manufacturing Engineer - Space Systems","AeroVironment","Washington, DC","","$85,500 - $121,275 (yearly)",jobspy_indeed,https://www.indeed.com/viewjob?jk=38f241e4772302d5,"","2026-04-13"
0,"","Windows CNO Developer (BZ)","Legato, LLC","Washington, DC","","",jobspy_indeed,https://www.indeed.com/viewjob?jk=b9c5e323b8b2dd34,"","2026-04-13"
0,"","SME Cyber Analyst/Network Engineer707 CSS","Quick Services LLC","Washington, DC","","",jobspy_indeed,https://www.indeed.com/viewjob?jk=0bd4f7a82861c2dd,"","2026-04-13"
0,"","Senior Technical Product Manager","Forterra","Washington, DC","","$145,000 - $165,000 (yearly)",jobspy_indeed,https://www.indeed.com/viewjob?jk=31aee2655c055330,"","2026-04-13"
0,"","Sr IT Infrastructure Engineer - Network Cabling","WSSC Water","Washington, DC","","$108,233 - $184,288 (yearly)",jobspy_indeed,https://www.indeed.com/viewjob?jk=e8899c70173e4bb7,"","2026-04-09"
0,"","Software Engineer","AeroVironment","Washington, DC","","$91,000 - $129,150 (yearly)",jobspy_indeed,https://www.indeed.com/viewjob?jk=8d39cb086366204b,"","2026-04-09"
0,"","Audio Visual System Administrator Tier 2","BAE Systems USA","Washington, DC","","$64,926 - $110,374 (yearly)",jobspy_indeed,https://www.indeed.com/viewjob?jk=0674f5767fe356c9,"","2026-04-09"
0,"","Consultant, AV","PMY Group","United States","","",jobspy_indeed,https://www.indeed.com/viewjob?jk=8f9ec6aea8d93d90,"","2026-04-16"
0,"","CMS Project Manager","Johnson Controls","United States","","$130,000 - $165,000 (yearly)",jobspy_indeed,https://www.indeed.com/viewjob?jk=67eee18245baf96e,"","2026-04-16"
0,"","CMS Project Executive","Johnson Controls","United States","","$130,000 - $165,000 (yearly)",jobspy_indeed,https://www.indeed.com/viewjob?jk=c1ce8e9fac97aca9,"","2026-04-16"
0,"","Advanced Systems Administration Specialist","General Dynamics Mission Systems","United States","","$111,881 - $121,059 (yearly)",jobspy_indeed,https://www.indeed.com/viewjob?jk=b2f6010fad086aed,"","2026-04-15"
0,"","Engineer (EX)","MasTec Inc","United States","","",jobspy_indeed,https://www.indeed.com/viewjob?jk=9b45f487a8a5761b,"","2026-04-15"
0,"","HSE Specialist","MasTec Inc","United States","","",jobspy_indeed,https://www.indeed.com/viewjob?jk=55609afa213b690f,"","2026-04-15"
0,"","Senior Project Engineer - Electrical","MSA Professional Services, Inc.","United States","","$88,800 - $142,100 (yearly)",jobspy_indeed,https://www.indeed.com/viewjob?jk=62a3b93999b4ba2c,"","2026-04-15"
0,"","Sr. Financial Analyst","Legrand","United States","","",jobspy_indeed,https://www.indeed.com/viewjob?jk=ac53298d280484fc,"","2026-04-15"
0,"","Lead AV Tech","American Sound","United States","","$30 - $33 (hourly)",jobspy_indeed,https://www.indeed.com/viewjob?jk=f88d7b75f1c805cd,"","2026-04-15"
0,"","AC Hotel Dallas Downtown - Engineer Lead","Aimbridge Hospitality","United States","","",jobspy_indeed,https://www.indeed.com/viewjob?jk=dbacb280fed20cb0,"","2026-03-17"
0,"","Head of Infrastructure","Moove","Remote","","",jobspy_indeed,https://www.indeed.com/viewjob?jk=9674d6d2122fe96f,"","2026-04-10"
0,"","Desktop Support Engineer","Source Code","Remote","","$55,000 - $65,000 (yearly)",jobspy_indeed,https://www.indeed.com/viewjob?jk=2db7a3b45215dc88,"","2026-04-10"
0,"","ABC News Product Management and Engineering Intern, Summer/Fall 2026","ABC News","New York, New York","","",jobspy_indeed,https://www.indeed.com/viewjob?jk=68b323cb41de8115,"","2026-04-15"
0,"","Lead Engineer, Production Platforms","PARAMOUNT","New York, New York","","$155,000 - $160,000 (yearly)",jobspy_indeed,https://www.indeed.com/viewjob?jk=a7da3ea57bd80646,"","2026-04-14"
0,"","ABC News Product Management and Engineering Intern, Summer/Fall 2026","The Walt Disney Company","New York, New York","","",jobspy_indeed,https://www.indeed.com/viewjob?jk=68854bc8718ec7cc,"","2026-04-14"
0,"","Senior Project Engineer - Electrical","CMTA Consulting Engineers","New York, New York","","$80,000 - $105,000 (yearly)",jobspy_indeed,https://www.indeed.com/viewjob?jk=1c5f4dcba7d58691,"","2026-04-12"
0,"","Senior Software Engineer","Major League Baseball (MLB)","New York, New York","","$150,000 - $185,000 (yearly)",jobspy_indeed,https://www.indeed.com/viewjob?jk=7a14d2237c32af40,"","2026-04-10"
0,"","Sr Technical Engineer","PARAMOUNT","New York, New York","","$115,000 - $135,000 (yearly)",jobspy_indeed,https://www.indeed.com/viewjob?jk=79f9540f46e40605,"","2026-04-09"
0,"","Infrastructure DevOps Engineer","MLB Network","New York, New York","","$100,000 - $125,000 (yearly)",jobspy_indeed,https://www.indeed.com/viewjob?jk=66bd17d1208c5889,"","2026-04-09"
0,"","Senior Software Engineer","Major League Baseball","New York, New York","","$150,000 - $185,000 (yearly)",jobspy_indeed,https://www.indeed.com/viewjob?jk=fb58097ec459c69e,"","2026-04-09"
0,"","Principal PMT, Supply Yield, Prime Video Advertising","Amazon.com","New York, New York","","$197,900 - $267,800 (yearly)",jobspy_indeed,https://www.indeed.com/viewjob?jk=04ecf54a86ca0f86,"","2026-03-13"
0,"","Principal Product Manager - Tech, Amazon Games GenAI & Strategic Initiatives","Amazon.com","New York, New York","","$197,900 - $267,800 (yearly)",jobspy_indeed,https://www.indeed.com/viewjob?jk=67e46717847b489c,"","2026-03-24"
0,"","Director, Software Engineering","Blue River Technology","San Francisco, California","","$200,000 - $352,000 (yearly)",jobspy_indeed,https://www.indeed.com/viewjob?jk=9e5fe2d1f3b031fa,"","2026-04-10"
0,"","Specialty Production Broadcast Engineer","FNTECH","San Francisco, California","","$100,000 - $140,000 (yearly)",jobspy_indeed,https://www.indeed.com/viewjob?jk=fc68df08c9d1c0a3,"","2026-04-09"
0,"","Sr. Mgr, Product Mgmt Tech, Fire TV Experience","Amazon.com","San Francisco, California","","$197,900 - $307,900 (yearly)",jobspy_indeed,https://www.indeed.com/viewjob?jk=6a99e6382137b8f2,"","2026-03-07"
0,"","Software Engineer 5 - AndroidTV Platform","Netflix","San Francisco, California","","$388,000 - $558,000 (yearly)",jobspy_indeed,https://www.indeed.com/viewjob?jk=3e3b351ad6d900b5,"","2026-02-11"
0,"","Systems Engineer","Gravity Media","Seattle, Washington","","$90,000 - $100,000 (yearly)",jobspy_indeed,https://www.indeed.com/viewjob?jk=db4e9f2d09bce9f3,"","2026-04-14"
0,"","Software Development Manager, Prime Video - Linear Experience","Amazon.com","Seattle, Washington","","$184,900 - $250,200 (yearly)",jobspy_indeed,https://www.indeed.com/viewjob?jk=cd990d95bf90ae2e,"","2026-04-10"
0,"","Sr. Mgr, Product Mgmt Tech, Fire TV Experience","Amazon.com","Seattle, Washington","","$197,900 - $307,900 (yearly)",jobspy_indeed,https://www.indeed.com/viewjob?jk=6db5eeb14bfb702a,"","2026-03-07"
0,"","Senior Associate, Energy Design Engineering","nan","Los Angeles, California","","$73,000 - $105,000 (yearly)",jobspy_indeed,https://www.indeed.com/viewjob?jk=3e0e64b88471497d,"","2026-04-15"
0,"","Senior Associate, Energy Design Engineering","LA28","Los Angeles, California","","$73,000 - $105,000 (yearly)",jobspy_indeed,https://www.indeed.com/viewjob?jk=5d136dc1bddae1a2,"","2026-04-15"
0,"","Business Applications Administrator","Hallmark Media","Los Angeles, California","","$78,900 - $105,100 (yearly)",jobspy_indeed,https://www.indeed.com/viewjob?jk=82d581a9f3963a9d,"","2026-04-15"
0,"","Senior Network Architect","Fox Corporation","Los Angeles, California","","$160,000 - $213,000 (yearly)",jobspy_indeed,https://www.indeed.com/viewjob?jk=46d4c1667b351dc2,"","2026-04-10"
0,"","Video QA Engineer 3 - FAST Enterprise Distribution - Xumo","Comcast","Los Angeles, California","","$93,180 - $124,240 (yearly)",jobspy_indeed,https://www.indeed.com/viewjob?jk=209329e87e9c3274,"","2026-04-09"
0,"","Media Solutions Engineer II","Hallmark Media","Los Angeles, California","","$98,500 - $133,100 (yearly)",jobspy_indeed,https://www.indeed.com/viewjob?jk=28b2bd8e5373ea58,"","2026-04-09"
0,"","Manager of Media Supply Chain Onboarding","Hallmark Media","Los Angeles, California","","$98,500 - $133,100 (yearly)",jobspy_indeed,https://www.indeed.com/viewjob?jk=fd1ba0b3e7180516,"","2026-04-09"
0,"","AISR Engineer, Senior","Booz Allen Hamilton","Washington, DC","","$112,800 - $257,000 (yearly)",jobspy_indeed,https://www.indeed.com/viewjob?jk=d790a58376cf2d71,"","2026-04-15"
0,"","Temporary Product Manager, Production Planning Tools","NPR","Washington, DC","","$55 - $60 (hourly)",jobspy_indeed,https://www.indeed.com/viewjob?jk=90deecc6c16af7fa,"","2026-04-15"
0,"","Principal PMT, Supply Yield, Prime Video Advertising","Amazon.com","Washington, DC","","$197,900 - $267,800 (yearly)",jobspy_indeed,https://www.indeed.com/viewjob?jk=13ac206c23c10da0,"","2026-03-13"
0,"","Electrical Engineer","Applied Technical Systems, Inc.","United States","","",jobspy_indeed,https://www.indeed.com/viewjob?jk=efae2b5b6f1d234a,"","2026-04-16"
0,"","Cad Operator III","Applied Technical Systems, Inc.","United States","","",jobspy_indeed,https://www.indeed.com/viewjob?jk=2135895d96a07973,"","2026-04-16"
0,"","React CTV Developer","Fox Corporation","United States","","$120,800 - $150,000 (yearly)",jobspy_indeed,https://www.indeed.com/viewjob?jk=8d19f29e7f78092f,"","2026-04-15"
0,"","Camino Implementation Applications Engineer","Daktronics","United States","","$80,000 - $120,000 (yearly)",jobspy_indeed,https://www.indeed.com/viewjob?jk=a8dac42513f5563d,"","2026-04-15"
0,"","Chief Broadcast Engineer","Teton Ridge","United States","","$100,000 - $150,000 (yearly)",jobspy_indeed,https://www.indeed.com/viewjob?jk=ad3d2e2b52de4675,"","2026-04-15"
0,"","Broadcast RF Engineer","Fort Myers Broadcasting","United States","","",jobspy_indeed,https://www.indeed.com/viewjob?jk=0a86bf07a3398776,"","2026-04-15"
0,"","Manager, Technical Support - Content Management","Telestream","United States","","$120,000 - $140,000 (yearly)",jobspy_indeed,https://www.indeed.com/viewjob?jk=bc3ef5810cf1adad,"","2026-04-15"
0,"","Temporary Product Manager, Production Planning Tools","National Public Radio","United States","","$55 - $60 (hourly)",jobspy_indeed,https://www.indeed.com/viewjob?jk=87eead5db846b1a4,"","2026-04-15"
0,"","AVL Engineer","NewSpring Church","United States","","",jobspy_indeed,https://www.indeed.com/viewjob?jk=a8942c39692de877,"","2026-04-15"
0,"","Simulation Technologist - Per Diem - Evenings/Weekends","Unitek Learning","San Francisco, California","","$50 - $55 (hourly)",jobspy_indeed,https://www.indeed.com/viewjob?jk=a19c323301023316,"","2026-04-15"
0,"","IS Client Systems Specialist III (Departmental Promotional Only)","County of San Mateo","San Francisco, California","","$11,594 - $14,490 (monthly)",jobspy_indeed,https://www.indeed.com/viewjob?jk=6cc0bdc5541494a2,"","2026-04-10"
0,"","Classroom Support Technician","Massachusetts College of Pharmacy and Health Sciences","Boston, Massachusetts","","$27 - $30 (hourly)",jobspy_indeed,https://www.indeed.com/viewjob?jk=d66a506bf3cf2815,"","2026-04-15"
0,"","Desktop Technician","Melrose Public Schools","Boston, Massachusetts","","",jobspy_indeed,https://www.indeed.com/viewjob?jk=1a63b2e425ad180f,"","2026-04-14"
0,"","MEDICAL EQUIPMENT PLANNER","Intellibee Inc","Los Angeles, California","","",jobspy_indeed,https://www.indeed.com/viewjob?jk=2ffeac8b1b5046b6,"","2026-04-15"
0,"","GENERAL ENGINEER","Intellibee Inc","Los Angeles, California","","",jobspy_indeed,https://www.indeed.com/viewjob?jk=737668cabbea94ef,"","2026-04-15"
0,"","Communications Superintendent 1 - DMV","M.C. Dean, Inc.","Washington, DC","","$104,240 - $156,360 (yearly)",jobspy_indeed,https://www.indeed.com/viewjob?jk=9f02181b82b33478,"","2026-04-15"
0,"","Project Manager","Instrata Technologies, LLC.","Washington, DC","","",jobspy_indeed,https://www.indeed.com/viewjob?jk=ba2c6982a6bbbdc7,"","2026-04-14"
0,"","HVAC Technician 1 - Washington Metro Area","M.C. Dean, Inc.","Washington, DC","","$25 - $35 (hourly)",jobspy_indeed,https://www.indeed.com/viewjob?jk=c69a0806e8da4986,"","2026-04-13"
0,"","HVAC Technician 3 - Washington Metro Area","M.C. Dean, Inc.","Washington, DC","","$40 - $55 (hourly)",jobspy_indeed,https://www.indeed.com/viewjob?jk=965d317e81afcc3f,"","2026-04-13"
0,"","Plumber 2 - Washington Metro Area","M.C. Dean, Inc.","Washington, DC","","$35 - $42 (hourly)",jobspy_indeed,https://www.indeed.com/viewjob?jk=c83841fbcb50a0ce,"","2026-04-13"
0,"","HVAC Technician 2 - Washington Metro Area","M.C. Dean, Inc.","Washington, DC","","$30 - $45 (hourly)",jobspy_indeed,https://www.indeed.com/viewjob?jk=c83f452c0d5b223b,"","2026-04-13"
0,"","Simulation Lab Tech - Simulation Center - Full-time","Rush University Medical Center","United States","","$23 - $32 (hourly)",jobspy_indeed,https://www.indeed.com/viewjob?jk=66eca83a759207ff,"","2026-04-16"
0,"","Low Voltage Technician","Redpoint Audiovisual","United States","","",jobspy_indeed,https://www.indeed.com/viewjob?jk=f4231ffda1ba2bf6,"","2026-04-16"
0,"","Event Technician","Lighting & Sound","United States","","$22 - $26 (hourly)",jobspy_indeed,https://www.indeed.com/viewjob?jk=b70a841207a3d215,"","2026-04-16"
0,"","Onsite Support Technician","AVI-SPL","United States","","",jobspy_indeed,https://www.indeed.com/viewjob?jk=5d3e71c43352fb92,"","2026-04-15"
0,"","Simulation Education Coordinator - Herbert Wertheim College of Medicine","Florida International University","United States","","$38,000 - $40,000 (yearly)",jobspy_indeed,https://www.indeed.com/viewjob?jk=eb62aaa0899c19b1,"","2026-04-15"
0,"","MANUFACTURING TECHNICIAN III, RFO - 4th Shift","TE Connectivity","United States","","$55,200 - $82,800 (yearly)",jobspy_indeed,https://www.indeed.com/viewjob?jk=d6ace4302e82cbda,"","2026-04-15"
0,"","AV Design Engineer","American Sound","United States","","$85,000 - $110,000 (yearly)",jobspy_indeed,https://www.indeed.com/viewjob?jk=e5f1765ba8e2bf86,"","2026-04-15"
0,"","Lead Audiovisual Technician – Museum Exhibit Installations","Kubik Maltbie","United States","","",jobspy_indeed,https://www.indeed.com/viewjob?jk=8f808e5b74611f10,"","2026-04-15"
0,"","Education Liason - EDUCATION","Memorial Health System of Southwest Oklahoma","United States","","",jobspy_indeed,https://www.indeed.com/viewjob?jk=d57281e286106f0f,"","2026-04-15"
0,"","Apprentice (Limited Energy Technician)","Hyphn","United States","","",jobspy_indeed,https://www.indeed.com/viewjob?jk=19131d4422e240b7,"","2026-04-15"
0,"","Sr Audio Video Technician","ERCOT/Electric Reliability Council of Texas","United States","","$30 - $49 (hourly)",jobspy_indeed,https://www.indeed.com/viewjob?jk=338b0e703b1e8072,"","2026-04-15"
0,"","Pharmacy Technician Instructor","Fortis College Baton Rouge Campus","United States","","",jobspy_indeed,https://www.indeed.com/viewjob?jk=0e30c7d4b3626bdf,"","2026-04-15"
0,"","Event Services Associate","University of North Florida","United States","","",jobspy_indeed,https://www.indeed.com/viewjob?jk=c2e48d83d4098af4,"","2026-04-15"
0,"","Event Technician, Audio Visual - Fairmont Austin","Encore Global","United States","","$15 - $20 (hourly)",jobspy_indeed,https://www.indeed.com/viewjob?jk=cad77a0fc25e3680,"","2026-04-14"
0,"","IT Support Technician","The Palms Hotel & Spa","United States","","",jobspy_indeed,https://www.indeed.com/viewjob?jk=16567806d7684d7f,"","2026-04-15"
0,"","Event Lighting Technician","Brilliant Event Lighting","United States","","$27 - $30 (hourly)",jobspy_indeed,https://www.indeed.com/viewjob?jk=9b125dc623574df7,"","2026-04-15"
0,"","QC Tech (Video 1)","Entertainment Technology Partners","United States","","$16 - $19 (hourly)",jobspy_indeed,https://www.indeed.com/viewjob?jk=4df7076b1b0806d8,"","2026-04-15"
0,"","Audio Visual Technician II","IES HOLDINGS","United States","","$25 - $28 (hourly)",jobspy_indeed,https://www.indeed.com/viewjob?jk=8360c160cbc840e5,"","2026-04-14"
0,"","Audio Visual Technician II","IES Communications","United States","","$25 - $28 (hourly)",jobspy_indeed,https://www.indeed.com/viewjob?jk=d5e1bf5b65494cda,"","2026-04-14"
0,"","A/V Technician III","The MIL Corporation","United States","","$28 - $33 (hourly)",jobspy_indeed,https://www.indeed.com/viewjob?jk=5a143313418e52bd,"","2026-04-14"
0,"","Operations Manager (Hands‑On MSP Leadership)","MTG IT Professionals","United States","","$135,000 - $165,000 (yearly)",jobspy_indeed,https://www.indeed.com/viewjob?jk=11584d56b1452615,"","2026-04-14"
0,"","Systems Engineer (Senior, Mid, Jr A/V & IT)","Blackwatch International Corporation","United States","","",jobspy_indeed,https://www.indeed.com/viewjob?jk=2ee63f6bb827a055,"","2026-04-13"
0,"","Field Engineer (Senior / Mid / Junior)","Blackwatch International Corporation","United States","","",jobspy_indeed,https://www.indeed.com/viewjob?jk=be3b963635c8c85f,"","2026-04-13"
0,"","Technology A/V Technician","GRE Hotel Management","United States","","",jobspy_indeed,https://www.indeed.com/viewjob?jk=51f5d3da00a48d5d,"","2026-04-13"
0,"","Administrative Assistant","Entertainment Technology Partners","United States","","$17 - $21 (hourly)",jobspy_indeed,https://www.indeed.com/viewjob?jk=fab7c0c2f192e366,"","2026-04-13"
0,"","Deputy Project Manager (Comm/IT)","Advanced Systems Design","United States","","",jobspy_indeed,https://www.indeed.com/viewjob?jk=f233358965af8e85,"","2026-04-10"
0,"","AV Service Manager","Amplify People","United States","","$30 - $40 (hourly)",jobspy_indeed,https://www.indeed.com/viewjob?jk=a13894fc46d192c1,"","2026-04-07"
0,"","Senior Applied AI Solutions Architect — Amazon Connect","Amazon Web Services","Chicago, Illinois","","$153,600 - $207,800 (yearly)",jobspy_indeed,https://www.indeed.com/viewjob?jk=787610cfa6ce7c37,"","2026-04-08"
0,"","Sr. Analytics & AI Specialist Solutions Architect, AGS US Specialist SA, FSI","Amazon Web Services","Chicago, Illinois","","$153,600 - $207,800 (yearly)",jobspy_indeed,https://www.indeed.com/viewjob?jk=ac5db2c8a69caf2b,"","2026-03-04"
0,"","Sr. Specialist Solutions Architect, Databases, US Specialist Solutions Architects","Amazon Web Services","Chicago, Illinois","","$153,600 - $207,800 (yearly)",jobspy_indeed,https://www.indeed.com/viewjob?jk=e748279cc2729668,"","2026-03-05"
0,"","Senior Engagement Manager, ProServe Shared Delivery Team Engagement Management , AWS Professional Services","Amazon Web Services","Chicago, Illinois","","$153,600 - $207,700 (yearly)",jobspy_indeed,https://www.indeed.com/viewjob?jk=78c8f17164f4bdb1,"","2026-03-02"
0,"","Senior Worldwide Partner Specialist Solutions Architect, Amazon Connect","Amazon Web Services","Chicago, Illinois","","$153,600 - $207,800 (yearly)",jobspy_indeed,https://www.indeed.com/viewjob?jk=06a02fbddcd8c8ab,"","2026-01-05"
0,"","Sr. Solutions Architect - Applied AI for Supply Chain, AWS Solutions","Amazon Web Services","Chicago, Illinois","","$153,600 - $207,800 (yearly)",jobspy_indeed,https://www.indeed.com/viewjob?jk=9a7ad4350fa870c9,"","2025-11-11"
0,"","Principal Applied AI Solutions Architect, Amazon Connect","Amazon Web Services","Chicago, Illinois","","$201,000 - $272,000 (yearly)",jobspy_indeed,https://www.indeed.com/viewjob?jk=8ee7a560c62b0591,"","2026-04-10"
0,"","Senior Leader, ProServe AI/GenAI/Agentic Specialists, Healthcare and Life Sciences","Amazon Web Services","Chicago, Illinois","","$201,000 - $299,200 (yearly)",jobspy_indeed,https://www.indeed.com/viewjob?jk=e8f3fb4398885dbf,"","2026-01-28"
0,"","Sr. Partner Sales Manager, Partner Sales Retail Restaurants and CPG","Amazon Web Services","Chicago, Illinois","","$142,800 - $212,500 (yearly)",jobspy_indeed,https://www.indeed.com/viewjob?jk=a07b9b535839076e,"","2026-04-09"
0,"","Senior Sales Specialist - Storage, Auto & Mfg","Amazon Web Services","Chicago, Illinois","","$142,800 - $193,200 (yearly)",jobspy_indeed,https://www.indeed.com/viewjob?jk=9950700aaf5f693f,"","2026-03-11"
0,"","Sr. Worldwide Specialist - Amazon Bedrock, Amazon Bedrock","Amazon Web Services","Chicago, Illinois","","$147,900 - $200,100 (yearly)",jobspy_indeed,https://www.indeed.com/viewjob?jk=10645e13152e52e1,"","2026-04-04"
0,"","Senior, Tech Business Developer, Applied AI - Supply Chain","Amazon Web Services","Chicago, Illinois","","$147,900 - $200,100 (yearly)",jobspy_indeed,https://www.indeed.com/viewjob?jk=343f86b6b007227c,"","2026-03-31"
0,"","Worldwide Field Activation Lead, Applied AI Solutions","Amazon Web Services","Chicago, Illinois","","$147,900 - $200,100 (yearly)",jobspy_indeed,https://www.indeed.com/viewjob?jk=2baf305a1dee7614,"","2026-03-30"
0,"","GTM Acceleration Lead, Applied AI Solutions","Amazon Web Services","Chicago, Illinois","","$147,900 - $200,100 (yearly)",jobspy_indeed,https://www.indeed.com/viewjob?jk=d2a03d3f58ba96b9,"","2026-03-04"
0,"","Solutions Architect, ENT Agriculture, US ENT Ag | Waste & Env | Physical Security","Amazon Web Services","Chicago, Illinois","","$131,300 - $177,600 (yearly)",jobspy_indeed,https://www.indeed.com/viewjob?jk=28ae7fe8dae547d5,"","2026-03-26"
0,"","Principal Worldwide Specialist Sales, Amazon Connect (CXE), AWS","Amazon Web Services","Chicago, Illinois","","$170,000 - $230,000 (yearly)",jobspy_indeed,https://www.indeed.com/viewjob?jk=9914aa9a882f8ea6,"","2026-03-19"
0,"","Manager, Business Development Team, Auto & Manufacturing","Amazon Web Services","Chicago, Illinois","","$193,700 - $262,000 (yearly)",jobspy_indeed,https://www.indeed.com/viewjob?jk=3d9e002d5ea466cf,"","2026-03-19"
0,"","Principal GTM Acceleration, Strategic Planning, Applied AI Solutions GTM","Amazon Web Services","Chicago, Illinois","","$193,700 - $262,000 (yearly)",jobspy_indeed,https://www.indeed.com/viewjob?jk=bd14f0954e9a346d,"","2026-02-20"
0,"","Principal Infrastructure Migration & Modernization Specialist, Worldwide Specialist Organization","Amazon Web Services","Chicago, Illinois","","$176,100 - $238,200 (yearly)",jobspy_indeed,https://www.indeed.com/viewjob?jk=1860d9c289e2bf80,"","2026-02-18"
0,"","Sr. Specialist Solutions Architect, Databases, US Specialist Solutions Architects","Amazon Web Services","New York, New York","","$153,600 - $239,000 (yearly)",jobspy_indeed,https://www.indeed.com/viewjob?jk=801ffd59f1157b36,"","2026-03-26"
0,"","Senior Solutions Developer, Prototyping and Customer Engineering (PACE)","Amazon Web Services","New York, New York","","$153,600 - $207,800 (yearly)",jobspy_indeed,https://www.indeed.com/viewjob?jk=66846109c2af5126,"","2026-03-19"
0,"","Senior Engagement Manager, ProServe Shared Delivery Team Engagement Management , AWS Professional Services","Amazon Web Services","New York, New York","","$153,600 - $207,700 (yearly)",jobspy_indeed,https://www.indeed.com/viewjob?jk=ef6cfbe7aeedc6e2,"","2026-03-02"
0,"","Senior Worldwide Partner Specialist Solutions Architect, Amazon Connect","Amazon Web Services","New York, New York","","$153,600 - $207,800 (yearly)",jobspy_indeed,https://www.indeed.com/viewjob?jk=1f6e6e063673429f,"","2026-01-05"
0,"","Senior Customer Success Specialist - GenAI, AWS Specialist and Partner Organization","Amazon Web Services","New York, New York","","$153,600 - $239,000 (yearly)",jobspy_indeed,https://www.indeed.com/viewjob?jk=ab0d05122d6e87ee,"","2025-11-26"
0,"","Sr. Solutions Architect - Applied AI for Supply Chain, AWS Solutions","Amazon Web Services","New York, New York","","$153,600 - $207,800 (yearly)",jobspy_indeed,https://www.indeed.com/viewjob?jk=b1d43296af9dc80c,"","2025-11-11"
0,"","Principal Worldwide Specialist Sales, Amazon Connect (CXE), AWS","Amazon Web Services","New York, New York","","$170,000 - $230,000 (yearly)",jobspy_indeed,https://www.indeed.com/viewjob?jk=1f9faad3f5825a8b,"","2026-03-19"
0,"","Principal ProServe Account Executive (PAE), Healthcare and Life Sciences","Amazon Web Services","New York, New York","","$170,000 - $253,000 (yearly)",jobspy_indeed,https://www.indeed.com/viewjob?jk=7b89d32ab308fd8f,"","2026-01-28"
0,"","Field Sales Operations Lead, US Specialist Org, NAMER Sales Operations","Amazon Web Services","New York, New York","","$88,100 - $169,500 (yearly)",jobspy_indeed,https://www.indeed.com/viewjob?jk=92e33f3f4c665800,"","2026-03-10"
0,"","GTM Acceleration Lead, Applied AI Solutions","Amazon Web Services","New York, New York","","$147,900 - $200,100 (yearly)",jobspy_indeed,https://www.indeed.com/viewjob?jk=82895135ac6a00d4,"","2026-03-04"
0,"","Sr. Life Sciences Business Development Lead","Amazon Web Services","New York, New York","","$147,900 - $200,100 (yearly)",jobspy_indeed,https://www.indeed.com/viewjob?jk=f6436df23310b264,"","2026-02-24"
0,"","Sr. Partner Development Specialist, Financial Services Industry – Banking and Payments, AMER Industry & Partner Solutions","Amazon Web Services","New York, New York","","$147,900 - $200,100 (yearly)",jobspy_indeed,https://www.indeed.com/viewjob?jk=ff1a826eed9475b8,"","2026-02-23"
0,"","Principal Security Customer Success Specialist, AWS Specialist and Partner Organization","Amazon Web Services","New York, New York","","$182,800 - $247,300 (yearly)",jobspy_indeed,https://www.indeed.com/viewjob?jk=af553f545e0d9635,"","2026-02-27"
0,"","Principal Solutions Developer , Prototyping and Customer Engineering (PACE)","Amazon Web Services","New York, New York","","$182,800 - $272,000 (yearly)",jobspy_indeed,https://www.indeed.com/viewjob?jk=374a7d0da5c601f1,"","2026-02-20"
0,"","Global Account Manager, AWS Industries (AWSI), Automotive & Manufacturing","Amazon Web Services","New York, New York","","$142,800 - $212,600 (yearly)",jobspy_indeed,https://www.indeed.com/viewjob?jk=81cb04ecc86ca1ef,"","2026-02-26"
0,"","Principal GTM Acceleration, Strategic Planning, Applied AI Solutions GTM","Amazon Web Services","New York, New York","","$193,700 - $262,000 (yearly)",jobspy_indeed,https://www.indeed.com/viewjob?jk=e26134186648becf,"","2026-02-20"
0,"","Senior Leader, ProServe AI/GenAI/Agentic Specialists, Healthcare and Life Sciences","Amazon Web Services","New York, New York","","$201,000 - $299,200 (yearly)",jobspy_indeed,https://www.indeed.com/viewjob?jk=211812da347016c4,"","2026-01-28"
0,"","Sr Manager, GenAI Strategy, Generative AI Innovation Center","Amazon Web Services","New York, New York","","$201,000 - $312,800 (yearly)",jobspy_indeed,https://www.indeed.com/viewjob?jk=f9219433aafdd0a3,"","2025-09-30"
0,"","Senior Executive Communications Leader, Partner Strategy & Engagement","Amazon Web Services","New York, New York","","$192,800 - $260,800 (yearly)",jobspy_indeed,https://www.indeed.com/viewjob?jk=6f18b888f3c1d205,"","2025-12-16"
0,"","Sr. Supply Chain Product Manager, Electrical Assemblies","Amazon.com","San Francisco, California","","$147,900 - $200,100 (yearly)",jobspy_indeed,https://www.indeed.com/viewjob?jk=68607a8d93f06e95,"","2026-03-04"
0,"","Connectivity Engineer, AWS Data Center","Amazon.com","San Francisco, California","","$109,700 - $185,000 (yearly)",jobspy_indeed,https://www.indeed.com/viewjob?jk=b15135505ed2fc6c,"","2026-02-26"
0,"","Principal Enterprise Account Executive, US FSI Payments","Amazon Web Services","San Francisco, California","","$170,000 - $252,900 (yearly)",jobspy_indeed,https://www.indeed.com/viewjob?jk=647738822f81c609,"","2026-02-24"
0,"","Sr. Systems Development Engineer (AWS Generative AI & ML Servers), AWS HW Engineering","Amazon Web Services","San Francisco, California","","$151,200 - $204,600 (yearly)",jobspy_indeed,https://www.indeed.com/viewjob?jk=7a2b906dfc29e8fc,"","2026-02-23"
0,"","Principal GTM Acceleration, Strategic Planning, Applied AI Solutions GTM","Amazon Web Services","San Francisco, California","","$193,700 - $262,000 (yearly)",jobspy_indeed,https://www.indeed.com/viewjob?jk=46f797bb9d73fdaf,"","2026-02-20"
0,"","Senior Hardware Engineer, NPD Hardware","Amazon.com","San Francisco, California","","$159,200 - $247,600 (yearly)",jobspy_indeed,https://www.indeed.com/viewjob?jk=d7996cd3d7a6957f,"","2026-02-03"
0,"","Hardware Development Engineer, Memory, AWS Hardware Components","Amazon.com","San Francisco, California","","$136,000 - $212,800 (yearly)",jobspy_indeed,https://www.indeed.com/viewjob?jk=bb004b313299c595,"","2026-01-29"
0,"","Applied Scientist II, Prime Video - Personalization and Discovery Science, Personalization and Discovery Science","Amazon.com","San Francisco, California","","$136,000 - $223,400 (yearly)",jobspy_indeed,https://www.indeed.com/viewjob?jk=e271c745bebdafd2,"","2025-10-01"
0,"","Senior Software Development Engineer - BIOS, AWS Hardware Engineering, Firmware Development","Amazon Web Services","San Francisco, California","","$168,100 - $227,400 (yearly)",jobspy_indeed,https://www.indeed.com/viewjob?jk=9f3578e2764f09e3,"","2026-01-14"
0,"","Senior Worldwide Partner Specialist Solutions Architect, Amazon Connect","Amazon Web Services","San Francisco, California","","$153,600 - $207,800 (yearly)",jobspy_indeed,https://www.indeed.com/viewjob?jk=fbf2f5a84e0732d8,"","2026-01-05"
0,"","Senior Customer Success Specialist - GenAI, AWS Specialist and Partner Organization","Amazon Web Services","San Francisco, California","","$153,600 - $239,000 (yearly)",jobspy_indeed,https://www.indeed.com/viewjob?jk=0f16ecc2a4dbe711,"","2025-11-26"
0,"","Senior Executive Communications Leader, Partner Strategy & Engagement","Amazon Web Services","San Francisco, California","","$192,800 - $260,800 (yearly)",jobspy_indeed,https://www.indeed.com/viewjob?jk=943664bf4192dd6b,"","2025-12-16"
0,"","Sr. Product Manager - Technical, CS Intelligence, AWS Specialist and Partner Organization","Amazon Web Services","San Francisco, California","","$173,900 - $235,200 (yearly)",jobspy_indeed,https://www.indeed.com/viewjob?jk=416242f7d422e267,"","2025-12-12"
0,"","Cloud Hardware Dev Engineer (AWS Generative AI & ML Servers), AWS Generative AI & ML Servers","Amazon.com","San Francisco, California","","$125,700 - $219,900 (yearly)",jobspy_indeed,https://www.indeed.com/viewjob?jk=7553b253f4be72a1,"","2025-12-04"
0,"","Senior Hardware Development Engineer AWS AI & ML, Accelerator Servers","Amazon Web Services","San Francisco, California","","$159,200 - $247,600 (yearly)",jobspy_indeed,https://www.indeed.com/viewjob?jk=3c9ca9f3c5cd1507,"","2025-11-18"
0,"","Embedded Software Development Engineer II, AWS Hardware Engineering Services","Amazon.com","San Francisco, California","","$143,700 - $223,600 (yearly)",jobspy_indeed,https://www.indeed.com/viewjob?jk=068e7bf82b4f5117,"","2025-11-14"
0,"","Sr Manager, GenAI Strategy, Generative AI Innovation Center","Amazon Web Services","San Francisco, California","","$201,000 - $312,800 (yearly)",jobspy_indeed,https://www.indeed.com/viewjob?jk=dc10a2d1d36d9d93,"","2025-09-30"
0,"","Sr. Supply Chain Product Manager, Electrical Assemblies","Amazon.com","Seattle, Washington","","$147,900 - $200,100 (yearly)",jobspy_indeed,https://www.indeed.com/viewjob?jk=9a93e1891014d3e6,"","2026-03-04"
0,"","Senior Data Center Construction Procurement Manager, Data Center Sourcing & Procurement","Amazon.com","Seattle, Washington","","$147,900 - $200,100 (yearly)",jobspy_indeed,https://www.indeed.com/viewjob?jk=5157ea25010689fb,"","2026-02-17"
0,"","Manufacturing Test TPM, Amazon Infrastructure Service - Manufacturing Operation","Amazon.com","Seattle, Washington","","$148,700 - $201,200 (yearly)",jobspy_indeed,https://www.indeed.com/viewjob?jk=b102a0f68eb2eb3a,"","2026-02-27"
0,"","Sr. Technical Program Manager , Prime Video Sports Linear and News","Amazon.com","Seattle, Washington","","$148,700 - $201,200 (yearly)",jobspy_indeed,https://www.indeed.com/viewjob?jk=0d1dbb26528fb1fb,"","2026-01-09"
0,"","Network Development Engineer, Network Fabric Engineering","Amazon.com","Seattle, Washington","","$159,100 - $215,300 (yearly)",jobspy_indeed,https://www.indeed.com/viewjob?jk=b961dfb58a5b2488,"","2026-02-25"
0,"","Principal Enterprise Account Executive, US FSI Payments","Amazon Web Services","Seattle, Washington","","$170,000 - $252,900 (yearly)",jobspy_indeed,https://www.indeed.com/viewjob?jk=7aa67e41fdcf2512,"","2026-02-24"
0,"","Sr. Life Sciences Business Development Lead","Amazon Web Services","Seattle, Washington","","$147,900 - $200,100 (yearly)",jobspy_indeed,https://www.indeed.com/viewjob?jk=b8400296d651c245,"","2026-02-24"
0,"","Sr. Systems Development Engineer (AWS Generative AI & ML Servers), AWS HW Engineering","Amazon Web Services","Seattle, Washington","","$151,200 - $204,600 (yearly)",jobspy_indeed,https://www.indeed.com/viewjob?jk=076ff8510c3cc419,"","2026-02-23"
0,"","Principal GTM Acceleration, Strategic Planning, Applied AI Solutions GTM","Amazon Web Services","Seattle, Washington","","$193,700 - $262,000 (yearly)",jobspy_indeed,https://www.indeed.com/viewjob?jk=e0a4759a36271274,"","2026-02-20"
0,"","Data Center BIM Specialist, Fleet Remediation Engineering","Amazon.com","Seattle, Washington","","$116,800 - $160,000 (yearly)",jobspy_indeed,https://www.indeed.com/viewjob?jk=14f61f7ca91c77be,"","2026-02-09"
0,"","Electrical BIM Designer, DC Design Engineering","Amazon.com","Seattle, Washington","","$116,800 - $160,000 (yearly)",jobspy_indeed,https://www.indeed.com/viewjob?jk=ec18e2cde76f9e23,"","2026-03-12"
0,"","Mechanical Design Engineer, Data Center Design Engineering","Amazon.com","Seattle, Washington","","$116,800 - $160,000 (yearly)",jobspy_indeed,https://www.indeed.com/viewjob?jk=fac437a0a6715331,"","2026-03-23"
0,"","Senior Hardware Engineer, NPD Hardware","Amazon.com","Seattle, Washington","","$159,200 - $247,600 (yearly)",jobspy_indeed,https://www.indeed.com/viewjob?jk=aa97bad8161b75eb,"","2026-02-03"
0,"","Hardware Development Engineer, Memory, AWS Hardware Components","Amazon.com","Seattle, Washington","","$136,000 - $212,800 (yearly)",jobspy_indeed,https://www.indeed.com/viewjob?jk=3c9eba117df0849f,"","2026-01-29"
0,"","Applied Scientist II, Prime Video - Personalization and Discovery Science, Personalization and Discovery Science","Amazon.com","Seattle, Washington","","$136,000 - $223,400 (yearly)",jobspy_indeed,https://www.indeed.com/viewjob?jk=cc3ed085320ce8f4,"","2025-10-01"
0,"","Senior Software Development Engineer - BIOS, AWS Hardware Engineering, Firmware Development","Amazon Web Services","Seattle, Washington","","$168,100 - $227,400 (yearly)",jobspy_indeed,https://www.indeed.com/viewjob?jk=64d8d88f1550fee7,"","2026-01-14"
0,"","Senior Worldwide Partner Specialist Solutions Architect, Amazon Connect","Amazon Web Services","Seattle, Washington","","$153,600 - $207,800 (yearly)",jobspy_indeed,https://www.indeed.com/viewjob?jk=a9e9e99f49ca4d87,"","2026-01-05"
0,"","Senior Customer Success Specialist - GenAI, AWS Specialist and Partner Organization","Amazon Web Services","Seattle, Washington","","$153,600 - $239,000 (yearly)",jobspy_indeed,https://www.indeed.com/viewjob?jk=fcb3863f4000dccb,"","2025-11-26"
0,"","Sr Construction Scheduler, Global Build Services","Amazon.com","Seattle, Washington","","$139,300 - $208,000 (yearly)",jobspy_indeed,https://www.indeed.com/viewjob?jk=5738cbd308b1b4fb,"","2025-12-31"
0,"","Senior Executive Communications Leader, Partner Strategy & Engagement","Amazon Web Services","Seattle, Washington","","$192,800 - $260,800 (yearly)",jobspy_indeed,https://www.indeed.com/viewjob?jk=e31a6712303eb567,"","2025-12-16"
0,"","Sr. Product Manager - Technical, CS Intelligence, AWS Specialist and Partner Organization","Amazon Web Services","Seattle, Washington","","$173,900 - $235,200 (yearly)",jobspy_indeed,https://www.indeed.com/viewjob?jk=ab58dff93ecbe8a2,"","2025-12-12"
0,"","Cloud Hardware Dev Engineer (AWS Generative AI & ML Servers), AWS Generative AI & ML Servers","Amazon.com","Seattle, Washington","","$125,700 - $219,900 (yearly)",jobspy_indeed,https://www.indeed.com/viewjob?jk=4541cb8a04ab7b07,"","2025-12-04"
0,"","Senior Hardware Development Engineer AWS AI & ML, Accelerator Servers","Amazon Web Services","Seattle, Washington","","$159,200 - $247,600 (yearly)",jobspy_indeed,https://www.indeed.com/viewjob?jk=1911cf20b9856ec7,"","2025-11-18"
0,"","Sr Manager, GenAI Strategy, Generative AI Innovation Center","Amazon Web Services","Seattle, Washington","","$201,000 - $312,800 (yearly)",jobspy_indeed,https://www.indeed.com/viewjob?jk=cc1246ef11998a92,"","2025-09-30"
0,"","Sr. Analytics & AI Specialist Solutions Architect, AGS-NAMER-US-COV-SPEC-SA-Data&AI-Analytics","Amazon Web Services","Boston, Massachusetts","","$153,600 - $239,000 (yearly)",jobspy_indeed,https://www.indeed.com/viewjob?jk=2312c396c9e3aaa9,"","2026-04-01"
0,"","Senior Solutions Developer, Prototyping and Customer Engineering (PACE)","Amazon Web Services","Boston, Massachusetts","","$153,600 - $207,800 (yearly)",jobspy_indeed,https://www.indeed.com/viewjob?jk=3a79e43a1028efa3,"","2026-03-19"
0,"","Specialist Solutions Architect, Containers, ASPI HCLS Specialist","Amazon Web Services","Boston, Massachusetts","","$153,600 - $228,600 (yearly)",jobspy_indeed,https://www.indeed.com/viewjob?jk=615a705e20404c1a,"","2026-02-27"
0,"","Senior Customer Success Specialist - GenAI, AWS Specialist and Partner Organization","Amazon Web Services","Boston, Massachusetts","","$153,600 - $239,000 (yearly)",jobspy_indeed,https://www.indeed.com/viewjob?jk=c6578e0950ffd2a9,"","2025-11-26"
0,"","Sr. Solutions Architect - Applied AI for Supply Chain, AWS Solutions","Amazon Web Services","Boston, Massachusetts","","$153,600 - $207,800 (yearly)",jobspy_indeed,https://www.indeed.com/viewjob?jk=4dd34b3132dc37e1,"","2025-11-11"
0,"","AV-ADAS Technical GTM Specialist, WWSO HPC Team","Amazon Web Services","Boston, Massachusetts","","$147,900 - $200,100 (yearly)",jobspy_indeed,https://www.indeed.com/viewjob?jk=b2f435724da0bdee,"","2026-04-10"
0,"","Senior, Tech Business Developer, Applied AI - Supply Chain","Amazon Web Services","Boston, Massachusetts","","$147,900 - $200,100 (yearly)",jobspy_indeed,https://www.indeed.com/viewjob?jk=f8703eb82886d77b,"","2026-03-31"
0,"","Senior Partner Development Manager, AMER Consulting Partners","Amazon Web Services","Boston, Massachusetts","","$147,900 - $200,100 (yearly)",jobspy_indeed,https://www.indeed.com/viewjob?jk=e990fe325eb7cbdd,"","2026-03-04"
0,"","Sr. WW Specialist, Advanced Computing Architectures, Advanced Computing","Amazon Web Services","Boston, Massachusetts","","$147,900 - $200,100 (yearly)",jobspy_indeed,https://www.indeed.com/viewjob?jk=d6af542c9ca05234,"","2026-03-02"
0,"","Senior Partner Development Specialist, Generative AI & Data, Americas Specialist Partner Team","Amazon Web Services","Boston, Massachusetts","","$147,900 - $200,100 (yearly)",jobspy_indeed,https://www.indeed.com/viewjob?jk=b753ed979139c545,"","2026-02-26"
0,"","Sr. Life Sciences Business Development Lead","Amazon Web Services","Boston, Massachusetts","","$147,900 - $200,100 (yearly)",jobspy_indeed,https://www.indeed.com/viewjob?jk=28eed31d69daefa1,"","2026-02-24"
0,"","Sr. Partner Sales Manager, Partner Sales Retail Restaurants and CPG","Amazon Web Services","Boston, Massachusetts","","$142,800 - $212,500 (yearly)",jobspy_indeed,https://www.indeed.com/viewjob?jk=0fbf0ee2ea68989c,"","2026-04-09"
0,"","Senior Sales Specialist - Storage, Auto & Mfg","Amazon Web Services","Boston, Massachusetts","","$142,800 - $193,200 (yearly)",jobspy_indeed,https://www.indeed.com/viewjob?jk=420b7a41504d1464,"","2026-03-11"
0,"","Sr. Sales Specialist - Storage, Retail, Restaurants, and Consumer Packaged Goods","Amazon Web Services","Boston, Massachusetts","","$142,800 - $212,600 (yearly)",jobspy_indeed,https://www.indeed.com/viewjob?jk=e20e0ec935abfcb2,"","2026-03-10"
0,"","Global Account Manager, AWS Industries (AWSI), Automotive & Manufacturing","Amazon Web Services","Boston, Massachusetts","","$142,800 - $212,600 (yearly)",jobspy_indeed,https://www.indeed.com/viewjob?jk=e57cb4f095dc3ce3,"","2026-02-26"
0,"","Sr Mgr, Storage Solution Architecture, WW Storage Specialists","Amazon Web Services","Boston, Massachusetts","","$191,000 - $272,000 (yearly)",jobspy_indeed,https://www.indeed.com/viewjob?jk=8b724bc8db5d816e,"","2026-04-08"
0,"","Sales Operations Support, AWS Investments","Amazon Web Services","Boston, Massachusetts","","$88,100 - $154,100 (yearly)",jobspy_indeed,https://www.indeed.com/viewjob?jk=8e86997104920ca2,"","2026-03-20"
0,"","Principal Worldwide Specialist Sales, Amazon Connect (CXE), AWS","Amazon Web Services","Boston, Massachusetts","","$170,000 - $230,000 (yearly)",jobspy_indeed,https://www.indeed.com/viewjob?jk=929b1093f3e5e8c4,"","2026-03-19"
0,"","Principal Security Customer Success Specialist, AWS Specialist and Partner Organization","Amazon Web Services","Boston, Massachusetts","","$182,800 - $247,300 (yearly)",jobspy_indeed,https://www.indeed.com/viewjob?jk=14ee413903702ed6,"","2026-02-27"
0,"","Principal Security Specialist Solutions Architect, AWS Industries","Amazon Web Services","Boston, Massachusetts","","$182,800 - $247,300 (yearly)",jobspy_indeed,https://www.indeed.com/viewjob?jk=1c518e9f372e6ead,"","2026-02-24"
0,"","Security Engineer, Corporate Services Security","Amazon.com","Boston, Massachusetts","","$159,300 - $202,400 (yearly)",jobspy_indeed,https://www.indeed.com/viewjob?jk=5b52ceb2da4d87ba,"","2026-02-26"
0,"","Principal Business Development Specialist for Quantum Technologies, Worldwide Go-To-Market team for Amazon Braket","Amazon Web Services","Boston, Massachusetts","","$176,100 - $238,200 (yearly)",jobspy_indeed,https://www.indeed.com/viewjob?jk=45a6e61e4cddf945,"","2026-02-03"
0,"","Customer Support Specialist","Uline","Los Angeles, California","","$27 - $32 (hourly)",jobspy_indeed,https://www.indeed.com/viewjob?jk=5e0add0e74376728,"","2026-04-16"
0,"","Customer Support Specialist - Bilingual","Uline","Los Angeles, California","","$28 - $33 (hourly)",jobspy_indeed,https://www.indeed.com/viewjob?jk=85ed7eeee584155a,"","2026-04-16"
0,"","Project Specialist","R³ Construction Services, Inc.","Los Angeles, California","","$75,000 - $85,000 (yearly)",jobspy_indeed,https://www.indeed.com/viewjob?jk=2766815550eb95ba,"","2026-04-16"
0,"","Sr. Partner Sales Manager, Partner Sales Retail Restaurants and CPG","Amazon Web Services","Los Angeles, California","","$142,800 - $212,500 (yearly)",jobspy_indeed,https://www.indeed.com/viewjob?jk=c1d1f720df9b8438,"","2026-04-09"
0,"","Senior Account Manager, Games, Games","Amazon Web Services","Los Angeles, California","","$142,800 - $212,600 (yearly)",jobspy_indeed,https://www.indeed.com/viewjob?jk=3104a83d30f873f8,"","2026-03-25"
0,"","Sr. Specialist Sales Rep , ISV GenAI/ML","Amazon Web Services","Los Angeles, California","","$142,800 - $212,600 (yearly)",jobspy_indeed,https://www.indeed.com/viewjob?jk=d029692dd99e0e12,"","2026-03-25"
0,"","Sr. Sales Specialist - Storage, Retail, Restaurants, and Consumer Packaged Goods","Amazon Web Services","Los Angeles, California","","$142,800 - $212,600 (yearly)",jobspy_indeed,https://www.indeed.com/viewjob?jk=ef0e863a7a1cd21e,"","2026-03-10"
0,"","Sr. Enterprise Account Manager, Travel & Hospitality","Amazon Web Services","Los Angeles, California","","$142,800 - $193,200 (yearly)",jobspy_indeed,https://www.indeed.com/viewjob?jk=a375faef9035b105,"","2026-02-16"
0,"","Worldwide Field Activation Lead, Applied AI Solutions","Amazon Web Services","Los Angeles, California","","$147,900 - $200,100 (yearly)",jobspy_indeed,https://www.indeed.com/viewjob?jk=fba027cffc17a077,"","2026-03-30"
0,"","Sr Partner Development Specialist - Games, AMER Industry and Solutions","Amazon Web Services","Los Angeles, California","","$147,900 - $200,100 (yearly)",jobspy_indeed,https://www.indeed.com/viewjob?jk=b547d8132823fdff,"","2026-03-07"
0,"","GTM Acceleration Lead, Applied AI Solutions","Amazon Web Services","Los Angeles, California","","$147,900 - $200,100 (yearly)",jobspy_indeed,https://www.indeed.com/viewjob?jk=7ccbcaac0bf52905,"","2026-03-04"
0,"","Sr Partner Development Manager, COE Technology Partnerships, Horizontal Business Applications","Amazon Web Services","Los Angeles, California","","$193,700 - $262,000 (yearly)",jobspy_indeed,https://www.indeed.com/viewjob?jk=dfee6536d622b448,"","2026-03-18"
0,"","Solutions Architect, Games","Amazon Web Services","Los Angeles, California","","$131,300 - $177,600 (yearly)",jobspy_indeed,https://www.indeed.com/viewjob?jk=9522594b69cb8b42,"","2026-03-17"
0,"","Principal Account Exec, AWS Enterprise Games, Games","Amazon Web Services","Los Angeles, California","","$170,000 - $230,000 (yearly)",jobspy_indeed,https://www.indeed.com/viewjob?jk=df0bb94b7a5232b4,"","2026-03-05"
0,"","Senior Specialist Solution Architect, Migration & Modernization, ASPI AutoMfg","Amazon Web Services","Los Angeles, California","","$153,600 - $207,800 (yearly)",jobspy_indeed,https://www.indeed.com/viewjob?jk=54a88c3c3cb83efa,"","2026-02-20"
0,"","WW Tech Leader, Modernization","Amazon Web Services","Los Angeles, California","","$182,800 - $247,300 (yearly)",jobspy_indeed,https://www.indeed.com/viewjob?jk=cf3f41e7cd693455,"","2026-02-20"
0,"","Data Center Operations Manager","Amazon.com","Los Angeles, California","","$78,400 - $137,300 (yearly)",jobspy_indeed,https://www.indeed.com/viewjob?jk=0cfcb22a4174db4e,"","2026-02-13"
0,"","SAP Data Migration Specialist","CSCI Consulting","Washington, DC","","",jobspy_indeed,https://www.indeed.com/viewjob?jk=48b692a7f87b18d1,"","2026-04-16"
0,"","Senior Leader, ProServe AI/GenAI/Agentic Specialists, Healthcare and Life Sciences","Amazon Web Services","Washington, DC","","$201,000 - $299,200 (yearly)",jobspy_indeed,https://www.indeed.com/viewjob?jk=b914633bc9b14392,"","2026-01-28"
0,"","Principal ProServe Account Executive (PAE), Healthcare and Life Sciences","Amazon Web Services","Washington, DC","","$170,000 - $253,000 (yearly)",jobspy_indeed,https://www.indeed.com/viewjob?jk=dfb9183f3fc589f4,"","2026-01-28"
0,"","Data Center Engineering Operations Technician - Northern Virginia","Amazon.com","Washington, DC","","$37 - $65 (hourly)",jobspy_indeed,https://www.indeed.com/viewjob?jk=e8e4453f8c769db3,"","2026-01-21"
0,"","Engineering Operations Technician, DCC Communities","Amazon.com","Washington, DC","","$31 - $55 (hourly)",jobspy_indeed,https://www.indeed.com/viewjob?jk=a9590d83090d4973,"","2026-01-26"
0,"","DCO Tech","Amazon.com","Washington, DC","","$29 - $52 (hourly)",jobspy_indeed,https://www.indeed.com/viewjob?jk=94f432a8d168dd78,"","2026-01-26"
0,"","Network Install Technician, Infrastructure Delivery","Amazon.com","Washington, DC","","$29 - $52 (hourly)",jobspy_indeed,https://www.indeed.com/viewjob?jk=e9bc0c662a1b0913,"","2026-01-27"
0,"","Sr Construction Scheduler, Global Build Services","Amazon.com","Washington, DC","","$139,300 - $208,000 (yearly)",jobspy_indeed,https://www.indeed.com/viewjob?jk=de64658a1061ee77,"","2025-12-31"
0,"","ADC Technical Customer Service Specialist , Amazon Dedicate Cloud (ADC) Customer Service","Amazon Web Services","Washington, DC","","$24 - $43 (hourly)",jobspy_indeed,https://www.indeed.com/viewjob?jk=2b3be124b34fc04c,"","2025-11-21"
0,"","Junior Systems Administrator","nan","United States","","$70,000 - $75,000 (yearly)",jobspy_indeed,https://www.indeed.com/viewjob?jk=48b425feee95a000,"","2026-04-16"
0,"","Global Sourcing Specialist I","Mitsubishi Power Americas, Inc.","United States","","",jobspy_indeed,https://www.indeed.com/viewjob?jk=74ada7dc85043616,"","2026-04-16"
0,"","Coordinator Cardiopulmonary Rehab","Advocate Aurora Health","United States","","$38 - $57 (hourly)",jobspy_indeed,https://www.indeed.com/viewjob?jk=7cb37633cdac4327,"","2026-04-16"
0,"","Fraud Operations Manager - Commercial Payments - Remote","Optum","United States","","$91,700 - $163,700 (yearly)",jobspy_indeed,https://www.indeed.com/viewjob?jk=ee39d08fabf56888,"","2026-04-16"
0,"","Events Manager","Lantern","United States","","",jobspy_indeed,https://www.indeed.com/viewjob?jk=6ef42fff108fd563,"","2026-04-16"
0,"","Transaction Management Specialist - Assistant Vice President","Citi","United States","","$79,120 - $118,680 (yearly)",jobspy_indeed,https://www.indeed.com/viewjob?jk=b1e83b8bf80a35f1,"","2026-04-16"
0,"","Engineering Operations Technician, DCC Communities","Amazon.com","United States","","$36 - $63 (hourly)",jobspy_indeed,https://www.indeed.com/viewjob?jk=cd6affd337089fab,"","2026-01-28"
0,"","Data Center Engineering Operations Technician - Northern Virginia","Amazon.com","United States","","$36 - $63 (hourly)",jobspy_indeed,https://www.indeed.com/viewjob?jk=e73994e15a2159ed,"","2025-12-19"
0,"","Compliance Specialist V (6140)","itD Tech","Remote","","",jobspy_indeed,https://www.indeed.com/viewjob?jk=6eb024e026989b61,"","2026-04-16"
0,"","Solution Specialist - Networking","CDW","Remote","","$52,000 - $95,300 (yearly)",jobspy_indeed,https://www.indeed.com/viewjob?jk=2a9013fc6ef0219d,"","2026-04-15"
0,"","Solutions Specialist - Data Center","CDW","Remote","","$52,000 - $95,300 (yearly)",jobspy_indeed,https://www.indeed.com/viewjob?jk=aa1f4bac464debbc,"","2026-04-15"
0,"","Strategic Communications Specialist","LMI","Remote","","$57,000 - $97,000 (yearly)",jobspy_indeed,https://www.indeed.com/viewjob?jk=928d0dc27c60cb7b,"","2026-04-15"
0,"","Marketing Specialist","Stride, Inc.","Remote","","",jobspy_indeed,https://www.indeed.com/viewjob?jk=f89a7a6f88b3bc21,"","2026-04-15"
0,"","Claims Counsel","DAVIES","Remote","","$115,000 - $135,000 (yearly)",jobspy_indeed,https://www.indeed.com/viewjob?jk=dc0498ef5aa375fc,"","2026-04-15"
0,"","Field Application Specialist - Military","Draganfly Innovations Inc.","Remote","","",jobspy_indeed,https://www.indeed.com/viewjob?jk=1d9c00b7c2d526ad,"","2026-04-15"
0,"","Growth Specialist I","Qwickly","Remote","","$60,000 - $85,000 (yearly)",jobspy_indeed,https://www.indeed.com/viewjob?jk=de1354eef776604a,"","2026-04-15"
0,"","Senior Technical Recruiter/Paycom Specialist","Sabel Systems Technology Solutions","Remote","","",jobspy_indeed,https://www.indeed.com/viewjob?jk=1663877719ff55e6,"","2026-04-15"
0,"","Technical Sales Director","Southwire","Remote","","",jobspy_indeed,https://www.indeed.com/viewjob?jk=82027506e522a218,"","2026-04-15"
0,"","Territory Business Manager - Long Island","NeoGenomics","Remote","","",jobspy_indeed,https://www.indeed.com/viewjob?jk=cd8d5a851df80255,"","2026-04-15"
0,"","Content Marketing Specialist","Cadwell","Remote","","$92,000 - $108,000 (yearly)",jobspy_indeed,https://www.indeed.com/viewjob?jk=39f85e0a968116e2,"","2026-04-15"
0,"","Director of Global Event Marketing New","Keeper Security, Inc.","Remote","","",jobspy_indeed,https://www.indeed.com/viewjob?jk=eca4815c733040b4,"","2026-04-15"
0,"","Executive Case Manager (Remote)","Valeris","Remote","","",jobspy_indeed,https://www.indeed.com/viewjob?jk=7517d75ca6f0f9ed,"","2026-04-15"
0,"","Software Engineer II - Athlete Care Technology (REMOTE)","DICK'S Sporting Goods","Remote","","$76,500 - $124,600 (yearly)",jobspy_indeed,https://www.indeed.com/viewjob?jk=613f7a3370987888,"","2026-04-15"
0,"","Group Portfolio Program Manager, Merchandising (REMOTE)","DICK'S Sporting Goods","Remote","","$114,300 - $190,500 (yearly)",jobspy_indeed,https://www.indeed.com/viewjob?jk=7b583908068a07a8,"","2026-04-15"
0,"","Sr. Environmental Consultant","J. J. Keller & Associates, Inc","Remote","","$135,000 - $150,000 (yearly)",jobspy_indeed,https://www.indeed.com/viewjob?jk=c312284538b494e9,"","2026-04-14"
0,"","ServiceNow ITSM/ITOM Specialist","DMI","Remote","","",jobspy_indeed,https://www.indeed.com/viewjob?jk=676a9d5f84e63c46,"","2026-04-14"
0,"","ServiceNow System Administrator, ITOM (VA ESOM)","Kentro","Remote","","",jobspy_indeed,https://www.indeed.com/viewjob?jk=b179e635346d71d3,"","2026-04-14"
0,"","Agronomist","Michigan Sugar Company","Remote","","",jobspy_indeed,https://www.indeed.com/viewjob?jk=a75505a9397bcba6,"","2026-04-14"
0,"","Events Specialist","Businessolver","Remote","","$42,000 - $65,000 (yearly)",jobspy_indeed,https://www.indeed.com/viewjob?jk=e616542ffc3ce0e5,"","2026-04-14"
0,"","Insurance Appeals Specialist","Fisher & Phillips LLP","Remote","","$48 - $57 (hourly)",jobspy_indeed,https://www.indeed.com/viewjob?jk=415d8da85b99f8be,"","2026-04-14"
0,"","Consultant, Product Development - P&C (Personal Lines Property Insurance Pricing Sophistication)","Nationwide Mutual Insurance Company","Remote","","",jobspy_indeed,https://www.indeed.com/viewjob?jk=1e6b8bba031e287f,"","2026-04-14"
0,"","Sr. Financial Planning Specialist","Triad Partners","Remote","","",jobspy_indeed,https://www.indeed.com/viewjob?jk=8bf9212d5398d88e,"","2026-04-14"
0,"","Visual Merchandiser","H&M","Chicago, Illinois","","$21 - $24 (hourly)",jobspy_indeed,https://www.indeed.com/viewjob?jk=27c8b2bf13c0e348,"","2026-04-16"
0,"","Electrical Designer III","ENFRA","Chicago, Illinois","","$40 - $54 (hourly)",jobspy_indeed,https://www.indeed.com/viewjob?jk=3cd80fd0a2949643,"","2026-04-15"
0,"","Electrical Designer II","ENFRA","Chicago, Illinois","","$30 - $41 (hourly)",jobspy_indeed,https://www.indeed.com/viewjob?jk=f8f9c1ecdf79bbd6,"","2026-04-15"
0,"","Senior Creative Director (Remote or Hybrid Available)","S&S Activewear","Chicago, Illinois","","",jobspy_indeed,https://www.indeed.com/viewjob?jk=8e5eace727e16862,"","2026-04-15"
0,"","Electrical Engineer","Hefter Industries, Inc.","Chicago, Illinois","","$100,000 - $160,000 (yearly)",jobspy_indeed,https://www.indeed.com/viewjob?jk=c09ff4fa1f897d92,"","2026-04-15"
0,"","Mechanical/HVAC Engineer","Hefter Industries, Inc.","Chicago, Illinois","","$100,000 - $160,000 (yearly)",jobspy_indeed,https://www.indeed.com/viewjob?jk=a4240074f11d1e2a,"","2026-04-15"
0,"","Electrical Project Engineer - Healthcare","Farnsworth Group","Chicago, Illinois","","$99,000 - $149,000 (yearly)",jobspy_indeed,https://www.indeed.com/viewjob?jk=d5b9392bea8bf3a1,"","2026-04-14"
0,"","Master Electrician | Medora Musical","RWS Global","Chicago, Illinois","","",jobspy_indeed,https://www.indeed.com/viewjob?jk=fd584cd1fc19898c,"","2026-04-14"
0,"","Quality Engineer","Visual Comfort & Co","Chicago, Illinois","","$87,000 - $91,000 (yearly)",jobspy_indeed,https://www.indeed.com/viewjob?jk=c180d13aa21c6856,"","2026-04-14"
0,"","Delivery Manager","First Supply LLC","Chicago, Illinois","","$70,000 - $77,000 (yearly)",jobspy_indeed,https://www.indeed.com/viewjob?jk=5f92ffc52a0c2fb1,"","2026-04-14"
0,"","Senior Merchandising Analyst","Visual Comfort & Co","Chicago, Illinois","","$95,000 - $110,000 (yearly)",jobspy_indeed,https://www.indeed.com/viewjob?jk=d2ce10c4c151d9e5,"","2026-04-13"
0,"","Cinematographer/Creative Video Producer - Communications, College of Nursing","University of Illinois","Chicago, Illinois","","$65,000 - $77,000 (yearly)",jobspy_indeed,https://www.indeed.com/viewjob?jk=3f4026d54b8d2f86,"","2026-04-13"
0,"","Regional Specification Manager","Visual Comfort & Co","Chicago, Illinois","","$100,000 - $111,000 (yearly)",jobspy_indeed,https://www.indeed.com/viewjob?jk=cbe751d4b4ccd861,"","2026-04-10"
0,"","BIM Manager","Horton Lees Brogden Lighting Design Inc","Chicago, Illinois","","$95,600 - $101,300 (yearly)",jobspy_indeed,https://www.indeed.com/viewjob?jk=f53174dbe3b373d7,"","2026-04-09"
0,"","Principal Substation Electrical Engineer","Arcadis","Chicago, Illinois","","$122,478 - $187,050 (yearly)",jobspy_indeed,https://www.indeed.com/viewjob?jk=f96c3b9888ce4cb6,"","2026-04-08"
0,"","Floral & Event Design Production Team","Crossed Keys Estate","New York, New York","","",jobspy_indeed,https://www.indeed.com/viewjob?jk=e8d272cae2130fa7,"","2026-04-16"
0,"","Commercial Architectural Walls Designer","Henricksen","New York, New York","","$80,000 - $100,000 (yearly)",jobspy_indeed,https://www.indeed.com/viewjob?jk=cc9076a5846e34fd,"","2026-04-16"
0,"","Building Performance Engineer","Stantec","New York, New York","","$85,400 - $119,600 (yearly)",jobspy_indeed,https://www.indeed.com/viewjob?jk=4f9794c96024bf22,"","2026-04-15"
0,"","Senior Graphic Designer","North American Trading Company","New York, New York","","$75,000 - $90,000 (yearly)",jobspy_indeed,https://www.indeed.com/viewjob?jk=8668c5ddc88fa61b,"","2026-04-15"
0,"","Senior Civil Roadway Engineer","AKRF, Inc.","New York, New York","","$95,000 - $135,000 (yearly)",jobspy_indeed,https://www.indeed.com/viewjob?jk=68e45afdbc97a427,"","2026-04-15"
0,"","Live Show Host (Whatnot)","nan","New York, New York","","$20 - $22 (hourly)",jobspy_indeed,https://www.indeed.com/viewjob?jk=6e107b087e50bb6a,"","2026-04-15"
0,"","Luxury Accessories and Lighting Designer","nan","New York, New York","","",jobspy_indeed,https://www.indeed.com/viewjob?jk=47c37780d9923741,"","2026-04-15"
0,"","Director of Facilities","Spencer's Spa","New York, New York","","$120,000 - $140,000 (yearly)",jobspy_indeed,https://www.indeed.com/viewjob?jk=723484be3593df4d,"","2026-04-15"
0,"","Senior Professional, Transit and Rail Engineering","WSP","New York, New York","","",jobspy_indeed,https://www.indeed.com/viewjob?jk=f4584691fcd604bd,"","2026-04-14"
0,"","Interior design assistant","SBG Home & Design","New York, New York","","$25 - $35 (hourly)",jobspy_indeed,https://www.indeed.com/viewjob?jk=c1525005255ee30e,"","2026-04-14"
0,"","Design Manager - The Manner","MANNER","New York, New York","","$95,000 - $105,000 (yearly)",jobspy_indeed,https://www.indeed.com/viewjob?jk=851d4d86151a3b8b,"","2026-04-13"
0,"","Associate Exhibition Designer","Whitney Museum of American Art","New York, New York","","$67,626 - $70,000 (yearly)",jobspy_indeed,https://www.indeed.com/viewjob?jk=d9b62293fbf7633d,"","2026-04-13"
0,"","Designer","Crate and Barrel","New York, New York","","$19 - $36 (hourly)",jobspy_indeed,https://www.indeed.com/viewjob?jk=8a3722454caf4de4,"","2026-04-13"
0,"","Kitchen Cabinet Designer","Exclusive Granite & Marble Design","New York, New York","","",jobspy_indeed,https://www.indeed.com/viewjob?jk=09262481131ae770,"","2026-04-13"
0,"","Senior Electrical BIM Engineer","Five Star Electric","New York, New York","","$130,000 - $180,000 (yearly)",jobspy_indeed,https://www.indeed.com/viewjob?jk=665ac0e374d58e80,"","2026-04-13"
0,"","Interior Designer","Leslie Banker & Company, Inc.","New York, New York","","$70,000 - $85,000 (yearly)",jobspy_indeed,https://www.indeed.com/viewjob?jk=21b29b6176db09bf,"","2026-04-11"
0,"","Talent Casting Coordinator (Casual Temporary/Seasonal)","Disney Parks, Experiences and Products","New York, New York","","",jobspy_indeed,https://www.indeed.com/viewjob?jk=de7977151cd75fa5,"","2026-04-11"
0,"","Talent Casting Coordinator (Casual Temporary/Seasonal)","The Walt Disney Company","New York, New York","","$23 - $28 (hourly)",jobspy_indeed,https://www.indeed.com/viewjob?jk=4374a3c4acb70912,"","2026-04-10"
0,"","Stockroom Clerk","4Wall Entertainment","New York, New York","","$21 - $23 (hourly)",jobspy_indeed,https://www.indeed.com/viewjob?jk=37c7c37ec7dcf410,"","2026-04-10"
0,"","BIM Manager","Horton Lees Brogden Lighting Design Inc","New York, New York","","$101,500 - $107,600 (yearly)",jobspy_indeed,https://www.indeed.com/viewjob?jk=91dba44938d4b030,"","2026-04-09"
0,"","Senior Social Media Associate, Earners","Uber","New York, New York","","$132,000 - $147,000 (yearly)",jobspy_indeed,https://www.indeed.com/viewjob?jk=d15aae817cd7c28f,"","2026-04-09"
0,"","Director, Content Strategy & Production – Maybelline DMI","L'Oréal","New York, New York","","$139,700 - $199,100 (yearly)",jobspy_indeed,https://www.indeed.com/viewjob?jk=e67cee5208cd3697,"","2026-03-27"
0,"","Creative Director CGI, Devices Brand Studio","Amazon.com","New York, New York","","$141,000 - $210,300 (yearly)",jobspy_indeed,https://www.indeed.com/viewjob?jk=a4947ec4a55d34d2,"","2026-02-24"
0,"","Electrical Engineer","Schneller","New York, New York","","$120,000 - $140,000 (yearly)",jobspy_indeed,https://www.indeed.com/viewjob?jk=792f48422161192f,"","2026-02-02"
0,"","Design Center Manager","Roof and Realm","San Francisco, California","","$54,840 - $66,043 (yearly)",jobspy_indeed,https://www.indeed.com/viewjob?jk=2ad3a1d21236edfc,"","2026-04-16"
0,"","Designer","CB2","San Francisco, California","","$19 - $26 (hourly)",jobspy_indeed,https://www.indeed.com/viewjob?jk=b144862fb52c1a6f,"","2026-04-15"
0,"","Construction Maintenance Technician","Redhorse Constructors","San Francisco, California","","$30 - $50 (hourly)",jobspy_indeed,https://www.indeed.com/viewjob?jk=f1b4914f24abdcf4,"","2026-04-15"
0,"","Senior Designer","nan","San Francisco, California","","",jobspy_indeed,https://www.indeed.com/viewjob?jk=d8f78c0f7a444794,"","2026-04-14"
0,"","Trailer Mechanic","nan","San Francisco, California","","",jobspy_indeed,https://www.indeed.com/viewjob?jk=fcae58398b431db6,"","2026-04-15"
0,"","Associate Technical Director","San Francisco Opera Association","San Francisco, California","","$80,000 - $90,000 (yearly)",jobspy_indeed,https://www.indeed.com/viewjob?jk=bf0ebd1dc2b3e868,"","2026-04-13"
0,"","Sr Electrical Engineer","Hargrove Engineers + Constructors","San Francisco, California","","$180,000 - $215,000 (yearly)",jobspy_indeed,https://www.indeed.com/viewjob?jk=fc17cedb2514157f,"","2026-04-13"
0,"","Lighting Designer & Landscape","Outdoor Lighting Solutions","San Francisco, California","","",jobspy_indeed,https://www.indeed.com/viewjob?jk=d9b8b48a309fb040,"","2026-04-12"
0,"","BIM Manager","Horton Lees Brogden Lighting Design Inc","San Francisco, California","","$108,600 - $115,100 (yearly)",jobspy_indeed,https://www.indeed.com/viewjob?jk=2eba06c00549541d,"","2026-04-09"
0,"","Senior Video Producer and Motion Designer","C3 AI","San Francisco, California","","$148,000 - $200,000 (yearly)",jobspy_indeed,https://www.indeed.com/viewjob?jk=9a794cfcae3c545e,"","2026-04-09"
0,"","Landscape Estimator","nan","San Francisco, California","","$70,000 - $75,000 (yearly)",jobspy_indeed,https://www.indeed.com/viewjob?jk=2f16ec9366a7f94a,"","2026-04-09"
0,"","Intermediate Architectural Associate","nan","San Francisco, California","","$85,000 - $110,000 (yearly)",jobspy_indeed,https://www.indeed.com/viewjob?jk=f1138b16e217cb1b,"","2026-04-09"
0,"","Regional Sales Manager - Municipal & Exterior Lighting","nan","San Francisco, California","","$85,000 - $150,000 (yearly)",jobspy_indeed,https://www.indeed.com/viewjob?jk=c8c0eb724a412ef9,"","2026-03-17"
0,"","Group Lead, Electrical","IPS-Integrated Project Services","San Francisco, California","","$161,000 - $215,000 (yearly)",jobspy_indeed,https://www.indeed.com/viewjob?jk=47be2523827456d6,"","2026-03-12"
0,"","Senior Electrical Engineer","IPS-Integrated Project Services","San Francisco, California","","$117,000 - $180,000 (yearly)",jobspy_indeed,https://www.indeed.com/viewjob?jk=a06b7f2bf60866d2,"","2026-02-10"
0,"","Electrical / Automation Engineer","Seattle Safety","Seattle, Washington","","$75,000 - $150,000 (yearly)",jobspy_indeed,https://www.indeed.com/viewjob?jk=850e6be83f783fc0,"","2026-04-14"
0,"","Part-time Interior Designer","ArchiUS Design PLLC","Seattle, Washington","","$25 - $30 (hourly)",jobspy_indeed,https://www.indeed.com/viewjob?jk=1bace6b1d1c226da,"","2026-04-13"
0,"","BIM Manager","Horton Lees Brogden Lighting Design Inc","Seattle, Washington","","$96,200 - $101,900 (yearly)",jobspy_indeed,https://www.indeed.com/viewjob?jk=0766e702d035668a,"","2026-04-09"
0,"","Part-Time Graphic Designer (Bellevue - Hybrid)","nan","Seattle, Washington","","$25 - $36 (hourly)",jobspy_indeed,https://www.indeed.com/viewjob?jk=1289c018708f3834,"","2026-04-08"
0,"","Creative Director CGI, Devices Brand Studio","Amazon.com","Seattle, Washington","","$141,000 - $210,300 (yearly)",jobspy_indeed,https://www.indeed.com/viewjob?jk=7960e9f4a100f0f2,"","2026-02-24"
0,"","Interior Designer","Shepley Bulfinch","Boston, Massachusetts","","",jobspy_indeed,https://www.indeed.com/viewjob?jk=04338e1ce7b3a1ae,"","2026-04-15"
0,"","Community Planning & Design Intern","City Of Cambridge, MA","Boston, Massachusetts","","",jobspy_indeed,https://www.indeed.com/viewjob?jk=aa477041e63449b1,"","2026-04-15"
0,"","Interior/Exterior Installer – Year Round FT - Rehoboth, MA","City of Pawtucket","Boston, Massachusetts","","$18 - $22 (hourly)",jobspy_indeed,https://www.indeed.com/viewjob?jk=c7e73c476ad64ce2,"","2026-04-15"
0,"","Senior Traction Power Engineer","WSP","Boston, Massachusetts","","",jobspy_indeed,https://www.indeed.com/viewjob?jk=94508c7263b42939,"","2026-04-14"
0,"","Part-Time Interior Design Assistant and Project Manager","sirTANK Design","Boston, Massachusetts","","$28 - $35 (hourly)",jobspy_indeed,https://www.indeed.com/viewjob?jk=7388b05a1a0b1de6,"","2026-04-14"
0,"","Landscape Enhancement Designer","a Blade of Grass","Boston, Massachusetts","","$70,000 - $90,000 (yearly)",jobspy_indeed,https://www.indeed.com/viewjob?jk=68f88694d8f00409,"","2026-04-13"
0,"","Electrical Engineering Lead","VHB","Boston, Massachusetts","","$125,000 - $160,000 (yearly)",jobspy_indeed,https://www.indeed.com/viewjob?jk=86242ecd0610d2e2,"","2026-04-10"
0,"","Video and Photo Lead","Sperling","Boston, Massachusetts","","$60,000 - $70,000 (yearly)",jobspy_indeed,https://www.indeed.com/viewjob?jk=dcab1a1425dcb9f7,"","2026-04-10"
0,"","Controls Technician - Fabricator","Level99","Boston, Massachusetts","","$25 - $35 (hourly)",jobspy_indeed,https://www.indeed.com/viewjob?jk=9f7e8c6395b3ece1,"","2026-04-09"
0,"","BIM Manager","Horton Lees Brogden Lighting Design Inc","Boston, Massachusetts","","$86,000 - $102,800 (yearly)",jobspy_indeed,https://www.indeed.com/viewjob?jk=105751aad4e7b296,"","2026-04-09"
0,"","Driver","4Wall Entertainment","Boston, Massachusetts","","$20 - $23 (hourly)",jobspy_indeed,https://www.indeed.com/viewjob?jk=34f1e2ae5e861699,"","2026-04-09"
0,"","Content Creator","Wasserman Media Group LLC","Los Angeles, California","","$70,000 - $90,000 (yearly)",jobspy_indeed,https://www.indeed.com/viewjob?jk=f53202b8e7512ef4,"","2026-04-15"
0,"","H&M Visual Merchandiser - Westfield Century City","H&M","Los Angeles, California","","$22 - $25 (hourly)",jobspy_indeed,https://www.indeed.com/viewjob?jk=d22f676111c66794,"","2026-04-15"
0,"","Junior Designer","KENSKO","Los Angeles, California","","$29 - $36 (hourly)",jobspy_indeed,https://www.indeed.com/viewjob?jk=dd2bfa7340f351ec,"","2026-04-15"
0,"","Lighting Designer","P2S Inc.","Los Angeles, California","","$97,700 - $130,000 (yearly)",jobspy_indeed,https://www.indeed.com/viewjob?jk=41f2b63a410ca097,"","2026-04-15"
0,"","Videographer","Mariners Church","Los Angeles, California","","",jobspy_indeed,https://www.indeed.com/viewjob?jk=1189ad68f5762038,"","2026-04-15"
0,"","Editor / Motion Graphics Artist","Mariners Church","Los Angeles, California","","",jobspy_indeed,https://www.indeed.com/viewjob?jk=2cd4abb2c5e88116,"","2026-04-15"
0,"","Senior Show Lighting Designer - Project Hire/ Internal Assignment","Disney Parks, Experiences and Products","Los Angeles, California","","",jobspy_indeed,https://www.indeed.com/viewjob?jk=7b57dabc73d27164,"","2026-04-15"
0,"","Hotel Maintenance Engineer","Disney Parks, Experiences and Products","Los Angeles, California","","",jobspy_indeed,https://www.indeed.com/viewjob?jk=39b6b7d4a6c66a11,"","2026-04-16"
0,"","Principal Electrical Engineer","Disney Parks, Experiences and Products","Los Angeles, California","","",jobspy_indeed,https://www.indeed.com/viewjob?jk=56b92a1554db963e,"","2026-04-15"
0,"","Project Executive","EMCOR","Los Angeles, California","","$175,000 - $200,000 (yearly)",jobspy_indeed,https://www.indeed.com/viewjob?jk=db550c6fc4626178,"","2026-04-14"
0,"","Lead Finisher","Ardmore Home Design","Los Angeles, California","","$25 - $30 (hourly)",jobspy_indeed,https://www.indeed.com/viewjob?jk=629e02e15e210250,"","2026-04-14"
0,"","Architectural Solutions Partner (ASP) - Eureka - Southwest U.S. - Regions 1&6","Acuity Inc.","Los Angeles, California","","$66,500 - $143,600 (yearly)",jobspy_indeed,https://www.indeed.com/viewjob?jk=8a021e045f2bedcb,"","2026-04-14"
0,"","Senior Show Lighting Designer - Project Hire/ Internal Assignment","The Walt Disney Company","Los Angeles, California","","$111,500 - $140,900 (yearly)",jobspy_indeed,https://www.indeed.com/viewjob?jk=a4758befed2a85c5,"","2026-04-14"
0,"","Electrical Engineer - MEP","NV5","Los Angeles, California","","$92,000 - $120,000 (yearly)",jobspy_indeed,https://www.indeed.com/viewjob?jk=c0a378d314898042,"","2026-04-13"
0,"","UX Lead & Design Manager","Acuity Inc.","Los Angeles, California","","$104,000 - $187,500 (yearly)",jobspy_indeed,https://www.indeed.com/viewjob?jk=4c831fb1921eb542,"","2026-04-11"
0,"","Interior Designer","Nicole Gordon Studio","Los Angeles, California","","$85,000 - $120,000 (yearly)",jobspy_indeed,https://www.indeed.com/viewjob?jk=9711d333ca4741d5,"","2026-04-11"
0,"","Account Development Representative","Humanscale","Los Angeles, California","","$70,069 - $102,204 (yearly)",jobspy_indeed,https://www.indeed.com/viewjob?jk=bbfea063ed9549ab,"","2026-04-10"
0,"","Product Photographer & Social Media Support","ESG Luxury LLC","Los Angeles, California","","$19 - $22 (hourly)",jobspy_indeed,https://www.indeed.com/viewjob?jk=28fde759bd90a593,"","2026-04-10"
0,"","Senior Art Director, Motion Design","Apple","Los Angeles, California","","$173,500 - $260,800 (yearly)",jobspy_indeed,https://www.indeed.com/viewjob?jk=570058b8f45db76b,"","2026-04-09"
0,"","Art Director, 3D, App Store Content","Apple","Los Angeles, California","","$134,800 - $245,800 (yearly)",jobspy_indeed,https://www.indeed.com/viewjob?jk=c16d55bb7947c0b8,"","2026-04-09"
0,"","Video Streaming Engineer, Apple Services Engineering","Apple","Los Angeles, California","","$134,800 - $245,800 (yearly)",jobspy_indeed,https://www.indeed.com/viewjob?jk=d97458345c328303,"","2026-04-09"
0,"","TEMPORARY SENIOR CREATIVE PHOTOGRAPHER","Los Angeles County Metropolitan Transportation Authority","Los Angeles, California","","$38 - $57 (hourly)",jobspy_indeed,https://www.indeed.com/viewjob?jk=5de8c12a8fd42f88,"","2026-04-09"
0,"","BIM Manager","Horton Lees Brogden Lighting Design Inc","Los Angeles, California","","$100,300 - $106,300 (yearly)",jobspy_indeed,https://www.indeed.com/viewjob?jk=2ef83a577f77a872,"","2026-04-09"
0,"","Graphic Designer","Auroion LED","Los Angeles, California","","",jobspy_indeed,https://www.indeed.com/viewjob?jk=00901db983a829c5,"","2026-04-09"
0,"","Associate Multimedia Designer","Superior Court of Orange County","Los Angeles, California","","$32 - $50 (hourly)",jobspy_indeed,https://www.indeed.com/viewjob?jk=eeddf144b78c53fb,"","2026-04-09"
0,"","Director of Electrical Engineering","FBA Engineering","Los Angeles, California","","$150,000 - $225,000 (yearly)",jobspy_indeed,https://www.indeed.com/viewjob?jk=a66342cecc9d8908,"","2026-03-31"
0,"","Creative Director CGI, Devices Brand Studio","Amazon.com","Los Angeles, California","","$141,000 - $210,300 (yearly)",jobspy_indeed,https://www.indeed.com/viewjob?jk=21cc7bfecaf607e2,"","2026-02-24"
0,"","Dignitas / Raidiant Freelance Opportunities","Dignitas Esports","Los Angeles, California","","",jobspy_indeed,https://www.indeed.com/viewjob?jk=4678bd73936bbec8,"","2022-03-25"
0,"","Mechanical Engineer Intern/Co-op Fall 2026 - Energy Solutions","CMTA Consulting Engineers","Washington, DC","","",jobspy_indeed,https://www.indeed.com/viewjob?jk=a09debbd69f258e5,"","2026-04-16"
0,"","Electrical Engineer Intern/Co-op Summer 2026 - CMTA","CMTA Consulting Engineers","Washington, DC","","",jobspy_indeed,https://www.indeed.com/viewjob?jk=98e0ba144d814952,"","2026-04-10"
0,"","Mechanical Engineer Intern/Co-op Fall 2026 - Energy Solutions","Legence","Washington, DC","","",jobspy_indeed,https://www.indeed.com/viewjob?jk=3f473ce9b784444c,"","2026-04-16"
0,"","Electrical Engineer Intern/Co-op Summer 2026 - CMTA","Legence","Washington, DC","","",jobspy_indeed,https://www.indeed.com/viewjob?jk=b6acbefcacb85093,"","2026-04-10"
0,"","Project Architect","Gensler","Washington, DC","","$82,000 - $108,000 (yearly)",jobspy_indeed,https://www.indeed.com/viewjob?jk=a8eef95981538d3c,"","2026-04-16"
0,"","Data Engineer","Johnson, Mirmiran & Thompson","Washington, DC","","$114,400 - $124,800 (yearly)",jobspy_indeed,https://www.indeed.com/viewjob?jk=33af3f954c448cdd,"","2026-04-16"
0,"","Commercial Architectural Walls Designer","COFCO, A Henricksen Company","Washington, DC","","$80,000 - $100,000 (yearly)",jobspy_indeed,https://www.indeed.com/viewjob?jk=7419617da8dec4f0,"","2026-04-16"
0,"","Cert Interior Designer II - Senior Living","Hord Coplan Macht, Inc.","Washington, DC","","$85,000 - $115,000 (yearly)",jobspy_indeed,https://www.indeed.com/viewjob?jk=920986bb591e652f,"","2026-04-14"
0,"","Design Assistant","Gramophone Ltd.","Washington, DC","","$24 - $27 (hourly)",jobspy_indeed,https://www.indeed.com/viewjob?jk=f538397f9db1cab2,"","2026-04-14"
0,"","Electrical Designer","Gill Engineering Group Plc","Washington, DC","","$95,908 - $102,659 (yearly)",jobspy_indeed,https://www.indeed.com/viewjob?jk=aa785dc467247201,"","2026-04-14"
0,"","Designer","Crate and Barrel","Washington, DC","","",jobspy_indeed,https://www.indeed.com/viewjob?jk=b0be101af813d078,"","2026-04-13"
0,"","Mission Critical - Sr. Electrical Engineer","Henderson Engineers","Washington, DC","","",jobspy_indeed,https://www.indeed.com/viewjob?jk=6cd0e4e7fd6ef91c,"","2026-04-13"
0,"","Lighting Project Manager","SHEPHERD ELECTRIC","Washington, DC","","",jobspy_indeed,https://www.indeed.com/viewjob?jk=5fd5578818b13d29,"","2026-04-13"
0,"","Electrical Project Manager","JAMES POSEY ASSOCIATES","Washington, DC","","",jobspy_indeed,https://www.indeed.com/viewjob?jk=679a8bc415cfc434,"","2026-04-13"
0,"","Designer II - BGE Automation Cntrctg & Design","Baltimore Gas & Electric","Washington, DC","","$38 - $47 (hourly)",jobspy_indeed,https://www.indeed.com/viewjob?jk=9142b7936e822d8a,"","2026-04-10"
0,"","Showroom Sales Consultant","Ferguson","Washington, DC","","$60,000 - $90,000 (yearly)",jobspy_indeed,https://www.indeed.com/viewjob?jk=9a4d8684529a0891,"","2026-04-10"
0,"","Electrical BIM Designer, DC Design Engineering","Amazon.com","Washington, DC","","$116,800 - $160,000 (yearly)",jobspy_indeed,https://www.indeed.com/viewjob?jk=06e432ce5864fb99,"","2026-03-12"
0,"","Security Systems Engineer, DCE Security Solutions Engineering","Amazon.com","Washington, DC","","$116,800 - $160,000 (yearly)",jobspy_indeed,https://www.indeed.com/viewjob?jk=86661aa1c7530fd3,"","2026-03-04"
0,"","Electrical Design Engineer, HVMV Engineering","Amazon.com","Washington, DC","","$116,800 - $160,000 (yearly)",jobspy_indeed,https://www.indeed.com/viewjob?jk=6ad0a93140fe1a5c,"","2026-03-19"
0,"","Senior Electrical Engineer","IPS-Integrated Project Services","Washington, DC","","$102,000 - $157,000 (yearly)",jobspy_indeed,https://www.indeed.com/viewjob?jk=e3d6c822d109510e,"","2026-02-10"
0,"","Bath and Kitchen Designer","Cherryworks","United States","","",jobspy_indeed,https://www.indeed.com/viewjob?jk=d25a77d51c7f29e5,"","2026-04-16"
0,"","Lighting and Electrical Designer","Wynne Walker Group","United States","","$50,000 - $90,000 (yearly)",jobspy_indeed,https://www.indeed.com/viewjob?jk=50498e8510ed77d8,"","2026-04-16"
0,"","REVIT Electrical Designer","Kiewit Corporation","United States","","$63,000 - $66,000 (yearly)",jobspy_indeed,https://www.indeed.com/viewjob?jk=a8ad39c2f5cb1c32,"","2026-04-16"
0,"","Senior Project Developer – Federal (NORESCO)","Carrier","United States","","$117,500 - $234,500 (yearly)",jobspy_indeed,https://www.indeed.com/viewjob?jk=0f017690026715c0,"","2026-04-16"
0,"","Architectural Visualization Specialist","Florim - Tile Industry","United States","","$55,000 - $60,000 (yearly)",jobspy_indeed,https://www.indeed.com/viewjob?jk=8b1330fac9b3d74b,"","2026-04-16"
0,"","Landscape & Hardscape Superintendent","Earthadelic Landscape & Construction","United States","","$65,000 - $85,000 (yearly)",jobspy_indeed,https://www.indeed.com/viewjob?jk=8fd595794d05eec7,"","2026-04-16"
0,"","Mechanical Engineer Intern/Co-op Fall 2026 - Energy Solutions","CMTA Consulting Engineers","United States","","",jobspy_indeed,https://www.indeed.com/viewjob?jk=12e2bfbcb64bef54,"","2026-04-16"
0,"","Mechanical Engineer Intern/Co-op Fall 2026 - Energy Solutions","Legence","United States","","",jobspy_indeed,https://www.indeed.com/viewjob?jk=c080ac745f13446e,"","2026-04-16"
0,"","Electrical Engineer I","Affiliated Engineers, Inc","United States","","",jobspy_indeed,https://www.indeed.com/viewjob?jk=9c56e764559bd3c1,"","2026-04-16"
0,"","Senior Substation Physical Designer 2 - Grid","Sargent & Lundy","United States","","$39 - $62 (hourly)",jobspy_indeed,https://www.indeed.com/viewjob?jk=a8abe623df1c73e2,"","2026-04-15"
0,"","YouTube Videographer & Editor","nan","Remote","","",jobspy_indeed,https://www.indeed.com/viewjob?jk=de530f420172d51f,"","2026-04-14"
0,"","UX/UI Designer","Hitapps","Remote","","",jobspy_indeed,https://www.indeed.com/viewjob?jk=14da06e043571ca6,"","2026-04-13"
0,"","Sr. Motion Graphics Designer","Filevine","Remote","","$100,000 - $115,000 (yearly)",jobspy_indeed,https://www.indeed.com/viewjob?jk=266bb098bda56fc7,"","2026-04-10"
0,"","Graphic Designer","Intakter","Remote","","$45,000 - $55,000 (yearly)",jobspy_indeed,https://www.indeed.com/viewjob?jk=07b650e6bff22304,"","2026-04-10"
0,"","Senior Video Producer / Editor","Think Big Media","Remote","","$60,000 - $80,000 (yearly)",jobspy_indeed,https://www.indeed.com/viewjob?jk=696b16539a1482a5,"","2026-04-10"
0,"","Facility and Grounds Technician - 1st Shift","Miniat","Chicago, Illinois","","$18 - $22 (hourly)",jobspy_indeed,https://www.indeed.com/viewjob?jk=727fd36ec726571c,"","2026-04-16"
0,"","Building Engineer ($20-$25/Hour) - Randolph Packing","Rehmann","Chicago, Illinois","","$20 - $25 (hourly)",jobspy_indeed,https://www.indeed.com/viewjob?jk=4dc1d7cd2ce13e6c,"","2026-04-15"
0,"","Beverage Technician - Champaign, IL","Circle K","Chicago, Illinois","","",jobspy_indeed,https://www.indeed.com/viewjob?jk=bed9a9caabf234f1,"","2026-04-15"
0,"","Automotive Service Advisor","nan","Chicago, Illinois","","$20 - $26 (hourly)",jobspy_indeed,https://www.indeed.com/viewjob?jk=f672a24b6fb20c00,"","2026-04-15"
0,"","Plant Care Technician","Ambius","Chicago, Illinois","","$15 - $25 (hourly)",jobspy_indeed,https://www.indeed.com/viewjob?jk=9254c867970087cf,"","2026-04-15"
0,"","Mobile HVAC / Maintenance Technician","JLL","Chicago, Illinois","","",jobspy_indeed,https://www.indeed.com/viewjob?jk=850a46fa77f080b5,"","2026-04-15"
0,"","Maintenance Technician Electrical","Fibertex Nonwovens Inc","Chicago, Illinois","","",jobspy_indeed,https://www.indeed.com/viewjob?jk=d2dd835c1fb13021,"","2026-04-14"
0,"","Grounds Tech I","nan","Chicago, Illinois","","$18 - $22 (hourly)",jobspy_indeed,https://www.indeed.com/viewjob?jk=6ae20e95ae68728e,"","2026-04-13"
0,"","Grounds Tech I","Wind Creek Hospitality","Chicago, Illinois","","$18 - $22 (hourly)",jobspy_indeed,https://www.indeed.com/viewjob?jk=64e51caf2c6ff886,"","2026-04-13"
0,"","Maintenance Technician","First Priority","Chicago, Illinois","","$32 - $39 (hourly)",jobspy_indeed,https://www.indeed.com/viewjob?jk=5012667c8c5660d2,"","2026-04-13"
0,"","Facility Maintenance Technician","TravelCenters of America","Chicago, Illinois","","$20 - $25 (hourly)",jobspy_indeed,https://www.indeed.com/viewjob?jk=ca4bd164b52a76ea,"","2026-04-13"
0,"","Maintenance Technician","HMH","Chicago, Illinois","","$39,000 - $45,000 (yearly)",jobspy_indeed,https://www.indeed.com/viewjob?jk=ba3353e44b9bf80a,"","2026-04-11"
0,"","Lead Engineer - Critical Environments","JLL","Chicago, Illinois","","$88,000 - $100,000 (yearly)",jobspy_indeed,https://www.indeed.com/viewjob?jk=cde58bea57df2be7,"","2026-04-10"
0,"","Operating Engineer S2 - Critical Environments","JLL","Chicago, Illinois","","$75,000 - $100,000 (yearly)",jobspy_indeed,https://www.indeed.com/viewjob?jk=09ad17eca28eb8ad,"","2026-04-10"
0,"","Maintenance Technician","ISS Facility Services","Chicago, Illinois","","",jobspy_indeed,https://www.indeed.com/viewjob?jk=23d1fa0fe3840884,"","2026-04-10"
0,"","Facilities Maintenance Technician - Alsip, IL","Ingersoll-Rand","Chicago, Illinois","","",jobspy_indeed,https://www.indeed.com/viewjob?jk=645bede2e51336fe,"","2026-04-10"
0,"","Maintenance Technician (Union)","Brookfield Properties","Chicago, Illinois","","$23 - $26 (hourly)",jobspy_indeed,https://www.indeed.com/viewjob?jk=698e6d5876472c2d,"","2026-04-09"
0,"","Maintenance Technician","Ruggable","Chicago, Illinois","","$25 - $28 (hourly)",jobspy_indeed,https://www.indeed.com/viewjob?jk=50f7d0b94f2ee2fe,"","2026-04-09"
0,"","Maintenance Technician - Forklift Repair","Lineage","Chicago, Illinois","","$21 - $36 (hourly)",jobspy_indeed,https://www.indeed.com/viewjob?jk=1008e3acf0adf970,"","2026-03-10"
0,"","Maintenance Technician III","Balfour Beatty","New York, New York","","",jobspy_indeed,https://www.indeed.com/viewjob?jk=314c89a3ba8033d0,"","2026-04-15"
0,"","Service Technician","Southern Land Company, LLC","New York, New York","","$30 - $32 (hourly)",jobspy_indeed,https://www.indeed.com/viewjob?jk=5be08f7daada52de,"","2026-04-15"
0,"","MODEL SHOP ANIMATION TECHNICIAN","Merlin Entertainments","New York, New York","","",jobspy_indeed,https://www.indeed.com/viewjob?jk=1301cfb8466aa9ad,"","2026-04-15"
0,"","Building Engineering Supervisor","ABM Industries Inc.","New York, New York","","$98,000 - $140,000 (yearly)",jobspy_indeed,https://www.indeed.com/viewjob?jk=e8565ecfa2d6a13c,"","2026-04-15"
0,"","Electrical & Fire Technician Supervisor","ABM Industries Inc.","New York, New York","","$98,000 - $140,000 (yearly)",jobspy_indeed,https://www.indeed.com/viewjob?jk=570cc2afbca938a5,"","2026-04-15"
0,"","Facilities Maintenance Technician","Cytiva","New York, New York","","$72,000 - $93,000 (yearly)",jobspy_indeed,https://www.indeed.com/viewjob?jk=fef1eb40421c674d,"","2026-04-14"
0,"","Diesel Technician / Mechanic","Krapf Group","New York, New York","","$20 - $32 (hourly)",jobspy_indeed,https://www.indeed.com/viewjob?jk=6b1b8abec12dcab8,"","2026-04-14"
0,"","Apartment Maintenance Technician","Silver Tree Residential","New York, New York","","$23 - $27 (hourly)",jobspy_indeed,https://www.indeed.com/viewjob?jk=1e58acb6e016554c,"","2026-04-14"
0,"","Electrician - Service","Dwyer Services","New York, New York","","",jobspy_indeed,https://www.indeed.com/viewjob?jk=dfe17f4c5500756d,"","2026-04-14"
0,"","Maintenance Technician/ Equipment Operator","City of Newark, NJ - Department of Water and Sewer Utilities","New York, New York","","$20 - $30 (hourly)",jobspy_indeed,https://www.indeed.com/viewjob?jk=cb0bd30064c1d5a7,"","2026-04-14"
0,"","Facilities Maintenance Technician","nan","New York, New York","","$22 - $26 (hourly)",jobspy_indeed,https://www.indeed.com/viewjob?jk=11e9de5aff367039,"","2026-04-14"
0,"","Fleet Maintenance/Truck & Trailer Technician","Z Transportation Inc","New York, New York","","$41,000 - $78,000 (yearly)",jobspy_indeed,https://www.indeed.com/viewjob?jk=fe803fad2996e953,"","2026-04-13"
0,"","Service Technician Trainee","Leslie's Poolmart","New York, New York","","",jobspy_indeed,https://www.indeed.com/viewjob?jk=388877606b898f0f,"","2026-04-13"
0,"","Irrigation/Sprinkler Technician","Dom's Landscaping Inc.","New York, New York","","$20 - $25 (hourly)",jobspy_indeed,https://www.indeed.com/viewjob?jk=c09b28fa2aca3984,"","2026-04-10"
0,"","Plant Care Technician I","Planticular Inc.","New York, New York","","$23 - $26 (hourly)",jobspy_indeed,https://www.indeed.com/viewjob?jk=1c7b0f8d933ab4ba,"","2026-04-10"
0,"","Maintenance Technician","Mill River Club","New York, New York","","$19 - $22 (hourly)",jobspy_indeed,https://www.indeed.com/viewjob?jk=bfc0e115e94d7e21,"","2026-04-09"
0,"","Union HVAC Engineer - Life Sciences Client Site","CBRE","New York, New York","","",jobspy_indeed,https://www.indeed.com/viewjob?jk=58701a72228f2e4d,"","2026-04-07"
0,"","Maintenance Technician II","Balfour Beatty","San Francisco, California","","",jobspy_indeed,https://www.indeed.com/viewjob?jk=165896c356845bb2,"","2026-04-13"
0,"","Maintenance Technician (The Fountains, Tyrella Gardens)","MidPen Housing","San Francisco, California","","$22 - $25 (hourly)",jobspy_indeed,https://www.indeed.com/viewjob?jk=b9ebad16f8328d2b,"","2026-04-15"
0,"","Sr. Facilities Technician II","Vector Atomic","San Francisco, California","","$95,000 - $120,000 (yearly)",jobspy_indeed,https://www.indeed.com/viewjob?jk=9d283c1a414bc307,"","2026-04-15"
0,"","Maintenance Technician (Paulson Park I, Paulson Park II)","MidPen Housing","San Francisco, California","","$25 - $28 (hourly)",jobspy_indeed,https://www.indeed.com/viewjob?jk=e02f4d7be6755a93,"","2026-04-15"
0,"","Maintenance Technician (Alma Point)","MidPen Housing","San Francisco, California","","$25 - $28 (hourly)",jobspy_indeed,https://www.indeed.com/viewjob?jk=7b7c4bbd26046594,"","2026-04-15"
0,"","Maintenance Technician (Casa Roseland)","MidPen Housing","San Francisco, California","","$25 - $28 (hourly)",jobspy_indeed,https://www.indeed.com/viewjob?jk=3728e39aab99171b,"","2026-04-13"
0,"","Maintenance Technician (Summer Oaks)","MidPen Housing","San Francisco, California","","$25 - $28 (hourly)",jobspy_indeed,https://www.indeed.com/viewjob?jk=354555ed35d062e6,"","2026-04-13"
0,"","Service Technician I","Prime Residential","San Francisco, California","","",jobspy_indeed,https://www.indeed.com/viewjob?jk=2808993f345fca96,"","2026-04-15"
0,"","Christmas Lighting Installer (Seasonal)","BRITE NITES","San Francisco, California","","",jobspy_indeed,https://www.indeed.com/viewjob?jk=e647f7f6014ca1fc,"","2026-04-14"
0,"","Union Mobile Engineer","JLL","San Francisco, California","","$151,694 - $151,694 (yearly)",jobspy_indeed,https://www.indeed.com/viewjob?jk=e54dfcbe5139c00f,"","2026-04-13"
0,"","Maintenance Technician II","Spanish Speaking Unity Council","San Francisco, California","","$26 - $31 (hourly)",jobspy_indeed,https://www.indeed.com/viewjob?jk=5e61dd9bf5264168,"","2026-04-13"
0,"","Facilities Maintenance Technician 2","Vishay","San Francisco, California","","$35 - $40 (hourly)",jobspy_indeed,https://www.indeed.com/viewjob?jk=6544c6fc30f37bd3,"","2026-04-13"
0,"","Lead Maintenance Technician","Hines Building Maintenance (HBM)","San Francisco, California","","$35 - $45 (hourly)",jobspy_indeed,https://www.indeed.com/viewjob?jk=9a7d83768ee48154,"","2026-04-13"
0,"","Critical Facilities Engineer, NA","Vantage Data Centers","San Francisco, California","","$51 - $65 (hourly)",jobspy_indeed,https://www.indeed.com/viewjob?jk=78855c6403377e1f,"","2026-04-13"
0,"","Fire Extinguisher Technician","Cintas","San Francisco, California","","$45,000 - $90,000 (yearly)",jobspy_indeed,https://www.indeed.com/viewjob?jk=d8d18c011295ea7f,"","2026-04-10"
0,"","AV Event Technician","EOS IT Solutions","San Francisco, California","","$50 - $55 (hourly)",jobspy_indeed,https://www.indeed.com/viewjob?jk=3dde331e246d64cf,"","2026-04-09"
0,"","Lead Lighting Technician","MyLEDrebates.com","San Francisco, California","","$35 - $55 (hourly)",jobspy_indeed,https://www.indeed.com/viewjob?jk=29db663a6d0686e1,"","2026-04-09"
0,"","Maintenance Technician - Luxury","Related","San Francisco, California","","$26 - $29 (hourly)",jobspy_indeed,https://www.indeed.com/viewjob?jk=0b1bf1cc2a18c00d,"","2026-01-26"
0,"","Maintenance Technician - High-Rise","Related","San Francisco, California","","$26 - $29 (hourly)",jobspy_indeed,https://www.indeed.com/viewjob?jk=07c9cb01b26bff25,"","2026-01-07"
0,"","Mobile Vehicle Inspector II (Manheim)","Cox Automotive","Seattle, Washington","","$18 - $27 (hourly)",jobspy_indeed,https://www.indeed.com/viewjob?jk=d861b70a33f3d2c0,"","2026-04-15"
0,"","Sprinkler Service Technician","Olympic Landscape","Seattle, Washington","","",jobspy_indeed,https://www.indeed.com/viewjob?jk=5bd3e457c24a48ea,"","2026-04-15"
0,"","Maintenance Electrician","JLL","Seattle, Washington","","",jobspy_indeed,https://www.indeed.com/viewjob?jk=a157dd2d467e21b2,"","2026-04-14"
0,"","Multi-Site Maintenance Technician","Avenue5 Residential","Seattle, Washington","","$26 - $28 (hourly)",jobspy_indeed,https://www.indeed.com/viewjob?jk=99a6aebf56439ef8,"","2026-04-14"
0,"","Maintenance Technician I","Probi USA, Inc.","Seattle, Washington","","$23 - $27 (hourly)",jobspy_indeed,https://www.indeed.com/viewjob?jk=d3d02f90644be646,"","2026-04-13"
0,"","Handyman","American Facilities Professionals","Seattle, Washington","","$25 - $30 (hourly)",jobspy_indeed,https://www.indeed.com/viewjob?jk=ba9abf235dfb38e7,"","2026-04-13"
0,"","HD Mechanical Service Technician","City Of Bellevue","Seattle, Washington","","$90,953 - $112,240 (yearly)",jobspy_indeed,https://www.indeed.com/viewjob?jk=08501fb1afa481be,"","2026-04-10"
0,"","Parks Facilities Maintenance Technician","City Of Redmond, Washington","Seattle, Washington","","$69,715 - $104,603 (yearly)",jobspy_indeed,https://www.indeed.com/viewjob?jk=a7d870ef0a581ee4,"","2026-04-09"
0,"","Maintenance Technician","Avenue5 Residential","Seattle, Washington","","$27 - $28 (hourly)",jobspy_indeed,https://www.indeed.com/viewjob?jk=071ecf95632cd57e,"","2026-04-09"
0,"","Hotel Maintenance Technician","Hyatt House Seattle Downtown & Hyatt Place Seattle Downtown","Seattle, Washington","","$23 - $26 (hourly)",jobspy_indeed,https://www.indeed.com/viewjob?jk=ba51284c601bbddc,"","2026-04-09"
0,"","Chassis Mechanic","Lineage","Seattle, Washington","","$21 - $36 (hourly)",jobspy_indeed,https://www.indeed.com/viewjob?jk=35eb5df4035d4c36,"","2026-03-12"
0,"","Operating Engineer","JLL","Boston, Massachusetts","","$70,000 - $75,000 (yearly)",jobspy_indeed,https://www.indeed.com/viewjob?jk=db9e42a411606ae8,"","2026-04-15"
0,"","Heavy Truck Mechanic","Casella Waste Systems, Inc.","Boston, Massachusetts","","$32 - $37 (hourly)",jobspy_indeed,https://www.indeed.com/viewjob?jk=94e3e867c14f09fa,"","2026-04-14"
0,"","Building Engineer","Lincoln Property Company","Boston, Massachusetts","","$35 - $40 (hourly)",jobspy_indeed,https://www.indeed.com/viewjob?jk=3e1349c946e9a226,"","2026-04-14"
0,"","Truck Build Technician - New England Wrecker Sales","nan","Boston, Massachusetts","","$25 - $40 (hourly)",jobspy_indeed,https://www.indeed.com/viewjob?jk=295d5c5ab490983b,"","2026-04-13"
0,"","Assistant Technical Director","Concord Academy","Boston, Massachusetts","","$45,000 - $50,000 (yearly)",jobspy_indeed,https://www.indeed.com/viewjob?jk=9fe50a0c64a7b4bc,"","2026-04-10"
0,"","HVAC Technician IV (Licensed)","Lowell General Hospital","Boston, Massachusetts","","$31 - $39 (hourly)",jobspy_indeed,https://www.indeed.com/viewjob?jk=791fc1331c7bef1a,"","2026-04-10"
0,"","Maintenance Tech 1 - Burlington","Nordstrom","Boston, Massachusetts","","$19 - $33 (hourly)",jobspy_indeed,https://www.indeed.com/viewjob?jk=15284533813b0b1a,"","2026-04-09"
0,"","AIRPORT BUILDING TECHNICIAN - AVIATION","City of Manchester, NH","Boston, Massachusetts","","$28 - $40 (hourly)",jobspy_indeed,https://www.indeed.com/viewjob?jk=50a800b9717fef2d,"","2026-04-02"
0,"","Sr Building Engineer","CBRE","Los Angeles, California","","$45 - $50 (hourly)",jobspy_indeed,https://www.indeed.com/viewjob?jk=630a6e2073854695,"","2026-04-15"
0,"","Weatherization Tech / Installer (Entry Level / Trainee)","FCI Management","Los Angeles, California","","$18 - $20 (hourly)",jobspy_indeed,https://www.indeed.com/viewjob?jk=06836d87cbb6af02,"","2026-04-15"
0,"","Facilities Maintenance Technician","Brady Construction Group","Los Angeles, California","","$20 - $45 (hourly)",jobspy_indeed,https://www.indeed.com/viewjob?jk=dfec97a54112e968,"","2026-04-15"
0,"","Now Hiring: Emergency Vehicle Installers & Technicians","911Vehicle","Los Angeles, California","","$22 - $33 (hourly)",jobspy_indeed,https://www.indeed.com/viewjob?jk=0db1d350a2c87414,"","2026-04-15"
0,"","Maintenance Technician","nan","Los Angeles, California","","$22 - $24 (hourly)",jobspy_indeed,https://www.indeed.com/viewjob?jk=d6a0955d3cd8a6a6,"","2026-04-15"
0,"","Maintenance Technician","ISS Facility Services","Los Angeles, California","","$28 - $30 (hourly)",jobspy_indeed,https://www.indeed.com/viewjob?jk=4206a75c41eff277,"","2026-04-14"
0,"","Maintenance Engineer (WOT)","Paragon Building Maintenance","Los Angeles, California","","$35 - $45 (hourly)",jobspy_indeed,https://www.indeed.com/viewjob?jk=f59ffae446f824c7,"","2026-04-14"
0,"","Trailer Technician","Werner Enterprises","Los Angeles, California","","$20 - $27 (hourly)",jobspy_indeed,https://www.indeed.com/viewjob?jk=c9bbea68b144d448,"","2026-04-14"
0,"","Facilities Manager","Turion Space","Los Angeles, California","","$130,000 - $180,000 (yearly)",jobspy_indeed,https://www.indeed.com/viewjob?jk=c6b2931959b1a019,"","2026-04-14"
0,"","Day Porter/Maintenance","The Renken Company","Los Angeles, California","","$20 - $25 (hourly)",jobspy_indeed,https://www.indeed.com/viewjob?jk=c50b502abd5b5454,"","2026-04-14"
0,"","Maintenance Technician","Avenue5 Residential","Los Angeles, California","","$23 - $25 (hourly)",jobspy_indeed,https://www.indeed.com/viewjob?jk=9020184f88c6ef4d,"","2026-04-14"
0,"","Wire Technician","Amsco US","Los Angeles, California","","$20 - $40 (hourly)",jobspy_indeed,https://www.indeed.com/viewjob?jk=521650fd246ff4e6,"","2026-04-14"
0,"","Maintenance Technician - Colton","Kinder Morgan","Los Angeles, California","","$44 - $58 (hourly)",jobspy_indeed,https://www.indeed.com/viewjob?jk=9de0da0384a569b5,"","2026-04-14"
0,"","Instrumentation and Controls Technician","CAM Industrial Solutions","Los Angeles, California","","",jobspy_indeed,https://www.indeed.com/viewjob?jk=c42e750bf710fc28,"","2026-04-13"
0,"","Lead Maintenance Technician","Hines Building Maintenance (HBM)","Los Angeles, California","","$35 - $40 (hourly)",jobspy_indeed,https://www.indeed.com/viewjob?jk=1db6b97ad2a706ba,"","2026-04-13"
0,"","Plumbing/Electrical Technician","2 Guys Termite Inc.","Los Angeles, California","","$26 - $32 (hourly)",jobspy_indeed,https://www.indeed.com/viewjob?jk=8984bc01731f567f,"","2026-04-11"
0,"","Diesel Mechanic 2nd Shift","Old Dominion Freight Line","Los Angeles, California","","$34 - $38 (hourly)",jobspy_indeed,https://www.indeed.com/viewjob?jk=4953c925519cb1bf,"","2026-04-10"
0,"","Maintenance Technician","Beverly Hills Plaza Hotel & Spa","Los Angeles, California","","$23 - $25 (hourly)",jobspy_indeed,https://www.indeed.com/viewjob?jk=f382b2b65fd291c9,"","2026-04-10"
0,"","Electrician Technician","Universal Studios Hollywood","Los Angeles, California","","",jobspy_indeed,https://www.indeed.com/viewjob?jk=acbde37911801e00,"","2026-04-10"
0,"","Engineering & Facilities Operations Manager - Regional Distribution Center - Fontana, California","Target","Los Angeles, California","","$73,000 - $132,000 (yearly)",jobspy_indeed,https://www.indeed.com/viewjob?jk=fad4fcc21dac7aa2,"","2026-04-10"
0,"","Maintenance Tech / Porter","Realty Center Management Inc","Los Angeles, California","","$21 - $23 (hourly)",jobspy_indeed,https://www.indeed.com/viewjob?jk=c4dfcf20bb8868f2,"","2026-04-09"
0,"","Electrician Service Technician","Hard Hat Services","Washington, DC","","$25 - $32 (hourly)",jobspy_indeed,https://www.indeed.com/viewjob?jk=7eb32abaa4a8bb4e,"","2026-04-16"
0,"","Mechanic","Power Trucks USA","Washington, DC","","$45,000 - $75,000 (yearly)",jobspy_indeed,https://www.indeed.com/viewjob?jk=3797d88dd89ed888,"","2026-04-16"
0,"","Christmas Lighting Installer (Seasonal)","BRITE NITES","Washington, DC","","",jobspy_indeed,https://www.indeed.com/viewjob?jk=41961f15578baf36,"","2026-04-14"
0,"","Industrial Maintenance Technician-Electrician","Cruz Associates Inc","Washington, DC","","",jobspy_indeed,https://www.indeed.com/viewjob?jk=fdcb4e8f2bb1148b,"","2026-04-14"
0,"","Irrigation Technician","nan","Washington, DC","","$20 - $30 (hourly)",jobspy_indeed,https://www.indeed.com/viewjob?jk=7ed88cfa2d2aeb0d,"","2026-04-14"
0,"","Lead Maintenance Tech","The Michaels Organization","Washington, DC","","$29 - $32 (hourly)",jobspy_indeed,https://www.indeed.com/viewjob?jk=805319dbb69acd66,"","2026-04-13"
0,"","Field Technician-OCONUS","Nightwing","Washington, DC","","",jobspy_indeed,https://www.indeed.com/viewjob?jk=80c6f4be748e52bd,"","2026-04-13"
0,"","Automotive Technician/Mechanic","United States Postal Service","Washington, DC","","",jobspy_indeed,https://www.indeed.com/viewjob?jk=80f5c5b78fa71a6d,"","2026-04-10"
0,"","Facilities Manager - Electrical","Maryland Stadium Authority","Washington, DC","","$102,259 - $127,823 (yearly)",jobspy_indeed,https://www.indeed.com/viewjob?jk=88be84c48f77ba3f,"","2026-04-13"
0,"","Building & Maintenance Technician I","Community College of Baltimore County","Washington, DC","","",jobspy_indeed,https://www.indeed.com/viewjob?jk=6d0a5d8039e07eb3,"","2026-04-10"
0,"","Service Manager - Cortland at Dulles","Cortland","Washington, DC","","",jobspy_indeed,https://www.indeed.com/viewjob?jk=786321a3846a05e1,"","2026-04-10"
0,"","Senior Life Safety Technician","George Washington University","Washington, DC","","$32 - $49 (hourly)",jobspy_indeed,https://www.indeed.com/viewjob?jk=b8a707c87bdc7cc2,"","2026-04-10"
0,"","Electrical/Traffic Signal Technician (Trainee or Full-Performance)","Arlington County","Washington, DC","","$60,840 - $100,464 (yearly)",jobspy_indeed,https://www.indeed.com/viewjob?jk=51e54f9b526b200d,"","2026-04-10"
0,"","Generator Service Technician","M.E. Flow","Washington, DC","","",jobspy_indeed,https://www.indeed.com/viewjob?jk=32c01408c1435be5,"","2026-04-10"
0,"","Senior Maintenance Technician","Verbal Beginnings","Washington, DC","","$36,500 - $60,000 (yearly)",jobspy_indeed,https://www.indeed.com/viewjob?jk=e8aab4549aae5039,"","2026-04-09"
0,"","HVAC Technician II or III, Commercial","ABM Industries Inc.","Washington, DC","","$43 - $55 (hourly)",jobspy_indeed,https://www.indeed.com/viewjob?jk=75289e47882509c1,"","2026-04-09"
0,"","Apartment Maintenance Technician","HOUSING AUTHORITY OF COVINGTON, KY","United States","","$18 - $25 (hourly)",jobspy_indeed,https://www.indeed.com/viewjob?jk=f3aab760cd5410cb,"","2026-04-16"
0,"","Accessories Installer","Tillmans","United States","","$20 - $40 (hourly)",jobspy_indeed,https://www.indeed.com/viewjob?jk=c84e84982002ff74,"","2026-04-16"
0,"","Maintenance Technician II, Atlanta Syrup Plant (2nd Shift)","The Coca-Cola Company","United States","","$71,941 - $87,928 (yearly)",jobspy_indeed,https://www.indeed.com/viewjob?jk=b724802776506306,"","2026-04-16"
0,"","Facility Maintenance Technician","Synerfac Technical Staffing","United States","","$27 - $29 (hourly)",jobspy_indeed,https://www.indeed.com/viewjob?jk=9b90f3ad63bf1780,"","2026-04-16"
0,"","On-Site Mechanic","3h&3H Inc","United States","","$19 - $25 (hourly)",jobspy_indeed,https://www.indeed.com/viewjob?jk=385f5a812089b12a,"","2026-04-16"
0,"","Electronic Technician - (Voice Systems)","Aetos Systems","United States","","",jobspy_indeed,https://www.indeed.com/viewjob?jk=6c9178143529f835,"","2026-04-16"
0,"","Electronic Technician (Data Transmissions Systems)","Aetos Systems","United States","","",jobspy_indeed,https://www.indeed.com/viewjob?jk=0e6f97b0fb577f8a,"","2026-04-16"
0,"","Senior CNC Maintenance Mechanic","EMF Engineered Components, LLC","United States","","",jobspy_indeed,https://www.indeed.com/viewjob?jk=2817160b5da59d9f,"","2026-04-16"
0,"","Facility Maintenance Technician","TravelCenters of America","United States","","$21 - $25 (hourly)",jobspy_indeed,https://www.indeed.com/viewjob?jk=8f38d34501bd553f,"","2026-04-16"
0,"","Wiring Engineer / Automotive Electrical Technician","nan","United States","","$25 - $30 (hourly)",jobspy_indeed,https://www.indeed.com/viewjob?jk=227ac3343abf233f,"","2026-04-16"
0,"","Manufacturing Technician","Profab Electronics","United States","","",jobspy_indeed,https://www.indeed.com/viewjob?jk=077ae2b6ebe5da72,"","2026-04-16"
0,"","Fire Extinguisher & Kitchen Fire Suppression Technician","Fire Pros","United States","","",jobspy_indeed,https://www.indeed.com/viewjob?jk=2b3163b0e6857baa,"","2026-04-16"
0,"","Fire Alarm Technician Apprentice","Fire Pros","United States","","",jobspy_indeed,https://www.indeed.com/viewjob?jk=09afecbc751d31ea,"","2026-04-16"
0,"","Electronic Systems Specialist","nan","United States","","$27 - $38 (hourly)",jobspy_indeed,https://www.indeed.com/viewjob?jk=4d6331ce9d5795ef,"","2026-04-16"
0,"","Facilities Maintenance Technician","BCI Solutions","United States","","$20 - $28 (hourly)",jobspy_indeed,https://www.indeed.com/viewjob?jk=6e143d24fad1af0a,"","2026-04-16"
0,"","Maintenance Technician","NAI Southcoast","United States","","$19 - $22 (hourly)",jobspy_indeed,https://www.indeed.com/viewjob?jk=e3c03a948abf0556,"","2026-04-16"
0,"","Field Technician - Lawn Care, Pressure Washing, Landscaping, Christmas Lights, Junk Removal","nan","United States","","$10 - $28 (hourly)",jobspy_indeed,https://www.indeed.com/viewjob?jk=ca0c0816957b0591,"","2026-04-16"
0,"","Hotel Maintenance","Candlewood Suites","United States","","",jobspy_indeed,https://www.indeed.com/viewjob?jk=477699bc59ebd86c,"","2026-04-16"
0,"","Pre-Delivery Technician HOURLY RATE","Rush Enterprises","United States","","$17 - $19 (hourly)",jobspy_indeed,https://www.indeed.com/viewjob?jk=7cecbfb4772cda13,"","2026-04-16"
0,"","Electrician","Around The Clock Heating, Air Conditioning, Plumbing & Electric","United States","","$70,000 - $100,000 (yearly)",jobspy_indeed,https://www.indeed.com/viewjob?jk=8a835f72cf2ac2a0,"","2026-04-16"
0,"","Facilities Technician (Store Support Center, Overland Park, KS))","Ace Hardware","Remote","","",jobspy_indeed,https://www.indeed.com/viewjob?jk=bac9660d5f4ee03b,"","2026-04-15"
0,"","Sr. Software Engineer","Comcast","Chicago, Illinois","","$129,515 - $203,525 (yearly)",jobspy_indeed,https://www.indeed.com/viewjob?jk=491372f2a8e148e5,"","2026-04-15"
0,"","C++ Engineer- FreeWheel- Onsite (Hybrid)- Chicago, IL, Denver, CO, Reston, VA or New York, NY","Comcast","Chicago, Illinois","","$109,759 - $188,158 (yearly)",jobspy_indeed,https://www.indeed.com/viewjob?jk=014208f7579986fd,"","2026-04-15"
0,"","Software Engineer 3","Comcast","Chicago, Illinois","","$109,759 - $172,478 (yearly)",jobspy_indeed,https://www.indeed.com/viewjob?jk=41ccbccc0861fa31,"","2026-04-13"
0,"","Lead Software Engineer","Comcast","Chicago, Illinois","","$152,828 - $240,159 (yearly)",jobspy_indeed,https://www.indeed.com/viewjob?jk=106cd529df01e066,"","2026-04-15"
0,"","Physical Security Engineer","Heartland Business Systems","Chicago, Illinois","","$22 - $26 (hourly)",jobspy_indeed,https://www.indeed.com/viewjob?jk=127cf09184503f99,"","2026-04-15"
0,"","Project Manager, Mission Critical Commissioning","G&W Electric Company","Chicago, Illinois","","$85,000 - $97,193 (yearly)",jobspy_indeed,https://www.indeed.com/viewjob?jk=75d126897c91313f,"","2026-04-15"
0,"","Buyer II","G&W Electric Company","Chicago, Illinois","","$63,550 - $82,513 (yearly)",jobspy_indeed,https://www.indeed.com/viewjob?jk=d9472df9e0b53f42,"","2026-04-15"
0,"","Structural Engineer - Mission Critical","Harley Ellis Devereaux","Chicago, Illinois","","$125,000 - $175,000 (yearly)",jobspy_indeed,https://www.indeed.com/viewjob?jk=8130c1a3366ca36b,"","2026-04-15"
0,"","Front End Software Engineer with React Experience - Chicago OR Denver - Onsite","Comcast","Chicago, Illinois","","$109,767 - $172,491 (yearly)",jobspy_indeed,https://www.indeed.com/viewjob?jk=2114ae46afbbc108,"","2026-04-14"
0,"","ICT Engineer - Mission Critical","Harley Ellis Devereaux","Chicago, Illinois","","$150,000 - $180,000 (yearly)",jobspy_indeed,https://www.indeed.com/viewjob?jk=bbf3b14d3edc8a7b,"","2026-04-14"
0,"","Regional Technology Specialist (Michigan) - Johnson and Johnson MedTech - Electrophysiology","Johnson & Johnson","Chicago, Illinois","","",jobspy_indeed,https://www.indeed.com/viewjob?jk=2f5a01c601895526,"","2026-04-14"
0,"","Security Engineer I - IT Auditor (Remote)","Inspira Financial","Chicago, Illinois","","$68,000 - $79,000 (yearly)",jobspy_indeed,https://www.indeed.com/viewjob?jk=ed3a13e4abe3398a,"","2026-04-14"
0,"","Site Reliability Engineer 3 - Chicago OR Denver - Onsite","Comcast","Chicago, Illinois","","$99,684 - $156,647 (yearly)",jobspy_indeed,https://www.indeed.com/viewjob?jk=6a878ef5469f2f4d,"","2026-04-13"
0,"","Project Architect - Mission Critical","Harley Ellis Devereaux","Chicago, Illinois","","$86,100 - $144,700 (yearly)",jobspy_indeed,https://www.indeed.com/viewjob?jk=f42866cde79734b3,"","2026-04-13"
0,"","Software Engineering Manager","Eaton","Chicago, Illinois","","$137,000 - $201,000 (yearly)",jobspy_indeed,https://www.indeed.com/viewjob?jk=049e84650d9514a5,"","2026-04-13"
0,"","Account Specialist","Motion","Chicago, Illinois","","",jobspy_indeed,https://www.indeed.com/viewjob?jk=bb060c5d70251be5,"","2026-04-13"
0,"","SR. BETA PROGRAM MANAGER","Fortune Brands Innovations","Chicago, Illinois","","$115,000 - $145,000 (yearly)",jobspy_indeed,https://www.indeed.com/viewjob?jk=5c57945b1b3875e9,"","2026-04-13"
0,"","Quality Engineer I","G&W Electric Company","Chicago, Illinois","","$62,000 - $82,513 (yearly)",jobspy_indeed,https://www.indeed.com/viewjob?jk=2665667f4363f3c1,"","2026-04-13"
0,"","Senior Electrical Engineer (Hybrid / Des Plaines, IL)","Acuity Inc.","Chicago, Illinois","","$91,400 - $164,400 (yearly)",jobspy_indeed,https://www.indeed.com/viewjob?jk=074ec1b459ebaa95,"","2026-04-12"
0,"","Senior Security Consultant","Stantec","Chicago, Illinois","","$111,200 - $166,900 (yearly)",jobspy_indeed,https://www.indeed.com/viewjob?jk=040d265f9c89a8e1,"","2026-04-11"
0,"","Lead Process Engineer","IPS-Integrated Project Services","Chicago, Illinois","","$138,400 - $212,000 (yearly)",jobspy_indeed,https://www.indeed.com/viewjob?jk=20bcb3564fd05b4f,"","2026-01-06"
0,"","Lead Mechanical Engineer","IPS-Integrated Project Services","Chicago, Illinois","","$138,400 - $212,250 (yearly)",jobspy_indeed,https://www.indeed.com/viewjob?jk=41d4a91596d23806,"","2026-01-06"
0,"","SDE II, Data Foundation, Prime Video Personalization & Discovery","Amazon.com","New York, New York","","$143,700 - $213,800 (yearly)",jobspy_indeed,https://www.indeed.com/viewjob?jk=5089b04bf6acef53,"","2026-03-26"
0,"","Software Development Engineer","Amazon.com","New York, New York","","$143,700 - $213,800 (yearly)",jobspy_indeed,https://www.indeed.com/viewjob?jk=83889a5aefd48c88,"","2025-12-19"
0,"","Senior Software Engineer, Android","Amazon.com","New York, New York","","$193,300 - $261,500 (yearly)",jobspy_indeed,https://www.indeed.com/viewjob?jk=fdf263658dfcca56,"","2026-03-25"
0,"","Applied Scientist II, Prime Video Personalization and Discovery Science","Amazon.com","New York, New York","","$142,800 - $223,400 (yearly)",jobspy_indeed,https://www.indeed.com/viewjob?jk=4a28ffec343d009c,"","2025-11-18"
0,"","Sr. Software Development Manager, Engagement Growth","Amazon.com","New York, New York","","$203,400 - $287,700 (yearly)",jobspy_indeed,https://www.indeed.com/viewjob?jk=6d473803b87398c3,"","2026-03-20"
0,"","Sr Technical Content Creator, Developer Marketing","Amazon Web Services","New York, New York","","$138,000 - $265,600 (yearly)",jobspy_indeed,https://www.indeed.com/viewjob?jk=17c2da4a88f5b731,"","2026-03-18"
0,"","Sr. Applied Scientist, Prime Video - Personalization and Discovery Science","Amazon.com","New York, New York","","$183,800 - $260,000 (yearly)",jobspy_indeed,https://www.indeed.com/viewjob?jk=7de3856b3a108dd4,"","2026-02-23"
0,"","Principal Engineer, Amazon | Multiple Locations, USA, Global Specialty Recruiting Team","Amazon.com","New York, New York","","$200,100 - $297,700 (yearly)",jobspy_indeed,https://www.indeed.com/viewjob?jk=5a4c6af1343dd9e3,"","2026-02-19"
0,"","Head of Developer Education, Kiro","Amazon.com","New York, New York","","$180,600 - $330,500 (yearly)",jobspy_indeed,https://www.indeed.com/viewjob?jk=5b5664619bb779fc,"","2026-02-17"
0,"","Security Engineering Manager, Stores AppSec","Amazon.com","New York, New York","","$175,100 - $260,500 (yearly)",jobspy_indeed,https://www.indeed.com/viewjob?jk=6c5cd66b8b982136,"","2026-02-05"
0,"","Sr Technical Program Manager, Device Ad Products & Personalization","Amazon.com","New York, New York","","$171,000 - $231,400 (yearly)",jobspy_indeed,https://www.indeed.com/viewjob?jk=68452a9a77bc59e0,"","2026-01-17"
0,"","Applied Scientist II, Prime Video - Personalization and Discovery Science, Personalization and Discovery Science","Amazon.com","New York, New York","","$136,000 - $223,400 (yearly)",jobspy_indeed,https://www.indeed.com/viewjob?jk=f067f34fed132d8e,"","2025-10-01"
0,"","Sr. Applied Scientist, Amazon Advertising","Amazon.com","New York, New York","","$150,400 - $260,000 (yearly)",jobspy_indeed,https://www.indeed.com/viewjob?jk=fc178cda804941f3,"","2025-07-14"
0,"","Senior Applied Scientist, Delivery Foundation Model","Amazon.com","New York, New York","","$150,400 - $260,000 (yearly)",jobspy_indeed,https://www.indeed.com/viewjob?jk=6ab3b951f2bef2c9,"","2025-05-30"
0,"","Sr. Design Technologist, Elevated Shopping","Amazon.com","New York, New York","","$138,800 - $239,900 (yearly)",jobspy_indeed,https://www.indeed.com/viewjob?jk=d8ecaddd59196dff,"","2025-06-12"
0,"","Sales Operations Analyst","KLA","San Francisco, California","","$98,500 - $167,500 (yearly)",jobspy_indeed,https://www.indeed.com/viewjob?jk=cd5cc20ba48dcc50,"","2026-04-16"
0,"","Manager, Product Marketing","KLA","San Francisco, California","","$150,400 - $255,700 (yearly)",jobspy_indeed,https://www.indeed.com/viewjob?jk=5c93f2a1b6d78ae9,"","2026-04-16"
0,"","Creative Producer, Video","HARVEY","San Francisco, California","","$128,800 - $193,200 (yearly)",jobspy_indeed,https://www.indeed.com/viewjob?jk=35d14c8b2b8364e7,"","2026-04-16"
0,"","Sr. Software Development Engineer, Frontier AI & Robotics","Amazon.com","San Francisco, California","","$193,300 - $261,500 (yearly)",jobspy_indeed,https://www.indeed.com/viewjob?jk=240b4365629c7ea5,"","2026-03-10"
0,"","Senior Software Engineer, Android","Amazon.com","San Francisco, California","","$193,300 - $261,500 (yearly)",jobspy_indeed,https://www.indeed.com/viewjob?jk=d179cabfbdc5b578,"","2026-03-25"
0,"","Applied Scientist II, Prime Video Personalization and Discovery Science","Amazon.com","San Francisco, California","","$142,800 - $223,400 (yearly)",jobspy_indeed,https://www.indeed.com/viewjob?jk=006b45bd8cb4530f,"","2026-01-26"
0,"","Applied Scientist, Delivery Foundation Model","Amazon.com","San Francisco, California","","$142,800 - $222,200 (yearly)",jobspy_indeed,https://www.indeed.com/viewjob?jk=c3e0634859bd76a5,"","2025-12-19"
0,"","Sr. Applied Scientist, Prime Video - Personalization and Discovery Science","Amazon.com","San Francisco, California","","$183,800 - $260,000 (yearly)",jobspy_indeed,https://www.indeed.com/viewjob?jk=b330a306f8501f19,"","2026-02-23"
0,"","Principal Engineer, Amazon | Multiple Locations, USA, Global Specialty Recruiting Team","Amazon.com","San Francisco, California","","$200,100 - $297,700 (yearly)",jobspy_indeed,https://www.indeed.com/viewjob?jk=34a772650eef63e2,"","2026-02-19"
0,"","Software Engineer II, Android","Amazon.com","San Francisco, California","","$129,300 - $223,600 (yearly)",jobspy_indeed,https://www.indeed.com/viewjob?jk=44ceac10933d4808,"","2025-12-05"
0,"","Senior Design Technologist, Prime Video","Amazon.com","San Francisco, California","","$154,200 - $239,900 (yearly)",jobspy_indeed,https://www.indeed.com/viewjob?jk=718ceba4c25a2a78,"","2025-11-24"
0,"","2026 Applied Science Internship - United States, PhD Student Science Recruiting, Frontier AI & Robotics","Amazon.com","San Francisco, California","","$171,600 - $222,200 (yearly)",jobspy_indeed,https://www.indeed.com/viewjob?jk=ce2ba16b8ac9ecbd,"","2025-11-17"
0,"","Sr. Applied Scientist, Prime Video - Recommendation/Search","Amazon.com","San Francisco, California","","$150,400 - $260,000 (yearly)",jobspy_indeed,https://www.indeed.com/viewjob?jk=a20d74614f0699bc,"","2025-11-11"
0,"","Sr. Applied Scientist, Amazon Advertising","Amazon.com","San Francisco, California","","$150,400 - $260,000 (yearly)",jobspy_indeed,https://www.indeed.com/viewjob?jk=2f9b57ce538f3c93,"","2025-07-14"
0,"","Software Engineer I","Amazon.com","San Francisco, California","","$122,600 - $185,000 (yearly)",jobspy_indeed,https://www.indeed.com/viewjob?jk=6f2c3a1eeb40ad4a,"","2025-10-17"
0,"","Senior Applied Scientist, Delivery Foundation Model","Amazon.com","San Francisco, California","","$167,100 - $260,000 (yearly)",jobspy_indeed,https://www.indeed.com/viewjob?jk=830bcdc89ccc6a0e,"","2025-05-30"
0,"","Sr. Software Development Engineer, Frontier AI & Robotics","Amazon.com","Seattle, Washington","","$193,300 - $261,500 (yearly)",jobspy_indeed,https://www.indeed.com/viewjob?jk=a3d361b20bb3995f,"","2026-03-10"
0,"","Senior Software Engineer, Android","Amazon.com","Seattle, Washington","","$193,300 - $261,500 (yearly)",jobspy_indeed,https://www.indeed.com/viewjob?jk=ddad9f6e7a03ecb7,"","2026-03-25"
0,"","Applied Scientist II, Prime Video Personalization and Discovery Science","Amazon.com","Seattle, Washington","","$142,800 - $223,400 (yearly)",jobspy_indeed,https://www.indeed.com/viewjob?jk=13f3f0296332aebd,"","2026-01-26"
0,"","Applied Scientist, Delivery Foundation Model","Amazon.com","Seattle, Washington","","$142,800 - $222,200 (yearly)",jobspy_indeed,https://www.indeed.com/viewjob?jk=6b8375371368c5ff,"","2025-12-19"
0,"","Applied Scientist, Last Mile Science","Amazon.com","Seattle, Washington","","$142,800 - $193,200 (yearly)",jobspy_indeed,https://www.indeed.com/viewjob?jk=1c0fd10591bc8f88,"","2026-03-05"
0,"","Senior Applied Scientist, GEM","Amazon.com","Seattle, Washington","","$167,100 - $260,000 (yearly)",jobspy_indeed,https://www.indeed.com/viewjob?jk=4250b93b8e6120c2,"","2026-03-03"
0,"","Senior Applied Scientist, Delivery Foundation Model","Amazon.com","Seattle, Washington","","$167,100 - $260,000 (yearly)",jobspy_indeed,https://www.indeed.com/viewjob?jk=d4550b6fbeab3567,"","2025-05-30"
0,"","Sr. Applied Scientist, Prime Video - Personalization and Discovery Science","Amazon.com","Seattle, Washington","","$183,800 - $260,000 (yearly)",jobspy_indeed,https://www.indeed.com/viewjob?jk=a098022c0735611c,"","2026-02-23"
0,"","Principal Engineer, Amazon | Multiple Locations, USA, Global Specialty Recruiting Team","Amazon.com","Seattle, Washington","","$200,100 - $297,700 (yearly)",jobspy_indeed,https://www.indeed.com/viewjob?jk=2bc209af8f46a6ba,"","2026-02-19"
0,"","Software Development Engineer","Amazon.com","Seattle, Washington","","$143,700 - $213,800 (yearly)",jobspy_indeed,https://www.indeed.com/viewjob?jk=6c5555047553ee26,"","2025-12-19"
0,"","ML Engineer, GO-AI Technology & Development Team","Amazon.com","Seattle, Washington","","$168,100 - $227,400 (yearly)",jobspy_indeed,https://www.indeed.com/viewjob?jk=76e5da0ec23a8877,"","2025-12-08"
0,"","Software Engineer II, Android","Amazon.com","Seattle, Washington","","$129,300 - $223,600 (yearly)",jobspy_indeed,https://www.indeed.com/viewjob?jk=68f7bb0f2c46a23d,"","2025-12-05"
0,"","Senior Design Technologist, Prime Video","Amazon.com","Seattle, Washington","","$154,200 - $239,900 (yearly)",jobspy_indeed,https://www.indeed.com/viewjob?jk=679b53eeaa1a7195,"","2025-11-24"
0,"","2026 Applied Science Internship - United States, PhD Student Science Recruiting, Frontier AI & Robotics","Amazon.com","Seattle, Washington","","$171,600 - $222,200 (yearly)",jobspy_indeed,https://www.indeed.com/viewjob?jk=8e1ed43248c6a5cf,"","2025-11-17"
0,"","Sr. Applied Scientist, Prime Video - Recommendation/Search","Amazon.com","Seattle, Washington","","$150,400 - $260,000 (yearly)",jobspy_indeed,https://www.indeed.com/viewjob?jk=97136163e0cef04f,"","2025-11-11"
0,"","Sr. Applied Scientist, Amazon Advertising","Amazon.com","Seattle, Washington","","$150,400 - $260,000 (yearly)",jobspy_indeed,https://www.indeed.com/viewjob?jk=eab9111ff436d6d5,"","2025-07-14"
0,"","Sr. Design Technologist, Elevated Shopping","Amazon.com","Seattle, Washington","","$138,800 - $239,900 (yearly)",jobspy_indeed,https://www.indeed.com/viewjob?jk=c3d95a8c515b7140,"","2025-06-12"
0,"","Silicon Validation Software Engineer: Video Encoder/Compression Validation","Apple","Boston, Massachusetts","","$132,100 - $244,600 (yearly)",jobspy_indeed,https://www.indeed.com/viewjob?jk=1a50dfd5cae6085a,"","2026-04-16"
0,"","Recording Artists Wanted","Red Shed Music","Boston, Massachusetts","","$50 - $200 (hourly)",jobspy_indeed,https://www.indeed.com/viewjob?jk=e02fe3de6f9b2045,"","2026-04-15"
0,"","Senior Sales Engineer","Boston Dynamics","Boston, Massachusetts","","$90,000 - $115,000 (yearly)",jobspy_indeed,https://www.indeed.com/viewjob?jk=13d01c1b01ae3e42,"","2026-04-15"
0,"","Robotics Technician IV","Boston Dynamics","Boston, Massachusetts","","$27 - $35 (hourly)",jobspy_indeed,https://www.indeed.com/viewjob?jk=bdc97947926f8b17,"","2026-04-15"
0,"","Structural Engineer - Mission Critical","Harley Ellis Devereaux","Boston, Massachusetts","","$125,000 - $175,000 (yearly)",jobspy_indeed,https://www.indeed.com/viewjob?jk=47ad08e46bfb9b45,"","2026-04-15"
0,"","ICT Engineer - Mission Critical","Harley Ellis Devereaux","Boston, Massachusetts","","$150,000 - $180,000 (yearly)",jobspy_indeed,https://www.indeed.com/viewjob?jk=6cdcc740dca4e5f5,"","2026-04-14"
0,"","Sr. Manager, Social and Content Marketing","PointFive","Boston, Massachusetts","","$155,000 - $165,000 (yearly)",jobspy_indeed,https://www.indeed.com/viewjob?jk=40a0cd36dbccaae0,"","2026-04-14"
0,"","Lead Systems Designer","CD PROJEKT RED","Boston, Massachusetts","","$143,000 - $218,500 (yearly)",jobspy_indeed,https://www.indeed.com/viewjob?jk=613c5da1d4ce6cd2,"","2026-04-14"
0,"","Manufacturing Engineering Intern","Eaton","Boston, Massachusetts","","",jobspy_indeed,https://www.indeed.com/viewjob?jk=820da9dbb05146d8,"","2026-04-14"
0,"","Technical Content Marketing Manager","Formlabs","Boston, Massachusetts","","$75,000 - $115,000 (yearly)",jobspy_indeed,https://www.indeed.com/viewjob?jk=5c5881d0dc8cadd5,"","2026-04-14"
0,"","Senior Mechanical Engineer","IPS-Integrated Project Services","Boston, Massachusetts","","$110,000 - $169,000 (yearly)",jobspy_indeed,https://www.indeed.com/viewjob?jk=a7b48331e9744c2d,"","2026-03-29"
0,"","Hardware Support Engineer, Robotics Technical Services","Amazon.com","Boston, Massachusetts","","$90,400 - $158,200 (yearly)",jobspy_indeed,https://www.indeed.com/viewjob?jk=cffef0f7852ae8a9,"","2026-03-04"
0,"","Principal Engineer, Amazon | Multiple Locations, USA, Global Specialty Recruiting Team","Amazon.com","Boston, Massachusetts","","$200,100 - $297,700 (yearly)",jobspy_indeed,https://www.indeed.com/viewjob?jk=39e5aec3fe0f7d34,"","2026-02-19"
0,"","ML Engineer, GO-AI Technology & Development Team","Amazon.com","Boston, Massachusetts","","$168,100 - $227,400 (yearly)",jobspy_indeed,https://www.indeed.com/viewjob?jk=ee7c187f48214a6a,"","2025-12-08"
0,"","Construction Project Engineer","IPS-Integrated Project Services","Boston, Massachusetts","","$82,000 - $125,000 (yearly)",jobspy_indeed,https://www.indeed.com/viewjob?jk=af3cc4775db9dbd6,"","2025-10-31"
0,"","Construction Management Intern","IPS-Integrated Project Services","Boston, Massachusetts","","$20 - $25 (hourly)",jobspy_indeed,https://www.indeed.com/viewjob?jk=ed2e43eb24ecfc6f,"","2025-10-31"
0,"","Lead Process Engineer","IPS-Integrated Project Services","Boston, Massachusetts","","$149,000 - $229,000 (yearly)",jobspy_indeed,https://www.indeed.com/viewjob?jk=26b7009b0bac243f,"","2025-10-16"
0,"","Combat Designer, Systems - World of Warcraft | Irvine, CA","Blizzard Entertainment","Los Angeles, California","","$29 - $55 (hourly)",jobspy_indeed,https://www.indeed.com/viewjob?jk=929f00053b868dd6,"","2026-04-16"
0,"","Associate Producer","Gravity Media","Los Angeles, California","","$75,000 - $87,000 (yearly)",jobspy_indeed,https://www.indeed.com/viewjob?jk=275da4b48ab76550,"","2026-04-15"
0,"","Software Test Engineer","Motorola Solutions","Los Angeles, California","","$36 - $43 (hourly)",jobspy_indeed,https://www.indeed.com/viewjob?jk=9fafecdf2a59f289,"","2026-04-15"
0,"","Sr. UX Designer, Prime Video Experience Design","Amazon.com","Los Angeles, California","","$137,800 - $186,400 (yearly)",jobspy_indeed,https://www.indeed.com/viewjob?jk=e938c1e12f50bffc,"","2026-04-07"
0,"","Senior Program Manager, Accessibility","Amazon.com","Los Angeles, California","","$142,400 - $192,600 (yearly)",jobspy_indeed,https://www.indeed.com/viewjob?jk=9f30a957d7e69eeb,"","2026-04-03"
0,"","Sr Manager, UX Research, Prime Video Experience Design (PVXD)","Amazon.com","Los Angeles, California","","$219,100 - $296,500 (yearly)",jobspy_indeed,https://www.indeed.com/viewjob?jk=ec38995cd2419874,"","2026-04-03"
0,"","Principal Eng-AI Builder, Ring","Amazon.com","Los Angeles, California","","$200,100 - $311,200 (yearly)",jobspy_indeed,https://www.indeed.com/viewjob?jk=9ffade075dc23fef,"","2026-04-02"
0,"","Senior Software Engineer, Android","Amazon.com","Los Angeles, California","","$193,300 - $261,500 (yearly)",jobspy_indeed,https://www.indeed.com/viewjob?jk=b7681acc22bb0f19,"","2026-03-25"
0,"","Principal Product Manager - Tech, Viewer Experience, Prime Video Global App Experience","Amazon.com","Los Angeles, California","","$179,900 - $243,400 (yearly)",jobspy_indeed,https://www.indeed.com/viewjob?jk=6e38a850daf4a113,"","2026-02-05"
0,"","Principal Product Manager - Tech, Amazon Games GenAI & Strategic Initiatives","Amazon.com","Los Angeles, California","","$197,900 - $267,800 (yearly)",jobspy_indeed,https://www.indeed.com/viewjob?jk=3893b22be6e22972,"","2026-03-24"
0,"","Sr. Software Development Manager, Engagement Growth","Amazon.com","Los Angeles, California","","$203,400 - $287,700 (yearly)",jobspy_indeed,https://www.indeed.com/viewjob?jk=3a3a5f76c9267584,"","2026-03-20"
0,"","Principal Product Manager Technical, ART19","Amazon.com","Los Angeles, California","","$206,900 - $279,900 (yearly)",jobspy_indeed,https://www.indeed.com/viewjob?jk=4cd5f90c5c02facc,"","2026-03-20"
0,"","Principal UX Designer, Prime Video","Amazon.com","Los Angeles, California","","$164,000 - $221,800 (yearly)",jobspy_indeed,https://www.indeed.com/viewjob?jk=e213afd48a63ecdf,"","2026-03-20"
0,"","Hardware Support Engineer, Robotics Technical Services","Amazon.com","Los Angeles, California","","$90,400 - $158,200 (yearly)",jobspy_indeed,https://www.indeed.com/viewjob?jk=1a9bb7412dc7bc86,"","2026-02-19"
0,"","Sr. Technical Program Manager , Prime Video Sports Linear and News","Amazon.com","Los Angeles, California","","$148,700 - $201,200 (yearly)",jobspy_indeed,https://www.indeed.com/viewjob?jk=37faa270ae6c5a72,"","2026-01-09"
0,"","Software Engineer II, Android","Amazon.com","Los Angeles, California","","$129,300 - $223,600 (yearly)",jobspy_indeed,https://www.indeed.com/viewjob?jk=ed7b87cfa46c9247,"","2025-12-05"
0,"","Senior Design Technologist, Prime Video","Amazon.com","Los Angeles, California","","$154,200 - $239,900 (yearly)",jobspy_indeed,https://www.indeed.com/viewjob?jk=fad580fdc5d7cae0,"","2025-11-24"
0,"","Software Engineer I","Amazon.com","Los Angeles, California","","$122,600 - $185,000 (yearly)",jobspy_indeed,https://www.indeed.com/viewjob?jk=691cdfabe598c06e,"","2025-10-17"
0,"","Sr. Applied Scientist, Amazon Advertising","Amazon.com","Los Angeles, California","","$150,400 - $260,000 (yearly)",jobspy_indeed,https://www.indeed.com/viewjob?jk=8f0f74eb07bc502f,"","2025-07-14"
0,"","Sales/ Project Engineer","Marathon Technology Solution","Washington, DC","","$90,000 - $100,000 (yearly)",jobspy_indeed,https://www.indeed.com/viewjob?jk=d2efa4450e1bc47e,"","2026-04-16"
0,"","Engineer III - Flight Dynamics Systems Development","Iridium Satellite, LLC","Washington, DC","","",jobspy_indeed,https://www.indeed.com/viewjob?jk=d839d6958f7548f2,"","2026-04-15"
0,"","Project Controller (Hybrid) - 28256","HII","Washington, DC","","$83,406 - $120,000 (yearly)",jobspy_indeed,https://www.indeed.com/viewjob?jk=c2951a7feab6680b,"","2026-04-15"
0,"","Ordnance Technician","Eastern Research Group, Inc.","Washington, DC","","$75,000 - $115,000 (yearly)",jobspy_indeed,https://www.indeed.com/viewjob?jk=80696016f908355f,"","2026-04-15"
0,"","Analytics Engineer","HelioCampus","Washington, DC","","",jobspy_indeed,https://www.indeed.com/viewjob?jk=333fbc294a529a0f,"","2026-04-15"
0,"","Software Development Engineer","Amazon.com","Washington, DC","","$143,700 - $213,800 (yearly)",jobspy_indeed,https://www.indeed.com/viewjob?jk=ce5584c900bbcb14,"","2026-04-08"
0,"","Network Development Engineer","Amazon.com","Washington, DC","","$136,000 - $184,000 (yearly)",jobspy_indeed,https://www.indeed.com/viewjob?jk=bc491e732e8c105d,"","2026-03-30"
0,"","Economist II, Intelligent Talent Acquisition (ITA)","Amazon.com","Washington, DC","","$136,000 - $184,000 (yearly)",jobspy_indeed,https://www.indeed.com/viewjob?jk=397c7c71ddf075fa,"","2026-03-10"
0,"","Sr. Security Systems Engineer, DCE Security Products and Services","Amazon.com","Washington, DC","","$136,600 - $184,800 (yearly)",jobspy_indeed,https://www.indeed.com/viewjob?jk=043e8ad0e0ed0eb7,"","2026-03-09"
0,"","Sr. Plumbing/Fire Protection Engineer, Data Center Engineering","Amazon.com","Washington, DC","","$136,600 - $184,800 (yearly)",jobspy_indeed,https://www.indeed.com/viewjob?jk=6f3f3e9f3b67c449,"","2026-03-29"
0,"","Sr. Mechanical Controls Engineer, Data Center Engineering","Amazon.com","Washington, DC","","$136,600 - $184,800 (yearly)",jobspy_indeed,https://www.indeed.com/viewjob?jk=42809561feb58507,"","2026-03-27"
0,"","Senior Specialist Solutions Architect, Applied AI Acceleration Solutions","Amazon Web Services","Washington, DC","","$153,600 - $207,800 (yearly)",jobspy_indeed,https://www.indeed.com/viewjob?jk=cca1a32738949cf7,"","2026-02-26"
0,"","Applied Scientist, Customer Experience and Business Trends","Amazon.com","Washington, DC","","$142,800 - $193,200 (yearly)",jobspy_indeed,https://www.indeed.com/viewjob?jk=0ce132621693d0be,"","2026-02-10"
0,"","Sr. Technical Program Manager , Prime Video Sports Linear and News","Amazon.com","Washington, DC","","$148,700 - $201,200 (yearly)",jobspy_indeed,https://www.indeed.com/viewjob?jk=7f4296b80bc54a0f,"","2026-01-09"
0,"","Sr. Applied Scientist, Amazon Advertising","Amazon.com","Washington, DC","","$150,400 - $260,000 (yearly)",jobspy_indeed,https://www.indeed.com/viewjob?jk=9dd3777b48fe119f,"","2025-07-14"
0,"","Infrastructure Edge Strategy, TPM, Strategy and Planning","Amazon.com","Washington, DC","","$114,400 - $205,500 (yearly)",jobspy_indeed,https://www.indeed.com/viewjob?jk=dc80cf5a584a82d1,"","2025-05-14"
0,"","Resident Sound Designer and Audio Engineer","The Rose Theater","United States","","$42,000 - $45,000 (yearly)",jobspy_indeed,https://www.indeed.com/viewjob?jk=2cb6324b9ade6ff1,"","2026-04-16"
0,"","Senior Systems Engineer","KLA","United States","","$105,900 - $180,000 (yearly)",jobspy_indeed,https://www.indeed.com/viewjob?jk=cf48920a97b70872,"","2026-04-16"
0,"","Senior Platform Engineer (Encryption & Data Security)","Recorded Future","United States","","$152,000 - $228,500 (yearly)",jobspy_indeed,https://www.indeed.com/viewjob?jk=f32d121fc4e5642e,"","2026-04-16"
0,"","Applied Scientist II, Prime Video - Personalization and Discovery Science","Amazon.com","United States","","$136,000 - $223,400 (yearly)",jobspy_indeed,https://www.indeed.com/viewjob?jk=a4174536dadf5f72,"","2025-08-13"
0,"","Sr. Applied Scientist, Prime Video - Personalization and Discovery Science","Amazon.com","United States","","$150,400 - $260,000 (yearly)",jobspy_indeed,https://www.indeed.com/viewjob?jk=2d641797872cfa91,"","2025-08-13"
0,"","Senior Operations Manager, B2B Growth New","Neura Health","Remote","","",jobspy_indeed,https://www.indeed.com/viewjob?jk=31be061fc5a2d0f7,"","2026-04-15"
0,"","Sr Sales Engineer, West New","DATAIKU","Remote","","$160,000 - $196,000 (yearly)",jobspy_indeed,https://www.indeed.com/viewjob?jk=8df5c495fd8cb52e,"","2026-04-15"
0,"","Managed Services Engineer - Azure","SHI International","Remote","","$125,000 - $155,000 (yearly)",jobspy_indeed,https://www.indeed.com/viewjob?jk=7c4af6862bcc4b1b,"","2026-04-15"
0,"","Engineering Manager, IoT Development","Andium","Remote","","$160,000 - $200,000 (yearly)",jobspy_indeed,https://www.indeed.com/viewjob?jk=5185ff80c5b4fe17,"","2026-04-15"
0,"","Senior Product Manager, Video","GoFan","Remote","","",jobspy_indeed,https://www.indeed.com/viewjob?jk=c59e6e466932433e,"","2026-04-15"
0,"","Senior Customer Success Engineer, North New","DATAIKU","Remote","","$144,000 - $152,000 (yearly)",jobspy_indeed,https://www.indeed.com/viewjob?jk=416c472180399ff9,"","2026-04-15"
0,"","Customer Success Engineer","DATAIKU","Remote","","$112,000 - $124,000 (yearly)",jobspy_indeed,https://www.indeed.com/viewjob?jk=34713e8834a511d5,"","2026-04-15"
0,"","Computer Vision & Machine Learning Developer","Tommy Car Wash","Remote","","",jobspy_indeed,https://www.indeed.com/viewjob?jk=0722b4c2c594e380,"","2026-04-15"
0,"","Senior Art Director / Senior Designer (Freelance)","KAIA","Remote","","",jobspy_indeed,https://www.indeed.com/viewjob?jk=750dc8225160ae26,"","2026-04-15"
0,"","Solution Architect, Enterprise - Eastern Time Zone","Fivetran","Remote","","$163,135 - $195,770 (yearly)",jobspy_indeed,https://www.indeed.com/viewjob?jk=3f33106731db1775,"","2026-04-15"
0,"","Senior Solution Architect, Enterprise - Eastern Time Zone","Fivetran","Remote","","$191,981 - $239,976 (yearly)",jobspy_indeed,https://www.indeed.com/viewjob?jk=507830f63a6d47c9,"","2026-04-15"
0,"","Head of Studio","Advanced Systems Group","Remote","","$140,000 - $160,000 (yearly)",jobspy_indeed,https://www.indeed.com/viewjob?jk=7a459ae370fe2619,"","2026-04-14"
0,"","Software Engineering Intern (C#/.NET)","ScriptPro","Remote","","",jobspy_indeed,https://www.indeed.com/viewjob?jk=b3ab3151bb76adb6,"","2026-04-14"
0,"","Behavior Technician / Registered Behavior Technician (RBT)","Vilij ABA","Chicago, Illinois","","$19 - $24 (hourly)",jobspy_indeed,https://www.indeed.com/viewjob?jk=cf904180b6275234,"","2026-04-16"
0,"","Coding Specialist II","Northwestern Medicine","Chicago, Illinois","","$25 - $36 (hourly)",jobspy_indeed,https://www.indeed.com/viewjob?jk=9f32f3ef3da42f05,"","2026-04-16"
0,"","Pharmacy Tech","Northwestern Medicine","Chicago, Illinois","","$22 - $30 (hourly)",jobspy_indeed,https://www.indeed.com/viewjob?jk=65e405710a744831,"","2026-04-15"
0,"","Registered Nurse-Observation Full Time Nights","Northwestern Medicine","Chicago, Illinois","","$34 - $55 (hourly)",jobspy_indeed,https://www.indeed.com/viewjob?jk=e465afdb8d5e46f0,"","2026-04-15"
0,"","Patient Care Technician-Neuro Telemetry Full Time Days","Northwestern Medicine","Chicago, Illinois","","$18 - $23 (hourly)",jobspy_indeed,https://www.indeed.com/viewjob?jk=4e953b5e998bcda9,"","2026-04-15"
0,"","Sterilizing Technician Part-Time Days","Northwestern Medicine","Chicago, Illinois","","$18 - $26 (hourly)",jobspy_indeed,https://www.indeed.com/viewjob?jk=94fe4abcbb1b5978,"","2026-04-15"
0,"","Surgical Tech-Operating Room Flex/Registry Day shift","Northwestern Medicine","Chicago, Illinois","","$24 - $35 (hourly)",jobspy_indeed,https://www.indeed.com/viewjob?jk=19a6e6c5329008a5,"","2026-04-15"
0,"","Training Manager North America","PALFINGER","Chicago, Illinois","","$132,000 - $155,000 (yearly)",jobspy_indeed,https://www.indeed.com/viewjob?jk=726db11589e3b622,"","2026-04-15"
0,"","Gas Designer III/IV","Milhouse Engineering and Construction, Inc.","Chicago, Illinois","","$92,800 - $113,200 (yearly)",jobspy_indeed,https://www.indeed.com/viewjob?jk=ae6cab8651ceed9e,"","2026-04-15"
0,"","Gas Designer I/II","Milhouse Engineering and Construction, Inc.","Chicago, Illinois","","$75,200 - $90,200 (yearly)",jobspy_indeed,https://www.indeed.com/viewjob?jk=ef3884a4edaf9d2f,"","2026-04-15"
0,"","Float Credentialed Veterinary Technician - Chicago","Bond Vet","Chicago, Illinois","","$24 - $34 (hourly)",jobspy_indeed,https://www.indeed.com/viewjob?jk=c5d43811ee0c694c,"","2026-04-15"
0,"","Collision Estimator","Crash Champions Collision Repair Team","Chicago, Illinois","","$65,000 - $150,660 (yearly)",jobspy_indeed,https://www.indeed.com/viewjob?jk=be085f5aa3d45ad9,"","2026-04-15"
0,"","Detail Technician","Crash Champions Collision Repair Team","Chicago, Illinois","","$15 - $25 (hourly)",jobspy_indeed,https://www.indeed.com/viewjob?jk=f1a447694faef8ed,"","2026-04-15"
0,"","Parts Manager","Crash Champions Collision Repair Team","Chicago, Illinois","","$16 - $30 (hourly)",jobspy_indeed,https://www.indeed.com/viewjob?jk=91fcb3b87d52b8b0,"","2026-04-14"
0,"","Part Time Veterinary Assistant","Metropolitan Veterinary Center","Chicago, Illinois","","",jobspy_indeed,https://www.indeed.com/viewjob?jk=00fabbc375a2f4d3,"","2026-04-14"
0,"","Certified Veterinary Technician","Uptown Animal Hospital","Chicago, Illinois","","",jobspy_indeed,https://www.indeed.com/viewjob?jk=09021ee40e5b5e3c,"","2026-04-14"
0,"","Radiology Technician Assistant-Casual Rotating Shift","Northwestern Medicine","Chicago, Illinois","","$17 - $21 (hourly)",jobspy_indeed,https://www.indeed.com/viewjob?jk=f1b4803bb14e1128,"","2026-04-14"
0,"","Part Time Veterinary Assistant","Countryside Veterinary Clinic","Chicago, Illinois","","",jobspy_indeed,https://www.indeed.com/viewjob?jk=f48365f2d95f4774,"","2026-04-13"
0,"","Experienced Certified Veterinary Technician","Greenwich Animal Hospital","New York, New York","","",jobspy_indeed,https://www.indeed.com/viewjob?jk=a90a93e4347d1c16,"","2026-04-15"
0,"","Credentialed Veterinary Technician - NYC","Bond Vet","New York, New York","","$27 - $40 (hourly)",jobspy_indeed,https://www.indeed.com/viewjob?jk=eb900d3b4cc98ca2,"","2026-04-15"
0,"","Credentialed Veterinary Technician - Long Island - Garden City","Bond Vet","New York, New York","","$26 - $38 (hourly)",jobspy_indeed,https://www.indeed.com/viewjob?jk=9b9f86d22a8488f6,"","2026-04-15"
0,"","Controls Tech II - Nights","Cencora","New York, New York","","$33 - $57 (hourly)",jobspy_indeed,https://www.indeed.com/viewjob?jk=55a76e6ff761fd34,"","2026-04-15"
0,"","Outpatient Care Technician/Surgical Scheduler","Summit Health","New York, New York","","$22 - $27 (hourly)",jobspy_indeed,https://www.indeed.com/viewjob?jk=ddfe05bfb2989ea8,"","2026-04-15"
0,"","Microblading Technician","Babe With A Blade","New York, New York","","$300 - $500 (daily)",jobspy_indeed,https://www.indeed.com/viewjob?jk=0c43a8bc1100292f,"","2026-04-15"
0,"","Phlebotomist - Outpatient Lab (Per Diem)","Summit Health","New York, New York","","$17 - $21 (hourly)",jobspy_indeed,https://www.indeed.com/viewjob?jk=61de873a20be3238,"","2026-04-15"
0,"","Phlebotomist FLOAT - Outpatient Clinical Lab","Summit Health","New York, New York","","$17 - $21 (hourly)",jobspy_indeed,https://www.indeed.com/viewjob?jk=31eeb7823e91f030,"","2026-04-15"
0,"","Phlebotomist - Oncology","Summit Health","New York, New York","","$17 - $21 (hourly)",jobspy_indeed,https://www.indeed.com/viewjob?jk=3256f16d4d1e4ca5,"","2026-04-15"
0,"","Endoscopy (GI) Tech - Per Diem - Ambulatory Surgery Center","Summit Health","New York, New York","","$23 - $28 (hourly)",jobspy_indeed,https://www.indeed.com/viewjob?jk=a543831026d79add,"","2026-04-15"
0,"","Registered Behavior Technician (RBT)","nan","New York, New York","","$22 - $30 (hourly)",jobspy_indeed,https://www.indeed.com/viewjob?jk=36175b2ed4636343,"","2026-04-14"
0,"","Behavior Technician or RBT Afterschool hours","RightWay ABA","New York, New York","","$24 - $35 (hourly)",jobspy_indeed,https://www.indeed.com/viewjob?jk=32da2c8222ede096,"","2026-04-15"
0,"","Laboratory Technician","nan","New York, New York","","$28 - $32 (hourly)",jobspy_indeed,https://www.indeed.com/viewjob?jk=12a6c7e2de7a7a81,"","2026-04-14"
0,"","Histology Tech I","Summit Health","New York, New York","","$25 - $32 (hourly)",jobspy_indeed,https://www.indeed.com/viewjob?jk=bd44e16d7e3c65f9,"","2026-04-14"
0,"","Patient Care Technician I, Full Time, Primary Care, Byram","Atlantic Health","New York, New York","","",jobspy_indeed,https://www.indeed.com/viewjob?jk=b40bed6c9996c36c,"","2026-04-14"
0,"","Fine Animal Hospital - Veterinary Technician Assistant","PetVet Care Centers","New York, New York","","",jobspy_indeed,https://www.indeed.com/viewjob?jk=cb5d443ac74574fe,"","2026-04-14"
0,"","Licensed Veterinary Technician","PetVet Care Centers","New York, New York","","$33 - $35 (hourly)",jobspy_indeed,https://www.indeed.com/viewjob?jk=4e66f88cc80865ef,"","2026-04-14"
0,"","Ophthalmologist - Cataract Surgeon/Cornea Specialist","nan","New York, New York","","$325,000 - $450,000 (yearly)",jobspy_indeed,https://www.indeed.com/viewjob?jk=85d704b610e39350,"","2026-01-29"
0,"","SOL PT - Physical Therapist","Alliance Physical Therapy Partners","San Francisco, California","","$95,000 - $120,000 (yearly)",jobspy_indeed,https://www.indeed.com/viewjob?jk=1c1746b692be86be,"","2026-04-15"
0,"","Collision Estimator","Crash Champions Collision Repair Team","San Francisco, California","","$79,885 - $155,000 (yearly)",jobspy_indeed,https://www.indeed.com/viewjob?jk=13c9367bb5497bbd,"","2026-04-14"
0,"","Clinical Lab Scientist II (B2)","Myriad Genetics","San Francisco, California","","",jobspy_indeed,https://www.indeed.com/viewjob?jk=239f9655e2aefa3d,"","2026-04-13"
0,"","Registered Veterinary Technician","Banfield Pet Hospital","San Francisco, California","","$27 - $39 (hourly)",jobspy_indeed,https://www.indeed.com/viewjob?jk=54e12d7c0a5b4c57,"","2026-04-14"
0,"","Registereed Veterinary Technician","Banfield Pet Hospital","San Francisco, California","","$27 - $39 (hourly)",jobspy_indeed,https://www.indeed.com/viewjob?jk=d81e24eb737ad5a5,"","2026-04-14"
0,"","Estimator/Inside Sales - Lighting & Electrical","Blue Streak Lighting Services","San Francisco, California","","$75,000 - $85,000 (yearly)",jobspy_indeed,https://www.indeed.com/viewjob?jk=94ec55f3ffe85223,"","2026-04-14"
0,"","Registered Behavior Technician","Hope For Ohana","San Francisco, California","","$29 - $32 (hourly)",jobspy_indeed,https://www.indeed.com/viewjob?jk=7eb0a052c2ad0b32,"","2026-04-14"
0,"","R-110815 Urgent Care X-Ray Technician","Carbon Health","San Francisco, California","","",jobspy_indeed,https://www.indeed.com/viewjob?jk=d59a649244d78655,"","2026-04-13"
0,"","R-111285 X-ray technician","Carbon Health","San Francisco, California","","",jobspy_indeed,https://www.indeed.com/viewjob?jk=e3fc30a1b919ea3a,"","2026-04-13"
0,"","R-111422 X-Ray Technician","Carbon Health","San Francisco, California","","",jobspy_indeed,https://www.indeed.com/viewjob?jk=c7041f2bae40052b,"","2026-04-13"
0,"","R-111711 X-Ray Technician","Carbon Health","San Francisco, California","","",jobspy_indeed,https://www.indeed.com/viewjob?jk=dc699e4836c4b682,"","2026-04-13"
0,"","Operator Technician I","Calpine","San Francisco, California","","$40 - $55 (hourly)",jobspy_indeed,https://www.indeed.com/viewjob?jk=2c9fbf26bce09164,"","2026-04-13"
0,"","Senior Mechanical Engineer - Lithium","nan","San Francisco, California","","$115,000 - $170,000 (yearly)",jobspy_indeed,https://www.indeed.com/viewjob?jk=bd185f1886da2f82,"","2026-04-12"
0,"","Patient Care Technician","TMS Health Partners","San Francisco, California","","$25 - $26 (hourly)",jobspy_indeed,https://www.indeed.com/viewjob?jk=d5cc633bce5c8f7d,"","2026-04-11"
0,"","Data Center Technician","Amazon.com","San Francisco, California","","$32 - $56 (hourly)",jobspy_indeed,https://www.indeed.com/viewjob?jk=f2c92b5f904ba1a0,"","2026-04-08"
0,"","ITTS - International Corporate Tax Advisory Senior Manager - FY26","EY","San Francisco, California","","$147,400 - $382,800 (yearly)",jobspy_indeed,https://www.indeed.com/viewjob?jk=1a7b4a6180b21b52,"","2026-04-05"
0,"","Financial Services - International Corporate Tax Advisory - Tax Senior","EY","San Francisco, California","","$91,100 - $170,600 (yearly)",jobspy_indeed,https://www.indeed.com/viewjob?jk=0866bb7af24b230a,"","2026-04-05"
0,"","ITTS - International Corporate Tax Advisory Senior - FY26 - HDG #841","EY","San Francisco, California","","$91,100 - $170,600 (yearly)",jobspy_indeed,https://www.indeed.com/viewjob?jk=0d9b455d4e2e0a54,"","2026-04-04"
0,"","Financial Services - International Corporate Tax Advisory - Tax Manager","EY","San Francisco, California","","$116,200 - $242,000 (yearly)",jobspy_indeed,https://www.indeed.com/viewjob?jk=ca4e0e1f28e44ad4,"","2026-04-05"
0,"","Network Install Technician","Amazon.com","San Francisco, California","","$27 - $56 (hourly)",jobspy_indeed,https://www.indeed.com/viewjob?jk=af5cbc99d2608eea,"","2026-01-20"
0,"","Regional Operations Director","Seattle, WA","Seattle, Washington","","",jobspy_indeed,https://www.indeed.com/viewjob?jk=67712581606a052f,"","2026-04-15"
0,"","Journeyman Field Technician","Pape' Machinery Inc","Seattle, Washington","","$35 - $55 (hourly)",jobspy_indeed,https://www.indeed.com/viewjob?jk=1c456cc3b8fb84ed,"","2026-04-15"
0,"","Paint Technician","Crash Champions Collision Repair Team","Seattle, Washington","","$80,400 - $195,000 (yearly)",jobspy_indeed,https://www.indeed.com/viewjob?jk=80504cadf5a69a55,"","2026-04-14"
0,"","Company Manager","Village Theatre","Seattle, Washington","","",jobspy_indeed,https://www.indeed.com/viewjob?jk=aee9e112fc851132,"","2026-04-14"
0,"","Licensed Veterinary Technician","Banfield Pet Hospital","Seattle, Washington","","$25 - $36 (hourly)",jobspy_indeed,https://www.indeed.com/viewjob?jk=d31f481a5317f556,"","2026-04-14"
0,"","Board Certified Behavior Analyst/Assistant Behavior Analyst (BCBA/LABA) Naturalistic, Neurodiversity","Famspring LLC","Seattle, Washington","","$60 - $70 (hourly)",jobspy_indeed,https://www.indeed.com/viewjob?jk=332d525a66244e69,"","2026-04-14"
0,"","Elite Physical Therapy- Physical Therapist","Alliance Physical Therapy Partners","Seattle, Washington","","",jobspy_indeed,https://www.indeed.com/viewjob?jk=06187cae568288d1,"","2026-04-13"
0,"","Behavior Technician (BT/RBT/CBT)","Finni Health","Seattle, Washington","","$23 - $26 (hourly)",jobspy_indeed,https://www.indeed.com/viewjob?jk=809e26cb029ee675,"","2026-04-10"
0,"","Automotive Technician","Hinshaw's Automotive Group","Seattle, Washington","","$36,000 - $120,000 (yearly)",jobspy_indeed,https://www.indeed.com/viewjob?jk=46cff45cab427aae,"","2026-04-13"
0,"","Mental Health Technician (MHT) /Security","South Sound Behavioral Hospital","Seattle, Washington","","$24 - $26 (hourly)",jobspy_indeed,https://www.indeed.com/viewjob?jk=ade2b6ba2bfdbd8b,"","2026-04-10"
0,"","Technical Infrastructure Program Manager, Data Center Planning and Delivery","Amazon.com","Seattle, Washington","","$127,100 - $171,900 (yearly)",jobspy_indeed,https://www.indeed.com/viewjob?jk=562c5e88cda465f7,"","2026-04-03"
0,"","Infrastructure Technical Program Manager, Global Connectivity Infrastructure Delivery - Long Haul Fiber Deployment, GCID-FD","Amazon.com","Seattle, Washington","","$127,100 - $171,900 (yearly)",jobspy_indeed,https://www.indeed.com/viewjob?jk=ea98a26d6679bd0f,"","2026-03-04"
0,"","Survey Technician 1","Atlas Technical Consultants","Seattle, Washington","","$30 - $34 (hourly)",jobspy_indeed,https://www.indeed.com/viewjob?jk=1d200179bff0017d,"","2026-04-03"
0,"","Sr. Electrical Controls Engineer, Control Products & Services","Amazon.com","Seattle, Washington","","$136,600 - $184,800 (yearly)",jobspy_indeed,https://www.indeed.com/viewjob?jk=ae589ae503e26241,"","2026-03-13"
0,"","Sr. Plumbing/Fire Protection Engineer, Data Center Engineering","Amazon.com","Seattle, Washington","","$136,600 - $184,800 (yearly)",jobspy_indeed,https://www.indeed.com/viewjob?jk=293179f4e9ca01e0,"","2026-03-29"
0,"","Sr. Mechanical Controls Engineer, Data Center Engineering","Amazon.com","Seattle, Washington","","$136,600 - $184,800 (yearly)",jobspy_indeed,https://www.indeed.com/viewjob?jk=6b8e8670cba670c4,"","2026-03-27"
0,"","NW Deployment Planner I, GND - Planning, Implementation, Coordination (PIC) Team","Amazon.com","Seattle, Washington","","$30 - $54 (hourly)",jobspy_indeed,https://www.indeed.com/viewjob?jk=9872bec4c6ae14c4,"","2026-03-12"
0,"","HVAC Service Manager","Crete United","Boston, Massachusetts","","$90,000 - $120,000 (yearly)",jobspy_indeed,https://www.indeed.com/viewjob?jk=7065a5fa759770b9,"","2026-04-16"
0,"","Credentialed Veterinary Technician - Boston","Bond Vet","Boston, Massachusetts","","$25 - $36 (hourly)",jobspy_indeed,https://www.indeed.com/viewjob?jk=728b9363e718508b,"","2026-04-15"
0,"","Veterinary Dentist","nan","Boston, Massachusetts","","",jobspy_indeed,https://www.indeed.com/viewjob?jk=cb0c005362ea10d6,"","2026-04-15"
0,"","Equipment Service Technician","Veritiv","Boston, Massachusetts","","$65,000 - $75,000 (yearly)",jobspy_indeed,https://www.indeed.com/viewjob?jk=2f648b3414ce747b,"","2026-04-15"
0,"","Clinical Educator, Ambulatory","nan","Boston, Massachusetts","","$93,953 - $136,739 (yearly)",jobspy_indeed,https://www.indeed.com/viewjob?jk=a7088acb0fea6701,"","2026-04-15"
0,"","Manager, Reg Clinical Growth","Lincare","Boston, Massachusetts","","",jobspy_indeed,https://www.indeed.com/viewjob?jk=4a39e2ef907947d4,"","2026-04-15"
0,"","Neuropsychologist 24 hour","Hebrew SeniorLife","Boston, Massachusetts","","$114,658 - $171,987 (yearly)",jobspy_indeed,https://www.indeed.com/viewjob?jk=4dd7e16fca896054,"","2026-04-14"
0,"","Board Certified Behavior Analyst (BCBA)","HealthPRO Heritage","Boston, Massachusetts","","$85,000 - $102,000 (yearly)",jobspy_indeed,https://www.indeed.com/viewjob?jk=840b3eaa21e97160,"","2026-04-14"
0,"","Onsite Support Technician - Cambridge, Massachusetts","Slipstream IT","Boston, Massachusetts","","$65,000 - $70,000 (yearly)",jobspy_indeed,https://www.indeed.com/viewjob?jk=e9ab4c1e9f96604c,"","2026-04-14"
0,"","Fieldwork Supervision Student: Behavior Therapist/Registered Behavior Technician","Key Autism Services","Boston, Massachusetts","","$25 - $27 (hourly)",jobspy_indeed,https://www.indeed.com/viewjob?jk=15f050b1b657da06,"","2026-04-14"
0,"","Cardiac Device Technician, Cardiology","Mass General Brigham","Boston, Massachusetts","","$26 - $38 (hourly)",jobspy_indeed,https://www.indeed.com/viewjob?jk=342489d92519b6b6,"","2026-04-14"
0,"","Biostatistician II (Health Economics/Decision Science section)","Beth Israel Lahey Health","Boston, Massachusetts","","$80,000 - $130,000 (yearly)",jobspy_indeed,https://www.indeed.com/viewjob?jk=331d263d4610d84a,"","2026-04-13"
0,"","Utility Inspection Technician","Reconn Utility Services","Boston, Massachusetts","","$20 - $22 (hourly)",jobspy_indeed,https://www.indeed.com/viewjob?jk=671ecfb124cf5c14,"","2026-04-13"
0,"","Plant Reliability Technician — Manufacturing","Teknor Apex Company","Boston, Massachusetts","","$22 - $35 (hourly)",jobspy_indeed,https://www.indeed.com/viewjob?jk=c9dfab3586ae35c9,"","2026-04-13"
0,"","Medical Assistant Float, Multispecialty","Wentworth-Douglass Hospital","Boston, Massachusetts","","$17 - $24 (hourly)",jobspy_indeed,https://www.indeed.com/viewjob?jk=06cf2eadb3a95d19,"","2026-04-13"
0,"","Technician (Mechanic)","SAFE HARBOR MARINAS","Boston, Massachusetts","","",jobspy_indeed,https://www.indeed.com/viewjob?jk=7534ec69b6cc1525,"","2026-04-13"
0,"","Veterinary Technician","PetVet Care Centers","Boston, Massachusetts","","$21 - $24 (hourly)",jobspy_indeed,https://www.indeed.com/viewjob?jk=8987e4f0615d3ee8,"","2026-04-13"
0,"","Kennel Attendant (Part-time)","PetVet Care Centers","Boston, Massachusetts","","",jobspy_indeed,https://www.indeed.com/viewjob?jk=2fc6e442b5468a8a,"","2026-04-13"
0,"","Propulsion Technician (Engine Final Assembly)","nan","Los Angeles, California","","$35 - $50 (hourly)",jobspy_indeed,https://www.indeed.com/viewjob?jk=56cb15769c2f5101,"","2026-04-16"
0,"","Registered Veterinary Technician","PetVet Care Centers","Los Angeles, California","","$24 - $30 (hourly)",jobspy_indeed,https://www.indeed.com/viewjob?jk=48de7af1058591fe,"","2026-04-15"
0,"","Registered Veterinary Technician - Surgery (Day Shift)","PetVet Care Centers","Los Angeles, California","","$32 - $38 (hourly)",jobspy_indeed,https://www.indeed.com/viewjob?jk=193578088032f285,"","2026-04-15"
0,"","Auto Body Technician","Crash Champions Collision Repair Team","Los Angeles, California","","$69,940 - $180,000 (yearly)",jobspy_indeed,https://www.indeed.com/viewjob?jk=065f4230523a0366,"","2026-04-15"
0,"","Veterinary Assistant","PetVet Care Centers","Los Angeles, California","","$26 - $32 (hourly)",jobspy_indeed,https://www.indeed.com/viewjob?jk=4ee59a44a67b82ff,"","2026-04-15"
0,"","Regional Operations Director","Los Angeles, CA","Los Angeles, California","","",jobspy_indeed,https://www.indeed.com/viewjob?jk=199c0d45224232ce,"","2026-04-15"
0,"","Hospital Manager","nan","Los Angeles, California","","",jobspy_indeed,https://www.indeed.com/viewjob?jk=0c3fcc1efac3014f,"","2026-04-15"
0,"","FAC MECH","nan","Los Angeles, California","","",jobspy_indeed,https://www.indeed.com/viewjob?jk=a5dee7fb34c6850e,"","2026-04-14"
0,"","ABA Clinical Supervisor (BCBA Hours)","Autism Learning Partners","Los Angeles, California","","$30 - $35 (hourly)",jobspy_indeed,https://www.indeed.com/viewjob?jk=8bff393a0b9c3011,"","2026-04-14"
0,"","Overnight Veterinary Technician / Assistant","PetVet Care Centers","Los Angeles, California","","$24 - $29 (hourly)",jobspy_indeed,https://www.indeed.com/viewjob?jk=21232ef1d5e192cf,"","2026-04-15"
0,"","Technician Supervisor","PetVet Care Centers","Los Angeles, California","","$31 - $38 (hourly)",jobspy_indeed,https://www.indeed.com/viewjob?jk=c606eff3680dafa7,"","2026-04-15"
0,"","PRN On Call Charge Nurse LVN","Belmont Village","Los Angeles, California","","",jobspy_indeed,https://www.indeed.com/viewjob?jk=3ba486cb2643bfe6,"","2026-04-15"
0,"","Automotive A Technician","Hyundai Motor Company","Los Angeles, California","","$33 - $50 (hourly)",jobspy_indeed,https://www.indeed.com/viewjob?jk=e7413116b760b59a,"","2026-04-15"
0,"","Pediatric Occupational Therapist (OT) - Part-time","Autism Learning Partners","Los Angeles, California","","$48 - $58 (hourly)",jobspy_indeed,https://www.indeed.com/viewjob?jk=dc14504a39a343e9,"","2026-04-14"
0,"","Kennel Assistant","PetVet Care Centers","Los Angeles, California","","$16 - $20 (hourly)",jobspy_indeed,https://www.indeed.com/viewjob?jk=ca7a21c3e0bc13c0,"","2026-04-14"
0,"","Junior Systems Developer and IT Support Intern","Precision CastParts","Los Angeles, California","","$22 - $27 (hourly)",jobspy_indeed,https://www.indeed.com/viewjob?jk=e1240541b507f230,"","2026-04-14"
0,"","Behavior Technician (Bachelor's Degree Required)","Coyne & Associates","Los Angeles, California","","$21 - $27 (hourly)",jobspy_indeed,https://www.indeed.com/viewjob?jk=dfb0c1c5cc61798c,"","2026-04-14"
0,"","Collision Center General Manager","Crash Champions Collision Repair Team","Los Angeles, California","","$80,775 - $150,000 (yearly)",jobspy_indeed,https://www.indeed.com/viewjob?jk=e92d021fe597cbef,"","2026-04-13"
0,"","Veterinary Assistant","Arch Beach Veterinary Clinic","Los Angeles, California","","",jobspy_indeed,https://www.indeed.com/viewjob?jk=6828b93d888a1077,"","2026-04-10"
0,"","Walk Up Desk Technician - St Pete","University of South Florida","United States","","",jobspy_indeed,https://www.indeed.com/viewjob?jk=87e405ac3bfc4c94,"","2026-04-16"
0,"","Electrical Measurement Technician","Shell","Remote","","$86,000 - $128,000 (yearly)",jobspy_indeed,https://www.indeed.com/viewjob?jk=69459fbfee2b4dab,"","2026-04-15"
0,"","Electrical Measurement Technician","Shell Energy Retail","Remote","","",jobspy_indeed,https://www.indeed.com/viewjob?jk=78514f2a81cd89f8,"","2026-04-15"
0,"","CMT Field Technician 1","Atlas Technical Consultants","Remote","","$35 - $45 (hourly)",jobspy_indeed,https://www.indeed.com/viewjob?jk=6e4fd2845c4f4532,"","2026-04-13"
0,"","Marketing & Design Specialist","Sunbelt Solomon","Remote","","",jobspy_indeed,https://www.indeed.com/viewjob?jk=aa3fe90f8b37010e,"","2026-04-13"
0,"","Director, Customer Success","Vontier","Remote","","$147,290 - $165,000 (yearly)",jobspy_indeed,https://www.indeed.com/viewjob?jk=c3f953dba8946250,"","2026-04-06"
0,"","CMM Programmer (1st Shift M-F 6AM- 2:30PM)","Woodward, Inc.","Chicago, Illinois","","$17 - $38 (hourly)",jobspy_indeed,https://www.indeed.com/viewjob?jk=42cdfef9c29d1017,"","2026-04-09"
0,"","Cardiology Device Clinical Specialist","Sutter Health","San Francisco, California","","",jobspy_indeed,https://www.indeed.com/viewjob?jk=00c15c53e165c67d,"","2026-04-09"
0,"","CNC Programmer Sr. – Military Flight Controls Division","Parker Hannifin","Los Angeles, California","","$29 - $49 (hourly)",jobspy_indeed,https://www.indeed.com/viewjob?jk=a992deceb027e4db,"","2026-04-13"
0,"","CNC Mill Programmer (Gibbscam Required)","Manda Machine Co.","United States","","",jobspy_indeed,https://www.indeed.com/viewjob?jk=0349168764b905a6,"","2026-04-16"
0,"","CNC Lathe Programmer Intern","HiTech Moulds","United States","","",jobspy_indeed,https://www.indeed.com/viewjob?jk=9ed62e7d15c3a740,"","2026-04-15"
0,"","Security Systems Programmer","IES Communications","United States","","",jobspy_indeed,https://www.indeed.com/viewjob?jk=f02907b6574c927f,"","2026-04-13"
0,"","Audio Visual Tech, Resort Entertainment (Full Time)","Yuhaaviatam of San Manuel Nation","United States","","",jobspy_indeed,https://www.indeed.com/viewjob?jk=439576347661c344,"","2026-04-13"
0,"","Endpoint Configuration Specialist (Information Technology Analyst 2 (40 Hour))","State of Connecticut","United States","","$108,247 - $134,857 (yearly)",jobspy_indeed,https://www.indeed.com/viewjob?jk=c41a185f1cde6a99,"","2026-04-11"
0,"","Crew Chief","Bandit Lites","United States","","",jobspy_indeed,https://www.indeed.com/viewjob?jk=ffef74e6114944e9,"","2026-04-11"
0,"","DIRECT HIRE - Airway Transportation Systems Specialist (G- AUT, COM, ENV, NAV, RAD & F- ENTRY)","Federal Aviation Administration","United States","","$69,552 - $82,976 (yearly)",jobspy_indeed,https://www.indeed.com/viewjob?jk=fe72ecd13dc9efa8,"","2026-04-10"
0,"","CNC Programmer","TRANSFER ENTERPRISES","United States","","$26 - $35 (hourly)",jobspy_indeed,https://www.indeed.com/viewjob?jk=aa0fffcc4866b5bc,"","2026-04-10"
0,"","Geologist 2 - Volcanology","State of Alaska","United States","","",jobspy_indeed,https://www.indeed.com/viewjob?jk=648fbfda8e61c960,"","2026-04-09"
0,"","Software Engineer I","Sparton","United States","","",jobspy_indeed,https://www.indeed.com/viewjob?jk=48d151e4b3b084ed,"","2026-04-09"
0,"","Controls Software Engineer (Mexico)","Newport News","United States","","",jobspy_indeed,https://www.indeed.com/viewjob?jk=05c3bec58c4636b5,"","2026-03-18"
0,"","Part time Stage Hand at Hollywood venue","Avalon Hollywood","Los Angeles, California","","",jobspy_indeed,https://www.indeed.com/viewjob?jk=9257dbfc712fe536,"","2026-04-16"
0,"","Stagehands - (Part Time/Seasonal/Call-List)","Washington Pavilion","United States","","$18 - $24 (hourly)",jobspy_indeed,https://www.indeed.com/viewjob?jk=bbc34c920e1a8cdd,"","2026-04-14"
0,"","Event Stagehand - GA","Rhino Staging","United States","","$19 - $22 (hourly)",jobspy_indeed,https://www.indeed.com/viewjob?jk=8e64e3c8f9d20ee1,"","2026-04-13"
0,"","Stagehand","Kentucky Community and Technical College System","United States","","",jobspy_indeed,https://www.indeed.com/viewjob?jk=03450741a3ae273f,"","2026-04-13"
0,"","Stagehands","KettleHouse Amphitheater","United States","","",jobspy_indeed,https://www.indeed.com/viewjob?jk=73d389b39d5294ae,"","2026-04-13"
0,"","Stagehands / Event Labor Crew – Charlotte Convention Center (May 3–May 7)","Access care Med Transport","United States","","$25 - $28 (hourly)",jobspy_indeed,https://www.indeed.com/viewjob?jk=bccba5f81d5ac396,"","2026-04-13"
0,"","Stage Hand","Brunswick Community College","United States","","",jobspy_indeed,https://www.indeed.com/viewjob?jk=15bdd426e59a77e0,"","2026-04-09"
0,"","Production Technician l (M-F)","AbbVie","Chicago, Illinois","","$18 - $33 (hourly)",jobspy_indeed,https://www.indeed.com/viewjob?jk=0daa666b7abdcfe5,"","2026-04-14"
0,"","Entry Level Maintenance Technician","Aurora Civic Center Authority","Chicago, Illinois","","$18 - $20 (hourly)",jobspy_indeed,https://www.indeed.com/viewjob?jk=5264c21cbfa3cd0d,"","2026-04-13"
0,"","Insulation & Restoration Technician","UNITED SERVICES BY PERMACO INC","Chicago, Illinois","","$20 - $30 (hourly)",jobspy_indeed,https://www.indeed.com/viewjob?jk=bef2babab8935ee1,"","2026-04-13"
0,"","Facilities and Maintenance Technician","Museum Of Ice Cream","Chicago, Illinois","","$22 - $25 (hourly)",jobspy_indeed,https://www.indeed.com/viewjob?jk=364196fd48b469dc,"","2026-04-09"
0,"","Operations Engineer","PARAMOUNT","New York, New York","","$85,000 - $100,000 (yearly)",jobspy_indeed,https://www.indeed.com/viewjob?jk=e6fbf1c73be1d2db,"","2026-04-09"
0,"","Veterinary Medical Director","BluePearl Pet Hospital","New York, New York","","",jobspy_indeed,https://www.indeed.com/viewjob?jk=44fc57fa055fddfe,"","2026-04-09"
0,"","Live Broadcast Video Switcher Operator","The Universal Church - ULFN TV","New York, New York","","$18 - $20 (hourly)",jobspy_indeed,https://www.indeed.com/viewjob?jk=c4e8b62244d4b31f,"","2026-04-09"
0,"","Milieu Coordinator","Hospital for Behavioral Medicine","Boston, Massachusetts","","$26 - $29 (hourly)",jobspy_indeed,https://www.indeed.com/viewjob?jk=60de18a443e3a2a5,"","2026-04-14"
0,"","Senior Manager, Metrology Operations","Bristol Myers Squibb","Boston, Massachusetts","","",jobspy_indeed,https://www.indeed.com/viewjob?jk=0fd8ce2f2cafe171,"","2026-04-14"
0,"","Media Production Technician","Greater Lowell Technical High School","Boston, Massachusetts","","$65,000 - $72,000 (yearly)",jobspy_indeed,https://www.indeed.com/viewjob?jk=f2d5488591e52a03,"","2026-04-13"
0,"","Project Tech (Elec-Mech) - Precision Instruments","Draper","Boston, Massachusetts","","",jobspy_indeed,https://www.indeed.com/viewjob?jk=6af1a23b9da9de12,"","2026-04-09"
0,"","WATER SYSTEMS SUPERVISOR","City of Signal Hill, CA","Los Angeles, California","","$91,629 - $116,944 (yearly)",jobspy_indeed,https://www.indeed.com/viewjob?jk=c16a46976f1b18ac,"","2026-04-13"
0,"","PROGRAM TECHNICIAN II","California State Personnel Board","Los Angeles, California","","$3,833 - $4,804 (monthly)",jobspy_indeed,https://www.indeed.com/viewjob?jk=cd4b182fe9753d0c,"","2026-04-10"
0,"","UPS Technician 4 - Los Angeles, California","M.C. Dean, Inc.","Los Angeles, California","","$42 - $66 (hourly)",jobspy_indeed,https://www.indeed.com/viewjob?jk=80b8544525e7bb26,"","2026-04-09"
0,"","Marketing and social media specialist","SENFENG CNC & LASER TECHNOLOGY USA","Los Angeles, California","","$25 - $40 (hourly)",jobspy_indeed,https://www.indeed.com/viewjob?jk=601a382fa29946bc,"","2026-04-09"
0,"","Marketing and Promotions Director","Songbird Cafe","Los Angeles, California","","$250 - $500 (daily)",jobspy_indeed,https://www.indeed.com/viewjob?jk=14d217600a3b3c66,"","2026-04-09"
0,"","LED Department Technician","4Wall Entertainment","Washington, DC","","$20 - $21 (hourly)",jobspy_indeed,https://www.indeed.com/viewjob?jk=361786473f76dbec,"","2026-04-15"
0,"","Technical Creative Director","University of Maryland University College","Washington, DC","","$115,000 - $138,000 (yearly)",jobspy_indeed,https://www.indeed.com/viewjob?jk=c227f1c3886ed96a,"","2026-04-15"
0,"","Production Technician I","AstraZeneca","Washington, DC","","",jobspy_indeed,https://www.indeed.com/viewjob?jk=77ad8de09891d7c6,"","2026-04-10"
0,"","Studio Production Lead","Western New York Public Broadcasting Association","United States","","$17 - $21 (hourly)",jobspy_indeed,https://www.indeed.com/viewjob?jk=cc4e1191bb98681e,"","2026-04-16"
0,"","Undergrad Co-Op - Facilities & Engineering (Utility Operations) - West Greenwich, RI - Summer 2026","Amgen","United States","","$24 - $28 (hourly)",jobspy_indeed,https://www.indeed.com/viewjob?jk=d6d8841e225864e7,"","2026-04-15"
0,"","Phlebotomy Technician- Inpatient (Full Time/Evening Shift)","Penn Medicine","United States","","",jobspy_indeed,https://www.indeed.com/viewjob?jk=30d727bf7f7a0621,"","2026-04-15"
0,"","Technical Operations Technician - 6178236","Accenture","United States","","$26 - $36 (hourly)",jobspy_indeed,https://www.indeed.com/viewjob?jk=2dfca19fe20cbe90,"","2026-04-15"
0,"","Technical Operations Technician - 6178236","Logic, Inc.","United States","","$26 - $36 (hourly)",jobspy_indeed,https://www.indeed.com/viewjob?jk=6ca1b9fb76946bd6,"","2026-04-15"
0,"","Operator, Brewing","Mark Anthony Brewing","United States","","",jobspy_indeed,https://www.indeed.com/viewjob?jk=bb5572969efb70a1,"","2026-04-15"
0,"","Production Tech","Six Flags Entertainment Corporation","United States","","$15 - $16 (hourly)",jobspy_indeed,https://www.indeed.com/viewjob?jk=8fd68f43b1904ea8,"","2026-04-15"
0,"","Aseptic Core Monitor I","Curia","United States","","",jobspy_indeed,https://www.indeed.com/viewjob?jk=07e340bde78a8ea5,"","2026-04-15"
0,"","Production Technician","Curia","United States","","",jobspy_indeed,https://www.indeed.com/viewjob?jk=dffc6d0262a2f6ab,"","2026-04-15"
0,"","Donor Center Technician 1","Octapharma","United States","","",jobspy_indeed,https://www.indeed.com/viewjob?jk=828a520824441daf,"","2026-04-15"
0,"","Manufacturing/Production Technician I","SportsMEDIA Technology Corp","United States","","$20 - $23 (hourly)",jobspy_indeed,https://www.indeed.com/viewjob?jk=4c81cd36a4332abc,"","2026-04-15"
0,"","Veterinarian - Area Chief of Staff","Banfield Pet Hospital","United States","","$128,635 - $185,806 (yearly)",jobspy_indeed,https://www.indeed.com/viewjob?jk=6b762911c120fa71,"","2026-04-15"
0,"","Veterinarian - Chief of Staff","Banfield Pet Hospital","United States","","$117,719 - $170,039 (yearly)",jobspy_indeed,https://www.indeed.com/viewjob?jk=d8c50d3964f9f316,"","2026-04-15"
0,"","Waynesboro Production Technician","LCBC Church","United States","","",jobspy_indeed,https://www.indeed.com/viewjob?jk=4aaa07b56a4ab902,"","2026-04-15"
0,"","Sr Eng Test Technician","Resideo","Chicago, Illinois","","$28 - $48 (hourly)",jobspy_indeed,https://www.indeed.com/viewjob?jk=d6a285ccbe4bde90,"","2026-04-14"
0,"","RF Technician","Persistent Systems LLC","New York, New York","","$40 - $44 (hourly)",jobspy_indeed,https://www.indeed.com/viewjob?jk=6bfd66a19dafdbd8,"","2026-04-15"
0,"","RF Engineering Technician","Stellant Systems, Inc.","New York, New York","","$30 - $35 (hourly)",jobspy_indeed,https://www.indeed.com/viewjob?jk=1ea4e5bb49e3a9fc,"","2026-04-15"
0,"","Senior EMC Test Engineer","Johnson & Johnson","San Francisco, California","","$125,000 - $201,250 (yearly)",jobspy_indeed,https://www.indeed.com/viewjob?jk=3f56307cefaca483,"","2026-04-13"
0,"","Cellular System Integration Lab Technician","Apple","San Francisco, California","","$35 - $75 (hourly)",jobspy_indeed,https://www.indeed.com/viewjob?jk=161af47ebd951257,"","2026-04-13"
0,"","Electronic Equipment Technician","Schneller","San Francisco, California","","$35 - $45 (hourly)",jobspy_indeed,https://www.indeed.com/viewjob?jk=74212103c2e428d5,"","2026-02-06"
0,"","Engineering Intern","Schneller","San Francisco, California","","$25 - $33 (hourly)",jobspy_indeed,https://www.indeed.com/viewjob?jk=44ed833a869f8635,"","2026-02-06"
0,"","Field Service Technician","Tektronix","San Francisco, California","","$23 - $43 (hourly)",jobspy_indeed,https://www.indeed.com/viewjob?jk=11eebca3cfb493bc,"","2025-08-13"
0,"","Tower Technician III - Kent, WA","Betacom Incorporated","Seattle, Washington","","$31 - $34 (hourly)",jobspy_indeed,https://www.indeed.com/viewjob?jk=5da380dca2169ebf,"","2026-04-15"
0,"","Tower Technician II - Construction - Kent,WA","Betacom Incorporated","Seattle, Washington","","$24 - $30 (hourly)",jobspy_indeed,https://www.indeed.com/viewjob?jk=d8a0288ae4e3fb9e,"","2026-04-15"
0,"","Tower Tech I","Pacific Tower Corporation","Seattle, Washington","","$23 - $30 (hourly)",jobspy_indeed,https://www.indeed.com/viewjob?jk=9e9aa7f70740d832,"","2026-04-14"
0,"","Test and Evaluation Lab Technician 3 (contract)","Boeing","Seattle, Washington","","$28 - $33 (hourly)",jobspy_indeed,https://www.indeed.com/viewjob?jk=f6dc7ecfe670aff7,"","2026-04-13"
0,"","Hybrid Fiber Coax System Technician","Hood Canal Communications","Seattle, Washington","","$26 - $36 (hourly)",jobspy_indeed,https://www.indeed.com/viewjob?jk=76f47139d8208860,"","2026-04-13"
0,"","Principal Communications Operator/Technician","Odyssey Systems Consulting Group","Boston, Massachusetts","","",jobspy_indeed,https://www.indeed.com/viewjob?jk=b5445c558b6d97d1,"","2026-04-15"
0,"","Engineering Technician","RF Venue, Inc.","Boston, Massachusetts","","$30 - $38 (hourly)",jobspy_indeed,https://www.indeed.com/viewjob?jk=151f818bb4f9c739,"","2026-04-15"
0,"","Principal Communications Operator/Technician","Odyssey Consulting","Boston, Massachusetts","","",jobspy_indeed,https://www.indeed.com/viewjob?jk=5348e978c6fe0b93,"","2026-04-15"
0,"","Quality Assurance Technician","Richardson Electronics, LTD","Boston, Massachusetts","","$27 - $29 (hourly)",jobspy_indeed,https://www.indeed.com/viewjob?jk=220e96af7289dc3d,"","2026-04-13"
0,"","AEWS Test Eng","BAE Systems USA","Boston, Massachusetts","","$79,365 - $134,921 (yearly)",jobspy_indeed,https://www.indeed.com/viewjob?jk=3acc45d28cc6bae1,"","2026-04-09"
0,"","Laboratory Technician – SDR Development","ARGOTEC","Los Angeles, California","","",jobspy_indeed,https://www.indeed.com/viewjob?jk=da143906a1d146be,"","2026-04-16"
0,"","Electrical Test Engineer II – SDR Development","ARGOTEC","Los Angeles, California","","",jobspy_indeed,https://www.indeed.com/viewjob?jk=107e6d53eda4b077,"","2026-04-16"
0,"","Lead Space Systems Technician","Observable Space","Los Angeles, California","","",jobspy_indeed,https://www.indeed.com/viewjob?jk=953a932b2486fac6,"","2026-04-09"
0,"","Senior Avionics Specialist","MACH INDUSTRIES","Los Angeles, California","","$40 - $55 (hourly)",jobspy_indeed,https://www.indeed.com/viewjob?jk=a3dabb2c22215012,"","2026-04-09"
0,"","Senior Electronics Technician (Part-Time)","Parsons","Washington, DC","","$30 - $53 (hourly)",jobspy_indeed,https://www.indeed.com/viewjob?jk=0000f8af1e4cb832,"","2026-04-15"
0,"","Field Service Technician - Beltsville, MD","Motorola Solutions","Washington, DC","","$75,000 - $85,000 (yearly)",jobspy_indeed,https://www.indeed.com/viewjob?jk=38892cef16a34a43,"","2026-04-15"
0,"","Electronics Engineer","Northrop Grumman","Washington, DC","","$87,600 - $131,400 (yearly)",jobspy_indeed,https://www.indeed.com/viewjob?jk=d9cb9e6e5e5358d0,"","2026-04-13"
0,"","Senior Electronic Technician (RR1038)","HART Technologies, Inc.","Washington, DC","","",jobspy_indeed,https://www.indeed.com/viewjob?jk=01491e8a6250c94c,"","2026-04-10"
0,"","Electrical Engineer","ECS","Washington, DC","","",jobspy_indeed,https://www.indeed.com/viewjob?jk=5caef89e8000f6fe,"","2026-04-07"
0,"","RF Electronics Repair Technician","Odyssey Technical Solutions","United States","","",jobspy_indeed,https://www.indeed.com/viewjob?jk=1de41a48ecbca16b,"","2026-04-16"
0,"","Field Service Supervisor, ATC Program - Remote","ROHDE & SCHWARZ GmbH & Co. KG","United States","","$85,000 - $110,000 (yearly)",jobspy_indeed,https://www.indeed.com/viewjob?jk=411c63d32ddc5272,"","2026-04-16"
0,"","Electrical Calibration Technician (Tescom)","Accredited Labs","United States","","",jobspy_indeed,https://www.indeed.com/viewjob?jk=197b14338838c2b0,"","2026-04-16"
0,"","EMI/EMC Technician D","L3Harris","United States","","",jobspy_indeed,https://www.indeed.com/viewjob?jk=6ad87606c8d29656,"","2026-04-15"
0,"","RF Technician","Persistent Systems LLC","United States","","$40 - $44 (hourly)",jobspy_indeed,https://www.indeed.com/viewjob?jk=17dbd70aa108a120,"","2026-04-15"
0,"","Aerial Lineman - Long Haul Travel","MasTec Communications Group","United States","","$32 - $45 (hourly)",jobspy_indeed,https://www.indeed.com/viewjob?jk=53686337f4ab79da,"","2026-04-15"
0,"","Aerial Lineman - Long Haul Travel","MasTec Inc","United States","","$32 - $45 (hourly)",jobspy_indeed,https://www.indeed.com/viewjob?jk=b5fc407bc4c33bf6,"","2026-04-15"
0,"","Weather Radar Engineer 2","Pacific Northwest National Laboratory","United States","","",jobspy_indeed,https://www.indeed.com/viewjob?jk=5fcb93bdb40f43ce,"","2026-04-15"
0,"","Weather Radar Engineer 3","Pacific Northwest National Laboratory","United States","","$122,100 - $193,000 (yearly)",jobspy_indeed,https://www.indeed.com/viewjob?jk=4ba1214ecfae6ab5,"","2026-04-15"
0,"","Tower Technician II","Tower Communications Expert","United States","","$20 - $24 (hourly)",jobspy_indeed,https://www.indeed.com/viewjob?jk=d5519973bd3ed298,"","2026-04-15"
0,"","Tower Technician I","Tower Communications Expert","United States","","$18 - $20 (hourly)",jobspy_indeed,https://www.indeed.com/viewjob?jk=40f06582138d3839,"","2026-04-15"
0,"","Wireless Network Technician-VTXC-RSI","VTX Communications LLC","United States","","",jobspy_indeed,https://www.indeed.com/viewjob?jk=147a12f76c351bb6,"","2026-04-15"
0,"","Senior Electrical Engineer – Hardware Design","Leidos","United States","","$107,900 - $195,050 (yearly)",jobspy_indeed,https://www.indeed.com/viewjob?jk=e54c12c415f1bb90,"","2026-04-15"
0,"","Dry Etch Equipment Maintenance Technician","Broadcom","United States","","$22 - $33 (hourly)",jobspy_indeed,https://www.indeed.com/viewjob?jk=095ec639555b6e88,"","2026-04-15"
0,"","Wireless RF Technician II - (Fairbanks, AK)","GCI","United States","","",jobspy_indeed,https://www.indeed.com/viewjob?jk=debb2ef22c4fb0dd,"","2026-04-15"
0,"","DAS & Small Cell - Technician","Ontivity","United States","","",jobspy_indeed,https://www.indeed.com/viewjob?jk=83c8bdf89985d995,"","2026-04-15"
0,"","Engineering Technician 3","Skyworks Solutions","United States","","",jobspy_indeed,https://www.indeed.com/viewjob?jk=b5dbc49bb25e5b79,"","2026-04-15"
0,"","L&A Lead Tech","KMM Logistics & Network Services","United States","","",jobspy_indeed,https://www.indeed.com/viewjob?jk=c932d5098d4061dc,"","2026-04-15"
0,"","eCommerce Order Coordinator","SMT Packaging LLC","Chicago, Illinois","","$17 - $19 (hourly)",jobspy_indeed,https://www.indeed.com/viewjob?jk=5c52ce0f1af0d759,"","2026-04-14"
0,"","Dock Coordinator","Michael Lewis Company","Chicago, Illinois","","$45,000 - $55,000 (yearly)",jobspy_indeed,https://www.indeed.com/viewjob?jk=64627a7d89f38fe3,"","2026-04-10"
0,"","Sr Project Coordinator","MasTec Communications Group","New York, New York","","",jobspy_indeed,https://www.indeed.com/viewjob?jk=e6f6ea2c577c2271,"","2026-04-14"
0,"","Department and Grants Manager","Stony Brook University","New York, New York","","$65,000 - $80,000 (yearly)",jobspy_indeed,https://www.indeed.com/viewjob?jk=b299a41c8b6e6d8d,"","2026-04-14"
0,"","Warehouse Manager-","Diversified","New York, New York","","$59,000 - $84,800 (yearly)",jobspy_indeed,https://www.indeed.com/viewjob?jk=def35abd76f99021,"","2026-04-14"
0,"","RF - Summer Bridge On-Site Coordinator - TRIO & CSTEP Programs","Farmingdale State College","New York, New York","","",jobspy_indeed,https://www.indeed.com/viewjob?jk=929a2dc79aa95680,"","2026-04-13"
0,"","Public Safety Communications Radio Engineer","nan","New York, New York","","$68,214 - $113,151 (yearly)",jobspy_indeed,https://www.indeed.com/viewjob?jk=fc918d843297a0e4,"","2026-04-10"
0,"","Warehouse Lead","Atkore","Los Angeles, California","","",jobspy_indeed,https://www.indeed.com/viewjob?jk=413418f9f7eb294b,"","2026-04-14"
0,"","Coordinator Inventory Hourly","Atkore","Los Angeles, California","","",jobspy_indeed,https://www.indeed.com/viewjob?jk=2d884775f3150daf,"","2026-04-14"
0,"","Sr Material Handler","Thermo Fisher Scientific","United States","","$16 - $22 (hourly)",jobspy_indeed,https://www.indeed.com/viewjob?jk=e3639015d299cc4a,"","2026-04-15"
0,"","Sanitations Equipment Operator - 1st Shift - Full Time","Sephora","United States","","$21 - $22 (hourly)",jobspy_indeed,https://www.indeed.com/viewjob?jk=9756c0c422d841cc,"","2026-04-15"
0,"","Forklift Operator (Nights)","Hilmar Cheese Company","United States","","$22 - $27 (hourly)",jobspy_indeed,https://www.indeed.com/viewjob?jk=4eccf0897d1ecbf0,"","2026-04-15"
0,"","Shipping Coordinator - 3rd Shift","Eaton","United States","","",jobspy_indeed,https://www.indeed.com/viewjob?jk=98374cead69aa5d8,"","2026-04-15"
0,"","Maintenance Tech 1","Carter's","United States","","$22 - $24 (hourly)",jobspy_indeed,https://www.indeed.com/viewjob?jk=2b2de477d678a179,"","2026-04-15"
0,"","Distribution Associate - Inbound (3rd shift)","CooperCompanies","United States","","",jobspy_indeed,https://www.indeed.com/viewjob?jk=181d26a0f637c292,"","2026-04-15"
0,"","Warehouse Coordinator - 1st Shift, 6:00am - 4:30pm (Mon - Thurs)","Allen Distribution","United States","","",jobspy_indeed,https://www.indeed.com/viewjob?jk=42c13c9b8283898d,"","2026-04-15"
0,"","Traveling Construction Coordinator","Van Meter Inc","United States","","",jobspy_indeed,https://www.indeed.com/viewjob?jk=240eb42abef0e55d,"","2026-04-15"
0,"","Cherry Picker Operator (Forklift) - Full-Time 1st Shift","Melaleuca","United States","","",jobspy_indeed,https://www.indeed.com/viewjob?jk=0891823e1669b693,"","2026-04-14"
0,"","Cherry Picker Operator (Forklift) - 2nd shift - $18.10+/hr","Melaleuca","United States","","",jobspy_indeed,https://www.indeed.com/viewjob?jk=98ee8d4af57ee8e9,"","2026-04-14"
0,"","Network Engineer (Contract)","Freire Schools","United States","","",jobspy_indeed,https://www.indeed.com/viewjob?jk=a5a2a14d19e3e177,"","2026-04-14"
0,"","Customer Service Coordinator I","Ryder System","United States","","",jobspy_indeed,https://www.indeed.com/viewjob?jk=d9246d6ec248065e,"","2026-04-14"
0,"","Maintenance Tech 3, Weekend Shift","Carter's","United States","","",jobspy_indeed,https://www.indeed.com/viewjob?jk=d704aa183c28a686,"","2026-04-14"
0,"","Experienced Aesthetician","Associated Skin Care Specialists","United States","","$23 - $27 (hourly)",jobspy_indeed,https://www.indeed.com/viewjob?jk=4b3a27ce32c86e41,"","2026-04-14"
0,"","Inventory Clerk","Franke","United States","","",jobspy_indeed,https://www.indeed.com/viewjob?jk=fc8643262675da5d,"","2026-04-10"
0,"","Lead Software Development Engineer, Playback Team","Audible","New York, New York","","$184,900 - $250,200 (yearly)",jobspy_indeed,https://www.indeed.com/viewjob?jk=ff635af524f36d2a,"","2026-04-16"
0,"","Sr Data Engineer","nan","New York, New York","","$148,700 - $199,400 (yearly)",jobspy_indeed,https://www.indeed.com/viewjob?jk=ae18e6a8860be459,"","2026-04-14"
0,"","Lead, Live Video Quality Engineer","Paramount","New York, New York","","$124,000 - $170,000 (yearly)",jobspy_indeed,https://www.indeed.com/viewjob?jk=59b83c11cdc48545,"","2026-04-10"
0,"","Sr. Software Engineer","Paramount","San Francisco, California","","$124,000 - $170,000 (yearly)",jobspy_indeed,https://www.indeed.com/viewjob?jk=d42f40962ed8e6b0,"","2026-04-15"
0,"","Principal Engineer","Knightscope, Inc.","San Francisco, California","","$180,000 - $230,000 (yearly)",jobspy_indeed,https://www.indeed.com/viewjob?jk=4e36d3d7226b848f,"","2026-04-14"
0,"","Video DE Engineer","Qualcomm","San Francisco, California","","$167,000 - $250,600 (yearly)",jobspy_indeed,https://www.indeed.com/viewjob?jk=3e5de6ccb3f3dce3,"","2026-04-14"
0,"","Software Engineer, Firmware, Pixel Video","Google","San Francisco, California","","$147,000 - $211,000 (yearly)",jobspy_indeed,https://www.indeed.com/viewjob?jk=36100f94e3b07a26,"","2026-04-13"
0,"","Encoding Engineer","Apple","San Francisco, California","","$182,600 - $274,500 (yearly)",jobspy_indeed,https://www.indeed.com/viewjob?jk=d6c2519747ef7c22,"","2026-04-09"
0,"","Senior Media Software Engineer, Vision Products Group","Apple","San Francisco, California","","$171,600 - $302,200 (yearly)",jobspy_indeed,https://www.indeed.com/viewjob?jk=61d4cdd58d825f30,"","2026-04-09"
0,"","Software Engineer II - Roku","nan","Seattle, Washington","","$123,000 - $172,500 (yearly)",jobspy_indeed,https://www.indeed.com/viewjob?jk=3840fc24ea00f121,"","2026-04-11"
0,"","Sr. UX Designer, Prime Video Experience Design","Amazon.com","Seattle, Washington","","$137,800 - $186,400 (yearly)",jobspy_indeed,https://www.indeed.com/viewjob?jk=2e50e40d3a7e6792,"","2026-04-07"
0,"","Principal Product Manager - Tech, Viewer Experience, Prime Video Global App Experience","Amazon.com","Seattle, Washington","","$179,900 - $243,400 (yearly)",jobspy_indeed,https://www.indeed.com/viewjob?jk=e6d66f716c1ff062,"","2026-02-05"
0,"","Software Developer (Release Train Engineer)-Senior","AMEWAS","United States","","$161,300 - $215,000 (yearly)",jobspy_indeed,https://www.indeed.com/viewjob?jk=7d0ae961ccfcee77,"","2026-04-15"
0,"","Software Engineer 5 - TV & Web Player Platform","Netflix","United States","","$388,000 - $558,000 (yearly)",jobspy_indeed,https://www.indeed.com/viewjob?jk=c39bef5cf22debf7,"","2026-04-14"
0,"","Head of Sound","Hale Centre Theatre","United States","","",jobspy_indeed,https://www.indeed.com/viewjob?jk=9eeea5ed5c5da254,"","2026-04-13"
0,"","Senior Software Engineer - Xbox Video","Microsoft","United States","","$119,800 - $258,000 (yearly)",jobspy_indeed,https://www.indeed.com/viewjob?jk=3319d1bd7e702004,"","2026-04-06"
0,"","Business Development Manager - Chicago, IL","TP-LINK","Chicago, Illinois","","$120,000 - $150,000 (yearly)",jobspy_indeed,https://www.indeed.com/viewjob?jk=26321330693d24cd,"","2026-04-10"
0,"","Technical Coordinator (In-House)","Adwar Video","New York, New York","","$53,000 - $55,000 (yearly)",jobspy_indeed,https://www.indeed.com/viewjob?jk=76e430cf2b3e17ea,"","2026-04-15"
0,"","AV Installer / Programmer","nan","New York, New York","","$22 - $35 (hourly)",jobspy_indeed,https://www.indeed.com/viewjob?jk=2da7faeecc4a5b2a,"","2026-04-14"
0,"","Low Voltage Technician","Fortify Enterprise Security","Los Angeles, California","","",jobspy_indeed,https://www.indeed.com/viewjob?jk=0d0ffa7896a42f98,"","2026-04-15"
0,"","Smart Home Senior Technician/Installer","Woody's Home","Los Angeles, California","","$29 - $40 (hourly)",jobspy_indeed,https://www.indeed.com/viewjob?jk=37093408ec4cef66,"","2026-04-09"
0,"","Low Voltage Installer","iVideo Technologies","United States","","$20 - $32 (hourly)",jobspy_indeed,https://www.indeed.com/viewjob?jk=c90ad02b89c2c0e9,"","2026-04-16"
0,"","Project Manager – Custom Golf Simulator Builds","All Seasons Golf","United States","","$75,000 - $95,000 (yearly)",jobspy_indeed,https://www.indeed.com/viewjob?jk=07fe47cd22cc1cdb,"","2026-04-16"
0,"","Low Voltage Technician","YesClient","United States","","$25 - $30 (hourly)",jobspy_indeed,https://www.indeed.com/viewjob?jk=c7bfca80d04bfcd6,"","2026-04-15"
0,"","Audio Video Technician","HomeTronix","United States","","$18 - $24 (hourly)",jobspy_indeed,https://www.indeed.com/viewjob?jk=117f9d6d56b2bf59,"","2026-04-15"
0,"","Installer / Junior Technician","Automated Ideas and Solutions, Inc.","United States","","$25 - $35 (hourly)",jobspy_indeed,https://www.indeed.com/viewjob?jk=3db7cf5b9e532558,"","2026-04-15"
0,"","AV/Computer Technical Specialist","Raymond James","United States","","",jobspy_indeed,https://www.indeed.com/viewjob?jk=44e08520b6bfdec3,"","2026-04-14"
0,"","Audio Video Technician (AV Technician / AV Installer / AV Systems Commissioning Technician)","Stream Technologies","United States","","$18 - $35 (hourly)",jobspy_indeed,https://www.indeed.com/viewjob?jk=41aba07e3c900790,"","2026-04-14"
0,"","Audio Video Technician - Level 1,2,3","Lavish Theaters Corp","United States","","$24 - $48 (hourly)",jobspy_indeed,https://www.indeed.com/viewjob?jk=2efd3535afb117a8,"","2026-04-14"
0,"","Low-Voltage Field Technicians","Americas Technician Services","United States","","$20 - $35 (hourly)",jobspy_indeed,https://www.indeed.com/viewjob?jk=ff47016608ec6870,"","2026-04-13"
0,"","AV Installer","RnB Enterprises, Inc.","United States","","",jobspy_indeed,https://www.indeed.com/viewjob?jk=e0a08ae9a9c83a21,"","2026-04-13"
0,"","Electrical Apprentice","RnB Enterprises, Inc.","United States","","",jobspy_indeed,https://www.indeed.com/viewjob?jk=887c1fe8cefdbce0,"","2026-04-10"
0,"","Senior Audio and Visual Engineer","Texas Capital Bank","United States","","",jobspy_indeed,https://www.indeed.com/viewjob?jk=8be983279b93b48b,"","2026-04-13"
0,"","Audio Visual (AV) Lead Installation Technician","MediaVine Pro AV","United States","","$70,000 - $85,000 (yearly)",jobspy_indeed,https://www.indeed.com/viewjob?jk=4e5b4cd9ba70f781,"","2026-04-13"
0,"","Audio Video Technician/Installer","Taiv","United States","","$25 - $35 (hourly)",jobspy_indeed,https://www.indeed.com/viewjob?jk=026e68cbe1564d4f,"","2026-04-13"
0,"","Cable TV (CATV) Installation Technician","SYSTEM TECH","United States","","$18 - $21 (hourly)",jobspy_indeed,https://www.indeed.com/viewjob?jk=2dc76ba06dff24e9,"","2026-04-12"
0,"","Low Voltage Lead Installer","AV-Waves, LLC","United States","","$60,000 - $66,000 (yearly)",jobspy_indeed,https://www.indeed.com/viewjob?jk=2254d6ca1112e2a7,"","2026-04-10"
0,"","Audio Visual Installation Field Technician","Rock The House","United States","","$23 - $26 (hourly)",jobspy_indeed,https://www.indeed.com/viewjob?jk=a80055e45b6804e7,"","2026-04-01"
0,"","Field Service Technician","ABB","Chicago, Illinois","","$58,500 - $93,600 (yearly)",jobspy_indeed,https://www.indeed.com/viewjob?jk=6d85fc02ce2dac29,"","2026-04-15"
0,"","Facilities Coordinator","nan","Chicago, Illinois","","$24 - $30 (hourly)",jobspy_indeed,https://www.indeed.com/viewjob?jk=a0a4ccdc32166c13,"","2026-04-15"
0,"","Systems Field Service Representative - Chicago","Schneider Electric","Chicago, Illinois","","",jobspy_indeed,https://www.indeed.com/viewjob?jk=eea8ebff7284dc2d,"","2026-04-14"
0,"","Senior Field Service Technician","ABB","Chicago, Illinois","","$68,600 - $109,760 (yearly)",jobspy_indeed,https://www.indeed.com/viewjob?jk=41103b0dfea3952c,"","2026-04-14"
0,"","Experienced Burglar and Fire Alarm Technician","Quality Alarm Systems, Inc.","Chicago, Illinois","","$35 - $40 (hourly)",jobspy_indeed,https://www.indeed.com/viewjob?jk=9da7c22c91732689,"","2026-04-14"
0,"","Maintenance Printer Technician - (3rd shift)","Lake Cable LLC","Chicago, Illinois","","$18 - $21 (hourly)",jobspy_indeed,https://www.indeed.com/viewjob?jk=ca4dddc2fdfb9f6f,"","2026-04-09"
0,"","Kitchen Suppression Technician","Xtreme Fire Protection, Inc","Chicago, Illinois","","",jobspy_indeed,https://www.indeed.com/viewjob?jk=e5fd6ece04a8fb03,"","2026-04-09"
0,"","Fire Extinguisher Technician","Fire Alarm","New York, New York","","$30 - $50 (hourly)",jobspy_indeed,https://www.indeed.com/viewjob?jk=897c24cab15f74b3,"","2026-04-14"
0,"","Maintenance Technician (Temporary to Permanent)","iLearn Schools","New York, New York","","",jobspy_indeed,https://www.indeed.com/viewjob?jk=da47adcd64b803e0,"","2026-04-14"
0,"","LOW VOLTAGE TECHNICIANS & APPRENTICES","Metro Cable & Networks","New York, New York","","$20 - $32 (hourly)",jobspy_indeed,https://www.indeed.com/viewjob?jk=6df0b1b38ec9a00d,"","2026-04-13"
0,"","Low Voltage Security Technician","nan","New York, New York","","$25 - $45 (hourly)",jobspy_indeed,https://www.indeed.com/viewjob?jk=65a995c99d94dafe,"","2026-04-13"
0,"","Physical Security Technician","Columbia University","New York, New York","","$70,000 - $75,000 (yearly)",jobspy_indeed,https://www.indeed.com/viewjob?jk=d956281a63f2d9d6,"","2026-04-13"
0,"","Lead Security Technician – Enterprise Access Control & CCTV (Westchester NY)","Care Security Systems","New York, New York","","$35 - $45 (hourly)",jobspy_indeed,https://www.indeed.com/viewjob?jk=f554f5729a8eb3d8,"","2026-04-09"
0,"","Intercom Installation Technician (1099 Independent Contractor)","The HR Boutique","New York, New York","","",jobspy_indeed,https://www.indeed.com/viewjob?jk=10ad24019ecf1b6e,"","2026-04-09"
0,"","Fire Alarm Installer","HCI Systems","San Francisco, California","","$30 - $40 (hourly)",jobspy_indeed,https://www.indeed.com/viewjob?jk=0aeb6e58aee1011d,"","2026-04-15"
0,"","Entry Level Service-Maintenance Technician","AAA Furnace & Air Conditioning","San Francisco, California","","",jobspy_indeed,https://www.indeed.com/viewjob?jk=4b669559bb02a085,"","2026-04-15"
0,"","Low Voltage Installer","Audio Video Evolution","San Francisco, California","","$22 - $35 (hourly)",jobspy_indeed,https://www.indeed.com/viewjob?jk=10fba72926ed8f10,"","2026-04-15"
0,"","Senior Facilities Service Technician - San Jose","AAA Facility Services","San Francisco, California","","$35 - $42 (hourly)",jobspy_indeed,https://www.indeed.com/viewjob?jk=b268e11f624f927e,"","2026-04-09"
0,"","Low Voltage / Access Control Technician","Fibercom","San Francisco, California","","$18 - $40 (hourly)",jobspy_indeed,https://www.indeed.com/viewjob?jk=e92ca02090df91d8,"","2026-04-10"
0,"","Maintenance Technician 3 - Broadway Plaza","Nordstrom","San Francisco, California","","$33 - $54 (hourly)",jobspy_indeed,https://www.indeed.com/viewjob?jk=e7a653756dbbf1f8,"","2026-04-10"
0,"","Lead Installation Technician","nan","San Francisco, California","","$40 - $50 (hourly)",jobspy_indeed,https://www.indeed.com/viewjob?jk=ce43c0b53274ac6e,"","2026-04-10"
0,"","CCTV and Alarm technician","Tough Guys Security Security & Electrical","San Francisco, California","","$25 - $30 (hourly)",jobspy_indeed,https://www.indeed.com/viewjob?jk=42cdf20f24fd2567,"","2026-04-09"
0,"","Data Center Technician","EOS IT Solutions","San Francisco, California","","$24 - $30 (hourly)",jobspy_indeed,https://www.indeed.com/viewjob?jk=84fb400febc8b8e4,"","2026-04-09"
0,"","Developmental & Test Mechanic","Boeing","Seattle, Washington","","$31 - $59 (hourly)",jobspy_indeed,https://www.indeed.com/viewjob?jk=0678a71046c39f8d,"","2026-04-15"
0,"","Internet Installation Technician","Synergies3 Tec Services","Seattle, Washington","","",jobspy_indeed,https://www.indeed.com/viewjob?jk=2357fa4328c61625,"","2026-04-13"
0,"","Alarm & Detection Technician","Western States Fire Protection Company","Seattle, Washington","","",jobspy_indeed,https://www.indeed.com/viewjob?jk=f79bf87b0d61556f,"","2026-04-11"
0,"","EL06 Security Technician","Mastercraft Electric, Inc.","Seattle, Washington","","$42 - $50 (hourly)",jobspy_indeed,https://www.indeed.com/viewjob?jk=4a569a2dc773cd7a,"","2026-04-10"
0,"","Low Voltage Service Technician","STERIS","Seattle, Washington","","$61,412 - $79,475 (yearly)",jobspy_indeed,https://www.indeed.com/viewjob?jk=9ccf377d23b3986a,"","2026-04-10"
0,"","Building Maintenance Supervisor","ICB Wayland","Boston, Massachusetts","","$28 - $34 (hourly)",jobspy_indeed,https://www.indeed.com/viewjob?jk=3ab8a8d37c739770,"","2026-04-16"
0,"","Building Maintenance Supervisor","Rosewood Properties","Boston, Massachusetts","","$27 - $32 (hourly)",jobspy_indeed,https://www.indeed.com/viewjob?jk=8698e6951de3d358,"","2026-04-16"
0,"","Traveling Field Technician","Flock","Boston, Massachusetts","","$55,000 - $65,000 (yearly)",jobspy_indeed,https://www.indeed.com/viewjob?jk=255542febe18f4c3,"","2026-04-14"
0,"","Sr Install Technician","Pavion","Boston, Massachusetts","","",jobspy_indeed,https://www.indeed.com/viewjob?jk=c6c485f40c0c5fab,"","2026-04-14"
0,"","Security Installer (union)","Johnson Controls","Boston, Massachusetts","","$26 - $44 (hourly)",jobspy_indeed,https://www.indeed.com/viewjob?jk=2383a718a990dcb5,"","2026-04-09"
0,"","HVAC Building Automation Systems Specialist - Lead or Senior","Siemens","Boston, Massachusetts","","$69,462 - $108,528 (yearly)",jobspy_indeed,https://www.indeed.com/viewjob?jk=43ec97e79837a6dc,"","2026-02-13"
0,"","Structured Cabling Installation Technician","Agility Integration Corporation","Los Angeles, California","","$23 - $30 (hourly)",jobspy_indeed,https://www.indeed.com/viewjob?jk=daac3865d80f3afd,"","2026-04-16"
0,"","Senior Fire Alarm Service Technician","HCI Systems","Los Angeles, California","","$32 - $45 (hourly)",jobspy_indeed,https://www.indeed.com/viewjob?jk=69861594c781049e,"","2026-04-15"
0,"","Fire Alarm Service Technician","HCI Systems","Los Angeles, California","","$32 - $40 (hourly)",jobspy_indeed,https://www.indeed.com/viewjob?jk=bddcfd2f761d0dfd,"","2026-04-15"
0,"","Security Service Technician","HCI Systems","Los Angeles, California","","$27 - $37 (hourly)",jobspy_indeed,https://www.indeed.com/viewjob?jk=8a53a22a461898a0,"","2026-04-15"
0,"","Low Voltage Technician","HCI Systems","Los Angeles, California","","$25 - $35 (hourly)",jobspy_indeed,https://www.indeed.com/viewjob?jk=17ffadd7431a0759,"","2026-04-15"
0,"","Facilities Maintenance","Saputo","Los Angeles, California","","",jobspy_indeed,https://www.indeed.com/viewjob?jk=c4d8b952199ac8a1,"","2026-04-15"
0,"","Low Voltage Technician II","e4 Control Systems, Inc.","Los Angeles, California","","$24 - $25 (hourly)",jobspy_indeed,https://www.indeed.com/viewjob?jk=8ad8c5fb2671635e,"","2026-04-14"
0,"","Electronics Technician","SmartFrameMods","Los Angeles, California","","$25 - $30 (hourly)",jobspy_indeed,https://www.indeed.com/viewjob?jk=296a7b1c20a84f4b,"","2026-04-13"
0,"","HVAC manager","Trust Heating and Air Conditioning","Los Angeles, California","","$18 - $20 (hourly)",jobspy_indeed,https://www.indeed.com/viewjob?jk=62eccfb222446665,"","2026-04-11"
0,"","Low Voltage Lead Technician","Caltek Technologies, Inc.","Los Angeles, California","","$30 - $35 (hourly)",jobspy_indeed,https://www.indeed.com/viewjob?jk=ddab5d15565516e6,"","2026-04-10"
0,"","Cable Installer","DCOMM, INC","Los Angeles, California","","$1,000 - $2,000 (weekly)",jobspy_indeed,https://www.indeed.com/viewjob?jk=7c6f8dd5355b22a3,"","2026-04-10"
0,"","Facilities Technician","ITT Inc.","Los Angeles, California","","$20 - $30 (hourly)",jobspy_indeed,https://www.indeed.com/viewjob?jk=264196e35ea609b9,"","2026-04-09"
0,"","HVAC Technician (Entry Level)","A/C Care Inc","Los Angeles, California","","$57,000 - $70,000 (yearly)",jobspy_indeed,https://www.indeed.com/viewjob?jk=ab1f405b3677b42d,"","2026-04-09"
0,"","Fire Sprinkler Inspection & Testing Technician","Pyro-Comm Systems Inc","Los Angeles, California","","$35 - $49 (hourly)",jobspy_indeed,https://www.indeed.com/viewjob?jk=526b7ef43ad531bd,"","2026-04-09"
0,"","Industrial Reliability Technician — CNC/Automation","nan","Los Angeles, California","","$30 - $40 (hourly)",jobspy_indeed,https://www.indeed.com/viewjob?jk=57548324caf7c5fd,"","2026-04-09"
0,"","Programming Technician – Fire Alarm & Communication Systems","Pyro-Comm Systems Inc","Los Angeles, California","","$35 - $55 (hourly)",jobspy_indeed,https://www.indeed.com/viewjob?jk=aeb4764573c6e2e0,"","2026-04-09"
0,"","Sr. Engineering Technician II, Low Voltage Electrical","Rivian","Los Angeles, California","","",jobspy_indeed,https://www.indeed.com/viewjob?jk=52d6d8642abe44e3,"","2026-04-01"
0,"","Controls Technician, Data Center Capacity Delivery","Amazon.com","Washington, DC","","$32 - $57 (hourly)",jobspy_indeed,https://www.indeed.com/viewjob?jk=891ef8a99017c667,"","2026-03-13"
0,"","Controls Technician, DCC Communities","Amazon.com","Washington, DC","","$61,700 - $138,100 (yearly)",jobspy_indeed,https://www.indeed.com/viewjob?jk=3e1aec096b42547d,"","2025-10-29"
0,"","Entry Level Technician","Advanced Commercial Electronic Systems","United States","","$17 - $30 (hourly)",jobspy_indeed,https://www.indeed.com/viewjob?jk=80578eb4d4128c61,"","2026-04-16"
0,"","Electro Mechanical Technician","Nestlé USA","United States","","",jobspy_indeed,https://www.indeed.com/viewjob?jk=069c686bb6331335,"","2026-04-16"
0,"","Traveling Low Voltage Technician","CSI of the Southeast","United States","","$18 - $25 (hourly)",jobspy_indeed,https://www.indeed.com/viewjob?jk=0e1c08d7bf7fa458,"","2026-04-16"
0,"","Field Service Technician - Remote","CV Technology","Remote","","$50,000 - $55,000 (yearly)",jobspy_indeed,https://www.indeed.com/viewjob?jk=69bc4ad9266a1cb9,"","2026-04-15"
0,"","Senior BIM Coordinator","CMTA Consulting Engineers","New York, New York","","$80,000 - $95,000 (yearly)",jobspy_indeed,https://www.indeed.com/viewjob?jk=41611bd50eb84985,"","2026-04-13"
0,"","Commissioning Engineer / Project Manager - Boston, MA","Bala Consulting Engineers","Boston, Massachusetts","","$100,000 - $130,000 (yearly)",jobspy_indeed,https://www.indeed.com/viewjob?jk=72cf6c3cf3d12082,"","2026-04-10"
0,"","Senior BIM Coordinator","CMTA Consulting Engineers","Los Angeles, California","","$80,000 - $95,000 (yearly)",jobspy_indeed,https://www.indeed.com/viewjob?jk=eccd87ff98c9c035,"","2026-04-13"
0,"","Commissioning Engineer / Project Manager - Arlington, VA","Bala Consulting Engineers","Washington, DC","","",jobspy_indeed,https://www.indeed.com/viewjob?jk=fb88751e05aef404,"","2026-04-10"
0,"","Audio Video Field Service Engineer","Daktronics","United States","","$27 - $29 (hourly)",jobspy_indeed,https://www.indeed.com/viewjob?jk=f01017d3b7766271,"","2026-04-15"
0,"","Live Events Engineer","Fubo","United States","","$75,000 - $95,000 (yearly)",jobspy_indeed,https://www.indeed.com/viewjob?jk=03f214b5324d1757,"","2026-04-15"
0,"","Network Operations Center Technician - Broadcast","NEP GROUP","United States","","",jobspy_indeed,https://www.indeed.com/viewjob?jk=fdf2988766b942d5,"","2026-04-15"
0,"","Television Maintenance Engineer","UT Southwestern Medical Center","United States","","",jobspy_indeed,https://www.indeed.com/viewjob?jk=3c0cbbec7577d6bd,"","2026-04-14"
0,"","Staff Driver","Hubbard Broadcasting","United States","","",jobspy_indeed,https://www.indeed.com/viewjob?jk=64707aef47740866,"","2026-04-14"
0,"","OTR CDL Class A Company Tractor Trailer Driver","F&F Productions","United States","","",jobspy_indeed,https://www.indeed.com/viewjob?jk=9b8710267a1df408,"","2026-04-14"
0,"","EIC - Engineer In Charge","Mobile TV Group","United States","","",jobspy_indeed,https://www.indeed.com/viewjob?jk=624d7da4eae7f5b3,"","2026-04-14"
0,"","Senior Project Engineer - Mechanical","CMTA Consulting Engineers","United States","","$85,000 - $110,000 (yearly)",jobspy_indeed,https://www.indeed.com/viewjob?jk=2121362b352d5dd3,"","2026-04-13"
0,"","Systems Engineer","Apogee Engineering, LLC","United States","","$130,000 - $145,000 (yearly)",jobspy_indeed,https://www.indeed.com/viewjob?jk=db2e22e870b83863,"","2026-04-13"
0,"","IT Audio Engineer","Fayetteville Public Library","United States","","$20 - $25 (hourly)",jobspy_indeed,https://www.indeed.com/viewjob?jk=b5aa7cdbd4857bde,"","2026-04-13"
0,"","Senior Engineer, Bridge Testing","Canadian National Railway","Chicago, Illinois","","$104,500 - $137,000 (yearly)",jobspy_indeed,https://www.indeed.com/viewjob?jk=f3750e857393dd5a,"","2026-04-15"
0,"","ILUS - Production Manager (Shipping)","Daifuku Intralogistics America","Chicago, Illinois","","",jobspy_indeed,https://www.indeed.com/viewjob?jk=f29eef3fb7308f55,"","2026-04-15"
0,"","ILUS - Technical Writer","Daifuku Intralogistics America","Chicago, Illinois","","",jobspy_indeed,https://www.indeed.com/viewjob?jk=06188120ea8f970d,"","2026-04-13"
0,"","1st Shift Shipping Manager - (6:00am-2:30pm)","Daifuku","Chicago, Illinois","","",jobspy_indeed,https://www.indeed.com/viewjob?jk=4e2c28402cdb7b8e,"","2026-04-15"
0,"","Technical Writer","Daifuku","Chicago, Illinois","","",jobspy_indeed,https://www.indeed.com/viewjob?jk=1346703505d4e3e9,"","2026-04-13"
0,"","Geotechnical Sales Engineer","DGI Menard","Chicago, Illinois","","",jobspy_indeed,https://www.indeed.com/viewjob?jk=31baa6e5676d5571,"","2026-04-15"
0,"","Engineering Intern","Bailey Edward Design Inc","Chicago, Illinois","","$18 - $25 (hourly)",jobspy_indeed,https://www.indeed.com/viewjob?jk=56fab9105fb43b2c,"","2026-04-15"
0,"","Structural Engineer Intern","Thornton Tomasetti","Chicago, Illinois","","$25 - $35 (hourly)",jobspy_indeed,https://www.indeed.com/viewjob?jk=c6c0104abecd9a99,"","2026-04-15"
0,"","Construction Project Engineer","Cordogan Clark","Chicago, Illinois","","$70,000 - $75,000 (yearly)",jobspy_indeed,https://www.indeed.com/viewjob?jk=671edbcfe54f7587,"","2026-04-15"
0,"","GIS Specialist II","AECOM","Chicago, Illinois","","$70,000 - $105,000 (yearly)",jobspy_indeed,https://www.indeed.com/viewjob?jk=98ac1baf0344ea82,"","2026-04-15"
0,"","Senior Project Manager - Building Assessment","AEI Consultants","Chicago, Illinois","","$100,000 - $125,000 (yearly)",jobspy_indeed,https://www.indeed.com/viewjob?jk=169d284751410f8b,"","2026-04-15"
0,"","Engineering Manager - Capital Projects","Sedron Technologies","Chicago, Illinois","","$130,000 - $180,000 (yearly)",jobspy_indeed,https://www.indeed.com/viewjob?jk=c9acb23e22e75dde,"","2026-04-15"
0,"","Product Management Senior Manager (Technical)","Allstate Insurance","Chicago, Illinois","","$135,000 - $190,000 (yearly)",jobspy_indeed,https://www.indeed.com/viewjob?jk=7038e5a04a6e453e,"","2026-04-14"
0,"","Apprentice - Engineer at Waldorf Astoria Chicago","Hilton","Chicago, Illinois","","",jobspy_indeed,https://www.indeed.com/viewjob?jk=980c94ab7dce3b0a,"","2026-04-14"
0,"","Assistant Project Manager II","Quanta Infrastructure Solutions Group","Chicago, Illinois","","$90,000 - $120,000 (yearly)",jobspy_indeed,https://www.indeed.com/viewjob?jk=966c4f32ee2ef58b,"","2026-04-13"
0,"","Project Manager II","Quanta Infrastructure Solutions Group","Chicago, Illinois","","$160,000 - $190,000 (yearly)",jobspy_indeed,https://www.indeed.com/viewjob?jk=fd3c2d82b7721762,"","2026-04-13"
0,"","[UNION] Operating Engineer","Cushman & Wakefield","Chicago, Illinois","","$42 - $49 (hourly)",jobspy_indeed,https://www.indeed.com/viewjob?jk=44115afabfea5337,"","2026-04-13"
0,"","Engineering Auditor","NYC Housing Authority","New York, New York","","$90,551 - $94,990 (yearly)",jobspy_indeed,https://www.indeed.com/viewjob?jk=422400b7c51d6bb7,"","2026-04-16"
0,"","Senior Data Architect","DEPARTMENT OF BUILDINGS","New York, New York","","$68,214 - $125,969 (yearly)",jobspy_indeed,https://www.indeed.com/viewjob?jk=2e9557f408354fe7,"","2026-04-16"
0,"","Senior Full Stack Engineer","Fairstead","New York, New York","","$125,000 - $185,000 (yearly)",jobspy_indeed,https://www.indeed.com/viewjob?jk=e07cdac563547591,"","2026-04-16"
0,"","Software Engineer III - Python AI/ML","JPMorganChase","New York, New York","","$133,000 - $185,000 (yearly)",jobspy_indeed,https://www.indeed.com/viewjob?jk=6f10776c57396ef8,"","2026-04-16"
0,"","Senior Electronics Engineer - Lighting, Shades, & Thermostats","Crestron Electronics","New York, New York","","$106,500 - $172,500 (yearly)",jobspy_indeed,https://www.indeed.com/viewjob?jk=b9528764da7b4823,"","2026-04-15"
0,"","Product Engineer (OXO, Osprey, Hydro Flask)","Helen of Troy","New York, New York","","$80,000 - $95,000 (yearly)",jobspy_indeed,https://www.indeed.com/viewjob?jk=8d940b10db13d6ab,"","2026-04-15"
0,"","Electrical BIM Engineer","Crackajack Solutions","New York, New York","","",jobspy_indeed,https://www.indeed.com/viewjob?jk=a487baef2f49c077,"","2026-04-15"
0,"","General Counsel","SESI Consulting Engineers","New York, New York","","$150,000 - $200,000 (yearly)",jobspy_indeed,https://www.indeed.com/viewjob?jk=9b8670e00c9f3c90,"","2026-04-15"
0,"","Associate Director, Intelligence","Code and Theory","New York, New York","","$100,000 - $150,000 (yearly)",jobspy_indeed,https://www.indeed.com/viewjob?jk=a9962dd9e6b893f4,"","2026-04-15"
0,"","Manager, Sales Development","HARVEY","New York, New York","","$195,400 - $293,000 (yearly)",jobspy_indeed,https://www.indeed.com/viewjob?jk=2395f45e66400607,"","2026-04-15"
0,"","Senior Legal Engineer - Product Specialist","HARVEY","New York, New York","","$255,000 - $300,000 (yearly)",jobspy_indeed,https://www.indeed.com/viewjob?jk=24481acaa7fd6874,"","2026-04-15"
0,"","VP, Legal","nan","New York, New York","","$220,000 - $250,000 (yearly)",jobspy_indeed,https://www.indeed.com/viewjob?jk=0a977a585fd7ef00,"","2026-04-15"
0,"","Junior Sports Trader","Novig","New York, New York","","$60,000 - $90,000 (yearly)",jobspy_indeed,https://www.indeed.com/viewjob?jk=23e3601869b4e90f,"","2026-04-15"
0,"","Non-Agency RMBS Evaluator - Bloomberg Evaluated Pricing (BVAL)","Bloomberg","New York, New York","","$160,000 - $210,000 (yearly)",jobspy_indeed,https://www.indeed.com/viewjob?jk=48b63aa7dc64f43b,"","2026-04-15"
0,"","Software Engineer - Java (contract)","Wells Fargo","New York, New York","","",jobspy_indeed,https://www.indeed.com/viewjob?jk=6e0a0dd71b1cb5fd,"","2026-04-15"
0,"","Product Operations Manager","Datadog","New York, New York","","$145,000 - $175,000 (yearly)",jobspy_indeed,https://www.indeed.com/viewjob?jk=4af2195a135f29be,"","2026-04-15"
0,"","AI Tutor, Rufus, Amazon","Amazon.com","New York, New York","","$21 - $41 (hourly)",jobspy_indeed,https://www.indeed.com/viewjob?jk=8b5aa3f0d9ec153d,"","2026-04-08"
0,"","IT Support Engineer I, Ops Tech Solutions (OTS)","Amazon.com","New York, New York","","$25 - $41 (hourly)",jobspy_indeed,https://www.indeed.com/viewjob?jk=5923d4971a3ff87c,"","2026-03-30"
0,"","AI Tutor, Rufus, Amazon Rufus","Amazon.com","New York, New York","","$19 - $33 (hourly)",jobspy_indeed,https://www.indeed.com/viewjob?jk=28b056de62e8d84a,"","2026-03-03"
0,"","SAP Procure to Pay Functional, Amazon Leo","Amazon.com","New York, New York","","$129,200 - $174,800 (yearly)",jobspy_indeed,https://www.indeed.com/viewjob?jk=094a1a1ba05b5046,"","2026-02-23"
0,"","Senior Regional Automation Engineer, NASC AE","Amazon.com","New York, New York","","$135,000 - $175,500 (yearly)",jobspy_indeed,https://www.indeed.com/viewjob?jk=bb0935f30fc70c67,"","2025-10-24"
0,"","Sr. Principal Scientist, Secure Work Enablement","Amazon Web Services","New York, New York","","$240,100 - $350,000 (yearly)",jobspy_indeed,https://www.indeed.com/viewjob?jk=6069f55e2134220f,"","2025-10-03"
0,"","Preconstruction Manager – Design Management Support","Colliers Engineering & Design","San Francisco, California","","$80,000 - $130,000 (yearly)",jobspy_indeed,https://www.indeed.com/viewjob?jk=ace1dc6a228dc00a,"","2026-04-16"
0,"","Lead UX Designer","Logitech","San Francisco, California","","$143,400 - $218,700 (yearly)",jobspy_indeed,https://www.indeed.com/viewjob?jk=4a42c896a592d309,"","2026-04-16"
0,"","GENERAL MAINTENANCE MID-LEVEL ENGINEER","HOTEL AVANTE","San Francisco, California","","$27 - $29 (hourly)",jobspy_indeed,https://www.indeed.com/viewjob?jk=bd48dd021b12a045,"","2026-04-16"
0,"","FPGA / Embedded Systems Engineer","Sigma Group","San Francisco, California","","$80,000 - $250,000 (yearly)",jobspy_indeed,https://www.indeed.com/viewjob?jk=73971c4c0aac138e,"","2026-04-16"
0,"","Sr. Materials Engineer, Cell Materials Qualification","Tesla","San Francisco, California","","$91,600 - $234,000 (yearly)",jobspy_indeed,https://www.indeed.com/viewjob?jk=0fa4cba2f3b0d3e0,"","2026-04-16"
0,"","Principal Manufacturing Engineer","nan","San Francisco, California","","$190,000 - $215,000 (yearly)",jobspy_indeed,https://www.indeed.com/viewjob?jk=5079a5546ce3e03e,"","2026-04-15"
0,"","Art Director, EnterpriseNew","Anthropic","San Francisco, California","","$305,000 - $385,000 (yearly)",jobspy_indeed,https://www.indeed.com/viewjob?jk=9ff9743c4c1ad168,"","2026-04-15"
0,"","Sensors Intern","WindBorne Systems","San Francisco, California","","",jobspy_indeed,https://www.indeed.com/viewjob?jk=6d31bbe5363be843,"","2026-04-15"
0,"","Systems Engineer","nan","San Francisco, California","","$100,000 - $200,000 (yearly)",jobspy_indeed,https://www.indeed.com/viewjob?jk=eeeba59bbf2c002b,"","2026-04-15"
0,"","Engineer 1 - Equipment Engineering","RETC, LLC - Renewable Energy Testing Center","San Francisco, California","","$70,000 - $75,000 (yearly)",jobspy_indeed,https://www.indeed.com/viewjob?jk=251915ca11d4eaee,"","2026-04-15"
0,"","Energy Monitoring & Efficiency Engineering Associate","Lawrence Berkeley National Laboratory","San Francisco, California","","$101,100 - $206,900 (yearly)",jobspy_indeed,https://www.indeed.com/viewjob?jk=fe33f5ebfe08a9f1,"","2026-04-15"
0,"","Sr. Firmware Engineer, Power Electronics Controls","Tesla","San Francisco, California","","$140,000 - $252,000 (yearly)",jobspy_indeed,https://www.indeed.com/viewjob?jk=ed102e901e04e095,"","2026-04-15"
0,"","Project Consultant (Residential Remodeling Sales)","Gordon Reese Design Build","San Francisco, California","","$100,000 - $250,000 (yearly)",jobspy_indeed,https://www.indeed.com/viewjob?jk=303221c9f0402dc0,"","2026-04-15"
0,"","Senior/Staff Mobile Security Engineer","Tools for Humanity","San Francisco, California","","$251,000 - $325,000 (yearly)",jobspy_indeed,https://www.indeed.com/viewjob?jk=901c0f04f98e1ae6,"","2026-04-15"
0,"","General Engineer","vigilant healthcare solutions","San Francisco, California","","",jobspy_indeed,https://www.indeed.com/viewjob?jk=d00843e2efd661cb,"","2026-04-15"
0,"","Entry Level Electrical Engineer - San Francisco, CA","PAE Consulting Engineers Inc.","San Francisco, California","","$81,700 - $104,300 (yearly)",jobspy_indeed,https://www.indeed.com/viewjob?jk=081d2e3bf1190d39,"","2026-04-14"
0,"","Building Automation Systems Engineer III - HVAC","EMCOR","San Francisco, California","","$71 - $85 (hourly)",jobspy_indeed,https://www.indeed.com/viewjob?jk=f9b3f2bc2e0aa031,"","2026-04-14"
0,"","Technical Sourcer","nan","San Francisco, California","","$65,000 - $78,000 (yearly)",jobspy_indeed,https://www.indeed.com/viewjob?jk=dc0ad567eff1f275,"","2026-04-14"
0,"","Senior Mechanical Engineer","PAE Consulting Engineers Inc.","San Francisco, California","","$127,300 - $169,700 (yearly)",jobspy_indeed,https://www.indeed.com/viewjob?jk=b5252ee397d57e83,"","2026-04-14"
0,"","Staff Product Manager, Agent Platform","HARVEY","San Francisco, California","","$213,600 - $300,000 (yearly)",jobspy_indeed,https://www.indeed.com/viewjob?jk=cb71f34f8dc5ca16,"","2026-04-14"
0,"","Regional Automation Engineer Manager, R2L/GSF","Amazon.com","San Francisco, California","","$162,800 - $220,200 (yearly)",jobspy_indeed,https://www.indeed.com/viewjob?jk=18123c1bd22f072d,"","2026-03-31"
0,"","Hyatt Place San Jose Downtown - Operations Manager OEM","Aimbridge Hospitality","San Francisco, California","","$80,000 - $85,000 (yearly)",jobspy_indeed,https://www.indeed.com/viewjob?jk=91110b2aa64d04c2,"","2026-03-16"
0,"","Corporate Counsel, Regulatory Product Safety, Devices Legal","Amazon.com","San Francisco, California","","$153,900 - $208,200 (yearly)",jobspy_indeed,https://www.indeed.com/viewjob?jk=12c016a1ed9e7ef7,"","2026-03-03"
0,"","Manager, Value Stream","FujiFilm","Seattle, Washington","","$90,000 - $115,000 (yearly)",jobspy_indeed,https://www.indeed.com/viewjob?jk=34bb72849f47a266,"","2026-04-15"
0,"","AI Tutor, Rufus, Amazon","Amazon.com","Seattle, Washington","","$21 - $41 (hourly)",jobspy_indeed,https://www.indeed.com/viewjob?jk=2c9359d1c1642379,"","2026-04-08"
0,"","System Development Engineer, GSE Automation, Amazon Leo","Amazon.com","Seattle, Washington","","$129,200 - $174,800 (yearly)",jobspy_indeed,https://www.indeed.com/viewjob?jk=c04d21ed6f46a249,"","2026-04-03"
0,"","SAP Procure to Pay Functional, Amazon Leo","Amazon.com","Seattle, Washington","","$129,200 - $174,800 (yearly)",jobspy_indeed,https://www.indeed.com/viewjob?jk=4fea303a8036f43f,"","2026-02-23"
0,"","Regional Automation Engineer Manager, R2L/GSF","Amazon.com","Seattle, Washington","","$162,800 - $220,200 (yearly)",jobspy_indeed,https://www.indeed.com/viewjob?jk=b085793f52deadf9,"","2026-03-31"
0,"","Sr. Electrical Controls Engineer, Data Center Engineering","Amazon Web Services","Seattle, Washington","","$136,600 - $184,800 (yearly)",jobspy_indeed,https://www.indeed.com/viewjob?jk=e26be996d26d926f,"","2026-03-27"
0,"","Corporate Counsel, Amazon Leo for Government, Legal","Amazon.com","Seattle, Washington","","$153,900 - $208,200 (yearly)",jobspy_indeed,https://www.indeed.com/viewjob?jk=a6ef051ce369d347,"","2026-03-26"
0,"","Corporate Counsel, Regulatory Product Safety, Devices Legal","Amazon.com","Seattle, Washington","","$153,900 - $208,200 (yearly)",jobspy_indeed,https://www.indeed.com/viewjob?jk=07147928968bf3f8,"","2026-03-03"
0,"","Transmission System Manager, AWS Energy Team","Amazon.com","Seattle, Washington","","$92,400 - $160,000 (yearly)",jobspy_indeed,https://www.indeed.com/viewjob?jk=01c5cb4c29c5406a,"","2026-03-20"
0,"","Product Development Engineer - Automation, OneMHS","Amazon.com","Seattle, Washington","","$111,500 - $160,000 (yearly)",jobspy_indeed,https://www.indeed.com/viewjob?jk=24fb57618cdbcc8c,"","2026-03-08"
0,"","Mechanical Engineer II , OneMHS","Amazon.com","Seattle, Washington","","$111,500 - $160,000 (yearly)",jobspy_indeed,https://www.indeed.com/viewjob?jk=ebb3db127b02e083,"","2026-03-07"
0,"","AI Tutor, Rufus, Amazon Rufus","Amazon.com","Seattle, Washington","","$19 - $33 (hourly)",jobspy_indeed,https://www.indeed.com/viewjob?jk=3dd9d81046409558,"","2026-03-03"
0,"","Principal Data Engineer, Intelligent Talent Acquisition","Amazon.com","Seattle, Washington","","$184,000 - $248,900 (yearly)",jobspy_indeed,https://www.indeed.com/viewjob?jk=5bb7edb96bfa10db,"","2026-02-17"
0,"","Sr. Principal Scientist, Secure Work Enablement","Amazon Web Services","Seattle, Washington","","$240,100 - $350,000 (yearly)",jobspy_indeed,https://www.indeed.com/viewjob?jk=e20606fe0f83ff1a,"","2025-10-03"
0,"","Mechanical Engineer","LXC Engineering Group","Boston, Massachusetts","","$75,000 - $120,000 (yearly)",jobspy_indeed,https://www.indeed.com/viewjob?jk=7c661803f625c8c1,"","2026-04-16"
0,"","User Interface Quality Engineer","Broadcom","Boston, Massachusetts","","$108,000 - $172,800 (yearly)",jobspy_indeed,https://www.indeed.com/viewjob?jk=0f8d5e16470fddd1,"","2026-04-15"
0,"","Operating Engineer","Cushman & Wakefield","Boston, Massachusetts","","$72,250 - $85,000 (yearly)",jobspy_indeed,https://www.indeed.com/viewjob?jk=431d8de588138d8c,"","2026-04-15"
0,"","Field Service Engineer","Optos","Boston, Massachusetts","","$60,000 - $65,000 (yearly)",jobspy_indeed,https://www.indeed.com/viewjob?jk=678df9e2f928709b,"","2026-04-15"
0,"","Electrical Test Engineer IV","Textron Systems","Boston, Massachusetts","","$146,500 - $224,500 (yearly)",jobspy_indeed,https://www.indeed.com/viewjob?jk=b297f406d4e62b95,"","2026-04-15"
0,"","Mechanical Engineer","Haigh-Farr","Boston, Massachusetts","","",jobspy_indeed,https://www.indeed.com/viewjob?jk=1fd0b43f3e7666c9,"","2026-04-15"
0,"","Senior Development Engineer, Combination Products, Interventional Oncology (INTO)","Johnson & Johnson","Boston, Massachusetts","","$109,000 - $174,800 (yearly)",jobspy_indeed,https://www.indeed.com/viewjob?jk=f3e73c9d939dfce1,"","2026-04-15"
0,"","Platform Manager - Global Capital Markets","Citizens","Boston, Massachusetts","","$175,000 - $210,000 (yearly)",jobspy_indeed,https://www.indeed.com/viewjob?jk=11775d3bc02ee671,"","2026-04-15"
0,"","Mechanical Design Engineer","Formulatrix, Inc.","Boston, Massachusetts","","$80,000 - $110,000 (yearly)",jobspy_indeed,https://www.indeed.com/viewjob?jk=9094b52cf93f7da6,"","2026-04-15"
0,"","Lead Mechanical Engineer","PAE Consulting Engineers Inc.","Boston, Massachusetts","","$93,000 - $122,200 (yearly)",jobspy_indeed,https://www.indeed.com/viewjob?jk=53ef233daac42d54,"","2026-04-14"
0,"","Software Engineering Manager (Translations Platform)","Whoop","Boston, Massachusetts","","$150,000 - $215,000 (yearly)",jobspy_indeed,https://www.indeed.com/viewjob?jk=106fc8788dcdee11,"","2026-04-14"
0,"","Quality Engineer II","Parker Hannifin","Boston, Massachusetts","","$83,250 - $138,550 (yearly)",jobspy_indeed,https://www.indeed.com/viewjob?jk=bb25c41ed26bcde5,"","2026-04-14"
0,"","Mobile Operating Engineer","Cushman & Wakefield","Boston, Massachusetts","","$31 - $36 (hourly)",jobspy_indeed,https://www.indeed.com/viewjob?jk=fb777994820a1ea0,"","2026-04-14"
0,"","Flight Compute Software-in-the-Loop Simulation Engineer","Draper","Boston, Massachusetts","","$82,300 - $220,000 (yearly)",jobspy_indeed,https://www.indeed.com/viewjob?jk=f9b84e834b128f52,"","2026-04-14"
0,"","Refrigeration Engineer","City Facilities Management","Boston, Massachusetts","","",jobspy_indeed,https://www.indeed.com/viewjob?jk=7039dfa6c41f9aee,"","2026-04-14"
0,"","Quality Engineer","KOSO America","Boston, Massachusetts","","$70,000 - $90,000 (yearly)",jobspy_indeed,https://www.indeed.com/viewjob?jk=011ed10f9cccfe6c,"","2026-04-14"
0,"","Head of Data & AI","Nova Biomedical","Boston, Massachusetts","","$270,000 - $300,000 (yearly)",jobspy_indeed,https://www.indeed.com/viewjob?jk=8913cacdac7cdfe7,"","2026-04-13"
0,"","Product Development Engineer - Automation, OneMHS","Amazon.com","Boston, Massachusetts","","$111,500 - $160,000 (yearly)",jobspy_indeed,https://www.indeed.com/viewjob?jk=1f550643fb79d0a7,"","2026-03-08"
0,"","Application Builder, Device Software Product Builders","Amazon.com","Boston, Massachusetts","","$143,700 - $194,400 (yearly)",jobspy_indeed,https://www.indeed.com/viewjob?jk=5076dce10c6426bf,"","2026-02-26"
0,"","Application Builder, Mobile Applications","Amazon.com","Boston, Massachusetts","","$143,700 - $194,400 (yearly)",jobspy_indeed,https://www.indeed.com/viewjob?jk=dbc943c9e4788cd0,"","2025-12-03"
0,"","Mobile Builder, Ring Software Product Builders","Amazon.com","Boston, Massachusetts","","$143,700 - $194,400 (yearly)",jobspy_indeed,https://www.indeed.com/viewjob?jk=a2b72a1d673b646a,"","2025-10-10"
0,"","Applications Engineer II","ITT Inc.","Los Angeles, California","","$70,800 - $105,400 (yearly)",jobspy_indeed,https://www.indeed.com/viewjob?jk=9339f36b16a2f9cb,"","2026-04-16"
0,"","Interior Designer: Civic + Cultural","Lpa, Inc.","Los Angeles, California","","$68,000 - $86,000 (yearly)",jobspy_indeed,https://www.indeed.com/viewjob?jk=8344084594a36eb4,"","2026-04-15"
0,"","Sr. Manufacturing Engineer, Machining (Starship)","SpaceX","Los Angeles, California","","$130,000 - $180,000 (yearly)",jobspy_indeed,https://www.indeed.com/viewjob?jk=631c2965f5e687e2,"","2026-04-15"
0,"","Manufacturing Engineer, Machining (Starship)","SpaceX","Los Angeles, California","","$100,000 - $135,000 (yearly)",jobspy_indeed,https://www.indeed.com/viewjob?jk=b52f375dbd6bd1de,"","2026-04-15"
0,"","Senior Project Manager - Building Assessment","AEI Consultants","Los Angeles, California","","$90,000 - $120,000 (yearly)",jobspy_indeed,https://www.indeed.com/viewjob?jk=be9823d1f41803ef,"","2026-04-15"
0,"","Entry Level Electrical Engineer - Los Angeles, California","PAE Consulting Engineers Inc.","Los Angeles, California","","$72,500 - $92,500 (yearly)",jobspy_indeed,https://www.indeed.com/viewjob?jk=aa425bbd0ba43e45,"","2026-04-14"
0,"","Engineer II Product Analysis","Abbott","Los Angeles, California","","$81,500 - $141,300 (yearly)",jobspy_indeed,https://www.indeed.com/viewjob?jk=37df4a9f4c611ee9,"","2026-04-14"
0,"","Application Engineer III","EMCOR","Los Angeles, California","","$54 - $68 (hourly)",jobspy_indeed,https://www.indeed.com/viewjob?jk=62ef88a3f85823f8,"","2026-04-14"
0,"","Assistant Chief Engineer","Hilton","Los Angeles, California","","$75,000 - $80,000 (yearly)",jobspy_indeed,https://www.indeed.com/viewjob?jk=373e9ea7c82f37c8,"","2026-04-14"
0,"","Senior Lead Electrical Engineer","PAE Consulting Engineers Inc.","Los Angeles, California","","$108,500 - $142,500 (yearly)",jobspy_indeed,https://www.indeed.com/viewjob?jk=1f1e24fd103ddb0e,"","2026-04-14"
0,"","Principal Electrical Engineer","The Walt Disney Company","Los Angeles, California","","$152,800 - $186,600 (yearly)",jobspy_indeed,https://www.indeed.com/viewjob?jk=20cf063b7b9838d5,"","2026-04-14"
0,"","Safety Supervisor","Teichert Construction","Los Angeles, California","","$139,333 - $195,067 (yearly)",jobspy_indeed,https://www.indeed.com/viewjob?jk=8620496a1eb5781b,"","2026-04-14"
0,"","Building Engineer","ISS Facility Services","Los Angeles, California","","",jobspy_indeed,https://www.indeed.com/viewjob?jk=e7b76ba64754ddc8,"","2026-04-14"
0,"","Digital Design Engineer – Senior Engineering Specialist","The Aerospace Corporation","Los Angeles, California","","$129,000 - $249,600 (yearly)",jobspy_indeed,https://www.indeed.com/viewjob?jk=98c09145c92a3523,"","2026-04-14"
0,"","Application Builder, Device Software Product Builders","Amazon.com","Los Angeles, California","","$143,700 - $194,400 (yearly)",jobspy_indeed,https://www.indeed.com/viewjob?jk=b3eee4a3a70510bc,"","2026-02-26"
0,"","Application Builder, Mobile Applications","Amazon.com","Los Angeles, California","","$143,700 - $194,400 (yearly)",jobspy_indeed,https://www.indeed.com/viewjob?jk=250fc8f961acdaac,"","2025-12-03"
0,"","Mobile Builder, Ring Software Product Builders","Amazon.com","Los Angeles, California","","$143,700 - $194,400 (yearly)",jobspy_indeed,https://www.indeed.com/viewjob?jk=9e5959c62d97f0c8,"","2025-10-10"
0,"","Senior RF Spectrum Policy Analyst/Engineer","The Aerospace Corporation","Washington, DC","","",jobspy_indeed,https://www.indeed.com/viewjob?jk=1ef2ad22363f79ea,"","2026-04-15"
0,"","Building Engineer","ISS Facility Services","Washington, DC","","$36 - $38 (hourly)",jobspy_indeed,https://www.indeed.com/viewjob?jk=b639f08034d10dbe,"","2026-04-15"
0,"","2026 Graduate - Hypersonics Engineer - Vehicle Design and Technologies","Johns Hopkins University Applied Physics Laboratory","Washington, DC","","$85,000 - $165,000 (yearly)",jobspy_indeed,https://www.indeed.com/viewjob?jk=5520db75e2e069a0,"","2026-04-15"
0,"","Operating Engineer","Cushman & Wakefield","Washington, DC","","$35 - $42 (hourly)",jobspy_indeed,https://www.indeed.com/viewjob?jk=a9504c5adc0972ca,"","2026-04-09"
0,"","Summer 2026 Software Developer Internship","General Dynamics Information Technology","Washington, DC","","$27 - $36 (hourly)",jobspy_indeed,https://www.indeed.com/viewjob?jk=2a35969c7488c816,"","2026-04-15"
0,"","Contract Project Coordinator","Prince George's County","Washington, DC","","$68,382 - $133,000 (yearly)",jobspy_indeed,https://www.indeed.com/viewjob?jk=5f5ca077be87977d,"","2026-04-15"
0,"","Office Manager","Soil & Structure Consulting INC","Washington, DC","","$24 - $29 (hourly)",jobspy_indeed,https://www.indeed.com/viewjob?jk=42d190f3a5c99f5d,"","2026-04-15"
0,"","Systems and Network Administrator","United States Court of Federal Claims","Washington, DC","","$81,906 - $133,178 (yearly)",jobspy_indeed,https://www.indeed.com/viewjob?jk=e1156a0c3ce052ab,"","2026-04-15"
0,"","Sr. Electrical Controls Engineer, Data Center Engineering","Amazon Web Services","Washington, DC","","$136,600 - $184,800 (yearly)",jobspy_indeed,https://www.indeed.com/viewjob?jk=6ad0739ece452770,"","2026-03-27"
0,"","Corporate Counsel, Amazon Leo for Government, Legal","Amazon.com","Washington, DC","","$153,900 - $208,200 (yearly)",jobspy_indeed,https://www.indeed.com/viewjob?jk=59f5c1e69594ef5a,"","2026-03-26"
0,"","Principal Data Engineer, Intelligent Talent Acquisition","Amazon.com","Washington, DC","","$184,000 - $248,900 (yearly)",jobspy_indeed,https://www.indeed.com/viewjob?jk=fbb8f353866a7de8,"","2026-02-17"
0,"","Senior Regional Automation Engineer, NASC AE","Amazon.com","Washington, DC","","$135,000 - $175,500 (yearly)",jobspy_indeed,https://www.indeed.com/viewjob?jk=23628c484373888a,"","2026-01-15"
0,"","Senior Patent Counsel/Agent","Nokia","United States","","",jobspy_indeed,https://www.indeed.com/viewjob?jk=7bca4de203699da3,"","2026-04-16"
0,"","Project Engineer","D&F Equipment","United States","","",jobspy_indeed,https://www.indeed.com/viewjob?jk=95c913a38ec1cdd5,"","2026-04-16"
0,"","GE Vernova Engineering Intern - Summer 2026","GE Vernova","United States","","$24 - $36 (hourly)",jobspy_indeed,https://www.indeed.com/viewjob?jk=de7e61326ae88ed7,"","2026-04-16"
0,"","CNC Machinist - Second Shift | Machine Shop","Beta Technologies","United States","","$27 - $38 (hourly)",jobspy_indeed,https://www.indeed.com/viewjob?jk=c2451ea3b44a3c00,"","2026-04-14"
0,"","Product Development Engineer - Automation, OneMHS","Amazon.com","United States","","$111,500 - $160,000 (yearly)",jobspy_indeed,https://www.indeed.com/viewjob?jk=2b6733258e73eb65,"","2026-03-08"
0,"","Applied Scientist, Last Mile Science","Amazon.com","United States","","$142,800 - $193,200 (yearly)",jobspy_indeed,https://www.indeed.com/viewjob?jk=394df8e791bb14d8,"","2026-03-05"
0,"","Senior Regional Automation Engineer, NASC AE","Amazon.com","United States","","$135,000 - $175,500 (yearly)",jobspy_indeed,https://www.indeed.com/viewjob?jk=b36ff0ef57c9debd,"","2026-01-15"
0,"","Senior Regional Automation Engineer","Amazon.com","United States","","$121,500 - $175,500 (yearly)",jobspy_indeed,https://www.indeed.com/viewjob?jk=523c3b9f80c03987,"","2025-12-18"
0,"","HL7 Integration Engineer","Merative","Remote","","$93,936 - $140,904 (yearly)",jobspy_indeed,https://www.indeed.com/viewjob?jk=6de73f78169e4326,"","2026-04-16"
0,"","Managing Engineer (Java/Spring)","Allstate Insurance","Remote","","$100,000 - $170,500 (yearly)",jobspy_indeed,https://www.indeed.com/viewjob?jk=3c759f2901f8f28e,"","2026-04-15"
0,"","Product Engineer (Java) Lead Consultant","Allstate Insurance","Remote","","$100,000 - $170,500 (yearly)",jobspy_indeed,https://www.indeed.com/viewjob?jk=557069021afaf1bf,"","2026-04-15"
0,"","Principal Engineer","SLR Consulting","Remote","","$140,000 - $190,000 (yearly)",jobspy_indeed,https://www.indeed.com/viewjob?jk=aa40ca076f6f5cad,"","2026-04-15"
0,"","IAM Engineer - Strivacity","IDMWORKS","Remote","","",jobspy_indeed,https://www.indeed.com/viewjob?jk=b8b9eb78e75e830c,"","2026-04-15"
0,"","1162_Principal Identity Engineer/Architect (AD-Entra-Okta Migration)","LATCH LLC","Remote","","$172,000 - $182,000 (yearly)",jobspy_indeed,https://www.indeed.com/viewjob?jk=730125f580ae1d91,"","2026-04-15"
0,"","(Entry level) Full Stack Software Engineer (LLM application Development)","Allstate Insurance","Remote","","$70,100 - $121,475 (yearly)",jobspy_indeed,https://www.indeed.com/viewjob?jk=5a0c0bc9918adb56,"","2026-04-14"
0,"","Senior Cyber & Technology Risk Consultant","Allstate Insurance","Remote","","$70,100 - $121,475 (yearly)",jobspy_indeed,https://www.indeed.com/viewjob?jk=2935e177994d63f8,"","2026-04-13"
0,"","Diesel Technical Support Representative","Birch Talent","Remote","","$64,000 - $90,000 (yearly)",jobspy_indeed,https://www.indeed.com/viewjob?jk=58b0f822c8ceef22,"","2026-04-14"
0,"","Technical Support (DACH)","Info Technology Supply Ltd.","Remote","","",jobspy_indeed,https://www.indeed.com/viewjob?jk=dbb1b6c22aec4c8a,"","2026-04-14"
0,"","Mid - Senior Full Stack Software Engineer (LLM application development)","Allstate Insurance","Remote","","$90,700 - $153,925 (yearly)",jobspy_indeed,https://www.indeed.com/viewjob?jk=e22ddac3e6b2f364,"","2026-04-13"
0,"","Manager – OOT East Route Acquisition","TDS Telecom","Remote","","$93,100 - $151,300 (yearly)",jobspy_indeed,https://www.indeed.com/viewjob?jk=2878e96818ff7575,"","2026-04-13"
0,"","Manager-Colocation","TDS Telecom","Remote","","$93,100 - $151,300 (yearly)",jobspy_indeed,https://www.indeed.com/viewjob?jk=140fe48b36475ba4,"","2026-04-10"
0,"","Principal Nuclear Protection & Controls Engineer","ENERCON SERVICES, INC","Remote","","$120,000 - $192,000 (yearly)",jobspy_indeed,https://www.indeed.com/viewjob?jk=e588b61414727907,"","2026-04-13"
0,"","Managing Engineer - Security","Allstate Insurance","Remote","","$120,000 - $195,000 (yearly)",jobspy_indeed,https://www.indeed.com/viewjob?jk=0e4300edd9627c57,"","2026-04-13"
0,"","Director, Revenue Cycle Management","nan","Remote","","$110,000 - $130,000 (yearly)",jobspy_indeed,https://www.indeed.com/viewjob?jk=a61c556df36564d0,"","2026-04-13"
0,"","UX/UI Designer, Senior - Remote US","Smile Digital Health","Remote","","$95,000 - $115,000 (yearly)",jobspy_indeed,https://www.indeed.com/viewjob?jk=79eac6712fecf898,"","2026-04-13"
0,"","Engineering Manager","TPR Education Management Limited","Remote","","$150,000 - $180,000 (yearly)",jobspy_indeed,https://www.indeed.com/viewjob?jk=a996ddc7fdd974ae,"","2026-04-13"
0,"","Sales Executive","IP Author Inc","Remote","","$61,714 - $74,322 (yearly)",jobspy_indeed,https://www.indeed.com/viewjob?jk=bd605277a3b2ca42,"","2026-04-13"
0,"","BIM HVAC Fabrication modeler / Detailer - ((Revit Experience Required))","S & W Coordination","Remote","","$70,000 - $90,000 (yearly)",jobspy_indeed,https://www.indeed.com/viewjob?jk=38bf3dc8b1037a3a,"","2026-04-12"
0,"","Platform Consultant - Product Security","Allstate Insurance","Remote","","$160,000 - $230,000 (yearly)",jobspy_indeed,https://www.indeed.com/viewjob?jk=cd043bd3e2305c35,"","2026-04-10"
0,"","Lead Substation Engineer","DLB Associates","Remote","","$165,000 - $190,000 (yearly)",jobspy_indeed,https://www.indeed.com/viewjob?jk=d03b44b37938f501,"","2026-04-10"
0,"","Lead Developer (Fullstack)","WE FREE","Remote","","",jobspy_indeed,https://www.indeed.com/viewjob?jk=a324f1c6cdc51236,"","2024-06-15"
0,"","Manager - Fleet Services - Logistics","Avis Budget Group","Chicago, Illinois","","$50,000 - $55,000 (yearly)",jobspy_indeed,https://www.indeed.com/viewjob?jk=810025f92a549626,"","2026-04-15"
0,"","Paramedic Schaumburg","Superior Air-Ground Ambulance Service","Chicago, Illinois","","$25 - $34 (hourly)",jobspy_indeed,https://www.indeed.com/viewjob?jk=e9545b48e1955d2a,"","2026-04-14"
0,"","FOH Lead","EXPÉRIENCES INFINITY","Chicago, Illinois","","",jobspy_indeed,https://www.indeed.com/viewjob?jk=9e201d8159a569ca,"","2026-04-13"
0,"","Part - Time Armed Emergency Medical Technician","Allied Universal Enhanced Protection Services","New York, New York","","",jobspy_indeed,https://www.indeed.com/viewjob?jk=0934bb038cc690af,"","2026-04-15"
0,"","Tech In Development","Chuck E. Cheese","New York, New York","","$17 - $21 (hourly)",jobspy_indeed,https://www.indeed.com/viewjob?jk=f68e951d386fc512,"","2026-04-15"
0,"","Call Center Receptionist","ABM Industries Inc.","New York, New York","","",jobspy_indeed,https://www.indeed.com/viewjob?jk=34d29a2ea91e2608,"","2026-04-15"
0,"","Project Coordinator","F2B Services","New York, New York","","$45,000 - $55,000 (yearly)",jobspy_indeed,https://www.indeed.com/viewjob?jk=90e15bfbb0c011b5,"","2026-04-13"
0,"","Exhibitions Coordinator","Canyon","New York, New York","","$65,000 - $80,000 (yearly)",jobspy_indeed,https://www.indeed.com/viewjob?jk=a58313cbe0b9ab6b,"","2026-04-10"
0,"","Golf Field Service Technician/Mechanic","Forza Golf Cars, LLC","New York, New York","","$27 - $35 (hourly)",jobspy_indeed,https://www.indeed.com/viewjob?jk=6b5162eb3411a8de,"","2026-04-10"
0,"","UTILITY","ABM Industries Inc.","San Francisco, California","","",jobspy_indeed,https://www.indeed.com/viewjob?jk=d1030a7b68bbb013,"","2026-04-13"
0,"","Junior Engineer","ABM Industries Inc.","San Francisco, California","","$35 - $40 (hourly)",jobspy_indeed,https://www.indeed.com/viewjob?jk=4cab2ed4847bb8e9,"","2026-04-10"
0,"","Junior Ordering Support Administrator","SLAC National Accelerator Laboratory","San Francisco, California","","$28 - $32 (hourly)",jobspy_indeed,https://www.indeed.com/viewjob?jk=09efffd70fae24bc,"","2026-04-09"
0,"","Mental Health Technician | Per Diem | Evening Shift | Psychiatric ICU 1","Adventist Health","San Francisco, California","","$24 - $30 (hourly)",jobspy_indeed,https://www.indeed.com/viewjob?jk=7ff7918bb52c3ee2,"","2026-04-09"
0,"","Lead Health Information Management Audit Specialist (On-Site)","Beth Israel Lahey Health","Boston, Massachusetts","","$21 - $28 (hourly)",jobspy_indeed,https://www.indeed.com/viewjob?jk=6d5192392e5a77a6,"","2026-04-15"
0,"","I&E Technician","nan","Boston, Massachusetts","","$72,837 - $200,000 (yearly)",jobspy_indeed,https://www.indeed.com/viewjob?jk=949a3b503bce93f8,"","2026-04-12"
0,"","High Voltage Field Technician","nan","Boston, Massachusetts","","$72,837 - $200,000 (yearly)",jobspy_indeed,https://www.indeed.com/viewjob?jk=5d4568fdd76a5527,"","2026-04-12"
0,"","Maintenance Facilities Technician - Natick MA","Jordan's Furniture","Boston, Massachusetts","","$27 - $29 (hourly)",jobspy_indeed,https://www.indeed.com/viewjob?jk=c0c58dfebb22c7d1,"","2026-04-10"
0,"","Emergency Medica Technician - EMT (BOSTON) (Full Time)","Cataldo Ambulance","Boston, Massachusetts","","$23 - $30 (hourly)",jobspy_indeed,https://www.indeed.com/viewjob?jk=b55e9c54427c5020,"","2026-04-09"
0,"","Maintenance Technician at Angel Stadium","Legends Global","Los Angeles, California","","$21 - $25 (hourly)",jobspy_indeed,https://www.indeed.com/viewjob?jk=c23468cb3b0fafb3,"","2026-04-15"
0,"","Stage Assistant","OC Fair & Event Center","Los Angeles, California","","",jobspy_indeed,https://www.indeed.com/viewjob?jk=10ede19288986cde,"","2026-04-14"
0,"","High Voltage Electrician","nan","Los Angeles, California","","$72,837 - $200,000 (yearly)",jobspy_indeed,https://www.indeed.com/viewjob?jk=27a05c538fda8617,"","2026-04-13"
0,"","Industrial Electrical Maintenance Technician","nan","Los Angeles, California","","$72,837 - $200,000 (yearly)",jobspy_indeed,https://www.indeed.com/viewjob?jk=e606d5d6088c711b,"","2026-04-13"
0,"","High Voltage Field Technician","nan","Los Angeles, California","","$72,837 - $200,000 (yearly)",jobspy_indeed,https://www.indeed.com/viewjob?jk=07a2800096877179,"","2026-04-13"
0,"","I&E Technician","nan","Los Angeles, California","","$72,837 - $200,000 (yearly)",jobspy_indeed,https://www.indeed.com/viewjob?jk=7a61ceefe8bf0468,"","2026-04-13"
0,"","Service Technician","Venu+","Los Angeles, California","","$21 - $23 (hourly)",jobspy_indeed,https://www.indeed.com/viewjob?jk=fffcc513218feb51,"","2026-04-09"
0,"","Electrical Testing Technician - NETA I","ABM Industries Inc.","Washington, DC","","$35 - $45 (hourly)",jobspy_indeed,https://www.indeed.com/viewjob?jk=fb783237f1b2a1e5,"","2026-04-16"
0,"","Medical Assistant","MedStar Health","Washington, DC","","$19 - $34 (hourly)",jobspy_indeed,https://www.indeed.com/viewjob?jk=a454aea09ddfe451,"","2026-04-15"
0,"","Election Training and Operations Manager (Management Analyst II)","Fairfax County Government","Washington, DC","","$68,774 - $114,625 (yearly)",jobspy_indeed,https://www.indeed.com/viewjob?jk=f24d3b8be62234ab,"","2026-04-11"
0,"","Senior Installation Superintendent – Electronic Security - N. Virginia","Diversified","Washington, DC","","$41 - $56 (hourly)",jobspy_indeed,https://www.indeed.com/viewjob?jk=2c67b60c06014c7c,"","2026-04-10"
0,"","Overnight Custodial Line Manager","ABM Industries Inc.","Washington, DC","","",jobspy_indeed,https://www.indeed.com/viewjob?jk=96b946f531dd4f16,"","2026-04-10"
0,"","Maintenance Technician - HVAC Apprentice","ABM Industries Inc.","Washington, DC","","$24 - $25 (hourly)",jobspy_indeed,https://www.indeed.com/viewjob?jk=feade106ad1fd827,"","2026-04-09"
0,"","HSE Specialist","MasTec Advanced Technologies","United States","","$70,000 - $115,000 (yearly)",jobspy_indeed,https://www.indeed.com/viewjob?jk=d6b2b6a4b183a608,"","2026-04-16"
0,"","Water Blast & Vacuum Technician","C&W Services","United States","","$20 - $24 (hourly)",jobspy_indeed,https://www.indeed.com/viewjob?jk=d36a3a78d39e0b1e,"","2026-04-16"
0,"","Histology Technician or Trainee","Highlands Pathology Consultants, P.C.","United States","","",jobspy_indeed,https://www.indeed.com/viewjob?jk=cbbb54a6327f1985,"","2026-04-16"
0,"","Forensic Autopsy Technician","San Joaquin County, CA","United States","","$5,029 - $6,113 (monthly)",jobspy_indeed,https://www.indeed.com/viewjob?jk=c47722749b2da29b,"","2026-04-16"
0,"","Radiologic Technologist (X-Ray)","WellNow Urgent Care","United States","","",jobspy_indeed,https://www.indeed.com/viewjob?jk=49f478c071874f38,"","2026-04-16"
0,"","Part Time Floor Tech","ABM Industries Inc.","United States","","$16 - $17 (hourly)",jobspy_indeed,https://www.indeed.com/viewjob?jk=c35d14b9cb0fb8b8,"","2026-04-16"
0,"","Assay Laboratory Metallurgical Technician","Golden Queen Mining Company, LLC","United States","","$31 - $39 (hourly)",jobspy_indeed,https://www.indeed.com/viewjob?jk=48a7c18360717730,"","2026-04-16"
0,"","Part-time IT Support","Battle Ground Academy","United States","","",jobspy_indeed,https://www.indeed.com/viewjob?jk=0335f1e5970570a0,"","2026-04-16"
0,"","Colorado State Patrol Public Safety Dispatcher - Alamosa","Department of Public Safety","United States","","",jobspy_indeed,https://www.indeed.com/viewjob?jk=16540a6a3d915533,"","2026-04-15"
0,"","HSE Specialist","MasTec Utility Services","United States","","",jobspy_indeed,https://www.indeed.com/viewjob?jk=37495ea82af2e77e,"","2026-04-15"
0,"","Cabling Technician","MEMPHIS GRIZZLIES","United States","","",jobspy_indeed,https://www.indeed.com/viewjob?jk=c7a805be0324ac7c,"","2026-04-15"
0,"","Evening Floor Technician","ABM Industries Inc.","United States","","",jobspy_indeed,https://www.indeed.com/viewjob?jk=4f671c9d19888198,"","2026-04-15"
0,"","Project Manager","Diversified","United States","","$90,600 - $120,300 (yearly)",jobspy_indeed,https://www.indeed.com/viewjob?jk=6c2845612f7747c6,"","2026-04-15"
0,"","Project Manager","Diversified","Remote","","$90,600 - $120,300 (yearly)",jobspy_indeed,https://www.indeed.com/viewjob?jk=b3b1a5a547434524,"","2026-04-15"
0,"","Master Electrician","nan","Chicago, Illinois","","$40 - $50 (hourly)",jobspy_indeed,https://www.indeed.com/viewjob?jk=16bf2c66d4f2311c,"","2026-04-14"
0,"","[UNION] Assistant Chief Engineer","Cushman & Wakefield","Chicago, Illinois","","$45 - $53 (hourly)",jobspy_indeed,https://www.indeed.com/viewjob?jk=241eb26b5e238703,"","2026-04-13"
0,"","[UNION] Chief Engineer","Cushman & Wakefield","Chicago, Illinois","","$47 - $55 (hourly)",jobspy_indeed,https://www.indeed.com/viewjob?jk=c57c8636b09abb1d,"","2026-04-13"
0,"","Maintenance Mechanic III / Electrician","Elwood Union Free School District","New York, New York","","",jobspy_indeed,https://www.indeed.com/viewjob?jk=42e997a81b784090,"","2026-04-16"
0,"","Operating Engineer","Cushman & Wakefield","New York, New York","","$31 - $37 (hourly)",jobspy_indeed,https://www.indeed.com/viewjob?jk=b3110c8be02cec99,"","2026-04-15"
0,"","Engineer","Cushman & Wakefield","New York, New York","","$31 - $37 (hourly)",jobspy_indeed,https://www.indeed.com/viewjob?jk=008d91419887f90f,"","2026-04-13"
0,"","Chief Engineer","Cushman & Wakefield","New York, New York","","$34 - $40 (hourly)",jobspy_indeed,https://www.indeed.com/viewjob?jk=5a21a41346b655e8,"","2026-04-15"
0,"","HVAC Building Technician (Mobile)","Cushman & Wakefield","New York, New York","","$34 - $40 (hourly)",jobspy_indeed,https://www.indeed.com/viewjob?jk=124106edf920d9b9,"","2026-04-10"
0,"","Foremen for Electrical Contractor","Rodda Electric, Inc.","San Francisco, California","","$55 - $73 (hourly)",jobspy_indeed,https://www.indeed.com/viewjob?jk=1bbe3990561d2b5f,"","2026-04-14"
0,"","[Local 39] Mobile Chief Engineer - Northern California","Cushman & Wakefield","San Francisco, California","","$79 - $93 (hourly)",jobspy_indeed,https://www.indeed.com/viewjob?jk=ad218e00f429113e,"","2026-04-09"
0,"","ELECTRICIAN SUPERVISOR","California State Personnel Board","San Francisco, California","","$6,972 - $7,886 (monthly)",jobspy_indeed,https://www.indeed.com/viewjob?jk=4085d2c60536d8fa,"","2026-04-14"
0,"","Installation Supervisor","None","Seattle, Washington","","$40 - $45 (hourly)",jobspy_indeed,https://www.indeed.com/viewjob?jk=86c6ea954e381474,"","2026-04-13"
0,"","Lead GxP Facilities Operations Engineer","C&W Services","Boston, Massachusetts","","$48 - $56 (hourly)",jobspy_indeed,https://www.indeed.com/viewjob?jk=002623ce5b336e15,"","2026-04-16"
0,"","Lead Operating Engineer","Cushman & Wakefield","Boston, Massachusetts","","$49 - $58 (hourly)",jobspy_indeed,https://www.indeed.com/viewjob?jk=1a5ff328da3928c6,"","2026-04-15"
0,"","Master Electrician","Manchester Housing and Redevelopment Authority","Boston, Massachusetts","","",jobspy_indeed,https://www.indeed.com/viewjob?jk=c41a2e57e3345323,"","2026-04-15"
0,"","Residential Service Electrician","McClaren Heating & Air Conditioning, Inc.","Boston, Massachusetts","","$70,000 - $110,000 (hourly)",jobspy_indeed,https://www.indeed.com/viewjob?jk=1cd242ae106e388d,"","2026-04-14"
0,"","Journeyman Electrician","RISE Group Inc.","Boston, Massachusetts","","$40 - $45 (hourly)",jobspy_indeed,https://www.indeed.com/viewjob?jk=705e3f0ef95848f2,"","2026-04-10"
0,"","Residential Service C 10 Electrician","None","Los Angeles, California","","$50 - $75 (hourly)",jobspy_indeed,https://www.indeed.com/viewjob?jk=91f541cbea9e5aea,"","2026-04-16"
0,"","Lead Engineer","C&W Services","Washington, DC","","$34 - $40 (hourly)",jobspy_indeed,https://www.indeed.com/viewjob?jk=ea19746426206752,"","2026-04-15"
0,"","Electrician","Power Design, Inc.","Washington, DC","","$18 - $33 (hourly)",jobspy_indeed,https://www.indeed.com/viewjob?jk=a24ee487916f14ed,"","2026-04-14"
0,"","Facilities Operation Manager","Leidos","Washington, DC","","$92,300 - $166,850 (yearly)",jobspy_indeed,https://www.indeed.com/viewjob?jk=d76318532fe5c5cf,"","2026-04-13"
0,"","Electrician","Howard County Public School System","Washington, DC","","",jobspy_indeed,https://www.indeed.com/viewjob?jk=3250b27b0d13bf0a,"","2026-04-13"
0,"","Chief Engineer","nan","Washington, DC","","",jobspy_indeed,https://www.indeed.com/viewjob?jk=df26d075b2ed22cf,"","2026-04-10"
0,"","Supervisor of Instrumentation","Loudoun Water","Washington, DC","","",jobspy_indeed,https://www.indeed.com/viewjob?jk=71097f443a690052,"","2026-04-10"
0,"","SKILLED TRADES SPECIALIST IV","nan","Washington, DC","","$62,220 - $96,790 (yearly)",jobspy_indeed,https://www.indeed.com/viewjob?jk=46da79c882755658,"","2025-12-29"
0,"","Electrician - 2nd Shift","Columbia Forest Products","United States","","",jobspy_indeed,https://www.indeed.com/viewjob?jk=3b4fbbbe817a1761,"","2026-04-16"
0,"","Operations Manager – Riverwalk Outlets | New Orleans, LA","RockStep Capital","United States","","$85,000 - $90,000 (yearly)",jobspy_indeed,https://www.indeed.com/viewjob?jk=af88acd51070a3a0,"","2026-04-15"
0,"","Combat Systems Electrician","HII","United States","","$49,289 - $55,120 (yearly)",jobspy_indeed,https://www.indeed.com/viewjob?jk=684bb9a579eabb4f,"","2026-04-15"
0,"","Facilities/Maintenance Leader","GE Vernova","United States","","$104,600 - $174,400 (yearly)",jobspy_indeed,https://www.indeed.com/viewjob?jk=3ca92768e814bb91,"","2026-04-15"
0,"","Electrician","AMERICAN FOODS GROUP LLC","United States","","",jobspy_indeed,https://www.indeed.com/viewjob?jk=ce349f21fca63f8a,"","2026-04-15"
0,"","Construction Supervisor - Mechanical","IREN","United States","","$50 - $55 (hourly)",jobspy_indeed,https://www.indeed.com/viewjob?jk=9f466c525aaf178d,"","2026-04-15"
0,"","Electrical Maintenance Technician","HiTech Moulds","United States","","$27 - $35 (hourly)",jobspy_indeed,https://www.indeed.com/viewjob?jk=e24eaf68eb075265,"","2026-04-15"
0,"","Assistant Chief Engineer","Cushman & Wakefield","United States","","$45 - $53 (hourly)",jobspy_indeed,https://www.indeed.com/viewjob?jk=149a4a5f4a48a368,"","2026-04-15"
0,"","Electrician","Florence Copper","United States","","",jobspy_indeed,https://www.indeed.com/viewjob?jk=4e3be8d79ab9c68b,"","2026-04-15"
0,"","Journeyman - Electrical","T5 Data Centers","United States","","",jobspy_indeed,https://www.indeed.com/viewjob?jk=d8015169ab92866a,"","2026-04-15"
0,"","Electrical Lead","Growtech Industries","United States","","$30 - $50 (hourly)",jobspy_indeed,https://www.indeed.com/viewjob?jk=fa002b9f7e4bd646,"","2026-04-15"
0,"","Master Electrician","Growtech Industries","United States","","$28 - $50 (hourly)",jobspy_indeed,https://www.indeed.com/viewjob?jk=47a81622ab376698,"","2026-04-15"
0,"","Electrical Foreman","Williams Electric & HVAC","United States","","$35 - $45 (hourly)",jobspy_indeed,https://www.indeed.com/viewjob?jk=9c8d68558987f193,"","2026-04-15"
0,"","Electrical Maintenance Technician","United States Steel","United States","","$27 - $35 (hourly)",jobspy_indeed,https://www.indeed.com/viewjob?jk=4394dcb245ab652f,"","2026-04-15"
0,"","Retail Engineer","Howard Hughes Holdings Inc","United States","","",jobspy_indeed,https://www.indeed.com/viewjob?jk=e126a401f72bb76c,"","2026-04-15"
0,"","Commercial Electrician-HVAC/AC Systems, Construction","McDonald's","United States","","$21 - $30 (hourly)",jobspy_indeed,https://www.indeed.com/viewjob?jk=897741e9e1a0521a,"","2026-04-15"
0,"","Electrical Superintendent","Rinvio","United States","","$40 - $60 (hourly)",jobspy_indeed,https://www.indeed.com/viewjob?jk=ef41e3bba0cee961,"","2026-04-01"
0,"","Manager, Global Mobility Electrification","Uber","New York, New York","","$162,000 - $180,000 (yearly)",jobspy_indeed,https://www.indeed.com/viewjob?jk=fe8fe8b37da26de6,"","2026-04-10"
0,"","Patient Flow Manager - Evenings - Brooklyn, NY","Morrison Healthcare","New York, New York","","$66,300 - $67,000 (yearly)",jobspy_indeed,https://www.indeed.com/viewjob?jk=cab01b1ecb165670,"","2026-04-08"
0,"","Vehicle Test Operator","ALTEN","San Francisco, California","","",jobspy_indeed,https://www.indeed.com/viewjob?jk=13e18785db03a3d8,"","2026-04-14"
0,"","Data Collection Operator","ALTEN","San Francisco, California","","",jobspy_indeed,https://www.indeed.com/viewjob?jk=8eda8eddf5281bc6,"","2026-04-14"
0,"","Data Collection Operator I","ALTEN","San Francisco, California","","$28 - $30 (hourly)",jobspy_indeed,https://www.indeed.com/viewjob?jk=4ce8b4f630835eef,"","2026-04-14"
0,"","Assistant Athletic Director, Gameday Entertainment (6566U) Intercollegiate Athletics 85500","University of California Berkeley","San Francisco, California","","$93,000 - $123,000 (yearly)",jobspy_indeed,https://www.indeed.com/viewjob?jk=d7767e1fdb5d254a,"","2026-04-11"
0,"","Senior Manager, Public Relations","Also","Seattle, Washington","","$180,000 - $215,000 (yearly)",jobspy_indeed,https://www.indeed.com/viewjob?jk=2ddde30fbf2dff43,"","2026-04-09"
0,"","Commercial Co-founder, Grid flexibility and virtual power plants","Deep Science Ventures","Los Angeles, California","","",jobspy_indeed,https://www.indeed.com/viewjob?jk=13b977a7c0e2a30e,"","2026-04-09"
0,"","Manufacturing Engineer I","Panasonic","United States","","",jobspy_indeed,https://www.indeed.com/viewjob?jk=3d5b79c610df0d1c,"","2026-04-15"
0,"","Entry Level Tool and Die Specialist, Nights D-Shift","Panasonic","United States","","",jobspy_indeed,https://www.indeed.com/viewjob?jk=582b352dc858040a,"","2026-04-14"
0,"","Material Handler I","Panasonic","United States","","",jobspy_indeed,https://www.indeed.com/viewjob?jk=ef56044fe063c119,"","2026-04-09"
0,"","Coordinator Operations Support I Patient Transportation I Day I Full Time","UF Health Shands Hospital","United States","","",jobspy_indeed,https://www.indeed.com/viewjob?jk=897d246291ea6768,"","2026-04-15"
0,"","Market Development and Public Policy Manager","EVgo","United States","","$122,100 - $152,600 (yearly)",jobspy_indeed,https://www.indeed.com/viewjob?jk=7fd517a41f086057,"","2026-04-15"
0,"","Environmental Srvcs Supervisor","Great Plains Health","United States","","",jobspy_indeed,https://www.indeed.com/viewjob?jk=7813644f84706137,"","2026-04-14"
0,"","Avionics Mechanic - MRO","ALTEN","United States","","$50,000 - $75,000 (yearly)",jobspy_indeed,https://www.indeed.com/viewjob?jk=215d7aa808d36c3f,"","2026-04-14"
0,"","Test Engineer Aircraft Engines","ALTEN","United States","","$95,000 - $118,000 (yearly)",jobspy_indeed,https://www.indeed.com/viewjob?jk=4fb0652b36bc23df,"","2026-04-14"
0,"","Senior Manufacturing Engineer","ALTEN","United States","","$75,000 - $110,000 (yearly)",jobspy_indeed,https://www.indeed.com/viewjob?jk=2f640db01b5cb804,"","2026-04-14"
0,"","EVS - Utility (Full Time)","Bally's Kansas City","United States","","",jobspy_indeed,https://www.indeed.com/viewjob?jk=e22600e6e799c97e,"","2026-04-10"
0,"","ACCOUNTING ANALYST","Crothall Healthcare","United States","","$63,000 - $65,000 (yearly)",jobspy_indeed,https://www.indeed.com/viewjob?jk=eb8d28473c63b4f6,"","2026-04-09"
0,"","Head of AI Developer Platform","BlackRock","New York, New York","","$275,000 - $350,000 (yearly)",jobspy_indeed,https://www.indeed.com/viewjob?jk=2d3b7608946a4489,"","2026-04-13"
0,"","Athletics Video Producer (Temporary)","Northeastern University","Boston, Massachusetts","","",jobspy_indeed,https://www.indeed.com/viewjob?jk=afbbd91aff8731eb,"","2026-04-09"
0,"","Senior Agentic DevOps Engineer – Runtime Validation & Governance","Keysight Technologies","Los Angeles, California","","$156,740 - $261,230 (yearly)",jobspy_indeed,https://www.indeed.com/viewjob?jk=657e655b39b9c5f0,"","2025-12-23"
0,"","Live Broadcast Producer/Director","Big State Sports","United States","","",jobspy_indeed,https://www.indeed.com/viewjob?jk=4c948f2466fef46a,"","2026-04-11"
0,"","Tracking Technician - NWSL","Hawk-Eye Innovations","United States","","",jobspy_indeed,https://www.indeed.com/viewjob?jk=7d111b5992d8df93,"","2026-04-09"
0,"","Slitting Operator","Amcor","Chicago, Illinois","","$20 - $25 (hourly)",jobspy_indeed,https://www.indeed.com/viewjob?jk=7f807df477049713,"","2026-04-14"
0,"","Label Printer Operator","NYCO Products Company","Chicago, Illinois","","$21 - $22 (hourly)",jobspy_indeed,https://www.indeed.com/viewjob?jk=a931b0bb9245c234,"","2026-04-13"
0,"","Junior Graphic Designer","Cresco Labs","Chicago, Illinois","","$58,000 - $63,000 (yearly)",jobspy_indeed,https://www.indeed.com/viewjob?jk=3bec5c00e6e3a920,"","2026-04-13"
0,"","Associate, Asset Management","Tishman Speyer","Chicago, Illinois","","$115,000 - $130,000 (yearly)",jobspy_indeed,https://www.indeed.com/viewjob?jk=4e018e9ef909a9d5,"","2026-04-13"
0,"","Roll Clamp Driver","Graphic Packaging International","Chicago, Illinois","","",jobspy_indeed,https://www.indeed.com/viewjob?jk=47cc6fe4705a4480,"","2026-04-13"
0,"","Technical Writer","Lincoln Electric","Chicago, Illinois","","",jobspy_indeed,https://www.indeed.com/viewjob?jk=130f76d915fe053a,"","2026-04-13"
0,"","Open Food Machine Operator","Menasha Corporation","Chicago, Illinois","","",jobspy_indeed,https://www.indeed.com/viewjob?jk=a2acdd3d5e26ece0,"","2026-04-10"
0,"","Dye Sublimination Press Operator","Mittera Group","Chicago, Illinois","","",jobspy_indeed,https://www.indeed.com/viewjob?jk=84aec58cfa788483,"","2026-04-09"
0,"","Graphic Designer | Vehicle Wraps, Window & Wall Graphics","Elite Graphics","New York, New York","","$20 - $30 (hourly)",jobspy_indeed,https://www.indeed.com/viewjob?jk=44f3533b84a8a475,"","2026-04-16"
0,"","Printing Press Operator","Rapid visual solutions","New York, New York","","",jobspy_indeed,https://www.indeed.com/viewjob?jk=614847f456dd6170,"","2026-04-16"
0,"","NYC Studio Videographer & Editor","Asset TV","New York, New York","","",jobspy_indeed,https://www.indeed.com/viewjob?jk=448ecbadbbc4683c,"","2026-04-15"
0,"","Multimedia Designer","DLC Management Corp.","New York, New York","","$85,000 - $100,000 (yearly)",jobspy_indeed,https://www.indeed.com/viewjob?jk=87dfb37176496fa8,"","2026-04-13"
0,"","Lead Brand Designer","FalconX","New York, New York","","$145,000 - $180,000 (yearly)",jobspy_indeed,https://www.indeed.com/viewjob?jk=6446547f8d91bac3,"","2026-04-10"
0,"","Head of Field Operations (Sales, SDR, and Partner)","Postman","San Francisco, California","","",jobspy_indeed,https://www.indeed.com/viewjob?jk=8e3841ef18ffccda,"","2026-04-14"
0,"","Senior Motion Design Lead","Intuit","San Francisco, California","","$179,500 - $247,000 (yearly)",jobspy_indeed,https://www.indeed.com/viewjob?jk=31e2d317a90513f1,"","2026-04-14"
0,"","Lead Reliability Engineer","Safeway","San Francisco, California","","$102,700 - $159,700 (yearly)",jobspy_indeed,https://www.indeed.com/viewjob?jk=24ccc78b72829944,"","2026-04-09"
0,"","Community Corrections Officer 2 (Or CCO1 In-Training) - Everett","State of Washington","Seattle, Washington","","$4,603 - $7,540 (monthly)",jobspy_indeed,https://www.indeed.com/viewjob?jk=391cd3845dca8401,"","2026-04-15"
0,"","Dual Rate Dispatcher/Security Officer I","Nisqually Red Wind Casino","Seattle, Washington","","$24 - $25 (hourly)",jobspy_indeed,https://www.indeed.com/viewjob?jk=8108add0285a615b,"","2026-04-14"
0,"","Manufacturing Engineer","LSI Industries","Boston, Massachusetts","","$70,000 - $85,000 (yearly)",jobspy_indeed,https://www.indeed.com/viewjob?jk=200cf8e04a2f4d73,"","2026-04-14"
0,"","Copy Center Specialist","TECHIO","Boston, Massachusetts","","$21 - $23 (hourly)",jobspy_indeed,https://www.indeed.com/viewjob?jk=310f2ff12b2e1f55,"","2026-04-13"
0,"","Marketing Account Manager","DMI","Boston, Massachusetts","","$70,000 - $85,000 (yearly)",jobspy_indeed,https://www.indeed.com/viewjob?jk=f1a9503c7d2dfe01,"","2026-04-10"
0,"","Bindery Cutter Operators- 1st Shift","DS Graphics","Boston, Massachusetts","","$23 - $30 (hourly)",jobspy_indeed,https://www.indeed.com/viewjob?jk=bf4ba36dc3a6c0a0,"","2026-04-10"
0,"","Saddle Stitcher Operator","Mittera Group","Los Angeles, California","","",jobspy_indeed,https://www.indeed.com/viewjob?jk=16f34e101320b024,"","2026-04-16"
0,"","Product Technical Writer Job #561","Photo-Sonics, Inc.","Los Angeles, California","","$38 - $54 (hourly)",jobspy_indeed,https://www.indeed.com/viewjob?jk=2a4d16d273f1f012,"","2026-04-15"
0,"","Senior Analyst, Proposal and Capture","Anduril","Los Angeles, California","","$113,000 - $149,000 (yearly)",jobspy_indeed,https://www.indeed.com/viewjob?jk=c2c2849abe3d02ec,"","2026-04-15"
0,"","Senior Motion Design Lead","Intuit","Los Angeles, California","","$179,500 - $247,000 (yearly)",jobspy_indeed,https://www.indeed.com/viewjob?jk=71c54878d5cc1e77,"","2026-04-14"
0,"","Ecommerce & Omnichannel Marketing Manager","Frozen Bean","Los Angeles, California","","",jobspy_indeed,https://www.indeed.com/viewjob?jk=aa7fdf7efdf10f2f,"","2026-04-14"
0,"","IRL Studio Line Producer","nan","Los Angeles, California","","$80,000 - $135,000 (yearly)",jobspy_indeed,https://www.indeed.com/viewjob?jk=47df34b96980ada4,"","2026-04-13"
0,"","TikTok Shop Livestream Operator","nan","Los Angeles, California","","$70,000 - $75,000 (yearly)",jobspy_indeed,https://www.indeed.com/viewjob?jk=94c8fa96901ed70a,"","2026-04-09"
0,"","Broadcast Operations Manager","Apple","Los Angeles, California","","$112,500 - $231,700 (yearly)",jobspy_indeed,https://www.indeed.com/viewjob?jk=5ea94bfccb6ad19e,"","2026-04-09"
0,"","LA Kings - Videographer/Editor","AEG Worldwide","Los Angeles, California","","$71,000 - $80,000 (yearly)",jobspy_indeed,https://www.indeed.com/viewjob?jk=4200ec22c3292603,"","2026-04-09"
0,"","Lead Reliability Engineer","Safeway","Los Angeles, California","","$102,700 - $159,700 (yearly)",jobspy_indeed,https://www.indeed.com/viewjob?jk=986690f56366c876,"","2026-04-09"
0,"","Senior Manager Brand Marketing - Gerber","Nestlé USA","Washington, DC","","",jobspy_indeed,https://www.indeed.com/viewjob?jk=23acc362ff3a8ac6,"","2026-04-15"
0,"","Senior Brand Manager - Nesquik","Nestlé USA","Washington, DC","","",jobspy_indeed,https://www.indeed.com/viewjob?jk=a6fcae9f263d85fe,"","2026-04-12"
0,"","Federal Proposal Manager","Vantor","Washington, DC","","$83,000 - $139,000 (yearly)",jobspy_indeed,https://www.indeed.com/viewjob?jk=3d351e629539c512,"","2026-04-15"
0,"","Senior Front End Developer","Maximus","Washington, DC","","$120,000 - $150,000 (yearly)",jobspy_indeed,https://www.indeed.com/viewjob?jk=cadb20136768e7d0,"","2026-04-15"
0,"","Deputy Director - Human Resources","Maryland Courts","Washington, DC","","",jobspy_indeed,https://www.indeed.com/viewjob?jk=4f4f92686f34e4d8,"","2026-04-14"
0,"","Controls Programmer – Field‑Focused Industrial Automation","JSET Automated Technologies","Washington, DC","","",jobspy_indeed,https://www.indeed.com/viewjob?jk=c05107921a4bc6a6,"","2026-04-13"
0,"","Wide Format DTF Print & Heat Press Operator","SeaSide Silk Screening","United States","","$16 - $20 (hourly)",jobspy_indeed,https://www.indeed.com/viewjob?jk=159fde95c7fdff49,"","2026-04-16"
0,"","Forklift Operator","Mittera Group","United States","","",jobspy_indeed,https://www.indeed.com/viewjob?jk=2192de5a858f68d9,"","2026-04-16"
0,"","PAID INTERN: Marketing Intern","VP Racing","United States","","",jobspy_indeed,https://www.indeed.com/viewjob?jk=13b936770c6f2d9d,"","2026-04-16"
0,"","Lead Videographer – Outdoor / Hunting / Ranch Content","Deer Camp Digital","United States","","$58,000 - $63,000 (yearly)",jobspy_indeed,https://www.indeed.com/viewjob?jk=db43611040dab2aa,"","2026-04-16"
0,"","AI-Native Short-form Video Editor","Scaling","United States","","$80,000 - $100,000 (yearly)",jobspy_indeed,https://www.indeed.com/viewjob?jk=c27fe81383a3bf74,"","2026-04-16"
0,"","Planning Engineer (Series)","Truckee Meadows Water Authority","United States","","$100,330 - $142,983 (yearly)",jobspy_indeed,https://www.indeed.com/viewjob?jk=32d4c5bd161d2b1d,"","2026-04-15"
0,"","Cuisine Lead Cook","QUAD","United States","","",jobspy_indeed,https://www.indeed.com/viewjob?jk=6a23f4b8dbdfb7ef,"","2026-04-15"
0,"","Finishing Operator I Night Shift","Mill Rock Packaging","United States","","$19 - $21 (hourly)",jobspy_indeed,https://www.indeed.com/viewjob?jk=2483628abae43c1e,"","2026-04-15"
0,"","Critical Environments Operator III","CyrusOne","United States","","",jobspy_indeed,https://www.indeed.com/viewjob?jk=7d9e41d6a10cbf7d,"","2026-04-15"
0,"","Mastercut Assistant - 3rd Shift","Menasha Corporation","United States","","",jobspy_indeed,https://www.indeed.com/viewjob?jk=df2e0fddb75a6a65,"","2026-04-15"
0,"","Die Cut Helper","Menasha Corporation","United States","","",jobspy_indeed,https://www.indeed.com/viewjob?jk=fe964f87a45a85ff,"","2026-04-15"
0,"","Machine Helper 2nd Shift: 3:30pm-2:00am Mon-Friday","Hood Container","United States","","",jobspy_indeed,https://www.indeed.com/viewjob?jk=073482152156cb35,"","2026-04-15"
0,"","Field Service Technician","Eastman Kodak","United States","","$29 - $31 (hourly)",jobspy_indeed,https://www.indeed.com/viewjob?jk=6820ce0382759b3c,"","2026-04-15"
0,"","Night Shift Fork Lift Driver (Material Handler)","QUAD","United States","","$18 - $19 (hourly)",jobspy_indeed,https://www.indeed.com/viewjob?jk=193cc0ef02322656,"","2026-04-15"
0,"","Controls System Engineer","Johnson Controls","United States","","$76,000 - $95,000 (yearly)",jobspy_indeed,https://www.indeed.com/viewjob?jk=ba9fc0106378756e,"","2026-04-15"
0,"","Digital & Operational Marketing Coordinator","Avondale Group","United States","","",jobspy_indeed,https://www.indeed.com/viewjob?jk=967a04a1384af68a,"","2022-02-22"
0,"","Carpentry Lead","B Morrow Productions","United States","","$55,000 - $70,000 (yearly)",jobspy_indeed,https://www.indeed.com/viewjob?jk=827bd03c17b178d6,"","2026-04-15"
0,"","Experienced Carpenter","Generations Custom Homes","United States","","$20 - $40 (hourly)",jobspy_indeed,https://www.indeed.com/viewjob?jk=9a08200e5f6e3560,"","2026-04-15"
0,"","Scenic Carpenter","InProduction","United States","","",jobspy_indeed,https://www.indeed.com/viewjob?jk=c7037baabde18a26,"","2021-08-02"
0,"","Rigger - Gaylord Pacific","Encore Global","United States","","$33 - $33 (hourly)",jobspy_indeed,https://www.indeed.com/viewjob?jk=015072ca533e611d,"","2026-04-14"
0,"","EHS Specialist","Rhoads Industries, Inc.","United States","","",jobspy_indeed,https://www.indeed.com/viewjob?jk=ed20892bdd36816c,"","2026-04-14"
0,"","Marine Service Technician / Boat Rigger","Rapid Marine","United States","","$20 - $32 (hourly)",jobspy_indeed,https://www.indeed.com/viewjob?jk=affd504d9e58a279,"","2026-04-14"
0,"","Estimating Project Manager","Storylink Creative","United States","","$80,000 - $88,000 (yearly)",jobspy_indeed,https://www.indeed.com/viewjob?jk=c44eb512eeb09b73,"","2026-04-10"
0,"","Part Time Union Riggers- U631 National Tech - Orlando","Encore Global","United States","","",jobspy_indeed,https://www.indeed.com/viewjob?jk=fa99d0788986949e,"","2026-04-09"
0,"","General Shop","Morrow Equipment Company","United States","","$23 - $25 (hourly)",jobspy_indeed,https://www.indeed.com/viewjob?jk=a684f0a5a2ee320c,"","2026-04-09"
0,"","AFSPECWAR Senior Parachute Rigger - DMAFB, AZ","F3EA Inc","United States","","",jobspy_indeed,https://www.indeed.com/viewjob?jk=dc917dbca54f87d0,"","2026-04-09"
0,"","Senior Craft Talent Acquisition Specialist","Shaw Group","United States","","",jobspy_indeed,https://www.indeed.com/viewjob?jk=c1f3ba6a93917146,"","2026-04-07"
