score,verdict,title,company,location,tier,salary,source,url,reasoning,date_posted
0,"","Audio Visual Engineer","A-V Services Inc.","New York, NY","","100K a year",brightdata_google_jobs,https://hiring.cafe/jobs/audio-visual-engineer/locations/new-york-new-york?utm_campaign=google_jobs_apply&utm_source=google_jobs_apply&utm_medium=organic,"",""
0,"","AVW - Audio Visual Technician V1 (On-Call)","AV Workshop","New York, NY","","35–65 an hour",brightdata_google_jobs,https://www.snagajob.com/jobs/1208518011?utm_campaign=google_jobs_apply&utm_source=google_jobs_apply&utm_medium=organic,"",""
0,"","Audio Visual AV Technician","Stern School of Business Information Technology","New York, NY","","",brightdata_google_jobs,https://www.wayup.com/i-Education-j-Audio-Visual-AV-Technician-Stern-School-of-Business-Information-Technology-110342304152003/?utm_campaign=google_jobs_apply&utm_source=google_jobs_apply&utm_medium=organic,"","2026-02-07"
0,"","Audio Visual Event Technicians - On-Call (AVW)","AV Workshop","New York, NY","","25–65 an hour",brightdata_google_jobs,https://earnbetter.com/app/job/01JM1FNFQ0T8ZRGM3A1G7TWTAC/?utm_campaign=google_jobs_apply&utm_source=google_jobs_apply&utm_medium=organic,"",""
0,"","Audio Video Engineer","SeaGlass IT","New York, NY","","",brightdata_google_jobs,https://us.bebee.com/job/6d2da08e8b976ada6ea0dc955a6b2b51?utm_campaign=google_jobs_apply&utm_source=google_jobs_apply&utm_medium=organic,"","2026-02-19"
0,"","Experienced Residential AV Tech - sign on bonus","HOME ENTERTAINMENT DESIGN INC","New York, NY","","60K–80K a year",brightdata_google_jobs,https://lensa.com/job-v1/i4-search-group/harrison-ny/senior-interventional-radiology-technologist/61f86b0003091890637dba7dac0b4c01?utm_campaign=google_jobs_apply&utm_source=google_jobs_apply&utm_medium=organic,"",""
0,"","Design Engineer – Audio-Visual","TRITECH Communications","New York, NY","","125K–145K a year",brightdata_google_jobs,https://talents.vaia.com/companies/career-renew/design-engineer-blockchain-37643011/?utm_campaign=google_jobs_apply&utm_source=google_jobs_apply&utm_medium=organic,"",""
0,"","Audiovisual Technician","HiringCafe","New York, NY","","",brightdata_google_jobs,https://hiring.cafe/jobs/audiovisual-technician/locations/new-york-united-states?utm_campaign=google_jobs_apply&utm_source=google_jobs_apply&utm_medium=organic,"",""
0,"","Sr. Audio Visual Technician - NY/NJ","Howard Industries, Inc","New York, NY","","",brightdata_google_jobs,https://lensa.com/job-v1/howard-industries/new-york-ny/senior-av-technician/49f5229964de97716928851dfcad6cff?utm_campaign=google_jobs_apply&utm_source=google_jobs_apply&utm_medium=organic,"",""
0,"","Onsite AV Service Technician","Diversified","New York, NY","","38–47 an hour",brightdata_google_jobs,https://hiring.cafe/jobs/av-service-technician/locations/new-york-new-york?utm_campaign=google_jobs_apply&utm_source=google_jobs_apply&utm_medium=organic,"","2026-02-19"
0,"","Freelance AV Technician – Audio, Video & Lighting (Chicago Area)","MDM Entertainment","Chicago, IL","","20–26 an hour",brightdata_google_jobs,https://hiring.cafe/viewjob/ny5zbjou9oqney5x?utm_campaign=google_jobs_apply&utm_source=google_jobs_apply&utm_medium=organic,"",""
0,"","Audiovisual Technician","The Comedy Bar","Chicago, IL","","",brightdata_google_jobs,https://us.bebee.com/job/b1e457158c549c790179f82fa26d3c9f?utm_campaign=google_jobs_apply&utm_source=google_jobs_apply&utm_medium=organic,"","2026-02-19"
0,"","Technician, Audio Visual Support","Sralab","Chicago, IL","","",brightdata_google_jobs,https://www.tealhq.com/job/technician-audio-visual-support_7ea1acd4dd20fd71f2b7b8186a1f47268e6be?utm_campaign=google_jobs_apply&utm_source=google_jobs_apply&utm_medium=organic,"","2026-02-05"
0,"","Audiovisual Engineer (Open to All Dykema Locations)","Dykema","Chicago, IL","","110 a day",brightdata_google_jobs,https://www.theladders.com/job/audiovisual-engineer-open-to-all-dykema-locations-dykema-chicago-il_85683746?utm_campaign=google_jobs_apply&utm_source=google_jobs_apply&utm_medium=organic,"","2026-02-11"
0,"","Audio-Video Technician (Subcontractor / 1099)","Exclusive Audio & Security LLC","Chicago, IL","","",brightdata_google_jobs,https://www.simplyhired.com/job/W5rDPKESGsR92PZj1WZgR56ZczOENjLCorc5ugF2gEVqR5vLYc9ecQ?utm_campaign=google_jobs_apply&utm_source=google_jobs_apply&utm_medium=organic,"",""
0,"","Audio Visual Sales Support Engineer","EOS","Chicago, IL","","85K–105K a year",brightdata_google_jobs,https://www.tealhq.com/job/audio-visual-sales-support-engineer_7ea1ac866ec54158797a25df35a3761a1ee9e?utm_campaign=google_jobs_apply&utm_source=google_jobs_apply&utm_medium=organic,"","2026-02-11"
0,"","Audio Visual Technician","Remote Audio/Video/Lighting","Plainfield, IL","","",brightdata_google_jobs,https://us.bebee.com/job/c7f7880afab5f391400f4b79291552dd?utm_campaign=google_jobs_apply&utm_source=google_jobs_apply&utm_medium=organic,"","2026-02-03"
0,"","Audio Technician","The DJ Firm","Niles, IL","","",brightdata_google_jobs,https://www.simplyhired.com/job/29_06pn5fwat_OD3QxtQmF3oG2E9ejfL0wMOlQv1R0KXg9z-u3dxnw?utm_campaign=google_jobs_apply&utm_source=google_jobs_apply&utm_medium=organic,"","2026-02-03"
0,"","Audio Video Technician","Berklee College of Music","Boston, MA","","",brightdata_google_jobs,https://hiring.cafe/jobs/audio-video-technician/locations/boston-massachusetts?utm_campaign=google_jobs_apply&utm_source=google_jobs_apply&utm_medium=organic,"","2026-02-06"
0,"","AUDIO VISUAL TECHNICIAN","Compass Group","Boston, MA","","40 an hour",brightdata_google_jobs,https://hiring.cafe/jobs/audio-visual-technician/locations/boston-massachusetts?utm_campaign=google_jobs_apply&utm_source=google_jobs_apply&utm_medium=organic,"","2026-02-13"
0,"","Audio Visual Field Engineer","Baiken Media LLC","Boston, MA","","67K–115K a year",brightdata_google_jobs,https://www.indeed.com/viewjob?jk=7593890144c7cee2&utm_campaign=google_jobs_apply&utm_source=google_jobs_apply&utm_medium=organic,"",""
0,"","Audio Visual and Sound Technician - Roxbury Community College","Roxbury Community College","Boston, MA","","",brightdata_google_jobs,https://earnbetter.com/app/job/01JM0Q3HFM44ZZ5YZR38Q1MTB2/?utm_campaign=google_jobs_apply&utm_source=google_jobs_apply&utm_medium=organic,"",""
0,"","AUDIO VISUAL TECHNICIAN (ON CALL)","Eurest","Boston, MA","","40 an hour",brightdata_google_jobs,https://jobs.concordmonitor.com/job/1b201ce0-d1e5-4aad-86a8-89750fa92a49/audio-visual-technician-on-call?utm_campaign=google_jobs_apply&utm_source=google_jobs_apply&utm_medium=organic,"","2026-02-25"
0,"","Boston MA Freelance A/V Technician","Blue Danube Productions","Boston, MA","","50–60 an hour",brightdata_google_jobs,https://lensa.com/job-v1/blue-danube-productions/boston-ma/av-technician-contractor/d38a29950a747cc50def9f836ca44fde?utm_campaign=google_jobs_apply&utm_source=google_jobs_apply&utm_medium=organic,"",""
0,"","AV Technician - Freelance - Boston","Crunchy Tech","Boston, MA","","",brightdata_google_jobs,https://www.career.com/job/crunchy-tech/av-technician-freelance-boston/j202311210157076401427?utm_campaign=google_jobs_apply&utm_source=google_jobs_apply&utm_medium=organic,"",""
0,"","Freelance AV Technician","Marcus Evans","Boston, MA","","",brightdata_google_jobs,https://us.bebee.com/job/0eff28b99b641d84abe3d828f8fa90d5?utm_campaign=google_jobs_apply&utm_source=google_jobs_apply&utm_medium=organic,"",""
0,"","Low Voltage / Industrial / CCTV / AV Technician - Full-time","Wachter","Boston, MA","","20 an hour",brightdata_google_jobs,https://www.snagajob.com/jobs/1202372679?utm_campaign=google_jobs_apply&utm_source=google_jobs_apply&utm_medium=organic,"",""
0,"","Freelance Audio-Visual Technician Job at A-V Services, Inc. in Boston","A-V Services, Inc.","Boston, MA","","",brightdata_google_jobs,https://us.expertini.com/job/freelance-audio-visual-technician-job-at-a-v-services-inc-in-boston-boston-a-v-services-inc-a9fce14a40fa/?utm_campaign=google_jobs_apply&utm_source=google_jobs_apply&utm_medium=organic,"","2026-02-17"
0,"","Seattle WA Freelance A/V Technician","Blue Danube Productions","Seattle, WA","","30–60 an hour",brightdata_google_jobs,https://lensa.com/job-v1/blue-danube-productions/seattle-wa/av-technician-contractor/36155e0952faa51be857efb0554d49b1?utm_campaign=google_jobs_apply&utm_source=google_jobs_apply&utm_medium=organic,"","2026-02-28"
0,"","Senior Audio Visual Technician","EOS IT Company","Seattle, WA","","",brightdata_google_jobs,https://jobs.ksnt.com/jobs/senior-audio-visual-technician-seattle-washington/2631672166-2/?utm_campaign=google_jobs_apply&utm_source=google_jobs_apply&utm_medium=organic,"","2026-02-23"
0,"","Audio Visual Technician","HiringCafe","Seattle, WA","","",brightdata_google_jobs,https://hiring.cafe/jobs/audio-visual-technician/locations/seattle-washington?utm_campaign=google_jobs_apply&utm_source=google_jobs_apply&utm_medium=organic,"",""
0,"","AV Technician III","Allen Institute","Seattle, WA","","58,000–71,050 a year",brightdata_google_jobs,https://hiring.cafe/jobs/avionics-system-integrator-iii/locations/seattle-or-space-coast-or-denver?utm_campaign=google_jobs_apply&utm_source=google_jobs_apply&utm_medium=organic,"","2026-02-10"
0,"","Audio Visual Field Service Technician","OfficePro","Seattle, WA","","45K–65K a year",brightdata_google_jobs,https://www.jobleads.com/us/job/audio-visual-field-service-technician-seattle-metro--seattle--ea26b92a6583d1104ece5a217e7959c0e?utm_campaign=google_jobs_apply&utm_source=google_jobs_apply&utm_medium=organic,"","2026-02-20"
0,"","Senior AV Service Technician","avisystems","Seattle, WA","","",brightdata_google_jobs,https://www.tealhq.com/job/senior-sprinkler-service-technician_ea0eec8a-d844-4c9c-8b03-e69d1b42d3ac?utm_campaign=google_jobs_apply&utm_source=google_jobs_apply&utm_medium=organic,"","2026-02-03"
0,"","AV Programmer","Team LINX","Seattle, WA","","80K–120K a year",brightdata_google_jobs,https://www.jobtarget.com/jobs/jt-w878gkob0t/av-programmer-seattle-washington?utm_campaign=google_jobs_apply&utm_source=google_jobs_apply&utm_medium=organic,"",""
0,"","Senior AV Installation Tech Lead — On-Site","AVI-SPL","Seattle, WA","","80K–100K a year",brightdata_google_jobs,https://www.jobleads.com/us/job/senior-av-installation-tech-lead-on-site--seattle--e7a09db5888e91595e4cb2cfabd4902bc?utm_campaign=google_jobs_apply&utm_source=google_jobs_apply&utm_medium=organic,"","2026-02-23"
0,"","06 Lead AV Technician","Topa Group, Inc.","Bellevue, WA","","90K–110K a year",brightdata_google_jobs,https://us.bebee.com/job/308a2e5ad1dd96937b8603ec40368d0c?utm_campaign=google_jobs_apply&utm_source=google_jobs_apply&utm_medium=organic,"","2026-02-14"
0,"","AUDIO VISUAL TECHNICIAN","Compass Group","Bothell, WA","","40 an hour",brightdata_google_jobs,https://www.breakroom.cc/en-us/jobs/listing/23663606-compass-group-audio-visual-technician-bothell-washington?utm_campaign=google_jobs_apply&utm_source=google_jobs_apply&utm_medium=organic,"","2026-02-11"
0,"","Av Technician","HiringCafe","Arlington, WA","","",brightdata_google_jobs,https://hiring.cafe/jobs/av-technician/locations/washington-or-arlington?utm_campaign=google_jobs_apply&utm_source=google_jobs_apply&utm_medium=organic,"",""
0,"","audio visual technician","HiringCafe","Lynnwood, WA","","",brightdata_google_jobs,https://hiring.cafe/jobs/audio-visual-technician/locations/lynnwood-washington?utm_campaign=google_jobs_apply&utm_source=google_jobs_apply&utm_medium=organic,"",""
0,"","Lead Audio Visual Field Technician","EOS IT Company","Bellevue, WA","","",brightdata_google_jobs,https://jobs.womenforhire.com/job/usa/bellevue-wa/lead-audio-visual-field-technician-915825/?utm_campaign=google_jobs_apply&utm_source=google_jobs_apply&utm_medium=organic,"","2026-02-23"
0,"","Audio Visual Engineer (AV)","Universal Music Group","Nashville, TN","","88,305–105,380 a year",brightdata_google_jobs,https://career.io/job/audio-visual-engineer-av-nashville-universal-music-group-inc-2c3561e7847de3bdffbf0b7b8f8277d4?utm_campaign=google_jobs_apply&utm_source=google_jobs_apply&utm_medium=organic,"","2026-02-05"
0,"","Audio Visual Engineer","ManTech International","Remote, OR","","89.1K–148K a year",brightdata_google_jobs,https://www.tealhq.com/job/it-audio-visual-engineer_7ea1a1a28f1d02d08961af89a365888531c64?utm_campaign=google_jobs_apply&utm_source=google_jobs_apply&utm_medium=organic,"","2026-02-25"
0,"","Audio Video Technician","Hunt Valley Church","Cockeysville, MD","","",brightdata_google_jobs,https://us.bebee.com/job/320b90001ccbb5eae7ee8566c883aa12?utm_campaign=google_jobs_apply&utm_source=google_jobs_apply&utm_medium=organic,"","2026-02-25"
0,"","Audio Visual Engineer","TEKsystems","Salisbury, NC","","70K–120K a year",brightdata_google_jobs,https://careers.teksystems.com/us/en/job/JP-005845370/Audio-Visual-Engineer?utm_campaign=google_jobs_apply&utm_source=google_jobs_apply&utm_medium=organic,"","2026-02-24"
0,"","Audio Visual Technician II","Caesars Entertainment","Reno, NV","","",brightdata_google_jobs,https://career.io/job/audio-visual-technician-reno-caesars-entertainment-corporation-032923df67a20d4f76703295c533c5cf?utm_campaign=google_jobs_apply&utm_source=google_jobs_apply&utm_medium=organic,"","2026-02-23"
0,"","Audio Visual Engineer - Gatlinburg","Jason Aldean's, Gatlinburg","Gatlinburg, TN","","",brightdata_google_jobs,https://jobright.ai/jobs/info/699e7b5b81476f6176b79e6d?utm_campaign=google_jobs_apply&utm_source=google_jobs_apply&utm_medium=organic,"","2026-02-23"
0,"","Audio Visual Technician","HireSparks AV Recruiting","Rose Hill, VA","","",brightdata_google_jobs,https://www.linkedin.com/jobs/view/audio-visual-technician-at-hiresparks-av-recruiting-4373161449?utm_campaign=google_jobs_apply&utm_source=google_jobs_apply&utm_medium=organic,"","2026-02-19"
0,"","Audio Video Technician","Innovative Sight & Sound","Norcross, GA","","20–28 an hour",brightdata_google_jobs,https://recruiting.paylocity.com/recruiting/jobs/Details/786704/Innovative-Sight-Sound-LLC/Audio-Video-Technician?utm_campaign=google_jobs_apply&utm_source=google_jobs_apply&utm_medium=organic,"","2026-02-20"
0,"","Audio Visual Support Engineer","HiringCafe","Virginia","","",brightdata_google_jobs,https://hiring.cafe/jobs/audio-visual-support-engineer/locations/virginia-united-states?utm_campaign=google_jobs_apply&utm_source=google_jobs_apply&utm_medium=organic,"",""
0,"","Freelance Audio-Visual Technician","A-V Services, Inc","Newark, DE","","30–35 an hour",brightdata_google_jobs,https://us.jobrapido.com/jobpreview/1393634125679689728?utm_campaign=google_jobs_apply&utm_source=google_jobs_apply&utm_medium=organic,"",""
0,"","Audio-Visual (AV) Specialist","Jobs via Dice","New York, NY","","",brightdata_google_jobs,https://us.bebee.com/job/aab9626f22bce11ee69f7fa8f4dd7d7f?utm_campaign=google_jobs_apply&utm_source=google_jobs_apply&utm_medium=organic,"",""
0,"","Audio Visual","DWTP/DHA","New York, NY","","",brightdata_google_jobs,https://us.bebee.com/job/fe4b4e2502c362a3cfa4b3950f3ef114?utm_campaign=google_jobs_apply&utm_source=google_jobs_apply&utm_medium=organic,"",""
0,"","Summer Events and Audio","St. John's University","New York, NY","","39K a year",brightdata_google_jobs,https://us.bebee.com/job/bc27d66c67165060121a4ac3cf9f61a2?utm_campaign=google_jobs_apply&utm_source=google_jobs_apply&utm_medium=organic,"","2026-02-19"
0,"","Broadcast Engineer Job at High Point University in High Point","High Point University","High Point, NC","","",brightdata_google_jobs,https://www.mediabistro.com/jobs/1866720570-broadcast-engineer-job-at-high-point-university-in-high-point?utm_campaign=google_jobs_apply&utm_source=google_jobs_apply&utm_medium=organic,"","2026-03-02"
0,"","Live Broadcast Engineer – IP & Video Routing","JotForm Inc","Englewood, CO","","",brightdata_google_jobs,https://www.mediabistro.com/jobs/2569226749-live-broadcast-engineer-ip-and-video-routing?utm_campaign=google_jobs_apply&utm_source=google_jobs_apply&utm_medium=organic,"","2026-02-14"
0,"","Production Engineer","University of Nebraska–Lincoln","Norfolk, NE","","47.7K a year",brightdata_google_jobs,https://www.learn4good.com/jobs/norfolk/nebraska/creative_arts_and_media/4904465810/e/?utm_campaign=google_jobs_apply&utm_source=google_jobs_apply&utm_medium=organic,"","2026-02-27"
0,"","Audio Visual Support Specialist","Accenture","Chicago, IL","","",brightdata_google_jobs,https://jobs.kget.com/jobs/audio-visual-support-specialist-chicago-illinois/2618793150-2/?utm_campaign=google_jobs_apply&utm_source=google_jobs_apply&utm_medium=organic,"","2026-02-14"
0,"","Event Technician, Audio Visual","Encore","Wheeling, IL","","",brightdata_google_jobs,https://us.bebee.com/job/05f1b23b7d75a351d867dad4d75e1fc6?utm_campaign=google_jobs_apply&utm_source=google_jobs_apply&utm_medium=organic,"","2026-02-07"
0,"","Audio Visual (AV) Event Specialist","McHenry County College","Crystal Lake, IL","","22.87–32.29 an hour",brightdata_google_jobs,https://www.governmentjobs.com/jobs/5202849-0/audio-visual-av-event-specialist?utm_campaign=google_jobs_apply&utm_source=google_jobs_apply&utm_medium=organic,"",""
0,"","Tier 2 Audio Visual Field Technician","EOS","Seattle, WA","","32–41 an hour",brightdata_google_jobs,https://www.tealhq.com/job/tier-2-audio-visual-field-technician_7ea1a841c81e6cbe6bc0a1291f0b705211621?utm_campaign=google_jobs_apply&utm_source=google_jobs_apply&utm_medium=organic,"",""
0,"","Lead Audio Visual Field Technician","EOS","Seattle, WA","","80K–110K a year",brightdata_google_jobs,https://www.energyjobline.com/job/lead-audio-visual-field-technician-seattle-28840421?utm_campaign=google_jobs_apply&utm_source=google_jobs_apply&utm_medium=organic,"",""
0,"","AV Field Service Technician","AVI-SPL","Seattle, WA","","100K–125K a year",brightdata_google_jobs,https://www.jobleads.com/us/job/av-field-service-technician--seattle--e0cdc73c20b47bada75267fe3da321a6b?utm_campaign=google_jobs_apply&utm_source=google_jobs_apply&utm_medium=organic,"","2026-02-22"
0,"","Audio Visual Integration Technician","CTI","Tukwila, WA","","45K–80K a year",brightdata_google_jobs,https://us.bebee.com/job/bcda04c14e98b92c43b7229757166a6a?utm_campaign=google_jobs_apply&utm_source=google_jobs_apply&utm_medium=organic,"","2026-02-20"
0,"","Senior Marine & Luxury AV Lead Technician","Topa Group, Inc.","Seattle, WA","","40–50 an hour",brightdata_google_jobs,https://www.learn4good.com/jobs/seattle/washington/manufacturing/4803026534/e/?utm_campaign=google_jobs_apply&utm_source=google_jobs_apply&utm_medium=organic,"",""
0,"","AV Systems Engineer","Visual Sound Inc","Beverly Hills, CA","","",brightdata_google_jobs,https://us.bebee.com/job/553bb6909d579aa6d5ff87bc8c777f96?utm_campaign=google_jobs_apply&utm_source=google_jobs_apply&utm_medium=organic,"","2026-02-18"
0,"","AV Service Technician/Engineer","Presentation Products Inc","Los Angeles, CA","","48–53 an hour",brightdata_google_jobs,https://www.indeed.com/viewjob?jk=f9dfe0688f493b24&utm_campaign=google_jobs_apply&utm_source=google_jobs_apply&utm_medium=organic,"",""
0,"","Audio Visual Design Engineer","IGI","Los Alamitos, CA","","",brightdata_google_jobs,https://www.werigi.com/audio-visual-design-engineer-los-alamitos-ca?utm_campaign=google_jobs_apply&utm_source=google_jobs_apply&utm_medium=organic,"",""
0,"","Audio Visual Systems Designer","IGI","Los Alamitos, CA","","",brightdata_google_jobs,https://www.werigi.com/igi-audio-visual-systems-designer-california-job-listing?utm_campaign=google_jobs_apply&utm_source=google_jobs_apply&utm_medium=organic,"",""
0,"","AutoCAD Specialist - Broadcast AV System Engineer","ATHENAWORKS LLC","Los Angeles, CA","","",brightdata_google_jobs,https://talents.vaia.com/companies/athenaworks-llc/autocad-specialist-broadcast-av-system-engineer-27274147/?utm_campaign=google_jobs_apply&utm_source=google_jobs_apply&utm_medium=organic,"",""
0,"","Audio Visual Technician Los Angle, CA​/Mountain View, CA​/NYC, NY​/Hous","Excelon Solutions","Los Angeles, CA","","",brightdata_google_jobs,https://www.learn4good.com/jobs/los-angeles/california/info_technology/4880071038/e/?utm_campaign=google_jobs_apply&utm_source=google_jobs_apply&utm_medium=organic,"","2026-02-17"
0,"","Audio Visual Systems Engineer III at Paladin Technologies Los Angeles, CA","Paladin Technologies","Los Angeles, CA","","",brightdata_google_jobs,https://medicarestraighttalk.com/work/job/audio-visual-systems-engineer-iii-at-paladin-technologies-los-angeles-ca-L0hrVWRMaEJiS3lTQUlMOEhKbWNNcUpiL3c9PQ==?utm_campaign=google_jobs_apply&utm_source=google_jobs_apply&utm_medium=organic,"","2026-02-03"
0,"","Video Engineer","5V Video","Los Angeles, CA","","",brightdata_google_jobs,https://us.bebee.com/job/1475b083364656cc86ce4bbd90efbe06?utm_campaign=google_jobs_apply&utm_source=google_jobs_apply&utm_medium=organic,"","2026-02-06"
0,"","A/V Technical Operations Engineer II (Programmer)","COA ASSOCIATES LLC","Los Angeles, CA","","",brightdata_google_jobs,https://careers.stubhub.com/us/en/job/STUBUS3D367D5B8F894E32A69617D98CEE9D8FEXTERNALENUS/Software-Engineer-II-Operations?utm_campaign=google_jobs_apply&utm_source=google_jobs_apply&utm_medium=organic,"",""
0,"","AV Engineer- Operations","Netflix","Los Angeles, CA","","60K–90K a year",brightdata_google_jobs,https://www.jobzmall.com/netflix/job/av-engineer-operations?utm_campaign=google_jobs_apply&utm_source=google_jobs_apply&utm_medium=organic,"",""
0,"","On-Site Audio-Visual Service Technician - Boston, MA at Diversified Boston, MA","Diversified","Boston, MA","","",brightdata_google_jobs,https://windpowersports.com/office/job/on-site-audio-visual-service-technician-boston-ma-at-diversified-boston-ma-TjNydEJoekpxZjZMajB6NVlzWG0wYllsYVE9PQ==?utm_campaign=google_jobs_apply&utm_source=google_jobs_apply&utm_medium=organic,"","2026-02-28"
0,"","AV Field Technician","RoomReady","Boston, MA","","25–35 an hour",brightdata_google_jobs,https://www.jobleads.com/us/job/av-field-technician--boston--e05418132b25f33214f7e4d7654be0d74?utm_campaign=google_jobs_apply&utm_source=google_jobs_apply&utm_medium=organic,"","2026-02-04"
0,"","AV Commissioning Specialist","TEKsystems","Boston, MA","","35–48 an hour",brightdata_google_jobs,https://us.bebee.com/job/2710ee2158f3a323cee390d40f544e50?utm_campaign=google_jobs_apply&utm_source=google_jobs_apply&utm_medium=organic,"","2026-02-13"
0,"","AV Technician, Investments Technology","Liberty Mutual","Boston, MA","","",brightdata_google_jobs,https://www.audjobs.net/jobs/av-technician-investments-technology-95428c06?utm_campaign=google_jobs_apply&utm_source=google_jobs_apply&utm_medium=organic,"",""
0,"","Audio Visual Technician","KVL Audio Visual Services","Cambridge, MA","","",brightdata_google_jobs,https://us.bebee.com/job/6c5b207039ceda1e5b3d216aa6e5ef43?utm_campaign=google_jobs_apply&utm_source=google_jobs_apply&utm_medium=organic,"","2026-02-07"
0,"","Senior AV Field Engineer – System Testing & Integration","McCann Systems","Boston, MA","","40–55 an hour",brightdata_google_jobs,https://www.learn4good.com/jobs/boston/massachusetts/engineering/4907382673/e/?utm_campaign=google_jobs_apply&utm_source=google_jobs_apply&utm_medium=organic,"","2026-02-27"
0,"","AV Systems Integration Specialist","Fusco Personnel, Inc.","Boston, MA","","40–48 an hour",brightdata_google_jobs,https://myavionte.com/sonar/api/jobpost/gJob?jobArgs=0ttE2YDVOBSSFUgCcs2Gcw&utm_campaign=google_jobs_apply&utm_source=google_jobs_apply&utm_medium=organic,"",""
0,"","Audio Systems Integration Engineer","Meta","Redmond, WA","","173K–245K a year",brightdata_google_jobs,https://www.themuse.com/jobs/meta/audio-systems-integration-engineer-a52275?utm_campaign=google_jobs_apply&utm_source=google_jobs_apply&utm_medium=organic,"",""
0,"","Lead Audio Visual Field Technician","EOS IT Company","Lynnwood, WA","","",brightdata_google_jobs,https://jobs.womenforhire.com/job/usa/lynnwood-wa/lead-audio-visual-field-technician-186257/?utm_campaign=google_jobs_apply&utm_source=google_jobs_apply&utm_medium=organic,"","2026-02-23"
0,"","Audio Visual Commissioning Engineer","EOS IT Solutions","Vancouver, WA","","",brightdata_google_jobs,https://us.bebee.com/job/00f7060452ad4f03168bb43884d60e65?utm_campaign=google_jobs_apply&utm_source=google_jobs_apply&utm_medium=organic,"","2026-02-06"
0,"","Lighting Design & Programming","SIRS-Electronics","Rosenberg, TX","","",brightdata_google_jobs,https://www.indeed.com/viewjob?jk=b321f789aaa6bf4d&utm_campaign=google_jobs_apply&utm_source=google_jobs_apply&utm_medium=organic,"",""
0,"","Lighting Designer/Operator","ASM Global","High Ridge, MO","","",brightdata_google_jobs,https://www.talentify.io/job/lighting-designeroperator-tysons-virginia-asm-global-r13719?utm_campaign=google_jobs_apply&utm_source=google_jobs_apply&utm_medium=organic,"",""
0,"","23182- Lighting Designer Engineer","Cayuse Holdings","United States","","57–65 an hour",brightdata_google_jobs,https://www.tealhq.com/job/lighting-designer_7ea1a9d17918d8cda77685f08b277bc465d60?utm_campaign=google_jobs_apply&utm_source=google_jobs_apply&utm_medium=organic,"","2026-02-17"
0,"","Lighting Designer / Operator","Capital One Hall","United States","","",brightdata_google_jobs,https://www.linkedin.com/jobs/view/lighting-designer-operator-at-capital-one-hall-4158186741?utm_campaign=google_jobs_apply&utm_source=google_jobs_apply&utm_medium=organic,"",""
0,"","Lighting Designer/Operator","ASM Global","McLean, VA","","",brightdata_google_jobs,https://www.jobilize.com/job/us-va-west-mclean-lighting-designer-operator-asm-global-hiring-now?utm_campaign=google_jobs_apply&utm_source=google_jobs_apply&utm_medium=organic,"","2026-02-28"
0,"","Field Service Technician - Lighting Installation","Find a Job or Hire Top Talent | CyberCoders","Dallas, TX","","65K–70K a year",brightdata_google_jobs,https://www.cybercoders.com/recruiter/kelly-taylor?utm_campaign=google_jobs_apply&utm_source=google_jobs_apply&utm_medium=organic,"","2026-02-26"
0,"","Technical Director - Live Events (New York)","Event Concept","New York","","100K–150K a year",brightdata_google_jobs,https://www.glassdoor.com/job-listing/technical-director-live-events-new-york-event-concept-veevers-carter-JV_IC1132200_KO0,39_KE40,68.htm?jl=1009925141365&utm_campaign=google_jobs_apply&utm_source=google_jobs_apply&utm_medium=organic,"","2026-01-31"
0,"","Director of Event Technology","Inspire Event Technologies LLC","Sarasota, FL","","",brightdata_google_jobs,https://www.theladders.com/job/director-of-event-technology-inspire-event-technologies-llc-sarasota-fl_85324218?utm_campaign=google_jobs_apply&utm_source=google_jobs_apply&utm_medium=organic,"",""
0,"","Technical Director","Nexstar Broadcasting","Metairie, LA","","",brightdata_google_jobs,https://jobs.broadcastcareerlink.com/job/technical-director/82717924/?utm_campaign=google_jobs_apply&utm_source=google_jobs_apply&utm_medium=organic,"","2026-02-27"
0,"","Sr Manager, Technical Events Production New York, NY, USA","5starstudy","Anywhere","","15–25 an hour",brightdata_google_jobs,https://worknetic.my-board.org/job/sr-manager-technical-events-production-new-york-ny-usa/?utm_campaign=google_jobs_apply&utm_source=google_jobs_apply&utm_medium=organic,"","2026-02-23"
0,"","Live Broadcast Technical Director","fox","New York, NY","","",brightdata_google_jobs,https://us.bebee.com/job/7b10c5e6bd548138d8182c8bd9f59b34?utm_campaign=google_jobs_apply&utm_source=google_jobs_apply&utm_medium=organic,"","2026-02-21"
0,"","Producer, Sponsorship and Events","The Information","New York, NY","","100K–130K a year",brightdata_google_jobs,https://us.bebee.com/job/9d298c58ada4a3944efdcf303af841e9?utm_campaign=google_jobs_apply&utm_source=google_jobs_apply&utm_medium=organic,"","2026-02-24"
0,"","Technical Director","Northwest Event Technology","Woodinville, WA","","",brightdata_google_jobs,https://us.bebee.com/job/b57c0a2973e697eaa20aa93c1d8982ea?utm_campaign=google_jobs_apply&utm_source=google_jobs_apply&utm_medium=organic,"",""
0,"","broadcast director","HiringCafe","United States","","",brightdata_google_jobs,https://hiring.cafe/jobs/broadcast-director/locations/united-states?utm_campaign=google_jobs_apply&utm_source=google_jobs_apply&utm_medium=organic,"",""
0,"","Broadcast Director","TEGNA","St. Louis, MO","","",brightdata_google_jobs,https://boards.greenhouse.io/embed/job_app?for=tegnainc&token=4792745007&utm_campaign=google_jobs_apply&utm_source=google_jobs_apply&utm_medium=organic,"","2026-02-12"
0,"","Senior Director, Live Event & Client Services","System One","Sunnyvale, CA","","",brightdata_google_jobs,https://lensa.com/job-v1/system-one/sunnyvale-ca/senior-director/77305619f70464fad689ba519f9a187b?utm_campaign=google_jobs_apply&utm_source=google_jobs_apply&utm_medium=organic,"",""
0,"","Broadcast Technician III (ET) (OCB)","United States Agency for Global Media (USAGM)","Doral, FL","","",brightdata_google_jobs,https://hiring.cafe/viewjob/amqs60byyrxnmnqn?utm_campaign=google_jobs_apply&utm_source=google_jobs_apply&utm_medium=organic,"","2026-02-20"
0,"","Broadcast Engineer, Replay","Major League Baseball","New York, NY","","80K–92.5K a year",brightdata_google_jobs,https://www.builtinnyc.com/job/broadcast-engineer-replay/8589954?utm_campaign=google_jobs_apply&utm_source=google_jobs_apply&utm_medium=organic,"","2026-02-24"
0,"","Radio Broadcast Technician I (USAGM)","United States Agency for Global Media (USAGM)","Grimesland, NC","","",brightdata_google_jobs,https://paycomonline.net/v4/ats/web.php/portal/04828684dc19846422ff8685d5e5364f/jobs/291529?action=apply&utm_campaign=google_jobs_apply&utm_source=google_jobs_apply&utm_medium=organic,"","2026-02-06"
0,"","Broadcast Engineer, Tech Ops Support","NBA","Secaucus, NJ","","",brightdata_google_jobs,https://sportstechjobs.com/broadcast-engineer-tech-ops-support-nba/65b83c5d4e0b24df90526562?utm_campaign=google_jobs_apply&utm_source=google_jobs_apply&utm_medium=organic,"",""
0,"","Broadcast Engineer","Kroenke Sports & Entertainment","Media, PA","","25–32 an hour",brightdata_google_jobs,https://career.io/job/broadcast-engineer-media-kroenke-sports-entertainment-70006d8d4d6f48aaa774c6587b0127e0?utm_campaign=google_jobs_apply&utm_source=google_jobs_apply&utm_medium=organic,"",""
0,"","Broadcast Technician","Globe Life Inc.","McKinney, TX (+1 other)","","",brightdata_google_jobs,https://www.talent.com/view?id=78ffedcb474b&utm_campaign=google_jobs_apply&utm_source=google_jobs_apply&utm_medium=organic,"",""
0,"","Part Time Broadcast Operations Technician","Hearst","Needham, MA","","",brightdata_google_jobs,https://eevd.fa.us6.oraclecloud.com/hcmUI/CandidateExperience/en/job/2024549?utm_medium=search+engine&amp;utm_source=google&utm_campaign=google_jobs_apply&utm_source=google_jobs_apply&utm_medium=organic,"","2026-02-24"
0,"","Radio Broadcast Engineer – Live Audio & Studio Technician","Rubber City Radio Group","Akron, OH","","",brightdata_google_jobs,https://akron.us.expertini.com/job/radio-broadcast-engineer-live-audio-studio-technician-akron-rubber-city-radio-group-00a0cf86ee07/?utm_campaign=google_jobs_apply&utm_source=google_jobs_apply&utm_medium=organic,"","2026-02-17"
0,"","Broadcast Technician - WTVR","The E.W. Scripps Company","Richmond, VA","","",brightdata_google_jobs,https://www.disabledperson.com/jobs/70367084-broadcast-technician-wtvr?utm_campaign=google_jobs_apply&utm_source=google_jobs_apply&utm_medium=organic,"","2026-02-20"
0,"","Broadcast Maintenance Engineer","Nexstar Broadcasting","Salt Lake City, UT","","",brightdata_google_jobs,https://jobs.broadcastcareerlink.com/job/broadcast-maintenance-engineer/82423072/?utm_campaign=google_jobs_apply&utm_source=google_jobs_apply&utm_medium=organic,"",""
0,"","Broadcast Maintenance Engineer","Nexstar Broadcasting","Chicago, IL","","27.32–45.76 an hour",brightdata_google_jobs,https://career.io/job/broadcast-maintenance-engineer-chicago-nexstar-media-group-inc-9248fc96b65bb8f905350aa23db488a7?utm_campaign=google_jobs_apply&utm_source=google_jobs_apply&utm_medium=organic,"",""
0,"","RF Engineering Technologist","BAE Systems","Westminster, CO","","",brightdata_google_jobs,https://jobs.baesystems.com/global/en/job/120550BR/RF-Engineering-Technologist?utm_campaign=google_jobs_apply&utm_source=google_jobs_apply&utm_medium=organic,"","2026-02-26"
0,"","RF Technician","Reliant Critical Infrastructure","Colorado Springs, CO","","60K–100K a year",brightdata_google_jobs,https://www.snagajob.com/jobs/1151803314?utm_campaign=google_jobs_apply&utm_source=google_jobs_apply&utm_medium=organic,"",""
0,"","Electronics Technician (RF Technician)","Eastern Communications","Aldie, VA","","55K–90K a year",brightdata_google_jobs,https://www.jobtarget.com/jobs/jt-6ck6o6avyi/electronics-technician-rf-technician-aldie-virginia?utm_campaign=google_jobs_apply&utm_source=google_jobs_apply&utm_medium=organic,"","2026-02-27"
0,"","Radio Frequency Systems Engineer","Amentum","Dahlgren, VA","","85K–110K a year",brightdata_google_jobs,https://simplify.jobs/p/f96e236e-d57f-4a84-a3ea-87f58a179bff/Radio-Frequency-Systems-Engineer?utm_campaign=google_jobs_apply&utm_source=google_jobs_apply&utm_medium=organic,"","2026-02-21"
0,"","RF Test Technician","Mercury Systems","Hudson, NY","","",brightdata_google_jobs,https://us.bebee.com/job/ad0f2164a7526b5c59497b41935e6e92?utm_campaign=google_jobs_apply&utm_source=google_jobs_apply&utm_medium=organic,"",""
0,"","RF Design Engineer, Electronic Warfare","Anduril Industries","San Diego, CA","","",brightdata_google_jobs,https://us.bebee.com/job/f9d99e1710ffd134523f862c16258fa1?utm_campaign=google_jobs_apply&utm_source=google_jobs_apply&utm_medium=organic,"",""
0,"","Production Technician","Cargill","Sterling, CO","","",brightdata_google_jobs,https://www.tealhq.com/job/production-technician_7ea1ad81b2e9d80156f9d638f2c2962bed63b?utm_campaign=google_jobs_apply&utm_source=google_jobs_apply&utm_medium=organic,"","2026-02-27"
0,"","Production Technician","Cargill","Kansas City, MO","","",brightdata_google_jobs,https://us.bebee.com/job/871f95d40178e0ed3f1d6534b969fc24?utm_campaign=google_jobs_apply&utm_source=google_jobs_apply&utm_medium=organic,"","2026-02-26"
0,"","Production Technician","Green Thumb Industries (GTI)","Oglesby, IL","","17.50–20.00 an hour",brightdata_google_jobs,https://x.careersincannabis.com/job/95209?utm_campaign=google_jobs_apply&utm_source=google_jobs_apply&utm_medium=organic,"","2026-02-25"
0,"","Production Technician","Living Ink Technologies","Fort Collins, CO","","",brightdata_google_jobs,https://us.bebee.com/job/279e843a2229dfbdd33e27abcf23ecd4?utm_campaign=google_jobs_apply&utm_source=google_jobs_apply&utm_medium=organic,"","2026-02-26"
0,"","Production Technician","Didion","Cambria, WI","","23–26 an hour",brightdata_google_jobs,https://us.bebee.com/job/f270ee0d434f12a26c47a844b527e52d?utm_campaign=google_jobs_apply&utm_source=google_jobs_apply&utm_medium=organic,"","2026-02-25"
0,"","Production Technician-2nd Shift *Sign-On Bonus","Haigh-Farr, Inc.","Bedford, NH","","",brightdata_google_jobs,https://www.linkedin.com/jobs/view/production-technician-2nd-shift-sign-on-bonus-at-haigh-farr-inc-4373497641?utm_campaign=google_jobs_apply&utm_source=google_jobs_apply&utm_medium=organic,"","2026-02-20"
0,"","Production Technician","Columbia Care","Mt Orab, OH","","",brightdata_google_jobs,https://colcare.hire.trakstar.com/jobs/fk0prqy/?apply=true&utm_campaign=google_jobs_apply&utm_source=google_jobs_apply&utm_medium=organic,"",""
0,"","Production Engineer","CyberCoders","Dixon, IL","","",brightdata_google_jobs,https://www.career.com/job/cybercoders-and-careers/production-engineer/j202601161204073990438?utm_campaign=google_jobs_apply&utm_source=google_jobs_apply&utm_medium=organic,"","2026-02-12"
0,"","Additive Manufacturing Technician","PrintMetal / Mimo Technik","California","","45,760–74,040 a year",brightdata_google_jobs,https://jobs.6amcity.com/job/463606/additive-manufacturing-technician/?utm_campaign=google_jobs_apply&utm_source=google_jobs_apply&utm_medium=organic,"",""
0,"","Berklee Presents Live Sound and Recording Engineer","Berklee","Boston, MA","","",brightdata_google_jobs,https://www.tealhq.com/job/live-sound-and-recording-engineer_7ea1aff241ff56daee1911dddbf7543cb72f5?utm_campaign=google_jobs_apply&utm_source=google_jobs_apply&utm_medium=organic,"","2026-02-05"
0,"","Live Sound Technician for Wedding Band Company","Ben Mallare Events & Entertainment","San Francisco, CA","","400–650 a day",brightdata_google_jobs,https://www.ziprecruiter.com/c/Ben-Mallare-Events-&-Entertainment/Job/Live-Sound-Technician-for-Wedding-Band-Company/-in-San-Francisco,CA?jid=4c8629b24ab865a2&utm_campaign=google_jobs_apply&utm_source=google_jobs_apply&utm_medium=organic,"",""
0,"","Audio Engineer","Sirius XM Radio","Seattle, WA","","47,349–91,880 a year",brightdata_google_jobs,https://www.jobzmall.com/sirius-xm-radio/job/audio-engineer-12?utm_campaign=google_jobs_apply&utm_source=google_jobs_apply&utm_medium=organic,"",""
0,"","Senior Pre-sales Solutions Engineer (AV/IT) - New York, NY","Shure","New York, NY","","93.8K–160K a year",brightdata_google_jobs,https://careersus-shure.icims.com/jobs/4638/senior-pre-sales-solutions-engineer-%28av-it%29---new-york%2C-ny/job?utm_campaign=google_jobs_apply&utm_source=google_jobs_apply&utm_medium=organic,"","2026-02-14"
0,"","Specialist I, Talent Acquisition","Shure","Niles, IL","","54.7K–87.6K a year",brightdata_google_jobs,https://jobs.ksnt.com/jobs/talent-acquisition-specialist-i-niles-illinois/2628994373-2/?utm_campaign=google_jobs_apply&utm_source=google_jobs_apply&utm_medium=organic,"",""
0,"","Senior Pre-sales Solution Engineer (AV/IT) - Seattle, WA","Shure","Anywhere","","",brightdata_google_jobs,https://www.tealhq.com/job/senior-pre-sales-solution-engineer-av-it_7ea1ad4bd91295c6474d41d842b1b09469ea4?utm_campaign=google_jobs_apply&utm_source=google_jobs_apply&utm_medium=organic,"","2026-02-12"
0,"","Senior Pre-sales Solution Engineer (AV/IT) - Seattle, WA","Shure","Seattle, WA","","",brightdata_google_jobs,https://careersus-shure.icims.com/jobs/4633/senior-pre-sales-solution-engineer-%28av-it%29---seattle%2C-wa/job?utm_campaign=google_jobs_apply&utm_source=google_jobs_apply&utm_medium=organic,"",""
0,"","[Remote] Senior Pre-sales Solutions Engineer (AV/IT) - New York, NY","Shure Incorporated","Anywhere","","94K–160K a year",brightdata_google_jobs,https://jobright.ai/jobs/info/69900d520f6f7e7a2cec5f78?utm_campaign=google_jobs_apply&utm_source=google_jobs_apply&utm_medium=organic,"","2026-02-13"
0,"","Specialist II, Sales Development","Shure","Anywhere","","77K–130K a year",brightdata_google_jobs,https://www.tealhq.com/job/specialist-ii-sales-development_7ea1a26353b288295c0cb5439d09222f2c584?utm_campaign=google_jobs_apply&utm_source=google_jobs_apply&utm_medium=organic,"","2026-02-25"
0,"","[Remote] Senior Pre-sales Solution Engineer (AV/IT) - Seattle, WA","Shure Incorporated","Anywhere","","85K–144K a year",brightdata_google_jobs,https://jobright.ai/jobs/info/69900c160cc8ea15f1dab434?utm_campaign=google_jobs_apply&utm_source=google_jobs_apply&utm_medium=organic,"","2026-02-13"
0,"","Senior Pre-sales Solution Engineer (AV/IT) - Dallas, TX","Shure","Anywhere","","85K–144K a year",brightdata_google_jobs,https://www.tealhq.com/job/senior-pre-sales-solution-engineer-av-it_7ea1ab21f159ce72f92ec63c4b106957133a2?utm_campaign=google_jobs_apply&utm_source=google_jobs_apply&utm_medium=organic,"","2026-02-12"
0,"","Digital Signal Processing Intern - Full-time","Shure","Anywhere","","21 an hour",brightdata_google_jobs,https://www.snagajob.com/jobs/1170450955?utm_campaign=google_jobs_apply&utm_source=google_jobs_apply&utm_medium=organic,"",""
0,"","Manager, Global Pricing","Shure","Anywhere","","102K–174K a year",brightdata_google_jobs,https://www.tealhq.com/job/manager-global-pricing_7ea1a003867e69bb19976161e6e130395e2d6?utm_campaign=google_jobs_apply&utm_source=google_jobs_apply&utm_medium=organic,"",""
0,"","Applied Research Science Engineer (Audio ML)","Shure","Anywhere","","90K–144K a year",brightdata_google_jobs,https://www.tealhq.com/job/applied-research-science-engineer-audio-ml_7ea1a1a913ab3a7368a5f00f09b36872dc0ec?utm_campaign=google_jobs_apply&utm_source=google_jobs_apply&utm_medium=organic,"",""
0,"","Digital Signal Processing Intern","Shure","Anywhere","","21–40 an hour",brightdata_google_jobs,https://leidos.wd5.myworkdayjobs.com/en-US/External/job/Radar-Signal-Processing-Engineer-Intern_R-00174014?utm_campaign=google_jobs_apply&utm_source=google_jobs_apply&utm_medium=organic,"",""
0,"","Vice President - Studio DeveloperLocation:Bengaluru, KarnatakaTeam:System Engineering","BlackRock","","Tier 2 — Finance","",career_page,https://careers.blackrock.com/job/bengaluru/vice-president-studio-developer/45831/92301174480,"",""
0,"","AudioVisual Event Technician - Part-Time - Chicago (Loop), IL (104)","Five-Star Audio Visual","Chicago, Illinois","","$20 - $22 (hourly)",jobspy_indeed,https://www.indeed.com/viewjob?jk=d360a43e82991d46,"","2026-02-27"
0,"","Broadcast Maintenance Engineer","Nexstar Media Group, Inc.","Chicago, Illinois","","$27 - $45 (hourly)",jobspy_indeed,https://www.indeed.com/viewjob?jk=b34e91bc845ee214,"","2026-02-26"
0,"","Smart Home (AV) Senior Installation Technician","Mills Technologies","Chicago, Illinois","","$30 - $36 (hourly)",jobspy_indeed,https://www.indeed.com/viewjob?jk=e2a8004573c5d19d,"","2026-02-26"
0,"","Event Operations Supervisor, Audio Visual – Fairmont Chicago","Encore Global","Chicago, Illinois","","$20 - $27 (hourly)",jobspy_indeed,https://www.indeed.com/viewjob?jk=a6762e0a4b8cc565,"","2026-02-24"
0,"","Event Operations Manager, Venues - Marriott Marquis Chicago","Encore Global","Chicago, Illinois","","$48,776 - $63,409 (yearly)",jobspy_indeed,https://www.indeed.com/viewjob?jk=e547144cb48aebdc,"","2026-02-23"
0,"","Audio Visual Technician","Ids","Chicago, Illinois","","$23 - $40 (hourly)",jobspy_indeed,https://www.indeed.com/viewjob?jk=f008be82f9296c74,"","2026-02-23"
0,"","Audio-Visual Support Technician","CourtSmart Digital Systems","New York, New York","","$70,000 - $90,000 (yearly)",jobspy_indeed,https://www.indeed.com/viewjob?jk=88d97e9c6761b150,"","2026-02-26"
0,"","AV Technician Hi-End Residential (2-3 years exp)","Epic Systems","New York, New York","","$30 - $45 (hourly)",jobspy_indeed,https://www.indeed.com/viewjob?jk=09631c22348244f3,"","2026-02-25"
0,"","Broadcast Engineer, Replay","Major League Baseball","New York, New York","","$80,000 - $92,500 (yearly)",jobspy_indeed,https://www.indeed.com/viewjob?jk=248c7b3c5fa2ff41,"","2026-02-25"
0,"","Broadcast Operations Engineer","Major League Baseball","New York, New York","","$75,000 - $85,000 (yearly)",jobspy_indeed,https://www.indeed.com/viewjob?jk=6ef95a0fb3dfd43e,"","2026-02-25"
0,"","Principal Broadcast Engineer, Amazon Live","Amazon.com","New York, New York","","$201,000 - $272,000 (yearly)",jobspy_indeed,https://www.indeed.com/viewjob?jk=7d98cdba3cc72e76,"","2026-02-24"
0,"","Broadcast Engineer (1 year contract)","Grass Valley","New York, New York","","$125,000 - $135,000 (yearly)",jobspy_indeed,https://www.indeed.com/viewjob?jk=96b6063c6b35373b,"","2026-02-24"
0,"","AV Service Technician","nan","New York, New York","","$45 - $50 (hourly)",jobspy_indeed,https://www.indeed.com/viewjob?jk=4bc4f8d439b1e1a5,"","2026-02-23"
0,"","Data Center Facilities Operating Engineer","nan","New York, New York","","$45 - $50 (hourly)",jobspy_indeed,https://www.indeed.com/viewjob?jk=99efdedb6017dd68,"","2026-02-10"
0,"","Internship, Audio & Sensor Software Engineer, Vehicle Engineering (Summer 2026)","Tesla","San Francisco, California","","$20 - $50 (hourly)",jobspy_indeed,https://www.indeed.com/viewjob?jk=8d6be84292cf2a58,"","2026-02-28"
0,"","Internship, Megapack Site Controls Engineer, Energy Engineering (Summer 2026)","Tesla","San Francisco, California","","$20 - $50 (hourly)",jobspy_indeed,https://www.indeed.com/viewjob?jk=64f87b812dbb24b8,"","2026-02-28"
0,"","Event Technician, Audio Visual - Palace Hotel San Francisco","Encore Global","San Francisco, California","","$22 - $24 (hourly)",jobspy_indeed,https://www.indeed.com/viewjob?jk=4189fd6274c53dcc,"","2026-02-27"
0,"","Software Engineer, AV HIL Platform and Services","General Motors (GM)","San Francisco, California","","$123,000 - $190,000 (yearly)",jobspy_indeed,https://www.indeed.com/viewjob?jk=bfaa1fc2c076ef81,"","2026-02-27"
0,"","A/V Commissioning Technician (California)","Musco Sports Lighting","San Francisco, California","","",jobspy_indeed,https://www.indeed.com/viewjob?jk=dda99339fc459309,"","2026-02-27"
0,"","Audio Visual Technician","National Capitol Contracting (NCC)","San Francisco, California","","",jobspy_indeed,https://www.indeed.com/viewjob?jk=18ebdef19b559f38,"","2026-02-27"
0,"","Senior Software Engineer, Audio Team","Roblox","San Francisco, California","","$242,100 - $293,800 (yearly)",jobspy_indeed,https://www.indeed.com/viewjob?jk=a387b0c5f15d41c2,"","2026-02-27"
0,"","Senior Software Engineer, Core Services","Roblox","San Francisco, California","","$242,100 - $293,800 (yearly)",jobspy_indeed,https://www.indeed.com/viewjob?jk=bb0c486a3d1f3621,"","2026-02-27"
0,"","Senior Design Engineer - Audiovisual (AV)","Avidex","San Francisco, California","","$141,000 - $160,000 (yearly)",jobspy_indeed,https://www.indeed.com/viewjob?jk=29bcdccff454c886,"","2026-02-26"
0,"","Staff Engineer, AV Change Management & Assurance (GPSSC)","General Motors (GM)","San Francisco, California","","",jobspy_indeed,https://www.indeed.com/viewjob?jk=c31f4dc60b59aabc,"","2026-02-25"
0,"","2026 Summer Intern – Software Engineer, Autonomous Robot (PhD)","General Motors (GM)","San Francisco, California","","",jobspy_indeed,https://www.indeed.com/viewjob?jk=23951275af4d1a25,"","2026-02-24"
0,"","Senior Software Engineer - Autonomy Evaluation","General Motors (GM)","San Francisco, California","","",jobspy_indeed,https://www.indeed.com/viewjob?jk=8d3bcddfad78daa2,"","2026-02-24"
0,"","Onsite AV Support Technician","AVI-SPL","San Francisco, California","","$29 - $37 (hourly)",jobspy_indeed,https://www.indeed.com/viewjob?jk=18bf5e2b60a83541,"","2026-02-24"
0,"","AudioVisual Event Technician - Part-Time - San Francisco (Financial District), CA - (92)","Five-Star Audio Visual","San Francisco, California","","$24 - $29 (hourly)",jobspy_indeed,https://www.indeed.com/viewjob?jk=e8fd9b521d42af21,"","2026-02-24"
0,"","Senior System Software Engineer - AV Platform","NVIDIA","San Francisco, California","","$152,000 - $287,500 (yearly)",jobspy_indeed,https://www.indeed.com/viewjob?jk=fd66df1a11e5c899,"","2026-02-23"
0,"","Senior Computer Vision and DL Engineer - Autonomous Vehicles","NVIDIA","San Francisco, California","","$152,000 - $287,500 (yearly)",jobspy_indeed,https://www.indeed.com/viewjob?jk=ed35f9369ca753be,"","2026-03-01"
0,"","Senior Site Reliability Engineer - HPC","NVIDIA","San Francisco, California","","$152,000 - $287,500 (yearly)",jobspy_indeed,https://www.indeed.com/viewjob?jk=8272fa7a10536e04,"","2026-02-25"
0,"","Sr Engineer, Multimedia (NTD)","Nintendo","Seattle, Washington","","$140,900 - $253,600 (yearly)",jobspy_indeed,https://www.indeed.com/viewjob?jk=f21677969df5ac61,"","2026-02-28"
0,"","Sr Engineer, Display (NTD)","Nintendo","Seattle, Washington","","$140,900 - $253,600 (yearly)",jobspy_indeed,https://www.indeed.com/viewjob?jk=551bb3646f5410bc,"","2026-02-28"
0,"","Sr Engineer, Device Driver (NTD)","Nintendo","Seattle, Washington","","$140,900 - $253,600 (yearly)",jobspy_indeed,https://www.indeed.com/viewjob?jk=4a4fb510f511f8a3,"","2026-02-28"
0,"","Sr Engineer, ML (NTD)","Nintendo","Seattle, Washington","","$140,900 - $253,600 (yearly)",jobspy_indeed,https://www.indeed.com/viewjob?jk=9fc16517939b75c2,"","2026-02-28"
0,"","Senior Audio Engineer","Lemonade Insurance Company","Seattle, Washington","","$127,000 - $145,000 (yearly)",jobspy_indeed,https://www.indeed.com/viewjob?jk=a960863be129c5cb,"","2026-02-27"
0,"","AV Field Service Technician","Justice AV Solutions","Seattle, Washington","","$50,000 - $60,000 (yearly)",jobspy_indeed,https://www.indeed.com/viewjob?jk=574f03d89c8b8a31,"","2026-02-27"
0,"","Acoustics Engineer II - New Glenn Stage 2","Blue Origin","Seattle, Washington","","$99,201 - $138,880 (yearly)",jobspy_indeed,https://www.indeed.com/viewjob?jk=8239aa02c1ef4526,"","2026-02-26"
0,"","Acoustic Engineer","Affiliated Engineers, Inc","Seattle, Washington","","$95,000 - $125,000 (yearly)",jobspy_indeed,https://www.indeed.com/viewjob?jk=a99117ce6af93ae6,"","2026-02-24"
0,"","Maintenance Engineer - KIRO TV","Cox Media Group","Seattle, Washington","","$32 - $40 (hourly)",jobspy_indeed,https://www.indeed.com/viewjob?jk=8b1881ad342f2a1e,"","2026-02-23"
0,"","Temporary Board Operator","iHeartMedia","Boston, Massachusetts","","",jobspy_indeed,https://www.indeed.com/viewjob?jk=fe3ed291c40efcf6,"","2026-03-02"
0,"","AV - Desktop Support Technician","Ovation Workplace services","Boston, Massachusetts","","$40,000 - $49,920 (yearly)",jobspy_indeed,https://www.indeed.com/viewjob?jk=0e247e1eb2ceb289,"","2026-02-27"
0,"","Audio Machine Learning Research Engineer","Bose","Boston, Massachusetts","","$138,000 - $189,750 (yearly)",jobspy_indeed,https://www.indeed.com/viewjob?jk=5a27d8de7658462c,"","2026-02-26"
0,"","MULTIMEDIA AUDIO VISUAL TECHNICIAN","Waveguide","Boston, Massachusetts","","$60,000 - $70,000 (yearly)",jobspy_indeed,https://www.indeed.com/viewjob?jk=4c67e171e3e5cc5f,"","2026-02-24"
0,"","LEAD MULTIMEDIA AUDIO VISUAL TECHNICIAN","Waveguide","Boston, Massachusetts","","$67,000 - $77,000 (yearly)",jobspy_indeed,https://www.indeed.com/viewjob?jk=d54a524aa60563b6,"","2026-02-24"
0,"","Event Technical Lead (Part Time), Audio Visual - Marriott Boston Quincy","Encore Global","Boston, Massachusetts","","$18 - $24 (hourly)",jobspy_indeed,https://www.indeed.com/viewjob?jk=542e44f1f4392eb4,"","2026-02-23"
0,"","Onsite A/V Support Technician","AVI-SPL","Boston, Massachusetts","","$26 - $34 (hourly)",jobspy_indeed,https://www.indeed.com/viewjob?jk=6d9714316e31d46b,"","2026-02-23"
0,"","Teacher - Vocational Tech [Multimedia Entertainment and Production], Gr. 9-12 (SY26-27)","Boston Public Schools","Boston, Massachusetts","","",jobspy_indeed,https://www.indeed.com/viewjob?jk=d353eb126d60d920,"","2026-02-17"
0,"","Teacher - Chemistry, Gr. 9-12 (SEI Endorsement Required) (SY26-27)","Boston Public Schools","Boston, Massachusetts","","",jobspy_indeed,https://www.indeed.com/viewjob?jk=fe640414eb6e0c64,"","2026-02-17"
0,"","FSU Undergraduate Student Employment","Fitchburg State University","Boston, Massachusetts","","",jobspy_indeed,https://www.indeed.com/viewjob?jk=64385d9927e02423,"","2025-09-16"
0,"","403(g) Technician","CBS News and Stations","Los Angeles, California","","",jobspy_indeed,https://www.indeed.com/viewjob?jk=820111f1c3e5e74d,"","2026-02-28"
0,"","Broadcast Engineer","Sinclair Broadcast Group","Los Angeles, California","","$98,000 - $150,000 (yearly)",jobspy_indeed,https://www.indeed.com/viewjob?jk=a0c453ceb82bfdab,"","2026-02-27"
0,"","AV/VC Operations Technician L3","Milestone Technologies","Los Angeles, California","","",jobspy_indeed,https://www.indeed.com/viewjob?jk=534879f9c773db31,"","2026-02-27"
0,"","Broadcast Engineer, Burbank, California","Evertz Microsystems Limited","Los Angeles, California","","",jobspy_indeed,https://www.indeed.com/viewjob?jk=edde67d6984952b1,"","2026-02-27"
0,"","AV Production Operator 1","STAAR Surgical","Los Angeles, California","","",jobspy_indeed,https://www.indeed.com/viewjob?jk=abda89d957f47f13,"","2026-02-26"
0,"","Tech Support & Sound Studio Assistant","PawsTime","Los Angeles, California","","",jobspy_indeed,https://www.indeed.com/viewjob?jk=838e3e713cff638f,"","2026-02-26"
0,"","Broadcast Support Engineer 4","Netflix","Los Angeles, California","","$220,000 - $340,000 (yearly)",jobspy_indeed,https://www.indeed.com/viewjob?jk=bd457292122428d0,"","2026-02-24"
0,"","GAV Technician","Rent for Event","Los Angeles, California","","$20 - $25 (hourly)",jobspy_indeed,https://www.indeed.com/viewjob?jk=9cc1a1dd2105d597,"","2026-02-24"
0,"","Principal Sound Designer, Unannounced Game | Irvine, CA","Blizzard Entertainment","Los Angeles, California","","$116,800 - $216,000 (yearly)",jobspy_indeed,https://www.indeed.com/viewjob?jk=ede629e9c3971a4b,"","2026-02-23"
0,"","Maintenance Technician 403(g)","CBS News and Stations","Los Angeles, California","","$61,745 - $130,102 (yearly)",jobspy_indeed,https://www.indeed.com/viewjob?jk=a7294a736029fa84,"","2026-02-23"
0,"","Operations Supervisor, Audio Visual- Hyatt Regency Newport Beach","Encore Global","Los Angeles, California","","$28 - $29 (hourly)",jobspy_indeed,https://www.indeed.com/viewjob?jk=e33aeb3736ed78ec,"","2026-01-29"
0,"","Event Technical Lead, Audio Visual - The Ritz Carlton","Encore Global","Washington, DC","","$18 - $24 (hourly)",jobspy_indeed,https://www.indeed.com/viewjob?jk=6c588621c5a40e00,"","2026-02-27"
0,"","Event Technical Lead, Audio Visual - Hilton National Mall","Encore Global","Washington, DC","","$18 - $24 (hourly)",jobspy_indeed,https://www.indeed.com/viewjob?jk=0c4cc1c2b2dfec08,"","2026-02-27"
0,"","Event Operations Manager - Waldorf Astoria","Encore Global","Washington, DC","","$53,210 - $69,173 (yearly)",jobspy_indeed,https://www.indeed.com/viewjob?jk=5b1493a5edc80fcf,"","2026-02-27"
0,"","Event Operations Supervisor, Audio Visual - The Conrad","Encore Global","Washington, DC","","$22 - $29 (hourly)",jobspy_indeed,https://www.indeed.com/viewjob?jk=2f8d5e78b5b5c273,"","2026-02-27"
0,"","Event Technician, Audio Visual - The Conrad","Encore Global","Washington, DC","","",jobspy_indeed,https://www.indeed.com/viewjob?jk=6ef5477dde2aafd9,"","2026-02-27"
0,"","Event Sr. Technical Lead, Audio Visual - MGM National Harbor","Encore Global","Washington, DC","","$20 - $26 (hourly)",jobspy_indeed,https://www.indeed.com/viewjob?jk=656b69316997ec80,"","2026-02-27"
0,"","Broadcast Maintenance Engineer","Broadcast Management Group","Washington, DC","","$90,000 - $110,000 (yearly)",jobspy_indeed,https://www.indeed.com/viewjob?jk=794aaeded58ac9e3,"","2026-02-27"
0,"","Audio Visual Technician","National Capitol Contracting (NCC)","Washington, DC","","",jobspy_indeed,https://www.indeed.com/viewjob?jk=ad9192b8a453d72e,"","2026-02-27"
0,"","Digital Court Reporter - Legal Audio / Visual Technician","Planet Depos","Washington, DC","","$22 - $24 (hourly)",jobspy_indeed,https://www.indeed.com/viewjob?jk=a2b1a7be44b163a2,"","2026-02-26"
0,"","STUDENT TECH","Prince William County Public Schools","Washington, DC","","",jobspy_indeed,https://www.indeed.com/viewjob?jk=bf29f9d0abf61067,"","2026-02-26"
0,"","Low Voltage / Industrial / CCTV / AV Technician","Wachter","Washington, DC","","$20 - $38 (hourly)",jobspy_indeed,https://www.indeed.com/viewjob?jk=05a1b6c2ca371f55,"","2026-02-26"
0,"","Audio Visual Service Technician/Engineer","Presentation Products Inc","Washington, DC","","$37 - $45 (hourly)",jobspy_indeed,https://www.indeed.com/viewjob?jk=abc4a730ed7d15fa,"","2026-02-25"
0,"","Audio Video Technician","Hunt Valley Church","Washington, DC","","",jobspy_indeed,https://www.indeed.com/viewjob?jk=a0d4e154059cb615,"","2026-02-25"
0,"","Event Services Technician - Audio Visual, Event Technology","Pinnacle Live","Washington, DC","","",jobspy_indeed,https://www.indeed.com/viewjob?jk=5d12354e455763db,"","2026-02-25"
0,"","AV Technician Level 2","DistinctHD","Washington, DC","","$24 - $35 (hourly)",jobspy_indeed,https://www.indeed.com/viewjob?jk=f99999a5495ffd69,"","2026-02-24"
0,"","Access Control Technician Level 2","DistinctHD","Washington, DC","","$24 - $35 (hourly)",jobspy_indeed,https://www.indeed.com/viewjob?jk=df0d5d16b23997cb,"","2026-02-24"
0,"","DEV ELEC/ACOUSTIC TECH SPEC","Northrop Grumman","Washington, DC","","$55,000 - $133,000 (yearly)",jobspy_indeed,https://www.indeed.com/viewjob?jk=ec792e1b62619a4e,"","2026-02-23"
0,"","Freelance Studio/Field Technician","Fox Corporation","Washington, DC","","$45 - $55 (hourly)",jobspy_indeed,https://www.indeed.com/viewjob?jk=9cb665e81ad7c09d,"","2026-02-23"
0,"","R1 Mixer","Radio One","Washington, DC","","$18 - $20 (hourly)",jobspy_indeed,https://www.indeed.com/viewjob?jk=f319e847898cfac3,"","2026-01-08"
0,"","R1 Board Operator","Radio One","Washington, DC","","$17 - $20 (hourly)",jobspy_indeed,https://www.indeed.com/viewjob?jk=159e4334dbf84f6e,"","2025-10-21"
0,"","Voice Data Contributor (American English AI Project)","ADCENTRIC MARKETING LIMITED","United States","","",jobspy_indeed,https://www.indeed.com/viewjob?jk=927657100eba307f,"","2026-03-02"
0,"","AV Field Engineer (DFW)","Network Cabling Services - NCS","United States","","",jobspy_indeed,https://www.indeed.com/viewjob?jk=7066d6969df488e3,"","2026-03-02"
0,"","A1 Audio Technician","Nova Live Productions","United States","","$22 - $29 (hourly)",jobspy_indeed,https://www.indeed.com/viewjob?jk=83fa47b9db3a4741,"","2026-03-02"
0,"","Non CDL Box Truck Driver & A/VTechnician","nan","United States","","$800 - $900 (weekly)",jobspy_indeed,https://www.indeed.com/viewjob?jk=e96f74216783f223,"","2026-03-01"
0,"","Audio Engineer","Rush Media Company","United States","","",jobspy_indeed,https://www.indeed.com/viewjob?jk=53fb1b41bf740d4e,"","2026-03-01"
0,"","Maintenance Technician","CBS News and Stations","United States","","",jobspy_indeed,https://www.indeed.com/viewjob?jk=5cc69340965fc47d,"","2026-02-28"
0,"","Music Production and Management Assistant","Mission Assessments & Personalized Services","United States","","",jobspy_indeed,https://www.indeed.com/viewjob?jk=c4c6caf39dd62273,"","2026-02-28"
0,"","General Stagehand - FL","Rhino Staging","United States","","$19 - $20 (hourly)",jobspy_indeed,https://www.indeed.com/viewjob?jk=233bbaea9abd49a7,"","2026-02-27"
0,"","Event Stagehand - South Carolina","Rhino Staging","United States","","$19 - $20 (hourly)",jobspy_indeed,https://www.indeed.com/viewjob?jk=430e844add8f6410,"","2026-02-25"
0,"","Audio Annotator","Odixcity Consulting","Remote","","$400,000 - $600,000 (yearly)",jobspy_indeed,https://www.indeed.com/viewjob?jk=05cdfc2a8638ca0d,"","2026-02-27"
0,"","Audio Engineer - AI Trainer","Handshake","Remote","","",jobspy_indeed,https://www.indeed.com/viewjob?jk=4a0e6953e5f42bb1,"","2026-02-24"
0,"","Music Producer - AI Trainer","Handshake","Remote","","",jobspy_indeed,https://www.indeed.com/viewjob?jk=28fd802999e2e55a,"","2026-02-24"
0,"","Solutions Architect - Media/Broadcast Enterprise Systems","Evertz Microsystems Limited","Remote","","",jobspy_indeed,https://www.indeed.com/viewjob?jk=102e9ef4dfc0859c,"","2026-02-23"
0,"","Sales Development Specialist - AV/IT (Channel Partners)","Shure","Chicago, Illinois","","$70,000 - $118,000 (yearly)",jobspy_indeed,https://www.indeed.com/viewjob?jk=ed68b2433e469e34,"","2026-02-25"
0,"","Manager, Workplace Technology","Union Tank Car Company (UTLX)","Chicago, Illinois","","$131,400 - $160,600 (yearly)",jobspy_indeed,https://www.indeed.com/viewjob?jk=d39e1a0129d4178b,"","2026-02-24"
0,"","Sr. Director Engineering - AV, Media","Diversified","New York, New York","","$162,035 - $233,105 (yearly)",jobspy_indeed,https://www.indeed.com/viewjob?jk=b14243ba9c79da39,"","2026-02-27"
0,"","Sr. Field Engineer","York Telecom Corporation","New York, New York","","$90,000 - $115,000 (yearly)",jobspy_indeed,https://www.indeed.com/viewjob?jk=58ae09cc193ef0cd,"","2026-02-26"
0,"","Sr. Field Engineer","Yorktel","New York, New York","","",jobspy_indeed,https://www.indeed.com/viewjob?jk=ddc6ba6dea30a72e,"","2026-02-26"
0,"","Desktop Support Technician","Ovation Workplace services","New York, New York","","$40,000 - $56,160 (yearly)",jobspy_indeed,https://www.indeed.com/viewjob?jk=78d137ef48ad434e,"","2026-02-25"
0,"","Lead IT Support Technician","Chime","New York, New York","","$127,000 - $175,000 (yearly)",jobspy_indeed,https://www.indeed.com/viewjob?jk=91c380aff5e184c9,"","2026-02-23"
0,"","Senior Product Manager, New Scope Evaluation","Waymo","San Francisco, California","","$238,000 - $302,000 (yearly)",jobspy_indeed,https://www.indeed.com/viewjob?jk=35f2715891200f11,"","2026-02-28"
0,"","Utility Coordinator","TeraWatt Infrastructure","San Francisco, California","","$100,000 - $122,000 (yearly)",jobspy_indeed,https://www.indeed.com/viewjob?jk=67dd5e4726a3d20e,"","2026-02-27"
0,"","Staff Software Engineer, Reliability","General Motors (GM)","San Francisco, California","","$160,200 - $290,700 (yearly)",jobspy_indeed,https://www.indeed.com/viewjob?jk=53cc606d1bd359c3,"","2026-02-27"
0,"","Electrical Engineer II","AeroVironment","San Francisco, California","","",jobspy_indeed,https://www.indeed.com/viewjob?jk=3329b41927bcee8d,"","2026-02-27"
0,"","Mechanical Engineer II","AeroVironment","San Francisco, California","","",jobspy_indeed,https://www.indeed.com/viewjob?jk=53790fba1c15ab97,"","2026-02-27"
0,"","Application Software Engineer","Wayve","San Francisco, California","","",jobspy_indeed,https://www.indeed.com/viewjob?jk=f5d7f8ce23a9373a,"","2026-02-27"
0,"","Senior Machine Learning Engineer, Sensor Validation","Waymo","San Francisco, California","","$204,000 - $259,000 (yearly)",jobspy_indeed,https://www.indeed.com/viewjob?jk=12e5fb1de98c135b,"","2026-02-26"
0,"","Simulation Specialist","Stanford Medicine Children's Health","San Francisco, California","","$41 - $54 (hourly)",jobspy_indeed,https://www.indeed.com/viewjob?jk=2f78744d50144c2d,"","2026-02-26"
0,"","Senior Product Designer - AV Support","Uber","San Francisco, California","","$180,000 - $200,000 (yearly)",jobspy_indeed,https://www.indeed.com/viewjob?jk=29e7ddcb71cb3bda,"","2026-02-26"
0,"","Senior Software Engineer - Fallback and Mission Planning","General Motors (GM)","San Francisco, California","","$163,000 - $206,000 (yearly)",jobspy_indeed,https://www.indeed.com/viewjob?jk=aa88a09353ae1867,"","2026-02-25"
0,"","Sr. Propulsion Engineer","AeroVironment","San Francisco, California","","$136,807 - $194,040 (yearly)",jobspy_indeed,https://www.indeed.com/viewjob?jk=6ea22052f77d5383,"","2026-02-25"
0,"","Information Technology (IT) Systems Administrator (Systems Application Analyst 3)","HII","San Francisco, California","","$96,278 - $125,000 (yearly)",jobspy_indeed,https://www.indeed.com/viewjob?jk=0bb8f79e831189f8,"","2026-02-25"
0,"","Software Engineer - Autonomous Vehicles","NVIDIA","San Francisco, California","","$124,000 - $241,500 (yearly)",jobspy_indeed,https://www.indeed.com/viewjob?jk=2c8da14b047087ab,"","2026-02-25"
0,"","Developer Technology Engineer, CPU Performance - New College Grad 2026","NVIDIA","San Francisco, California","","$124,000 - $241,500 (yearly)",jobspy_indeed,https://www.indeed.com/viewjob?jk=73dccbbef7f1692a,"","2026-02-27"
0,"","AV Specialist with UC Experience","Apptad Inc","San Francisco, California","","$28 - $30 (hourly)",jobspy_indeed,https://www.indeed.com/viewjob?jk=bd0077f4da561764,"","2026-02-24"
0,"","PRODUCTION ASSISTANT","CELLA","San Francisco, California","","$28 - $33 (hourly)",jobspy_indeed,https://www.indeed.com/viewjob?jk=24b1b8461e37370b,"","2026-02-24"
0,"","Senior Robotics Engineer, Path & Trajectory Planning","Zendar","San Francisco, California","","$140,000 - $190,000 (yearly)",jobspy_indeed,https://www.indeed.com/viewjob?jk=764099feaf28bc53,"","2026-02-01"
0,"","Senior Machine Learning Engineer, Sensor Validation","Waymo","Seattle, Washington","","$204,000 - $259,000 (yearly)",jobspy_indeed,https://www.indeed.com/viewjob?jk=127ee1593e5f0694,"","2026-02-26"
0,"","System Administrator, Boston","Whoop","Boston, Massachusetts","","$75,000 - $120,000 (yearly)",jobspy_indeed,https://www.indeed.com/viewjob?jk=d6c113a77c1cce29,"","2026-03-01"
0,"","Client Field Services Engineer III","R3 LLC","Boston, Massachusetts","","$100,000 - $120,000 (yearly)",jobspy_indeed,https://www.indeed.com/viewjob?jk=89b0da7a2a6fda62,"","2026-02-27"
0,"","Senior Cyber Security SecDev Engineer","Forrester","Boston, Massachusetts","","$125,000 - $205,000 (yearly)",jobspy_indeed,https://www.indeed.com/viewjob?jk=4dad17936cc82031,"","2026-02-27"
0,"","Support Engineer","Devoted Health","Boston, Massachusetts","","$55,507 - $64,355 (yearly)",jobspy_indeed,https://www.indeed.com/viewjob?jk=88cba1cdf048db77,"","2026-02-27"
0,"","Project Manager","Elevation3D","Boston, Massachusetts","","",jobspy_indeed,https://www.indeed.com/viewjob?jk=b0a3c22f5cca4085,"","2026-02-25"
0,"","Systems Engineer","Cognizant","Boston, Massachusetts","","$50,000 - $56,000 (yearly)",jobspy_indeed,https://www.indeed.com/viewjob?jk=c0a2f36bcce4b826,"","2026-02-24"
0,"","Project Manager","Allied Universal Technology Services","Boston, Massachusetts","","$100,000 - $120,000 (yearly)",jobspy_indeed,https://www.indeed.com/viewjob?jk=a63bf81f738b96b6,"","2026-02-23"
0,"","AV Commissioning Manager","Rosendin Electric","Los Angeles, California","","$148,100 - $222,200 (yearly)",jobspy_indeed,https://www.indeed.com/viewjob?jk=6cecea940f4f76d7,"","2026-03-01"
0,"","Program Manager I - Technology Regional","Project Support Services","Los Angeles, California","","$160,000 - $167,000 (yearly)",jobspy_indeed,https://www.indeed.com/viewjob?jk=c3037a5a7e5f0037,"","2026-02-27"
0,"","Sr Accountant","AeroVironment","Los Angeles, California","","",jobspy_indeed,https://www.indeed.com/viewjob?jk=5965b98526f16102,"","2026-02-27"
0,"","Production Technician I","AeroVironment","Los Angeles, California","","",jobspy_indeed,https://www.indeed.com/viewjob?jk=44bbbd1079498ab5,"","2026-02-23"
0,"","Sr. Field Engineer","York Telecom Corporation","Los Angeles, California","","$90,000 - $115,000 (yearly)",jobspy_indeed,https://www.indeed.com/viewjob?jk=72cf489599fb8bd2,"","2026-02-26"
0,"","Sr. Field Engineer","Yorktel","Los Angeles, California","","",jobspy_indeed,https://www.indeed.com/viewjob?jk=c554b8dc56275108,"","2026-02-26"
0,"","Web Content Specialist","Extron Electronics","Los Angeles, California","","$70,304 - $72,000 (yearly)",jobspy_indeed,https://www.indeed.com/viewjob?jk=b5237e49105b1099,"","2026-02-25"
0,"","Project Manager I - Technology (Regional)","nan","Los Angeles, California","","",jobspy_indeed,https://www.indeed.com/viewjob?jk=bd25687aec12c88f,"","2026-02-25"
0,"","Project Engineer III","AeroVironment","Los Angeles, California","","$102,708 - $145,530 (yearly)",jobspy_indeed,https://www.indeed.com/viewjob?jk=22c58f67261ec549,"","2026-02-24"
0,"","Sr. Manager, Mechanical Engineering.","AeroVironment","Los Angeles, California","","$153,308 - $217,140 (yearly)",jobspy_indeed,https://www.indeed.com/viewjob?jk=a70043635686911e,"","2026-02-24"
0,"","Project Manager I – Technology","nan","Los Angeles, California","","$155,000 - $165,000 (yearly)",jobspy_indeed,https://www.indeed.com/viewjob?jk=823197e0e5ed05cb,"","2026-02-23"
0,"","Test Technician II","AeroVironment","Los Angeles, California","","$23 - $32 (hourly)",jobspy_indeed,https://www.indeed.com/viewjob?jk=5fb5e74f4e5b29a4,"","2026-02-23"
0,"","Production Technician II","AeroVironment","Los Angeles, California","","$17 - $24 (hourly)",jobspy_indeed,https://www.indeed.com/viewjob?jk=34d236f81714b0be,"","2026-02-23"
0,"","ENGINEER - Plant Operations, Full Time, Varied","Palmdale Regional Medical Center","Los Angeles, California","","$35 - $49 (hourly)",jobspy_indeed,https://www.indeed.com/viewjob?jk=ebc93659662ef0fd,"","2026-01-28"
0,"","IT Project Manager","IT Veterans","Washington, DC","","",jobspy_indeed,https://www.indeed.com/viewjob?jk=518f655d26fced18,"","2026-02-28"
0,"","Project Manager II","nan","Washington, DC","","",jobspy_indeed,https://www.indeed.com/viewjob?jk=a0a94c8a2739e7db,"","2026-02-28"
0,"","Maintenance Technician I - Bilingual (English & Spanish)","nan","Washington, DC","","",jobspy_indeed,https://www.indeed.com/viewjob?jk=3d6dfbcb44d1d18b,"","2026-02-26"
0,"","Field Service Tech FSR2","nan","Washington, DC","","",jobspy_indeed,https://www.indeed.com/viewjob?jk=c07ce1b11a964dc8,"","2026-02-24"
0,"","Licensed Master Electrician – Residential Service","nan","Washington, DC","","",jobspy_indeed,https://www.indeed.com/viewjob?jk=3ca252a9747b19fc,"","2026-02-27"
0,"","Planner II - Zoning Administration","nan","Washington, DC","","",jobspy_indeed,https://www.indeed.com/viewjob?jk=a340ce18ead52038,"","2026-02-26"
0,"","Project Manager II","George Mason University","Washington, DC","","",jobspy_indeed,https://www.indeed.com/viewjob?jk=5afc17a9f4bfd581,"","2026-02-27"
0,"","Clinical Research Coordinator","George Mason University","Washington, DC","","",jobspy_indeed,https://www.indeed.com/viewjob?jk=b1f2e6aeb144d0b2,"","2026-02-26"
0,"","Sr. Field Engineer","York Telecom Corporation","Washington, DC","","$90,000 - $115,000 (yearly)",jobspy_indeed,https://www.indeed.com/viewjob?jk=c8767f16ca9c6990,"","2026-02-26"
0,"","Sr. Field Engineer","Yorktel","Washington, DC","","",jobspy_indeed,https://www.indeed.com/viewjob?jk=f0db05fb8c46df07,"","2026-02-26"
0,"","Director of Business Development- Healthcare Vertical","Vision Technologies, Inc","Washington, DC","","$100,000 - $140,000 (yearly)",jobspy_indeed,https://www.indeed.com/viewjob?jk=8cb574bf5e08d6dd,"","2026-02-25"
0,"","Assistant Project Manager, Construction, Special Projects, NA","Vantage Data Centers","Washington, DC","","",jobspy_indeed,https://www.indeed.com/viewjob?jk=a7dca9beab47326b,"","2026-02-24"
0,"","Senior Project Manager - Exhibits and Interpretive Environments","Color-Ad, Inc.","Washington, DC","","",jobspy_indeed,https://www.indeed.com/viewjob?jk=7836f905c9a16986,"","2026-02-24"
0,"","CAD Detailer - Custom Exhibits and Signage","Color-Ad, Inc.","Washington, DC","","",jobspy_indeed,https://www.indeed.com/viewjob?jk=deb275d0ae2187e5,"","2026-02-24"
0,"","Cybersecurity Engineer","Visa","Washington, DC","","$123,700 - $191,300 (yearly)",jobspy_indeed,https://www.indeed.com/viewjob?jk=f0d471b1f6e05727,"","2026-02-24"
0,"","Technical Lead, Executive Briefing Center","GENETEC","Washington, DC","","",jobspy_indeed,https://www.indeed.com/viewjob?jk=423caf9724e65d37,"","2026-02-23"
0,"","Red Team Senior Software Engineer","Parsons","Washington, DC","","$148,300 - $266,900 (yearly)",jobspy_indeed,https://www.indeed.com/viewjob?jk=2c63d561d1278ca1,"","2026-02-23"
0,"","Sr. Electrical Test Engineer - Space Technologies","AeroVironment","United States","","$91,000 - $129,150 (yearly)",jobspy_indeed,https://www.indeed.com/viewjob?jk=fcb31d96e46a2d93,"","2026-03-01"
0,"","Sr. Systems Test Engineer - Space Technologies","AeroVironment","United States","","$101,000 - $143,325 (yearly)",jobspy_indeed,https://www.indeed.com/viewjob?jk=519995a7045c8aba,"","2026-03-01"
0,"","Sr. Reliability Engineer - Space Technologies","AeroVironment","United States","","$112,500 - $159,600 (yearly)",jobspy_indeed,https://www.indeed.com/viewjob?jk=e72d27a6431f0279,"","2026-03-01"
0,"","Senior Electrical Engineer/Designer - Senior Project Manager","The Misch Group","United States","","$90,000 - $155,000 (yearly)",jobspy_indeed,https://www.indeed.com/viewjob?jk=3362a9073386bf68,"","2026-02-28"
0,"","Electrical Foreman (All levels)","CS Erickson","United States","","",jobspy_indeed,https://www.indeed.com/viewjob?jk=2b83ed9bb8630e36,"","2026-02-28"
0,"","Journeyman Electrician","CS Erickson","United States","","",jobspy_indeed,https://www.indeed.com/viewjob?jk=3bf1983c362a621a,"","2026-02-28"
0,"","Onsite Maintenance Engineer","AVI-SPL","United States","","",jobspy_indeed,https://www.indeed.com/viewjob?jk=b759db7eef412f77,"","2026-02-27"
0,"","Senior Exhibition Designer","Philadelphia Museum of Art","United States","","",jobspy_indeed,https://www.indeed.com/viewjob?jk=673e1074f59db439,"","2026-02-27"
0,"","Sr. Director Engineering - AV, Media","Diversified","Remote","","$162,035 - $233,105 (yearly)",jobspy_indeed,https://www.indeed.com/viewjob?jk=79ce02b2f34ac275,"","2026-02-27"
0,"","Sr. Corporate Sales Engineer (Remote)","CrowdStrike","Remote","","$100,000 - $140,000 (yearly)",jobspy_indeed,https://www.indeed.com/viewjob?jk=ca2e7a7d127b75cb,"","2026-02-27"
0,"","Pre-Sales Engineer – US","Kramer","Remote","","",jobspy_indeed,https://www.indeed.com/viewjob?jk=d85d586150290831,"","2026-02-26"
0,"","Senior BIM Specialist","TEECOM","Remote","","$110,000 - $130,000 (yearly)",jobspy_indeed,https://www.indeed.com/viewjob?jk=eead1de118208df9,"","2026-02-25"
0,"","Associate - Security","TEECOM","Remote","","$110,000 - $140,000 (yearly)",jobspy_indeed,https://www.indeed.com/viewjob?jk=bb216fd04d1a8438,"","2026-02-23"
0,"","Technical Sales Engineer 1 (TSE) - East Coast","Josh.ai","Remote","","",jobspy_indeed,https://www.indeed.com/viewjob?jk=bf0d3e565706fe1e,"","2026-02-25"
0,"","Principal, Discipline Lead - Audiovisual","TEECOM","Remote","","$170,000 - $240,000 (yearly)",jobspy_indeed,https://www.indeed.com/viewjob?jk=92b9c920f050b647,"","2026-02-23"
0,"","Engineer II, Applications (Technical Customer Support)","Shure","Chicago, Illinois","","$80,500 - $128,800 (yearly)",jobspy_indeed,https://www.indeed.com/viewjob?jk=269e5cc1a9f5a1ad,"","2026-02-23"
0,"","Principal Engineer Network Design and Engineering","PARAMOUNT","New York, New York","","$175,000 - $215,000 (yearly)",jobspy_indeed,https://www.indeed.com/viewjob?jk=7c8cd1bb30df5996,"","2026-02-26"
0,"","Associate, Electrical","CMTA Consulting Engineers","New York, New York","","$115,000 - $130,000 (yearly)",jobspy_indeed,https://www.indeed.com/viewjob?jk=87b03fae24fe2378,"","2026-02-24"
0,"","Principal Software Engineer - WebRTC","Roblox","San Francisco, California","","$293,800 - $343,340 (yearly)",jobspy_indeed,https://www.indeed.com/viewjob?jk=320ea0fc91409940,"","2026-02-27"
0,"","Live Technical Launch Manager","Netflix","San Francisco, California","","$291,000 - $522,000 (yearly)",jobspy_indeed,https://www.indeed.com/viewjob?jk=fb8be170fc755641,"","2026-02-26"
0,"","Embedded Controls Engineer, Vehicle Motion","Ford Motor Company","San Francisco, California","","",jobspy_indeed,https://www.indeed.com/viewjob?jk=a808ca54b0a7e94c,"","2026-02-24"
0,"","Sr. IT Network Automation Engineer","SpaceX","Seattle, Washington","","$160,000 - $220,000 (yearly)",jobspy_indeed,https://www.indeed.com/viewjob?jk=4294df6318b9c054,"","2026-02-26"
0,"","Sr. RF Silicon Software Engineer (Starlink)","SpaceX","Seattle, Washington","","$160,000 - $220,000 (yearly)",jobspy_indeed,https://www.indeed.com/viewjob?jk=ed2eb4b75d44d728,"","2026-02-26"
0,"","Senior Manager, Network Product Architecture, Engineering & Operations","The Walt Disney Company","Los Angeles, California","","$188,400 - $252,600 (yearly)",jobspy_indeed,https://www.indeed.com/viewjob?jk=825e29b90afbf509,"","2026-02-26"
0,"","Sr. IT Network Automation Engineer","SpaceX","Los Angeles, California","","$160,000 - $220,000 (yearly)",jobspy_indeed,https://www.indeed.com/viewjob?jk=898d2fe11be0a18a,"","2026-02-26"
0,"","Senior Specialist, Integration / Test Engineer 1","L3Harris","Washington, DC","","",jobspy_indeed,https://www.indeed.com/viewjob?jk=2ba31afcba08c880,"","2026-02-27"
0,"","Senior Specialist, Project Engineering","L3Harris","Washington, DC","","",jobspy_indeed,https://www.indeed.com/viewjob?jk=699335009f1f8c09,"","2026-02-24"
0,"","IT Network Engineer","Broadcast Management Group","Washington, DC","","$100,000 - $120,000 (yearly)",jobspy_indeed,https://www.indeed.com/viewjob?jk=70e33ab59ae69fe7,"","2026-02-27"
0,"","FDI Administrator and Developer","Sinclair Broadcast Group","Washington, DC","","$110,000 - $147,000 (yearly)",jobspy_indeed,https://www.indeed.com/viewjob?jk=5177e8e339e6f62d,"","2026-02-26"
0,"","Sr Manager, Software Engineer","Paramount","United States","","",jobspy_indeed,https://www.indeed.com/viewjob?jk=47c93c5abe495919,"","2026-03-01"
0,"","Freelance - Broadcast Engineer","Ross Video","United States","","",jobspy_indeed,https://www.indeed.com/viewjob?jk=aafb576c4ef0445c,"","2026-02-28"
0,"","Chief Engineer","Cumulus Media","United States","","",jobspy_indeed,https://www.indeed.com/viewjob?jk=8474affbd6f0f0c5,"","2026-02-27"
0,"","Network Systems Comp Analyst I","Montana State University","United States","","$26 - $29 (hourly)",jobspy_indeed,https://www.indeed.com/viewjob?jk=748d00330d644bbb,"","2026-02-27"
0,"","Electrical/Electronics Engineer II (Job 1280)","DLH","United States","","$100,000 - $130,000 (yearly)",jobspy_indeed,https://www.indeed.com/viewjob?jk=df257136067b1e82,"","2026-02-27"
0,"","Chiefs Radio Network Field Assistant Engineer","Audacy, Inc.","United States","","",jobspy_indeed,https://www.indeed.com/viewjob?jk=72965a35371a9336,"","2026-02-26"
0,"","Senior Security Cyber Engineer","Encompass Digital Media","United States","","",jobspy_indeed,https://www.indeed.com/viewjob?jk=23386133108123ee,"","2026-02-26"
0,"","Tech Ops Apprentice","Liberty University","United States","","",jobspy_indeed,https://www.indeed.com/viewjob?jk=b68c901f1183dd1a,"","2026-02-26"
0,"","R1 Chief Engineer","Radio One","United States","","$80,000 - $110,000 (yearly)",jobspy_indeed,https://www.indeed.com/viewjob?jk=409004aae0f76625,"","2026-02-17"
0,"","SCSTC ET “A” School Technical Instructor","General Dynamics Information Technology","Chicago, Illinois","","$63,312 - $85,658 (yearly)",jobspy_indeed,https://www.indeed.com/viewjob?jk=ac145009500f2d83,"","2026-02-26"
0,"","Ford Dealer Technician Training Instructor","Universal Technical Institute","Chicago, Illinois","","$83,000 - $85,000 (yearly)",jobspy_indeed,https://www.indeed.com/viewjob?jk=bc3385caf39650c5,"","2026-02-24"
0,"","Business Development Executive","Mason Technologies Inc","New York, New York","","$90,000 - $120,000 (yearly)",jobspy_indeed,https://www.indeed.com/viewjob?jk=c780417fa838bb64,"","2026-02-26"
0,"","System Integrator / Technician / Installer","Digital Surroundings","New York, New York","","$20 - $40 (hourly)",jobspy_indeed,https://www.indeed.com/viewjob?jk=51a83820ea98782d,"","2026-02-25"
0,"","Nursing Simulation Technologist - Full Time","Unitek Learning","San Francisco, California","","$33 - $47 (hourly)",jobspy_indeed,https://www.indeed.com/viewjob?jk=5c481935526536d2,"","2026-02-24"
0,"","Field Service Technician","AVI-SPL","Seattle, Washington","","$30 - $36 (hourly)",jobspy_indeed,https://www.indeed.com/viewjob?jk=53d7529587a2642c,"","2026-02-23"
0,"","IT Design Specialist","Gensler","Boston, Massachusetts","","$75,000 - $85,000 (yearly)",jobspy_indeed,https://www.indeed.com/viewjob?jk=5806ef3b06d90193,"","2026-02-27"
0,"","Video and Film CTE Teacher","nan","Boston, Massachusetts","","",jobspy_indeed,https://www.indeed.com/viewjob?jk=6b95f945d2b63730,"","2026-02-26"
0,"","Engineering Intern","nan","Boston, Massachusetts","","",jobspy_indeed,https://www.indeed.com/viewjob?jk=9087df4448f3a5d1,"","2026-02-22"
0,"","Store Associate/Device Repair Technician","nan","Boston, Massachusetts","","",jobspy_indeed,https://www.indeed.com/viewjob?jk=5d5e0056bd821492,"","2026-02-27"
0,"","Senior Electrical Engineer (PE)","nan","Boston, Massachusetts","","",jobspy_indeed,https://www.indeed.com/viewjob?jk=73f1e99c5cbc873b,"","2026-02-27"
0,"","Licensed Master Electrician","nan","Boston, Massachusetts","","",jobspy_indeed,https://www.indeed.com/viewjob?jk=4b319d87e9880b9d,"","2026-02-27"
0,"","TECHNOLOGY HOSPITALITY MANAGER","Waveguide","Boston, Massachusetts","","$110,000 - $123,000 (yearly)",jobspy_indeed,https://www.indeed.com/viewjob?jk=b851da7483cd732b,"","2026-02-24"
0,"","Transporter","Beth Israel Lahey Health","Boston, Massachusetts","","$17 - $22 (hourly)",jobspy_indeed,https://www.indeed.com/viewjob?jk=3727d5fc156a18ef,"","2026-02-24"
0,"","Video & Film Production Teacher","Pawtucket School Department","Boston, Massachusetts","","",jobspy_indeed,https://www.indeed.com/viewjob?jk=b002ce872e7c173a,"","2025-11-21"
0,"","Simulation Specialist Lead","UC Irvine Health","Los Angeles, California","","$71,600 - $127,400 (yearly)",jobspy_indeed,https://www.indeed.com/viewjob?jk=88b52f586e8f1764,"","2026-02-23"
0,"","Simulation Specialist","UC Irvine Health","Los Angeles, California","","$30 - $46 (hourly)",jobspy_indeed,https://www.indeed.com/viewjob?jk=1b0499e13fab71ce,"","2026-02-23"
0,"","Communications Superintendent 1- Tysons, VA","M.C. Dean, Inc.","Washington, DC","","",jobspy_indeed,https://www.indeed.com/viewjob?jk=8604d5b6bf17c881,"","2026-02-27"
0,"","Fire Alarm Technician 3","M.C. Dean, Inc.","Washington, DC","","",jobspy_indeed,https://www.indeed.com/viewjob?jk=12ac62e0695e70a0,"","2026-02-27"
0,"","Engineering Administrative Technician","Bechtel","Washington, DC","","",jobspy_indeed,https://www.indeed.com/viewjob?jk=35a4dc30f251fea8,"","2026-02-27"
0,"","HVAC Controls Technician 4 - (U) TS/SCI - Washington, DC","M.C. Dean, Inc.","Washington, DC","","$50 - $60 (hourly)",jobspy_indeed,https://www.indeed.com/viewjob?jk=18937d4fe75959f0,"","2026-02-26"
0,"","Electronics Supervisor, Dept. of Facilities Maintenance (Turkey Thicket), 8hrs / 12mos, Closes 03-06-26","Montgomery County Public Schools, MD","Washington, DC","","$31 - $45 (hourly)",jobspy_indeed,https://www.indeed.com/viewjob?jk=eeb2da0b32e811ab,"","2026-02-25"
0,"","Traveling - Mechanical Superintendent","M.C. Dean, Inc.","Washington, DC","","$104,240 - $156,360 (yearly)",jobspy_indeed,https://www.indeed.com/viewjob?jk=350568bea677bddc,"","2026-02-23"
0,"","Simulation Technician, DeBusk College of Osteopathic Medicine","Lincoln Memorial University","United States","","",jobspy_indeed,https://www.indeed.com/viewjob?jk=60f1d963b0d2fe43,"","2026-03-02"
0,"","Endoscopy Technician","Emory Healthcare","United States","","$21 - $26 (hourly)",jobspy_indeed,https://www.indeed.com/viewjob?jk=21c79748f4556037,"","2026-03-02"
0,"","Lead VTC Technician","Information Systems Solutions","United States","","$80,000 - $90,000 (yearly)",jobspy_indeed,https://www.indeed.com/viewjob?jk=ac6e651d72143cc5,"","2026-03-02"
0,"","Assistant General Manager","nan","United States","","$25 - $35 (hourly)",jobspy_indeed,https://www.indeed.com/viewjob?jk=798520ba92d61e41,"","2026-03-02"
0,"","Industrial Electrician","nan","United States","","$25 - $35 (hourly)",jobspy_indeed,https://www.indeed.com/viewjob?jk=334ef593089da32c,"","2026-03-01"
0,"","Support Technician","Universal Music Group","United States","","$58,718 - $70,000 (yearly)",jobspy_indeed,https://www.indeed.com/viewjob?jk=15bd965668fd2d2d,"","2026-03-01"
0,"","Event Technician, Audio Visual - Norfolk Waterside Marriott","Encore Global","United States","","$14 - $18 (hourly)",jobspy_indeed,https://www.indeed.com/viewjob?jk=530736d654c09ecc,"","2026-02-27"
0,"","Event Technician, Audio Visual - Loews Arlington Hotel and Convention Center","Encore Global","United States","","$14 - $18 (hourly)",jobspy_indeed,https://www.indeed.com/viewjob?jk=a9627d7e88600954,"","2026-02-27"
0,"","Event Technician, Audio Visual - Kingston Resorts Embassy Suites","Encore Global","United States","","$15 - $20 (hourly)",jobspy_indeed,https://www.indeed.com/viewjob?jk=a8e6485eb9ccb6b4,"","2026-02-27"
0,"","Event Technical Supervisor, Sheraton Philadelphia","Encore Global","United States","","",jobspy_indeed,https://www.indeed.com/viewjob?jk=802269640fee19b9,"","2026-02-27"
0,"","Hemodialysis Patient Care Technician","NYC Health + Hospitals","New York, New York","","",jobspy_indeed,https://www.indeed.com/viewjob?jk=2d951108a7290a02,"","2026-02-27"
0,"","Manager, Business Operations and Events","Bain & Company","Seattle, Washington","","$96,500 - $116,000 (yearly)",jobspy_indeed,https://www.indeed.com/viewjob?jk=8462c5ac3d33d9f4,"","2025-12-17"
0,"","Event Lighting Technician (Lead Opportunity Available)","Phos","United States","","$25 - $35 (hourly)",jobspy_indeed,https://www.indeed.com/viewjob?jk=5e066f0d532c160e,"","2026-03-02"
0,"","AV Supervisor","WINDSOR CAPITAL GROUP","United States","","$23 - $25 (hourly)",jobspy_indeed,https://www.indeed.com/viewjob?jk=9719cf9bfe52cbb5,"","2026-02-25"
0,"","AV Lead Service Technician","nan","United States","","$32 - $38 (hourly)",jobspy_indeed,https://www.indeed.com/viewjob?jk=8ecb31ce199404cb,"","2026-02-25"
0,"","IT Technician II","Amentum","United States","","$24 - $34 (hourly)",jobspy_indeed,https://www.indeed.com/viewjob?jk=324c25cbcf263ebe,"","2026-02-25"
0,"","Hospitality Audiovisual Manager","Mills James","United States","","",jobspy_indeed,https://www.indeed.com/viewjob?jk=3791ee213a257641,"","2026-02-24"
0,"","Audio Visual Technician II","IES Communications","United States","","$25 - $30 (hourly)",jobspy_indeed,https://www.indeed.com/viewjob?jk=9abb182159f235d7,"","2026-02-24"
0,"","Multimedia Desktop Support Technician","Penn Medicine","United States","","",jobspy_indeed,https://www.indeed.com/viewjob?jk=fcbf5497dd8e8e67,"","2026-02-24"
0,"","Phlebotomy Technician- Inpatient (Full Time/Evening Shift)","Penn Medicine","United States","","",jobspy_indeed,https://www.indeed.com/viewjob?jk=501316c9297cc51a,"","2026-02-27"
0,"","Technology Audio Visual Technician I","Grand Island Casino Resort","United States","","$20 - $28 (hourly)",jobspy_indeed,https://www.indeed.com/viewjob?jk=7df68a5adbec5b5d,"","2025-07-25"
0,"","Sales - Wireless Specialist - Crown Point IN","Russell Cellular","Chicago, Illinois","","$12 - $17 (hourly)",jobspy_indeed,https://www.indeed.com/viewjob?jk=7ca15ca52aba7fff,"","2026-03-02"
0,"","IT Specialist Microsoft Server, SQL and Audio Visual","FSAV-IT","Chicago, Illinois","","",jobspy_indeed,https://www.indeed.com/viewjob?jk=54dfd64417324fe3,"","2026-03-01"
0,"","Talent Outreach Specialist","PNC Financial Services Group","Chicago, Illinois","","$45,000 - $103,800 (yearly)",jobspy_indeed,https://www.indeed.com/viewjob?jk=e5b9b15d303e6a19,"","2026-02-28"
0,"","IS Team Lead","Northwestern Medicine","Chicago, Illinois","","$47 - $66 (hourly)",jobspy_indeed,https://www.indeed.com/viewjob?jk=aec162713cb72c58,"","2026-02-27"
0,"","Patient Access Specialist-McHenry Woodstock Casual Days and Evenings","Northwestern Medicine","Chicago, Illinois","","$18 - $27 (hourly)",jobspy_indeed,https://www.indeed.com/viewjob?jk=b2d479eeb15dc0c3,"","2026-02-26"
0,"","Hospitality Agent I Full time Days","Northwestern Medicine","Chicago, Illinois","","$18 - $27 (hourly)",jobspy_indeed,https://www.indeed.com/viewjob?jk=c290ed9fb44ff599,"","2026-02-26"
0,"","Hospitality Agent I Part time Mid Shift","Northwestern Medicine","Chicago, Illinois","","$18 - $27 (hourly)",jobspy_indeed,https://www.indeed.com/viewjob?jk=3eb40f8a69c25777,"","2026-02-23"
0,"","Partner Alliance Specialist","Sentinel Technologies, Inc.","Chicago, Illinois","","$40,000 - $50,000 (yearly)",jobspy_indeed,https://www.indeed.com/viewjob?jk=7f7cf3fc74b4364b,"","2026-02-27"
0,"","Account Manager","BISCO, Inc.","Chicago, Illinois","","$73,000 - $86,000 (yearly)",jobspy_indeed,https://www.indeed.com/viewjob?jk=08e10cc796c9f4b3,"","2026-02-27"
0,"","Simulation Operations Specialist","Northeastern Illinois University","Chicago, Illinois","","",jobspy_indeed,https://www.indeed.com/viewjob?jk=c5357d7cd53fea2f,"","2026-02-27"
0,"","Lead Manager- Real Estate Investing","House Buyers of America","Chicago, Illinois","","$60,000 - $95,000 (yearly)",jobspy_indeed,https://www.indeed.com/viewjob?jk=27fc46561ec815fd,"","2026-02-27"
0,"","Sales Manager – Higher Education West","CDW","Chicago, Illinois","","$80,000 - $120,000 (yearly)",jobspy_indeed,https://www.indeed.com/viewjob?jk=7dad857937db0f64,"","2026-02-26"
0,"","New Account Manager","CSA Group","Chicago, Illinois","","",jobspy_indeed,https://www.indeed.com/viewjob?jk=35cafb0f912751bf,"","2026-02-26"
0,"","Class A CDL Delivery Specialist","HOH Water Technology","Chicago, Illinois","","$28 - $31 (hourly)",jobspy_indeed,https://www.indeed.com/viewjob?jk=7fdf13ece302a0ba,"","2026-02-26"
0,"","Community Outreach Specialist","Street Samaritans","Chicago, Illinois","","",jobspy_indeed,https://www.indeed.com/viewjob?jk=175d1476ef253275,"","2026-02-26"
0,"","CNC Machine Operators Level 1 & 2 (1st & 2nd Shifts)","Ingersoll-Rand","Chicago, Illinois","","$23 - $31 (hourly)",jobspy_indeed,https://www.indeed.com/viewjob?jk=0bfcb849d5eb0c73,"","2026-02-26"
0,"","Senior Salesforce Developer","Oncourse Home Solutions","Chicago, Illinois","","$116,365 - $157,500 (yearly)",jobspy_indeed,https://www.indeed.com/viewjob?jk=25456dc7b006807e,"","2026-02-26"
0,"","Channel Marketing Specialist","Bosch","Chicago, Illinois","","$66,800 - $76,200 (yearly)",jobspy_indeed,https://www.indeed.com/viewjob?jk=21b8b650529b59b8,"","2026-02-26"
0,"","Medical Education Coordinator (Hybrid/Remote)","American College of Osteopathic Family Physicians","Chicago, Illinois","","$58,000 - $65,000 (yearly)",jobspy_indeed,https://www.indeed.com/viewjob?jk=d58724ff056d26c7,"","2026-02-26"
0,"","Sr Manager Service Delivery (Customer Service)","Ulta","Chicago, Illinois","","$119,300 - $150,000 (yearly)",jobspy_indeed,https://www.indeed.com/viewjob?jk=e12a9f2bf39b0015,"","2026-02-25"
0,"","Senior Wealth Planner","Rockefeller Capital Management","Chicago, Illinois","","$200,000 - $225,000 (yearly)",jobspy_indeed,https://www.indeed.com/viewjob?jk=036cedae4a781ecd,"","2026-02-23"
0,"","ServiceNow - IT Operations Management (ITOM) Manager - Tech Consulting - Open Location","EY","Chicago, Illinois","","$142,600 - $297,200 (yearly)",jobspy_indeed,https://www.indeed.com/viewjob?jk=158dbf761fcc4548,"","2026-02-05"
0,"","People Operations Specialist (Americas)","Wrike","New York, New York","","$80,000 - $85,000 (yearly)",jobspy_indeed,https://www.indeed.com/viewjob?jk=b06b5edc8510598a,"","2026-03-02"
0,"","Sales - Wireless Specialist, West Islip-NY","Russell Cellular","New York, New York","","$17 - $23 (hourly)",jobspy_indeed,https://www.indeed.com/viewjob?jk=5fbd06e6ed9fc668,"","2026-03-02"
0,"","Lead Teacher, Grade 1-3","St Lukes School","New York, New York","","$80,981 - $98,829 (yearly)",jobspy_indeed,https://www.indeed.com/viewjob?jk=e15da05048f465eb,"","2026-03-01"
0,"","Account Executive - Brooklyn","Paycom","New York, New York","","$80,000 - $100,000 (yearly)",jobspy_indeed,https://www.indeed.com/viewjob?jk=61d8325e673bba8b,"","2026-03-01"
0,"","Strategic Account Manager - New Jersey","Paycom","New York, New York","","",jobspy_indeed,https://www.indeed.com/viewjob?jk=6adf84c6fcd6e0db,"","2026-03-01"
0,"","Sales - Wireless Specialist - Montvale, NJ","Russell Cellular","New York, New York","","$16 - $21 (hourly)",jobspy_indeed,https://www.indeed.com/viewjob?jk=d3be418a242ba1c3,"","2026-03-01"
0,"","Music Teacher","nan","New York, New York","","$60,000 - $85,000 (yearly)",jobspy_indeed,https://www.indeed.com/viewjob?jk=efc08f1749f08a18,"","2026-02-28"
0,"","OUTREACH LEAD","NYC Human Resources Administration","New York, New York","","$62,868 - $97,593 (yearly)",jobspy_indeed,https://www.indeed.com/viewjob?jk=c076d2be1f7b94e5,"","2026-02-28"
0,"","Customer Relations Specialist I, PSA","Collectors","New York, New York","","",jobspy_indeed,https://www.indeed.com/viewjob?jk=e8a8cd2ab3d7174d,"","2026-02-28"
0,"","Sales - Wireless Specialist - Lindenhurst, NY","Russell Cellular","New York, New York","","$17 - $22 (hourly)",jobspy_indeed,https://www.indeed.com/viewjob?jk=e019288771235cdc,"","2026-02-28"
0,"","Global Security Specialist (Event Security Associate)","Dow Jones","New York, New York","","$90 - $112 (hourly)",jobspy_indeed,https://www.indeed.com/viewjob?jk=dfd977c3051f4650,"","2026-02-28"
0,"","Retail Inventory Associate – Driver","WIS International","New York, New York","","$17 - $22 (hourly)",jobspy_indeed,https://www.indeed.com/viewjob?jk=4bd8f52180ec0bb3,"","2026-02-27"
0,"","Associate Product Operations Specialist","SiriusXM","New York, New York","","$67,000 - $85,000 (yearly)",jobspy_indeed,https://www.indeed.com/viewjob?jk=82b35bad179c11d4,"","2026-02-27"
0,"","STEM - Activity Specialist","nan","New York, New York","","$24 - $35 (hourly)",jobspy_indeed,https://www.indeed.com/viewjob?jk=409d45d4a4325873,"","2026-02-27"
0,"","Partner 22, Communications","Andreessen Horowitz","New York, New York","","$264,000 - $308,000 (yearly)",jobspy_indeed,https://www.indeed.com/viewjob?jk=8f92477a999020d3,"","2026-02-27"
0,"","Junior Technology Learning & Development Specialist","Skadden, Arps, Slate, Meagher & Flom LLP & Affiliates","New York, New York","","$65,000 - $70,000 (yearly)",jobspy_indeed,https://www.indeed.com/viewjob?jk=5c7ac8da92378293,"","2026-02-27"
0,"","Spclst, Legal Support","Merck","New York, New York","","$87,300 - $137,400 (yearly)",jobspy_indeed,https://www.indeed.com/viewjob?jk=26e0ed635108d10d,"","2026-02-27"
0,"","Screening Sales Representative - Brooklyn, NY","Exact Sciences","New York, New York","","$81,000 - $121,000 (yearly)",jobspy_indeed,https://www.indeed.com/viewjob?jk=0aded01b66b09f25,"","2026-02-26"
0,"","Sr. Specialist SA - GenAI/ML, ASPI","Amazon Web Services","New York, New York","","$169,000 - $228,600 (yearly)",jobspy_indeed,https://www.indeed.com/viewjob?jk=800514a137b29b19,"","2026-02-19"
0,"","Sr. Specialist BD - Migration/Modernization","Amazon Web Services","New York, New York","","$162,700 - $220,200 (yearly)",jobspy_indeed,https://www.indeed.com/viewjob?jk=796081f0e4355625,"","2026-02-16"
0,"","Senior Audio Visual Event Production Manager","Convene","San Francisco, California","","$100,000 - $110,000 (yearly)",jobspy_indeed,https://www.indeed.com/viewjob?jk=d5996d1cef28b993,"","2026-03-02"
0,"","Instruction and Outreach Librarian - Bancroft Library","University of California Berkeley","San Francisco, California","","$80,349 - $107,708 (yearly)",jobspy_indeed,https://www.indeed.com/viewjob?jk=cab58a305bd5d867,"","2026-03-01"
0,"","Audio Visual Event Technology Manager","Convene","San Francisco, California","","$90,000 - $95,000 (yearly)",jobspy_indeed,https://www.indeed.com/viewjob?jk=5d5ce4cca76e351a,"","2026-03-01"
0,"","Account Executive - San Francisco","Paycom","San Francisco, California","","$80,000 - $100,000 (yearly)",jobspy_indeed,https://www.indeed.com/viewjob?jk=be308d6a7d5bd422,"","2026-03-01"
0,"","Account Executive - Silicon Valley","Paycom","San Francisco, California","","$80,000 - $100,000 (yearly)",jobspy_indeed,https://www.indeed.com/viewjob?jk=6ec6686035336eed,"","2026-03-01"
0,"","Strategic Account Manager - San Francisco","Paycom","San Francisco, California","","",jobspy_indeed,https://www.indeed.com/viewjob?jk=7a21c2d58a373f7f,"","2026-03-01"
0,"","Facilities Management Specialist (4896C), College of Natural Resources - 84713","University of California Berkeley","San Francisco, California","","$98,600 - $125,000 (yearly)",jobspy_indeed,https://www.indeed.com/viewjob?jk=199164e2c5aad915,"","2026-02-28"
0,"","Senior Public Relations Specialist","ASUS COMPUTER INTERNATIONAL","San Francisco, California","","$78,640 - $90,000 (yearly)",jobspy_indeed,https://www.indeed.com/viewjob?jk=02fb53d7038c3120,"","2026-02-28"
0,"","Community Safety Specialist","Community Youth Center of San Francisco","San Francisco, California","","$25 - $28 (hourly)",jobspy_indeed,https://www.indeed.com/viewjob?jk=2cf0eca83b09cdad,"","2026-02-28"
0,"","Senior React Native / Expo Engineer","Mochi Health","San Francisco, California","","$230,000 - $330,000 (yearly)",jobspy_indeed,https://www.indeed.com/viewjob?jk=a1e3eafcc6c31cf8,"","2026-02-28"
0,"","Building Manager","Stanford University","San Francisco, California","","$112,502 - $136,592 (yearly)",jobspy_indeed,https://www.indeed.com/viewjob?jk=3ac5eec2139ae923,"","2026-02-27"
0,"","Senior Executive Engagement Specialist","Palo Alto Networks","San Francisco, California","","",jobspy_indeed,https://www.indeed.com/viewjob?jk=208688820405cf68,"","2026-02-27"
0,"","Sr Engineering Specialist","Seagate Technology","San Francisco, California","","$38 - $55 (hourly)",jobspy_indeed,https://www.indeed.com/viewjob?jk=444cb1b8f6f2bf1c,"","2026-02-27"
0,"","Office Support Specialist","Santa Clara University","San Francisco, California","","",jobspy_indeed,https://www.indeed.com/viewjob?jk=5a5c4abe68fa700e,"","2026-02-27"
0,"","Partner 22, Communications, Crypto","a16z","San Francisco, California","","$264,000 - $308,000 (yearly)",jobspy_indeed,https://www.indeed.com/viewjob?jk=bbfe0e83fc49a145,"","2026-02-27"
0,"","Practice Support Specialist","Wilson, Sonsini, Goodrich & Rosati","San Francisco, California","","$49 - $66 (hourly)",jobspy_indeed,https://www.indeed.com/viewjob?jk=0383eb0b3641f396,"","2026-02-27"
0,"","Practice Support Specialist","Wilson Sonsini Goodrich & Rosati","San Francisco, California","","$49 - $66 (hourly)",jobspy_indeed,https://www.indeed.com/viewjob?jk=d26f31813fd1d6cc,"","2026-02-27"
0,"","Child Life Specialist","University of California - San Francisco","San Francisco, California","","$40 - $54 (hourly)",jobspy_indeed,https://www.indeed.com/viewjob?jk=c3c7833b95a31aaa,"","2026-02-27"
0,"","HP PC Sales Representative","2020 Companies","San Francisco, California","","",jobspy_indeed,https://www.indeed.com/viewjob?jk=2d6d09de3bfd0153,"","2026-02-27"
0,"","Technology and AV Specialist","creatv","San Francisco, California","","$33 - $39 (hourly)",jobspy_indeed,https://www.indeed.com/viewjob?jk=1fc9eafe44a028ec,"","2026-02-27"
0,"","IT Senior Analyst - Disaster Recovery","University of California - San Francisco","San Francisco, California","","$90,700 - $193,500 (yearly)",jobspy_indeed,https://www.indeed.com/viewjob?jk=625ce5da266b7549,"","2026-02-27"
0,"","Laboratory Specialist V, Quality, Compliance, Research & Development","Kaiser Permanente","San Francisco, California","","$188,000 - $216,700 (yearly)",jobspy_indeed,https://www.indeed.com/viewjob?jk=da978c0ab6c96a9b,"","2026-02-26"
0,"","Veterans Stabilization Case Manager II","nan","San Francisco, California","","$30 - $32 (hourly)",jobspy_indeed,https://www.indeed.com/viewjob?jk=1f36f966ff88a3ba,"","2026-02-26"
0,"","Rapid Response Lead - USDS","TikTok","San Francisco, California","","$117,334 - $217,023 (yearly)",jobspy_indeed,https://www.indeed.com/viewjob?jk=3ba9ca6326c38e06,"","2026-02-26"
0,"","Senior ABM Specialist - Remote Work (USA)","BairesDev","San Francisco, California","","",jobspy_indeed,https://www.indeed.com/viewjob?jk=6d6ded750e1ab456,"","2026-02-15"
0,"","Health/Wellness Coach – Brain Fitness | $23/hr | Flexible Schedule","Mindeo","Seattle, Washington","","",jobspy_indeed,https://www.indeed.com/viewjob?jk=35b8bc4a7936dbca,"","2026-03-02"
0,"","Account Executive - Extended Territory - Seattle","Paycom","Seattle, Washington","","$80,000 - $100,000 (yearly)",jobspy_indeed,https://www.indeed.com/viewjob?jk=af865d5d56c3101c,"","2026-03-01"
0,"","Engineering Manager, Control System Integration","Barry Wehmiller Companies Inc","Seattle, Washington","","$150,000 - $185,000 (yearly)",jobspy_indeed,https://www.indeed.com/viewjob?jk=c073768224fe0853,"","2026-02-28"
0,"","Office Management Specialist","nan","Seattle, Washington","","$32 - $36 (hourly)",jobspy_indeed,https://www.indeed.com/viewjob?jk=2e4c923bb7b00343,"","2026-02-27"
0,"","Sr. Program Specialist, Contingent Labor","The Pokémon Company International","Seattle, Washington","","$128,000 - $191,000 (yearly)",jobspy_indeed,https://www.indeed.com/viewjob?jk=7903b47b9772c311,"","2026-02-27"
0,"","Physical Therapist Outpatient","Valley Medical Center","Seattle, Washington","","$94,894 - $156,575 (yearly)",jobspy_indeed,https://www.indeed.com/viewjob?jk=de76dbcafe283938,"","2026-02-27"
0,"","Emergency Preparedness Specialist","Valley Medical Center","Seattle, Washington","","$78,425 - $117,637 (yearly)",jobspy_indeed,https://www.indeed.com/viewjob?jk=a7e64016ef477f60,"","2026-02-27"
0,"","Lead Manager- Real Estate Investing","House Buyers of America","Seattle, Washington","","$60,000 - $95,000 (yearly)",jobspy_indeed,https://www.indeed.com/viewjob?jk=66a5b0062b88707a,"","2026-02-27"
0,"","Patient Experience (PX) Advisor - Healthcare","Press Ganey","Seattle, Washington","","$81,000 - $115,000 (yearly)",jobspy_indeed,https://www.indeed.com/viewjob?jk=3a9b363bc08d5b85,"","2026-02-27"
0,"","Digital Services Support Specialist","O Bee Credit Union","Seattle, Washington","","$31 - $46 (hourly)",jobspy_indeed,https://www.indeed.com/viewjob?jk=620c30c1901edda1,"","2026-02-26"
0,"","Feed Sales Specialist","Land O'Lakes","Seattle, Washington","","$87,000 - $107,000 (yearly)",jobspy_indeed,https://www.indeed.com/viewjob?jk=407b72c6209e61b6,"","2026-02-26"
0,"","System Development Engineer, Hardware Engineering Services","Amazon Web Services","Seattle, Washington","","$129,200 - $174,800 (yearly)",jobspy_indeed,https://www.indeed.com/viewjob?jk=8491ef91679275b7,"","2026-02-26"
0,"","Fitness Zone Attendant","City Of Redmond, Washington","Seattle, Washington","","$24 - $45 (hourly)",jobspy_indeed,https://www.indeed.com/viewjob?jk=3fb9073495e192d1,"","2026-02-26"
0,"","Engineering Analyst, Trust and Safety, Gemini and Labs","Google","Seattle, Washington","","$147,000 - $216,000 (yearly)",jobspy_indeed,https://www.indeed.com/viewjob?jk=aaef4c6f1b038acd,"","2026-02-26"
0,"","Senior Enterprise Security Technical Analyst, Workspace","Google","Seattle, Washington","","$147,000 - $216,000 (yearly)",jobspy_indeed,https://www.indeed.com/viewjob?jk=44dc54aa5fadea82,"","2026-02-26"
0,"","Senior Engineering Analyst, Safe Browsing, Applied AI","Google","Seattle, Washington","","$147,000 - $216,000 (yearly)",jobspy_indeed,https://www.indeed.com/viewjob?jk=d7d91dd109b7acd9,"","2026-02-26"
0,"","Aegis Anti-Air Warfare Coordinator (AAWC) & Anti-Surface Coordinator (ASUWC)","General Dynamics Information Technology","Seattle, Washington","","$85,000 - $115,000 (yearly)",jobspy_indeed,https://www.indeed.com/viewjob?jk=73b4298653c35611,"","2026-02-26"
0,"","Assets Protection Specialist","Target","Seattle, Washington","","$26 - $45 (hourly)",jobspy_indeed,https://www.indeed.com/viewjob?jk=687127de7f5b439d,"","2026-02-25"
0,"","Client Manager, Senior","Coastal Community Bank","Seattle, Washington","","$113,169 - $141,462 (yearly)",jobspy_indeed,https://www.indeed.com/viewjob?jk=ad7adb4a12e6be96,"","2026-02-24"
0,"","Global Crisis Incident Manager (GCIM)","Microsoft","Seattle, Washington","","$96,500 - $206,400 (yearly)",jobspy_indeed,https://www.indeed.com/viewjob?jk=885f6ddbe0d8dfa4,"","2026-02-19"
0,"","Front End Engineer II, AWS Marketplace","Amazon Web Services","Seattle, Washington","","$143,700 - $194,400 (yearly)",jobspy_indeed,https://www.indeed.com/viewjob?jk=0e768f8d6db0d271,"","2026-02-18"
0,"","Sr. Trade Manager, NAM, AWS Compliance & Security Assurance","Amazon Web Services","Seattle, Washington","","$119,300 - $208,900 (yearly)",jobspy_indeed,https://www.indeed.com/viewjob?jk=21aa7cf9ae6dfe8c,"","2026-02-12"
0,"","Sales - Wireless Specialist - Beverly, MA","Russell Cellular","Boston, Massachusetts","","$15 - $20 (hourly)",jobspy_indeed,https://www.indeed.com/viewjob?jk=db121d22152b033b,"","2026-03-02"
0,"","Sales - Wireless Specialist - Nashua, NH","Russell Cellular","Boston, Massachusetts","","$12 - $17 (hourly)",jobspy_indeed,https://www.indeed.com/viewjob?jk=32dbe5b961409ac9,"","2026-03-01"
0,"","Marketing QA Team Lead","DraftKings","Boston, Massachusetts","","$90,300 - $112,800 (yearly)",jobspy_indeed,https://www.indeed.com/viewjob?jk=a7f1f834bc02525c,"","2026-02-28"
0,"","Recruiting Intern","Walker Healthforce","Boston, Massachusetts","","",jobspy_indeed,https://www.indeed.com/viewjob?jk=7385490e2d81c146,"","2026-02-27"
0,"","Senior Graphic Designer","Isabella Stewart Gardner Museum","Boston, Massachusetts","","$81,000 - $90,000 (yearly)",jobspy_indeed,https://www.indeed.com/viewjob?jk=92d1bc852f8c419e,"","2026-02-27"
0,"","Specialist, Trade Marketing - US","CCM Hockey","Boston, Massachusetts","","",jobspy_indeed,https://www.indeed.com/viewjob?jk=c9299155b6347f6b,"","2026-02-27"
0,"","Mental Health Outreach Coordinator - Clinical & Business Referral Development (Remote with Travel, Boston Territory)","nan","Boston, Massachusetts","","$52,000 - $58,000 (yearly)",jobspy_indeed,https://www.indeed.com/viewjob?jk=a95ec25c06a16d84,"","2026-02-27"
0,"","Marketing Operations Specialist","4M Building Solutions","Boston, Massachusetts","","$85,000 - $90,000 (yearly)",jobspy_indeed,https://www.indeed.com/viewjob?jk=49220f1a3230bd50,"","2026-02-27"
0,"","Marketing Communication Specialist, Pharma, Biopharma, Life Science Research","SCIEX","Boston, Massachusetts","","$80,000 - $95,000 (yearly)",jobspy_indeed,https://www.indeed.com/viewjob?jk=5874a688e7bdf9a1,"","2026-02-27"
0,"","Marketing Communication Specialist, Capillary Electrophoresis, and Aftermarket","SCIEX","Boston, Massachusetts","","$80,000 - $95,000 (yearly)",jobspy_indeed,https://www.indeed.com/viewjob?jk=d1afe9a570089a98,"","2026-02-27"
0,"","Clinical Research Monitoring Specialist","Edwards Lifesciences","Boston, Massachusetts","","$87,000 - $123,000 (yearly)",jobspy_indeed,https://www.indeed.com/viewjob?jk=86c972d8be75696f,"","2026-02-27"
0,"","Fundraising Operations Manager - Nonprofit","Mercy House","Los Angeles, California","","$70,000 - $75,000 (yearly)",jobspy_indeed,https://www.indeed.com/viewjob?jk=237617858a8fe2f1,"","2026-03-01"
0,"","Account Executive - Orange County Irvine","Paycom","Los Angeles, California","","$80,000 - $100,000 (yearly)",jobspy_indeed,https://www.indeed.com/viewjob?jk=9d625d3724f31468,"","2026-03-01"
0,"","Account Executive - Los Angeles","Paycom","Los Angeles, California","","$80,000 - $100,000 (yearly)",jobspy_indeed,https://www.indeed.com/viewjob?jk=17402d90f5299049,"","2026-03-01"
0,"","IT Support Specialist/Trainer","Musick, Peeler & Garrett LLP","Los Angeles, California","","$115,000 - $135,000 (yearly)",jobspy_indeed,https://www.indeed.com/viewjob?jk=ed408c84055ac0fb,"","2026-02-28"
0,"","Senior Director, Paid Marketing","AXS","Los Angeles, California","","$141,090 - $210,000 (yearly)",jobspy_indeed,https://www.indeed.com/viewjob?jk=4e5056943c4127ed,"","2026-02-28"
0,"","Senior Director, Paid Marketing - AXS","AEG Worldwide","Los Angeles, California","","$141,090 - $210,000 (yearly)",jobspy_indeed,https://www.indeed.com/viewjob?jk=cec2b8dfc8843587,"","2026-02-28"
0,"","E-Commerce Shopify/D2B Marketing Specialist","TP-LINK","Los Angeles, California","","",jobspy_indeed,https://www.indeed.com/viewjob?jk=4e05f1a222e175a2,"","2026-02-28"
0,"","IT Training Specialist (Los Angeles)","Career Consulting Partners, LLC","Los Angeles, California","","$110,000 - $140,000 (yearly)",jobspy_indeed,https://www.indeed.com/viewjob?jk=88d51704731efb9f,"","2026-02-27"
0,"","Special Education Teacher","Lifelong Learning","Los Angeles, California","","$68,900 - $100,700 (yearly)",jobspy_indeed,https://www.indeed.com/viewjob?jk=467edea0b7989f37,"","2026-02-27"
0,"","Customer Experience Specialist - Nordstrom Local Newport Beach","Nordstrom","Los Angeles, California","","$20 - $21 (hourly)",jobspy_indeed,https://www.indeed.com/viewjob?jk=037bdd3c4b446ab4,"","2026-02-27"
0,"","Byram Healthcare Distribution Specialist","Byram Healthcare","Los Angeles, California","","",jobspy_indeed,https://www.indeed.com/viewjob?jk=0172ad56a9e5ce66,"","2026-02-27"
0,"","Target Security Specialist","Target","Los Angeles, California","","",jobspy_indeed,https://www.indeed.com/viewjob?jk=be58e41c10e4ab76,"","2026-02-27"
0,"","Target Security Specilist","Target","Los Angeles, California","","",jobspy_indeed,https://www.indeed.com/viewjob?jk=76e4d1470a9fa619,"","2026-02-26"
0,"","Target Security Specialist - Regional Distribution Center - Rialto, CA","Target","Los Angeles, California","","$17 - $30 (hourly)",jobspy_indeed,https://www.indeed.com/viewjob?jk=f795bb19e082f086,"","2026-02-27"
0,"","Lead Manager- Real Estate Investing","House Buyers of America","Los Angeles, California","","$60,000 - $95,000 (yearly)",jobspy_indeed,https://www.indeed.com/viewjob?jk=44f827d35f3814e0,"","2026-02-27"
0,"","Retail Sales Support Specialist - Levi's Impulse Denim Collection, Brea - Part Time","Macy's","Los Angeles, California","","$16 - $21 (hourly)",jobspy_indeed,https://www.indeed.com/viewjob?jk=a63e7d9f6f5dc81f,"","2026-02-26"
0,"","Business Development Assistant - IP","Haynes and Boone, LLP","Los Angeles, California","","$63,000 - $68,000 (yearly)",jobspy_indeed,https://www.indeed.com/viewjob?jk=4b57065a333908f1,"","2026-02-26"
0,"","Business Development Coordinator","Haynes and Boone, LLP","Los Angeles, California","","$70,000 - $75,000 (yearly)",jobspy_indeed,https://www.indeed.com/viewjob?jk=7d68e31459ddaf29,"","2026-02-26"
0,"","Security Engineer","Citizens Business Bank","Los Angeles, California","","$87,612 - $124,846 (yearly)",jobspy_indeed,https://www.indeed.com/viewjob?jk=743a310495b0f120,"","2026-02-26"
0,"","IT Support Specialist","THE DOT PRINTER","Los Angeles, California","","$28 - $31 (hourly)",jobspy_indeed,https://www.indeed.com/viewjob?jk=53d7d70ffa54796d,"","2026-02-26"
0,"","Senior Digital Marketing Specialist","RxSight","Los Angeles, California","","$90,000 - $110,000 (yearly)",jobspy_indeed,https://www.indeed.com/viewjob?jk=cb4a243a24ce3076,"","2026-02-26"
0,"","Transfer Access Couselor - OREP #688271238","Cal Poly Pomona Foundation, Inc.","Los Angeles, California","","",jobspy_indeed,https://www.indeed.com/viewjob?jk=f12d5111a9033303,"","2026-02-26"
0,"","Clinical Engineering Admin Asst/Field Support Specialist","TRIMEDX","Los Angeles, California","","$26 - $32 (hourly)",jobspy_indeed,https://www.indeed.com/viewjob?jk=8e9bd8d0f93e64ae,"","2026-02-26"
0,"","Sales - Wireless Specialist - La Plata, MD","Russell Cellular","Washington, DC","","$15 - $20 (hourly)",jobspy_indeed,https://www.indeed.com/viewjob?jk=ca370f5153a189e6,"","2026-03-02"
0,"","Sales - Wireless Specialist - Fairfax, VA","Russell Cellular","Washington, DC","","$15 - $20 (hourly)",jobspy_indeed,https://www.indeed.com/viewjob?jk=ee0d5f41b05fced2,"","2026-03-01"
0,"","Sales- Wireless Specialist- NW Washington DC","Russell Cellular","Washington, DC","","$17 - $22 (hourly)",jobspy_indeed,https://www.indeed.com/viewjob?jk=c0a450a58cf5f032,"","2026-03-02"
0,"","Integration Specialist","Eastern Lift Truck","Washington, DC","","$80,000 - $120,000 (yearly)",jobspy_indeed,https://www.indeed.com/viewjob?jk=9f1adf3dd19feda7,"","2026-03-01"
0,"","Project Delivery Specialist - Guidewire Tech Lead","Deloitte","Washington, DC","","$113,325 - $188,875 (yearly)",jobspy_indeed,https://www.indeed.com/viewjob?jk=ca00610f6f2ecfe6,"","2026-02-28"
0,"","Day Camp Activity Specialist--Pediatric Cancer Day Camp","Jewish Community Center of Northern Virginia","Washington, DC","","",jobspy_indeed,https://www.indeed.com/viewjob?jk=c8e87f8b9d5aff00,"","2026-02-28"
0,"","Youth Prevention Specialist (Social Services Specialist II)","Fairfax County Government","Washington, DC","","$65,474 - $109,124 (yearly)",jobspy_indeed,https://www.indeed.com/viewjob?jk=5f2d12eb4763783d,"","2026-02-28"
0,"","Social Services Specialist III - Healthy Families","Fairfax County Government","Washington, DC","","$72,125 - $120,208 (yearly)",jobspy_indeed,https://www.indeed.com/viewjob?jk=a674ca36478a31c6,"","2026-02-28"
0,"","Social Services Specialist III - Healthy Families","Fairfax County","Washington, DC","","$72,125 - $120,208 (yearly)",jobspy_indeed,https://www.indeed.com/viewjob?jk=2e149d29ba6f9056,"","2026-02-28"
0,"","Configuration Senior Specialist","NTT DATA","Washington, DC","","$78,948 - $164,476 (yearly)",jobspy_indeed,https://www.indeed.com/viewjob?jk=a562914f59f79d15,"","2026-02-28"
0,"","Systems Integration Specialist","NTT DATA","Washington, DC","","$68,076 - $141,826 (yearly)",jobspy_indeed,https://www.indeed.com/viewjob?jk=aaca1a4613aa1005,"","2026-02-28"
0,"","Network Support Specialist","NTT DATA","Washington, DC","","$61,668 - $128,476 (yearly)",jobspy_indeed,https://www.indeed.com/viewjob?jk=3917a16b8ccd3a90,"","2026-02-28"
0,"","Field Tech Specialist","NTT DATA","Washington, DC","","$61,668 - $128,476 (yearly)",jobspy_indeed,https://www.indeed.com/viewjob?jk=012e90f7d2682632,"","2026-02-28"
0,"","VisionWalk Assistant","Foundation Fighting Blindness","Washington, DC","","$50,000 - $55,000 (yearly)",jobspy_indeed,https://www.indeed.com/viewjob?jk=8a5bb79469fc4b76,"","2026-02-27"
0,"","Lead, AI Platform Engineer","Humana","Washington, DC","","$170,800 - $234,800 (yearly)",jobspy_indeed,https://www.indeed.com/viewjob?jk=d37f0431acd24b1b,"","2026-02-27"
0,"","Retail Inventory Associate - Driver","WIS International","United States","","$12 - $14 (hourly)",jobspy_indeed,https://www.indeed.com/viewjob?jk=4a3a581e4798e530,"","2026-03-02"
0,"","Event Producer","Trolley Hospitality Companies","United States","","",jobspy_indeed,https://www.indeed.com/viewjob?jk=3de9162003ee9d0f,"","2026-03-02"
0,"","Technology Operations Manager","Lane Education Service District","United States","","$107,624 - $128,488 (yearly)",jobspy_indeed,https://www.indeed.com/viewjob?jk=9027b17667ee3bfd,"","2026-03-02"
0,"","Technical Support Specialist (TSS Leve II)","Dhara Consulting Group","United States","","",jobspy_indeed,https://www.indeed.com/viewjob?jk=3f194d0b2beae5df,"","2026-03-02"
0,"","Surge Support - Technical Support Specialists","Dhara Consulting Group","United States","","",jobspy_indeed,https://www.indeed.com/viewjob?jk=ca097a2275fa0064,"","2026-03-02"
0,"","Cardiovascular Technician II RCIS","HCA Florida Citrus Hospital","United States","","",jobspy_indeed,https://www.indeed.com/viewjob?jk=4198757875a88244,"","2026-03-02"
0,"","RN- NICU nights","Medical City Healthcare","United States","","",jobspy_indeed,https://www.indeed.com/viewjob?jk=7198ba91d5c6183f,"","2026-03-02"
0,"","Middle School Administrative Specialist-Bookkeeper","Cape Elizabeth School Department","United States","","",jobspy_indeed,https://www.indeed.com/viewjob?jk=013b4f01fd5e5d53,"","2026-02-23"
0,"","Experienced Territory Sales Representative - New Markets","Best Choice Roofing","United States","","$63,000 - $120,000 (yearly)",jobspy_indeed,https://www.indeed.com/viewjob?jk=2c9cfcf4328d59d9,"","2026-01-31"
0,"","Marriott Minneapolis Northwest - House Attendant","Aimbridge Hospitality","United States","","",jobspy_indeed,https://www.indeed.com/viewjob?jk=e229fa7f4487cd57,"","2026-01-31"
0,"","Sheraton Minneapolis Downtown - Housekeeping Manager OEM","Aimbridge Hospitality","United States","","",jobspy_indeed,https://www.indeed.com/viewjob?jk=3c0b6a5032724397,"","2026-01-31"
0,"","Clinical Research Specialist","Houston Methodist","United States","","",jobspy_indeed,https://www.indeed.com/viewjob?jk=3b378f63d254cbe5,"","2026-01-30"
0,"","Director of Operations & Client Services; Independent RIA","BP Executive Consultants","Remote","","",jobspy_indeed,https://www.indeed.com/viewjob?jk=292007e3758228c5,"","2026-03-01"
0,"","Senior Medical Science Liaison / Medical Science Liaison (Remote - AZ, NM, CO) # 4548","GRAIL","Remote","","$159,000 - $211,000 (yearly)",jobspy_indeed,https://www.indeed.com/viewjob?jk=21c0b01bc681ab48,"","2026-02-28"
0,"","Senior Medical Science Liaison / Medical Science Liaison (OH, Western PA, Indiana, Kentucky, Nashville) # 4463","GRAIL","Remote","","$159,000 - $211,000 (yearly)",jobspy_indeed,https://www.indeed.com/viewjob?jk=1925b4971aed4ee5,"","2026-02-27"
0,"","Senior Medical Science Liaison / Medical Science Liaison ( Remote MO, IA, NE, MN) # 4547","GRAIL","Remote","","$165,000 - $206,000 (yearly)",jobspy_indeed,https://www.indeed.com/viewjob?jk=3efc29e86ce63cde,"","2026-02-28"
0,"","Senior Medical Science Liaison / Medical Science Liaison ( Remote FL) # 4546","GRAIL","Remote","","$165,000 - $206,000 (yearly)",jobspy_indeed,https://www.indeed.com/viewjob?jk=c53a707c0fdc05e8,"","2026-02-27"
0,"","Workforce Management Specialist","Integra Partners","Remote","","$55,000 - $55,001 (yearly)",jobspy_indeed,https://www.indeed.com/viewjob?jk=ac4243f13b8624e7,"","2026-02-27"
0,"","Marketing Specialist II - Education Services","Nelnet","Remote","","$70,000 - $75,000 (yearly)",jobspy_indeed,https://www.indeed.com/viewjob?jk=e5912b02f031d4d7,"","2026-02-27"
0,"","Contact Center Business Development Manager","Zoom Communications","Remote","","$92,800 - $185,600 (yearly)",jobspy_indeed,https://www.indeed.com/viewjob?jk=64916719c0cdc56f,"","2026-02-27"
0,"","Slate Systems Manager","Lehigh University","Remote","","$66,270 - $80,620 (yearly)",jobspy_indeed,https://www.indeed.com/viewjob?jk=c04ef4530e749735,"","2026-02-27"
0,"","Mid-Market Account Executive, Corporate","AlphaSense","Remote","","$79,000 - $109,000 (yearly)",jobspy_indeed,https://www.indeed.com/viewjob?jk=97277112a3547ecd,"","2026-02-27"
0,"","Marketing Operations Specialist","4M Building Solutions","Remote","","$85,000 - $90,000 (yearly)",jobspy_indeed,https://www.indeed.com/viewjob?jk=79d94f9af4856519,"","2026-02-27"
0,"","Senior Director, Global Proteomics Sales","Illumina","Remote","","$205,100 - $307,700 (yearly)",jobspy_indeed,https://www.indeed.com/viewjob?jk=e2c702cf99e12130,"","2026-02-27"
0,"","MarTech Operations Specialist","History Factory","Remote","","$60,000 - $75,000 (yearly)",jobspy_indeed,https://www.indeed.com/viewjob?jk=270324787b401866,"","2026-02-27"
0,"","Accounts Receivable Specialist","Netsmart Technologies","Remote","","",jobspy_indeed,https://www.indeed.com/viewjob?jk=ee0543987eaf5d24,"","2026-02-27"
0,"","Product and Content Marketing Specialist","EAB","Remote","","$44,000 - $65,000 (yearly)",jobspy_indeed,https://www.indeed.com/viewjob?jk=64f306ea65e01aff,"","2026-02-27"
0,"","German speaking COLD CALLING Pre-Sales Lead Generation Specialist","MarketOne International","Remote","","",jobspy_indeed,https://www.indeed.com/viewjob?jk=8f2ff70a4e827735,"","2026-02-27"
0,"","Senior Sales Operations Specialist","Dow Jones","Remote","","$95,000 - $120,000 (yearly)",jobspy_indeed,https://www.indeed.com/viewjob?jk=4033fb7ae2e67e91,"","2026-02-27"
0,"","LN Venues, Technology Operations Solutions Specialist","Live Nation","Remote","","",jobspy_indeed,https://www.indeed.com/viewjob?jk=165536899c9ebfa3,"","2026-02-26"
0,"","Sr. Safety & Security Regional Specialist","Varsity Brands","Remote","","",jobspy_indeed,https://www.indeed.com/viewjob?jk=5b47b41bc71be091,"","2026-02-26"
0,"","Corporate Development Counsel","EquipmentShare","Remote","","",jobspy_indeed,https://www.indeed.com/viewjob?jk=17d03987f3317ed0,"","2026-02-26"
0,"","Presales Solutions Engineer - Cisco","SHI International","Remote","","$85,000 - $115,000 (yearly)",jobspy_indeed,https://www.indeed.com/viewjob?jk=548ed69da61c4800,"","2026-02-26"
0,"","Sales Manager - US Remote","PerfectServe","Remote","","$75,000 - $95,000 (yearly)",jobspy_indeed,https://www.indeed.com/viewjob?jk=55de43d243930a20,"","2026-02-26"
0,"","Customer Success Specialist","FullSteam LLC","Remote","","$15 - $25 (hourly)",jobspy_indeed,https://www.indeed.com/viewjob?jk=1cc128c949db1a30,"","2026-02-26"
0,"","Enrollment Specialist (Outbound Sales) - Remote Work From Home","Lumata Health, Inc.","Remote","","$23 - $26 (hourly)",jobspy_indeed,https://www.indeed.com/viewjob?jk=3fd9b0e8456b728a,"","2026-02-25"
0,"","Senior Design Manager","London Walder Interior Design","Chicago, Illinois","","$75,586 - $91,028 (yearly)",jobspy_indeed,https://www.indeed.com/viewjob?jk=93eecfd226401579,"","2026-03-01"
0,"","Lighting Designer","HOILAND STUDIOS Inc.","Chicago, Illinois","","$55,000 - $65,000 (yearly)",jobspy_indeed,https://www.indeed.com/viewjob?jk=6d2dcaa5264da616,"","2026-02-28"
0,"","Technical Designer - Workplace Interiors - Mid Level","Gensler","Chicago, Illinois","","",jobspy_indeed,https://www.indeed.com/viewjob?jk=37276b4a7b8a8d63,"","2026-02-27"
0,"","Intermediate Lighting Designer","IA Interior Architects","Chicago, Illinois","","",jobspy_indeed,https://www.indeed.com/viewjob?jk=209f1b6e82983321,"","2026-02-26"
0,"","Director of Sales - West","Visual Comfort & Co","Chicago, Illinois","","",jobspy_indeed,https://www.indeed.com/viewjob?jk=61f08d87672fbbf8,"","2026-02-26"
0,"","Senior Interior Designer","Unispace","Chicago, Illinois","","",jobspy_indeed,https://www.indeed.com/viewjob?jk=1f580bae6db043ae,"","2026-02-26"
0,"","Senior Experience Designer - The Collective","BCD","Chicago, Illinois","","$64,000 - $110,000 (yearly)",jobspy_indeed,https://www.indeed.com/viewjob?jk=2588383923c53e04,"","2026-02-25"
0,"","Jr. Interior Designer","SCI","Chicago, Illinois","","$20 - $22 (hourly)",jobspy_indeed,https://www.indeed.com/viewjob?jk=39c6d0e6b45559dd,"","2026-02-25"
0,"","Senior Electrical Lighting Designer 1 -- Energy & Industrial","Sargent & Lundy","Chicago, Illinois","","$74,750 - $115,120 (yearly)",jobspy_indeed,https://www.indeed.com/viewjob?jk=60ec389afd9f5a55,"","2026-02-25"
0,"","Marketing Manager","Oak Lawn Park District","Chicago, Illinois","","$76,000 - $79,000 (yearly)",jobspy_indeed,https://www.indeed.com/viewjob?jk=e54bef566d826d63,"","2026-02-25"
0,"","Application Support and Photometric Designer","Jarvis Lighting","Chicago, Illinois","","$60,000 - $100,000 (yearly)",jobspy_indeed,https://www.indeed.com/viewjob?jk=2d934dd1a0b4deb2,"","2026-02-25"
0,"","Event Designer/Producer","Kehoe Designs","Chicago, Illinois","","",jobspy_indeed,https://www.indeed.com/viewjob?jk=91b9dab6fe30880c,"","2026-02-23"
0,"","CNC Operator, Sign Manufacturing","Stratus","Chicago, Illinois","","$25 - $28 (hourly)",jobspy_indeed,https://www.indeed.com/viewjob?jk=e6d947be37258d90,"","2026-02-11"
0,"","Interior Designer","Roomme","New York, New York","","",jobspy_indeed,https://www.indeed.com/viewjob?jk=793469481f8555b8,"","2026-03-01"
0,"","Senior Designer - Electrical","French & Parrello","New York, New York","","$85,000 - $125,000 (yearly)",jobspy_indeed,https://www.indeed.com/viewjob?jk=7d790653acb47d0c,"","2026-02-27"
0,"","Senior Civil Roadway Project Manager","AKRF, Inc.","New York, New York","","$135,000 - $180,000 (yearly)",jobspy_indeed,https://www.indeed.com/viewjob?jk=4380374aa116d672,"","2026-02-27"
0,"","Architectural Lighting Technician","Orsman Design, Inc.","New York, New York","","",jobspy_indeed,https://www.indeed.com/viewjob?jk=945cf8bc2b458a10,"","2026-02-27"
0,"","Industrial Design Intern","Humanscale","New York, New York","","",jobspy_indeed,https://www.indeed.com/viewjob?jk=6f800a9caac0a4f9,"","2026-02-26"
0,"","Real Time Graphics Manager","Versant","New York, New York","","$140,000 - $160,000 (yearly)",jobspy_indeed,https://www.indeed.com/viewjob?jk=1c6a0e0903c27e7d,"","2026-02-26"
0,"","Senior Landscape Designer","Colliers Engineering & Design","New York, New York","","",jobspy_indeed,https://www.indeed.com/viewjob?jk=22c6dcd011bd9026,"","2026-02-25"
0,"","Senior Video Producer, Unexplainable","Vox Media, LLC","New York, New York","","$90,000 - $113,000 (yearly)",jobspy_indeed,https://www.indeed.com/viewjob?jk=e2a5906c97a0a52d,"","2026-02-25"
0,"","Senior Interior Designer","Dawn Interiors","New York, New York","","$25 - $35 (hourly)",jobspy_indeed,https://www.indeed.com/viewjob?jk=a87e24aee486227d,"","2026-02-25"
0,"","Video Editor, Digital Designer","Glossier","New York, New York","","$70,000 - $83,000 (yearly)",jobspy_indeed,https://www.indeed.com/viewjob?jk=c23f7bfc6d2aad3c,"","2026-02-25"
0,"","Kitchen and bath designer 2020 design capable","FRkitchenandbath Llc","New York, New York","","$50,006 - $60,222 (yearly)",jobspy_indeed,https://www.indeed.com/viewjob?jk=ec23047f786edba2,"","2026-02-25"
0,"","Senior Application Developer","Humanscale","New York, New York","","$98,594 - $143,810 (yearly)",jobspy_indeed,https://www.indeed.com/viewjob?jk=6b0c676861f5cd26,"","2026-02-24"
0,"","Senior Outside Sales Representative","Jiun Ho Inc.","New York, New York","","$85,000 - $150,000 (yearly)",jobspy_indeed,https://www.indeed.com/viewjob?jk=f5879da6044900af,"","2026-02-24"
0,"","Technical Designer","Phillip Jeffries","New York, New York","","$70,000 - $75,000 (yearly)",jobspy_indeed,https://www.indeed.com/viewjob?jk=7075ee04bc680800,"","2026-02-23"
0,"","Spatial Designer","Manyone","New York, New York","","$120,000 - $140,000 (yearly)",jobspy_indeed,https://www.indeed.com/viewjob?jk=ea24269384dd28f5,"","2026-02-01"
0,"","Floral & Event Design Production Team","Crossed Keys Estate","New York, New York","","",jobspy_indeed,https://www.indeed.com/viewjob?jk=1550b132234a0e7c,"","2026-01-15"
0,"","Software Development Engineer","Apple","San Francisco, California","","$187,741 - $272,100 (yearly)",jobspy_indeed,https://www.indeed.com/viewjob?jk=03ecd73eab201787,"","2026-03-01"
0,"","Cartography and Display Tools Engineer","Apple","San Francisco, California","","$181,100 - $318,400 (yearly)",jobspy_indeed,https://www.indeed.com/viewjob?jk=6a45b0da1d8341e0,"","2026-02-28"
0,"","Software Development Engineer- Systems","Apple","San Francisco, California","","$181,100 - $272,100 (yearly)",jobspy_indeed,https://www.indeed.com/viewjob?jk=ad6b0c2427d71955,"","2026-03-01"
0,"","Staff Generative AI Research Engineer, Multimodal, Agent Modeling - SIML","Apple","San Francisco, California","","$181,100 - $318,400 (yearly)",jobspy_indeed,https://www.indeed.com/viewjob?jk=0114d362816ac659,"","2026-02-28"
0,"","Creative Arts Technical Director","Menlo School","San Francisco, California","","$95,000 - $135,000 (yearly)",jobspy_indeed,https://www.indeed.com/viewjob?jk=1cf7138c9d144f68,"","2026-02-27"
0,"","Director of Brand Marketing","Gantri","San Francisco, California","","",jobspy_indeed,https://www.indeed.com/viewjob?jk=80581f4930ee0679,"","2026-02-27"
0,"","Interior Designer - Mid Level","Laurel Design Collective","San Francisco, California","","$35 - $50 (hourly)",jobspy_indeed,https://www.indeed.com/viewjob?jk=5b1dca9d9fbc1c2c,"","2026-02-27"
0,"","Senior 3D Artist","Roblox","San Francisco, California","","$163,140 - $199,860 (yearly)",jobspy_indeed,https://www.indeed.com/viewjob?jk=be22e9dd46c05a49,"","2026-02-27"
0,"","3D Artist","Roblox","San Francisco, California","","$133,180 - $163,140 (yearly)",jobspy_indeed,https://www.indeed.com/viewjob?jk=a573009e9a793edb,"","2026-02-27"
0,"","Residential A/V Project Manager","BRAVAS | Home Experience Design","San Francisco, California","","",jobspy_indeed,https://www.indeed.com/viewjob?jk=afdf3af45218da1e,"","2026-02-26"
0,"","Home Staging Designer","One Two Six Design","San Francisco, California","","$27 - $33 (hourly)",jobspy_indeed,https://www.indeed.com/viewjob?jk=48a9f205e6c83e2a,"","2026-02-26"
0,"","Senior Substation Designer","Arup","San Francisco, California","","$119,000 - $140,000 (yearly)",jobspy_indeed,https://www.indeed.com/viewjob?jk=497cd06c313802ea,"","2026-02-25"
0,"","Substation Designer","Arup","San Francisco, California","","$86,000 - $105,000 (yearly)",jobspy_indeed,https://www.indeed.com/viewjob?jk=2c67bbb1bd488d23,"","2026-02-25"
0,"","SFO- Project Manager II - Design & Construction","Airport Minority Advisory Council","San Francisco, California","","$223,652 - $240,760 (yearly)",jobspy_indeed,https://www.indeed.com/viewjob?jk=394ffc62d2538808,"","2026-02-25"
0,"","3D Graphic Designer","MERCOR","San Francisco, California","","$50 - $100 (hourly)",jobspy_indeed,https://www.indeed.com/viewjob?jk=8fedf7eaeda2b603,"","2026-02-24"
0,"","Electrical Engineer","Lawrence Livermore National Laboratory","San Francisco, California","","$129,150 - $196,476 (yearly)",jobspy_indeed,https://www.indeed.com/viewjob?jk=cd3d714b0e159a68,"","2026-02-23"
0,"","Technical Trainer - Environment Safety & Health","Lawrence Livermore National Laboratory","San Francisco, California","","$129,150 - $196,476 (yearly)",jobspy_indeed,https://www.indeed.com/viewjob?jk=2e5f3dceb9382147,"","2026-02-27"
0,"","Senior Interior Designer","PBK Architects","San Francisco, California","","$67,597 - $101,396 (yearly)",jobspy_indeed,https://www.indeed.com/viewjob?jk=0227a7e4ef59242a,"","2026-02-23"
0,"","Engineering Team Lead","Rosendin Electric","San Francisco, California","","$147,200 - $193,200 (yearly)",jobspy_indeed,https://www.indeed.com/viewjob?jk=7fa93c056524daf0,"","2025-12-27"
0,"","CONTRACT - Concept Artist (NST)","Nintendo","Seattle, Washington","","$31 - $47 (hourly)",jobspy_indeed,https://www.indeed.com/viewjob?jk=027618b70636fa89,"","2026-02-27"
0,"","Electrical / Automation Engineer","Seattle Safety","Seattle, Washington","","$75,000 - $150,000 (yearly)",jobspy_indeed,https://www.indeed.com/viewjob?jk=2bd1ae44376b10c9,"","2026-02-27"
0,"","Plumbing Designer/Engineer","Delta E Consulting","Seattle, Washington","","",jobspy_indeed,https://www.indeed.com/viewjob?jk=700b2e9a25c5d593,"","2026-02-27"
0,"","Electrical Technician I - REVIT TECHNICIAN","NAC Architecture","Seattle, Washington","","$28 - $37 (hourly)",jobspy_indeed,https://www.indeed.com/viewjob?jk=baf83626089e8c79,"","2026-02-26"
0,"","Electrical Design Professional II","NAC Architecture","Seattle, Washington","","$89,000 - $124,120 (yearly)",jobspy_indeed,https://www.indeed.com/viewjob?jk=31ff35cc27194b2e,"","2026-02-26"
0,"","Senior Electrical Engineer","AECOM","Seattle, Washington","","$130,000 - $175,000 (yearly)",jobspy_indeed,https://www.indeed.com/viewjob?jk=7d8991e9897f009f,"","2026-02-26"
0,"","Multimedia Production Assistant","PitchBook","Seattle, Washington","","$72,000 - $80,000 (yearly)",jobspy_indeed,https://www.indeed.com/viewjob?jk=df851bdcba65bc8b,"","2026-02-25"
0,"","Electrical BIM Tech II","McMillen, Inc.","Seattle, Washington","","$38 - $54 (hourly)",jobspy_indeed,https://www.indeed.com/viewjob?jk=d5152488be298560,"","2026-02-25"
0,"","Receptionist and Administrative Support","Cabinets by Trivonna","Seattle, Washington","","$19 - $20 (hourly)",jobspy_indeed,https://www.indeed.com/viewjob?jk=8d9b9e9675be91f1,"","2026-02-25"
0,"","Senior FPGA Engineer","Heads Up Technologies","Seattle, Washington","","",jobspy_indeed,https://www.indeed.com/viewjob?jk=f1794dbb021d9fa1,"","2026-02-25"
0,"","Designer","CB2","Seattle, Washington","","",jobspy_indeed,https://www.indeed.com/viewjob?jk=272698c5237ccace,"","2026-02-24"
0,"","Senior Electrical Engineer","Strategic Mission Critical","Seattle, Washington","","$125,000 - $350,000 (yearly)",jobspy_indeed,https://www.indeed.com/viewjob?jk=a9df296763aec318,"","2026-02-24"
0,"","Mid-Level Electrical Engineer","Strategic Mission Critical","Seattle, Washington","","$90,000 - $225,000 (yearly)",jobspy_indeed,https://www.indeed.com/viewjob?jk=b12f7cb17ce78c34,"","2026-02-24"
0,"","Senior Electrical Designer","AtkinsRéalis","Seattle, Washington","","$34 - $60 (hourly)",jobspy_indeed,https://www.indeed.com/viewjob?jk=903340fa885d0bad,"","2026-02-24"
0,"","Facilities Coordinator","CREO Industrial Arts","Seattle, Washington","","$21 - $26 (hourly)",jobspy_indeed,https://www.indeed.com/viewjob?jk=c5c6a86d3616661e,"","2026-02-23"
0,"","Video Producer","RUSSELL INVESTMENTS","Seattle, Washington","","$82,000 - $90,000 (yearly)",jobspy_indeed,https://www.indeed.com/viewjob?jk=05248ff35ac9e53e,"","2026-02-23"
0,"","Showroom Sales Associate","The Granite Group","Boston, Massachusetts","","$55,000 - $62,000 (yearly)",jobspy_indeed,https://www.indeed.com/viewjob?jk=5b373c75ef00ca8b,"","2026-02-27"
0,"","Sales Design Engineer (Pro A/V Systems)","Ansera","Boston, Massachusetts","","",jobspy_indeed,https://www.indeed.com/viewjob?jk=faa980d3b4f58a39,"","2026-02-26"
0,"","Event Lighting Technician","Streamography","Boston, Massachusetts","","$20 - $50 (hourly)",jobspy_indeed,https://www.indeed.com/viewjob?jk=1e2db80289486bbf,"","2026-02-26"
0,"","Low Voltage Controls Technician Fabricator","Level99","Boston, Massachusetts","","$25 - $35 (hourly)",jobspy_indeed,https://www.indeed.com/viewjob?jk=303e4ca052d24f43,"","2026-02-25"
0,"","Lead Interior Designer","Didi Design Group","Boston, Massachusetts","","$35 - $50 (hourly)",jobspy_indeed,https://www.indeed.com/viewjob?jk=d2ef860e75bc62ea,"","2026-02-25"
0,"","Design Expert","Crate and Barrel","Boston, Massachusetts","","",jobspy_indeed,https://www.indeed.com/viewjob?jk=6c9b4091ca5448f9,"","2026-02-24"
0,"","Executive Assistant","Horton Lees Brogden Lighting Design Inc","Boston, Massachusetts","","$74,500 - $79,000 (yearly)",jobspy_indeed,https://www.indeed.com/viewjob?jk=51105b189e029338,"","2026-02-23"
0,"","Engineering Designer","Ideal Industries","Boston, Massachusetts","","$66,932 - $90,023 (yearly)",jobspy_indeed,https://www.indeed.com/viewjob?jk=d413598fb2263952,"","2026-02-20"
0,"","Technical Designer, Production (Vectorworks)","Simple Science Inc.","Los Angeles, California","","$75,000 - $90,000 (yearly)",jobspy_indeed,https://www.indeed.com/viewjob?jk=b6bf0520cb384cf9,"","2026-03-01"
0,"","Interior Designer","Roomme","Los Angeles, California","","",jobspy_indeed,https://www.indeed.com/viewjob?jk=3b2668d80aec8d77,"","2026-03-01"
0,"","Q-SYS Technical Trainer","Acuity Inc.","Los Angeles, California","","$73,400 - $132,000 (yearly)",jobspy_indeed,https://www.indeed.com/viewjob?jk=641f8bb92b5e6b7a,"","2026-02-27"
0,"","Equipment Operator","Ardmore Home Design","Los Angeles, California","","$18 - $19 (hourly)",jobspy_indeed,https://www.indeed.com/viewjob?jk=46397a58d2cd0adc,"","2026-02-27"
0,"","PHOTOGRAPHER","Mathis Home","Los Angeles, California","","$23 - $32 (hourly)",jobspy_indeed,https://www.indeed.com/viewjob?jk=b9d5a463a27f0df6,"","2026-02-27"
0,"","360 Designer","NBCUniversal","Los Angeles, California","","$70,000 - $95,000 (yearly)",jobspy_indeed,https://www.indeed.com/viewjob?jk=64d0a8499883a2fa,"","2026-02-27"
0,"","Fuel Systems Electrician","TAIT & Associates, Inc","Los Angeles, California","","$25 - $44 (hourly)",jobspy_indeed,https://www.indeed.com/viewjob?jk=e98b5d6e00b496a2,"","2026-02-26"
0,"","Electrical & Control Systems Design Lead","SPEC Services, Inc.","Los Angeles, California","","$32 - $66 (hourly)",jobspy_indeed,https://www.indeed.com/viewjob?jk=3ec9659f020a07ab,"","2026-02-26"
0,"","Editorial Photo Retoucher","Fashion Nova","Los Angeles, California","","",jobspy_indeed,https://www.indeed.com/viewjob?jk=24703abce72c1061,"","2026-02-26"
0,"","Assistant Graphic Designer, Men's","PacSun","Los Angeles, California","","$64,366 - $70,740 (yearly)",jobspy_indeed,https://www.indeed.com/viewjob?jk=5335cccdf14f0f00,"","2026-02-26"
0,"","Digital Designer","Paramount","Los Angeles, California","","$64,800 - $90,000 (yearly)",jobspy_indeed,https://www.indeed.com/viewjob?jk=974fbf98d4bd2ab9,"","2026-02-25"
0,"","Luxury Livestream Host – Pre-Owned Luxury Handbags & Merchandise","Luxe AF Inc.","Los Angeles, California","","$60 - $100 (hourly)",jobspy_indeed,https://www.indeed.com/viewjob?jk=ad2267ed6a7c0a2f,"","2026-02-25"
0,"","Interior Designer","PBK Architects","Los Angeles, California","","$59,977 - $89,966 (yearly)",jobspy_indeed,https://www.indeed.com/viewjob?jk=1455bff39879c0de,"","2026-02-25"
0,"","MOTION GRAPHICS DESIGNER / VIDEO EDITOR","Coalition Technologies","Los Angeles, California","","",jobspy_indeed,https://www.indeed.com/viewjob?jk=2cc76484ecbdf728,"","2026-02-25"
0,"","Senior Associate","Horton Lees Brogden Lighting Design Inc","Los Angeles, California","","$113,400 - $125,400 (yearly)",jobspy_indeed,https://www.indeed.com/viewjob?jk=821fd3394c33aacd,"","2026-02-25"
0,"","Maintenance Technician","Chroma Systems Solutions","Los Angeles, California","","",jobspy_indeed,https://www.indeed.com/viewjob?jk=1b2e6533099a0c8a,"","2026-02-24"
0,"","Promotions, Photographer/Editor","CBS News and Stations","Los Angeles, California","","$96,700 - $122,476 (yearly)",jobspy_indeed,https://www.indeed.com/viewjob?jk=67f5d29c4a7d9da1,"","2026-02-24"
0,"","Truss Worker","4Wall Entertainment","Los Angeles, California","","$20 - $24 (hourly)",jobspy_indeed,https://www.indeed.com/viewjob?jk=7fd88098bb28be69,"","2026-02-24"
0,"","H&M Visual Merchandiser - Shoppes At Montebello","H&M","Los Angeles, California","","$19 - $23 (hourly)",jobspy_indeed,https://www.indeed.com/viewjob?jk=aa610b7f1c3fb98c,"","2026-02-24"
0,"","H&M Visual Merchandiser - Fig at 7th Downtown","H&M","Los Angeles, California","","$20 - $24 (hourly)",jobspy_indeed,https://www.indeed.com/viewjob?jk=95ba8ef51819ab0e,"","2026-02-24"
0,"","Graphic Designer and Marketing Specialist","IKD","Los Angeles, California","","$30 - $35 (hourly)",jobspy_indeed,https://www.indeed.com/viewjob?jk=0ef6c4d1d9f290fd,"","2026-02-24"
0,"","Project Architect – Work – Mid Level","Gensler","Los Angeles, California","","$98,000 - $120,000 (yearly)",jobspy_indeed,https://www.indeed.com/viewjob?jk=25703892aa9565b0,"","2026-02-24"
0,"","Lead Technical Director","TAIT","Los Angeles, California","","$140,000 - $155,000 (yearly)",jobspy_indeed,https://www.indeed.com/viewjob?jk=29cf3a1d37d5eeb5,"","2026-02-23"
0,"","Quality Assurance Electrical Engineer","NASA Jet Propulsion Laboratory","Los Angeles, California","","$118,768 - $141,128 (yearly)",jobspy_indeed,https://www.indeed.com/viewjob?jk=a08389c271eeea49,"","2026-02-23"
0,"","Data Engineer","Johnson, Mirmiran & Thompson","Washington, DC","","$114,400 - $124,800 (yearly)",jobspy_indeed,https://www.indeed.com/viewjob?jk=4f91ca8accd80fb2,"","2026-02-27"
0,"","Electrical Engineering Graduate - Designer 2 | Germantown, MD","IMEG","Washington, DC","","$74,000 - $88,000 (yearly)",jobspy_indeed,https://www.indeed.com/viewjob?jk=400ac8ee115b8eaa,"","2026-02-25"
0,"","Residential Landscape Designer / Landscape Architect","Southside Specialties","Washington, DC","","$60,000 - $90,000 (yearly)",jobspy_indeed,https://www.indeed.com/viewjob?jk=d66e046766136dd4,"","2026-02-24"
0,"","Landscape Construction Project Manager","Oldetowne Landscape Architects","Washington, DC","","$80,000 - $120,000 (yearly)",jobspy_indeed,https://www.indeed.com/viewjob?jk=96adb4cb1ce578f4,"","2026-02-24"
0,"","International Multimedia Journalist IV (Afghan Service)","United States Agency for Global Media (USAGM)","Washington, DC","","",jobspy_indeed,https://www.indeed.com/viewjob?jk=6378399dae0b1253,"","2026-02-23"
0,"","Designer II","Rosendin Electric","Washington, DC","","",jobspy_indeed,https://www.indeed.com/viewjob?jk=148f01f77b75fd22,"","2026-02-23"
0,"","Jr. Landscape Designer / Landscape Architect","nan","United States","","$80,000 - $90,000 (yearly)",jobspy_indeed,https://www.indeed.com/viewjob?jk=18bdd0b2046724cf,"","2026-03-02"
0,"","Electrical Engineer","Day & Zimmermann","United States","","$93,600 - $140,400 (yearly)",jobspy_indeed,https://www.indeed.com/viewjob?jk=e7bbbcd411d9ccc8,"","2026-03-01"
0,"","Interior Designer/ Sales","DCL Holdings","United States","","$20 - $25 (hourly)",jobspy_indeed,https://www.indeed.com/viewjob?jk=d3e6f7f5c3d755f4,"","2026-03-01"
0,"","Kitchen & Bathroom Designer","CAC By Design","United States","","$50,000 - $80,000 (yearly)",jobspy_indeed,https://www.indeed.com/viewjob?jk=5298819f459342a8,"","2026-03-01"
0,"","Bath and Kitchen Designer","Catani Cabinets","United States","","$70,000 - $100,000 (yearly)",jobspy_indeed,https://www.indeed.com/viewjob?jk=eb8e48b67390f469,"","2026-03-01"
0,"","Project Electrical Engineer V","CannonDesign","United States","","$121,170 - $151,410 (yearly)",jobspy_indeed,https://www.indeed.com/viewjob?jk=483930923103dc25,"","2026-03-01"
0,"","Landscape Installer","Jerez Landscape and Design LLC","United States","","$16 - $24 (hourly)",jobspy_indeed,https://www.indeed.com/viewjob?jk=5becf4207e6ba6b7,"","2026-03-01"
0,"","Lighting Technician – Pittsburgh","Nova Live Productions","United States","","$20 - $39 (hourly)",jobspy_indeed,https://www.indeed.com/viewjob?jk=b3c56cd48da5f3a8,"","2026-03-01"
0,"","Freelance Lighting Technician – Pittsburgh","Nova Live Productions","United States","","",jobspy_indeed,https://www.indeed.com/viewjob?jk=5f15a4bfcd16d3c4,"","2026-03-01"
0,"","Senior Landscape Architect - Design Director","nan","United States","","$150,000 - $185,000 (yearly)",jobspy_indeed,https://www.indeed.com/viewjob?jk=f3587ed26d3a29c1,"","2026-03-01"
0,"","Landscape Architect (Partnership Opportunity)","nan","United States","","$150,000 - $185,000 (yearly)",jobspy_indeed,https://www.indeed.com/viewjob?jk=5dc8c3a6f9575409,"","2026-03-01"
0,"","Creative Art Director (Amazon Creatives)","DesVerto","United States","","",jobspy_indeed,https://www.indeed.com/viewjob?jk=a7d01bca6e978086,"","2026-02-28"
0,"","Lighting sales associate Midtown Atlanta Georgia","nan","United States","","",jobspy_indeed,https://www.indeed.com/viewjob?jk=4bfcfb6246f39358,"","2026-02-28"
0,"","Maintenance Technician (2nd Shift)","nan","United States","","",jobspy_indeed,https://www.indeed.com/viewjob?jk=71436f773102ee3b,"","2026-03-02"
0,"","INFORMATION TECHNOLOGY SPECIALIST","nan","United States","","",jobspy_indeed,https://www.indeed.com/viewjob?jk=f8d81cff1fc1326c,"","2026-02-28"
0,"","Associate Network and Security Engineer","nan","United States","","",jobspy_indeed,https://www.indeed.com/viewjob?jk=c2045b286eca1a15,"","2026-02-26"
0,"","Master Electrician","nan","United States","","",jobspy_indeed,https://www.indeed.com/viewjob?jk=2218873c9173c657,"","2026-02-27"
0,"","Broadcast Production Assistant Internship","nan","United States","","",jobspy_indeed,https://www.indeed.com/viewjob?jk=b8697124385d659f,"","2026-02-26"
0,"","Broadcast and Game Day Production Operator","nan","United States","","",jobspy_indeed,https://www.indeed.com/viewjob?jk=87c58735e0253d3a,"","2026-02-26"
0,"","Electrical Design Engineer","The Misch Group","United States","","$85,000 - $125,000 (yearly)",jobspy_indeed,https://www.indeed.com/viewjob?jk=7e5af0717e6176bb,"","2026-02-28"
0,"","AV/IT CONSTRUCTION CONSULTANT (REMOTE - DALLAS PREFERRED)","Waveguide","United States","","$82,500 - $95,000 (yearly)",jobspy_indeed,https://www.indeed.com/viewjob?jk=ad534179c0fb5f5d,"","2026-02-23"
0,"","JOB POST: Social Media Art Director / Editorial Brand Designer (Luxury Aesthetic)","Learn To Cut","Remote","","",jobspy_indeed,https://www.indeed.com/viewjob?jk=b774ad397dfe658b,"","2026-02-27"
0,"","Director of Sales - West","Visual Comfort & Co","Remote","","",jobspy_indeed,https://www.indeed.com/viewjob?jk=ba42718c9a5b7e18,"","2026-02-26"
0,"","BAS Graphics Engineer","Divcon Controls","Remote","","",jobspy_indeed,https://www.indeed.com/viewjob?jk=fabe767976c2300d,"","2026-02-26"
0,"","Lead VFX Artist","PlayStation","Remote","","$153,000 - $230,400 (yearly)",jobspy_indeed,https://www.indeed.com/viewjob?jk=5f2d5f270fe90e4f,"","2026-02-25"
0,"","Senior Electrical Engineer","Strategic Mission Critical","Remote","","$125,000 - $350,000 (yearly)",jobspy_indeed,https://www.indeed.com/viewjob?jk=7973dd5bb7e818e7,"","2026-02-24"
0,"","Mid-Level Electrical Engineer","Strategic Mission Critical","Remote","","$90,000 - $225,000 (yearly)",jobspy_indeed,https://www.indeed.com/viewjob?jk=82f1f0960c5a9526,"","2026-02-24"
0,"","Vice President, Total Rewards","nan","Remote","","$180,000 - $200,000 (yearly)",jobspy_indeed,https://www.indeed.com/viewjob?jk=99e2d238a49836de,"","2026-02-24"
0,"","3D Graphic Designer","YO IT CONSULTING","Remote","","",jobspy_indeed,https://www.indeed.com/viewjob?jk=0806e42e9e2df12b,"","2026-02-24"
0,"","Designer I","TEECOM","Remote","","$75,000 - $90,000 (yearly)",jobspy_indeed,https://www.indeed.com/viewjob?jk=59ebef8585dd5893,"","2026-02-24"
0,"","Principal Consultant - Telecom","TEECOM","Remote","","$145,000 - $180,000 (yearly)",jobspy_indeed,https://www.indeed.com/viewjob?jk=18d4d13c64e63917,"","2026-02-24"
0,"","Associate Principal - Security","TEECOM","Remote","","$125,000 - $160,000 (yearly)",jobspy_indeed,https://www.indeed.com/viewjob?jk=b8bb95fb07464fcf,"","2026-02-23"
0,"","TECHNICIAN - WILLING TO TRAIN","The Illuminators Outdoor Lighting","Chicago, Illinois","","$35,000 - $49,000 (yearly)",jobspy_indeed,https://www.indeed.com/viewjob?jk=65d08e915f814ace,"","2026-03-02"
0,"","Building Maintenance Manager","Multifamily Condo Association","Chicago, Illinois","","$26 - $31 (hourly)",jobspy_indeed,https://www.indeed.com/viewjob?jk=13f932012a06c2b3,"","2026-03-01"
0,"","Automotive Technician","Route 120 Automotive","Chicago, Illinois","","$15 - $30 (hourly)",jobspy_indeed,https://www.indeed.com/viewjob?jk=b43e6fa3f9d6b2de,"","2026-02-28"
0,"","Maintenance Coordinator","TCA Health, Inc","Chicago, Illinois","","$48,000 - $55,000 (yearly)",jobspy_indeed,https://www.indeed.com/viewjob?jk=3e03966c5eb70385,"","2026-02-28"
0,"","Diesel Technician I","Mahoney Environmental","Chicago, Illinois","","$25 - $26 (hourly)",jobspy_indeed,https://www.indeed.com/viewjob?jk=2235e2e16a6fc921,"","2026-02-28"
0,"","Maintenance Technician","Acadia Healthcare","Chicago, Illinois","","",jobspy_indeed,https://www.indeed.com/viewjob?jk=69e04d9c2a918c9a,"","2026-02-27"
0,"","Field Service Technician (Single Site) - Burns Harbor","SMS Mill Services","Chicago, Illinois","","$26 - $31 (hourly)",jobspy_indeed,https://www.indeed.com/viewjob?jk=fd3cf8ecebb41a0e,"","2026-02-27"
0,"","Technician II - Specialized Life Safety Services","Fox Valley Fire & Safety","Chicago, Illinois","","$23 - $28 (hourly)",jobspy_indeed,https://www.indeed.com/viewjob?jk=1500be0582ea0744,"","2026-02-27"
0,"","Building & Equipment Maintenance Technician","Elegant Packaging","Chicago, Illinois","","$30 - $45 (hourly)",jobspy_indeed,https://www.indeed.com/viewjob?jk=cc21aca2a3690390,"","2026-02-27"
0,"","Maintenance Technician IV","HMH","Chicago, Illinois","","$55,000 - $64,000 (yearly)",jobspy_indeed,https://www.indeed.com/viewjob?jk=12f88a2341d43b77,"","2026-02-26"
0,"","Irrigation Technician","Premier Service","Chicago, Illinois","","$25 - $32 (hourly)",jobspy_indeed,https://www.indeed.com/viewjob?jk=2f1aa5c304927aa9,"","2026-02-26"
0,"","Vehicle Upfitting Technician – Fleet & Emergency Vehicles","SAe Customs","Chicago, Illinois","","$20 - $30 (hourly)",jobspy_indeed,https://www.indeed.com/viewjob?jk=7d834469eef517fc,"","2026-02-26"
0,"","Maintenance Technician","Smash My Trash","Chicago, Illinois","","$20 - $22 (hourly)",jobspy_indeed,https://www.indeed.com/viewjob?jk=cac77a419b413dee,"","2026-02-26"
0,"","Maintenance Technician","Midwest Property Services, Inc.","Chicago, Illinois","","$20 - $35 (hourly)",jobspy_indeed,https://www.indeed.com/viewjob?jk=dc2e74ae52d1a191,"","2026-02-26"
0,"","Maintenance Technician","Quarterhill","Chicago, Illinois","","",jobspy_indeed,https://www.indeed.com/viewjob?jk=4da32c8183b79847,"","2026-02-25"
0,"","Technican – Mulch Installations, Landscaping & Holiday Lighting","Brookdale Landscaping, Inc.","Chicago, Illinois","","$22 - $25 (hourly)",jobspy_indeed,https://www.indeed.com/viewjob?jk=02e19316d5098c95,"","2026-02-25"
0,"","Landscape Maintenance Associate – Mulch Installations Entry Level Year Round, Full Time","Brookdale Landscaping, Inc.","Chicago, Illinois","","$22 - $25 (hourly)",jobspy_indeed,https://www.indeed.com/viewjob?jk=9ae06248f1afb1bc,"","2026-02-25"
0,"","Maintenance Tech","Pearl Healthcare","Chicago, Illinois","","",jobspy_indeed,https://www.indeed.com/viewjob?jk=a5db3f6ce4f4156e,"","2026-02-25"
0,"","Maintenance Technician","J&P Asset Management, Inc.","Chicago, Illinois","","$20 - $22 (hourly)",jobspy_indeed,https://www.indeed.com/viewjob?jk=ce2d2529f235bf23,"","2026-02-25"
0,"","Plant Care Technician I","Ambius","Chicago, Illinois","","",jobspy_indeed,https://www.indeed.com/viewjob?jk=196a51f0a9ea26c6,"","2026-02-25"
0,"","Maintenance Technician - 2nd Shift","Lineage","Chicago, Illinois","","$19 - $32 (hourly)",jobspy_indeed,https://www.indeed.com/viewjob?jk=03929ccd36805744,"","2026-01-27"
0,"","Supervisor of Facilities & Grounds","Larchmont Yacht Club","New York, New York","","$30 - $35 (hourly)",jobspy_indeed,https://www.indeed.com/viewjob?jk=46497bc4259dad2e,"","2026-02-27"
0,"","Operations Maintenance Technician","American Dream","New York, New York","","",jobspy_indeed,https://www.indeed.com/viewjob?jk=d4d6b5322329aad8,"","2026-02-27"
0,"","Ride Maintenance Control Technician","American Dream","New York, New York","","",jobspy_indeed,https://www.indeed.com/viewjob?jk=4371ddcce0e5846a,"","2026-02-27"
0,"","Automotive Technician","United States Postal Service - New York","New York, New York","","",jobspy_indeed,https://www.indeed.com/viewjob?jk=0101a6b0c2b922aa,"","2026-02-27"
0,"","Auto Mechanic / Technician","1811 Auto Repair","New York, New York","","",jobspy_indeed,https://www.indeed.com/viewjob?jk=b2a9504d47955613,"","2026-02-27"
0,"","Electro-Mechanical Maintenance Technician","Nitto Inc","New York, New York","","$85,000 - $95,000 (yearly)",jobspy_indeed,https://www.indeed.com/viewjob?jk=382666126811261d,"","2026-02-26"
0,"","Maintenance Technician – Property Management Company","SB Garson Management LLC","New York, New York","","$850 - $1,000 (weekly)",jobspy_indeed,https://www.indeed.com/viewjob?jk=5e6d6dfe52b21efc,"","2026-02-26"
0,"","Commercial Service Technician II","Guitar Center","New York, New York","","$50 - $60 (hourly)",jobspy_indeed,https://www.indeed.com/viewjob?jk=bbff97cdca578f02,"","2026-02-26"
0,"","Electronics Assembler 2","GE Aerospace","New York, New York","","$22 - $25 (hourly)",jobspy_indeed,https://www.indeed.com/viewjob?jk=0c827b470e4f1b4c,"","2026-02-25"
0,"","Maintenance Technician","Brookfield Properties","New York, New York","","$22 - $32 (hourly)",jobspy_indeed,https://www.indeed.com/viewjob?jk=339a844fbb47dfda,"","2026-02-24"
0,"","Assistant Maintenance Supervisor","Brookfield Properties","New York, New York","","$28 - $39 (hourly)",jobspy_indeed,https://www.indeed.com/viewjob?jk=8bc29f21cb3926c6,"","2026-02-24"
0,"","Electrical Systems Technician","Riverbay Corporation","New York, New York","","$28 - $30 (hourly)",jobspy_indeed,https://www.indeed.com/viewjob?jk=c544a82a0f983a15,"","2026-02-24"
0,"","Aquarium Technician","Jawz Aquarium","New York, New York","","$20 - $22 (hourly)",jobspy_indeed,https://www.indeed.com/viewjob?jk=2aa2ace69ddaec1c,"","2026-02-24"
0,"","Residential Maintenance Technician - Level II","Balfour Beatty","New York, New York","","",jobspy_indeed,https://www.indeed.com/viewjob?jk=fc036e0333203b82,"","2026-02-24"
0,"","Fire Extinguisher Technician","Confires Fire Protection Services, LLC","New York, New York","","",jobspy_indeed,https://www.indeed.com/viewjob?jk=301c73e3b5e8cb0f,"","2026-02-24"
0,"","Facility Manager","nan","New York, New York","","",jobspy_indeed,https://www.indeed.com/viewjob?jk=410830028a0a01ff,"","2026-02-23"
0,"","Diesel Technician","Old Dominion Freight Line","New York, New York","","$34 - $38 (hourly)",jobspy_indeed,https://www.indeed.com/viewjob?jk=384b631532f547d9,"","2026-02-23"
0,"","Senior Property Maintenance Technician (Floating) – NYC Portfolio","Mossanen Group","New York, New York","","$70,000 - $85,000 (yearly)",jobspy_indeed,https://www.indeed.com/viewjob?jk=c0279b38827a0102,"","2026-02-23"
0,"","Maintenance Technician","J&P Asset Management, Inc.","San Francisco, California","","$24 - $26 (hourly)",jobspy_indeed,https://www.indeed.com/viewjob?jk=02048c59ce80158e,"","2026-02-27"
0,"","Facilities Maintenance Technician","United Facilities Group","San Francisco, California","","$26 - $28 (hourly)",jobspy_indeed,https://www.indeed.com/viewjob?jk=da69a9345df0334c,"","2026-02-27"
0,"","CONTROL PANEL WIRING TECHNICIAN","California Hydronics Corporation","San Francisco, California","","$28 - $35 (hourly)",jobspy_indeed,https://www.indeed.com/viewjob?jk=780401cf453fb6c9,"","2026-02-27"
0,"","Facilities Director","Syufy Enterprises","San Francisco, California","","$126,100 - $179,000 (yearly)",jobspy_indeed,https://www.indeed.com/viewjob?jk=67d354a01a470534,"","2026-02-26"
0,"","Maintenance Mechanic","Fabrique Delices","San Francisco, California","","$27 - $38 (hourly)",jobspy_indeed,https://www.indeed.com/viewjob?jk=4f41236c5acb41ac,"","2026-02-26"
0,"","Mobile Inspector II (Manheim), Hayward CA","Cox Automotive","San Francisco, California","","$18 - $27 (hourly)",jobspy_indeed,https://www.indeed.com/viewjob?jk=680ad214f31dd173,"","2026-02-26"
0,"","Fire Extinguisher Technicians - Bay Area","Commercial Fire Protection, Inc.","San Francisco, California","","",jobspy_indeed,https://www.indeed.com/viewjob?jk=1c13c92a65660ccb,"","2026-02-26"
0,"","Highrise Residential Stationary Building Engineer","Township Building Services, Inc.","San Francisco, California","","$55 - $63 (hourly)",jobspy_indeed,https://www.indeed.com/viewjob?jk=38e2152a778982cb,"","2026-02-26"
0,"","Maintenance Technician - Luxury Residential","Related","San Francisco, California","","$26 - $29 (hourly)",jobspy_indeed,https://www.indeed.com/viewjob?jk=a2f45e20e8f537a8,"","2026-02-25"
0,"","Maintenance Technician","Quarterhill","San Francisco, California","","$26 - $32 (hourly)",jobspy_indeed,https://www.indeed.com/viewjob?jk=f9dfdbf4d56b4301,"","2026-02-25"
0,"","Plant Care Technician I","Ambius","San Francisco, California","","",jobspy_indeed,https://www.indeed.com/viewjob?jk=3752ad2f64ed4a2f,"","2026-02-25"
0,"","Plant Maintenance Technician","Lawrence Berkeley National Laboratory","San Francisco, California","","",jobspy_indeed,https://www.indeed.com/viewjob?jk=c617989cb12b8be3,"","2026-02-24"
0,"","Maintenance Technician - Concord, CA","Kinder Morgan","San Francisco, California","","$52 - $67 (hourly)",jobspy_indeed,https://www.indeed.com/viewjob?jk=072472a4b701439a,"","2026-02-24"
0,"","Industrial Mechanic","Cisco Air Systems","San Francisco, California","","$27 - $42 (hourly)",jobspy_indeed,https://www.indeed.com/viewjob?jk=bc383e8336806443,"","2026-02-24"
0,"","Maintenance Tech","nan","Seattle, Washington","","",jobspy_indeed,https://www.indeed.com/viewjob?jk=bc189e7aae273431,"","2026-03-01"
0,"","Principal Product Manager","nan","Seattle, Washington","","",jobspy_indeed,https://www.indeed.com/viewjob?jk=69152cc1db143ccc,"","2026-02-25"
0,"","Principal Mechanical Product Engineer","nan","Seattle, Washington","","",jobspy_indeed,https://www.indeed.com/viewjob?jk=086d9160e09d7d51,"","2026-02-25"
0,"","Property Maintenance Repair Technician 40 hours (Everett, WA)","nan","Seattle, Washington","","$23 - $30 (hourly)",jobspy_indeed,https://www.indeed.com/viewjob?jk=06c2070f05449966,"","2026-02-27"
0,"","Property Maintenance Repair Technician Part-Time 20 hours (Everett, WA)","nan","Seattle, Washington","","$21 - $30 (hourly)",jobspy_indeed,https://www.indeed.com/viewjob?jk=50614a4fede15cee,"","2026-02-27"
0,"","Mobile HVAC/ Maintenance Technician","JLL","Seattle, Washington","","$79,040 - $83,200 (yearly)",jobspy_indeed,https://www.indeed.com/viewjob?jk=89a4178d4c08fcbf,"","2026-02-26"
0,"","Lead Maintenance Technician - Mariposa","TAM Residential, LLC","Seattle, Washington","","$28 - $38 (hourly)",jobspy_indeed,https://www.indeed.com/viewjob?jk=82368a6ba9ec692f,"","2026-02-26"
0,"","Maintenance Technician - Heatherwood","HNN Communities","Seattle, Washington","","$23 - $27 (hourly)",jobspy_indeed,https://www.indeed.com/viewjob?jk=f35a687b51bb15f6,"","2026-02-25"
0,"","Facilities Tech - Martha & Mary","Martha & Mary","Seattle, Washington","","$22 - $26 (hourly)",jobspy_indeed,https://www.indeed.com/viewjob?jk=2f3c7b0ea2c71ca0,"","2026-02-25"
0,"","Regional Maintenance Technician","Era Living","Seattle, Washington","","$32 - $35 (hourly)",jobspy_indeed,https://www.indeed.com/viewjob?jk=e3ad3af58292c09b,"","2026-02-25"
0,"","Maintenance Supervisor","Nisqually Indian Tribe","Seattle, Washington","","",jobspy_indeed,https://www.indeed.com/viewjob?jk=6b16acb5e78638ab,"","2026-02-25"
0,"","SkillBridge Internship – Field Technician","Siemens","Seattle, Washington","","",jobspy_indeed,https://www.indeed.com/viewjob?jk=5f8ebd1ead7e1e3f,"","2026-02-24"
0,"","Multi-Site Property Porter and Groundskeeper","Arboreal Management","Seattle, Washington","","",jobspy_indeed,https://www.indeed.com/viewjob?jk=f69106358dd5010c,"","2026-02-24"
0,"","Maintenance Technician - Scriber Creek","HNN Communities","Seattle, Washington","","$22 - $26 (hourly)",jobspy_indeed,https://www.indeed.com/viewjob?jk=e6b2113f8aa2677c,"","2026-02-23"
0,"","Maintenance Technician - Grandview","HNN Communities","Seattle, Washington","","$22 - $25 (hourly)",jobspy_indeed,https://www.indeed.com/viewjob?jk=df08532775d290bd,"","2026-02-23"
0,"","Maintenance Technician","Avenue5 Residential","Seattle, Washington","","",jobspy_indeed,https://www.indeed.com/viewjob?jk=8bdb06e13dcfefc3,"","2026-02-23"
0,"","Automotive Technician","United States Postal Service","Boston, Massachusetts","","",jobspy_indeed,https://www.indeed.com/viewjob?jk=a4d5a71824190e9a,"","2026-03-02"
0,"","Sr. Healthcare Maintenance Technician","Shriners Children's","Boston, Massachusetts","","$28 - $42 (hourly)",jobspy_indeed,https://www.indeed.com/viewjob?jk=5c3bc296b0a6aaf8,"","2026-03-01"
0,"","Licensed Service Electrician (Level 1) – Residential Installer & Service Tech- Boston Location","KES","Boston, Massachusetts","","$70,000 - $100,000 (yearly)",jobspy_indeed,https://www.indeed.com/viewjob?jk=c0921593298f00f3,"","2026-03-01"
0,"","Fire Extinguisher Technician – UniFirst First Aid+ Safety","UniFirst","Boston, Massachusetts","","",jobspy_indeed,https://www.indeed.com/viewjob?jk=f34f3d327c3facd2,"","2026-02-28"
0,"","Operations Support","ASM Global","Boston, Massachusetts","","",jobspy_indeed,https://www.indeed.com/viewjob?jk=b9893dc84553f4d2,"","2026-02-27"
0,"","Print Support Administrator","Ricoh","Boston, Massachusetts","","$26 - $28 (hourly)",jobspy_indeed,https://www.indeed.com/viewjob?jk=0eae683160a8976e,"","2026-02-27"
0,"","Auto Body Technician","Lucchetti's Complete Auto Center","Boston, Massachusetts","","$70,000 - $120,000 (yearly)",jobspy_indeed,https://www.indeed.com/viewjob?jk=755ff8ec96695c0f,"","2026-02-26"
0,"","Laboratory Technician","Happy Valley","Boston, Massachusetts","","",jobspy_indeed,https://www.indeed.com/viewjob?jk=fc4f17ca543e566a,"","2026-02-25"
0,"","Service Technician (Signs)","Pro Sign Service","Boston, Massachusetts","","$20 - $25 (hourly)",jobspy_indeed,https://www.indeed.com/viewjob?jk=b72c8c647e03a738,"","2026-02-25"
0,"","Life Science Maintenance Technician- 2nd Shift","C&W Services","Boston, Massachusetts","","$35 - $41 (hourly)",jobspy_indeed,https://www.indeed.com/viewjob?jk=6e6e197ff26debeb,"","2026-02-25"
0,"","Building Controls Technician - Life Science","C&W Services","Boston, Massachusetts","","$42 - $49 (hourly)",jobspy_indeed,https://www.indeed.com/viewjob?jk=21caa1614fad379b,"","2026-02-24"
0,"","Maintenance Mechanic II","Catholic Medical Center","Boston, Massachusetts","","",jobspy_indeed,https://www.indeed.com/viewjob?jk=f6e0095230259ecd,"","2026-02-23"
0,"","Field Specialist, Field Services Support","Ricoh","Boston, Massachusetts","","",jobspy_indeed,https://www.indeed.com/viewjob?jk=33927b2a7b7dad04,"","2026-02-23"
0,"","Maintenance Technician - Full Time-2","Sonesta","Los Angeles, California","","$22 - $24 (hourly)",jobspy_indeed,https://www.indeed.com/viewjob?jk=0200d216d866255e,"","2026-03-02"
0,"","Maintenance Technician","Sonesta","Los Angeles, California","","$18 - $19 (hourly)",jobspy_indeed,https://www.indeed.com/viewjob?jk=fa73dece9a9c9d41,"","2026-03-02"
0,"","Lighting Technician","Univision Communications Inc","Los Angeles, California","","",jobspy_indeed,https://www.indeed.com/viewjob?jk=a7b2887f01065f53,"","2026-02-27"
0,"","Security Systems Integrator Field Tech/Installer","PACE SECURITY","Los Angeles, California","","$25 - $45 (hourly)",jobspy_indeed,https://www.indeed.com/viewjob?jk=7d91635d9c2555eb,"","2026-02-27"
0,"","Maintenance Technician","SpaceX","Los Angeles, California","","$23 - $38 (hourly)",jobspy_indeed,https://www.indeed.com/viewjob?jk=86ed919061b8b217,"","2026-02-27"
0,"","Vehicle Installation Technician","Lehr Auto","Los Angeles, California","","",jobspy_indeed,https://www.indeed.com/viewjob?jk=7a22e5c6f649f9f8,"","2026-02-26"
0,"","Diesel Bus Mechanic","Big Bus Tours","Los Angeles, California","","$28 - $34 (hourly)",jobspy_indeed,https://www.indeed.com/viewjob?jk=30c8636432c88a20,"","2026-02-26"
0,"","Electro-Mechanical Technician","DrinkPAK I, LLC","Los Angeles, California","","$40 - $55 (hourly)",jobspy_indeed,https://www.indeed.com/viewjob?jk=695501cf08075f12,"","2026-02-26"
0,"","Fire Extinguisher Technicians","Commercial Fire Protection, Inc.","Los Angeles, California","","",jobspy_indeed,https://www.indeed.com/viewjob?jk=45f0bb3b953726b9,"","2026-02-26"
0,"","Maintenance Engineer","Oh So Original, Inc.","Los Angeles, California","","$21 - $24 (hourly)",jobspy_indeed,https://www.indeed.com/viewjob?jk=9bdfa29530570d32,"","2026-02-01"
0,"","Digital Camera Service Tech - Panavision Woodland Hills","PANAVISION","Los Angeles, California","","$20 - $21 (hourly)",jobspy_indeed,https://www.indeed.com/viewjob?jk=ed8e3884352846d1,"","2026-02-25"
0,"","Maintenance Technician","Centennial Real Estate Company, LLC","Los Angeles, California","","",jobspy_indeed,https://www.indeed.com/viewjob?jk=e756c874b1021f22,"","2026-02-25"
0,"","Technician, Aftermarket Parts Installation","nan","Los Angeles, California","","$45,760 - $68,240 (yearly)",jobspy_indeed,https://www.indeed.com/viewjob?jk=12692fe99b00d347,"","2026-02-25"
0,"","Traveling Technician","RiverWoods","Los Angeles, California","","",jobspy_indeed,https://www.indeed.com/viewjob?jk=198c4be26802c809,"","2026-02-25"
0,"","Facilities Maintenance Technician II","Alaka`ina Foundation Family of Companies","Los Angeles, California","","",jobspy_indeed,https://www.indeed.com/viewjob?jk=c59e56a3d9b42c17,"","2026-02-24"
0,"","Apprentice Fire Safety Specialist - UniFirst First Aid + Safety","UniFirst","Los Angeles, California","","",jobspy_indeed,https://www.indeed.com/viewjob?jk=e10ff0e47a16dc43,"","2026-02-24"
0,"","Maintenance Supervisor","National Community Renaissance","Los Angeles, California","","$22 - $25 (hourly)",jobspy_indeed,https://www.indeed.com/viewjob?jk=149817b2752b1539,"","2026-02-24"
0,"","Fire Extinguisher Technician – UniFirst First Aid+ Safety","UniFirst","Los Angeles, California","","$55,000 - $65,000 (yearly)",jobspy_indeed,https://www.indeed.com/viewjob?jk=bd227267857f8bef,"","2026-02-24"
0,"","Trailer Repair Technician – Apprentice to Expert | Elkridge, MD","Thermo King Chesapeake","Washington, DC","","$18 - $26 (hourly)",jobspy_indeed,https://www.indeed.com/viewjob?jk=e3c95b816a01c846,"","2026-03-01"
0,"","Facilities Maintenance Technician","Capital Restoration Inc","Washington, DC","","$25 - $30 (hourly)",jobspy_indeed,https://www.indeed.com/viewjob?jk=b8d943e6e737fc72,"","2026-03-01"
0,"","Maintenance Technician, Lerner University Square","Lerner Enterprises","Washington, DC","","",jobspy_indeed,https://www.indeed.com/viewjob?jk=e3fea7e128dd86f9,"","2026-03-01"
0,"","HVAC TB Service Controls Eng I","Johnson Controls","Washington, DC","","$34 - $51 (hourly)",jobspy_indeed,https://www.indeed.com/viewjob?jk=dabdc1a8b4abb2c7,"","2026-02-28"
0,"","Maintenance Technician - HVAC Apprentice","ABM Industries Inc.","Washington, DC","","$24 - $25 (hourly)",jobspy_indeed,https://www.indeed.com/viewjob?jk=c8f9adaaa44d5cd9,"","2026-02-28"
0,"","ASSISTANT CHIEF ENGINEER","Stoladi Property Group","Washington, DC","","$37 - $47 (hourly)",jobspy_indeed,https://www.indeed.com/viewjob?jk=b2691159134689e2,"","2026-02-27"
0,"","DC Maintenance Technician - Affordable Housing Community","The CT Group","Washington, DC","","",jobspy_indeed,https://www.indeed.com/viewjob?jk=d6efd2102306c73e,"","2026-02-27"
0,"","DC Maintenance Supervisor- Affordable Housing (HUD Section 8/LIHTC)","The CT Group","Washington, DC","","",jobspy_indeed,https://www.indeed.com/viewjob?jk=fc1186b4e15a1f7b,"","2026-02-27"
0,"","Maintenance Technician III","Lutheran Village at Miller's Grant","Washington, DC","","$20 - $24 (hourly)",jobspy_indeed,https://www.indeed.com/viewjob?jk=fed6bcd4459613cd,"","2026-02-27"
0,"","Maintenance and Housekeeping Director","Eastern Sports Management","Washington, DC","","$50,000 - $55,000 (yearly)",jobspy_indeed,https://www.indeed.com/viewjob?jk=b6acdad7c606e533,"","2026-02-27"
0,"","Maintenance Technician","ABM Industries Inc.","Washington, DC","","",jobspy_indeed,https://www.indeed.com/viewjob?jk=24c8e26f45082a67,"","2026-02-27"
0,"","Automotive Installation Technician-Manassas","East Coast Emergency Vehicles","Washington, DC","","",jobspy_indeed,https://www.indeed.com/viewjob?jk=6bb69a835b2ab308,"","2026-02-27"
0,"","Controls Technician","Smart Building Technologies","Washington, DC","","",jobspy_indeed,https://www.indeed.com/viewjob?jk=642ddc5ae70f378d,"","2026-02-27"
0,"","Irrigation Technician Trainee","nan","Washington, DC","","$18 - $21 (hourly)",jobspy_indeed,https://www.indeed.com/viewjob?jk=5e4666a425c1e3aa,"","2026-02-26"
0,"","Maintenance Technician-Fenwick Apartments","29th Street","Washington, DC","","$24 - $26 (hourly)",jobspy_indeed,https://www.indeed.com/viewjob?jk=00ea761344d8738b,"","2026-02-26"
0,"","Diesel Mechanic Mobile","Ryder System","Washington, DC","","",jobspy_indeed,https://www.indeed.com/viewjob?jk=eddf70204e877893,"","2026-02-26"
0,"","Maintenance Technician","Centennial Real Estate Company, LLC","Washington, DC","","$30 - $34 (hourly)",jobspy_indeed,https://www.indeed.com/viewjob?jk=0fb998308520c619,"","2026-02-26"
0,"","Maintenance Mechanic","Able Services","Washington, DC","","$25 - $32 (hourly)",jobspy_indeed,https://www.indeed.com/viewjob?jk=b5d0947480d0775d,"","2026-02-26"
0,"","Maintenance Technician","Residential One","Washington, DC","","",jobspy_indeed,https://www.indeed.com/viewjob?jk=e42381b36ddd3592,"","2026-02-26"
0,"","Maintenance Technician II","NOVO Properties","Washington, DC","","$26 - $30 (hourly)",jobspy_indeed,https://www.indeed.com/viewjob?jk=0dd2643e90f7bc54,"","2026-02-01"
0,"","Outdoor Lighting/Irrigation Technician","nan","Washington, DC","","$23 - $35 (hourly)",jobspy_indeed,https://www.indeed.com/viewjob?jk=aa093887b60706c8,"","2026-02-01"
0,"","Maintenance Person","Patterson Maintenance Services","United States","","$18 - $21 (hourly)",jobspy_indeed,https://www.indeed.com/viewjob?jk=c14d7188699babfa,"","2026-03-02"
0,"","Facility Maintenance Technician","Turner Industries","United States","","",jobspy_indeed,https://www.indeed.com/viewjob?jk=63e2ea176d7296f5,"","2026-03-02"
0,"","Installation Technician","Creative Sound & Lighting Solutions","United States","","$20 - $27 (hourly)",jobspy_indeed,https://www.indeed.com/viewjob?jk=324456fcbd218d4f,"","2026-03-02"
0,"","Irrigation Technician","Elevate Outdoor","United States","","$28 - $30 (hourly)",jobspy_indeed,https://www.indeed.com/viewjob?jk=5c2b5b3357085892,"","2026-03-02"
0,"","Automation Tech","staffRight Talent","United States","","",jobspy_indeed,https://www.indeed.com/viewjob?jk=84658172be1ffd31,"","2026-03-02"
0,"","I/E Specialist - Medium Voltage/High Voltage","staffRight Talent","United States","","",jobspy_indeed,https://www.indeed.com/viewjob?jk=1fa2848f68f6b8da,"","2026-03-02"
0,"","Hotel Maintenance Technician","Sonesta","United States","","",jobspy_indeed,https://www.indeed.com/viewjob?jk=2eed26ef3541fa6a,"","2026-03-02"
0,"","Automation Systems & Robotics Maintenance Manager","FutureDial Inc.","United States","","$65,000 - $90,000 (yearly)",jobspy_indeed,https://www.indeed.com/viewjob?jk=f05f0c636fb7c2c5,"","2026-03-02"
0,"","Residential Maintenance Technician - Level II","Balfour Beatty","United States","","",jobspy_indeed,https://www.indeed.com/viewjob?jk=dff90a295f94e943,"","2026-03-02"
0,"","Maintenance Technician","Raines Co.","United States","","$14 - $16 (hourly)",jobspy_indeed,https://www.indeed.com/viewjob?jk=4bb880a615915836,"","2026-03-01"
0,"","Rooms Maintenance","Commonwealth Hotels","United States","","$19 - $20 (hourly)",jobspy_indeed,https://www.indeed.com/viewjob?jk=03504462284f7500,"","2026-03-01"
0,"","Maintenance Technician I / II - HWTP 26-039","Charleston Water System","United States","","$22 - $35 (hourly)",jobspy_indeed,https://www.indeed.com/viewjob?jk=fdd385a966319615,"","2026-03-01"
0,"","Landscape Technician","TruVine Design","United States","","$22 - $25 (hourly)",jobspy_indeed,https://www.indeed.com/viewjob?jk=1bd9f7d2f598c344,"","2026-03-01"
0,"","Manager, Facilities (Distribution Center)","Spencer's","United States","","",jobspy_indeed,https://www.indeed.com/viewjob?jk=f6a0b5e5802ac3fb,"","2025-12-09"
0,"","Solutions Engineer","Green Office Partner","Chicago, Illinois","","",jobspy_indeed,https://www.indeed.com/viewjob?jk=214ed179cba7ad23,"","2026-03-02"
0,"","Process Architect","G&W Electric Company","Chicago, Illinois","","$96,555 - $125,563 (yearly)",jobspy_indeed,https://www.indeed.com/viewjob?jk=3b5dba64240f6083,"","2026-03-01"
0,"","Manufacturing Engineer II","G&W Electric Company","Chicago, Illinois","","$74,732 - $97,193 (yearly)",jobspy_indeed,https://www.indeed.com/viewjob?jk=ab0a7a3791be5e64,"","2026-03-01"
0,"","Mechanical Engineer - Mission Critical","Harley Ellis Devereaux","Chicago, Illinois","","$95,000 - $187,000 (yearly)",jobspy_indeed,https://www.indeed.com/viewjob?jk=bb321963a95ac40e,"","2026-02-28"
0,"","Mechanical Designer - Mission Critical","Harley Ellis Devereaux","Chicago, Illinois","","$86,000 - $144,000 (yearly)",jobspy_indeed,https://www.indeed.com/viewjob?jk=e337e0ca3eb12b20,"","2026-02-28"
0,"","Security Officer","Suncast Corporation","Chicago, Illinois","","$18 - $20 (hourly)",jobspy_indeed,https://www.indeed.com/viewjob?jk=f7a93433a952fc8a,"","2026-02-28"
0,"","Sr. Software Engineer","Comcast","Chicago, Illinois","","$129,515 - $203,525 (yearly)",jobspy_indeed,https://www.indeed.com/viewjob?jk=3913dfe45d478103,"","2026-02-27"
0,"","Principal Architect, Enterprise Architecture","Comcast","Chicago, Illinois","","$165,747 - $248,621 (yearly)",jobspy_indeed,https://www.indeed.com/viewjob?jk=eedcb287afe731b6,"","2026-02-27"
0,"","LEARNING EXPERIENCE DESIGNER","IMC Financial Markets","Chicago, Illinois","","$110,000 - $140,000 (yearly)",jobspy_indeed,https://www.indeed.com/viewjob?jk=d50db1c78e9f2322,"","2026-02-27"
0,"","National Account Manager - Electronic Security","Allied Universal Technology Services","Chicago, Illinois","","$90,000 - $100,000 (yearly)",jobspy_indeed,https://www.indeed.com/viewjob?jk=243d408103e0f9f4,"","2026-02-27"
0,"","Property Associate","JLL","Chicago, Illinois","","$26 - $31 (hourly)",jobspy_indeed,https://www.indeed.com/viewjob?jk=2393a21514aa75d8,"","2026-02-27"
0,"","Welder - Bartlett, IL (Holman Upfitting)","Holman","Chicago, Illinois","","$22 - $29 (hourly)",jobspy_indeed,https://www.indeed.com/viewjob?jk=3d57d5ad26f0dcef,"","2026-02-27"
0,"","Sr. Manager, Software Engineering- Developer Experience & Performance Optimization (Remote)","Inspira Financial","Chicago, Illinois","","$133,000 - $160,000 (yearly)",jobspy_indeed,https://www.indeed.com/viewjob?jk=a4031b9ce6f7d9fb,"","2026-02-27"
0,"","Engineering Training Specialist","Molex","Chicago, Illinois","","$90,000 - $100,000 (yearly)",jobspy_indeed,https://www.indeed.com/viewjob?jk=5c4025d57941195a,"","2026-02-27"
0,"","Customer Solutions Engineer","HP Tuners LLC","Chicago, Illinois","","$75,000 - $85,000 (yearly)",jobspy_indeed,https://www.indeed.com/viewjob?jk=1afe7a33f03493ab,"","2026-02-26"
0,"","Senior Water/Wastewater Engineer","Stanley Consultants","Chicago, Illinois","","$122,300 - $160,850 (yearly)",jobspy_indeed,https://www.indeed.com/viewjob?jk=717751fe2ffa1a38,"","2026-02-26"
0,"","Project Engineer / Assistant","Level Development LLC","Chicago, Illinois","","$70,000 - $82,000 (yearly)",jobspy_indeed,https://www.indeed.com/viewjob?jk=5c1515fae3e0ef2a,"","2026-02-26"
0,"","Facilities Operation Engineer - Libertyville, IL","Alight Solutions","Chicago, Illinois","","$65,000 - $75,000 (yearly)",jobspy_indeed,https://www.indeed.com/viewjob?jk=9eef36334a64f306,"","2026-02-26"
0,"","Maintenance Mechanic B","Kerry","Chicago, Illinois","","",jobspy_indeed,https://www.indeed.com/viewjob?jk=1f20d2f58e421866,"","2026-02-26"
0,"","Sr. Partner Readiness Engineer","Ericsson","Chicago, Illinois","","$113,000 - $151,000 (yearly)",jobspy_indeed,https://www.indeed.com/viewjob?jk=b3bb54cd876a1c9a,"","2026-02-06"
0,"","Applications Engineer","Avantier","New York, New York","","$70,000 - $90,000 (yearly)",jobspy_indeed,https://www.indeed.com/viewjob?jk=d91b53d8971f379b,"","2026-03-01"
0,"","Embedded Project Manager","M.C. Dean, Inc.","New York, New York","","$103,360 - $155,040 (yearly)",jobspy_indeed,https://www.indeed.com/viewjob?jk=0107076c9fa5d476,"","2026-02-27"
0,"","Associate Production Engineer","Chromalloy","New York, New York","","$84,672 - $111,132 (yearly)",jobspy_indeed,https://www.indeed.com/viewjob?jk=1b93e769de5a189d,"","2026-02-27"
0,"","Senior Software Engineering Manager, AI/ML GenAI, Google Workspace","Google","New York, New York","","$248,000 - $349,000 (yearly)",jobspy_indeed,https://www.indeed.com/viewjob?jk=6b6f5b3c2a8e3fbd,"","2026-02-27"
0,"","Senior Software Engineer, AI/ML GenAI, Google Workspace","Google","New York, New York","","$166,000 - $244,000 (yearly)",jobspy_indeed,https://www.indeed.com/viewjob?jk=efef3361936d75e1,"","2026-02-27"
0,"","Lead Application Developers","ADP","New York, New York","","$132,585 - $222,200 (yearly)",jobspy_indeed,https://www.indeed.com/viewjob?jk=76af6282b8a37495,"","2026-02-27"
0,"","Application Developers","ADP","New York, New York","","$105,267 - $142,200 (yearly)",jobspy_indeed,https://www.indeed.com/viewjob?jk=fe1b2063f7fc47ae,"","2026-02-27"
0,"","ECI Master Scheduler/Configuration Analyst","KLA","New York, New York","","$65,500 - $111,400 (yearly)",jobspy_indeed,https://www.indeed.com/viewjob?jk=6ff01d69a7eda31c,"","2026-02-27"
0,"","Lead Senior Product Manager, Ads, DV360","Google","New York, New York","","$183,000 - $271,000 (yearly)",jobspy_indeed,https://www.indeed.com/viewjob?jk=b1d030f1523fcfe7,"","2026-02-27"
0,"","Engineering Program Manager, Commerce UI, Apple Services Engineering","Apple","New York, New York","","$163,300 - $290,100 (yearly)",jobspy_indeed,https://www.indeed.com/viewjob?jk=d0f3526869a8aed0,"","2026-02-27"
0,"","COMMUNICATIONS SPECIALIST","TE Connectivity","New York, New York","","$57,600 - $71,900 (yearly)",jobspy_indeed,https://www.indeed.com/viewjob?jk=be087cf04991f83e,"","2026-02-27"
0,"","FreeWheel Solutions Engineer - New York","Comcast","New York, New York","","$90,527 - $135,790 (yearly)",jobspy_indeed,https://www.indeed.com/viewjob?jk=4583d1a6ec39f9d6,"","2026-02-27"
0,"","Site Reliability Engineer - Digital Platform","ARCENT Solutions","New York, New York","","$115,002 - $138,497 (yearly)",jobspy_indeed,https://www.indeed.com/viewjob?jk=9aff4803e05ac899,"","2026-02-27"
0,"","Senior Director of Engineering, Wealth & Investing","Dow Jones","New York, New York","","$220,000 - $270,000 (yearly)",jobspy_indeed,https://www.indeed.com/viewjob?jk=c089195cfcda0b0a,"","2026-02-27"
0,"","Manager (Product), Global Streaming Research and Insights","Paramount","New York, New York","","$98,000 - $125,000 (yearly)",jobspy_indeed,https://www.indeed.com/viewjob?jk=ef54112ded8f212c,"","2026-02-27"
0,"","Mobile Quality Engineer","ARCENT Solutions","New York, New York","","$82,890 - $120,000 (yearly)",jobspy_indeed,https://www.indeed.com/viewjob?jk=e6d572c8a34b1d81,"","2026-02-27"
0,"","Design Solution Engineer","Salesforce","New York, New York","","$134,750 - $198,170 (yearly)",jobspy_indeed,https://www.indeed.com/viewjob?jk=274704247db2e4b1,"","2026-02-26"
0,"","Production Internship","HII","New York, New York","","$40,911 - $58,444 (yearly)",jobspy_indeed,https://www.indeed.com/viewjob?jk=25a8f2c0d7c9bec8,"","2026-02-26"
0,"","Software Quality Engineer II","Optimum","New York, New York","","$100,246 - $164,689 (yearly)",jobspy_indeed,https://www.indeed.com/viewjob?jk=d3d6cc536215a723,"","2026-02-26"
0,"","Senior Application Developers","ADP","New York, New York","","$127,771 - $165,300 (yearly)",jobspy_indeed,https://www.indeed.com/viewjob?jk=948536013291b995,"","2026-02-26"
0,"","Sr. Product Manager - Tech, Supply Tech, Creative Management","Amazon.com","New York, New York","","$166,300 - $225,000 (yearly)",jobspy_indeed,https://www.indeed.com/viewjob?jk=ec0ccc42994bb44d,"","2026-02-25"
0,"","Software Engineer, AI/ML, Google Ads","Google","San Francisco, California","","$166,000 - $244,000 (yearly)",jobspy_indeed,https://www.indeed.com/viewjob?jk=cecd0a7cbcc6e0bf,"","2026-03-02"
0,"","Staff UX Designer, Google Ad Sales CRM","Google","San Francisco, California","","$178,000 - $265,000 (yearly)",jobspy_indeed,https://www.indeed.com/viewjob?jk=f5ae5dfb1240343d,"","2026-03-02"
0,"","Senior Software Engineer – Embedded Linux (Storage Systems)","Verkada","San Francisco, California","","$130,000 - $280,000 (yearly)",jobspy_indeed,https://www.indeed.com/viewjob?jk=2abded86a04526be,"","2026-03-02"
0,"","Senior Technical Writer, Site Reliability Engineering","Google","San Francisco, California","","$129,000 - $189,000 (yearly)",jobspy_indeed,https://www.indeed.com/viewjob?jk=94f4a549960c2f9b,"","2026-03-02"
0,"","Video Machine Learning Engineer","Apple","San Francisco, California","","$147,400 - $272,100 (yearly)",jobspy_indeed,https://www.indeed.com/viewjob?jk=cc613f40317d8342,"","2026-03-01"
0,"","Senior Software Engineer, Streaming Media","Apple","San Francisco, California","","$147,400 - $272,100 (yearly)",jobspy_indeed,https://www.indeed.com/viewjob?jk=960299f660c7269c,"","2026-02-26"
0,"","iOS Engineer-Apple TV","Apple","San Francisco, California","","$147,400 - $272,100 (yearly)",jobspy_indeed,https://www.indeed.com/viewjob?jk=6958125350fdf4e2,"","2026-02-23"
0,"","Associate Development Engineer (4758C) - Job 84710 - EECS","University of California Berkeley","San Francisco, California","","$88,900 - $126,400 (yearly)",jobspy_indeed,https://www.indeed.com/viewjob?jk=929fba1392eb3ac9,"","2026-02-28"
0,"","Mechanical Engineer - Mission Critical","Harley Ellis Devereaux","San Francisco, California","","$95,000 - $187,000 (yearly)",jobspy_indeed,https://www.indeed.com/viewjob?jk=e9bb33cf7c48b39c,"","2026-02-28"
0,"","Mechanical Designer - Mission Critical","Harley Ellis Devereaux","San Francisco, California","","$86,000 - $144,000 (yearly)",jobspy_indeed,https://www.indeed.com/viewjob?jk=79880b2178e39a69,"","2026-02-28"
0,"","Director, Product & Test Engineering","Synaptics","San Francisco, California","","$186,000 - $293,700 (yearly)",jobspy_indeed,https://www.indeed.com/viewjob?jk=1d44831a98859b0f,"","2026-02-28"
0,"","Principal Software Engineer, AWS Neuron","Amazon.com","San Francisco, California","","$230,100 - $311,200 (yearly)",jobspy_indeed,https://www.indeed.com/viewjob?jk=673f1217676dca85,"","2026-02-27"
0,"","GTM Engineer","Delve","San Francisco, California","","$140,000 - $220,000 (yearly)",jobspy_indeed,https://www.indeed.com/viewjob?jk=44e95c6baa855ead,"","2026-02-27"
0,"","Live Command Center Operations Lead","Netflix","San Francisco, California","","$200,000 - $300,000 (yearly)",jobspy_indeed,https://www.indeed.com/viewjob?jk=9fe6205b60361f78,"","2026-02-27"
0,"","Software Intern","KLA","San Francisco, California","","",jobspy_indeed,https://www.indeed.com/viewjob?jk=b8a116b0666741b6,"","2026-02-27"
0,"","Software Engineer - Test Automation","KLA","San Francisco, California","","$117,800 - $200,300 (yearly)",jobspy_indeed,https://www.indeed.com/viewjob?jk=463a562e09f02043,"","2026-02-27"
0,"","Software Engineer III, AI/ML GenAI, Search","Google","San Francisco, California","","$141,000 - $202,000 (yearly)",jobspy_indeed,https://www.indeed.com/viewjob?jk=253f2c1dc16a7e33,"","2026-02-27"
0,"","Senior Staff Program Manager","Fivetran","San Francisco, California","","$192,386 - $240,482 (yearly)",jobspy_indeed,https://www.indeed.com/viewjob?jk=95eb572bfdedab7b,"","2026-02-27"
0,"","Security Engineer - Investigator (High Severity Scams)","Meta","San Francisco, California","","$184,000 - $257,000 (yearly)",jobspy_indeed,https://www.indeed.com/viewjob?jk=0659770b95feeb3d,"","2026-02-26"
0,"","Software Engineer III, AI/ML GenAI, Google Cloud","Google","Seattle, Washington","","$141,000 - $202,000 (yearly)",jobspy_indeed,https://www.indeed.com/viewjob?jk=f168d424b576f078,"","2026-03-02"
0,"","Video Integration Engineer","Apple","Seattle, Washington","","$163,300 - $245,800 (yearly)",jobspy_indeed,https://www.indeed.com/viewjob?jk=477214bb39fc1f7a,"","2026-03-01"
0,"","AI Research Scientist - Multimodal Intelligence","Apple","Seattle, Washington","","$171,600 - $302,200 (yearly)",jobspy_indeed,https://www.indeed.com/viewjob?jk=e5f3570eace62d8d,"","2026-03-01"
0,"","Senior Machine Learning Engineer, Ad Platforms","nan","Seattle, Washington","","$141,900 - $199,400 (yearly)",jobspy_indeed,https://www.indeed.com/viewjob?jk=d1a213b086eb25b7,"","2026-02-28"
0,"","Sr Software Engineer - Gameplay (NST)","Nintendo","Seattle, Washington","","$149,414 - $224,121 (yearly)",jobspy_indeed,https://www.indeed.com/viewjob?jk=aa0076441537acb7,"","2026-02-28"
0,"","Multi Family Construction Project Engineer (2 yrs Exp Required)","Edge Community Builders","Seattle, Washington","","$90,000 - $105,000 (yearly)",jobspy_indeed,https://www.indeed.com/viewjob?jk=ee79882da8e098db,"","2026-02-28"
0,"","Principal Engineer, IT (NTD)","Nintendo","Seattle, Washington","","$169,000 - $304,200 (yearly)",jobspy_indeed,https://www.indeed.com/viewjob?jk=d461159aecc415cf,"","2026-02-27"
0,"","CONTRACT - Sr Systems Engineer (NTD)","Nintendo","Seattle, Washington","","$67 - $121 (hourly)",jobspy_indeed,https://www.indeed.com/viewjob?jk=bc1bbce151686223,"","2026-02-27"
0,"","CONTRACT - Engineer, Communication Protocols (NTD)","Nintendo","Seattle, Washington","","$56 - $101 (hourly)",jobspy_indeed,https://www.indeed.com/viewjob?jk=d06f4d6b5d103524,"","2026-02-27"
0,"","Mgr Sys Applications Analyst 1","HII","Seattle, Washington","","$104,818 - $150,000 (yearly)",jobspy_indeed,https://www.indeed.com/viewjob?jk=036cea4c68749a23,"","2026-02-27"
0,"","Lead Inspector (TE3)","State of Washington","Seattle, Washington","","$82,857 - $111,409 (yearly)",jobspy_indeed,https://www.indeed.com/viewjob?jk=745509cac0a50c7e,"","2026-02-27"
0,"","CONTRACT - Associate Engineer, Graphics SDET (NTD)","Nintendo","Seattle, Washington","","$50 - $81 (hourly)",jobspy_indeed,https://www.indeed.com/viewjob?jk=ef0f95d10337b416,"","2026-02-27"
0,"","Bilingual Manufacturing Engineer I (Japanese)","Nintendo","Seattle, Washington","","$69,200 - $110,700 (yearly)",jobspy_indeed,https://www.indeed.com/viewjob?jk=f6cdf982ea114e2f,"","2026-02-27"
0,"","Security Engineer (Cloud)","Nintendo","Seattle, Washington","","$105,300 - $168,500 (yearly)",jobspy_indeed,https://www.indeed.com/viewjob?jk=92bc44bdac10d715,"","2026-02-27"
0,"","Security Engineer - Investigator (High Severity Scams)","Meta","Seattle, Washington","","$184,000 - $257,000 (yearly)",jobspy_indeed,https://www.indeed.com/viewjob?jk=aa96f129959a1acd,"","2026-02-26"
0,"","Software Engineer II","ALLEN INSTITUTE","Seattle, Washington","","$119,650 - $149,550 (yearly)",jobspy_indeed,https://www.indeed.com/viewjob?jk=45d7c03c638e9e15,"","2026-02-19"
0,"","SDE II","Microsoft","Seattle, Washington","","$100,600 - $215,400 (yearly)",jobspy_indeed,https://www.indeed.com/viewjob?jk=0d726cc83eadf76a,"","2026-02-04"
0,"","R&D Engineer - Advanced Materials Technology","Prysmian Group","Boston, Massachusetts","","",jobspy_indeed,https://www.indeed.com/viewjob?jk=1014e7c382c5f8d5,"","2026-03-02"
0,"","Structural Engineer - Mission Critical","Harley Ellis Devereaux","Boston, Massachusetts","","$110,000 - $130,000 (yearly)",jobspy_indeed,https://www.indeed.com/viewjob?jk=26a6ce4514dab900,"","2026-02-28"
0,"","Mechanical Engineer - Mission Critical","Harley Ellis Devereaux","Boston, Massachusetts","","$95,000 - $187,000 (yearly)",jobspy_indeed,https://www.indeed.com/viewjob?jk=eac45ef575668413,"","2026-02-28"
0,"","Structural Designer - Mission Critical","Harley Ellis Devereaux","Boston, Massachusetts","","$38 - $45 (hourly)",jobspy_indeed,https://www.indeed.com/viewjob?jk=3f8102050c79e792,"","2026-02-28"
0,"","Mechanical Designer - Mission Critical","Harley Ellis Devereaux","Boston, Massachusetts","","$86,000 - $144,000 (yearly)",jobspy_indeed,https://www.indeed.com/viewjob?jk=7640376df623f1e2,"","2026-02-28"
0,"","Robotics Technician III","Boston Dynamics","Boston, Massachusetts","","$27 - $35 (hourly)",jobspy_indeed,https://www.indeed.com/viewjob?jk=35f133b06a5d6057,"","2026-02-27"
0,"","Maintenance Engineer - Full Time","Giri Hotel Management","Boston, Massachusetts","","",jobspy_indeed,https://www.indeed.com/viewjob?jk=f7eb3d848930083a,"","2026-02-27"
0,"","Engineer (2:00 PM - 10:30 PM Shift)","Marriott International","Boston, Massachusetts","","$22 - $24 (hourly)",jobspy_indeed,https://www.indeed.com/viewjob?jk=6386c52f9a477bdf,"","2026-02-27"
0,"","Robotics Operations Technician IV, Stretch Test Operations","Boston Dynamics","Boston, Massachusetts","","$41 - $50 (hourly)",jobspy_indeed,https://www.indeed.com/viewjob?jk=5a3777ddc62e5080,"","2026-02-27"
0,"","Network Engineer 3","Boston Medical Center","Boston, Massachusetts","","$89,500 - $130,000 (yearly)",jobspy_indeed,https://www.indeed.com/viewjob?jk=136674ef4d82bd59,"","2026-02-27"
0,"","Applications Engineer","Instron","Boston, Massachusetts","","$85,000 - $90,000 (yearly)",jobspy_indeed,https://www.indeed.com/viewjob?jk=2acff99ac38b0b2b,"","2026-02-26"
0,"","Principal Network Engineer (Onsite - Secret Clearance Required)","Raytheon","Boston, Massachusetts","","$82,000 - $164,000 (yearly)",jobspy_indeed,https://www.indeed.com/viewjob?jk=cccb8d8a9f5f6517,"","2026-02-26"
0,"","Cloud Specialist New England","Motorola Solutions","Boston, Massachusetts","","$90,000 - $210,000 (yearly)",jobspy_indeed,https://www.indeed.com/viewjob?jk=9b863f176f9f9260,"","2026-02-26"
0,"","Property & Buildings Digital Advisory Lead","WSP","Boston, Massachusetts","","$160,000 - $215,000 (yearly)",jobspy_indeed,https://www.indeed.com/viewjob?jk=5d60e9644e8369d1,"","2026-02-26"
0,"","Netsuite Consultant","Catapult Sports","Boston, Massachusetts","","$100,338 - $200,675 (yearly)",jobspy_indeed,https://www.indeed.com/viewjob?jk=d82c240d6031228e,"","2026-02-26"
0,"","Sr. Partner Readiness Engineer","Ericsson","Boston, Massachusetts","","$113,000 - $151,000 (yearly)",jobspy_indeed,https://www.indeed.com/viewjob?jk=57c1ad355378fb3b,"","2026-02-06"
0,"","Senior Software Engineer, Full Stack, Google Ads","Google","Los Angeles, California","","$166,000 - $244,000 (yearly)",jobspy_indeed,https://www.indeed.com/viewjob?jk=b17ea260f67ee8dd,"","2026-03-02"
0,"","Mechanical Engineer - Mission Critical","Harley Ellis Devereaux","Los Angeles, California","","$95,000 - $187,000 (yearly)",jobspy_indeed,https://www.indeed.com/viewjob?jk=8d6540d59befc78c,"","2026-02-28"
0,"","Mechanical Designer - Mission Critical","Harley Ellis Devereaux","Los Angeles, California","","$86,000 - $144,000 (yearly)",jobspy_indeed,https://www.indeed.com/viewjob?jk=20bda76af409ae91,"","2026-02-28"
0,"","Software Development Engineer in Test (SDET), Video Apps","Apple","Los Angeles, California","","$139,500 - $258,100 (yearly)",jobspy_indeed,https://www.indeed.com/viewjob?jk=184c14ac2d431601,"","2026-02-28"
0,"","Software Engineer, Gameplay Combat","Blizzard Entertainment","Los Angeles, California","","$77,500 - $143,376 (yearly)",jobspy_indeed,https://www.indeed.com/viewjob?jk=00acd7da5f4b438c,"","2026-02-27"
0,"","SENIOR DIRECTOR, PROJECT ENGINEERING (ZERO EMISSION BUS CHARING INFRASTRUCTURE)","Los Angeles County Metropolitan Transportation Authority","Los Angeles, California","","$141,148 - $211,681 (yearly)",jobspy_indeed,https://www.indeed.com/viewjob?jk=4f08b9170b4e88de,"","2026-02-27"
0,"","CYBERSECURITY ENGINEER","Los Angeles County Metropolitan Transportation Authority","Los Angeles, California","","$114,816 - $172,224 (yearly)",jobspy_indeed,https://www.indeed.com/viewjob?jk=d4c3cfc04b69413f,"","2026-02-27"
0,"","QA Manager, Digital Games","Mattel, Inc.","Los Angeles, California","","",jobspy_indeed,https://www.indeed.com/viewjob?jk=def40edac9e26108,"","2026-02-27"
0,"","Product Manager, Digital Experiences","Mattel, Inc.","Los Angeles, California","","",jobspy_indeed,https://www.indeed.com/viewjob?jk=de34e6fa8a991cb8,"","2026-02-27"
0,"","Maintenance Electrician","Mattel, Inc.","Los Angeles, California","","",jobspy_indeed,https://www.indeed.com/viewjob?jk=0e33c4b1446fa905,"","2026-02-26"
0,"","Software Engineer","Paramount","Los Angeles, California","","$110,000 - $145,000 (yearly)",jobspy_indeed,https://www.indeed.com/viewjob?jk=917b4fa6f284d165,"","2026-02-27"
0,"","Sr Software Engineer","Paramount","Los Angeles, California","","$124,000 - $170,000 (yearly)",jobspy_indeed,https://www.indeed.com/viewjob?jk=420672dd85d56519,"","2026-02-27"
0,"","Senior Electronics Design Engineer","SILVUS TECHNOLOGIES","Los Angeles, California","","$120,000 - $180,000 (yearly)",jobspy_indeed,https://www.indeed.com/viewjob?jk=40fcd83bf15c7b08,"","2026-02-27"
0,"","Sr. Manager, Content Promotion & Distribution Data Engineering","Netflix","Los Angeles, California","","$525,000 - $950,000 (yearly)",jobspy_indeed,https://www.indeed.com/viewjob?jk=a2177631da7fc910,"","2026-02-27"
0,"","Software Engineer, Engine Systems - Diablo | Irvine, CA or Albany, NY","Blizzard Entertainment","Los Angeles, California","","$37 - $68 (hourly)",jobspy_indeed,https://www.indeed.com/viewjob?jk=8b4a746994dd7086,"","2026-02-27"
0,"","Videographer","Banks Power","Los Angeles, California","","$35 - $42 (hourly)",jobspy_indeed,https://www.indeed.com/viewjob?jk=9af5c8cd4d01b7a6,"","2026-02-27"
0,"","Senior Software Engineer (AI-Assisted Reverse Engineering Toolin","Dhara Consulting Group","Washington, DC","","$250,000 - $315,000 (yearly)",jobspy_indeed,https://www.indeed.com/viewjob?jk=36c076422366139f,"","2026-03-02"
0,"","Systems Engineer - 90337675 - Washington","Amtrak","Washington, DC","","$65,500 - $84,888 (yearly)",jobspy_indeed,https://www.indeed.com/viewjob?jk=eb62288b8381745c,"","2026-03-01"
0,"","Construction/Maintenance Project Manager II","Fairfax County Government","Washington, DC","","$83,009 - $138,349 (yearly)",jobspy_indeed,https://www.indeed.com/viewjob?jk=61cbb1b8e02a54fd,"","2026-02-28"
0,"","Mechanical Engineer (Engineer IV)","Fairfax County Government","Washington, DC","","$87,024 - $145,041 (yearly)",jobspy_indeed,https://www.indeed.com/viewjob?jk=ac19e7a78b61e232,"","2026-02-28"
0,"","Senior Program Manager, Product Enablement","Expel","Washington, DC","","$118,400 - $171,700 (yearly)",jobspy_indeed,https://www.indeed.com/viewjob?jk=b90fadd5303ac1d8,"","2026-02-28"
0,"","SDET","CGI","Washington, DC","","$95,800 - $154,300 (yearly)",jobspy_indeed,https://www.indeed.com/viewjob?jk=7d8653cd84c91acd,"","2026-02-27"
0,"","Full Stack Engineer","Smith Farms North","Washington, DC","","$120,000 - $150,000 (yearly)",jobspy_indeed,https://www.indeed.com/viewjob?jk=d0367e46838cd0cf,"","2026-02-27"
0,"","Scrum Master (Project Management Analyst 4)","HII","Washington, DC","","$113,524 - $145,000 (yearly)",jobspy_indeed,https://www.indeed.com/viewjob?jk=b9ff16b420db1d8d,"","2026-02-27"
0,"","Mission System Technician - Europe","Metrea Management LLC","Washington, DC","","",jobspy_indeed,https://www.indeed.com/viewjob?jk=8a356507bf51b603,"","2026-02-27"
0,"","General Engineer (Final Assembly and Testing)","nan","Washington, DC","","$143,913 - $197,200 (yearly)",jobspy_indeed,https://www.indeed.com/viewjob?jk=cec04928343b223c,"","2026-02-27"
0,"","Graphic Design Internship","HII","Washington, DC","","$49,596 - $52,000 (yearly)",jobspy_indeed,https://www.indeed.com/viewjob?jk=39596551fb069fd1,"","2026-02-27"
0,"","Subject Matter Expert – Intermediate","AGE Solutions","Washington, DC","","",jobspy_indeed,https://www.indeed.com/viewjob?jk=6bea4dc744420e04,"","2026-02-27"
0,"","Enterprise Architect","AGE Solutions","Washington, DC","","",jobspy_indeed,https://www.indeed.com/viewjob?jk=c47317f810b89f68,"","2026-02-27"
0,"","Senior Network Engineer - Corporate Enterprise Network (WAN)","AGE Solutions","Washington, DC","","",jobspy_indeed,https://www.indeed.com/viewjob?jk=2510686ab013a348,"","2026-02-27"
0,"","Gamified Instructional Designer","Booz Allen Hamilton","Washington, DC","","$69,400 - $158,000 (yearly)",jobspy_indeed,https://www.indeed.com/viewjob?jk=a9213a4585795a44,"","2026-02-27"
0,"","Security Engineer - Investigator (High Severity Scams)","Meta","Washington, DC","","$184,000 - $257,000 (yearly)",jobspy_indeed,https://www.indeed.com/viewjob?jk=1cb9bca63e76da1d,"","2026-02-26"
0,"","Sr. Operational Test and Evaluation Engineer","Systems Planning and Analysis, Inc. (SPA)","Washington, DC","","$150,000 - $200,000 (yearly)",jobspy_indeed,https://www.indeed.com/viewjob?jk=e680f070d9a5271f,"","2026-02-26"
0,"","Senior Software Engineer","Brivo","Washington, DC","","$130,000 - $160,000 (yearly)",jobspy_indeed,https://www.indeed.com/viewjob?jk=d8044e0e1137fe68,"","2026-02-26"
0,"","Datacenter Operations Engineer","TikTok","Washington, DC","","",jobspy_indeed,https://www.indeed.com/viewjob?jk=6a9e4164eb34ee33,"","2026-02-26"
0,"","Cloud Engineer (Cloud Engineer 4)","HII","Washington, DC","","$137,510 - $194,443 (yearly)",jobspy_indeed,https://www.indeed.com/viewjob?jk=9416cfd65bb174da,"","2026-02-26"
0,"","GenAI Product Policy Manager","Meta","Washington, DC","","$122,000 - $180,000 (yearly)",jobspy_indeed,https://www.indeed.com/viewjob?jk=de86a58703e0cc06,"","2026-02-25"
0,"","Inkjet Field Service Technician","Inkcups Now","United States","","",jobspy_indeed,https://www.indeed.com/viewjob?jk=170f2efa99216d13,"","2026-03-02"
0,"","Software Engineer - Final Cut Camera - Video Apps","Apple","United States","","$139,500 - $258,100 (yearly)",jobspy_indeed,https://www.indeed.com/viewjob?jk=52bb6716d5804bb4,"","2026-03-02"
0,"","Innovation Engineer","Prysmian Group","United States","","",jobspy_indeed,https://www.indeed.com/viewjob?jk=83336e56d9b78e29,"","2026-03-02"
0,"","Product Development Senior Engineer - Telecom","Prysmian Group","United States","","",jobspy_indeed,https://www.indeed.com/viewjob?jk=1ce9bde93e729d86,"","2026-03-02"
0,"","Field Engineer","Morrow Meadows","United States","","$19 - $31 (hourly)",jobspy_indeed,https://www.indeed.com/viewjob?jk=07d05d8811a9de56,"","2026-03-02"
0,"","Civil Engineer Trainee","Commonwealth of Pennsylvania","United States","","$66,328 - $79,062 (yearly)",jobspy_indeed,https://www.indeed.com/viewjob?jk=022b9c99b11e5ea5,"","2026-03-02"
0,"","BUFFALO, NY TRAIN CONDUCTOR","Norfolk Southern","United States","","$94,000 - $100,000 (yearly)",jobspy_indeed,https://www.indeed.com/viewjob?jk=677ab558d1de9cdf,"","2026-03-02"
0,"","ALLENTOWN, PA, TRAIN CONDUCTOR","Norfolk Southern","United States","","$94,000 - $100,000 (yearly)",jobspy_indeed,https://www.indeed.com/viewjob?jk=de6706b9ab6c1b0b,"","2026-03-02"
0,"","Customer Support Engineer - US","ZEDEDA","United States","","",jobspy_indeed,https://www.indeed.com/viewjob?jk=2eb2bba37df38f80,"","2026-03-01"
0,"","Senior Business Intelligence Engineer","Humana","Remote","","$89,000 - $121,400 (yearly)",jobspy_indeed,https://www.indeed.com/viewjob?jk=d038bba6fbffe970,"","2026-02-27"
0,"","Manager, Software Engineering","Skillable","Remote","","$140,000 - $185,000 (yearly)",jobspy_indeed,https://www.indeed.com/viewjob?jk=41b3b823ef044b6e,"","2026-02-27"
0,"","Engineer Intern 3D Graphics","HERE Technologies","Remote","","$25 - $35 (hourly)",jobspy_indeed,https://www.indeed.com/viewjob?jk=ee003914988d9fc0,"","2026-02-27"
0,"","Energy Solutions Advisor","Navigate Power & Verde Solutions","Remote","","$50,000 - $250,000 (yearly)",jobspy_indeed,https://www.indeed.com/viewjob?jk=2a914d5181bc04c7,"","2026-02-27"
0,"","Software Engineer II","Availity, LLC.","Remote","","",jobspy_indeed,https://www.indeed.com/viewjob?jk=21fc3ea476dd4728,"","2026-02-27"
0,"","Full-Time Telehealth General Neurologist New","Neura Health","Remote","","$240,000 - $260,000 (yearly)",jobspy_indeed,https://www.indeed.com/viewjob?jk=7bd6efc546d541a7,"","2026-02-27"
0,"","Partner Solutions Engineer","Zoom Communications","Remote","","$146,000 - $319,400 (yearly)",jobspy_indeed,https://www.indeed.com/viewjob?jk=765affaee0ffd661,"","2026-02-27"
0,"","Staff Software Engineer - Authentication","Pindrop","Remote","","$165,000 - $200,000 (yearly)",jobspy_indeed,https://www.indeed.com/viewjob?jk=222740762b03848a,"","2026-02-27"
0,"","Technical Writer (Platform & Data)","Rippling","Remote","","$90,000 - $135,000 (yearly)",jobspy_indeed,https://www.indeed.com/viewjob?jk=302386737de8ab01,"","2026-02-27"
0,"","Software Engineer - Video","Twilio","Remote","","$114,600 - $168,500 (yearly)",jobspy_indeed,https://www.indeed.com/viewjob?jk=e6902022dae079f0,"","2026-02-27"
0,"","Network / Unified Communication (UC) Subject Matter Expert (SME)","Core4ce.com","Remote","","",jobspy_indeed,https://www.indeed.com/viewjob?jk=342e78030ac51bda,"","2026-02-27"
0,"","Lead Network Engineer","HealthEdge Software, Inc.","Remote","","$112,000 - $156,000 (yearly)",jobspy_indeed,https://www.indeed.com/viewjob?jk=de9da043617fced8,"","2026-02-26"
0,"","Staff Software Engineer (Sensor Integration)","Orbis Operations","Remote","","$180,000 - $200,000 (yearly)",jobspy_indeed,https://www.indeed.com/viewjob?jk=3176e59804a8ed6f,"","2026-02-25"
0,"","Senior Optical SME Lead","Competitive Range Solutions, LLC","Remote","","",jobspy_indeed,https://www.indeed.com/viewjob?jk=4d66b7cc6bdbb60a,"","2026-02-01"
0,"","Field Services Technician 1","Cubic Corporation","Chicago, Illinois","","",jobspy_indeed,https://www.indeed.com/viewjob?jk=decdf3f65298a681,"","2026-03-02"
0,"","Outside Sales Representative Power Generation Solutions","Zonatherm Products","Chicago, Illinois","","$150,000 - $220,000 (yearly)",jobspy_indeed,https://www.indeed.com/viewjob?jk=f3fde96719225601,"","2026-03-02"
0,"","Veterinary Assistant","Animal Care Clinic of Randall Pointe","Chicago, Illinois","","$15 - $16 (hourly)",jobspy_indeed,https://www.indeed.com/viewjob?jk=ff19f0f2ea3a51cf,"","2026-03-01"
0,"","Patient Care Tech-Olson 6 Observation Full-time Nights","Northwestern Medicine","Chicago, Illinois","","",jobspy_indeed,https://www.indeed.com/viewjob?jk=1b05c33efbee6e57,"","2026-02-28"
0,"","Patient Care Tech-Neuro Spine Surgery 10S Full-time Days","Northwestern Medicine","Chicago, Illinois","","",jobspy_indeed,https://www.indeed.com/viewjob?jk=0bad9efcb2dbb53b,"","2026-02-28"
0,"","Patient Care Tech-Transplant/Hepatology 14E Part-time Nights","Northwestern Medicine","Chicago, Illinois","","",jobspy_indeed,https://www.indeed.com/viewjob?jk=4c41e2c02aa003e3,"","2026-02-27"
0,"","Patient Care Tech-GI Surgical Oncology 12E Part-time Nights","Northwestern Medicine","Chicago, Illinois","","",jobspy_indeed,https://www.indeed.com/viewjob?jk=e698d42a331e7ade,"","2026-02-27"
0,"","Registered Behavior Technician (RBT)","Milestone Therapy","Chicago, Illinois","","$20 - $26 (hourly)",jobspy_indeed,https://www.indeed.com/viewjob?jk=73345b2e1f8fca0a,"","2026-02-28"
0,"","Patient Care Technician-Neuro Med Surg Hp3","Northwestern Medicine","Chicago, Illinois","","$18 - $23 (hourly)",jobspy_indeed,https://www.indeed.com/viewjob?jk=7874ec0b2f99bb21,"","2026-02-27"
0,"","Patient Care Technician Cardiac Intermediate Part Time Nights","Northwestern Medicine","Chicago, Illinois","","$18 - $23 (hourly)",jobspy_indeed,https://www.indeed.com/viewjob?jk=1524935c029ca933,"","2026-02-27"
0,"","Patient Care Technician-Delnor Medical Surgical Unit Full Time Nights","Northwestern Medicine","Chicago, Illinois","","$18 - $23 (hourly)",jobspy_indeed,https://www.indeed.com/viewjob?jk=6d5b597e0159f0b1,"","2026-02-27"
0,"","Patient Care Technician-Wound Care Clinic Casual Days","Northwestern Medicine","Chicago, Illinois","","$18 - $23 (hourly)",jobspy_indeed,https://www.indeed.com/viewjob?jk=826b9f54bb11cb2e,"","2026-02-27"
0,"","Mammography Technician-ICC Locations Part-time Days","Northwestern Medicine","Chicago, Illinois","","$37 - $49 (hourly)",jobspy_indeed,https://www.indeed.com/viewjob?jk=c71ff046a30d6e46,"","2026-02-27"
0,"","Immediate Care Technician-Immediate Care Center Lake Bluff Full Time Days","Northwestern Medicine","Chicago, Illinois","","$20 - $26 (hourly)",jobspy_indeed,https://www.indeed.com/viewjob?jk=fa55f5dd3f99a040,"","2026-02-27"
0,"","Mobile Service Technician","JX Enterprises","Chicago, Illinois","","$27 - $44 (hourly)",jobspy_indeed,https://www.indeed.com/viewjob?jk=45c5930a7918737c,"","2026-02-27"
0,"","Structural Group Leader - Water/Wastewater","HR Green","Chicago, Illinois","","$126,000 - $206,000 (yearly)",jobspy_indeed,https://www.indeed.com/viewjob?jk=2fb76a7095dbdc35,"","2026-02-27"
0,"","Laser Technician","Glass Skin NYC","New York, New York","","$18 - $29 (hourly)",jobspy_indeed,https://www.indeed.com/viewjob?jk=5bc4586ed77733e2,"","2026-03-01"
0,"","Behavior Technician- East Meadow, NY","Achievement Behavior Services","New York, New York","","$19 - $29 (hourly)",jobspy_indeed,https://www.indeed.com/viewjob?jk=5df0656762de9d2d,"","2026-03-01"
0,"","Behavior Technician (In home 4:45pm-8:45pm and Saturdays available)","RightWay ABA","New York, New York","","$24 - $35 (hourly)",jobspy_indeed,https://www.indeed.com/viewjob?jk=fdc2394fc6961192,"","2026-03-01"
0,"","ABA Therapist (after school hours)","RightWay ABA","New York, New York","","$24 - $35 (hourly)",jobspy_indeed,https://www.indeed.com/viewjob?jk=bb42819a3272cf91,"","2026-02-27"
0,"","Behavior Technician (BT","RightWay ABA","New York, New York","","$24 - $35 (hourly)",jobspy_indeed,https://www.indeed.com/viewjob?jk=3353566abc6f4855,"","2026-02-27"
0,"","Behavior Technician (after school hours 5pm-8pm)","RightWay ABA","New York, New York","","$24 - $35 (hourly)",jobspy_indeed,https://www.indeed.com/viewjob?jk=283ab40713e8d5c0,"","2026-02-24"
0,"","Clerical Rehab Technician","HealthPRO Heritage","New York, New York","","$23 - $25 (hourly)",jobspy_indeed,https://www.indeed.com/viewjob?jk=9929631971a80c8d,"","2026-02-27"
0,"","Preventative Maintenance Technician - 2nd Shift","Precision CastParts","New York, New York","","$20 - $35 (hourly)",jobspy_indeed,https://www.indeed.com/viewjob?jk=3d05a365e6be25f7,"","2026-02-27"
0,"","Licensed Veterinary Technician","OATH Animal hospital","New York, New York","","$28 - $34 (hourly)",jobspy_indeed,https://www.indeed.com/viewjob?jk=c3fd42a5fd5118a3,"","2026-02-27"
0,"","Veterinary Technician","PetVet Care Centers","New York, New York","","$19 - $24 (hourly)",jobspy_indeed,https://www.indeed.com/viewjob?jk=e67e501b118ea664,"","2026-02-26"
0,"","Behavior Technician After School Hours","Achievement Behavior Services","New York, New York","","$30 - $35 (hourly)",jobspy_indeed,https://www.indeed.com/viewjob?jk=afda971c7f8ca9e6,"","2026-02-26"
0,"","Desktop Support Technician - New Jersey","USA","New York, New York","","$52,000 - $55,000 (yearly)",jobspy_indeed,https://www.indeed.com/viewjob?jk=6fe16e79046311f5,"","2026-02-26"
0,"","Content Analyst - Nursing Program","Stepful","New York, New York","","",jobspy_indeed,https://www.indeed.com/viewjob?jk=74fdbd46fb23ea19,"","2026-02-26"
0,"","Veterinary Oncologist","BluePearl Pet Hospital","New York, New York","","$192,000 - $275,000 (yearly)",jobspy_indeed,https://www.indeed.com/viewjob?jk=0c8afc17ff0fff82,"","2026-02-25"
0,"","Marine Mechanic (Technician)","SAFE HARBOR MARINAS","New York, New York","","",jobspy_indeed,https://www.indeed.com/viewjob?jk=0cfa08ad79fe9576,"","2026-02-25"
0,"","SPD Tech - certified - Ambulatory Surgery Center","Summit Health","New York, New York","","$20 - $25 (hourly)",jobspy_indeed,https://www.indeed.com/viewjob?jk=a06630a2f59cc33f,"","2026-02-25"
0,"","Per Diem Pharmacist","Atria Physician Practice New York PC","New York, New York","","$70 - $75 (hourly)",jobspy_indeed,https://www.indeed.com/viewjob?jk=d11c2ac9e6321168,"","2026-02-25"
0,"","Lab Technician, Packaging Lab","Shiseido","New York, New York","","$50,172 - $68,986 (yearly)",jobspy_indeed,https://www.indeed.com/viewjob?jk=9666638199d8e0ba,"","2026-02-24"
0,"","Nuclear Medical Technician – Radioligand Therapy","Summit Health","New York, New York","","$46 - $58 (hourly)",jobspy_indeed,https://www.indeed.com/viewjob?jk=2bf20dc46506c190,"","2026-02-24"
0,"","Veterinary Receptionist","North Westchester Veterinary Office","New York, New York","","$19 - $21 (hourly)",jobspy_indeed,https://www.indeed.com/viewjob?jk=0f251b66eeb5188e,"","2026-02-24"
0,"","PT Veterinary Technician","PetVet Care Centers","New York, New York","","$18 - $23 (hourly)",jobspy_indeed,https://www.indeed.com/viewjob?jk=5d5164c93cc3a3d4,"","2026-02-24"
0,"","Veterinary Technician - Extern","Bond Vet","New York, New York","","$15 - $17 (hourly)",jobspy_indeed,https://www.indeed.com/viewjob?jk=0a26fb7fb1f5cf14,"","2026-02-23"
0,"","Diagnostic Imaging Operations Coordinator","Schwarzman Animal Medical Center","New York, New York","","$70,000 - $105,000 (yearly)",jobspy_indeed,https://www.indeed.com/viewjob?jk=cd78319a9c4867dc,"","2026-02-23"
0,"","Registered Veterinary Technician","PetVet Care Centers","San Francisco, California","","$24 - $30 (hourly)",jobspy_indeed,https://www.indeed.com/viewjob?jk=9c15d111e2cee958,"","2026-02-27"
0,"","Manufacturing Technician","Hippo Harvest","San Francisco, California","","$80,000 - $110,000 (yearly)",jobspy_indeed,https://www.indeed.com/viewjob?jk=68be6476cf78b204,"","2026-02-27"
0,"","Optometrist - On-Call","Gardner Health Services","San Francisco, California","","",jobspy_indeed,https://www.indeed.com/viewjob?jk=1da5e7b71a9447ba,"","2026-02-27"
0,"","Experienced Veterinary Assistant","Bon Air Pet Hospital","San Francisco, California","","$23 - $30 (hourly)",jobspy_indeed,https://www.indeed.com/viewjob?jk=605a4d3fb7748e5a,"","2026-02-27"
0,"","Heavy Equipment Shop Technician","Ditch Witch West","San Francisco, California","","$33 - $38 (hourly)",jobspy_indeed,https://www.indeed.com/viewjob?jk=4d4a984783affd22,"","2026-02-26"
0,"","Equipment Maintenance Instructor, Factory Training","Tesla","San Francisco, California","","$32 - $48 (hourly)",jobspy_indeed,https://www.indeed.com/viewjob?jk=45e0b9334e0c3684,"","2026-02-26"
0,"","Applied Scientist, Design and Simulation, Center for Quantum Computing","Amazon Web Services","San Francisco, California","","$171,600 - $222,200 (yearly)",jobspy_indeed,https://www.indeed.com/viewjob?jk=4b3fa2dffbc437d8,"","2026-02-25"
0,"","PT Registered Veterinary Technician","PetVet Care Centers","San Francisco, California","","$26 - $28 (hourly)",jobspy_indeed,https://www.indeed.com/viewjob?jk=0e33d2e10be055df,"","2026-02-25"
0,"","Registered Veterinary Technician (RVT) for Internal Medicine department","San Francisco Animal Medical Center (SFAMC)","San Francisco, California","","$25 - $42 (hourly)",jobspy_indeed,https://www.indeed.com/viewjob?jk=b9ec103e8f692f32,"","2026-02-25"
0,"","Sales and Service Technician","Groundworks","San Francisco, California","","",jobspy_indeed,https://www.indeed.com/viewjob?jk=87dae53cc6d2a490,"","2026-02-25"
0,"","Paint Technician","Crash Champions Collision Repair Team","San Francisco, California","","$92,100 - $195,000 (yearly)",jobspy_indeed,https://www.indeed.com/viewjob?jk=039d4eb2bcf709ce,"","2026-02-25"
0,"","Operator Technician II","Calpine","San Francisco, California","","",jobspy_indeed,https://www.indeed.com/viewjob?jk=5d00572b3b953d6e,"","2026-02-25"
0,"","PT Veterinary Assistant","PetVet Care Centers","San Francisco, California","","$20 - $23 (hourly)",jobspy_indeed,https://www.indeed.com/viewjob?jk=96f706ecab532685,"","2026-02-25"
0,"","Collision Estimator","Crash Champions Collision Repair Team","San Francisco, California","","$73,255 - $155,000 (yearly)",jobspy_indeed,https://www.indeed.com/viewjob?jk=2dac02e60d399655,"","2026-02-24"
0,"","Full-Time Veterinary Assistant (General Practice and Urgent Care)","Juvo Veterinary Hospital","San Francisco, California","","$23 - $28 (hourly)",jobspy_indeed,https://www.indeed.com/viewjob?jk=cba971f0b6d8f0e4,"","2026-02-23"
0,"","Collision Estimator","Crash Champions Collision Repair Team","Seattle, Washington","","$69,420 - $155,000 (yearly)",jobspy_indeed,https://www.indeed.com/viewjob?jk=75effb0177a8051f,"","2026-02-27"
0,"","HVAC Service Manager","JH KELLY","Seattle, Washington","","",jobspy_indeed,https://www.indeed.com/viewjob?jk=04688ec47f9f255f,"","2026-02-27"
0,"","Advanced Mobile Truck Technician","Papé","Seattle, Washington","","$40 - $45 (hourly)",jobspy_indeed,https://www.indeed.com/viewjob?jk=1e2b266ccb8f2137,"","2026-02-26"
0,"","Patient Care Technician","TMS Health Partners","Seattle, Washington","","$22 - $24 (hourly)",jobspy_indeed,https://www.indeed.com/viewjob?jk=3ea1646e80748991,"","2026-02-25"
0,"","Medication Aide - Deer Ridge","Koelsch Communities","Seattle, Washington","","$22 - $25 (hourly)",jobspy_indeed,https://www.indeed.com/viewjob?jk=a15ba26714fbfaba,"","2026-02-25"
0,"","Nail Technician","Charme Nails & Skin Studio","Seattle, Washington","","$17 - $30 (hourly)",jobspy_indeed,https://www.indeed.com/viewjob?jk=84da36ad902a850d,"","2026-02-25"
0,"","Experienced Truck Technician / Mechanic - Swing Shift","Papé","Seattle, Washington","","$30 - $35 (hourly)",jobspy_indeed,https://www.indeed.com/viewjob?jk=deee93e6c9df988e,"","2026-02-25"
0,"","Experienced Truck Technician / Mechanic - Day Shift","Papé","Seattle, Washington","","$29 - $34 (hourly)",jobspy_indeed,https://www.indeed.com/viewjob?jk=b4c7a4fe168ef2cf,"","2026-02-25"
0,"","Advanced Truck Technician / Mechanic - Swing Shift","Papé","Seattle, Washington","","$41 - $46 (hourly)",jobspy_indeed,https://www.indeed.com/viewjob?jk=398ee68cc6d4dc16,"","2026-02-25"
0,"","Veterinary Assistant","PetVet Care Centers","Seattle, Washington","","$23 - $27 (hourly)",jobspy_indeed,https://www.indeed.com/viewjob?jk=9b0d45c6ad5aa9b3,"","2026-02-25"
0,"","Medication Technician - HCA/CNA/NAR/NAC - Swing","Prestige Care, Inc.","Seattle, Washington","","$23 - $26 (hourly)",jobspy_indeed,https://www.indeed.com/viewjob?jk=365d67fad7f15482,"","2026-02-24"
0,"","Mental Health Technician (MHT)","Smokey Point Behavioral Hospital","Seattle, Washington","","$19 - $23 (hourly)",jobspy_indeed,https://www.indeed.com/viewjob?jk=77a32d444235053e,"","2026-02-24"
0,"","Heavy Equipment Shop Technician / Mechanic","Pape' Machinery Inc","Seattle, Washington","","$32 - $49 (hourly)",jobspy_indeed,https://www.indeed.com/viewjob?jk=74bace8ae8b9ac43,"","2026-02-24"
0,"","Stormwater Field Technician","nan","Seattle, Washington","","$22 - $26 (hourly)",jobspy_indeed,https://www.indeed.com/viewjob?jk=3af3334090462cbc,"","2026-02-23"
0,"","Environmental Restoration Field Technician","nan","Seattle, Washington","","$22 - $26 (hourly)",jobspy_indeed,https://www.indeed.com/viewjob?jk=5fe2c35a41137586,"","2026-02-23"
0,"","Collision Center General Manager","Crash Champions Collision Repair Team","Seattle, Washington","","$80,325 - $150,000 (yearly)",jobspy_indeed,https://www.indeed.com/viewjob?jk=3b55e0ee540fe359,"","2026-02-23"
0,"","Emergency Veterinary Nursing Trainer - Seattle, WA","VEG ER for Pets","Seattle, Washington","","$33 - $68 (hourly)",jobspy_indeed,https://www.indeed.com/viewjob?jk=6c0d7309647ae0a6,"","2026-02-23"
0,"","Elite PT-Pelvic Floor and Orthopedic Physical Therapist","Alliance Physical Therapy Partners","Seattle, Washington","","$88,000 - $100,000 (yearly)",jobspy_indeed,https://www.indeed.com/viewjob?jk=c5de04e96df4c9d4,"","2026-02-23"
0,"","Parts Manager","Crash Champions Collision Repair Team","Seattle, Washington","","$17 - $30 (hourly)",jobspy_indeed,https://www.indeed.com/viewjob?jk=729d0b5977f968f5,"","2026-02-19"
0,"","CMT Field Technician 1","Atlas Technical Consultants","Seattle, Washington","","$24 - $32 (hourly)",jobspy_indeed,https://www.indeed.com/viewjob?jk=4d71dccdc3509396,"","2026-02-06"
0,"","Veterinary Central Sterile Technician","Ethos Veterinary Health","Boston, Massachusetts","","$20 - $28 (hourly)",jobspy_indeed,https://www.indeed.com/viewjob?jk=0b9acf9a46190a21,"","2026-02-27"
0,"","Echo Tech, Cardiology","Mass General Brigham","Boston, Massachusetts","","",jobspy_indeed,https://www.indeed.com/viewjob?jk=d76b94aa7069062f,"","2026-02-27"
0,"","Environmental Field Technician","Atlas Technical Consultants","Boston, Massachusetts","","",jobspy_indeed,https://www.indeed.com/viewjob?jk=4ba99488a2ee2f67,"","2026-02-26"
0,"","Experienced Veterinary Assistant","nan","Boston, Massachusetts","","$27 - $30 (hourly)",jobspy_indeed,https://www.indeed.com/viewjob?jk=138c9306a4f62687,"","2026-02-26"
0,"","Unique Indoor Comfort Boston - HVAC Maintenance Technician","Ace Hardware","Boston, Massachusetts","","$22 - $26 (hourly)",jobspy_indeed,https://www.indeed.com/viewjob?jk=b63b302bea9f5fca,"","2026-02-26"
0,"","Marine Technician","SAFE HARBOR MARINAS","Boston, Massachusetts","","",jobspy_indeed,https://www.indeed.com/viewjob?jk=aac81359d4a1d035,"","2026-02-26"
0,"","BILHPN Pharmacy Population Health Coordinator","Beth Israel Lahey Health","Boston, Massachusetts","","$27 - $36 (hourly)",jobspy_indeed,https://www.indeed.com/viewjob?jk=972beb959ef2e35f,"","2026-02-26"
0,"","Mechanical Technician","AJA International Inc","Boston, Massachusetts","","",jobspy_indeed,https://www.indeed.com/viewjob?jk=5ba9b80be12dc5b1,"","2026-02-26"
0,"","HVAC Service Manager","Crete United","Boston, Massachusetts","","$90,000 - $125,000 (yearly)",jobspy_indeed,https://www.indeed.com/viewjob?jk=e3c9d046f9d322ff,"","2026-02-26"
0,"","Clinical Ambulatory Pharmacy Manager - Endocrine","Brown University Health","Boston, Massachusetts","","$134,035 - $221,187 (yearly)",jobspy_indeed,https://www.indeed.com/viewjob?jk=e2014cb0cf9706ba,"","2026-02-25"
0,"","Service Technician Apprentice","Suburban Propane","Boston, Massachusetts","","",jobspy_indeed,https://www.indeed.com/viewjob?jk=7a51b4590959c82e,"","2026-02-25"
0,"","Orthopedic Tech, Sports Medicine","Mass General Brigham","Boston, Massachusetts","","$19 - $28 (hourly)",jobspy_indeed,https://www.indeed.com/viewjob?jk=47bb67d863477a78,"","2026-02-25"
0,"","Part-time Vet Assistant- Brentwood, NH","VESH","Boston, Massachusetts","","$18 - $22 (hourly)",jobspy_indeed,https://www.indeed.com/viewjob?jk=36e6e1c2045da267,"","2026-02-24"
0,"","Clinical Pharmacist Specialist","Beth Israel Lahey Health","Boston, Massachusetts","","$60 - $81 (hourly)",jobspy_indeed,https://www.indeed.com/viewjob?jk=92bef11893e9a77f,"","2026-02-24"
0,"","Radiologic Technologist","Mass General Brigham","Boston, Massachusetts","","$29 - $45 (hourly)",jobspy_indeed,https://www.indeed.com/viewjob?jk=28f79dd19f6b53f0,"","2026-02-24"
0,"","Collision Estimator","Crash Champions Collision Repair Team","Boston, Massachusetts","","",jobspy_indeed,https://www.indeed.com/viewjob?jk=dc37f26e3e0b3db5,"","2026-02-23"
0,"","Talent Specialist","Beth Israel Lahey Health","Boston, Massachusetts","","$75,000 - $105,000 (yearly)",jobspy_indeed,https://www.indeed.com/viewjob?jk=7b15b1406a95fe97,"","2026-02-23"
0,"","Medical Podiatrist (Per Diem)","Beth Israel Lahey Health","Boston, Massachusetts","","",jobspy_indeed,https://www.indeed.com/viewjob?jk=307dc48598b4d154,"","2026-02-23"
0,"","Clinical Educator, Ambulatory","nan","Boston, Massachusetts","","$93,953 - $136,739 (yearly)",jobspy_indeed,https://www.indeed.com/viewjob?jk=7860e6034605bda2,"","2026-02-23"
0,"","Kennel Assistant","Chelmsford Animal Hospital","Boston, Massachusetts","","$17 - $18 (hourly)",jobspy_indeed,https://www.indeed.com/viewjob?jk=86c8540239d196bf,"","2026-02-20"
0,"","Research Engineering Technician","The General Hospital Corporation","Boston, Massachusetts","","$17 - $23 (hourly)",jobspy_indeed,https://www.indeed.com/viewjob?jk=289170537a53cfd4,"","2026-02-11"
0,"","Calibration Technician I","Transcat","Boston, Massachusetts","","$26 - $34 (hourly)",jobspy_indeed,https://www.indeed.com/viewjob?jk=97995a9e9ad20753,"","2026-01-06"
0,"","Behavior Technician","Lively Behavioral Solutions","Los Angeles, California","","$22 - $28 (hourly)",jobspy_indeed,https://www.indeed.com/viewjob?jk=8c3be717ece805f3,"","2026-03-02"
0,"","Charge Nurse LVN","Belmont Village","Los Angeles, California","","",jobspy_indeed,https://www.indeed.com/viewjob?jk=19fca6d760848eb0,"","2026-03-01"
0,"","Hyperbaric Technician","O2 Health Lab","Los Angeles, California","","$18 - $22 (hourly)",jobspy_indeed,https://www.indeed.com/viewjob?jk=44163f1445e69279,"","2026-02-28"
0,"","Staff Scientist - Cutaneous Lymphoma","City of Hope","Los Angeles, California","","$38 - $127 (hourly)",jobspy_indeed,https://www.indeed.com/viewjob?jk=31ad84a3f5eac4db,"","2026-02-27"
0,"","Materials Technician (Mechanical Test)","nan","Los Angeles, California","","$35 - $40 (hourly)",jobspy_indeed,https://www.indeed.com/viewjob?jk=1e18ac54dc735c9b,"","2026-02-27"
0,"","Manufacturing Engineer (Tank Weldment/Primary Structure)","nan","Los Angeles, California","","$100,000 - $160,000 (yearly)",jobspy_indeed,https://www.indeed.com/viewjob?jk=7d97fbf79779d5b4,"","2026-02-27"
0,"","Automotive A Technician","Hyundai Motor Company","Los Angeles, California","","$33 - $50 (hourly)",jobspy_indeed,https://www.indeed.com/viewjob?jk=7721e6c332429b32,"","2026-02-26"
0,"","Tire Technician","Pape' Machinery Inc","Los Angeles, California","","$22 - $28 (hourly)",jobspy_indeed,https://www.indeed.com/viewjob?jk=53966a5ad52fe961,"","2026-02-26"
0,"","Collision Center General Manager","Crash Champions Collision Repair Team","Los Angeles, California","","$80,700 - $150,000 (yearly)",jobspy_indeed,https://www.indeed.com/viewjob?jk=a4b4bf945a3fb1fe,"","2026-02-26"
0,"","Quality Engineer (Build)","nan","Los Angeles, California","","$110,000 - $150,000 (yearly)",jobspy_indeed,https://www.indeed.com/viewjob?jk=8496f698ad01b804,"","2026-02-26"
0,"","RF Test Engineer","nan","Los Angeles, California","","$105,000 - $130,000 (yearly)",jobspy_indeed,https://www.indeed.com/viewjob?jk=e718b728357d087c,"","2026-02-26"
0,"","Research DevOps Engineer, Software, Center for Quantum Computing","Amazon Web Services","Los Angeles, California","","$129,200 - $174,800 (yearly)",jobspy_indeed,https://www.indeed.com/viewjob?jk=2d7990be446386d4,"","2026-02-25"
0,"","Parts Manager","Crash Champions Collision Repair Team","Los Angeles, California","","",jobspy_indeed,https://www.indeed.com/viewjob?jk=7cb170d037390826,"","2026-02-25"
0,"","Managing Behavior Analyst","Autism Spectrum Therapies","Los Angeles, California","","$90,000 - $106,375 (yearly)",jobspy_indeed,https://www.indeed.com/viewjob?jk=a25d310f48ba7bcc,"","2026-02-25"
0,"","Veterinary Assistant","Animal Hospital of South Bay Rolling Hills","Los Angeles, California","","$23 - $25 (hourly)",jobspy_indeed,https://www.indeed.com/viewjob?jk=a1b4c851dfbdb595,"","2026-02-25"
0,"","Sr. Clinical Supervisor (Sr. Program Manager)","Autism Learning Partners","Los Angeles, California","","$30 - $35 (hourly)",jobspy_indeed,https://www.indeed.com/viewjob?jk=309e3e8a54cfcbed,"","2026-02-25"
0,"","Collision Estimator","Crash Champions Collision Repair Team","Los Angeles, California","","$69,680 - $155,000 (yearly)",jobspy_indeed,https://www.indeed.com/viewjob?jk=90a66a07bbfefbe5,"","2026-02-25"
0,"","Auto Body Technician","Crash Champions Collision Repair Team","Los Angeles, California","","$69,680 - $180,000 (yearly)",jobspy_indeed,https://www.indeed.com/viewjob?jk=4303e2948f3373db,"","2026-02-24"
0,"","Behavior Technician (60 College Credits Required)","Coyne & Associates","Los Angeles, California","","$21 - $25 (hourly)",jobspy_indeed,https://www.indeed.com/viewjob?jk=e64583ed3e7706d6,"","2026-02-25"
0,"","Lab Manager","Harken Research","Los Angeles, California","","$85,000 - $120,000 (yearly)",jobspy_indeed,https://www.indeed.com/viewjob?jk=309b9a715c447290,"","2026-02-25"
0,"","Veterinary Assistant","Grand Animal Hospital","Los Angeles, California","","$19 - $25 (hourly)",jobspy_indeed,https://www.indeed.com/viewjob?jk=447c79d63034c2b7,"","2026-02-25"
0,"","Calibration Technician III","Transcat","Los Angeles, California","","$28 - $40 (hourly)",jobspy_indeed,https://www.indeed.com/viewjob?jk=50f30397882b2e29,"","2026-01-07"
0,"","Sr. Calibration Technician","Transcat","Los Angeles, California","","$35 - $44 (hourly)",jobspy_indeed,https://www.indeed.com/viewjob?jk=faf67dd84d1ecc48,"","2025-12-10"
0,"","Registered Behavior Technician (RBT)","Positive Reinforcement","Washington, DC","","$23 - $29 (hourly)",jobspy_indeed,https://www.indeed.com/viewjob?jk=eeab9379b241be04,"","2026-03-01"
0,"","In-Home Sales Consultant","Nova Renewables","Washington, DC","","$120,000 - $140,000 (yearly)",jobspy_indeed,https://www.indeed.com/viewjob?jk=bd306b7db0e4506e,"","2026-02-28"
0,"","Critical Operations Technician","STACK Infrastructure","Washington, DC","","$42 - $53 (hourly)",jobspy_indeed,https://www.indeed.com/viewjob?jk=4523fd1478d8e591,"","2026-02-28"
0,"","Non-Destructive Testing Engineer , DCC Communities","Amazon.com","Washington, DC","","$37 - $65 (hourly)",jobspy_indeed,https://www.indeed.com/viewjob?jk=e69df80797934917,"","2026-02-27"
0,"","Data Center Engineering Operations Technician, DCC Communities, Data Center Communities","Amazon.com","Washington, DC","","$37 - $65 (hourly)",jobspy_indeed,https://www.indeed.com/viewjob?jk=94e6135566d0c8bb,"","2026-02-12"
0,"","Board Certified Behavior Analyst (BCBA) Silver Spring MD","Skillful Steps ABA","Washington, DC","","$85,000 - $135,000 (yearly)",jobspy_indeed,https://www.indeed.com/viewjob?jk=6bb2e48c88c2f0f3,"","2026-02-27"
0,"","Service Coordination Manager","Kaeser Compressors, Inc.","Washington, DC","","",jobspy_indeed,https://www.indeed.com/viewjob?jk=c6a5e2e47f2f1ed6,"","2026-02-27"
0,"","Relay Technician II","Voltyx","Washington, DC","","",jobspy_indeed,https://www.indeed.com/viewjob?jk=9c7b19bebb07bdf5,"","2026-02-26"
0,"","Relay Technician II","EPS","Washington, DC","","",jobspy_indeed,https://www.indeed.com/viewjob?jk=f5db9603b9065021,"","2026-02-26"
0,"","Non-Destructive Testing Engineer","Amazon.com","Washington, DC","","$32 - $57 (hourly)",jobspy_indeed,https://www.indeed.com/viewjob?jk=35d83fcb0cca0ccb,"","2026-02-26"
0,"","Data Center Water Services Technician","Amazon.com","Washington, DC","","$32 - $57 (hourly)",jobspy_indeed,https://www.indeed.com/viewjob?jk=027961614d7edb60,"","2026-02-26"
0,"","Data Center Engineering Operations Technician, DCC Communities","Amazon.com","Washington, DC","","$32 - $57 (hourly)",jobspy_indeed,https://www.indeed.com/viewjob?jk=74e45493c56b6c34,"","2026-02-20"
0,"","Maintenance Technician - Holiday Inn Central, Washington, DC","Hotel Equities","Washington, DC","","$19 - $23 (hourly)",jobspy_indeed,https://www.indeed.com/viewjob?jk=e808e4720a4bbe8e,"","2026-02-26"
0,"","Network Cable Installation Technician, Infra - GND","Amazon.com","Washington, DC","","$27 - $48 (hourly)",jobspy_indeed,https://www.indeed.com/viewjob?jk=decb9c0384d5fcf3,"","2026-02-25"
0,"","Network Deploy Technician, Infra Delivery, AWS","Amazon.com","Washington, DC","","$27 - $48 (hourly)",jobspy_indeed,https://www.indeed.com/viewjob?jk=c1b5b283ba44520c,"","2026-02-24"
0,"","Data Center Technician, DCC Communities","Amazon.com","Washington, DC","","$27 - $48 (hourly)",jobspy_indeed,https://www.indeed.com/viewjob?jk=5e5f4481883e640d,"","2026-02-13"
0,"","Master Technician Needed!","Ourisman Automotive Group","Washington, DC","","",jobspy_indeed,https://www.indeed.com/viewjob?jk=b83228ab995b28c4,"","2026-02-25"
0,"","Nail Technician","Arch Amenities Group","Washington, DC","","$15 - $17 (hourly)",jobspy_indeed,https://www.indeed.com/viewjob?jk=80580ca570ba13a1,"","2026-02-25"
0,"","Data Center Operations Manager, DCO","Amazon.com","Washington, DC","","$78,400 - $137,300 (yearly)",jobspy_indeed,https://www.indeed.com/viewjob?jk=e1d991a8fa4e2786,"","2026-02-17"
0,"","Credentialed Veterinary Technician","Waterville Animal Group","United States","","$20 - $25 (hourly)",jobspy_indeed,https://www.indeed.com/viewjob?jk=059987d1479f19f9,"","2026-03-02"
0,"","Maintenance Technician - Warehouse Automation & Robotics","EXOTEC","United States","","",jobspy_indeed,https://www.indeed.com/viewjob?jk=99aa4a60bf989eb6,"","2026-03-02"
0,"","Travel Cath Lab Technician","Talented Medical Solutions","United States","","",jobspy_indeed,https://www.indeed.com/viewjob?jk=ee2d406ca2ca838e,"","2026-03-02"
0,"","Travel Radiology Technician - Weekend Days (Fri-Sun 8A-8P)","Talented Medical Solutions","United States","","",jobspy_indeed,https://www.indeed.com/viewjob?jk=6352048e4558c47b,"","2026-03-02"
0,"","Cath Lab Tech","Talented Medical Solutions","United States","","$2,500 - $2,600 (weekly)",jobspy_indeed,https://www.indeed.com/viewjob?jk=e7cc6ccb4f4ee9b8,"","2026-03-02"
0,"","Travel Medical Technologist","Talented Medical Solutions","United States","","$1,300 - $1,400 (weekly)",jobspy_indeed,https://www.indeed.com/viewjob?jk=70c84c64792313b7,"","2026-03-02"
0,"","Sr. Relay Technician","Voltyx","United States","","",jobspy_indeed,https://www.indeed.com/viewjob?jk=de4e5f4d30cd24e5,"","2026-03-01"
0,"","Sr. Relay Technician","EPS","United States","","$70 - $85 (hourly)",jobspy_indeed,https://www.indeed.com/viewjob?jk=c8adb3831d27d654,"","2026-03-01"
0,"","Relay Technician II","EPS","United States","","$65 - $75 (hourly)",jobspy_indeed,https://www.indeed.com/viewjob?jk=cf9484215fb85759,"","2026-03-01"
0,"","Wildlife Nuisance Technician","Smithereen Pest Management","United States","","$19 - $21 (hourly)",jobspy_indeed,https://www.indeed.com/viewjob?jk=b4da276879cc38ef,"","2026-03-01"
0,"","INFORMATION TECHNOLOGY SPECIALIST I","California State Personnel Board","United States","","$6,513 - $10,537 (monthly)",jobspy_indeed,https://www.indeed.com/viewjob?jk=b8eacb2e6d8cf89c,"","2026-03-01"
0,"","Veterinary Assistant","San Tan Animal Hospital","United States","","$17 - $21 (hourly)",jobspy_indeed,https://www.indeed.com/viewjob?jk=e7c2526549f36ded,"","2026-02-27"
0,"","Roadway Construction Inspector, Metro Atlanta","Atlas Technical Consultants","Remote","","",jobspy_indeed,https://www.indeed.com/viewjob?jk=6581a04375f853c7,"","2026-02-26"
0,"","Technical Trainer - Electrical & Switchgear","Industrial Electric Manufacturing","Remote","","$110,000 - $150,000 (yearly)",jobspy_indeed,https://www.indeed.com/viewjob?jk=fc94e6be65bd8d11,"","2026-02-25"
0,"","Performance Tour Technician","Callaway Golf","Remote","","$71,400 - $107,200 (yearly)",jobspy_indeed,https://www.indeed.com/viewjob?jk=3c81a91874cf71ff,"","2026-02-23"
0,"","Programmer","Thermon","Chicago, Illinois","","",jobspy_indeed,https://www.indeed.com/viewjob?jk=6f302fbba92dcaa4,"","2026-02-25"
0,"","Experienced Systems and Data Analyst","Boeing","Seattle, Washington","","$96,050 - $139,150 (yearly)",jobspy_indeed,https://www.indeed.com/viewjob?jk=355869a0c80ac4a7,"","2026-02-24"
0,"","Technician - Additive Manufacturing LVL I | C Shift","Blue Origin","Seattle, Washington","","$22 - $32 (hourly)",jobspy_indeed,https://www.indeed.com/viewjob?jk=d8e9e35126e98f5f,"","2026-02-24"
0,"","Vertex Summer Intern 2026, Statistical Programming, AI","Vertex Pharmaceuticals","Boston, Massachusetts","","$30 - $50 (hourly)",jobspy_indeed,https://www.indeed.com/viewjob?jk=1cfc8247fb3fddea,"","2026-02-26"
0,"","Controls Engineer / BAS Programmer (Chiller Plants + Data)","LogBus","Boston, Massachusetts","","$65,000 - $120,000 (yearly)",jobspy_indeed,https://www.indeed.com/viewjob?jk=a2c9ecf1cd3f4a68,"","2026-02-26"
0,"","Special Education Special Education Data Management Specialist (Education Program Specialist I)","nan","Washington, DC","","$91,761 - $142,914 (yearly)",jobspy_indeed,https://www.indeed.com/viewjob?jk=48ded9f712370b26,"","2026-02-27"
0,"","CNC 5 AXIS MILL / LATHE PROGRAMMER - 1st SHIFT","Windsor Beach Technologies, Inc","United States","","$40 - $50 (hourly)",jobspy_indeed,https://www.indeed.com/viewjob?jk=3989b2de7f2528c2,"","2026-03-02"
0,"","AV Technician Apprentice","Amplify People","United States","","",jobspy_indeed,https://www.indeed.com/viewjob?jk=1749633b2af3c6f2,"","2026-02-27"
0,"","Applications Engineer","Haas Factory Outlet, A Division of NYMAT Machine Tool Corp.","United States","","$40,000 - $68,000 (yearly)",jobspy_indeed,https://www.indeed.com/viewjob?jk=67fdf4e72be13c9b,"","2026-02-27"
0,"","Senior Multi‑Axis CNC Setup Machinist (Nationwide Deployments)","Nordic Solutions","United States","","$40 - $42 (hourly)",jobspy_indeed,https://www.indeed.com/viewjob?jk=87676351e90088f1,"","2026-02-27"
0,"","CNC Programmer","Legacy Talent Search","United States","","$32 - $40 (hourly)",jobspy_indeed,https://www.indeed.com/viewjob?jk=c10b9f4ef77412cd,"","2026-02-26"
0,"","Composite Toolmaker","ACT Aerospace","United States","","",jobspy_indeed,https://www.indeed.com/viewjob?jk=19aff47448e50e59,"","2026-02-26"
0,"","SCADA Engineer","Strategic Engineering & Automation Systems","United States","","$110,000 - $200,000 (yearly)",jobspy_indeed,https://www.indeed.com/viewjob?jk=82753a51feadc3b1,"","2026-02-26"
0,"","Systems Programmer 3","State of Alaska","United States","","",jobspy_indeed,https://www.indeed.com/viewjob?jk=ae69ccf986017cbb,"","2026-02-25"
0,"","Embedded Software Engineer III (Sr. Embedded Software Engineer)","Sparton","United States","","",jobspy_indeed,https://www.indeed.com/viewjob?jk=f21fd88c0a30c9fa,"","2026-02-25"
0,"","Audio Video Installation Co Worker","PAVE LLC","United States","","$20 - $25 (hourly)",jobspy_indeed,https://www.indeed.com/viewjob?jk=8712aacf967a5c77,"","2026-02-24"
0,"","Show Systems Programmer","Memoir Agency LLC","United States","","",jobspy_indeed,https://www.indeed.com/viewjob?jk=ba81945c0a6127ea,"","2026-02-24"
0,"","2nd Shift CNC Machinist","Conductix-Wampfler","United States","","",jobspy_indeed,https://www.indeed.com/viewjob?jk=d7f1486a508582b3,"","2026-02-24"
0,"","Lighting Supervisor","Hale Centre Theatre","United States","","",jobspy_indeed,https://www.indeed.com/viewjob?jk=0b9f721c9e4e8210,"","2026-02-24"
0,"","Cnc Programmer Specialist","Parker Hannifin","United States","","",jobspy_indeed,https://www.indeed.com/viewjob?jk=4368935ce31e83ac,"","2026-02-23"
0,"","Northern California Stagehand (Non-Union)","Live Nation","San Francisco, California","","$20 - $25 (hourly)",jobspy_indeed,https://www.indeed.com/viewjob?jk=e3f849a4893e10cf,"","2026-02-27"
0,"","Event Crew: Support for a Family Immersive Scavenger Hunt Experience","Society of Adventurers","San Francisco, California","","",jobspy_indeed,https://www.indeed.com/viewjob?jk=268a565dc9dbc91f,"","2026-02-27"
0,"","Event Stagehand - Northern California","Rhino Staging","San Francisco, California","","$28 - $30 (hourly)",jobspy_indeed,https://www.indeed.com/viewjob?jk=7dc13702d87cf3c8,"","2026-02-25"
0,"","Event Stagehand - Seattle / Tacoma","Rhino Staging","Seattle, Washington","","",jobspy_indeed,https://www.indeed.com/viewjob?jk=eb6c3098201241e8,"","2026-02-25"
0,"","Event Stagehand - DC","Rhino Staging","Washington, DC","","",jobspy_indeed,https://www.indeed.com/viewjob?jk=f7b754f7633dc623,"","2026-02-25"
0,"","Event Stagehand - GA","Rhino Staging","United States","","",jobspy_indeed,https://www.indeed.com/viewjob?jk=9ce45bcb44890c4c,"","2026-02-27"
0,"","Event Stagehand - Utah","Rhino Staging","United States","","",jobspy_indeed,https://www.indeed.com/viewjob?jk=9aaedda301809ce7,"","2026-02-25"
0,"","Entertainment Rigging Professional - GA","Rhino Staging","United States","","",jobspy_indeed,https://www.indeed.com/viewjob?jk=bc9848bd6eb42dbd,"","2026-02-27"
0,"","Event Stagehand - Tempe, AZ","Rhino Staging","United States","","$20 - $21 (hourly)",jobspy_indeed,https://www.indeed.com/viewjob?jk=807d83d89bbb8795,"","2026-02-25"
0,"","Event Stagehand - Tucson, AZ","Rhino Staging","United States","","$18 - $20 (hourly)",jobspy_indeed,https://www.indeed.com/viewjob?jk=26b11294a506cf79,"","2026-02-25"
0,"","Logistics & Warranty Manager","Synergy Builders","Chicago, Illinois","","$65,000 - $85,000 (yearly)",jobspy_indeed,https://www.indeed.com/viewjob?jk=35b32e783a81648b,"","2026-02-27"
0,"","Medical Lead Veterinarian at Countryside Veterinary Clinic near Chicago, Illinois","Countryside Veterinary Clinic","Chicago, Illinois","","$130,000 - $170,000 (yearly)",jobspy_indeed,https://www.indeed.com/viewjob?jk=7f01fe91185cc11d,"","2026-02-27"
0,"","Warehouse Technician - Live Events Staging Department (Prep & Support Full-Time)","Technotrix, Inc.","Chicago, Illinois","","",jobspy_indeed,https://www.indeed.com/viewjob?jk=144ac7d4e1364536,"","2026-02-23"
0,"","S&T Leadership Program Professional - Wood Composites (2026)","Owens Corning","Chicago, Illinois","","$90,000 - $110,000 (yearly)",jobspy_indeed,https://www.indeed.com/viewjob?jk=e510c50b068cabab,"","2026-02-23"
0,"","Director, Sports Studio","Versant","New York, New York","","",jobspy_indeed,https://www.indeed.com/viewjob?jk=e5896b66507cf4e0,"","2026-02-26"
0,"","Registered Environmental Health Specialist","Alameda County, CA","San Francisco, California","","$52 - $62 (hourly)",jobspy_indeed,https://www.indeed.com/viewjob?jk=b90861e4f2b48a0f,"","2026-02-27"
0,"","Maintenance Technician - Millwright, 2nd Shift","Natural Factors","Seattle, Washington","","$27 - $38 (hourly)",jobspy_indeed,https://www.indeed.com/viewjob?jk=29e821c6a58ae2dc,"","2026-02-27"
0,"","Technician","CBS News and Stations","Boston, Massachusetts","","$75,000 - $80,000 (yearly)",jobspy_indeed,https://www.indeed.com/viewjob?jk=e5bac05523e4fc0a,"","2026-02-28"
0,"","Manager Medical Education – BIDMC Neurology","Beth Israel Lahey Health","Boston, Massachusetts","","$85,280 - $140,004 (yearly)",jobspy_indeed,https://www.indeed.com/viewjob?jk=0902e0d5f4676a39,"","2026-02-27"
0,"","Clinical Nurse Manager – Neurology (Ambulatory/Outpatient)","Beth Israel Lahey Health","Boston, Massachusetts","","$150,000 - $220,000 (yearly)",jobspy_indeed,https://www.indeed.com/viewjob?jk=bae9218f97ad621f,"","2026-02-26"
0,"","Director, Philanthropy Marketing","Beth Israel Lahey Health","Boston, Massachusetts","","$130,000 - $160,000 (yearly)",jobspy_indeed,https://www.indeed.com/viewjob?jk=a53467fc1b70a2a7,"","2026-02-25"
0,"","Cook (Food Service Worker) – Lynn, MA","Beth Israel Lahey Health","Boston, Massachusetts","","$20 - $24 (hourly)",jobspy_indeed,https://www.indeed.com/viewjob?jk=f80dc9a4e6d7fdea,"","2026-02-25"
0,"","Senior Asset Manager","Resonant Energy","Boston, Massachusetts","","$86,000 - $95,000 (yearly)",jobspy_indeed,https://www.indeed.com/viewjob?jk=de77c40125ccddb5,"","2026-02-25"
0,"","Event Technician","Fidelity TalentSource","Boston, Massachusetts","","$35 - $40 (hourly)",jobspy_indeed,https://www.indeed.com/viewjob?jk=526f597efea8b77a,"","2026-02-24"
0,"","Facilities Maintenance Technician","Alertus Technologies","Washington, DC","","$22 - $27 (hourly)",jobspy_indeed,https://www.indeed.com/viewjob?jk=a9f1a62334100469,"","2026-02-23"
0,"","Maintenance & Fabrication Technician – Event Equipment & Fleet maintenance","FotoBoyz.com","United States","","$25 - $35 (hourly)",jobspy_indeed,https://www.indeed.com/viewjob?jk=6dbe2952d5e08c8a,"","2026-03-02"
0,"","Entertainment Production Technician","Six Flags, Inc.","United States","","",jobspy_indeed,https://www.indeed.com/viewjob?jk=d9633e4aae32e0ed,"","2026-02-28"
0,"","Senior Business Systems Analyst","STACK Infrastructure","United States","","$128,260 - $155,000 (yearly)",jobspy_indeed,https://www.indeed.com/viewjob?jk=6abf18f96454790e,"","2026-02-28"
0,"","Event Operations Manager- Hyatt Regency Orlando","Encore Global","United States","","$44,342 - $57,644 (yearly)",jobspy_indeed,https://www.indeed.com/viewjob?jk=9b8cc06b8a77f5bf,"","2026-02-27"
0,"","Breeder Service Technician - NM","Privett","United States","","",jobspy_indeed,https://www.indeed.com/viewjob?jk=73c62e8aa0edc3af,"","2026-02-27"
0,"","Teacher - Certified Production Technician","State of Wisconsin","United States","","$30 - $35 (hourly)",jobspy_indeed,https://www.indeed.com/viewjob?jk=fca36a4f2d8c4f6f,"","2026-02-27"
0,"","Theatrical Technician","University of Utah","United States","","$16 - $18 (hourly)",jobspy_indeed,https://www.indeed.com/viewjob?jk=8ed4c0280d4c2a22,"","2026-02-25"
0,"","Sr. Global Events Production Manager (Technical/AV Focus)","Miller Tanner Associates","Remote","","$90,000 - $100,000 (yearly)",jobspy_indeed,https://www.indeed.com/viewjob?jk=afead8cb210470a9,"","2026-02-24"
0,"","Tower Technician I","Concordia Group","Chicago, Illinois","","$20 - $32 (hourly)",jobspy_indeed,https://www.indeed.com/viewjob?jk=e03d1fe8987cae36,"","2026-02-25"
0,"","Broadband Technician II","Astound","New York, New York","","$25 - $28 (hourly)",jobspy_indeed,https://www.indeed.com/viewjob?jk=05f1f8254fbbe22e,"","2026-02-26"
0,"","Antenna/RCS Range Technician","BAE Systems USA","New York, New York","","$68,520 - $109,680 (yearly)",jobspy_indeed,https://www.indeed.com/viewjob?jk=54ec558c8038cca6,"","2026-02-25"
0,"","403g Maintenance Technician (Production Maintenance)","PARAMOUNT","New York, New York","","$29 - $62 (hourly)",jobspy_indeed,https://www.indeed.com/viewjob?jk=f10c913bd762b6b8,"","2026-02-24"
0,"","Electronic Test Technician (Secret Clearance) - Clifton, NJ - JP7940","Altimeter Solutions","New York, New York","","",jobspy_indeed,https://www.indeed.com/viewjob?jk=895aa4a886e461e6,"","2026-02-24"
0,"","Principal ASIC Design Engineer","TTM Technologies","New York, New York","","$156,102 - $274,525 (yearly)",jobspy_indeed,https://www.indeed.com/viewjob?jk=8f38d7cd67bf9c95,"","2026-02-23"
0,"","Cold Test Technician (RF/Electronics)","Schneller","San Francisco, California","","$32 - $35 (hourly)",jobspy_indeed,https://www.indeed.com/viewjob?jk=2dfb716caaf6b4b4,"","2026-03-01"
0,"","RF Engineering Technician","Comet","San Francisco, California","","$52 - $57 (hourly)",jobspy_indeed,https://www.indeed.com/viewjob?jk=e9b265370276f37e,"","2026-02-28"
0,"","Equipment Maintenance Technician Lead 2nd shift","TTM Technologies","San Francisco, California","","$71,608 - $119,346 (yearly)",jobspy_indeed,https://www.indeed.com/viewjob?jk=f6bf8df0799d0eb0,"","2026-02-27"
0,"","Electronic Equipment Technician","Microwave Power Products","San Francisco, California","","$35 - $45 (hourly)",jobspy_indeed,https://www.indeed.com/viewjob?jk=728f9c7ecd4fe6c9,"","2026-02-26"
0,"","Microwave and Cryogenics Test Engineer","Rigetti Computing","San Francisco, California","","$115,000 - $140,000 (yearly)",jobspy_indeed,https://www.indeed.com/viewjob?jk=9459d6b966c682f3,"","2026-02-25"
0,"","Test Engineer","Sanmina","San Francisco, California","","$90,000 - $100,000 (yearly)",jobspy_indeed,https://www.indeed.com/viewjob?jk=c8fed3779ac85025,"","2026-02-24"
0,"","Test Technician","Schneller","San Francisco, California","","$24 - $29 (hourly)",jobspy_indeed,https://www.indeed.com/viewjob?jk=807cfcd457ab90f8,"","2026-02-24"
0,"","Equipment Maintenance Technician 1st","TTM Technologies","San Francisco, California","","$58,996 - $93,252 (yearly)",jobspy_indeed,https://www.indeed.com/viewjob?jk=6fce61fac15705cf,"","2026-02-24"
0,"","Harness Engineer Technician","Xona Space Systems","San Francisco, California","","$30 - $50 (hourly)",jobspy_indeed,https://www.indeed.com/viewjob?jk=8aa9be64415330bd,"","2026-02-23"
0,"","Facilities Manager","Astranis","San Francisco, California","","$130,000 - $175,000 (yearly)",jobspy_indeed,https://www.indeed.com/viewjob?jk=431955e57e1b9ade,"","2026-02-23"
0,"","Radio Frequency Engineer – Desense / Front-End Design","Rivet Industries","San Francisco, California","","",jobspy_indeed,https://www.indeed.com/viewjob?jk=6a56dbd8a6d1f16a,"","2026-02-23"
0,"","Hardware Engineer – Electrical Engineer Design","Rivet Industries","San Francisco, California","","",jobspy_indeed,https://www.indeed.com/viewjob?jk=4298434a43f33d38,"","2026-02-23"
0,"","Development Engineering Manager","Schneller","San Francisco, California","","$130,000 - $190,000 (yearly)",jobspy_indeed,https://www.indeed.com/viewjob?jk=915a702caad34328,"","2026-02-10"
0,"","Tower Technician – Crew Lead","R & R Integrated Solutions.","Seattle, Washington","","",jobspy_indeed,https://www.indeed.com/viewjob?jk=169c6076794442f1,"","2026-02-27"
0,"","Manufacturing Equipment Technician - Compress Nights","MACOM Technology Solutions","Boston, Massachusetts","","$24 - $38 (hourly)",jobspy_indeed,https://www.indeed.com/viewjob?jk=30d43f5afe1a207e,"","2026-02-27"
0,"","Manufacturing Equipment Technician - Compressed Days","MACOM Technology Solutions","Boston, Massachusetts","","$17 - $28 (hourly)",jobspy_indeed,https://www.indeed.com/viewjob?jk=a814c8d2a50751ee,"","2026-02-27"
0,"","Microwave Test Technician 2nd Shift","BAE Systems USA","Boston, Massachusetts","","$57,319 - $91,710 (yearly)",jobspy_indeed,https://www.indeed.com/viewjob?jk=50e2c515fb4678fe,"","2026-02-26"
0,"","Test Technician III Weekend Days (4th Shift)","BAE Systems USA","Boston, Massachusetts","","$57,319 - $91,710 (yearly)",jobspy_indeed,https://www.indeed.com/viewjob?jk=664dd080ddff2f8d,"","2026-02-24"
0,"","Antenna Range Test Technician","BAE Systems USA","Boston, Massachusetts","","$57,319 - $91,710 (yearly)",jobspy_indeed,https://www.indeed.com/viewjob?jk=1adcc3906099fde2,"","2026-02-23"
0,"","Microwave Rework Technician Weekend Day Shift","BAE Systems USA","Boston, Massachusetts","","$48,438 - $77,500 (yearly)",jobspy_indeed,https://www.indeed.com/viewjob?jk=be76c8bef7b10ea7,"","2026-02-26"
0,"","Signal Integrity Engineer","Amphenol","Boston, Massachusetts","","",jobspy_indeed,https://www.indeed.com/viewjob?jk=6c1c92ee59eb2733,"","2026-02-25"
0,"","Signal Integrity Lab Technician (Mon-Fri 3pm to 11:30pm)","Amphenol","Boston, Massachusetts","","",jobspy_indeed,https://www.indeed.com/viewjob?jk=dcfd54f25104b226,"","2026-02-25"
0,"","Mechanical Integrity Technician","Amphenol","Boston, Massachusetts","","",jobspy_indeed,https://www.indeed.com/viewjob?jk=e10384a496d6de61,"","2026-02-25"
0,"","Test Engineering Manager- High Speed Cable Products","Amphenol","Boston, Massachusetts","","",jobspy_indeed,https://www.indeed.com/viewjob?jk=cb3f302d1a18a46c,"","2026-02-25"
0,"","Test Technician- High-Speed Active Products","Amphenol","Boston, Massachusetts","","",jobspy_indeed,https://www.indeed.com/viewjob?jk=74f9c54e300bff0e,"","2026-02-25"
0,"","Process Engineer – Hi-Speed Cable Assembly","Amphenol","Boston, Massachusetts","","",jobspy_indeed,https://www.indeed.com/viewjob?jk=440c959dd295bd6d,"","2026-02-27"
0,"","Senior RF/Microwave Engineer","BAE Systems USA","Boston, Massachusetts","","$97,008 - $164,914 (yearly)",jobspy_indeed,https://www.indeed.com/viewjob?jk=6a9f8cb58b08e041,"","2026-02-25"
0,"","Quality Technician","Winchester Interconnect","Boston, Massachusetts","","$23 - $26 (hourly)",jobspy_indeed,https://www.indeed.com/viewjob?jk=bc8014a705076e1e,"","2026-02-24"
0,"","Technical/Professional - Engineering Aide","Lockheed Martin","Boston, Massachusetts","","",jobspy_indeed,https://www.indeed.com/viewjob?jk=08c9e794d1f87585,"","2026-02-24"
0,"","Senior Technician (Electronic)","MIT Lincoln Laboratory","Boston, Massachusetts","","$44 - $48 (hourly)",jobspy_indeed,https://www.indeed.com/viewjob?jk=4cccde2989fc66d8,"","2026-02-24"
0,"","RF Validation Engineer Summer/Fall Co-Op","Skyworks Solutions","Boston, Massachusetts","","$22 - $42 (hourly)",jobspy_indeed,https://www.indeed.com/viewjob?jk=25c3412419753996,"","2026-02-24"
0,"","RF Engineer III","Mercury Systems","Boston, Massachusetts","","$75,000 - $177,000 (yearly)",jobspy_indeed,https://www.indeed.com/viewjob?jk=7801bf4328b29a69,"","2026-02-23"
0,"","Field Calibration Technician I","Transcat","Boston, Massachusetts","","$24 - $34 (hourly)",jobspy_indeed,https://www.indeed.com/viewjob?jk=618e40ac8b8a7ee4,"","2025-09-23"
0,"","Reliability/FA Engineer 2","Skyworks Solutions","Los Angeles, California","","$77,900 - $142,900 (yearly)",jobspy_indeed,https://www.indeed.com/viewjob?jk=1f61b14ccff11cca,"","2026-03-01"
0,"","Senior Security Manager/Technician and Sales opportunity","ANDTECH CORPORATION","Los Angeles, California","","$75,000 - $105,000 (yearly)",jobspy_indeed,https://www.indeed.com/viewjob?jk=1071bec9e24c1b3e,"","2026-03-01"
0,"","Integration & Test Engineer","Motive Companies","Los Angeles, California","","$55 - $75 (hourly)",jobspy_indeed,https://www.indeed.com/viewjob?jk=cc1071c47e1760cf,"","2026-03-01"
0,"","RF Test Technician","Motive Companies","Los Angeles, California","","$26 - $29 (hourly)",jobspy_indeed,https://www.indeed.com/viewjob?jk=6a618232730ab41d,"","2026-03-01"
0,"","Calibration Technician (Radio Frequency)","Micro Quality Calibration, Inc.","Los Angeles, California","","$40 - $65 (hourly)",jobspy_indeed,https://www.indeed.com/viewjob?jk=3127855647480d14,"","2026-02-28"
0,"","RF Test Technician","Stellant Systems, Inc.","Los Angeles, California","","$30 - $35 (hourly)",jobspy_indeed,https://www.indeed.com/viewjob?jk=077db65b5fe46600,"","2026-02-26"
0,"","Engineering Technician","Nusano","Los Angeles, California","","",jobspy_indeed,https://www.indeed.com/viewjob?jk=48d9f33ad4ab409b,"","2026-02-26"
0,"","Engineering Technician","Pacific Antenna Systems","Los Angeles, California","","",jobspy_indeed,https://www.indeed.com/viewjob?jk=09a7b60c72c5bcb7,"","2026-02-26"
0,"","TEST ENGINEER II","Marvin Land Systems","Los Angeles, California","","$95,000 - $120,000 (yearly)",jobspy_indeed,https://www.indeed.com/viewjob?jk=9ef8792bea9be2ec,"","2026-02-25"
0,"","Engineering Aide Sr Spec","Lockheed Martin","Los Angeles, California","","",jobspy_indeed,https://www.indeed.com/viewjob?jk=43643fef6f81eaca,"","2026-02-24"
0,"","Small Cell Technician","RLS-CMC, Inc","Los Angeles, California","","",jobspy_indeed,https://www.indeed.com/viewjob?jk=5b6e5f988fa416c0,"","2026-02-24"
0,"","Microwave Radio Technician III","MasTec Inc","Los Angeles, California","","$24 - $40 (hourly)",jobspy_indeed,https://www.indeed.com/viewjob?jk=d21f092af83be60b,"","2026-02-23"
0,"","Microwave Radio Technician III","MasTec Communications Group","Los Angeles, California","","$24 - $40 (hourly)",jobspy_indeed,https://www.indeed.com/viewjob?jk=107720cd60c248e2,"","2026-02-23"
0,"","Sr RF Calibration Technician 2nd Shift","Stellant Systems, Inc.","Los Angeles, California","","$30 - $43 (hourly)",jobspy_indeed,https://www.indeed.com/viewjob?jk=9786546418f55e35,"","2026-02-23"
0,"","Facilities Maintenance Lead - 1st shift","TTM Technologies","Los Angeles, California","","$57,898 - $96,497 (yearly)",jobspy_indeed,https://www.indeed.com/viewjob?jk=3f21e4ccea41388a,"","2026-02-23"
0,"","Filter Design Summer/Fall Co-Op (June '26-Dec 26)","Skyworks Solutions","Los Angeles, California","","$22 - $42 (hourly)",jobspy_indeed,https://www.indeed.com/viewjob?jk=7faea54b500af3c3,"","2026-02-23"
0,"","Field Service Technician","Leidos","Washington, DC","","$59,150 - $106,925 (yearly)",jobspy_indeed,https://www.indeed.com/viewjob?jk=cc2adf512fbe56f4,"","2026-02-27"
0,"","Fab Equipment Maint Technician","Micron Technology","Washington, DC","","",jobspy_indeed,https://www.indeed.com/viewjob?jk=42762dcb8ba2cb1e,"","2026-02-20"
0,"","Semiconductor Equipment Maintenance Technician","Micron Technology","Washington, DC","","",jobspy_indeed,https://www.indeed.com/viewjob?jk=feafb5badce699d9,"","2026-02-03"
0,"","Dry Etch Equipment Engineer","Micron Technology","Washington, DC","","",jobspy_indeed,https://www.indeed.com/viewjob?jk=955a128a65868ce1,"","2026-01-29"
0,"","New College Grad - Fab Support Engineer","Micron Technology","Washington, DC","","",jobspy_indeed,https://www.indeed.com/viewjob?jk=a898520fc2d8a92e,"","2026-02-20"
0,"","Uncrewed Systems Technician","Lynker Technologies","Washington, DC","","$45,000 - $90,000 (yearly)",jobspy_indeed,https://www.indeed.com/viewjob?jk=3f8f67b74e0d9394,"","2026-02-26"
0,"","RF Engineering Technician D","nan","Washington, DC","","$34 - $40 (hourly)",jobspy_indeed,https://www.indeed.com/viewjob?jk=5c35437fb4681411,"","2026-02-26"
0,"","RF Manufacturing Technician B","nan","Washington, DC","","$26 - $31 (hourly)",jobspy_indeed,https://www.indeed.com/viewjob?jk=4b00b4a044d41e72,"","2026-02-26"
0,"","Final Inspection- 1st shift","TTM Technologies","Washington, DC","","",jobspy_indeed,https://www.indeed.com/viewjob?jk=20b905ae8d0d7008,"","2026-02-26"
0,"","Electrical Engineer 3","AEVEX","Washington, DC","","",jobspy_indeed,https://www.indeed.com/viewjob?jk=3ab0a5a563d440b4,"","2026-02-25"
0,"","TEMPEST Apprentice - Riverwood HQ","Advance Programs","Washington, DC","","$60,000 - $65,000 (yearly)",jobspy_indeed,https://www.indeed.com/viewjob?jk=ebf9aaedb99a37e3,"","2026-02-25"
0,"","Test and Inspection (T&I) Officer","Leidos","Washington, DC","","$107,900 - $195,050 (yearly)",jobspy_indeed,https://www.indeed.com/viewjob?jk=2fe84ea8a5711f6f,"","2026-02-25"
0,"","RF/Digital Test & Principal RF/Digital Test Engineer 2nd shift","Northrop Grumman","Washington, DC","","$87,600 - $163,200 (yearly)",jobspy_indeed,https://www.indeed.com/viewjob?jk=ae48ca9630f2dce4,"","2026-02-23"
0,"","Secret Clearance | Radio (RF) Technician","CONCERAS","Washington, DC","","$70,000 - $80,000 (yearly)",jobspy_indeed,https://www.indeed.com/viewjob?jk=a915b0ac503d646e,"","2026-02-23"
0,"","Experienced Tower Climber/ RF Field Technician","J & K Communications","United States","","",jobspy_indeed,https://www.indeed.com/viewjob?jk=d663f0915def43d0,"","2026-03-01"
0,"","Principal Electronics Engineer","Advanced Energy Industries, Inc.","United States","","$130,000 - $170,000 (yearly)",jobspy_indeed,https://www.indeed.com/viewjob?jk=55bcf2eb6dd0f687,"","2026-03-01"
0,"","Test Engineer II - Spacecraft","CesiumAstro","United States","","$102,000 - $136,000 (yearly)",jobspy_indeed,https://www.indeed.com/viewjob?jk=2d45c6622c9c9b45,"","2026-03-01"
0,"","Engineering Assistant III","BAE Systems USA","United States","","$52,108 - $83,373 (yearly)",jobspy_indeed,https://www.indeed.com/viewjob?jk=80f91d4b274fe5dc,"","2026-03-01"
0,"","Lead Test Technician - 3rd Shift","Raytheon","United States","","$54,000 - $102,600 (yearly)",jobspy_indeed,https://www.indeed.com/viewjob?jk=c030061e31ab158e,"","2026-02-28"
0,"","Technical Services Technician","Cedar Point","United States","","",jobspy_indeed,https://www.indeed.com/viewjob?jk=b952e59b74b76c68,"","2026-02-27"
0,"","Park and Events Decor Technician","Cedar Point","United States","","",jobspy_indeed,https://www.indeed.com/viewjob?jk=11042d4f4dc50de6,"","2026-03-01"
0,"","Engineering Technician B","L3Harris","United States","","",jobspy_indeed,https://www.indeed.com/viewjob?jk=b69325417bd87436,"","2026-02-27"
0,"","Microwave Radio Technician III Travel","MasTec Inc","United States","","$24 - $40 (hourly)",jobspy_indeed,https://www.indeed.com/viewjob?jk=514008a0c917174c,"","2026-02-27"
0,"","Microwave Radio Technician III Travel","MasTec Communications Group","United States","","$24 - $40 (hourly)",jobspy_indeed,https://www.indeed.com/viewjob?jk=2d0ae43af8568605,"","2026-02-27"
0,"","RF Calibration Technician","Transcat","United States","","",jobspy_indeed,https://www.indeed.com/viewjob?jk=bded94c3d71be168,"","2025-04-02"
0,"","Repair Technician I","Transcat","United States","","",jobspy_indeed,https://www.indeed.com/viewjob?jk=1311585171d01954,"","2026-02-04"
0,"","Field Technician II - Midland, TX","CERAGON","Remote","","",jobspy_indeed,https://www.indeed.com/viewjob?jk=f6a3e412eb9c86b4,"","2026-02-25"
0,"","Shipping & Receiving Associate","IPG","Chicago, Illinois","","$18 - $21 (hourly)",jobspy_indeed,https://www.indeed.com/viewjob?jk=b83b94a258f692f4,"","2026-02-26"
0,"","Shipping & Receiving Coordinator","The Visual Pak Companies","Chicago, Illinois","","$17 - $23 (hourly)",jobspy_indeed,https://www.indeed.com/viewjob?jk=b90bcd633543fd9d,"","2026-02-25"
0,"","Warehouse Coordinator (Mon. - Fri. 10:00AM - 6:00PM)","L'Oréal","New York, New York","","$24 - $33 (hourly)",jobspy_indeed,https://www.indeed.com/viewjob?jk=3ce67d56eae7b64a,"","2026-02-26"
0,"","Set Up Coordinator","Staffing Synergies","New York, New York","","",jobspy_indeed,https://www.indeed.com/viewjob?jk=2a2ee05abf84df4d,"","2026-02-25"
0,"","Warehouse coordinator-for 3rd shift Hi-lo team","Baldor Specialty Foods","New York, New York","","",jobspy_indeed,https://www.indeed.com/viewjob?jk=344b31a95626658b,"","2026-02-23"
0,"","Department Staff Assistant","Stony Brook University","New York, New York","","$55,000 - $65,000 (yearly)",jobspy_indeed,https://www.indeed.com/viewjob?jk=c10fc5fac2e97321,"","2026-02-23"
0,"","Coordinator, Procedure Based Services","NorthBay Health","San Francisco, California","","$35 - $43 (hourly)",jobspy_indeed,https://www.indeed.com/viewjob?jk=6fe3cb96217bee90,"","2026-02-27"
0,"","Sales Coordinator - Aftermarket","nan","San Francisco, California","","",jobspy_indeed,https://www.indeed.com/viewjob?jk=ff9969c53d2ebe55,"","2026-02-26"
0,"","Inventory Control Coordinator","Onesource","San Francisco, California","","$20 - $27 (hourly)",jobspy_indeed,https://www.indeed.com/viewjob?jk=f3ffeb5a9d032d58,"","2026-02-25"
0,"","Inventory Controls II","Thermo Fisher Scientific","Boston, Massachusetts","","$15 - $23 (hourly)",jobspy_indeed,https://www.indeed.com/viewjob?jk=091b27cdb4fc89e2,"","2026-02-25"
0,"","Technology Officer","MIT Lincoln Laboratory","Boston, Massachusetts","","$215,000 - $300,000 (yearly)",jobspy_indeed,https://www.indeed.com/viewjob?jk=0a7f6c4ff4bf1003,"","2026-02-24"
0,"","Construction Project Manager","Kahala Management LLC","Los Angeles, California","","$90,000 - $100,000 (yearly)",jobspy_indeed,https://www.indeed.com/viewjob?jk=3bfb4e43b7ea5f92,"","2026-02-27"
0,"","Security Design Manager","ITA International","Washington, DC","","",jobspy_indeed,https://www.indeed.com/viewjob?jk=511d8d3fb23fcf64,"","2026-02-27"
0,"","Warehouse Coordinator","TESSCO","Washington, DC","","",jobspy_indeed,https://www.indeed.com/viewjob?jk=29bea95b8db3de1e,"","2026-02-27"
0,"","Field Service Engineer (Proton Therapy)- New York, NY","Siemens Healthineers","Washington, DC","","$72,800 - $100,100 (yearly)",jobspy_indeed,https://www.indeed.com/viewjob?jk=c250ec934c7f5615,"","2026-02-25"
0,"","Shipping & Receiving Coordinator","New Balance","United States","","$18 - $28 (hourly)",jobspy_indeed,https://www.indeed.com/viewjob?jk=a5e95a3b85843065,"","2026-03-01"
0,"","Inventory Control Coordinator","Wedgewood Pharmacy","United States","","",jobspy_indeed,https://www.indeed.com/viewjob?jk=c8da769137e90b4a,"","2026-02-28"
0,"","Warehouse Coordinator","Amphenol CIT","United States","","$16 - $19 (hourly)",jobspy_indeed,https://www.indeed.com/viewjob?jk=4780e0089830268f,"","2026-02-27"
0,"","Warehouse Coordinator","UNFI","United States","","",jobspy_indeed,https://www.indeed.com/viewjob?jk=5539629b8ab9bffe,"","2026-02-27"
0,"","Communications and Integrated Systems Coordinator - State Prog Admin Prin","nan","United States","","$32 - $47 (hourly)",jobspy_indeed,https://www.indeed.com/viewjob?jk=304b2847ed04e0c4,"","2026-02-27"
0,"","Forklift Operator - Production 3rd Shift","ITC Manufacturing","United States","","",jobspy_indeed,https://www.indeed.com/viewjob?jk=0839b755f7bb9de8,"","2026-02-26"
0,"","Distribution Clerk (3rd Shift)","Essilor and Subsidiaries","United States","","$17 - $22 (hourly)",jobspy_indeed,https://www.indeed.com/viewjob?jk=51d77471e7b16b89,"","2026-02-26"
0,"","Calibration Services Support - Engineer Support Specialist","General Dynamics Mission Systems","United States","","$74,714 - $80,842 (yearly)",jobspy_indeed,https://www.indeed.com/viewjob?jk=553e87cb3b79db70,"","2026-02-26"
0,"","Driver Services Coordinator I","GAF","United States","","$41,600 - $57,200 (yearly)",jobspy_indeed,https://www.indeed.com/viewjob?jk=ab555f1a01b3aa31,"","2026-02-26"
0,"","Material Coordinator","MiTek","United States","","",jobspy_indeed,https://www.indeed.com/viewjob?jk=092f859698f74f06,"","2026-02-26"
0,"","Field Engineer","apss","United States","","$60,000 - $70,000 (yearly)",jobspy_indeed,https://www.indeed.com/viewjob?jk=0d2d39d316d66ca3,"","2026-02-26"
0,"","First Article Inspection -1st Shift","TTM Technologies","United States","","",jobspy_indeed,https://www.indeed.com/viewjob?jk=b02519b938fa4448,"","2026-02-26"
0,"","Case Selector - 1st Shift, 7:00am to 3:30pm, Monday - Friday","Allen Distribution","United States","","",jobspy_indeed,https://www.indeed.com/viewjob?jk=74ba28f64ce9edc9,"","2026-02-24"
0,"","Shipping Clerk","Pacor Inc.","United States","","$17 - $18 (hourly)",jobspy_indeed,https://www.indeed.com/viewjob?jk=4c18bc38b202cd51,"","2026-02-24"
0,"","Inventory Coordinator I","Sapporo-Stone Brewing Co.","United States","","$22 - $23 (hourly)",jobspy_indeed,https://www.indeed.com/viewjob?jk=768dac3f3307a099,"","2026-02-24"
0,"","Principal Software Engineer - Apps","NBCUniversal","New York, New York","","$185,000 - $215,000 (yearly)",jobspy_indeed,https://www.indeed.com/viewjob?jk=7ce6fc5a5e618aeb,"","2026-02-24"
0,"","Principal Software Engineer - iOS","NBCUniversal","New York, New York","","$185,000 - $215,000 (yearly)",jobspy_indeed,https://www.indeed.com/viewjob?jk=a27c1b9351e03c93,"","2026-02-24"
0,"","Principal Product Manager, AVC (Audio, Video & Communications)","Roblox","San Francisco, California","","$330,950 - $383,120 (yearly)",jobspy_indeed,https://www.indeed.com/viewjob?jk=74672b1ac5f06267,"","2026-02-27"
0,"","Senior Software Engineer - Video Rendering","Roblox","San Francisco, California","","$195,780 - $242,100 (yearly)",jobspy_indeed,https://www.indeed.com/viewjob?jk=007524b2f7634c92,"","2026-02-27"
0,"","Senior Software Engineer - Queue","Roblox","San Francisco, California","","$195,780 - $242,100 (yearly)",jobspy_indeed,https://www.indeed.com/viewjob?jk=51e8f1dcc3cdc923,"","2026-02-27"
0,"","Senior Staff Software Engineer, AI/ML Recommendations, Rankings, Predictions, YouTube","Youtube","San Francisco, California","","$248,000 - $349,000 (yearly)",jobspy_indeed,https://www.indeed.com/viewjob?jk=9f3b7778b66baa90,"","2026-02-25"
0,"","DSP Engineering Manager - Consumer Audio","Bose","Boston, Massachusetts","","$179,000 - $246,050 (yearly)",jobspy_indeed,https://www.indeed.com/viewjob?jk=de073e4f8291d69d,"","2026-02-24"
0,"","Software Engineer","SSTi","Washington, DC","","$100,000 - $145,000 (yearly)",jobspy_indeed,https://www.indeed.com/viewjob?jk=489be79f80add29e,"","2026-02-24"
0,"","Sr. Staff Audio Engineer","Qualcomm","United States","","$162,600 - $244,000 (yearly)",jobspy_indeed,https://www.indeed.com/viewjob?jk=fbe0db3afcbfe34b,"","2026-02-27"
0,"","IT Security Analyst","Monogram Health","United States","","",jobspy_indeed,https://www.indeed.com/viewjob?jk=187aeeb0537b1545,"","2026-02-27"
0,"","Video Design Engineer","Qualcomm","United States","","$99,400 - $149,200 (yearly)",jobspy_indeed,https://www.indeed.com/viewjob?jk=569832cb55fb437c,"","2026-02-27"
0,"","Computer Vision Engineer","Qualcomm","United States","","$148,300 - $222,500 (yearly)",jobspy_indeed,https://www.indeed.com/viewjob?jk=c16fe01b6875d973,"","2026-02-26"
0,"","Entertainment Technician","Carowinds","United States","","",jobspy_indeed,https://www.indeed.com/viewjob?jk=ff1a3f11dc8ab350,"","2026-02-25"
0,"","Technical Sound Designer - Gaming Industry","iRacing.com Motorsport Simulations, LLC","United States","","$100,000 - $200,000 (yearly)",jobspy_indeed,https://www.indeed.com/viewjob?jk=47dbffbc97dbe56f,"","2026-02-25"
0,"","Engineering Intern - Clip Service","Brivo","United States","","",jobspy_indeed,https://www.indeed.com/viewjob?jk=9dd9508719db6f3f,"","2026-02-25"
0,"","Senior FPGA Engineer","Heads Up Technologies","United States","","",jobspy_indeed,https://www.indeed.com/viewjob?jk=a60c92857ae86b84,"","2026-02-25"
0,"","Junior Software Engineer","LaunchTech","United States","","$73,000 - $90,000 (yearly)",jobspy_indeed,https://www.indeed.com/viewjob?jk=bdac2dad2f30affd,"","2026-02-23"
0,"","Junior Software Engineer – SSFB (IRES000036)","GeoControl Systems, Inc.","United States","","$35 - $43 (hourly)",jobspy_indeed,https://www.indeed.com/viewjob?jk=2f06b8f21e2933cb,"","2026-02-23"
0,"","AV Installer","Simple Smart","New York, New York","","$25 - $50 (hourly)",jobspy_indeed,https://www.indeed.com/viewjob?jk=b783bd98e89cfb1f,"","2026-02-27"
0,"","Business Development Manager - Legrand","ADI Global Distribution","New York, New York","","$65,173 - $138,714 (yearly)",jobspy_indeed,https://www.indeed.com/viewjob?jk=135bc08da742e173,"","2026-02-24"
0,"","BMS Controls + Low Voltage Electrical Installer","VANGUARD MAINTENANCE & ELECTRICAL","New York, New York","","$28 - $35 (hourly)",jobspy_indeed,https://www.indeed.com/viewjob?jk=1b2113abd725ca42,"","2026-02-24"
0,"","Home Solar Systems Installer","None","Los Angeles, California","","$25 - $40 (hourly)",jobspy_indeed,https://www.indeed.com/viewjob?jk=e03f9234173efe4a,"","2026-02-23"
0,"","Construction Project Manager","McDonough Bolyard Peck","Washington, DC","","$123,000 - $178,000 (yearly)",jobspy_indeed,https://www.indeed.com/viewjob?jk=3badf6134a2f8900,"","2026-01-27"
0,"","Telecom Estimator","End Solution Communications","United States","","",jobspy_indeed,https://www.indeed.com/viewjob?jk=d9b3043ea14cb54f,"","2026-02-27"
0,"","Low-Voltage Data Installer/Technician","APT Communications","United States","","$19 - $22 (hourly)",jobspy_indeed,https://www.indeed.com/viewjob?jk=6b4393c09b153a12,"","2026-02-26"
0,"","Residential Low-Voltage / Smart-Home Installer","Denizen Home","United States","","$22 - $28 (hourly)",jobspy_indeed,https://www.indeed.com/viewjob?jk=ed4f06f38107ab14,"","2026-02-26"
0,"","Sr Account Manager","ADI Global Distribution","United States","","$65,173 - $110,971 (yearly)",jobspy_indeed,https://www.indeed.com/viewjob?jk=bc628c1a851998d2,"","2026-02-25"
0,"","Customer Support Engineer","IC REALTIME LLC","United States","","",jobspy_indeed,https://www.indeed.com/viewjob?jk=a7a9183e68c0dbc7,"","2026-02-25"
0,"","Product Marketing Manager","ADI Global Distribution","United States","","$79,110 - $134,690 (yearly)",jobspy_indeed,https://www.indeed.com/viewjob?jk=7be2dd18927d31fd,"","2026-02-25"
0,"","Experienced AV Installer / Programmer","Infinite Home Theater","United States","","$30 - $40 (hourly)",jobspy_indeed,https://www.indeed.com/viewjob?jk=623e172be60b2ffd,"","2026-02-25"
0,"","Technical Support Agent","Audio Enhancement","United States","","",jobspy_indeed,https://www.indeed.com/viewjob?jk=a63a84a55744f704,"","2026-02-24"
0,"","AV Infrastructure Specialist","Adams State University","United States","","$52,200 - $62,600 (yearly)",jobspy_indeed,https://www.indeed.com/viewjob?jk=69ec70edbcb6f70e,"","2026-02-24"
0,"","Sr. Inside Sales Rep.","AlarMax Distributors","United States","","$25 - $32 (hourly)",jobspy_indeed,https://www.indeed.com/viewjob?jk=da0c4a9f3f0b1828,"","2026-02-24"
0,"","Audio Visual Project Manager","ak technologies","United States","","$75,000 - $110,000 (yearly)",jobspy_indeed,https://www.indeed.com/viewjob?jk=a8ce870801be948d,"","2026-02-24"
0,"","Audio/Video and Custom Integration Project Lead Technician","nan","United States","","$30 - $45 (hourly)",jobspy_indeed,https://www.indeed.com/viewjob?jk=ace15e01270a1d0e,"","2026-02-24"
0,"","Smart Home Integrator/Technician","Everest Smart Homes LLC","United States","","$20 - $28 (hourly)",jobspy_indeed,https://www.indeed.com/viewjob?jk=8b7dffdafb74d725,"","2026-02-24"
0,"","Security & Fire Alarm Technician","Illinois Alarm Service, Inc.","Chicago, Illinois","","$24 - $35 (hourly)",jobspy_indeed,https://www.indeed.com/viewjob?jk=dec9a8fa2f6657d4,"","2026-02-28"
0,"","Property Maintenance Supervisor (Arlington Heights, IL)","Bayshore Properties","Chicago, Illinois","","$35 - $38 (hourly)",jobspy_indeed,https://www.indeed.com/viewjob?jk=05a0c6f2cc979da8,"","2026-02-27"
0,"","Maintenance Technician","Weiman Products LLC","Chicago, Illinois","","",jobspy_indeed,https://www.indeed.com/viewjob?jk=792cb19752c9cc83,"","2026-02-26"
0,"","Automation Technician","Shedd Aquarium","Chicago, Illinois","","$40 - $45 (hourly)",jobspy_indeed,https://www.indeed.com/viewjob?jk=a30ae475d7bf0bd9,"","2026-02-25"
0,"","Maintenance Technician II, Full-Time","Covenant Living Communities & Services","Chicago, Illinois","","$19 - $23 (hourly)",jobspy_indeed,https://www.indeed.com/viewjob?jk=04ee1cc8baa56502,"","2026-02-25"
0,"","Field Service Technician","Socomec, Inc.","Chicago, Illinois","","$75,000 - $80,000 (yearly)",jobspy_indeed,https://www.indeed.com/viewjob?jk=97e2d12de4a60c30,"","2026-02-25"
0,"","Regional Controls Technician","Superheat","Chicago, Illinois","","$30 - $35 (hourly)",jobspy_indeed,https://www.indeed.com/viewjob?jk=cb091c7be81892b4,"","2026-02-24"
0,"","Machine Maintenance Technician","GereMarie Corporation","Chicago, Illinois","","$40 - $50 (hourly)",jobspy_indeed,https://www.indeed.com/viewjob?jk=ac3c5d9723494057,"","2026-02-23"
0,"","Fire Safety Alarms: Field Technician","Fire Safety Alarms","New York, New York","","$20 - $40 (hourly)",jobspy_indeed,https://www.indeed.com/viewjob?jk=9eaa0789fec589eb,"","2026-03-02"
0,"","Low Voltage Security Technician","nan","New York, New York","","$25 - $45 (hourly)",jobspy_indeed,https://www.indeed.com/viewjob?jk=fa757da057894fa4,"","2026-03-02"
0,"","Low Voltage Fire Alarm Technician","Activated Systems Inc","New York, New York","","$20 - $80 (hourly)",jobspy_indeed,https://www.indeed.com/viewjob?jk=33fe0f92335fc686,"","2026-03-01"
0,"","Mobile Service Technician, Plainview","Lucid Motors","New York, New York","","$31 - $43 (hourly)",jobspy_indeed,https://www.indeed.com/viewjob?jk=a3f8bd0669f71db4,"","2026-02-27"
0,"","Security alarm technician","GMI Automation","New York, New York","","$25 - $35 (hourly)",jobspy_indeed,https://www.indeed.com/viewjob?jk=d89dd05fdf40e4b6,"","2026-02-26"
0,"","Building Maintenance Technician","PK General Contracting","New York, New York","","$28 - $32 (hourly)",jobspy_indeed,https://www.indeed.com/viewjob?jk=fb9754990bb83502,"","2026-02-26"
0,"","Maintenance Technician--Manufacturing","Graver Technologies","New York, New York","","$27 - $33 (hourly)",jobspy_indeed,https://www.indeed.com/viewjob?jk=5d5f727744e4bdd7,"","2026-02-25"
0,"","Field Service Technician, Night Shift - Brooklyn, NY","Rivian","New York, New York","","$31 - $36 (hourly)",jobspy_indeed,https://www.indeed.com/viewjob?jk=ffe25a4b31c6fc4c,"","2026-02-25"
0,"","Technician","Mood Media","New York, New York","","$24 - $39 (hourly)",jobspy_indeed,https://www.indeed.com/viewjob?jk=122816f9a712359c,"","2026-02-25"
0,"","Service Technician","TOTAL SECURITY","New York, New York","","$50,000 - $100,000 (yearly)",jobspy_indeed,https://www.indeed.com/viewjob?jk=f639e1c61efb42b0,"","2026-02-25"
0,"","Security Service Technician","Allied Universal Technology Services","New York, New York","","",jobspy_indeed,https://www.indeed.com/viewjob?jk=a79a64f6683ec4de,"","2026-02-24"
0,"","Sales Representative","Alpha Locksmith & Security","New York, New York","","$36,000 - $40,000 (yearly)",jobspy_indeed,https://www.indeed.com/viewjob?jk=a0dff346122526ba,"","2026-02-24"
0,"","Telecommunications Technician","IBEW Local 25","New York, New York","","$23 - $44 (hourly)",jobspy_indeed,https://www.indeed.com/viewjob?jk=532d7a8f668fd470,"","2026-02-24"
0,"","Lead/Foreman Security Technician","HCI Systems","San Francisco, California","","$52 - $57 (hourly)",jobspy_indeed,https://www.indeed.com/viewjob?jk=85e64f14adf9fe49,"","2026-02-26"
0,"","Low Voltage Technician","M F Connect LLC","San Francisco, California","","$20 - $30 (hourly)",jobspy_indeed,https://www.indeed.com/viewjob?jk=a81ecbbcffa187bf,"","2026-02-26"
0,"","Electronic Systems Specialist (Fire Alarm and Security Systems Technician)","Island Circuits International Inc.","San Francisco, California","","$85,734 - $104,210 (yearly)",jobspy_indeed,https://www.indeed.com/viewjob?jk=cb93d2686cce4cef,"","2026-02-25"
0,"","Maintenance Technician - 2nd shift","Rich Products","San Francisco, California","","$40 - $49 (hourly)",jobspy_indeed,https://www.indeed.com/viewjob?jk=3dbafff6bbd926a7,"","2026-02-25"
0,"","Low Voltage Specialties Technician","Summit Fire & Security","San Francisco, California","","$35 - $50 (hourly)",jobspy_indeed,https://www.indeed.com/viewjob?jk=97a58ad318debcfa,"","2026-02-23"
0,"","US Navy Personnel","Karl Croswhite","Seattle, Washington","","$120,000 - $200,000 (yearly)",jobspy_indeed,https://www.indeed.com/viewjob?jk=bea5a3327a5de97e,"","2026-02-24"
0,"","Traveling Electronic Security Systems Technician","Evergreen Fire & Security","Seattle, Washington","","$30 - $45 (hourly)",jobspy_indeed,https://www.indeed.com/viewjob?jk=e18d772035bc9cc3,"","2026-02-23"
0,"","Fire Alarm Technician","Amentum","Seattle, Washington","","$43 - $45 (hourly)",jobspy_indeed,https://www.indeed.com/viewjob?jk=0b19a7d122e8aec9,"","2026-02-23"
0,"","HVAC Maintenance Tech","Cranney Home Services","Boston, Massachusetts","","$18 - $23 (hourly)",jobspy_indeed,https://www.indeed.com/viewjob?jk=1aa3a54dde8cef60,"","2026-03-01"
0,"","Maintenance Supervisor","Effective Search, Inc.","Boston, Massachusetts","","$52 - $58 (hourly)",jobspy_indeed,https://www.indeed.com/viewjob?jk=8635b7ed3d47c4a8,"","2026-02-27"
0,"","Field Service Technician - Chicago","MilliporeSigma","Boston, Massachusetts","","$28 - $43 (hourly)",jobspy_indeed,https://www.indeed.com/viewjob?jk=46e9ff59e3da8ca0,"","2026-02-26"
0,"","IT Field Service Technician - Entry Level","Wingman Technology","Boston, Massachusetts","","$19 - $22 (hourly)",jobspy_indeed,https://www.indeed.com/viewjob?jk=36aaedbe64f86854,"","2026-02-26"
0,"","Industrial Maintenance Technician – Food Processing Systems","nan","Boston, Massachusetts","","$33 - $38 (hourly)",jobspy_indeed,https://www.indeed.com/viewjob?jk=45d40ca1b8d754fa,"","2026-02-25"
0,"","Traveling Electronic Security Systems Technician","Evergreen Fire & Security","Boston, Massachusetts","","$30 - $45 (hourly)",jobspy_indeed,https://www.indeed.com/viewjob?jk=dce709e9c03f5d44,"","2026-02-23"
0,"","Security Installation Technician III","Allied Universal Technology Services","Boston, Massachusetts","","$42 - $50 (hourly)",jobspy_indeed,https://www.indeed.com/viewjob?jk=c3b5264d671d59e4,"","2026-02-23"
0,"","Security Installation Technician II","Allied Universal Technology Services","Boston, Massachusetts","","$38 - $42 (hourly)",jobspy_indeed,https://www.indeed.com/viewjob?jk=4d773e0539c4716a,"","2026-02-23"
0,"","CCTV & Access Control Installation Helper or Assistant","Sassi","Los Angeles, California","","$20 - $30 (hourly)",jobspy_indeed,https://www.indeed.com/viewjob?jk=23c91c901cfc3d51,"","2026-03-01"
0,"","1st Shift Maintenance Technician","California Faucets","Los Angeles, California","","",jobspy_indeed,https://www.indeed.com/viewjob?jk=97de9400ded63b30,"","2026-02-28"
0,"","Maintenance Technician 3 - South Coast Plaza","Nordstrom","Los Angeles, California","","$31 - $50 (hourly)",jobspy_indeed,https://www.indeed.com/viewjob?jk=76f1b69dc3faea65,"","2026-02-27"
0,"","Electrical Technician","Service Lion Plumbing Heating Air Electric","Los Angeles, California","","$100,000 - $250,000 (yearly)",jobspy_indeed,https://www.indeed.com/viewjob?jk=a2cf19171afbee37,"","2026-02-27"
0,"","Facilities Support Technician","Grupo-sms","Los Angeles, California","","",jobspy_indeed,https://www.indeed.com/viewjob?jk=7d7b8cef1e6433d2,"","2026-02-27"
0,"","Pulling data wire","JV ELECTRIC","Los Angeles, California","","$196 - $236 (daily)",jobspy_indeed,https://www.indeed.com/viewjob?jk=d760552d4fb4d95b,"","2026-02-27"
0,"","Senior Fire Alarm Service Technician","HCI Systems","Los Angeles, California","","$32 - $45 (hourly)",jobspy_indeed,https://www.indeed.com/viewjob?jk=459f6940c1efc43e,"","2026-02-26"
0,"","Rover Maintenance Engineer (WOT)","Paragon Building Maintenance","Los Angeles, California","","$35 - $45 (hourly)",jobspy_indeed,https://www.indeed.com/viewjob?jk=ccfbb6295f026375,"","2026-02-26"
0,"","Licensed Security Systems Installer","RD Systems, Inc.","Los Angeles, California","","$30 - $55 (hourly)",jobspy_indeed,https://www.indeed.com/viewjob?jk=ec8c6a51a47bef3d,"","2026-02-26"
0,"","Low-Voltage Cabling Technician","Southbay Powersports","Los Angeles, California","","$18 - $30 (hourly)",jobspy_indeed,https://www.indeed.com/viewjob?jk=12c5c778734e4e7e,"","2026-02-26"
0,"","Low Voltage Technician – Security & Network Installations","tech-works","Los Angeles, California","","",jobspy_indeed,https://www.indeed.com/viewjob?jk=e8fd01af2ab0bf7f,"","2026-02-25"
0,"","Field Service Technician (Access Control) Los Angeles Metro Area","Parabit Systems","Los Angeles, California","","$25 - $33 (hourly)",jobspy_indeed,https://www.indeed.com/viewjob?jk=888807ee308c8c64,"","2026-02-25"
0,"","Maintenance Technician","QUALITY ALUMINUM FORGE","Los Angeles, California","","$23 - $28 (hourly)",jobspy_indeed,https://www.indeed.com/viewjob?jk=a58d2b7fd7386f17,"","2026-02-24"
0,"","Experienced Low Voltage Technician","ECAM","Los Angeles, California","","$38 - $42 (hourly)",jobspy_indeed,https://www.indeed.com/viewjob?jk=1ba23c4598923d17,"","2026-02-24"
0,"","Maintenance Engineer (WOT)","Paragon Building Maintenance","Los Angeles, California","","$35 - $40 (hourly)",jobspy_indeed,https://www.indeed.com/viewjob?jk=f21403e0e20df705,"","2026-02-24"
0,"","Fire Alarm Technician","TRL Systems","Los Angeles, California","","$23 - $28 (hourly)",jobspy_indeed,https://www.indeed.com/viewjob?jk=277b774aaf548f28,"","2026-02-24"
0,"","Regional Controls Technician","Superheat","Los Angeles, California","","$30 - $35 (hourly)",jobspy_indeed,https://www.indeed.com/viewjob?jk=8fa3583e69904fc3,"","2026-02-24"
0,"","Lead Low Voltage Technician","R H I","Los Angeles, California","","$30 - $48 (hourly)",jobspy_indeed,https://www.indeed.com/viewjob?jk=d9f4a25c62874f42,"","2026-02-24"
0,"","Maintenance Tech III - HVAC","Wisteria at Warner Center","Los Angeles, California","","$34 - $35 (hourly)",jobspy_indeed,https://www.indeed.com/viewjob?jk=0bad77f967584255,"","2026-02-24"
0,"","Gate Service Technician","Western Door and Gate,  LLC","Los Angeles, California","","$28 - $30 (hourly)",jobspy_indeed,https://www.indeed.com/viewjob?jk=0e6d4f8a5683b7db,"","2026-02-24"
0,"","Electronic Security Systems Technician","Evergreen Fire & Security","Washington, DC","","$30 - $45 (hourly)",jobspy_indeed,https://www.indeed.com/viewjob?jk=a4f1d10c345b3fbf,"","2026-02-28"
0,"","Junior Electronic Security System Technician","Evergreen Fire & Security","Washington, DC","","$21 - $30 (hourly)",jobspy_indeed,https://www.indeed.com/viewjob?jk=cc34b80823feaa7d,"","2026-02-28"
0,"","Industrial Technician","Nova Facility Solutions","Washington, DC","","$40 - $60 (hourly)",jobspy_indeed,https://www.indeed.com/viewjob?jk=831b03c0274e5777,"","2026-02-27"
0,"","HVAC Commissioning Technician","JCM Associates","Washington, DC","","",jobspy_indeed,https://www.indeed.com/viewjob?jk=8053e2aa45209783,"","2026-02-27"
0,"","HVAC Service Technician","JCM Associates","Washington, DC","","",jobspy_indeed,https://www.indeed.com/viewjob?jk=626d1cefd9fec188,"","2026-02-27"
0,"","Security Systems Service Technician","Siemens","Washington, DC","","$58,976 - $101,102 (yearly)",jobspy_indeed,https://www.indeed.com/viewjob?jk=ae1bccb6a544e8ac,"","2026-02-26"
0,"","HVAC Lead Install Technician","Presidential Heating & Air Conditioning","Washington, DC","","",jobspy_indeed,https://www.indeed.com/viewjob?jk=571044a9212c4585,"","2026-02-26"
0,"","Turning the Tide – Electrical Mechanic","WSSC Water","Washington, DC","","",jobspy_indeed,https://www.indeed.com/viewjob?jk=5c57cf2b645d29b1,"","2026-02-25"
0,"","Electrician","Security Engineering","Washington, DC","","$30 - $45 (hourly)",jobspy_indeed,https://www.indeed.com/viewjob?jk=f6e2ef0f37f3c7cb,"","2026-02-25"
0,"","HVAC Service Technician","Bay Breeze Heating & Cooling, Inc.","Washington, DC","","$22 - $35 (hourly)",jobspy_indeed,https://www.indeed.com/viewjob?jk=01045990a5263049,"","2026-02-25"
0,"","Fire Alarm & Security Apprentice","Summit Fire & Security","Washington, DC","","$23 - $25 (hourly)",jobspy_indeed,https://www.indeed.com/viewjob?jk=d597c5b24c0b6786,"","2026-02-25"
0,"","Structured Cabling Technician","Total Systems and Communications","Washington, DC","","$23 - $37 (hourly)",jobspy_indeed,https://www.indeed.com/viewjob?jk=99119bed81a2a57c,"","2026-02-25"
0,"","Low Voltage Installation Foreman","ARK Systems","Washington, DC","","$24 - $42 (hourly)",jobspy_indeed,https://www.indeed.com/viewjob?jk=32b98466f8873c5a,"","2026-01-09"
0,"","Security Installation Technician (Access Control / Low Voltage)","Superior Communication Services","United States","","$35 - $45 (hourly)",jobspy_indeed,https://www.indeed.com/viewjob?jk=6977e6a36a3e9f78,"","2026-03-02"
0,"","Low Voltage Security Technician","nan","United States","","$25 - $45 (hourly)",jobspy_indeed,https://www.indeed.com/viewjob?jk=0cc314466e045d52,"","2026-03-02"
0,"","ITS/ Traffic Signal Technician","NGT Group LLC","United States","","$45,000 - $90,000 (yearly)",jobspy_indeed,https://www.indeed.com/viewjob?jk=69ccee125099457c,"","2026-03-02"
0,"","Fire Alarm & Security Apprentice","Summit Fire & Security","United States","","$20 - $23 (hourly)",jobspy_indeed,https://www.indeed.com/viewjob?jk=de4ae31d8b4ca0bc,"","2026-03-02"
0,"","Electrician Technician","Affordable Air & Maintenance","United States","","$20 - $25 (hourly)",jobspy_indeed,https://www.indeed.com/viewjob?jk=342f65e9fa4b9b8b,"","2026-03-02"
0,"","Low Voltage Lead Technician","Amphenol Custom Cable Network Service Division","United States","","$25 - $27 (hourly)",jobspy_indeed,https://www.indeed.com/viewjob?jk=3997ebd467017a85,"","2026-03-02"
0,"","Low Voltage Installer","Amphenol Custom Cable Network Service Division","United States","","$16 - $19 (hourly)",jobspy_indeed,https://www.indeed.com/viewjob?jk=076e58836f245b88,"","2026-03-02"
0,"","Electronic Security Technician - Arizona","Integrated Protection Systems","United States","","",jobspy_indeed,https://www.indeed.com/viewjob?jk=885838452582494b,"","2026-03-02"
0,"","Access Control & CCTV Technician","Blu-Star Installs AV, LLC","United States","","$20 - $30 (hourly)",jobspy_indeed,https://www.indeed.com/viewjob?jk=644ac21ce743542e,"","2026-03-02"
0,"","Field Service Technician","Pop-Up Talent","United States","","",jobspy_indeed,https://www.indeed.com/viewjob?jk=2acaba1de2675312,"","2026-03-02"
0,"","CNC Maintenance Technician","Rheinmetall","United States","","",jobspy_indeed,https://www.indeed.com/viewjob?jk=33b15240beed2e8d,"","2026-03-02"
0,"","Rollout Technicians","Next Step Tech Services Ltd","United States","","$3,000 - $3,500 (monthly)",jobspy_indeed,https://www.indeed.com/viewjob?jk=d1f9a85a024f1240,"","2026-03-02"
0,"","Electro-Mechanical Technician","Greenwich Terminals","United States","","$32 - $38 (hourly)",jobspy_indeed,https://www.indeed.com/viewjob?jk=d84b0754bde3f5f4,"","2026-03-02"
0,"","Low Voltage Technician","MetroPower","United States","","",jobspy_indeed,https://www.indeed.com/viewjob?jk=eec7e73f2cd43b73,"","2026-02-27"
0,"","Video Surveillance Technician","MetroPower","United States","","",jobspy_indeed,https://www.indeed.com/viewjob?jk=9fa57c1c101a91d6,"","2026-02-26"
0,"","Systems Technician","MetroPower","United States","","",jobspy_indeed,https://www.indeed.com/viewjob?jk=53d29ec838cb93cf,"","2026-02-26"
0,"","Structured Cabling Technician","MetroPower","United States","","",jobspy_indeed,https://www.indeed.com/viewjob?jk=30adf073f29331b8,"","2026-02-23"
0,"","HVAC Controls Cabling Technician","MetroPower","United States","","",jobspy_indeed,https://www.indeed.com/viewjob?jk=c9ccc9dccdc6a93a,"","2026-02-17"
0,"","Residential HVAC Service Tech (Experienced)","AirHeads HVAC","United States","","$19 - $30 (hourly)",jobspy_indeed,https://www.indeed.com/viewjob?jk=9fb27d7595121208,"","2026-02-10"
0,"","Field Service Technician Level II – Des Moines, Iowa","K Group Companies","Remote","","",jobspy_indeed,https://www.indeed.com/viewjob?jk=81fe463e9c6a13c2,"","2026-02-27"
0,"","Field Service Technician Level II - Central Ohio","K Group Companies","Remote","","",jobspy_indeed,https://www.indeed.com/viewjob?jk=01d3b657351c3798,"","2026-02-27"
0,"","Field Service Technician Level II – Indianapolis, Indiana","K Group Companies","Remote","","",jobspy_indeed,https://www.indeed.com/viewjob?jk=da0d05199188eba4,"","2026-02-27"
0,"","Field Service Technician II (Southeast MI)","K Group Companies","Remote","","",jobspy_indeed,https://www.indeed.com/viewjob?jk=4403994ddc91480b,"","2026-02-27"
0,"","Facility Engineer Manager - NBC Sports","NBCUniversal","New York, New York","","$120,000 - $140,000 (yearly)",jobspy_indeed,https://www.indeed.com/viewjob?jk=51aa10c74731a4d1,"","2026-02-24"
0,"","Travel Broadcast Engineer - Indiana","Moody Bible Institute","United States","","$75,000 - $88,000 (yearly)",jobspy_indeed,https://www.indeed.com/viewjob?jk=343fcccc6b46002b,"","2026-02-25"
0,"","Sustainment Integrated Product Support (IPS) Lead","KBR","United States","","$128,000 - $160,000 (yearly)",jobspy_indeed,https://www.indeed.com/viewjob?jk=662f0e9f57dca762,"","2026-02-25"
0,"","Field Service Engineer - AV, USA","Evertz Microsystems Limited","United States","","",jobspy_indeed,https://www.indeed.com/viewjob?jk=6b1a32ebd2f7d158,"","2026-02-23"
0,"","Operating Engineer (Overnight) - Hilton Chicago","Hilton","Chicago, Illinois","","",jobspy_indeed,https://www.indeed.com/viewjob?jk=c8d2e9ef36c1aa59,"","2026-02-28"
0,"","Cloud Platform Lead Engineer (ML DevOps)","Allstate Insurance","Chicago, Illinois","","$110,000 - $160,000 (yearly)",jobspy_indeed,https://www.indeed.com/viewjob?jk=760f38f6ff371a3f,"","2026-02-27"
0,"","Cloud Platform Engineer (ML DevOps)","Allstate Insurance","Chicago, Illinois","","$90,700 - $135,000 (yearly)",jobspy_indeed,https://www.indeed.com/viewjob?jk=c7f5dba6447d1b44,"","2026-02-27"
0,"","ILUS - Senior Staff Accountant","Daifuku Intralogistics America","Chicago, Illinois","","",jobspy_indeed,https://www.indeed.com/viewjob?jk=a1631cd528328288,"","2026-02-27"
0,"","ILUS - SPL Content Analyst - Intern","Daifuku Intralogistics America","Chicago, Illinois","","",jobspy_indeed,https://www.indeed.com/viewjob?jk=6df2e5feafed7d02,"","2026-02-25"
0,"","ILUS - Senior Structural Engineer I","Daifuku Intralogistics America","Chicago, Illinois","","",jobspy_indeed,https://www.indeed.com/viewjob?jk=9fcdf84f56d38967,"","2026-02-25"
0,"","Senior Staff Accountant","Daifuku","Chicago, Illinois","","$80,000 - $92,000 (yearly)",jobspy_indeed,https://www.indeed.com/viewjob?jk=5050aff0e85f21da,"","2026-02-27"
0,"","Concrete Laborer Tech 2","Structural Group","Chicago, Illinois","","$22 - $28 (hourly)",jobspy_indeed,https://www.indeed.com/viewjob?jk=4b1ab6aedb9d8f35,"","2026-02-27"
0,"","Copywriter, CRM","Deloitte","Chicago, Illinois","","$88,800 - $148,000 (yearly)",jobspy_indeed,https://www.indeed.com/viewjob?jk=1517fda6c9a3db62,"","2026-02-26"
0,"","Building Engineer","Cushman & Wakefield","Chicago, Illinois","","$36 - $43 (hourly)",jobspy_indeed,https://www.indeed.com/viewjob?jk=b52c15e52b901b03,"","2026-02-26"
0,"","Full Stack .NET Developer","Motorola Solutions","Chicago, Illinois","","$72,700 - $145,400 (yearly)",jobspy_indeed,https://www.indeed.com/viewjob?jk=5b896408b008e958,"","2026-02-26"
0,"","Senior Electrical Engineer","Motorola Solutions","Chicago, Illinois","","$86,500 - $173,000 (yearly)",jobspy_indeed,https://www.indeed.com/viewjob?jk=92601d055e2377a1,"","2026-02-26"
0,"","Loan System Engineer","AutoNation","Chicago, Illinois","","",jobspy_indeed,https://www.indeed.com/viewjob?jk=b9001e0ec73f3357,"","2026-02-25"
0,"","Senior Product Counsel","Shure","Chicago, Illinois","","$155,500 - $279,900 (yearly)",jobspy_indeed,https://www.indeed.com/viewjob?jk=785fddbef110f886,"","2026-02-25"
0,"","Senior Structural Engineer I","Daifuku","Chicago, Illinois","","$95,000 - $115,000 (yearly)",jobspy_indeed,https://www.indeed.com/viewjob?jk=a8edad2a9eaee919,"","2026-02-25"
0,"","SPL Content Analyst - Intern","Daifuku","Chicago, Illinois","","",jobspy_indeed,https://www.indeed.com/viewjob?jk=1792978b31c160b2,"","2026-02-25"
0,"","Software Engineer - Trading Data Fabric","Belvedere Trading","Chicago, Illinois","","$155,000 - $225,000 (yearly)",jobspy_indeed,https://www.indeed.com/viewjob?jk=636ced4037abcaae,"","2026-02-25"
0,"","Systems Engineer II","Endeavor Health","Chicago, Illinois","","$41 - $64 (hourly)",jobspy_indeed,https://www.indeed.com/viewjob?jk=232d7c565e8c2d09,"","2026-02-25"
0,"","Automation Engineer","Baxter & Woodman","Chicago, Illinois","","$100,000 - $120,000 (yearly)",jobspy_indeed,https://www.indeed.com/viewjob?jk=a26afff85e5e6e8f,"","2026-02-24"
0,"","Union Operating Engineer - Chicago, IL","CBRE","Chicago, Illinois","","$40 - $49 (hourly)",jobspy_indeed,https://www.indeed.com/viewjob?jk=c15b82736d517977,"","2026-02-17"
0,"","Email Copywriter - B2B Tech, AI Experience - Remote Work (USA)","BairesDev","Chicago, Illinois","","",jobspy_indeed,https://www.indeed.com/viewjob?jk=13c18e6e29fccc66,"","2026-02-15"
0,"","General Engineer","Science and Technology Corporation","New York, New York","","$150,000 - $180,000 (yearly)",jobspy_indeed,https://www.indeed.com/viewjob?jk=26cd68105c203a58,"","2026-03-02"
0,"","Senior Corporate Counsel","H2M architects + engineers","New York, New York","","$200,000 - $230,000 (yearly)",jobspy_indeed,https://www.indeed.com/viewjob?jk=23596ccecc973db2,"","2026-03-01"
0,"","Social Innovation & Operations Leader","Deloitte","New York, New York","","$193,700 - $322,900 (yearly)",jobspy_indeed,https://www.indeed.com/viewjob?jk=b22fdaf4bd520ce5,"","2026-02-28"
0,"","Financial Representative","The Quintessential Experience","New York, New York","","$60,000 - $128,000 (yearly)",jobspy_indeed,https://www.indeed.com/viewjob?jk=15a57145cc1011fb,"","2026-02-28"
0,"","Head of Audience, Insights & Measurement","Quizlet","New York, New York","","$187,070 - $214,560 (yearly)",jobspy_indeed,https://www.indeed.com/viewjob?jk=41ca8d10ea79da9f,"","2026-02-28"
0,"","Assistant Project Manager - Civil/Site Land Development","Colliers Engineering & Design","New York, New York","","$110,000 - $145,000 (yearly)",jobspy_indeed,https://www.indeed.com/viewjob?jk=91525e370d463e74,"","2026-02-27"
0,"","Data Engineer","Crum & Forster","New York, New York","","$73,700 - $100,000 (yearly)",jobspy_indeed,https://www.indeed.com/viewjob?jk=5e5863d850559839,"","2026-02-27"
0,"","Software Development Senior Specialist","NTT DATA","New York, New York","","",jobspy_indeed,https://www.indeed.com/viewjob?jk=7e88c9c2deea6844,"","2026-02-27"
0,"","IT Technician Level 2 Support Specialist Field Service Engineer","Consulting Technology Company","New York, New York","","$70,000 - $100,000 (yearly)",jobspy_indeed,https://www.indeed.com/viewjob?jk=bd2c5c21137001bf,"","2026-02-27"
0,"","VP, Product - Restaurant Operating Systems","Wonder","New York, New York","","$309,000 - $323,000 (yearly)",jobspy_indeed,https://www.indeed.com/viewjob?jk=f122b02805d344ce,"","2026-02-27"
0,"","Assistant Mechanical Engineer","Suffolk County Water Authority","New York, New York","","$70,000 - $75,000 (yearly)",jobspy_indeed,https://www.indeed.com/viewjob?jk=7e8da95cede90d02,"","2026-02-27"
0,"","VFD Specialist - Mechanical Technologies","Ambient Enterprises","New York, New York","","$80,000 - $120,000 (yearly)",jobspy_indeed,https://www.indeed.com/viewjob?jk=500599843394b214,"","2026-02-27"
0,"","Lead Technical Recruiter (Quant Engineering)","Ripple","New York, New York","","$144,000 - $180,000 (yearly)",jobspy_indeed,https://www.indeed.com/viewjob?jk=1169efe39eca6e9b,"","2026-02-27"
0,"","Operating Engineer","Cushman & Wakefield","New York, New York","","$31 - $37 (hourly)",jobspy_indeed,https://www.indeed.com/viewjob?jk=452128b565f296a6,"","2026-02-27"
0,"","Program Manager for Stormwater Permitting","DEPT OF PARKS & RECREATION","New York, New York","","$110,000 - $120,000 (yearly)",jobspy_indeed,https://www.indeed.com/viewjob?jk=d8451863bc84110a,"","2026-02-27"
0,"","PRP - Pedestrian Ramp Program Senior Engineer","New York City Department of Transportation","New York, New York","","$78,740 - $114,033 (yearly)",jobspy_indeed,https://www.indeed.com/viewjob?jk=1dad81e6d87b0edb,"","2026-02-27"
0,"","PRP - Pedestrian Ramp Program Senior Engineering Manager","New York City Department of Transportation","New York, New York","","$86,749 - $127,143 (yearly)",jobspy_indeed,https://www.indeed.com/viewjob?jk=09426e6d3c5db973,"","2026-02-27"
0,"","Copywriter, CRM","Deloitte","New York, New York","","$88,800 - $148,000 (yearly)",jobspy_indeed,https://www.indeed.com/viewjob?jk=27fbafcbbf4282ef,"","2026-02-26"
0,"","Senior Infrastructure & Security Engineer","Saberin, Inc.","New York, New York","","$90,000 - $110,000 (yearly)",jobspy_indeed,https://www.indeed.com/viewjob?jk=1692c3f86fe3b165,"","2026-02-26"
0,"","Engineer Avionics","JetBlue","New York, New York","","$72,000 - $118,400 (yearly)",jobspy_indeed,https://www.indeed.com/viewjob?jk=1004edafed6a479a,"","2026-02-26"
0,"","In-House Commercial Building Plumber","AB Facility Services","New York, New York","","$30 - $45 (hourly)",jobspy_indeed,https://www.indeed.com/viewjob?jk=867defebb1cdbd92,"","2026-02-26"
0,"","Director, Data & Media Science","Known","New York, New York","","$160,000 - $180,000 (yearly)",jobspy_indeed,https://www.indeed.com/viewjob?jk=0bd0d4b60abdc985,"","2026-02-26"
0,"","Associate Counsel - NYC","Datadog","New York, New York","","$137,000 - $200,000 (yearly)",jobspy_indeed,https://www.indeed.com/viewjob?jk=74b2c62b50bb52bc,"","2026-02-26"
0,"","AI Developer - Manager - A&I - Financial Services - Consulting - NYC, Charlotte, Dallas","EY","New York, New York","","$125,500 - $261,600 (yearly)",jobspy_indeed,https://www.indeed.com/viewjob?jk=d6563469904b1b04,"","2026-02-06"
0,"","DevOps Engineer (Linux)","Quantifind","San Francisco, California","","$125,000 - $175,000 (yearly)",jobspy_indeed,https://www.indeed.com/viewjob?jk=87617613276c990f,"","2026-03-02"
0,"","Senior Project Manager","Gizmo Art Production","San Francisco, California","","$38 - $57 (hourly)",jobspy_indeed,https://www.indeed.com/viewjob?jk=9f3a92ae5930b3e0,"","2026-03-01"
0,"","Engineering Manager","nan","San Francisco, California","","$70,304 - $72,000 (yearly)",jobspy_indeed,https://www.indeed.com/viewjob?jk=364640eb9095ec50,"","2026-02-28"
0,"","Process Engineer","Flex","San Francisco, California","","$72,500 - $99,700 (yearly)",jobspy_indeed,https://www.indeed.com/viewjob?jk=f3f0d8b4e7cd6c43,"","2026-02-27"
0,"","Mechanical Engineer (L1-L2)","Stafl Systems","San Francisco, California","","$125,000 - $165,000 (yearly)",jobspy_indeed,https://www.indeed.com/viewjob?jk=bc110244acd0a0bd,"","2026-02-27"
0,"","Senior Associate, Technology – Data Platform & AI Applications","Jordan Park Group","San Francisco, California","","$110,000 - $140,000 (yearly)",jobspy_indeed,https://www.indeed.com/viewjob?jk=b62b8734a9b4d220,"","2026-02-27"
0,"","Senior Backend Engineer","Tenjin","San Francisco, California","","$125,000 - $225,000 (yearly)",jobspy_indeed,https://www.indeed.com/viewjob?jk=5ab9bde15f7a07b7,"","2026-02-27"
0,"","Contractor, Senior Technical Recruiter","Lila Sciences","San Francisco, California","","",jobspy_indeed,https://www.indeed.com/viewjob?jk=6ba9da723fd0aefd,"","2026-02-27"
0,"","Senior Software Engineer, Simulation","Muon Space","San Francisco, California","","$194,000 - $220,000 (yearly)",jobspy_indeed,https://www.indeed.com/viewjob?jk=92d03e30d5d18c72,"","2026-02-27"
0,"","Senior Rendering Engineer","Roblox","San Francisco, California","","$243,290 - $295,250 (yearly)",jobspy_indeed,https://www.indeed.com/viewjob?jk=5ab26412aa61dc70,"","2026-02-27"
0,"","Senior Rendering Engineer Manager","Roblox","San Francisco, California","","$343,340 - $397,460 (yearly)",jobspy_indeed,https://www.indeed.com/viewjob?jk=f0f47f1af72bd6d6,"","2026-02-27"
0,"","Senior Software Engineer - Fullstack, Account Identity","Roblox","San Francisco, California","","$196,750 - $243,290 (yearly)",jobspy_indeed,https://www.indeed.com/viewjob?jk=ebe51fb9fc608a07,"","2026-02-27"
0,"","Senior Software Engineer - Cloud Logistics","Nimble Robotics","San Francisco, California","","$180,000 - $250,000 (yearly)",jobspy_indeed,https://www.indeed.com/viewjob?jk=ed233de10090bc6a,"","2026-02-27"
0,"","Staff Software Engineer - Cloud Logistics","Nimble Robotics","San Francisco, California","","$250,000 - $280,000 (yearly)",jobspy_indeed,https://www.indeed.com/viewjob?jk=8f2758020fd3bf25,"","2026-02-27"
0,"","Technical Program Manager, Manufacturing Engineering and Systems, Data Centers","Google","San Francisco, California","","$156,000 - $229,000 (yearly)",jobspy_indeed,https://www.indeed.com/viewjob?jk=f8f372946edebeba,"","2026-02-27"
0,"","Senior Embedded Android Engineer","Sigma Group","San Francisco, California","","$80,000 - $250,000 (yearly)",jobspy_indeed,https://www.indeed.com/viewjob?jk=0db6e5f9679ba520,"","2026-02-27"
0,"","Intern - AI Software QA Engineer","Fremont Bank","San Francisco, California","","",jobspy_indeed,https://www.indeed.com/viewjob?jk=2e20f3e88254de62,"","2026-02-26"
0,"","Systems Design Engineer","Eaton","San Francisco, California","","$115,000 - $210,100 (yearly)",jobspy_indeed,https://www.indeed.com/viewjob?jk=a501d04dfcec6472,"","2026-02-17"
0,"","Geriatric Nurse Practitioner - (Edmonds-Bothell Area)","Pathway Geriatrics","Seattle, Washington","","",jobspy_indeed,https://www.indeed.com/viewjob?jk=b8550dcd9a87be59,"","2026-02-27"
0,"","Sourcing Specialist (EPC/Utilities) - Sumner, WA","Quanta Infrastructure Solutions Group","Seattle, Washington","","$80,168 - $120,000 (yearly)",jobspy_indeed,https://www.indeed.com/viewjob?jk=c24d7aef206518b2,"","2026-02-26"
0,"","Mechanical Designer I","SkoFlo Industries Inc..","Seattle, Washington","","$75,000 - $90,000 (yearly)",jobspy_indeed,https://www.indeed.com/viewjob?jk=0fc60a38e75d1527,"","2026-02-26"
0,"","Senior Multiphysics Simulation Engineer","Helion","Seattle, Washington","","$182,000 - $214,000 (yearly)",jobspy_indeed,https://www.indeed.com/viewjob?jk=148af66a941ab06e,"","2026-02-26"
0,"","Maintenance Mechanic - Night Shift","Darigold","Seattle, Washington","","",jobspy_indeed,https://www.indeed.com/viewjob?jk=b3295ce7b372be8a,"","2026-02-26"
0,"","Lead - CNC Department","Cadrex Manufacturing Solutions","Seattle, Washington","","$38 - $48 (hourly)",jobspy_indeed,https://www.indeed.com/viewjob?jk=54ce8cd73946dab0,"","2026-02-25"
0,"","Director of Facilities and Plant Operations","Seattle Colleges District","Seattle, Washington","","$87,362 - $120,644 (yearly)",jobspy_indeed,https://www.indeed.com/viewjob?jk=0e6f96435ac5a5a3,"","2026-02-25"
0,"","Consulting Member Of Technical Staff (IC5)","Oracle","Seattle, Washington","","",jobspy_indeed,https://www.indeed.com/viewjob?jk=d0c35155f5525781,"","2026-02-25"
0,"","Software Engineer II - Developer Platform","Uber","Seattle, Washington","","$171,000 - $190,000 (yearly)",jobspy_indeed,https://www.indeed.com/viewjob?jk=9dd6abdb83d466f1,"","2026-02-25"
0,"","River and Floodplain Engineer","King County, WA","Seattle, Washington","","$49 - $62 (hourly)",jobspy_indeed,https://www.indeed.com/viewjob?jk=9207367b5d612642,"","2026-02-24"
0,"","Systems Design Engineer","Eaton","Seattle, Washington","","$115,000 - $210,100 (yearly)",jobspy_indeed,https://www.indeed.com/viewjob?jk=682db8f3aacb6cc5,"","2026-02-17"
0,"","Principal UX Designer","Microsoft","Seattle, Washington","","$139,900 - $304,200 (yearly)",jobspy_indeed,https://www.indeed.com/viewjob?jk=310e71acc67f532c,"","2026-02-11"
0,"","Principal Field Application Engineer - Datacenter (Seattle)","AMD","Seattle, Washington","","",jobspy_indeed,https://www.indeed.com/viewjob?jk=9fde3ba46bc7a637,"","2025-10-16"
0,"","Embedded Software Engineer Andriod OS","GeoLogics Corporation","Boston, Massachusetts","","$62 - $75 (hourly)",jobspy_indeed,https://www.indeed.com/viewjob?jk=a5d5ef12637eb3bb,"","2026-03-01"
0,"","Mfg Engineer II - 2nd Shift","Raytheon","Boston, Massachusetts","","$68,900 - $131,100 (yearly)",jobspy_indeed,https://www.indeed.com/viewjob?jk=3799f63c8b251058,"","2026-02-27"
0,"","Design Engineer","Performance Contracting","Boston, Massachusetts","","",jobspy_indeed,https://www.indeed.com/viewjob?jk=a4114056d89719a9,"","2026-02-26"
0,"","Senior Engineer - Design Quality Assurance","Olympus Corporation","Boston, Massachusetts","","$98,056 - $132,376 (yearly)",jobspy_indeed,https://www.indeed.com/viewjob?jk=c9c5c9a03593fce3,"","2026-02-27"
0,"","ETL Production Support Engineer","Fidelity TalentSource","Boston, Massachusetts","","$55 - $91 (hourly)",jobspy_indeed,https://www.indeed.com/viewjob?jk=3f169d4511400ffb,"","2026-02-27"
0,"","Assistant District Traffic Engineer for Design & Safety (Civil Engineer V)","Commonwealth of Massachusetts","Boston, Massachusetts","","$106,909 - $151,434 (yearly)",jobspy_indeed,https://www.indeed.com/viewjob?jk=614659054376e122,"","2026-02-27"
0,"","Senior Scientist, Multiomics","Johnson & Johnson","Boston, Massachusetts","","$109,000 - $174,800 (yearly)",jobspy_indeed,https://www.indeed.com/viewjob?jk=16d51ee255710d55,"","2026-02-27"
0,"","Senior Engineer I-Quality","Microchip Technology","Boston, Massachusetts","","$70,304 - $205,000 (yearly)",jobspy_indeed,https://www.indeed.com/viewjob?jk=7d87fcecd888fc42,"","2026-02-27"
0,"","Operating Engineer","Cushman & Wakefield","Boston, Massachusetts","","$30 - $36 (hourly)",jobspy_indeed,https://www.indeed.com/viewjob?jk=fdb6bfd88a0fb310,"","2026-02-27"
0,"","Technical Support Specialist (Electrical Troubleshooting)","IPG Photonics Corporation","Boston, Massachusetts","","$22 - $29 (hourly)",jobspy_indeed,https://www.indeed.com/viewjob?jk=11f0ae3105cd3d62,"","2026-02-26"
0,"","Talent Acquisition Specialist - Consulting & Technology","PA Consulting","Boston, Massachusetts","","$102,000 - $124,000 (yearly)",jobspy_indeed,https://www.indeed.com/viewjob?jk=6a75447e4f5f86f1,"","2026-02-26"
0,"","Investment Operations Specialist","Sentinel Group","Boston, Massachusetts","","$63,000 - $68,000 (yearly)",jobspy_indeed,https://www.indeed.com/viewjob?jk=d09bfa5cc7d58f56,"","2026-02-26"
0,"","Senior Data Engineer","Fidelity TalentSource","Boston, Massachusetts","","",jobspy_indeed,https://www.indeed.com/viewjob?jk=693f3e0a054607b0,"","2026-02-25"
0,"","Senior Full Stack Developer","Fidelity TalentSource","Boston, Massachusetts","","$60 - $102 (hourly)",jobspy_indeed,https://www.indeed.com/viewjob?jk=8f68c7153b35be3a,"","2026-02-25"
0,"","Built Ecology Intern - Summer 2026","WSP","Boston, Massachusetts","","$24 - $32 (hourly)",jobspy_indeed,https://www.indeed.com/viewjob?jk=139868a51a2aa5f6,"","2026-02-25"
0,"","Data Science AI/ML Summer Intern - Computer Vision - Microscopy","Johnson & Johnson","Boston, Massachusetts","","$23 - $51 (hourly)",jobspy_indeed,https://www.indeed.com/viewjob?jk=4c83645a1dae4c09,"","2026-02-25"
0,"","Senior Building Engineer","The Nash Casino","Boston, Massachusetts","","",jobspy_indeed,https://www.indeed.com/viewjob?jk=a5de13dab3daf80a,"","2026-02-25"
0,"","Applications Engineer - TAG ETO","Schneider Electric","Boston, Massachusetts","","",jobspy_indeed,https://www.indeed.com/viewjob?jk=a8d523ef56ac97bb,"","2026-02-24"
0,"","Application Engineer","Motive Companies","Los Angeles, California","","",jobspy_indeed,https://www.indeed.com/viewjob?jk=bda65e7b66961658,"","2026-03-01"
0,"","Quality Engineer","Motive Companies","Los Angeles, California","","$90,000 - $120,000 (yearly)",jobspy_indeed,https://www.indeed.com/viewjob?jk=3c511668811986c9,"","2026-03-01"
0,"","BIM Coordinator","RIMEPRO INC","Los Angeles, California","","$100,000 - $120,000 (yearly)",jobspy_indeed,https://www.indeed.com/viewjob?jk=da41c1a086a8477d,"","2026-02-28"
0,"","Powertrain Test Engineer","Harbinger Motors Inc.","Los Angeles, California","","$100,000 - $140,000 (yearly)",jobspy_indeed,https://www.indeed.com/viewjob?jk=3642194a85222a2d,"","2026-02-28"
0,"","Sr. Automation Engineer / Seismic Platform-3","Realign","Los Angeles, California","","",jobspy_indeed,https://www.indeed.com/viewjob?jk=d02aa67b4ff5d405,"","2026-02-28"
0,"","IAM with Sailpoint Engineer-5","Realign","Los Angeles, California","","",jobspy_indeed,https://www.indeed.com/viewjob?jk=19a558a7a20e1389,"","2026-02-28"
0,"","Senior Full Stack Engineer","UST","Los Angeles, California","","$95,000 - $119,000 (yearly)",jobspy_indeed,https://www.indeed.com/viewjob?jk=abbc123f2bc3a52a,"","2026-02-27"
0,"","Associate / Senior Associate - Electrical Engineer","HAZEN AND SAWYER","Los Angeles, California","","$180,000 - $220,000 (yearly)",jobspy_indeed,https://www.indeed.com/viewjob?jk=9cb08f1b0b23b2df,"","2026-02-27"
0,"","Civil Project Engineer","Lpa, Inc.","Los Angeles, California","","$90,000 - $145,000 (yearly)",jobspy_indeed,https://www.indeed.com/viewjob?jk=c5a3873a25440eee,"","2026-02-27"
0,"","Construction Project Manager - LAX area","NMI Industrial Holdings, Inc.","Los Angeles, California","","$110,000 - $130,000 (yearly)",jobspy_indeed,https://www.indeed.com/viewjob?jk=5ced253c854274e3,"","2026-02-27"
0,"","Sr NDE Engineer","Relativity Space","Los Angeles, California","","$124,000 - $155,000 (yearly)",jobspy_indeed,https://www.indeed.com/viewjob?jk=6a8b82bb4c5fb576,"","2026-02-27"
0,"","Office Coordinator","Wonderful Agency","Los Angeles, California","","$27 - $29 (hourly)",jobspy_indeed,https://www.indeed.com/viewjob?jk=816563161a626d98,"","2026-02-27"
0,"","Project Engineer","Ontic Engineering and Manufacturing","Los Angeles, California","","$60,000 - $90,000 (yearly)",jobspy_indeed,https://www.indeed.com/viewjob?jk=cf92a6d059055fc6,"","2026-02-26"
0,"","Facilities Engineer","Apex Technology","Los Angeles, California","","$41 - $50 (hourly)",jobspy_indeed,https://www.indeed.com/viewjob?jk=f8077f40e4093e12,"","2026-02-26"
0,"","Senior Guidance, Navigation, and Controls Engineer (GNC)","Varda Space Industries","Los Angeles, California","","$155,000 - $190,000 (yearly)",jobspy_indeed,https://www.indeed.com/viewjob?jk=3dd4dfabc7ae1a99,"","2026-02-26"
0,"","Disneyland Cybersecurity Intern, Summer/Fall 2026","Disney Parks, Experiences and Products","Los Angeles, California","","",jobspy_indeed,https://www.indeed.com/viewjob?jk=be64d52b450b881e,"","2026-02-26"
0,"","Transportation Design Engineer I","Mark Thomas","Los Angeles, California","","$31 - $46 (hourly)",jobspy_indeed,https://www.indeed.com/viewjob?jk=f84cb9b3726e1aff,"","2026-02-26"
0,"","Architect, Healthcare","DLR Group","Los Angeles, California","","$90,000 - $120,000 (yearly)",jobspy_indeed,https://www.indeed.com/viewjob?jk=0646e5741255343c,"","2026-02-26"
0,"","Structural Analysis Engineer (Experienced or Senior)","Boeing","Los Angeles, California","","",jobspy_indeed,https://www.indeed.com/viewjob?jk=086bc5f93d96cc90,"","2026-02-25"
0,"","Building Engineer - Los Angeles","AAA Facility Services","Los Angeles, California","","$25 - $35 (hourly)",jobspy_indeed,https://www.indeed.com/viewjob?jk=5abded7f87d5ea7e,"","2026-02-25"
0,"","Parts Warehouse Operations Manager","Terex Corporation","Los Angeles, California","","$135,900 - $166,100 (yearly)",jobspy_indeed,https://www.indeed.com/viewjob?jk=9eb36dac274585c8,"","2026-02-25"
0,"","Process Improvement & Compliance Leader IV","NASA Jet Propulsion Laboratory","Los Angeles, California","","$134,368 - $171,496 (yearly)",jobspy_indeed,https://www.indeed.com/viewjob?jk=ed899eea2812e7b8,"","2026-02-25"
0,"","Hotel Maintenance - Part Time","Hilton","Los Angeles, California","","",jobspy_indeed,https://www.indeed.com/viewjob?jk=91ea35507cf659b5,"","2025-12-31"
0,"","Senior NOC Network Engineer (Night Shift - Ashburn, VA)","Knowcean Consulting Inc.","Washington, DC","","",jobspy_indeed,https://www.indeed.com/viewjob?jk=9342bc04b3af8134,"","2026-03-01"
0,"","Director Facilities Management","Reston Hospital Center - Reston","Washington, DC","","",jobspy_indeed,https://www.indeed.com/viewjob?jk=72a3d9a587a3c5e9,"","2026-03-01"
0,"","Chief Plant Engineer","Reston Hospital Center - Reston","Washington, DC","","",jobspy_indeed,https://www.indeed.com/viewjob?jk=5b3ac348ca8a2a33,"","2026-02-26"
0,"","Civil Engineer","CMT Services INC","Washington, DC","","",jobspy_indeed,https://www.indeed.com/viewjob?jk=7317b79d09d17665,"","2026-02-27"
0,"","Design Engineer","Performance Contracting","Washington, DC","","",jobspy_indeed,https://www.indeed.com/viewjob?jk=bb4edc8c1712211d,"","2026-02-27"
0,"","Maintenance Manager","Star Management Group, LLC","Washington, DC","","",jobspy_indeed,https://www.indeed.com/viewjob?jk=02e1def439e7b350,"","2026-02-27"
0,"","Cloud Automation Engineer","U.S. House of Representatives","Washington, DC","","$155,689 - $163,349 (yearly)",jobspy_indeed,https://www.indeed.com/viewjob?jk=f4d342942c5b8a77,"","2026-02-27"
0,"","Engineer","Marriott International","Washington, DC","","$23 - $25 (hourly)",jobspy_indeed,https://www.indeed.com/viewjob?jk=f1b94c2b538b1a42,"","2026-02-27"
0,"","Chief Engineer","Marriott International","Washington, DC","","$75,000 - $90,000 (yearly)",jobspy_indeed,https://www.indeed.com/viewjob?jk=82666c8094908adb,"","2026-02-27"
0,"","Analytics Engineer","Democratic Congressional Campaign Committee","Washington, DC","","",jobspy_indeed,https://www.indeed.com/viewjob?jk=50cf4098323cdedd,"","2026-02-27"
0,"","Truck Driver - Local Class A - Penske Logistics","Penske Truck Leasing","Washington, DC","","",jobspy_indeed,https://www.indeed.com/viewjob?jk=5ad1b46f42d02563,"","2026-02-26"
0,"","Electronic Security Project Manager","I2G Systems","Washington, DC","","",jobspy_indeed,https://www.indeed.com/viewjob?jk=755166e198c1be0e,"","2026-02-26"
0,"","Electronic Security Project Manager","Kastle Systems","Washington, DC","","",jobspy_indeed,https://www.indeed.com/viewjob?jk=158306fbbc7d372c,"","2026-02-26"
0,"","Contract Manager","WSP","Washington, DC","","$37 - $40 (hourly)",jobspy_indeed,https://www.indeed.com/viewjob?jk=0bfbd762e7660a58,"","2026-02-26"
0,"","Eng Proj Controls","Virginia Department of Transportation","Washington, DC","","",jobspy_indeed,https://www.indeed.com/viewjob?jk=81e3e5c907bfa315,"","2026-02-26"
0,"","Construction Project Manager","Structural Group","Washington, DC","","",jobspy_indeed,https://www.indeed.com/viewjob?jk=58ac41ec7c3376d6,"","2026-02-26"
0,"","B&P - Shift Engineer 1ST GR","American Sugar Refining, Inc.","Washington, DC","","",jobspy_indeed,https://www.indeed.com/viewjob?jk=e25671340c930c42,"","2026-02-26"
0,"","Systems Design Engineer","Eaton","Washington, DC","","$115,000 - $210,100 (yearly)",jobspy_indeed,https://www.indeed.com/viewjob?jk=d2e882e54d904e63,"","2026-02-17"
0,"","Mechanical Design Engineer","Atlantic Manufacturing Solutions","United States","","$80,000 - $100,000 (yearly)",jobspy_indeed,https://www.indeed.com/viewjob?jk=74c4588b161d5965,"","2026-03-02"
0,"","Senior Database Reliability Engineer (Remote)","WebstaurantStore","United States","","",jobspy_indeed,https://www.indeed.com/viewjob?jk=713e5911054976fb,"","2026-03-02"
0,"","Data Scientist - Marketing","WebstaurantStore","United States","","",jobspy_indeed,https://www.indeed.com/viewjob?jk=b18a064afae83d8b,"","2026-03-02"
0,"","Mid-Level Software Engineer–Warehouse Optimization Team (Remote)","WebstaurantStore","United States","","",jobspy_indeed,https://www.indeed.com/viewjob?jk=9e40cbf11c7364ab,"","2026-03-02"
0,"","Application Support Engineer","Husch Blackwell","United States","","$80,000 - $175,000 (yearly)",jobspy_indeed,https://www.indeed.com/viewjob?jk=657e0205d4a8cdca,"","2026-03-02"
0,"","Electronics Assembly Technician","Rex Systems Incorporated","United States","","",jobspy_indeed,https://www.indeed.com/viewjob?jk=3bdb5ce00ce22e2d,"","2026-03-02"
0,"","Project Manager - Construction Materials","Bunnell-Lammons Engineering, Inc","United States","","",jobspy_indeed,https://www.indeed.com/viewjob?jk=7a57d29c56f0b1cf,"","2026-03-02"
0,"","Construction Quality Assurance (CQA) Engineering Technician","Bunnell-Lammons Engineering, Inc","United States","","",jobspy_indeed,https://www.indeed.com/viewjob?jk=d997b87acc6bd7ee,"","2026-03-02"
0,"","Business Systems Software Engineer - Fixed Income Investments (Investortools Perform)","Charles Schwab","United States","","$120,000 - $150,000 (yearly)",jobspy_indeed,https://www.indeed.com/viewjob?jk=0a4ea049353d602d,"","2026-02-03"
0,"","Multi-body Dynamics Engineer","Lockheed Martin","United States","","",jobspy_indeed,https://www.indeed.com/viewjob?jk=d1ab342ef793cd3f,"","2026-01-26"
0,"","Mechanical Engineer Stf","Lockheed Martin","United States","","",jobspy_indeed,https://www.indeed.com/viewjob?jk=76f9cc3dfbf6ebcc,"","2026-01-26"
0,"","REMOTE Custom Cabinet Drafter - CABINET VISION SOFTWARE","Daso Custom Cabinetry","Remote","","$25 - $35 (hourly)",jobspy_indeed,https://www.indeed.com/viewjob?jk=f1cd139bf31e08e0,"","2026-03-01"
0,"","Talent Acquisition Program Lead","Nebius","Remote","","",jobspy_indeed,https://www.indeed.com/viewjob?jk=ac0e9201ffd8ac89,"","2026-02-27"
0,"","Executive Assistant, Head of Talent & Total Rewards","Nebius","Remote","","",jobspy_indeed,https://www.indeed.com/viewjob?jk=dd26dea0ddc3d415,"","2026-02-27"
0,"","Project Engineer Manager – Order to Remittance","Wet Coast Logistics","Remote","","$58 - $65 (hourly)",jobspy_indeed,https://www.indeed.com/viewjob?jk=ffcba3f6cbfb65c0,"","2026-02-27"
0,"","Data Engineer, Contract","Climate Cabinet","Remote","","$60 - $120 (hourly)",jobspy_indeed,https://www.indeed.com/viewjob?jk=6cc8418979f43c48,"","2026-02-27"
0,"","HL7 Integration Engineer","Merative","Remote","","$107,495 - $161,243 (yearly)",jobspy_indeed,https://www.indeed.com/viewjob?jk=eb0da7e7c06c87ce,"","2026-02-27"
0,"","Senior Staff Machine Learning Engineer, Data & Eval","Airbnb","Remote","","$244,000 - $305,000 (yearly)",jobspy_indeed,https://www.indeed.com/viewjob?jk=95f1d738ba660a08,"","2026-02-27"
0,"","Senior Experience/UX Strategist","Wide Eye","Remote","","$95,000 - $110,000 (yearly)",jobspy_indeed,https://www.indeed.com/viewjob?jk=6be8bf8a61cc8794,"","2026-02-26"
0,"","Director, Case Management and Health Plan Strategy","Sana Benefits","Remote","","$150,000 - $175,000 (yearly)",jobspy_indeed,https://www.indeed.com/viewjob?jk=4e5c84c35ed286ba,"","2026-02-26"
0,"","IT Software Engineer II","Paradigm Corp","Remote","","$79,500 - $110,000 (yearly)",jobspy_indeed,https://www.indeed.com/viewjob?jk=726eccace68d637d,"","2026-02-25"
0,"","IT Software Engineer III","Paradigm Corp","Remote","","$92,300 - $150,000 (yearly)",jobspy_indeed,https://www.indeed.com/viewjob?jk=dced17e111b5caa4,"","2026-02-25"
0,"","Principal Product Manager","nan","Remote","","",jobspy_indeed,https://www.indeed.com/viewjob?jk=29190d20125135c4,"","2026-02-25"
0,"","Principal Mechanical Product Engineer","nan","Remote","","",jobspy_indeed,https://www.indeed.com/viewjob?jk=6d3e0000c835c7d2,"","2026-02-25"
0,"","Digital Construction Implementation Engineer - 4 Day Week (US)","Laminar Projects","Remote","","",jobspy_indeed,https://www.indeed.com/viewjob?jk=434e4720fffc61b7,"","2026-02-25"
0,"","Project Manager - Midwest Project Execution","Qcells","Remote","","",jobspy_indeed,https://www.indeed.com/viewjob?jk=cc1f3e31b9d576bd,"","2026-02-24"
0,"","Business Development – Specification Sales","Kidde Global Solutions","Remote","","$104,690 - $123,165 (yearly)",jobspy_indeed,https://www.indeed.com/viewjob?jk=b5ae182022db091c,"","2026-02-24"
0,"","Engineering Manager, Penn Game Studios","Penn Interactive Ventures","Remote","","$150,000 - $200,000 (yearly)",jobspy_indeed,https://www.indeed.com/viewjob?jk=efccb20de319c859,"","2026-02-24"
0,"","Consultant, Info Protection - Info Governance","Lighthouse Document Technologies Inc.","Remote","","$101,680 - $125,000 (yearly)",jobspy_indeed,https://www.indeed.com/viewjob?jk=41b76efd736e96be,"","2026-02-24"
0,"","Software Engineer, Sportsbook Enablement","Penn Interactive Ventures","Remote","","$110,000 - $150,000 (yearly)",jobspy_indeed,https://www.indeed.com/viewjob?jk=88804d067fd06c76,"","2026-02-24"
0,"","Product Engineer (Mobile) - USA Remote","Allstate Insurance","Remote","","$85,000 - $145,075 (yearly)",jobspy_indeed,https://www.indeed.com/viewjob?jk=8f7fa813c6fdccb6,"","2026-02-24"
0,"","Senior CICS Infrastructure Solutions Engineer","Allstate Insurance","Remote","","$100,000 - $170,500 (yearly)",jobspy_indeed,https://www.indeed.com/viewjob?jk=4211ef9e77810c9e,"","2026-02-24"
0,"","Technical Support Engineer (DACH)","Info Technology Supply Ltd.","Remote","","",jobspy_indeed,https://www.indeed.com/viewjob?jk=e4d70764442b03ff,"","2026-02-24"
0,"","Sr Staff Technical Program Manager","Dexcom","Remote","","$156,400 - $260,600 (yearly)",jobspy_indeed,https://www.indeed.com/viewjob?jk=45ae8527238988ca,"","2026-02-23"
0,"","EMT Special Events","Superior Air-Ground Ambulance Service","Chicago, Illinois","","$20 - $25 (hourly)",jobspy_indeed,https://www.indeed.com/viewjob?jk=1a05abc12cbbb649,"","2026-02-27"
0,"","Lead Engineer Full Time 2nd Shift","Q Center","Chicago, Illinois","","",jobspy_indeed,https://www.indeed.com/viewjob?jk=ad0ff923889ba722,"","2026-02-26"
0,"","Maintenance Technician I Full Time 3rd Shift","Q Center","Chicago, Illinois","","",jobspy_indeed,https://www.indeed.com/viewjob?jk=524fe7c52d371f1c,"","2026-02-26"
0,"","Maintenance Technician","ABM Industries Inc.","Chicago, Illinois","","",jobspy_indeed,https://www.indeed.com/viewjob?jk=470a553b78e2f477,"","2026-02-25"
0,"","Project Safety Professional","Turner Construction Company","Chicago, Illinois","","",jobspy_indeed,https://www.indeed.com/viewjob?jk=325f13c457ea0cd4,"","2026-02-24"
0,"","Vice President, Engineering","ABM Industries Inc.","New York, New York","","$215,000 - $315,000 (yearly)",jobspy_indeed,https://www.indeed.com/viewjob?jk=f946cb0ee93a366c,"","2026-02-26"
0,"","Canine Handler - Explosive Detection","Allied Universal Enhanced Protection Services","New York, New York","","",jobspy_indeed,https://www.indeed.com/viewjob?jk=b1f91484f17c9036,"","2026-02-24"
0,"","NYC Event EMT CrowdRx","Global Medical Response","New York, New York","","$18 - $23 (hourly)",jobspy_indeed,https://www.indeed.com/viewjob?jk=1e6f5f578edf117b,"","2026-02-24"
0,"","NYC Event EMT - FTO CrowdRx","Global Medical Response","New York, New York","","$20 - $23 (hourly)",jobspy_indeed,https://www.indeed.com/viewjob?jk=8a2e6d52487a12ae,"","2026-02-24"
0,"","Maintenance Tech","Springhill Suites Tuckahoe Westchester County","New York, New York","","$22 - $25 (hourly)",jobspy_indeed,https://www.indeed.com/viewjob?jk=85fe3f434d3c7a67,"","2026-02-24"
0,"","Emergency Medical Technician","Erickson Senior Living","New York, New York","","$19 - $24 (hourly)",jobspy_indeed,https://www.indeed.com/viewjob?jk=52c3078fcf6c4e05,"","2026-02-23"
0,"","Field Service Associate","National Entertainment Network","San Francisco, California","","",jobspy_indeed,https://www.indeed.com/viewjob?jk=9ba2e390f9034ec0,"","2026-02-26"
0,"","Licensed Vocational Nurse Full-Time","Caminar","San Francisco, California","","",jobspy_indeed,https://www.indeed.com/viewjob?jk=f07c6765ec309328,"","2026-02-25"
0,"","HVAC Mechanic Specialist [Bargaining Unit]","SLAC National Accelerator Laboratory","San Francisco, California","","$57 - $69 (hourly)",jobspy_indeed,https://www.indeed.com/viewjob?jk=90dcd563b1914320,"","2026-02-24"
0,"","Production Operator","National Beverage Corp.","San Francisco, California","","",jobspy_indeed,https://www.indeed.com/viewjob?jk=e9ef1e79607ba81f,"","2026-02-24"
0,"","Production Operator","Shasta Beverages, Inc.","San Francisco, California","","",jobspy_indeed,https://www.indeed.com/viewjob?jk=69ee298da0395ae7,"","2026-02-24"
0,"","Project Manager - Design and Construction Services","SLAC National Accelerator Laboratory","San Francisco, California","","$120,412 - $159,541 (yearly)",jobspy_indeed,https://www.indeed.com/viewjob?jk=51a37bcba996ae25,"","2026-02-23"
0,"","Behavioral Health Technician (LPT), Behavioral Health, Full Time, Nights","Adventist Health","San Francisco, California","","",jobspy_indeed,https://www.indeed.com/viewjob?jk=f57aba546e3a569e,"","2026-02-04"
0,"","Behavioral Health Technician (LPT) - Per Diem","Adventist Health","San Francisco, California","","$32 - $42 (hourly)",jobspy_indeed,https://www.indeed.com/viewjob?jk=fbeda2d8091314e5,"","2025-12-11"
0,"","Behavioral Health Technician (LPT) - Part Time - Evenings","Adventist Health","San Francisco, California","","$32 - $42 (hourly)",jobspy_indeed,https://www.indeed.com/viewjob?jk=546b30052fc781cc,"","2025-12-02"
0,"","Production Operator","Shasta Beverages, Inc.","Seattle, Washington","","",jobspy_indeed,https://www.indeed.com/viewjob?jk=8a3453f6cd1a2405,"","2026-02-27"
0,"","Production Operator","National Beverage Corp.","Seattle, Washington","","",jobspy_indeed,https://www.indeed.com/viewjob?jk=d06ead83da1091d6,"","2026-02-27"
0,"","Material Prep Technician","CREO Industrial Arts","Seattle, Washington","","$18 - $22 (hourly)",jobspy_indeed,https://www.indeed.com/viewjob?jk=ebe2174782046783,"","2026-02-23"
0,"","Robotics Field Technician","Husqvarna","Seattle, Washington","","$66,000 - $93,000 (yearly)",jobspy_indeed,https://www.indeed.com/viewjob?jk=7f071bbd2be742b7,"","2026-02-23"
0,"","Field Marketing Brand Ambassador","New City Microcreamery","Boston, Massachusetts","","$17 - $20 (hourly)",jobspy_indeed,https://www.indeed.com/viewjob?jk=00ef2e0f668b1c2e,"","2026-03-01"
0,"","Maintenance Manager","Barrel One Collective","Boston, Massachusetts","","",jobspy_indeed,https://www.indeed.com/viewjob?jk=9647cc8f6f314f13,"","2026-02-26"
0,"","Vice President, Engineering","ABM Industries Inc.","Boston, Massachusetts","","$215,000 - $315,000 (yearly)",jobspy_indeed,https://www.indeed.com/viewjob?jk=5cf2cd90e4ff397e,"","2026-02-26"
0,"","Service Support Specialist II","Guitar Center","Boston, Massachusetts","","$40 - $45 (hourly)",jobspy_indeed,https://www.indeed.com/viewjob?jk=35e7e502c261a2dd,"","2026-02-26"
0,"","Operations Technician","ASM Global","Los Angeles, California","","",jobspy_indeed,https://www.indeed.com/viewjob?jk=2810b0f39f3ccee9,"","2026-03-02"
0,"","IT Event Support Technician","ocV!BE","Los Angeles, California","","",jobspy_indeed,https://www.indeed.com/viewjob?jk=7cc4c84d4282b190,"","2026-02-26"
0,"","IT Event Support Technician","Honda Center/Anaheim Ducks","Los Angeles, California","","",jobspy_indeed,https://www.indeed.com/viewjob?jk=02844d7281a7a965,"","2026-02-26"
0,"","Warehouse/Driver","National Entertainment Network","Los Angeles, California","","$22 - $25 (hourly)",jobspy_indeed,https://www.indeed.com/viewjob?jk=aadbe669993adb82,"","2026-02-25"
0,"","Day Program Staff","Spread Your Wings","Los Angeles, California","","$21 - $24 (hourly)",jobspy_indeed,https://www.indeed.com/viewjob?jk=311d9e45ff06304a,"","2026-02-25"
0,"","Warehouse Associate - Los Angeles Warehouse","Encore Global","Los Angeles, California","","$23 - $24 (hourly)",jobspy_indeed,https://www.indeed.com/viewjob?jk=1e95aa1547b82a65,"","2026-02-23"
0,"","Production Operator Lead","Shasta Beverages, Inc.","Los Angeles, California","","",jobspy_indeed,https://www.indeed.com/viewjob?jk=d81b7caa97e10108,"","2026-02-23"
0,"","Production Operator Lead","National Beverage Corp.","Los Angeles, California","","",jobspy_indeed,https://www.indeed.com/viewjob?jk=e6e6b8494893b2ee,"","2026-02-23"
0,"","Floor Technician","ABM Industries Inc.","Los Angeles, California","","",jobspy_indeed,https://www.indeed.com/viewjob?jk=657435d9c2c4cdbd,"","2026-02-23"
0,"","Medical Assistant","MedStar Health","Washington, DC","","$19 - $34 (hourly)",jobspy_indeed,https://www.indeed.com/viewjob?jk=b0c3ee1b02d2ac2d,"","2026-02-26"
0,"","Golf Simulator Install Technician","Golfzon America","Washington, DC","","",jobspy_indeed,https://www.indeed.com/viewjob?jk=167f5c409a1ebb41,"","2026-02-26"
0,"","Medication Technician Full Time 1st and 2nd Shift","Carolina Meadows","United States","","",jobspy_indeed,https://www.indeed.com/viewjob?jk=2eb0abca169fdbe5,"","2026-03-02"
0,"","Athletic Fields Technician","National Management Resources Corporation","United States","","",jobspy_indeed,https://www.indeed.com/viewjob?jk=b88bd19a7040d585,"","2026-03-02"
0,"","Industrial Electrical Maintenance Technician","nan","United States","","$72,837 - $200,000 (yearly)",jobspy_indeed,https://www.indeed.com/viewjob?jk=23acfa59dc4f1169,"","2026-03-02"
0,"","Commercial Cleaning Technician","Completely Clean LLC","United States","","",jobspy_indeed,https://www.indeed.com/viewjob?jk=407faca986917e3a,"","2026-03-01"
0,"","INSTALLER HOURLY","West Coast Netting, Inc","United States","","$15 - $18 (hourly)",jobspy_indeed,https://www.indeed.com/viewjob?jk=265cbccf458a64a1,"","2026-03-01"
0,"","Occupational Therapist","The Orchards at Canterbury on the Lake","United States","","",jobspy_indeed,https://www.indeed.com/viewjob?jk=7f4f34f2d86555f8,"","2026-03-01"
0,"","Entertainment Rigging Professional - FL","Rhino Staging","United States","","$35 - $37 (hourly)",jobspy_indeed,https://www.indeed.com/viewjob?jk=894e8cd00936e10e,"","2026-02-27"
0,"","Chief Engineer","Hotel Indigo","Chicago, Illinois","","$73,360 - $85,000 (yearly)",jobspy_indeed,https://www.indeed.com/viewjob?jk=22a767b6d2920039,"","2026-02-27"
0,"","Electrician","Uline","Chicago, Illinois","","",jobspy_indeed,https://www.indeed.com/viewjob?jk=b78651a332a72142,"","2026-02-27"
0,"","[Union] Lead Operating Engineer","Cushman & Wakefield","Chicago, Illinois","","$48 - $57 (hourly)",jobspy_indeed,https://www.indeed.com/viewjob?jk=2a3b1879d22eb2db,"","2026-02-27"
0,"","Shipboard Electrician's Mate Instructor","Prevailance, Inc","Chicago, Illinois","","$26 - $32 (hourly)",jobspy_indeed,https://www.indeed.com/viewjob?jk=6114e45024dcfe39,"","2026-02-24"
0,"","[UNION] Operating Engineer","Cushman & Wakefield","Chicago, Illinois","","$42 - $49 (hourly)",jobspy_indeed,https://www.indeed.com/viewjob?jk=51912abc61ddbbb4,"","2026-02-23"
0,"","Licensed Master Electrician or Licensed Electrician – New Jersey","H&S SOLAR INNOVA LLC","New York, New York","","",jobspy_indeed,https://www.indeed.com/viewjob?jk=46dfafb24201d606,"","2026-02-23"
0,"","[UNION] Operating Engineer","Cushman & Wakefield","San Francisco, California","","$61 - $72 (hourly)",jobspy_indeed,https://www.indeed.com/viewjob?jk=d4773b84efd26bed,"","2026-02-26"
0,"","Manufacturing Electrical Systems Electrician (Journeyman)","nan","Boston, Massachusetts","","$38 - $48 (hourly)",jobspy_indeed,https://www.indeed.com/viewjob?jk=403e582e85e9c1ad,"","2026-02-27"
0,"","Journeyman Electrician","Ardent Group, Inc","Boston, Massachusetts","","$99 - $100 (hourly)",jobspy_indeed,https://www.indeed.com/viewjob?jk=0fb78d5c5fc3b7fb,"","2026-02-27"
0,"","Workplace Services Manager","nan","Boston, Massachusetts","","$99,465 - $141,804 (yearly)",jobspy_indeed,https://www.indeed.com/viewjob?jk=83c46f7471107e99,"","2026-02-26"
0,"","Journeyman Electrician","Jetson Home Inc.","Boston, Massachusetts","","",jobspy_indeed,https://www.indeed.com/viewjob?jk=f0944cc391ecfa9a,"","2026-02-26"
0,"","Facilities Manager","6RC","Boston, Massachusetts","","$60,000 - $75,000 (yearly)",jobspy_indeed,https://www.indeed.com/viewjob?jk=7efcd40613d05a51,"","2026-02-25"
0,"","Electrician","MP Home Services","Los Angeles, California","","$22 - $33 (hourly)",jobspy_indeed,https://www.indeed.com/viewjob?jk=46b1f094f016828e,"","2026-02-28"
0,"","Senior Electrician","Rocket Lab USA","Los Angeles, California","","$30 - $50 (hourly)",jobspy_indeed,https://www.indeed.com/viewjob?jk=b10cdf0cfc24bc07,"","2026-02-24"
0,"","Facilities Electrical Engineer","NASA Jet Propulsion Laboratory","Los Angeles, California","","$116,064 - $151,944 (yearly)",jobspy_indeed,https://www.indeed.com/viewjob?jk=3bcbeab26ea39c48,"","2026-02-23"
0,"","Licensed Journeyman / Master Electrician","Key Electric Services, Inc.","Washington, DC","","",jobspy_indeed,https://www.indeed.com/viewjob?jk=d94478d26ac64b94,"","2026-02-28"
0,"","Lead Engineer","Transwestern","Washington, DC","","",jobspy_indeed,https://www.indeed.com/viewjob?jk=3aa3675686f2ffcf,"","2026-02-27"
0,"","Journeyman/Master Electrician Wanted","Wire-It Electrical Services and Testing","Washington, DC","","$30 - $35 (hourly)",jobspy_indeed,https://www.indeed.com/viewjob?jk=524c3bb2a15db572,"","2026-02-27"
0,"","HVAC Engineer","Cushman & Wakefield","Washington, DC","","$34 - $40 (hourly)",jobspy_indeed,https://www.indeed.com/viewjob?jk=b80bade9d1f3913b,"","2026-02-25"
0,"","Lead Operating Engineer","Cushman & Wakefield","Washington, DC","","$38 - $45 (hourly)",jobspy_indeed,https://www.indeed.com/viewjob?jk=b10019e2114ffc5d,"","2026-02-25"
0,"","HVAC-Maintenance Technician","Cushman & Wakefield","Washington, DC","","$26 - $30 (hourly)",jobspy_indeed,https://www.indeed.com/viewjob?jk=a4d87f07d2b487c5,"","2026-02-25"
0,"","Licensed Electrician","UVA Health","Washington, DC","","",jobspy_indeed,https://www.indeed.com/viewjob?jk=fdf48aab91eaf103,"","2026-02-24"
0,"","Electrician","Bayside Fire","Washington, DC","","",jobspy_indeed,https://www.indeed.com/viewjob?jk=35096459e522b6dc,"","2026-02-24"
0,"","Master Electrician or Licensed Electrician – Maryland","H&S SOLAR INNOVA LLC","Washington, DC","","",jobspy_indeed,https://www.indeed.com/viewjob?jk=15c0ec655d907878,"","2026-02-23"
0,"","Licensed Master Electrician","GK Solutions","United States","","$52 - $53 (hourly)",jobspy_indeed,https://www.indeed.com/viewjob?jk=cd417011817aa0be,"","2026-03-02"
0,"","Industrial Electrician","DH Griffin Contracting","United States","","$22 - $28 (hourly)",jobspy_indeed,https://www.indeed.com/viewjob?jk=ed9d80773f92b48a,"","2026-03-02"
0,"","Traveling Industrial Electrician","DH Griffin Contracting","United States","","$22 - $30 (hourly)",jobspy_indeed,https://www.indeed.com/viewjob?jk=9306d2677ce4a3ef,"","2026-03-02"
0,"","R00083165 Maintenance Repairer 1, 2, or Master","Louisiana State University","United States","","",jobspy_indeed,https://www.indeed.com/viewjob?jk=4199286be1b2af4e,"","2026-03-02"
0,"","Electrician Supervisor","The Personnel Board of Jefferson County","United States","","$67,163 - $104,208 (yearly)",jobspy_indeed,https://www.indeed.com/viewjob?jk=b2c6d6616fa7eb81,"","2026-03-01"
0,"","Electrical Foreman (eg)","Norlee Group","United States","","$28 - $40 (hourly)",jobspy_indeed,https://www.indeed.com/viewjob?jk=da8eb48ee68a2844,"","2026-03-01"
0,"","Maintenance Supervisor","nan","United States","","$35 - $40 (hourly)",jobspy_indeed,https://www.indeed.com/viewjob?jk=6985c9cfc73e8646,"","2026-03-01"
0,"","Electrician","Illuminator’s Electric","United States","","$35 - $60 (hourly)",jobspy_indeed,https://www.indeed.com/viewjob?jk=61e4e41c1d3e0bf3,"","2026-03-01"
0,"","Licensed Journeyman / Master Electrician","Key Electric Services, Inc.","United States","","",jobspy_indeed,https://www.indeed.com/viewjob?jk=1e75ee62829f83d0,"","2026-02-28"
0,"","Master Electrical Technician – Lead & Grow Our New Electrical Division","Bill Bowers A/C and Heating, Inc","United States","","$25 - $30 (hourly)",jobspy_indeed,https://www.indeed.com/viewjob?jk=bbd1a22ee7a04f70,"","2026-02-28"
0,"","Electrician","SMARTWIRE 360, LLC","United States","","$28 - $32 (hourly)",jobspy_indeed,https://www.indeed.com/viewjob?jk=974cdee76c5098fe,"","2026-02-28"
0,"","Electrician","Las Palmas Del Sol Healthcare","United States","","",jobspy_indeed,https://www.indeed.com/viewjob?jk=17128e21c0c7c9c4,"","2026-02-28"
0,"","Journeyman Electrician","R.W. Mercer","United States","","",jobspy_indeed,https://www.indeed.com/viewjob?jk=847e3a0651d4f90a,"","2026-02-28"
0,"","Maintenance Technician, Lead","DHA Housing Solutions for North Texas","United States","","",jobspy_indeed,https://www.indeed.com/viewjob?jk=e5ef3cf47a455e83,"","2026-02-28"
0,"","Operating Engineer","Texas Children's Hospital","United States","","",jobspy_indeed,https://www.indeed.com/viewjob?jk=ecfa9ad8ff8a58e4,"","2026-02-28"
0,"","Manager, Facilities Maintenance Operations - Licensed Electrical","Walmart","United States","","$90,000 - $180,000 (yearly)",jobspy_indeed,https://www.indeed.com/viewjob?jk=ae68caacb297ca67,"","2026-02-28"
0,"","Senior Maintenance Specialist -- FACILITIES MANAGEMENT -- Mon Medical Center Main Campus","Mon Health","United States","","",jobspy_indeed,https://www.indeed.com/viewjob?jk=dd7b9398f6801ba7,"","2026-02-27"
0,"","Journeyman Electrician","Abstrakt Marketing Group","United States","","$35 - $45 (hourly)",jobspy_indeed,https://www.indeed.com/viewjob?jk=96249354587d7b09,"","2026-02-27"
0,"","Master Electrician","SPATCO Energy Solutions","United States","","",jobspy_indeed,https://www.indeed.com/viewjob?jk=8514c93ff3484f42,"","2026-02-27"
0,"","Patient Flow Manager - Chicago, IL","Crothall Healthcare","Chicago, Illinois","","$54,000 - $55,000 (yearly)",jobspy_indeed,https://www.indeed.com/viewjob?jk=cd9bf9d3a45fed96,"","2026-02-26"
0,"","Deburr Operator","EVS Metal","United States","","",jobspy_indeed,https://www.indeed.com/viewjob?jk=c92720cb8e88a17e,"","2026-03-02"
0,"","Machine Operator","Panasonic","United States","","",jobspy_indeed,https://www.indeed.com/viewjob?jk=c923cfbf07d0777d,"","2026-03-01"
0,"","Material Handler","Panasonic","United States","","",jobspy_indeed,https://www.indeed.com/viewjob?jk=cc04ed2a8bf38a12,"","2026-03-01"
0,"","Quality Laboratory Technician - Level 4","Panasonic","United States","","",jobspy_indeed,https://www.indeed.com/viewjob?jk=0e24ddc2fc07046b,"","2026-02-27"
0,"","Transporter_COFR","Intermountain Health","United States","","$19 - $24 (hourly)",jobspy_indeed,https://www.indeed.com/viewjob?jk=83367bddf6bdfa33,"","2026-02-28"
0,"","Coordinator Operations Support I Patient Transportation I Evening I PRN","UF Health Shands Hospital","United States","","",jobspy_indeed,https://www.indeed.com/viewjob?jk=f08821b40817b803,"","2026-02-27"
0,"","Media Replay Operator I, REMI","ESPN","United States","","",jobspy_indeed,https://www.indeed.com/viewjob?jk=b45d3b5fa001cdfa,"","2026-02-27"
0,"","CNC Lathe Machinist III","Quality Vision International","United States","","$30 - $34 (hourly)",jobspy_indeed,https://www.indeed.com/viewjob?jk=b07ca16ef552e6c2,"","2026-02-26"
0,"","EVS - Utility Project","Bally's Corporation","United States","","",jobspy_indeed,https://www.indeed.com/viewjob?jk=abf630c1636d6f13,"","2026-02-26"
0,"","Environmental Services Specialist, Full Time, Second Shift","Self Regional Healthcare","United States","","",jobspy_indeed,https://www.indeed.com/viewjob?jk=8881748f1b9bedc3,"","2026-02-26"
0,"","President of Revenue and Growth","Outdoorsy","United States","","",jobspy_indeed,https://www.indeed.com/viewjob?jk=986f60907f5e48e8,"","2026-02-25"
0,"","Sales Development Representative","Gbc facility services","United States","","$75,000 - $120,000 (yearly)",jobspy_indeed,https://www.indeed.com/viewjob?jk=f2aee33243c2f5cb,"","2026-02-25"
0,"","Manufacturing Engineer, EOL & Test Process Equipment","Harbinger Motors Inc.","United States","","",jobspy_indeed,https://www.indeed.com/viewjob?jk=640bc40bdc858d5f,"","2026-02-25"
0,"","Machine Operator- Plastics - Swing Shift","Astronics","United States","","",jobspy_indeed,https://www.indeed.com/viewjob?jk=4ddb39ebc511ce85,"","2026-02-23"
0,"","ROUTE DRIVER (SMARTSERVICE) (PART TIME)","Crothall Healthcare","United States","","",jobspy_indeed,https://www.indeed.com/viewjob?jk=4482bbd76d469e48,"","2025-12-29"
0,"","Senior DevOps Engineer, AIOPs","NVIDIA","San Francisco, California","","$148,000 - $276,000 (yearly)",jobspy_indeed,https://www.indeed.com/viewjob?jk=a9bec20705df66e3,"","2026-02-23"
0,"","Media Production Specialist- - Hrly/Int POOL (Athletics)","California State University, Long Beach","Los Angeles, California","","$26 - $38 (hourly)",jobspy_indeed,https://www.indeed.com/viewjob?jk=c0846bcee7ddc1e5,"","2026-02-25"
0,"","Media Production Specialist- - Hrly/Int POOL (Athletics)","California State University","Los Angeles, California","","",jobspy_indeed,https://www.indeed.com/viewjob?jk=a4bfaf5505ef1e70,"","2026-02-25"
0,"","Game Day Press Box Staff","Stockton Ports","United States","","",jobspy_indeed,https://www.indeed.com/viewjob?jk=72ebb305185337ba,"","2026-02-26"
0,"","Broadcast & Game Day Production Operator","Lake County Captains","United States","","",jobspy_indeed,https://www.indeed.com/viewjob?jk=7386204a9464b0b5,"","2026-02-23"
0,"","CAD Detailer and CNC Operator","Oetee","Chicago, Illinois","","$50,000 - $60,000 (yearly)",jobspy_indeed,https://www.indeed.com/viewjob?jk=edbbd4b0efb9039e,"","2026-02-28"
0,"","CNC Programmer II","Regal Rexnord Corporation","Chicago, Illinois","","$30 - $38 (hourly)",jobspy_indeed,https://www.indeed.com/viewjob?jk=dbc537ae37843b6b,"","2026-02-25"
0,"","Shuttle Driver","LKQ Corporation","Chicago, Illinois","","",jobspy_indeed,https://www.indeed.com/viewjob?jk=5a38e2f420c2c81c,"","2026-02-25"
0,"","Screen Printing Operator","A&A Custom Shirts","Chicago, Illinois","","$18 - $22 (hourly)",jobspy_indeed,https://www.indeed.com/viewjob?jk=6b3729a55449d7d8,"","2026-02-25"
0,"","Open Food Machine Operator","Menasha Corporation","Chicago, Illinois","","",jobspy_indeed,https://www.indeed.com/viewjob?jk=e3717e12d3b94cd3,"","2026-02-24"
0,"","Operator Combo","Sun Chemical","Chicago, Illinois","","",jobspy_indeed,https://www.indeed.com/viewjob?jk=a3e4f935c56315c7,"","2026-02-23"
0,"","Die Cut Mounter 2nd Shift","Pratt Industries","Chicago, Illinois","","",jobspy_indeed,https://www.indeed.com/viewjob?jk=a3456fbe9c2b9ab2,"","2026-02-23"
0,"","Quality Engineer II","Regal Rexnord Corporation","Chicago, Illinois","","$61,000 - $110,000 (yearly)",jobspy_indeed,https://www.indeed.com/viewjob?jk=639e669297958c09,"","2026-02-23"
0,"","Asset Protection","Walmart","Chicago, Illinois","","$24 - $27 (hourly)",jobspy_indeed,https://www.indeed.com/viewjob?jk=a0782c26363408d5,"","2024-12-31"
0,"","Production Supervisor (3rd shift)","Cenveo","New York, New York","","",jobspy_indeed,https://www.indeed.com/viewjob?jk=84755e620db1a75f,"","2026-02-27"
0,"","Senior Regulatory Labeling Specialist","Integra LifeSciences","New York, New York","","$81,650 - $112,700 (yearly)",jobspy_indeed,https://www.indeed.com/viewjob?jk=20a33fff753cfcde,"","2026-02-27"
0,"","Graphic Designer (3+ Years Experience Preferred)","Blue Peak Resources","New York, New York","","$25 - $35 (hourly)",jobspy_indeed,https://www.indeed.com/viewjob?jk=ea89c63348fe094b,"","2026-02-26"
0,"","Videographer","Major League Soccer","New York, New York","","$80,000 - $100,000 (yearly)",jobspy_indeed,https://www.indeed.com/viewjob?jk=d5162c0ecf4b0a50,"","2026-02-25"
0,"","Sr. Specialist, Integrated Marketing","nan","New York, New York","","$75,000 - $80,000 (yearly)",jobspy_indeed,https://www.indeed.com/viewjob?jk=79508954f4822d22,"","2026-02-24"
0,"","Administrative Fellowship","The Jewish Board","New York, New York","","$100,000 - $125,000 (yearly)",jobspy_indeed,https://www.indeed.com/viewjob?jk=c2be700e519ef1b8,"","2026-02-24"
0,"","Press Operator","Schreiner Group","New York, New York","","$23 - $26 (hourly)",jobspy_indeed,https://www.indeed.com/viewjob?jk=25678e2f34e2d527,"","2026-02-24"
0,"","Presentation Design Director","Alexandria Real Estate Equities","San Francisco, California","","$150,000 - $175,000 (yearly)",jobspy_indeed,https://www.indeed.com/viewjob?jk=80eadd448a35febc,"","2026-02-28"
0,"","Producer","Roblox","San Francisco, California","","$115,900 - $146,000 (yearly)",jobspy_indeed,https://www.indeed.com/viewjob?jk=9a1e266138061149,"","2026-02-27"
0,"","Senior Map Data QA Engineer","Sustainable Talent","San Francisco, California","","$40 - $75 (hourly)",jobspy_indeed,https://www.indeed.com/viewjob?jk=6e1fe99f920cc39e,"","2026-02-26"
0,"","Developer Technology Intern, High-Performance Databases - Summer 2026","NVIDIA","San Francisco, California","","$20 - $71 (hourly)",jobspy_indeed,https://www.indeed.com/viewjob?jk=ef37ae83835c672f,"","2026-02-26"
0,"","Process Technician IV","FujiFilm","San Francisco, California","","$30 - $40 (hourly)",jobspy_indeed,https://www.indeed.com/viewjob?jk=7123532621f28328,"","2026-02-24"
0,"","Process Technician IV","FUJIFILM Dimatix","San Francisco, California","","$30 - $40 (hourly)",jobspy_indeed,https://www.indeed.com/viewjob?jk=7a6f08e009ec924f,"","2026-02-25"
0,"","Video Operations Manager","Snowflake","San Francisco, California","","$122,000 - $160,600 (yearly)",jobspy_indeed,https://www.indeed.com/viewjob?jk=7ed470ff2132d895,"","2026-02-19"
0,"","GPU HW/SW Design Architect","AMD","San Francisco, California","","",jobspy_indeed,https://www.indeed.com/viewjob?jk=2959d6cf7c70b0a5,"","2026-02-17"
0,"","Neural Rendering Research Inference Engineer – Advanced Graphics Programs","AMD","San Francisco, California","","",jobspy_indeed,https://www.indeed.com/viewjob?jk=ca758b9cc8aa710c,"","2025-11-07"
0,"","Control System Engineer - DeltaV","Applied Control Equipment Lllp","Seattle, Washington","","$32 - $75 (hourly)",jobspy_indeed,https://www.indeed.com/viewjob?jk=4ac042c31633fdb8,"","2026-02-24"
0,"","Community Corrections Officer 2 (Or CCO1 In-Training) - PSI Writer - Everett","State of Washington","Seattle, Washington","","$4,603 - $7,540 (monthly)",jobspy_indeed,https://www.indeed.com/viewjob?jk=84a0660b432d7da4,"","2026-02-23"
0,"","Project Planner - Office of Planning","Commonwealth of Massachusetts","Boston, Massachusetts","","$79,469 - $116,334 (yearly)",jobspy_indeed,https://www.indeed.com/viewjob?jk=2e9c5ec5e1d3b57a,"","2026-02-24"
0,"","Order Picker I (Temp to Hire, 7am-4pm)","Arlon Graphics LLC","Los Angeles, California","","",jobspy_indeed,https://www.indeed.com/viewjob?jk=d7d8f06504a3694f,"","2026-02-25"
0,"","Content Marketing Manager","QuikStor Self Storage","Los Angeles, California","","$75,000 - $90,000 (yearly)",jobspy_indeed,https://www.indeed.com/viewjob?jk=632788804d8c8e99,"","2026-02-25"
0,"","Freelance Studio Digital Producer - World Cup","Fox Corporation","Los Angeles, California","","$35 - $45 (hourly)",jobspy_indeed,https://www.indeed.com/viewjob?jk=0ec6fd1b18e8f1ed,"","2026-02-24"
0,"","Critical Environments Operator III","CyrusOne","Washington, DC","","",jobspy_indeed,https://www.indeed.com/viewjob?jk=81d0a88792421207,"","2026-02-27"
0,"","Facility Director (14740, Grade 24)","Maryland National Capital Park and Planning Commission","Washington, DC","","$65,465 - $115,941 (yearly)",jobspy_indeed,https://www.indeed.com/viewjob?jk=73df4ad0642d0ff5,"","2026-02-26"
0,"","Senior Intelligence Technical Editor / Reports Editor","Leidos","Washington, DC","","$82,550 - $149,225 (yearly)",jobspy_indeed,https://www.indeed.com/viewjob?jk=bcdc5a73bde07447,"","2026-02-25"
0,"","Proposal Manager","Vantor","Washington, DC","","$107,000 - $178,000 (yearly)",jobspy_indeed,https://www.indeed.com/viewjob?jk=3bc0ff89000d3811,"","2026-02-24"
0,"","Communications and Marketing Manager","Prince George's County","Washington, DC","","",jobspy_indeed,https://www.indeed.com/viewjob?jk=7bf86ce8ee9a0a97,"","2026-02-24"
0,"","3D AOI Programmer","Q C Graphics, Inc.","United States","","$17 - $28 (hourly)",jobspy_indeed,https://www.indeed.com/viewjob?jk=644bcf306546bb0a,"","2026-03-02"
0,"","Press Assistant","CL&D Graphics","United States","","",jobspy_indeed,https://www.indeed.com/viewjob?jk=5da2e0cee442a252,"","2026-03-02"
0,"","Grinder Operator","Menasha Corporation","United States","","",jobspy_indeed,https://www.indeed.com/viewjob?jk=ea9f2b18dc0ca807,"","2026-03-02"
0,"","Powder Coat Operator- All Shifts","Menasha Corporation","United States","","",jobspy_indeed,https://www.indeed.com/viewjob?jk=5525a08157f5cea8,"","2026-03-02"
0,"","Preprint Press Operator","Menasha Corporation","United States","","",jobspy_indeed,https://www.indeed.com/viewjob?jk=883986e49544d819,"","2026-02-27"
0,"","Screen Printing Operator","Heritage Promotions","United States","","$18 - $20 (hourly)",jobspy_indeed,https://www.indeed.com/viewjob?jk=8fe1ec26c6698f79,"","2026-03-02"
0,"","Printing - Offset Press Operator","Maximum Graphics","United States","","",jobspy_indeed,https://www.indeed.com/viewjob?jk=210c2f86d54fc2ef,"","2026-03-02"
0,"","Social Media Manager","RHP Properties","United States","","",jobspy_indeed,https://www.indeed.com/viewjob?jk=29b6bb45765f9bdf,"","2026-03-01"
0,"","DIGITAL PRINT OPERATOR - DTF Printing","Print My Threads","United States","","$15 - $18 (hourly)",jobspy_indeed,https://www.indeed.com/viewjob?jk=9ee59388cfe9b567,"","2026-03-01"
0,"","Media Producer","Penn Construction","United States","","$35,000 - $50,000 (yearly)",jobspy_indeed,https://www.indeed.com/viewjob?jk=0a124b06d7ee4141,"","2026-03-01"
0,"","Operative","Graphic Packaging International","United States","","",jobspy_indeed,https://www.indeed.com/viewjob?jk=879b1b596fdd6711,"","2026-02-28"
0,"","Production Operator","Glanbia Nutritionals","United States","","",jobspy_indeed,https://www.indeed.com/viewjob?jk=25b2f971ca5ded33,"","2026-02-28"
0,"","Client Service Manager","QUAD","United States","","",jobspy_indeed,https://www.indeed.com/viewjob?jk=1209f7f5ff8f38c3,"","2026-02-28"
0,"","Digital Prepress Technician","Print Resources (PrintJax)","United States","","",jobspy_indeed,https://www.indeed.com/viewjob?jk=e337e08696e24dfd,"","2026-02-28"
0,"","Sign Shop Production Operator and Installer","nan","United States","","$22 - $27 (hourly)",jobspy_indeed,https://www.indeed.com/viewjob?jk=8dc2f01f65a8e689,"","2026-02-28"
0,"","News Producer","Fox Corporation","United States","","$60,000 - $66,950 (yearly)",jobspy_indeed,https://www.indeed.com/viewjob?jk=9acfdb909212c7b2,"","2026-02-27"
0,"","Video Manager","County Materials Family of Companies","United States","","",jobspy_indeed,https://www.indeed.com/viewjob?jk=141fa8148e69dfa6,"","2026-02-27"
0,"","Assistant Operator – 2nd Shift","Kruger Inc.","United States","","",jobspy_indeed,https://www.indeed.com/viewjob?jk=4d0a675ddfcba89e,"","2026-02-27"
0,"","Unitizer Operator 2nd shift","Pratt Industries","United States","","",jobspy_indeed,https://www.indeed.com/viewjob?jk=2be07554cf1dcf9f,"","2026-02-27"
0,"","Forklift Driver","Pratt Industries","United States","","",jobspy_indeed,https://www.indeed.com/viewjob?jk=65b215a4e3b0da6a,"","2026-02-27"
0,"","BAS Operations & Maintenance Supervisor","The University of Michigan","United States","","$110,000 - $120,000 (yearly)",jobspy_indeed,https://www.indeed.com/viewjob?jk=1fac0d2e99e3bf97,"","2026-02-27"
0,"","Lead Video & Motion Graphics Editor","nan","Remote","","$45,000 - $100,000 (yearly)",jobspy_indeed,https://www.indeed.com/viewjob?jk=ca1b62b31ed198b8,"","2026-02-25"
0,"","Scenic Carpenter – Fabrication Shop (Overhire)","Show Strategy, Inc.","Chicago, Illinois","","",jobspy_indeed,https://www.indeed.com/viewjob?jk=88149a847635d3d6,"","2026-03-02"
0,"","Scenic Carpenter (Temporary)","Berklee College of Music","Boston, Massachusetts","","",jobspy_indeed,https://www.indeed.com/viewjob?jk=e57d5f36e5268c7f,"","2026-02-23"
0,"","Carpenter","ThemeWorks, Inc.","United States","","",jobspy_indeed,https://www.indeed.com/viewjob?jk=6177edd4b4715289,"","2026-02-26"
0,"","Scenic Carpenter","Midland Innovation + Technology Charter School","United States","","",jobspy_indeed,https://www.indeed.com/viewjob?jk=94abe44cc7e946d2,"","2026-02-26"
0,"","GSMR Coach Maintenance - Carpenter I","nan","United States","","$18 - $24 (hourly)",jobspy_indeed,https://www.indeed.com/viewjob?jk=f82f1efbf9d54e9d,"","2026-02-23"
0,"","Rigger 1","M.C. Dean, Inc.","Washington, DC","","$25 - $36 (hourly)",jobspy_indeed,https://www.indeed.com/viewjob?jk=23e5473cbc46d550,"","2026-02-23"
0,"","Rigger 2","M.C. Dean, Inc.","Washington, DC","","$27 - $39 (hourly)",jobspy_indeed,https://www.indeed.com/viewjob?jk=bf2a01b4720556b5,"","2026-02-23"
0,"","General Stagehand - GA","Rhino Staging","United States","","$19 - $22 (hourly)",jobspy_indeed,https://www.indeed.com/viewjob?jk=a19376268c6e8535,"","2026-02-27"
0,"","Senior Stage Technician (SCENE TCHN SR)","UC Davis Health","United States","","$31 - $37 (hourly)",jobspy_indeed,https://www.indeed.com/viewjob?jk=7589830798e6eb1a,"","2026-02-25"
0,"","Senior Stage Technician (SCENE TCHN SR)","UC Davis","United States","","$31 - $37 (hourly)",jobspy_indeed,https://www.indeed.com/viewjob?jk=6eeb2611b21f4f20,"","2026-02-25"
0,"","Event Rigging Supervisor, Audio Visual - Sheraton Dallas Hotel","Encore Global","United States","","$27 - $36 (hourly)",jobspy_indeed,https://www.indeed.com/viewjob?jk=6f2bdfaa83c88d02,"","2026-02-25"
0,"","Event Associate Rigger, Audio Visual - Charlotte Convention Center","Encore Global","United States","","$20 - $27 (hourly)",jobspy_indeed,https://www.indeed.com/viewjob?jk=7e479ebd95e7599c,"","2026-02-25"
0,"","Service Technician Apprentice","MarineMax","United States","","",jobspy_indeed,https://www.indeed.com/viewjob?jk=9b2e71c5f64b5f1f,"","2026-02-25"
0,"","New Equipment Trainer – Rigger & Instructor Qualified - NC","Offset Strategic Services","United States","","",jobspy_indeed,https://www.indeed.com/viewjob?jk=1061a16a62e049a4,"","2026-02-24"
0,"","Associate Rigger - Mandalay Bay","Encore Global","United States","","$24 - $32 (hourly)",jobspy_indeed,https://www.indeed.com/viewjob?jk=2993e1b9a05015cb,"","2026-02-23"
0,"","Stage Production Manager","Pasco County Schools","United States","","",jobspy_indeed,https://www.indeed.com/viewjob?jk=ab975b0005d6bec4,"","2026-02-23"
