score,verdict,title,company,location,tier,salary,source,url,reasoning,date_posted
0,"","Operations Director Audio Visual, Event Technology","Pinnacle Live","New Boston, NH","","",serpapi_google_jobs,https://www.talent.com/view?id=620215181208984778&utm_campaign=google_jobs_apply&utm_source=google_jobs_apply&utm_medium=organic,"","2026-05-19"
0,"","Audio Engineer/ AudioTech Assistant","Jambox Entertainment Studios","New York, NY","","",serpapi_google_jobs,https://www.entertainmentcareers.net/jambox-entertainment-studios/audio-engineer-audiotech-assistant/job/519709/?utm_campaign=google_jobs_apply&utm_source=google_jobs_apply&utm_medium=organic,"","2026-05-02"
0,"","AV Technician/Preparator","New Museum of Contemporary Art","New York, NY","","38 an hour",serpapi_google_jobs,https://bebee.com/us/jobs/av-technician-preparator-new-museum-of-contemporary-art-new-york--fj-2139129630?utm_campaign=google_jobs_apply&utm_source=google_jobs_apply&utm_medium=organic,"","2026-05-04"
0,"","Corporate AV Technician, Meetings & Events","Convene","New York, NY","","70K–75K a year",serpapi_google_jobs,https://jobs.revolution.com/companies/convene/jobs/77516308-corporate-av-technician-meetings-events?utm_campaign=google_jobs_apply&utm_source=google_jobs_apply&utm_medium=organic,"","2026-05-05"
0,"","AV Technician Tier 2","EOS","New York, NY","","73K–76K a year",serpapi_google_jobs,https://www.tealhq.com/job/av-technician-tier-2_7ea1aeac5f8d1e3a18afc5232ab5ed6d838ca?utm_campaign=google_jobs_apply&utm_source=google_jobs_apply&utm_medium=organic,"","2026-04-22"
0,"","Theatre Lighting & AV Technician","New York University","New York, NY","","",serpapi_google_jobs,https://www.jobleads.com/us/job/theatre-lighting-av-technician--new-york--e03c10e215d18319a7f1eb5f5a59a412f?utm_campaign=google_jobs_apply&utm_source=google_jobs_apply&utm_medium=organic,"","2026-05-17"
0,"","LEAD AV TECHNICIAN- COMMERCIAL AUDIO VISUAL TECHNICIAN- FIELD TEAM LEADER","Septem Technologies","Long Island City, NY","","39–49 an hour",serpapi_google_jobs,https://www.indeed.com/viewjob?jk=8e0effc67d317470&utm_campaign=google_jobs_apply&utm_source=google_jobs_apply&utm_medium=organic,"","2026-05-04"
0,"","Audio Engineer, Sound Innovation","Real Chemistry","New York, NY","","",serpapi_google_jobs,https://www.theladders.com/job/audio-engineer-sound-innovation-realchemistry-new-york-ny_86553427?utm_campaign=google_jobs_apply&utm_source=google_jobs_apply&utm_medium=organic,"","2026-05-01"
0,"","Audio Engineer","Irving Plaza","New York, NY","","16.50–18.00 an hour",serpapi_google_jobs,https://www.entertainmentcareers.net/irving-plaza/audio-engineer/job/492278/?utm_campaign=google_jobs_apply&utm_source=google_jobs_apply&utm_medium=organic,"","2026-05-03"
0,"","AV Technician: Flexible Hours for Live & Virtual Events","Columbia University","New York, NY","","",serpapi_google_jobs,https://talents.vaia.com/companies/columbia-university/east-new-york/av-technician-flexible-hours-for-live-virtual-events-69224388/?utm_campaign=google_jobs_apply&utm_source=google_jobs_apply&utm_medium=organic,"",""
0,"","AV Technician II","Astreya","San Francisco, CA","","21.27–33.58 an hour",serpapi_google_jobs,https://www.tealhq.com/job/av-technician-ii_7ea1af02f81d7f2992ade80ae1203eea3e16c?utm_campaign=google_jobs_apply&utm_source=google_jobs_apply&utm_medium=organic,"","2026-05-15"
0,"","Junior AV Technician","Trident Consulting","San Francisco, CA","","",serpapi_google_jobs,https://bebee.com/us/jobs/junior-av-technician-trident-consulting-san-francisco-ca--theirstack-688346293?utm_campaign=google_jobs_apply&utm_source=google_jobs_apply&utm_medium=organic,"","2026-05-20"
0,"","Low Voltage / Industrial / CCTV / AV Technician","Wachter, Inc.","San Francisco, CA","","20–38 an hour",serpapi_google_jobs,https://lensa.com/job-v1/wachter/san-francisco-ca/low-voltage-technician/87a6eac2d9d58b7d41ae764397de53d2?utm_campaign=google_jobs_apply&utm_source=google_jobs_apply&utm_medium=organic,"",""
0,"","AV Technician","The Rockridge Group","South San Francisco, CA","","",serpapi_google_jobs,https://www.ziprecruiter.com/c/Rockridge-Group/Job/AV-Technician/-in-South-San-Francisco,CA?jid=87465d3c19083bd9&utm_campaign=google_jobs_apply&utm_source=google_jobs_apply&utm_medium=organic,"",""
0,"","Freelance Audio-Visual Technician","A-V Services, Inc.","San Francisco, CA","","",serpapi_google_jobs,https://bebee.com/us/jobs/nail-technician-blowology-dry-bar-san-francisco-ca--theirstack-666849337?utm_campaign=google_jobs_apply&utm_source=google_jobs_apply&utm_medium=organic,"","2026-05-04"
0,"","Audio Visual (AV) Technician","EOS IT Solutions","San Francisco, CA","","80K–85K a year",serpapi_google_jobs,https://www.mediabistro.com/jobs/3539181275-audio-visual-av-technician?utm_campaign=google_jobs_apply&utm_source=google_jobs_apply&utm_medium=organic,"","2026-05-16"
0,"","AV Technician","AV Technician — Corporate AV & IT Installations","San Jose, CA (+1 other)","","",serpapi_google_jobs,https://avixa.careerwebsite.com/job/av-technician/84216346/?utm_campaign=google_jobs_apply&utm_source=google_jobs_apply&utm_medium=organic,"","2026-05-14"
0,"","AV Technician","Astreya Partners, LLC","San Francisco, CA","","",serpapi_google_jobs,https://astreya.wd5.myworkdayjobs.com/en-US/life-at-astreya-opportunities/job/San-Francisco-CA/AV-Technician_R0015404/apply/applyManually?utm_campaign=google_jobs_apply&utm_source=google_jobs_apply&utm_medium=organic,"","2026-05-05"
0,"","AV Technician Team Lead","EOS","San Francisco, CA","","85K–105K a year",serpapi_google_jobs,https://www.jobleads.com/us/job/av-technician-team-lead--san-francisco--ea8ece9705d4b467c247de3fc2b07dfda?utm_campaign=google_jobs_apply&utm_source=google_jobs_apply&utm_medium=organic,"","2026-04-30"
0,"","AV Technician: Install, Troubleshoot & Live Events","Astreya","San Francisco, CA","","",serpapi_google_jobs,https://us.jobrapido.com/jobpreview/7899798792096972800?utm_campaign=google_jobs_apply&utm_source=google_jobs_apply&utm_medium=organic,"","2026-05-14"
0,"","Audio Visual Specialist","Astreya","San Francisco, CA","","",serpapi_google_jobs,https://www.jobleads.com/us/job/audio-visual-specialist--san-francisco--e240ab6e3a46bcb58a036e2b4a86457a5?utm_campaign=google_jobs_apply&utm_source=google_jobs_apply&utm_medium=organic,"","2026-05-05"
0,"","Senior AV Systems Engineer – Onsite Lead (Travel)","Astreya","San Francisco, CA","","",serpapi_google_jobs,https://us.jobrapido.com/jobpreview/2873281416060207104?utm_campaign=google_jobs_apply&utm_source=google_jobs_apply&utm_medium=organic,"","2026-05-01"
0,"","Audio Visual Technician II","Astreya","Bellevue, WA","","",serpapi_google_jobs,https://salutemyjob.com/jobs/audio-visual-technician-ii-bellevue-washington/2779421579-2/?utm_campaign=google_jobs_apply&utm_source=google_jobs_apply&utm_medium=organic,"","2026-05-18"
0,"","Seattle WA Freelance A/V Technician -1099","Churchill Group LLC","Seattle, WA","","30–60 an hour",serpapi_google_jobs,https://lensa.com/job-v1/blue-danube-productions/seattle-wa/av-technician-contractor/36155e0952faa51be857efb0554d49b1?utm_campaign=google_jobs_apply&utm_source=google_jobs_apply&utm_medium=organic,"",""
0,"","AV Engineer - Zoom Room Deployment Specialist","EPAM Systems","Seattle, WA","","45K–69K a month",serpapi_google_jobs,https://bebee.com/us/jobs/av-engineer-zoom-room-deployment-specialist-epam-systems-seattle-wa--theirstack-676561056?utm_campaign=google_jobs_apply&utm_source=google_jobs_apply&utm_medium=organic,"","2026-05-03"
0,"","On-Site AV Technician | Install, Troubleshoot & Train","AVI-SPL","Seattle, WA","","",serpapi_google_jobs,https://www.whatjobs.com/jobs/on-site-av-technician-install/seattle-washington?id=2644360187&utm_campaign=google_jobs_apply&utm_source=google_jobs_apply&utm_medium=organic,"","2026-04-23"
0,"","Event AV Technician & Stage Tech Pro","F5 Networks, Inc","Seattle, WA","","",serpapi_google_jobs,https://us.jobrapido.com/jobpreview/4062733558844751872?utm_campaign=google_jobs_apply&utm_source=google_jobs_apply&utm_medium=organic,"","2026-05-18"
0,"","AV Technician","LeadStack Inc.","Seattle, WA","","",serpapi_google_jobs,https://www.whatjobs.com/jobs/av-technician/seattle-washington?id=2699141780&utm_campaign=google_jobs_apply&utm_source=google_jobs_apply&utm_medium=organic,"","2026-05-12"
0,"","Audio Engineer","The Pursuit NW","Kirkland, WA","","54K–82K a year",serpapi_google_jobs,https://recruiting.paylocity.com/recruiting/jobs/Details/4137550/The-Pursuit-NW/Audio-Engineer?utm_campaign=google_jobs_apply&utm_source=google_jobs_apply&utm_medium=organic,"","2026-05-02"
0,"","AV Technician II","Astreya Partners, LLC","Bellevue, WA","","",serpapi_google_jobs,https://astreya.wd5.myworkdayjobs.com/en-US/life-at-astreya-opportunities/job/AV-Technician-II_R0015237?utm_campaign=google_jobs_apply&utm_source=google_jobs_apply&utm_medium=organic,"",""
0,"","Digital & AV Technician","Hyatt","Seattle, WA","","47K–75K a year",serpapi_google_jobs,https://www.jobzmall.com/hyatt/job/digital-av-technician-9?utm_campaign=google_jobs_apply&utm_source=google_jobs_apply&utm_medium=organic,"",""
0,"","EXPRESSION OF INTEREST - AV TECHNICIAN / INSTALLER - SEATTLE, WA","J. Patrick & Associates, Inc.","Seattle, WA","","",serpapi_google_jobs,https://us.jobrapido.com/jobpreview/5907749804380782592?utm_campaign=google_jobs_apply&utm_source=google_jobs_apply&utm_medium=organic,"","2026-05-16"
0,"","Audiovisual (AV) Technician","INA Display","Norwalk, CA","","350–400 a day",serpapi_google_jobs,https://www.indeed.com/viewjob?jk=8db5d2bf6d14f5d3&utm_campaign=google_jobs_apply&utm_source=google_jobs_apply&utm_medium=organic,"","2026-04-22"
0,"","Junior AV Engineer","IGI","Los Alamitos, CA","","",serpapi_google_jobs,https://www.werigi.com/junior-av-engineer-los-alamitos-ca?utm_campaign=google_jobs_apply&utm_source=google_jobs_apply&utm_medium=organic,"",""
0,"","Audio Engineer","Sofar Sounds","Los Angeles, CA","","",serpapi_google_jobs,https://www.entertainmentcareers.net/livenation/audio-engineer/job/510863/?utm_campaign=google_jobs_apply&utm_source=google_jobs_apply&utm_medium=organic,"",""
0,"","Audiovisual (AV) Technician","INA Display","Los Angeles County, CA","","7,583–8,667 a month",serpapi_google_jobs,https://bebee.com/us/jobs/audiovisual-av-technician-ina-display-norwalk-ca--theirstack-669337067?utm_campaign=google_jobs_apply&utm_source=google_jobs_apply&utm_medium=organic,"","2026-04-23"
0,"","Audio Engineer — Flexible Studio Sessions & Systems","The Recording Club by Tiny Room Studios","Los Angeles, CA","","45K–70K a year",serpapi_google_jobs,https://www.jobleads.com/us/job/audio-engineer-flexible-studio-sessions-systems--los-angeles--efcf70448f754fce297800f2cf64627ee?utm_campaign=google_jobs_apply&utm_source=google_jobs_apply&utm_medium=organic,"","2026-05-15"
0,"","AV Engineer- Operations","Netflix","Los Angeles, CA","","60K–90K a year",serpapi_google_jobs,https://www.jobzmall.com/netflix/job/av-engineer-operations?utm_campaign=google_jobs_apply&utm_source=google_jobs_apply&utm_medium=organic,"",""
0,"","AV Technician","Atlantic Home Entertainment & Stereo","Costa Mesa, CA","","",serpapi_google_jobs,https://www.jobleads.com/us/job/av-technician--costa-mesa--e7d8e717175c097ca31daa3f39fe3027e?utm_campaign=google_jobs_apply&utm_source=google_jobs_apply&utm_medium=organic,"","2026-05-08"
0,"","Junior AV Engineer- Santa Monica, CA","Activision Publishing","Santa Monica, CA","","",serpapi_google_jobs,https://gamecompanies.com/jobs/junior-av-engineer-santa-monica-ca-91g7x3xt5e0vssdofic25vjb7?utm_campaign=google_jobs_apply&utm_source=google_jobs_apply&utm_medium=organic,"",""
0,"","Audio Engineer","Russell Tobin","Culver City, CA","","",serpapi_google_jobs,https://bebee.com/us/jobs/audio-engineer-russell-tobin-culver-city-ca--theirstack-687619947?utm_campaign=google_jobs_apply&utm_source=google_jobs_apply&utm_medium=organic,"","2026-05-19"
0,"","Assistant Audio Engineer","ZOO Digital Group plc","El Segundo, CA","","",serpapi_google_jobs,https://www.whatjobs.com/jobs/assistant-audio-engineer/el-segundo-california?id=2703763810&utm_campaign=google_jobs_apply&utm_source=google_jobs_apply&utm_medium=organic,"","2026-05-14"
0,"","AV Technician","Walters Art Museum","Baltimore, MD, United States","","",serpapi_google_jobs,https://bebee.com/us/jobs/av-technician-walters-art-museum-baltimore-md--theirstack-687861178?utm_campaign=google_jobs_apply&utm_source=google_jobs_apply&utm_medium=organic,"","2026-05-18"
0,"","AV Technician","NTI","Rockville, MD, United States","","US$35–US$50 an hour",serpapi_google_jobs,https://bebee.com/us/jobs/av-technician-national-technology-integrators-rockville--lensa-2365_b16c112e4c4963a0824340c262f5f4d09f883fe97b92336dfa18bde4c986661f?utm_campaign=google_jobs_apply&utm_source=google_jobs_apply&utm_medium=organic,"",""
0,"","AV Engineer SME","Leidos","Rockville, MD, United States","","",serpapi_google_jobs,https://jobs.womenforhire.com/job/usa/rockville-md/av-engineer-sme-080786/?utm_campaign=google_jobs_apply&utm_source=google_jobs_apply&utm_medium=organic,"","2026-05-15"
0,"","Audio Visual (AV) Technician","Kymber Consulting Group","Arlington, VA, United States","","US$55K–US$60K a year",serpapi_google_jobs,https://tallo.com/talent/job/design-and-media/audio-or-visual-technician/va/arlington/audio-visual-av-technician-6c13db8c?utm_campaign=google_jobs_apply&utm_source=google_jobs_apply&utm_medium=organic,"","2026-05-13"
0,"","AV Engineer SME","Leidos","Fort Washington, MD, United States","","US$92,300–US$166,850 a year",serpapi_google_jobs,https://www.theladders.com/job/av-engineer-sme-leidos-fort-washington-md_86968587?utm_campaign=google_jobs_apply&utm_source=google_jobs_apply&utm_medium=organic,"","2026-05-18"
0,"","Lead AV Technician","Amplify People","Edgewater, MD, United States","","US$33–US$45 an hour",serpapi_google_jobs,https://amplifypeople.applytojob.com/apply/Oh3cSXNmjG/Lead-AV-Technician?utm_campaign=google_jobs_apply&utm_source=google_jobs_apply&utm_medium=organic,"",""
0,"","Audio Visual (AV) Engineer","ARES Solutions, Inc.","Falls Church, VA, United States","","US$43–US$52 an hour",serpapi_google_jobs,https://www.ziprecruiter.com/c/ARES-Solutions/Job/Audio-Visual-(AV)-Engineer/-in-Falls-Church,VA?jid=ba2bbfde3b117a9b&utm_campaign=google_jobs_apply&utm_source=google_jobs_apply&utm_medium=organic,"",""
0,"","AV Technician","Cogent Infotech Corp","Columbia, MD, United States","","",serpapi_google_jobs,https://bebee.com/us/jobs/av-technician-cogent-infotech-corp-columbia--techmap_us_7aa50343-52ba-4fcc-a83f-e104085efb65?utm_campaign=google_jobs_apply&utm_source=google_jobs_apply&utm_medium=organic,"",""
0,"","Hotel AV Technician - Part-Time","Renaissance Baltimore Harborplace Hotel","Baltimore, MD, United States","","US$23.71–US$25.89 an hour",serpapi_google_jobs,https://jobs.wizehire.com/job/hotel-av-technician-part-time-in-baltimore-md-us-ea19baa4b840a952?utm_campaign=google_jobs_apply&utm_source=google_jobs_apply&utm_medium=organic,"","2026-05-08"
0,"","Audio Engineer","National Public Radio","Washington, DC, United States","","US$44.04–US$49.67 an hour",serpapi_google_jobs,https://www.entertainmentcareers.net/npr/audio-engineer/job/520290/?utm_campaign=google_jobs_apply&utm_source=google_jobs_apply&utm_medium=organic,"","2026-05-11"
0,"","Audiovisual Engineer and Acoustics Specialist","Contour Audio & Acoustics","Westminster, CO","","27–32 an hour",serpapi_google_jobs,https://us.trabajo.org/job-4112-bfae3ceefa3e4037b73bcdda70bb4143?utm_campaign=google_jobs_apply&utm_source=google_jobs_apply&utm_medium=organic,"","2026-05-19"
0,"","AV Technician","Xssentials","Aspen, CO","","25–45 an hour",serpapi_google_jobs,https://talents.vaia.com/companies/ser-limited/aspen/av-technician-76006121/?utm_campaign=google_jobs_apply&utm_source=google_jobs_apply&utm_medium=organic,"",""
0,"","Level 1 Installer: AV Technician","Audio Video Experts","Grand Junction, CO","","20–25 an hour",serpapi_google_jobs,https://www.jobilize.com/job/us-co-grand-junction-level-1-installer-av-technician-audio-video-experts?utm_campaign=google_jobs_apply&utm_source=google_jobs_apply&utm_medium=organic,"","2026-04-28"
0,"","Lead AV Technician (Laramie, Wyoming)","Inter Technologies Corporation","Tie Siding, WY","","",serpapi_google_jobs,https://bebee.com/us/jobs/lead-av-technician-laramie-wyoming-inter-technologies-corporation-tie-siding-wy-united-states--appcast-7428_00afa5c9a899a3c5d9616fbe01d52231c1aaef74784787c8520dcfc5af29d143?utm_campaign=google_jobs_apply&utm_source=google_jobs_apply&utm_medium=organic,"","2026-05-17"
0,"","AV Technician","St. Timothy's Episcopal Church, Centennial","Centennial, CO","","60 an hour",serpapi_google_jobs,https://andrewhudsonsjobslist.com/jobs/av-technician-in-centennial-colorado-us/?utm_campaign=google_jobs_apply&utm_source=google_jobs_apply&utm_medium=organic,"","2026-05-10"
0,"","AV Technician Apprentice","Amplify People","Carbondale, CO","","",serpapi_google_jobs,https://amplifypeople.applytojob.com/apply/cbZ8cIaaWD/AV-Technician-Apprentice?utm_campaign=google_jobs_apply&utm_source=google_jobs_apply&utm_medium=organic,"",""
0,"","Remote Broadcast & AV Technician - 50902","Turing","Anywhere","","",serpapi_google_jobs,https://bebee.com/us/jobs/remote-broadcast-av-technician-50902-turing--theirstack-672169633?utm_campaign=google_jobs_apply&utm_source=google_jobs_apply&utm_medium=organic,"","2026-04-27"
0,"","Event AV Technician","Boulder County Communications","Boulder, CO","","55K–65K a year",serpapi_google_jobs,https://www.ziprecruiter.com/c/Boulder-County-Communications/Job/Event-AV-Technician/-in-Boulder,CO?jid=eab52f0fd984ad2a&utm_campaign=google_jobs_apply&utm_source=google_jobs_apply&utm_medium=organic,"","2026-05-12"
0,"","VTC / AV Technician","Mitchell Consulting","Colorado Springs, CO","","92K–98K a year",serpapi_google_jobs,https://www.milwaukeejobs.com/j/t-VTC-AV-Technician-e-MCSG-Technologies-l-Colorado-Springs,-CO-jobs-j78713222.html?utm_campaign=google_jobs_apply&utm_source=google_jobs_apply&utm_medium=organic,"",""
0,"","Broadcast Engineer / Systems Engineer","Public Media Engineering LLC","Chicago, IL","","50K–75K a year",serpapi_google_jobs,https://www.indeed.com/viewjob?jk=e522ef1a86f4cc44&utm_campaign=google_jobs_apply&utm_source=google_jobs_apply&utm_medium=organic,"",""
0,"","Production Engineer","LHH","Bensenville, IL","","100K–125K a year",serpapi_google_jobs,https://www.jobleads.com/us/job/production-engineer--bensenville--ed86afc2cf8d79dff9cea3d14adf0fa95?utm_campaign=google_jobs_apply&utm_source=google_jobs_apply&utm_medium=organic,"","2026-05-05"
0,"","Production Engineer","Stepan Company","Elwood, IL","","",serpapi_google_jobs,https://jobs.stepan.com/job/Elwood-Production-Engineer-IL-60421/1384571400/?utm_campaign=google_jobs_apply&utm_source=google_jobs_apply&utm_medium=organic,"","2026-04-21"
0,"","Broadcast Engineer","Bureau Gravity/TalkLab","Aurora, IL","","4,333–6,067 a month",serpapi_google_jobs,https://bebee.com/us/jobs/broadcast-engineer-bureau-gravity-talklab-aurora-il--theirstack-653846798?utm_campaign=google_jobs_apply&utm_source=google_jobs_apply&utm_medium=organic,"",""
0,"","Production Engineer | Chicago, IL","Michael Page","Chicago, IL","","80K–100K a year",serpapi_google_jobs,https://www.michaelpage.com/job-detail/production-engineer-chicago-il/ref/jn-042026-7004348?utm_campaign=google_jobs_apply&utm_source=google_jobs_apply&utm_medium=organic,"","2026-04-26"
0,"","Video Production Engineer / AV Technical Live Broadcast","TEKsystems","East Peoria, IL","","",serpapi_google_jobs,https://www.ihirebroadcasting.com/jobs/view/514616587?utm_campaign=google_jobs_apply&utm_source=google_jobs_apply&utm_medium=organic,"",""
0,"","Broadcast Engineer","Sirius XM Radio","Chicago, IL","","60K–85K a year",serpapi_google_jobs,https://www.jobzmall.com/sirius-xm-radio/job/broadcast-engineer-24?utm_campaign=google_jobs_apply&utm_source=google_jobs_apply&utm_medium=organic,"",""
0,"","Production Engineer","Nouryon","Morris, IL","","",serpapi_google_jobs,https://www.nouryon.com/vacancies/2026-united-states-morris-engineering-all-roles-production-engineer-n0014096/?utm_campaign=google_jobs_apply&utm_source=google_jobs_apply&utm_medium=organic,"","2026-05-04"
0,"","Production Engineer","Storm Search","Elmhurst, IL","","70K–85K a year",serpapi_google_jobs,https://www.jobleads.com/us/job/production-engineer--elmhurst--efe3fc050078935c63ec85285032680b5?utm_campaign=google_jobs_apply&utm_source=google_jobs_apply&utm_medium=organic,"","2026-05-12"
0,"","High-Impact SRE / Production Engineer – Chicago HFT | Master Low-Level Python + C++ for 24/7 Ultra-Low Latency Trading Profits","NJF Global Holdings Ltd","Chicago, IL","","200K–250K a year",serpapi_google_jobs,https://bebee.com/us/jobs/high-impact-sre-production-engineer-chicago-hft-master-low-level-python-c-for-24-7-ultra-low-latency--jooble--4076272220966831885?utm_campaign=google_jobs_apply&utm_source=google_jobs_apply&utm_medium=organic,"","2026-04-24"
0,"","Broadcast Engineer","New York Public Radio","New York, NY","","",serpapi_google_jobs,https://jobs.jobvite.com/newyork-public-radio/job/omP3zfwx?utm_campaign=google_jobs_apply&utm_source=google_jobs_apply&utm_medium=organic,"","2026-04-28"
0,"","Production/ Broadcast Engineer [Stamford]","NBC Sports","Stamford, CT","","",serpapi_google_jobs,https://www.showbizjobs.com/jobs/nbc-sports-production-broadcast-engineer-in-stamford/jid-wpnvyy?utm_campaign=google_jobs_apply&utm_source=google_jobs_apply&utm_medium=organic,"","2026-04-27"
0,"","Broadcast Engineer - Replay (Part-Time)","Major League Baseball","New York, NY","","",serpapi_google_jobs,https://jobs.wiseworks.org/job/broadcast-engineer-replay-part-time/83439447/?utm_campaign=google_jobs_apply&utm_source=google_jobs_apply&utm_medium=organic,"","2026-04-26"
0,"","Broadcast Engineer","Legends Global","Brooklyn, NY","","",serpapi_google_jobs,https://www.teamworkonline.com/arenas-facilities-jobs/asm-global-jobs/asm-global-jobs/broadcast-engineer-2164253?utm_campaign=google_jobs_apply&utm_source=google_jobs_apply&utm_medium=organic,"",""
0,"","Principal Production Engineer","Paramount","New York, NY","","",serpapi_google_jobs,https://careers.paramount.com/job/New-York-Principal-Production-Engineer-NY-10036/1389661000/?utm_campaign=google_jobs_apply&utm_source=google_jobs_apply&utm_medium=organic,"","2026-05-10"
0,"","Broadcast Engineer Lead — On-Call 24/7 & FM Studio Tech","New York State Broadcasters Association","New York, NY","","",serpapi_google_jobs,https://www.whatjobs.com/jobs/broadcast-engineer-lead-on-call/new-york?id=2627822824&utm_campaign=google_jobs_apply&utm_source=google_jobs_apply&utm_medium=organic,"","2026-05-15"
0,"","On-Call Production Broadcast Engineer","Versant Media","Englewood Cliffs, NJ","","100K–130K a year",serpapi_google_jobs,https://www.learn4good.com/jobs/new-jersey/info_technology/5104906616/e/?utm_campaign=google_jobs_apply&utm_source=google_jobs_apply&utm_medium=organic,"","2026-05-17"
0,"","Broadcast Engineer","Nexstar Broadcasting","East Syracuse, NY","","19–24 an hour",serpapi_google_jobs,https://jobs.broadcastcareerlink.com/job/broadcast-engineer/84229877/?utm_campaign=google_jobs_apply&utm_source=google_jobs_apply&utm_medium=organic,"","2026-05-14"
0,"","Principal Broadcast Engineer, Amazon Live","Amazon","New York, NY","","",serpapi_google_jobs,https://bebee.com/us/jobs/principal-broadcast-engineer-amazon-live-amazon-new-york-ny--theirstack-678546397?utm_campaign=google_jobs_apply&utm_source=google_jobs_apply&utm_medium=organic,"","2026-05-06"
0,"","Mobile Broadcast Engineer - On-Site & Travel-Ready","NEP Group, Inc.","Seattle, WA","","",serpapi_google_jobs,https://www.whatjobs.com/jobs/mobile-broadcast-engineer-on-site/seattle-washington?id=2640721888&utm_campaign=google_jobs_apply&utm_source=google_jobs_apply&utm_medium=organic,"","2026-04-23"
0,"","Broadcast Engineer Senior","Blue Origin LLC","Seattle, WA","","",serpapi_google_jobs,https://talents.vaia.com/companies/ziprecruiter/senior-broadcast-engineer-31194728/?utm_campaign=google_jobs_apply&utm_source=google_jobs_apply&utm_medium=organic,"",""
0,"","Production Engineer","Centific","Redmond, WA","","",serpapi_google_jobs,https://www.iitjobs.com/job/production-engineer-redmond-washington-usa-267754?utm_campaign=google_jobs_apply&utm_source=google_jobs_apply&utm_medium=organic,"","2026-05-03"
0,"","Production Engineer","Nominal","Seattle, WA","","150K–265K a year",serpapi_google_jobs,https://talents.vaia.com/companies/meta/production-engineer-21654081/?utm_campaign=google_jobs_apply&utm_source=google_jobs_apply&utm_medium=organic,"","2026-05-12"
0,"","Broadcast Engineer","Sirius XM Radio","Seattle, WA","","68K–108K a year",serpapi_google_jobs,https://www.jobzmall.com/sirius-xm-radio/job/broadcast-engineer-32?utm_campaign=google_jobs_apply&utm_source=google_jobs_apply&utm_medium=organic,"",""
0,"","Mobile Broadcast Engineer - On-Site & Travel","NEP Group, Inc.","Seattle, WA","","100K–125K a year",serpapi_google_jobs,https://www.learn4good.com/jobs/seattle/washington/engineering/5100895769/e/?utm_campaign=google_jobs_apply&utm_source=google_jobs_apply&utm_medium=organic,"","2026-05-15"
0,"","Travel-Ready Mobile Broadcast Engineer","Creative Technology UK","Seattle, WA","","",serpapi_google_jobs,https://www.whatjobs.com/jobs/travel-ready-mobile-broadcast-engineer/seattle-washington?id=2640630764&utm_campaign=google_jobs_apply&utm_source=google_jobs_apply&utm_medium=organic,"","2026-05-15"
0,"","Staff Production Engineer","CoreWeave","Bellevue, WA","","",serpapi_google_jobs,https://www.builtinseattle.com/job/staff-production-engineer/8191916?utm_campaign=google_jobs_apply&utm_source=google_jobs_apply&utm_medium=organic,"","2026-04-22"
0,"","Assembly & Production Engineer","TinMan Systems, Inc.","Issaquah, WA","","62K–78K a year",serpapi_google_jobs,https://www.indeed.com/viewjob?jk=039965707b3fd487&utm_campaign=google_jobs_apply&utm_source=google_jobs_apply&utm_medium=organic,"","2026-04-28"
0,"","Broadcast Engineer - Spectrum News","Spectrum Networks","El Segundo, CA","","",serpapi_google_jobs,https://jobs.spectrum.com/job/el-segundo/broadcast-engineer-spectrum-news/4673/95147701104?utm_campaign=google_jobs_apply&utm_source=google_jobs_apply&utm_medium=organic,"","2026-05-14"
0,"","Broadcast Engineer, Burbank, California","Evertz Microsystems Limited","Burbank, CA","","",serpapi_google_jobs,https://www.tealhq.com/job/broadcast-engineer_7ea1abde335b35f2559fab25bdf389444df14?utm_campaign=google_jobs_apply&utm_source=google_jobs_apply&utm_medium=organic,"","2026-05-11"
0,"","Production Engineer","iHealth Manufacturing","Irwindale, CA","","68K–83K a year",serpapi_google_jobs,https://bebee.com/us/jobs/production-engineer-ihealth-manufacturing-irwindale-ca--theirstack-689495141?utm_campaign=google_jobs_apply&utm_source=google_jobs_apply&utm_medium=organic,"","2026-05-21"
0,"","Broadcast Engineer","Spectrum","El Segundo, CA","","",serpapi_google_jobs,https://bebee.com/us/jobs/broadcast-engineer-spectrum-el-segundo-ca--theirstack-686300074?utm_campaign=google_jobs_apply&utm_source=google_jobs_apply&utm_medium=organic,"","2026-05-16"
0,"","Production Engineer","Scalian","Burbank, CA","","",serpapi_google_jobs,http://chrismaxcer.com/workspread/job/production-engineer-at-picture-shop-burbank-ca-91505-4924adae477f6c38jktk-Y2hyaXNtYX?utm_campaign=google_jobs_apply&utm_source=google_jobs_apply&utm_medium=organic,"","2026-05-21"
0,"","Production Engineer","Nikon AM Synergy Inc.","Long Beach, CA","","110K–160K a year",serpapi_google_jobs,https://www.jobleads.com/us/job/production-engineer--long-beach--e0372ab278b80a1b2d54cc49a76bc40ab?utm_campaign=google_jobs_apply&utm_source=google_jobs_apply&utm_medium=organic,"","2026-05-14"
0,"","Live Audio Production Engineer","LiveNation","San Diego, CA","","17.75–20.00 an hour",serpapi_google_jobs,https://www.entertainmentcareers.net/livenation/live-audio-production-engineer/job/520993/?utm_campaign=google_jobs_apply&utm_source=google_jobs_apply&utm_medium=organic,"","2026-05-17"
0,"","Broadcast Engineer","Sinclair Broadcast Group","Santa Monica, CA","","98K–150K a year",serpapi_google_jobs,https://www.theladders.com/job/broadcast-engineer-sinclairbroadcastgroupinc-santa-monica-ca_85917183?utm_campaign=google_jobs_apply&utm_source=google_jobs_apply&utm_medium=organic,"",""
0,"","Production Engineer","UPGRADE ENERGY","Torrance, CA","","80K–110K a year",serpapi_google_jobs,https://bebee.com/us/jobs/production-engineer-upgrade-energy-torrance-ca--theirstack-670182775?utm_campaign=google_jobs_apply&utm_source=google_jobs_apply&utm_medium=organic,"","2026-04-23"
0,"","Broadcast Engineer - Replay (Part-Time)","Major League Baseball","El Segundo, CA","","30 an hour",serpapi_google_jobs,https://www.ihirebroadcasting.com/jobs/view/515134997?utm_campaign=google_jobs_apply&utm_source=google_jobs_apply&utm_medium=organic,"",""
0,"","Broadcast Engineer","National Capitol Contracting LLC","Bethesda, MD, United States","","US$65K–US$70K a year",serpapi_google_jobs,https://careers.aises.org/job/broadcast-engineer/83966152/?utm_campaign=google_jobs_apply&utm_source=google_jobs_apply&utm_medium=organic,"","2026-05-08"
0,"","Senior Broadcast Engineer","FTS, Inc.","Washington, DC, United States","","US$110K–US$140K a year",serpapi_google_jobs,https://www.jobleads.com/us/job/senior-broadcast-engineer--washington--e62a3cfafb38b5c01de5534e14a422814?utm_campaign=google_jobs_apply&utm_source=google_jobs_apply&utm_medium=organic,"","2026-05-06"
0,"","Associate Production Engineer","TCOM, L.P.","Columbia, MD, United States","","US$79K–US$110K a year",serpapi_google_jobs,https://www.theladders.com/job/associate-production-engineer-tcom-l-p-columbia-md_86978773?utm_campaign=google_jobs_apply&utm_source=google_jobs_apply&utm_medium=organic,"","2026-05-20"
0,"","Media Production Broadcast Engineer / Architect","Autodesk","California, MD, United States","","",serpapi_google_jobs,https://www.ziprecruiter.com/c/Autodesk/Job/Media-Production-Broadcast-Engineer-Architect/-in-California,MD?jid=5f436b27d2dd1193&utm_campaign=google_jobs_apply&utm_source=google_jobs_apply&utm_medium=organic,"",""
0,"","Broadcast Engineer ( TEMP )","TeamPeople","Washington, DC, United States","","",serpapi_google_jobs,https://bebee.com/us/jobs/broadcast-engineer-temp-teampeople-washington-dc-united-states--appcast-7428_41cfbc921f289590bbdd0d59470bbb0e511bdbcca50e7a6a5496e75de7995df2?utm_campaign=google_jobs_apply&utm_source=google_jobs_apply&utm_medium=organic,"","2026-05-12"
0,"","Broadcast Engineer","Sinclair Broadcast Group","Arlington, VA, United States","","",serpapi_google_jobs,https://edyy.fa.us2.oraclecloud.com/hcmUI/CandidateExperience/en/sites/CX/job/16180?utm_campaign=google_jobs_apply&utm_source=google_jobs_apply&utm_medium=organic,"",""
0,"","Post Trade Applications Production Engineer","Barclays","Jefferson, MD, United States","","US$127,234–US$139,957 a year",serpapi_google_jobs,https://www.theladders.com/job/post-trade-applications-production-engineer-barclays-jefferson-md_86951573?utm_campaign=google_jobs_apply&utm_source=google_jobs_apply&utm_medium=organic,"","2026-05-16"
0,"","Production Engineer","Heven AeroTech","Winchester, VA, United States","","US$90K–US$160K a year",serpapi_google_jobs,https://www.theladders.com/job/production-engineer-heven-aerotech-winchester-va_86940102?utm_campaign=google_jobs_apply&utm_source=google_jobs_apply&utm_medium=organic,"","2026-05-14"
0,"","Production Engineer","Iron Fabrication Services Inc","Annapolis Junction, MD, United States","","",serpapi_google_jobs,https://recruiting.paylocity.com/recruiting/jobs/Details/3998951/Iron-Fabrication-Services-Inc/Production-Engineer?utm_campaign=google_jobs_apply&utm_source=google_jobs_apply&utm_medium=organic,"",""
0,"","Media Production Broadcast Engineer / Architect","Autodesk Inc.","United States","","",serpapi_google_jobs,https://autodesk.wd1.myworkdayjobs.com/en-US/Ext/job/Media-Production-Broadcast-Engineer---Architect_26WD96512-1?utm_campaign=google_jobs_apply&utm_source=google_jobs_apply&utm_medium=organic,"",""
0,"","Remote Broadcast Systems Engineer, Tiger Team Job at iHeartMedia in Denver","iHeartMedia","Denver, CO","","30.80–38.50 an hour",serpapi_google_jobs,https://www.mediabistro.com/jobs/3539087598-remote-broadcast-systems-engineer-tiger-team-job-at-iheartmedia-in-denver?utm_campaign=google_jobs_apply&utm_source=google_jobs_apply&utm_medium=organic,"","2026-05-18"
0,"","Broadcast Engineer","Kroenke Sports & Entertainment","Centennial, CO","","",serpapi_google_jobs,https://www.teamworkonline.com/multiple-properties/kroenkesportsjobs/kroenke-sports---entertainment/broadcast-engineer-2126149?utm_campaign=google_jobs_apply&utm_source=google_jobs_apply&utm_medium=organic,"",""
0,"","Broadcast Engineer","Nexstar Media Group, Inc.","Colorado Springs, CO","","43.2K–72K a year",serpapi_google_jobs,https://talents.vaia.com/companies/nexstar-media-group-inc/broadcast-engineer-38776793/?utm_campaign=google_jobs_apply&utm_source=google_jobs_apply&utm_medium=organic,"",""
0,"","Senior Hardware & Production Engineer (Minotaur Tactical Edge Node)","PMAT","Aurora, CO","","150K–180K a year",serpapi_google_jobs,https://www.sonicjobs.com/us/jobs/aurora/full-time/senior-hardware-%26-production-engineer-minotaur-tactical-edge-nod-6a0dff3457e687dcbf7ecca9?utm_campaign=google_jobs_apply&utm_source=google_jobs_apply&utm_medium=organic,"","2026-05-21"
0,"","Broadcast Production Engineer (R50029055)","MEDSTAR HEALTH","United States","","",serpapi_google_jobs,https://talents.vaia.com/companies/medstar-health/broadcast-production-engineer-r50029055-34269522/?utm_campaign=google_jobs_apply&utm_source=google_jobs_apply&utm_medium=organic,"",""
0,"","Broadcast Engineer/IT","TEGNA","United States","","",serpapi_google_jobs,https://jobs.broadcastcareerlink.com/job/broadcast-engineerit/84302095/?utm_campaign=google_jobs_apply&utm_source=google_jobs_apply&utm_medium=organic,"","2026-05-19"
0,"","Broadcast Engineer, KMGH","The E.W. Scripps Company","Denver, CO","","",serpapi_google_jobs,https://www.tealhq.com/job/broadcast-engineer_7ea1a132c9aff77af965f73adcf20bff4cae0?utm_campaign=google_jobs_apply&utm_source=google_jobs_apply&utm_medium=organic,"",""
0,"","Production Engineer","Meta","Santa Fe, NM","","",serpapi_google_jobs,https://www.monster.com/job-openings/production-engineer-santa-fe-nm--0c492efd-af14-45ef-889e-8c423b8de8b7?utm_campaign=google_jobs_apply&utm_source=google_jobs_apply&utm_medium=organic,"",""
0,"","Production Engineer II","Veralto Global","Loveland, CO","","",serpapi_google_jobs,https://www.tealhq.com/job/production-engineer-ii_7ea1aa91e03128ea551338a46fdb0f24e32f2?utm_campaign=google_jobs_apply&utm_source=google_jobs_apply&utm_medium=organic,"","2026-05-13"
0,"","Specialist: Conference Services Events","Mayer Brown LLP","Chicago, IL","","72K–96K a year",serpapi_google_jobs,https://usjobs-mayerbrown.icims.com/jobs/5786/specialist%3A-conference-services-events/job?utm_campaign=google_jobs_apply&utm_source=google_jobs_apply&utm_medium=organic,"","2026-04-30"
0,"","Conference Services & Events Assistant","Skadden, Arps, Slate, Meagher & Flom LLP & Affiliates","Chicago, IL","","55K–60K a year",serpapi_google_jobs,https://builtin.com/job/conference-services-events-assistant/9056606?utm_campaign=google_jobs_apply&utm_source=google_jobs_apply&utm_medium=organic,"",""
0,"","Specialist, IT & Event Technology","CHICAGO EVENT MANAGEMENT","Chicago, IL","","60K–84K a year",serpapi_google_jobs,https://talents.vaia.com/companies/chicago-event-management/specialist-it-event-technology-36595723/?utm_campaign=google_jobs_apply&utm_source=google_jobs_apply&utm_medium=organic,"",""
0,"","Event Technology Specialist CVENT","McDermott Will & Schulte","Chicago, IL","","93K–142K a year",serpapi_google_jobs,https://www.jobleads.com/us/job/event-technology-specialist-cvent--chicago--ec884ce02f53f4f17439dfd79f0ccb7ef?utm_campaign=google_jobs_apply&utm_source=google_jobs_apply&utm_medium=organic,"","2026-05-16"
0,"","Event Services Supervisor – Audio Visual, Event Technology","Pinnacle Live","Chicago, IL","","",serpapi_google_jobs,https://talents.vaia.com/companies/pinnacle-live/event-services-supervisor-audio-visual-event-technology-37709569/?utm_campaign=google_jobs_apply&utm_source=google_jobs_apply&utm_medium=organic,"",""
0,"","Conference Services Manager","voco Chicago Downtown/Holiday Inn Chicago Dwtn - Wolf Point","Chicago, IL","","55K–65K a year",serpapi_google_jobs,https://www.hospitalityonline.com/jobs/4334997-conference-services-manager?utm_campaign=google_jobs_apply&utm_source=google_jobs_apply&utm_medium=organic,"","2026-04-28"
0,"","Event Technology Specialist - CVENT","McDermott Will & Schulte LLP","Chicago, IL","","",serpapi_google_jobs,https://mwe.wd5.myworkdayjobs.com/en-US/mwe_careers/job/Event-Technology-Specialist---CVENT_R-100769-1?utm_campaign=google_jobs_apply&utm_source=google_jobs_apply&utm_medium=organic,"","2026-04-30"
0,"","Director of Event Technology","Pyramid Global Hospitality","Chicago, IL","","",serpapi_google_jobs,https://us.jobrapido.com/jobpreview/5066208979147816960?utm_campaign=google_jobs_apply&utm_source=google_jobs_apply&utm_medium=organic,"","2026-05-04"
0,"","Onsite AV Support Tech II — Client-Facing AV Specialist","AVI-SPL","Lincolnwood, IL","","60K a year",serpapi_google_jobs,https://www.learn4good.com/jobs/lincolnwood/illinois/info_technology/5080085998/e/?utm_campaign=google_jobs_apply&utm_source=google_jobs_apply&utm_medium=organic,"","2026-05-07"
0,"","Hybrid AV Specialist - Part-Time Live Stream & Events","Freeman Company","Chicago, IL","","",serpapi_google_jobs,https://us.jobrapido.com/jobpreview/783325779793543168?utm_campaign=google_jobs_apply&utm_source=google_jobs_apply&utm_medium=organic,"","2026-05-17"
0,"","Onsite AV Specialist","Diversified","New York, NY","","29.27–35.00 an hour",serpapi_google_jobs,https://diversityjobs.com/career/16601439/Onsite-Av-Specialist-New-York-New-York?utm_campaign=google_jobs_apply&utm_source=google_jobs_apply&utm_medium=organic,"",""
0,"","Manager - AV & Event Technology Operations","GMSC","New York, NY","","80K–120K a year",serpapi_google_jobs,https://career.io/job/manager-av-event-technology-new-york-gmsc-operations-technology-8088c66762953c3821bdc49cf23add89?utm_campaign=google_jobs_apply&utm_source=google_jobs_apply&utm_medium=organic,"","2026-04-28"
0,"","Event Services Technician - Audio Visual, Event Technology","Pinnacle Live","New York, NY","","",serpapi_google_jobs,https://jobs.jobvite.com/pinnaclelive/job/oV09Afwo?utm_campaign=google_jobs_apply&utm_source=google_jobs_apply&utm_medium=organic,"","2026-05-16"
0,"","White-Glove Conference Center AV Specialist","Kirkland & Ellis","New York, NY","","",serpapi_google_jobs,https://talents.vaia.com/companies/kirkland-ellis/east-new-york/white-glove-conference-center-av-specialist-66625677/?utm_campaign=google_jobs_apply&utm_source=google_jobs_apply&utm_medium=organic,"",""
0,"","Manager of AV and Event Technology","The Connors Group","New York, NY","","110K–120K a year",serpapi_google_jobs,https://theconnorsgroup.com/job/9374-manager-of-av-and-event-technology/?utm_campaign=google_jobs_apply&utm_source=google_jobs_apply&utm_medium=organic,"","2026-05-15"
0,"","Director of Event Technology — Lead AV & Growth","AV Workshop","New York, NY","","",serpapi_google_jobs,https://talents.vaia.com/companies/av-workshop/east-new-york/director-of-event-technology-lead-av-growth-66766311/?utm_campaign=google_jobs_apply&utm_source=google_jobs_apply&utm_medium=organic,"",""
0,"","Conference Services Support","Sullivan & Cromwell","New York, NY","","",serpapi_google_jobs,https://www.jobleads.com/us/job/conference-services-support--new-york--ebbc18a03f074ad5261f40bd2df4eea02?utm_campaign=google_jobs_apply&utm_source=google_jobs_apply&utm_medium=organic,"",""
0,"","Onsite Senior AV Specialist Exec Meetings - C2H","Zones IT Solutions","New York, NY","","70 an hour",serpapi_google_jobs,https://www.learn4good.com/jobs/new-york/info_technology/5092622027/e/?utm_campaign=google_jobs_apply&utm_source=google_jobs_apply&utm_medium=organic,"","2026-05-13"
0,"","CONFERENCE SERVICES ATTENDANT (FULL TIME)","Compass Group","New York, NY","","",serpapi_google_jobs,https://careers.compass-usa.com/conference-services-attendant-full-time/job/649295292DF338F9E220D97D911FC9CB?utm_campaign=google_jobs_apply&utm_source=google_jobs_apply&utm_medium=organic,"","2026-04-23"
0,"","Fort Lee On-Site AV Specialist - Training & Event Support","nLogic","Fort Lee, NJ","","",serpapi_google_jobs,https://us.jobrapido.com/jobpreview/2537772503770595328?utm_campaign=google_jobs_apply&utm_source=google_jobs_apply&utm_medium=organic,"","2026-05-15"
0,"","Audio Visual Event Technology Manager","Convene","San Francisco, CA","","",serpapi_google_jobs,https://www.tealhq.com/job/audio-visual-event-technology-manager_7ea1a1e12e5f007496482a00e0de0a2d67137?utm_campaign=google_jobs_apply&utm_source=google_jobs_apply&utm_medium=organic,"",""
0,"","Event Technology Specialist - CVENT","Mwe","San Francisco, CA","","93K–142K a year",serpapi_google_jobs,https://www.theladders.com/job/associate-technology-data-platform-jordan-park-group-san-francisco-ca_85928847?utm_campaign=google_jobs_apply&utm_source=google_jobs_apply&utm_medium=organic,"","2026-05-02"
0,"","Event Technology Specialist CVENT","McDermott Will & Schulte","San Francisco, CA","","93K–142K a year",serpapi_google_jobs,https://www.jobleads.com/us/job/event-technology-specialist-cvent--san-francisco--e702a0afcea6eaa4216eedebcfbbd8347?utm_campaign=google_jobs_apply&utm_source=google_jobs_apply&utm_medium=organic,"","2026-05-14"
0,"","Operations Manager - Audio Visual, Event Technology","Pinnacle Live","Burlingame, CA","","",serpapi_google_jobs,https://jobs.jobvite.com/pinnaclelive/job/oIl5zfwr?utm_campaign=google_jobs_apply&utm_source=google_jobs_apply&utm_medium=organic,"","2026-05-04"
0,"","Director, Event Technology II - Ritz Carlton San Francisco (Relocation and Signing bonus)","Encore Global","San Francisco, CA","","",serpapi_google_jobs,https://jobs.encoreglobal.com/en/job/san-francisco/director-event-technology-ii-ritz-carlton-san-francisco-relocation-and-signing-bonus/6228/90968727616?utm_campaign=google_jobs_apply&utm_source=google_jobs_apply&utm_medium=organic,"","2026-05-09"
0,"","Head of Event Technology","Atlassian","Mountain View, CA","","",serpapi_google_jobs,https://sidehustles.com/job/head-of-event-technology-688e84bc/?utm_campaign=google_jobs_apply&utm_source=google_jobs_apply&utm_medium=organic,"","2026-04-30"
0,"","CONFERENCE SERVICES ATTENDANT (PART TIME)","Compass Group","San Francisco, CA","","",serpapi_google_jobs,https://careers.compass-usa.com/conference-services-attendant-part-time/job/EF7B87216C4C8ED1BC8FF03468870136?utm_campaign=google_jobs_apply&utm_source=google_jobs_apply&utm_medium=organic,"",""
0,"","Event Technology Manager","McDermott Will & Emery LLP","San Francisco, CA","","",serpapi_google_jobs,https://talents.vaia.com/companies/mcdermott-will-emery-llp/san-francisco/event-technology-manager-74894612/?utm_campaign=google_jobs_apply&utm_source=google_jobs_apply&utm_medium=organic,"",""
0,"","Sr Event Technology Specialist","Paramount Pictures","San Francisco, CA","","60K a year",serpapi_google_jobs,https://www.learn4good.com/jobs/san-francisco/california/entertainment/5061370132/e/?utm_campaign=google_jobs_apply&utm_source=google_jobs_apply&utm_medium=organic,"","2026-04-30"
0,"","AV Specialist","EOS","Seattle, WA","","80K–90K a year",serpapi_google_jobs,https://builtin.com/job/av-specialist/9369704?utm_campaign=google_jobs_apply&utm_source=google_jobs_apply&utm_medium=organic,"","2026-05-14"
0,"","Event Services Technician - Event Technology, Audio Visual","Pinnacle Live","Seattle, WA","","",serpapi_google_jobs,https://jobs.jobvite.com/pinnaclelive/job/oa1Uzfwo?utm_campaign=google_jobs_apply&utm_source=google_jobs_apply&utm_medium=organic,"",""
0,"","Event Services Technician – Audio Visual, Event Technology","Pinnacle Live","Woodinville, WA","","",serpapi_google_jobs,https://talents.vaia.com/companies/pinnacle-live/event-services-technician-audio-visual-event-technology-32994776/?utm_campaign=google_jobs_apply&utm_source=google_jobs_apply&utm_medium=organic,"",""
0,"","Event Technology Project Manager","Opus Agency","Seattle, WA (+2 others)","","",serpapi_google_jobs,https://jobs.jobvite.com/theopusgroup/job/oDRSzfwF?utm_campaign=google_jobs_apply&utm_source=google_jobs_apply&utm_medium=organic,"",""
0,"","Senior Global Event Technology Lead","Snowflake","Bellevue, WA","","112K–147K a year",serpapi_google_jobs,https://www.jobleads.com/us/job/senior-global-event-technology-lead--bellevue--ee27476b716b3cb0e1fa18db8c76b11ab?utm_campaign=google_jobs_apply&utm_source=google_jobs_apply&utm_medium=organic,"","2026-05-18"
0,"","Director of Event Technology & Venue Partnerships","Encore","Seattle, WA","","",serpapi_google_jobs,https://us.jobrapido.com/jobpreview/9069119323653537792?utm_campaign=google_jobs_apply&utm_source=google_jobs_apply&utm_medium=organic,"","2026-05-09"
0,"","Event Technology Manager","First Global Management Services","Redmond, WA","","",serpapi_google_jobs,https://bandana.com/jobs/a5481175-93c8-4113-9e32-557fc0ba3c74?utm_campaign=google_jobs_apply&utm_source=google_jobs_apply&utm_medium=organic,"","2026-05-04"
0,"","Principal Software Engineer - Event Technology","Salesforce","Seattle, WA","","",serpapi_google_jobs,https://www.tealhq.com/job/principal-software-engineer-event-technology_7ea1a204ac1478e89ac8eada504aac66513dd?utm_campaign=google_jobs_apply&utm_source=google_jobs_apply&utm_medium=organic,"",""
0,"","Senior Event Tech & Registration Lead — Remote","Opus Agency","Seattle, WA","","66K–78K a year",serpapi_google_jobs,https://www.jobleads.com/us/job/senior-event-tech-registration-lead-remote--seattle--e56e43b0918d3048c40a58b1d1f092275?utm_campaign=google_jobs_apply&utm_source=google_jobs_apply&utm_medium=organic,"","2026-05-17"
0,"","Conference Services","CAMPBELLS LODGE INC","Chelan, WA","","",serpapi_google_jobs,https://career.io/job/conference-services-chelan-campbells-lodge-inc-016de79628378a0693f9df7e55e5ebcd?utm_campaign=google_jobs_apply&utm_source=google_jobs_apply&utm_medium=organic,"",""
0,"","AV Specialist","Legends Global","Boston, MA","","",serpapi_google_jobs,https://ability.usnlx.com/boston-ma/av-specialist/D4B0428E932241D693E813F2449B9A28/job/?utm_campaign=google_jobs_apply&utm_source=google_jobs_apply&utm_medium=organic,"",""
0,"","AV & Event Technology Technician","Pinnacle Live, LLC","Boston, MA","","45K–60K a year",serpapi_google_jobs,https://talents.vaia.com/companies/pinnacle-live-llc/boston/av-event-technology-technician-for-live-hybrid-events-95131264/?utm_campaign=google_jobs_apply&utm_source=google_jobs_apply&utm_medium=organic,"",""
0,"","Conference Services & Events Assistant","Skadden, Arps, Slate, Meagher & Flom LLP & Affiliates","Boston, MA","","58K–65K a year",serpapi_google_jobs,https://salutemyjob.com/jobs/conference-services-events-assistant-boston-massachusetts/2777251326-2/?utm_campaign=google_jobs_apply&utm_source=google_jobs_apply&utm_medium=organic,"","2026-05-14"
0,"","AV & Event Technology Technician & Hybrid Events","Pinnacle Live, LLC","Boston, MA","","40K–60K a year",serpapi_google_jobs,https://www.learn4good.com/jobs/boston/massachusetts/creative_arts_and_media/4989849386/e/?utm_campaign=google_jobs_apply&utm_source=google_jobs_apply&utm_medium=organic,"",""
0,"","Event Technology Specialist CVENT","McDermott Will & Schulte","Boston, MA","","93K–142K a year",serpapi_google_jobs,https://www.jobleads.com/us/job/event-technology-specialist-cvent--boston--e904fa3ff10d92d206996aa7b4ca238c1?utm_campaign=google_jobs_apply&utm_source=google_jobs_apply&utm_medium=organic,"","2026-05-19"
0,"","Women Impact Tech Event - Technology","Fidelity Investments","Boston, MA","","83K–158K a year",serpapi_google_jobs,https://career.io/job/women-impact-tech-event-technology-boston-fidelity-3d41c1c35e904fe736879407d29e7bb5?utm_campaign=google_jobs_apply&utm_source=google_jobs_apply&utm_medium=organic,"","2026-04-28"
0,"","Live Events Audio-Visual Technician","Kraft Sports + Entertainment","Foxborough, MA","","35K–50K a year",serpapi_google_jobs,https://www.jobleads.com/us/job/live-events-audio-visual-technician--south-foxboro--e1b8eaa3ea9b6327090c716566608cf8b?utm_campaign=google_jobs_apply&utm_source=google_jobs_apply&utm_medium=organic,"","2026-05-15"
0,"","Sales Director - Audio Visual, Event Technology","Pinnacle Live","Boston, MA","","",serpapi_google_jobs,https://jobs.jobvite.com/pinnaclelive/job/oucEzfwD?utm_campaign=google_jobs_apply&utm_source=google_jobs_apply&utm_medium=organic,"",""
0,"","Marketing Digital Events & Tools Partner","Citizens Bank, N.A.","Westwood, MA","","",serpapi_google_jobs,https://jobs.citizensbank.com/job/westwood/marketing-digital-events-and-tools-partner/288/92926112336?utm_campaign=google_jobs_apply&utm_source=google_jobs_apply&utm_medium=organic,"",""
0,"","AV Specialist","VSSI","Gambrills, MD","","",serpapi_google_jobs,https://www.indeed.com/viewjob?jk=a99cf9b544c02d4f&utm_campaign=google_jobs_apply&utm_source=google_jobs_apply&utm_medium=organic,"",""
0,"","AV Specialist: Event Tech & Client Service","Greenberg Traurig, LLP","Washington, DC","","35.79–40.77 an hour",serpapi_google_jobs,https://www.learn4good.com/jobs/washington/district-of-columbia/creative_arts_and_media/5100589147/e/?utm_campaign=google_jobs_apply&utm_source=google_jobs_apply&utm_medium=organic,"","2026-05-15"
0,"","Live AV Specialist for Hospitality & Events","SBMG","Washington, DC","","",serpapi_google_jobs,https://www.mediabistro.com/jobs/3396383182-live-av-specialist-for-hospitality-and-events?utm_campaign=google_jobs_apply&utm_source=google_jobs_apply&utm_medium=organic,"","2026-04-24"
0,"","Event Services Technician – Audio Visual, Event Technology","Pinnacle Live","Arlington, VA","","",serpapi_google_jobs,https://talents.vaia.com/companies/pinnacle-live/event-services-technician-audio-visual-event-technology-32594255/?utm_campaign=google_jobs_apply&utm_source=google_jobs_apply&utm_medium=organic,"",""
0,"","Academic and Event Technology Specialist I","Georgetown University","Washington, DC","","44,022.00–73,406.80 a year",serpapi_google_jobs,https://www.jobtarget.com/jobs/jt-ck7ixi46u3/copy-of-senior-event-technology-specialist-washington-dc-district-of-columbia?utm_campaign=google_jobs_apply&utm_source=google_jobs_apply&utm_medium=organic,"",""
0,"","Lead Event Technology Specialist; AV​/Lighting","Encore","Towson, MD","","60K–80K a year",serpapi_google_jobs,https://www.learn4good.com/jobs/towson/maryland/creative_arts_and_media/5103293278/e/?utm_campaign=google_jobs_apply&utm_source=google_jobs_apply&utm_medium=organic,"","2026-05-16"
0,"","IT - AV Specialist","TechDigital Corporation","Washington, DC","","",serpapi_google_jobs,https://www.theladders.com/job/it-specialist-mid-ideal-innovations-washington-dc_82450727?utm_campaign=google_jobs_apply&utm_source=google_jobs_apply&utm_medium=organic,"",""
0,"","Onsite AV Specialist — Classroom & Events Tech Lead","Yakshna Solutions","Herndon, VA","","90K–105K a year",serpapi_google_jobs,https://talents.vaia.com/companies/yakshna-solutions/herndon/onsite-av-specialist-classroom-events-tech-lead-87515453/?utm_campaign=google_jobs_apply&utm_source=google_jobs_apply&utm_medium=organic,"",""
0,"","Lead Event Technology Specialist","Encore","Baltimore, MD","","27–36 an hour",serpapi_google_jobs,https://talents.vaia.com/companies/encore/baltimore/lead-event-technology-specialist-av-lighting-89739791/?utm_campaign=google_jobs_apply&utm_source=google_jobs_apply&utm_medium=organic,"",""
0,"","Audio Visual (AV) Specialist","GDIT","Arlington, VA","","72,250–97,750 a year",serpapi_google_jobs,https://www.gdit.com/careers/job/93774f524/audio-visual-av-specialist/?utm_campaign=google_jobs_apply&utm_source=google_jobs_apply&utm_medium=organic,"","2026-05-13"
0,"","Event Services Technician - Event Technology, Audio Visual","Pinnacle Live","United States","","",serpapi_google_jobs,https://www.tealhq.com/job/event-services-technician_7ea1a0f3345681b62ec22d888ab8ad464f5a0?utm_campaign=google_jobs_apply&utm_source=google_jobs_apply&utm_medium=organic,"",""
0,"","Venue Director I – Audio Visual, Event Technology","Pinnacle Live","United States","","",serpapi_google_jobs,https://talents.vaia.com/companies/pinnacle-live/venue-director-i-audio-visual-event-technology-50701075/?utm_campaign=google_jobs_apply&utm_source=google_jobs_apply&utm_medium=organic,"",""
0,"","Onsite AV Specialist","Diversified","United States","","29.27–35.00 an hour",serpapi_google_jobs,https://www.career.com/job/diversified/onsite-av-specialist/j202604192003113357914?utm_campaign=google_jobs_apply&utm_source=google_jobs_apply&utm_medium=organic,"",""
0,"","Event Technology & Registration Specialist","Unbridled","Denver, CO","","60K–63K a year",serpapi_google_jobs,https://unbridled.applytojob.com/apply/tCXcMxO3Pk/Event-Technology-Registration-Specialist?utm_campaign=google_jobs_apply&utm_source=google_jobs_apply&utm_medium=organic,"",""
0,"","AV Specialist","Legends Attractions, LLC","United States","","",serpapi_google_jobs,https://asmglobal.wd1.myworkdayjobs.com/en-US/careers/job/AV-Specialist_R100121607?utm_campaign=google_jobs_apply&utm_source=google_jobs_apply&utm_medium=organic,"",""
0,"","Conference Manager, Conference Services","The Broadmoor Hotel","Colorado Springs, CO","","",serpapi_google_jobs,https://bebee.com/us/jobs/conference-manager-conference-services-the-broadmoor-hotel-colorado-springs-co--theirstack-670216473?utm_campaign=google_jobs_apply&utm_source=google_jobs_apply&utm_medium=organic,"","2026-04-23"
0,"","Director of Event Technology II- Vail, CO","Encore Global","Vail, CO","","",serpapi_google_jobs,https://jobs.encoreglobal.com/en/job/vail/director-of-event-technology-ii-vail-co/6228/93758806064?utm_campaign=google_jobs_apply&utm_source=google_jobs_apply&utm_medium=organic,"","2026-05-09"
0,"","Product Owner, Event Technology","Project Management Institute","Anywhere","","132K–161K a year",serpapi_google_jobs,https://www.showbizjobs.com/jobs/paramount--sr-live-event-technology-specialist-in-new-york/jid-bxn28x?utm_campaign=google_jobs_apply&utm_source=google_jobs_apply&utm_medium=organic,"","2026-04-23"
0,"","Event Technology Project Manager","Opus Agency","Beaverton, OR (+2 others)","","",serpapi_google_jobs,https://jobs.jobvite.com/opus/job/oDRSzfwF?utm_campaign=google_jobs_apply&utm_source=google_jobs_apply&utm_medium=organic,"",""
0,"","IT Live Event Technology Lead","The Phoenix Group","United States","","30–40 an hour",serpapi_google_jobs,https://bebee.com/us/jobs/it-field-technology-infrastructure-lead-gcon-llc--theirstack-678637085?utm_campaign=google_jobs_apply&utm_source=google_jobs_apply&utm_medium=organic,"",""
0,"","Audiovisual Technician - Live Events","L!VE Technologies and 3dx","Chicago, IL, Estados Unidos","","",serpapi_google_jobs,https://bebee.com/us/jobs/audiovisual-technician-live-events-lve-technologies-and-3dx-chicago--lensa-2365_7f20a1d511a93e2489c42dc4d9c20ec41b3ccb2c8fc941de77c8f08abd9b9093?utm_campaign=google_jobs_apply&utm_source=google_jobs_apply&utm_medium=organic,"","hace 10 días"
0,"","Audiovisual Engineer (Open to All Dykema Locations)","Dykema","Chicago, IL, Estados Unidos","","De USD 115 k a USD 130 k por año",serpapi_google_jobs,https://www.theladders.com/job/audiovisual-engineer-open-to-all-dykema-locations-dykema-chicago-il_85683746?utm_campaign=google_jobs_apply&utm_source=google_jobs_apply&utm_medium=organic,"",""
0,"","Audiovisual Technician I","Bradley University","Peoria, IL, Estados Unidos","","",serpapi_google_jobs,https://www.breakroom.cc/en-us/jobs/listing/37758281-bradley-university-audiovisual-technician-i-peoria-illinois?utm_campaign=google_jobs_apply&utm_source=google_jobs_apply&utm_medium=organic,"","hace 9 días"
0,"","Senior AV Systems Engineer","Topa Group, Inc.","Milwaukee, WI, Estados Unidos","","De USD 6,667 a USD 10,000 por mes",serpapi_google_jobs,https://bebee.com/us/jobs/senior-av-systems-engineer-topa-group-inc-greater-milwaukee--theirstack-686657846?utm_campaign=google_jobs_apply&utm_source=google_jobs_apply&utm_medium=organic,"","hace 4 días"
0,"","Level I Audiovisual Technician - WHS","Wawasee Community School Corp","Syracuse, IN, Estados Unidos","","",serpapi_google_jobs,https://www.indeed.com/viewjob?jk=ba5f2f1eeafc645e&utm_campaign=google_jobs_apply&utm_source=google_jobs_apply&utm_medium=organic,"","hace 2 días"
0,"","Audiovisual Technician III - Hard Rock Live","170 815 Entertainment, LLC","Rockford, IL, Estados Unidos","","",serpapi_google_jobs,https://bebee.com/us/jobs/audiovisual-technician-iii-hard-rock-live-170-815-entertainment-llc-rockford-il--theirstack-663745256?utm_campaign=google_jobs_apply&utm_source=google_jobs_apply&utm_medium=organic,"",""
0,"","Audiovisual Technician","Link AV","Estados Unidos","","De USD 3,120 a USD 6,067 por mes",serpapi_google_jobs,https://bebee.com/us/jobs/audiovisual-technician-link-av-vineyard-ut--theirstack-683958431?utm_campaign=google_jobs_apply&utm_source=google_jobs_apply&utm_medium=organic,"","hace 7 días"
0,"","Lead Audiovisual Technician","Vivo Technologies","Atlanta, GA, Estados Unidos","","De USD 65 k a USD 75 k por año",serpapi_google_jobs,https://bebee.com/us/jobs/lead-audiovisual-technician-sl-integrated-atlanta-ga--theirstack-653820285?utm_campaign=google_jobs_apply&utm_source=google_jobs_apply&utm_medium=organic,"","hace 2 días"
0,"","Audiovisual Engineer (TS/SCI FSP) Jobs","Zachary Piper Solutions, LLC","Herndon, VA, Estados Unidos","","De USD 150 k a USD 200 k por año",serpapi_google_jobs,https://www.clearancejobs.com/jobs/8920716/audiovisual-engineer-tssci-fsp?utm_campaign=google_jobs_apply&utm_source=google_jobs_apply&utm_medium=organic,"","hace 3 días"
0,"","Audiovisual Technician","West Coast Consulting","San Francisco, CA","","38–40 an hour",serpapi_google_jobs,https://www.indeed.com/viewjob?jk=c43e1e0c2cab7280&utm_campaign=google_jobs_apply&utm_source=google_jobs_apply&utm_medium=organic,"","2026-05-21"
0,"","Audiovisual Technician","HCL Technologies Limited - Business Services","Sunnyvale, CA","","49K–88K a year",serpapi_google_jobs,https://www.indeed.com/viewjob?jk=98f6c6382fc46fce&utm_campaign=google_jobs_apply&utm_source=google_jobs_apply&utm_medium=organic,"",""
0,"","Audiovisual Technician (Concord, CA)","Experis","Concord, CA","","",serpapi_google_jobs,https://bebee.com/us/jobs/audiovisual-technician-concord-ca-experis-concord-ca--theirstack-673235011?utm_campaign=google_jobs_apply&utm_source=google_jobs_apply&utm_medium=organic,"","2026-04-28"
0,"","Audiovisual Technician","Canaan Sound & Light, Inc.","West Sacramento, CA","","20–25 an hour",serpapi_google_jobs,https://tallo.com/talent/job/design-and-media/dj-or-announcer/ca/west-sacramento/audiovisual-technician-f97f6828?utm_campaign=google_jobs_apply&utm_source=google_jobs_apply&utm_medium=organic,"","2026-04-28"
0,"","Audiovisual Specialist","Hoover Institution, Stanford University","Stanford, CA","","40.24–46.05 an hour",serpapi_google_jobs,https://bebee.com/us/jobs/audiovisual-specialist-hoover-institution-stanford-university-stanford-ca--theirstack-678829505?utm_campaign=google_jobs_apply&utm_source=google_jobs_apply&utm_medium=organic,"","2026-05-06"
0,"","Audio Visual Engineer","Roblox","San Mateo, CA","","",serpapi_google_jobs,https://gamecompanies.com/jobs/audio-visual-engineer-ep7xcubrdzs86z8u074g939wb?utm_campaign=google_jobs_apply&utm_source=google_jobs_apply&utm_medium=organic,"",""
0,"","Audiovisual Field Engineer / Project Manager","Young Electric Co.","San Francisco, CA","","105K–115K a year",serpapi_google_jobs,https://tallo.com/talent/job/engineering/electronics-engineer/ca/san-francisco/audiovisual-field-engineer-p-72518db5?utm_campaign=google_jobs_apply&utm_source=google_jobs_apply&utm_medium=organic,"",""
0,"","IT Engineering - Audiovisual Engineer at Anthropic San Francisco, CA","Anthropic","San Francisco, CA","","",serpapi_google_jobs,https://efesfilo.com/library/job/it-engineering-audiovisual-engineer-at-anthropic-san-francisco-ca-aXJiVnhXenF1eEk4L3BnYXpnOWZXWXd4?utm_campaign=google_jobs_apply&utm_source=google_jobs_apply&utm_medium=organic,"","2026-05-09"
0,"","AV Systems Engineer – Shape Live Art & Hybrid Events","Seattle Art Museum","Seattle, WA","","",serpapi_google_jobs,https://talents.vaia.com/companies/seattle-art-museum/seattle/av-systems-engineer-shape-live-art-hybrid-events-86132274/?utm_campaign=google_jobs_apply&utm_source=google_jobs_apply&utm_medium=organic,"",""
0,"","Lead Audio Visual Field Technician","EOS","Seattle, WA","","80K–110K a year",serpapi_google_jobs,https://www.theladders.com/job/lead-audio-visual-field-technician-eos-seattle-wa_82186666?utm_campaign=google_jobs_apply&utm_source=google_jobs_apply&utm_medium=organic,"","2026-04-22"
0,"","Audiovisual Engineer","Rylem Staffing","Arlington, WA","","",serpapi_google_jobs,https://bebee.com/us/jobs/audiovisual-engineer-rylem-staffing-arlington-washington-united-states--appcast-10440_4401452517?utm_campaign=google_jobs_apply&utm_source=google_jobs_apply&utm_medium=organic,"",""
0,"","AV Systems Engineer – Onsite Support & System Optimization","WideNet Consulting Group","Bellevue, WA","","",serpapi_google_jobs,https://talents.vaia.com/companies/widenet-consulting-group/bellevue/av-systems-engineer-onsite-support-system-optimization-70261682/?utm_campaign=google_jobs_apply&utm_source=google_jobs_apply&utm_medium=organic,"",""
0,"","Portland AV Techs / stagehands","AKAV","Portland, OR","","40 an hour",serpapi_google_jobs,https://bebee.com/us/jobs/portland-av-techs-stagehands-showphaze-portland-or--theirstack-678009132?utm_campaign=google_jobs_apply&utm_source=google_jobs_apply&utm_medium=organic,"","2026-05-05"
0,"","Lead Audiovisual Technician","Vivo-Comm","New York, New York","","$65,000 - $75,000 (yearly)",jobspy_indeed,https://www.indeed.com/viewjob?jk=4cd174790f9e1d1f,"","2026-05-19"
0,"","Audio Visual Engineer","A-V Services Inc.","New York, NY","","90K a year",serpapi_google_jobs,https://www.jobzmall.com/franklin-templeton-investments/job/associate-audio-visual-engineer?utm_campaign=google_jobs_apply&utm_source=google_jobs_apply&utm_medium=organic,"","2026-04-29"
0,"","Lead ADAS/AV Systems Engineer","Exponent","Natick, MA","","181K–211K a year",serpapi_google_jobs,https://www.jobleads.com/us/job/lead-adas-av-systems-engineer--natick--ea68b720f4c09c9fe88422a2ff4ace81e?utm_campaign=google_jobs_apply&utm_source=google_jobs_apply&utm_medium=organic,"","2026-05-14"
0,"","Hybrid Learning AV Technician","The Judge Group","Massachusetts","","",serpapi_google_jobs,https://www.jobleads.com/us/job/hybrid-learning-av-technician--cambridge--e9c69270fa6d9f3c59e21126ccca0d140?utm_campaign=google_jobs_apply&utm_source=google_jobs_apply&utm_medium=organic,"","2026-05-13"
0,"","Audio Visual Technician II - NYC (Req 1240)","ePlus inc.","New York, NY","","",serpapi_google_jobs,https://bebee.com/us/jobs/audio-visual-technician-ii-nyc-req-1240-eplus-technology-inc-new-york-ny--theirstack-682729679?utm_campaign=google_jobs_apply&utm_source=google_jobs_apply&utm_medium=organic,"","2026-04-30"
0,"","Audio-Visual Technician","Whitney Museum of American Art","New York, NY","","",serpapi_google_jobs,https://whitneymuseumofamericanart.applytojob.com/apply/1a8b8TOjqU/AudioVisual-Technician?utm_campaign=google_jobs_apply&utm_source=google_jobs_apply&utm_medium=organic,"",""
0,"","Audiovisual Technician - One World Observatory [NYC]","AEG","New York, NY","","",serpapi_google_jobs,https://www.tealhq.com/job/audiovisual-technician_7ea1aa3e590ebc5917e15585639bc3a275cc7?utm_campaign=google_jobs_apply&utm_source=google_jobs_apply&utm_medium=organic,"","2026-04-23"
0,"","Freelance Audio/Visual (V1) Support Technician","A-V Services Inc.","New York, NY","","40 an hour",serpapi_google_jobs,https://bebee.com/us/jobs/freelance-audio-visual-v1-support-technician-a-v-services-inc-new-york-ny--theirstack-684083838?utm_campaign=google_jobs_apply&utm_source=google_jobs_apply&utm_medium=organic,"","2026-05-04"
0,"","AudioVisual Technician","Ask IT consulting","Pearl River, NY","","",serpapi_google_jobs,https://bandana.com/jobs/d9f2877c-1bd5-464a-9405-9f6dfdfca025?utm_campaign=google_jobs_apply&utm_source=google_jobs_apply&utm_medium=organic,"",""
0,"","In-house hotel audiovisual technician – M/F","Morgan & Mallet International","New York, NY","","5.4K a month",serpapi_google_jobs,https://hospitality-staffing.agency/jobs/0007-pam-audio-visual-technician-nyc/?utm_campaign=google_jobs_apply&utm_source=google_jobs_apply&utm_medium=organic,"",""
0,"","AV Systems Engineer","Visual Sound Inc","Cypress, CA","","43.2K–72K a year",serpapi_google_jobs,https://talents.vaia.com/companies/visual-sound-inc/cypress/av-systems-engineer-82825313/?utm_campaign=google_jobs_apply&utm_source=google_jobs_apply&utm_medium=organic,"",""
0,"","Audiovisual Technician","EIDIM Group, Inc.","Fullerton, CA","","4,507–5,373 a month",serpapi_google_jobs,https://bebee.com/us/jobs/audiovisual-technician-eidim-group-inc-fullerton-ca--theirstack-667713685?utm_campaign=google_jobs_apply&utm_source=google_jobs_apply&utm_medium=organic,"","2026-04-21"
0,"","AudioVisual Event Technician - Part-Time - Downtown Santa Monica, CA (132)","Five-Star AudioVisual","Santa Monica, CA","","21–26 an hour",serpapi_google_jobs,https://www.paycomonline.net/v4/ats/web.php/portal/31CA892941D77F94333D5908B72E02CD/jobs/303126?utm_campaign=google_jobs_apply&utm_source=google_jobs_apply&utm_medium=organic,"","2026-04-21"
0,"","Audiovisual Technician","Loma Linda","Loma Linda, CA","","",serpapi_google_jobs,https://egln.fa.us2.oraclecloud.com/hcmUI/CandidateExperience/en/sites/CX/job/14766?utm_campaign=google_jobs_apply&utm_source=google_jobs_apply&utm_medium=organic,"","2026-05-11"
0,"","Audiovisual Technician","Darvik Productions","Ventura, CA","","16.90–21.00 an hour",serpapi_google_jobs,https://www.indeed.com/viewjob?jk=3b82089edb65c898&utm_campaign=google_jobs_apply&utm_source=google_jobs_apply&utm_medium=organic,"","2026-05-10"
0,"","Audiovisual (AV) Technician - II","Avidex Industries LLC","Lake Forest, CA","","27–35 an hour",serpapi_google_jobs,https://lensa.com/job-v1/avidex/lake-forest-ca/av-technician/b4ced16a8acf9285a2ecafcc4198c756?utm_campaign=google_jobs_apply&utm_source=google_jobs_apply&utm_medium=organic,"",""
0,"","Audio Video Technician","FunFlicks","Irvine, CA","","16–23 an hour",serpapi_google_jobs,https://bebee.com/us/jobs/audio-video-technician-audiovisions-irvine-ca--theirstack-678195429?utm_campaign=google_jobs_apply&utm_source=google_jobs_apply&utm_medium=organic,"",""
0,"","Audiovisual Technician","Fixated Events","San Diego, CA","","400–800 a day",serpapi_google_jobs,https://www.productionhub.com/job/64471/audiovisual-technician?utm_campaign=google_jobs_apply&utm_source=google_jobs_apply&utm_medium=organic,"","2026-04-28"
0,"","Audiovisual Engineer (Open to All Dykema Locations)","Dykema","Los Angeles, CA","","115K–130K a year",serpapi_google_jobs,https://www.theladders.com/job/audiovisual-engineer-open-to-all-dykema-locations-dykema-los-angeles-ca_85683755?utm_campaign=google_jobs_apply&utm_source=google_jobs_apply&utm_medium=organic,"",""
0,"","Audiovisual Technician","George Washington University","Washington, DC","","28.78–43.31 an hour",serpapi_google_jobs,https://www.theladders.com/job/audiovisual-technician-futron-incorporated-washington-dc_86918937?utm_campaign=google_jobs_apply&utm_source=google_jobs_apply&utm_medium=organic,"",""
0,"","Audio Visual Technician","SAIC","Washington, DC","","$40,001 - $80,000 (yearly)",jobspy_indeed,https://www.indeed.com/viewjob?jk=682f61b3d317227d,"","2026-05-19"
0,"","AudioVisual Event Technician - Part-Time - Baltimore (Felts Point), MD - (76)","Five-Star AudioVisual","Baltimore, MD","","20–23 an hour",serpapi_google_jobs,https://www.tealhq.com/job/audiovisual-event-technician_7ea1a028a0f4e5497bdd4883187180e74988d?utm_campaign=google_jobs_apply&utm_source=google_jobs_apply&utm_medium=organic,"",""
0,"","Audiovisual Engineer (TS/SCI FSP)","Zachary Piper","Herndon, VA","","",serpapi_google_jobs,https://careers.zacharypiper.com/details/166295/audiovisual_engineer_tssci_fsp?utm_campaign=google_jobs_apply&utm_source=google_jobs_apply&utm_medium=organic,"","2026-05-17"
0,"","Audio Visual Technician","Dunhill Professional Search & Government Solutions","Baltimore, MD","","22.93–31.83 an hour",serpapi_google_jobs,https://us.jobrapido.com/jobpreview/2117895611855405056?utm_campaign=google_jobs_apply&utm_source=google_jobs_apply&utm_medium=organic,"","2026-05-21"
0,"","TS/SCI Audiovisual Engineer: Government AV Systems","The Boeing Company","Herndon, VA","","",serpapi_google_jobs,https://talents.vaia.com/companies/the-boeing-company/herndon/ts-sci-audiovisual-engineer-government-av-systems-68446514/?utm_campaign=google_jobs_apply&utm_source=google_jobs_apply&utm_medium=organic,"",""
0,"","Audiovisual Technician Information Technology Washington, DC","Futron Incorporated","Washington, DC","","",serpapi_google_jobs,https://us.jobrapido.com/jobpreview/6143304777469001728?utm_campaign=google_jobs_apply&utm_source=google_jobs_apply&utm_medium=organic,"","2026-05-17"
0,"","Audiovisual Technician (Counterintelligence Polygraph)","Boeing","Reston, VA","","",serpapi_google_jobs,https://talents.vaia.com/companies/boeing/audiovisual-technician-counterintelligence-polygraph-31565478/?utm_campaign=google_jobs_apply&utm_source=google_jobs_apply&utm_medium=organic,"",""
0,"","Audiovisual Engineer","National Capitol Contracting LLC","Queenland, MD","","",serpapi_google_jobs,https://jobs.womenforhire.com/job/usa/queenland-md/audiovisual-engineer-702128/?utm_campaign=google_jobs_apply&utm_source=google_jobs_apply&utm_medium=organic,"","2026-04-21"
0,"","Audiovisual Technician","Pivot Solutions LLC","Wheat Ridge, CO","","80K–110K a year",serpapi_google_jobs,https://www.indeed.com/viewjob?jk=c5099e2dd11db020&utm_campaign=google_jobs_apply&utm_source=google_jobs_apply&utm_medium=organic,"",""
0,"","AV Systems Engineer","Bosch Building Technologies LLC","Arvada, CO","","85K–110K a year",serpapi_google_jobs,https://lensa.com/job-v1/climatec/arvada-co/audio-visual-engineer/65e27c8682a8400be38d6d4308e66cbc?utm_campaign=google_jobs_apply&utm_source=google_jobs_apply&utm_medium=organic,"",""
0,"","Audiovisual Technician","Image Audiovisuals, Inc,","Steamboat Springs, CO","","20–26 an hour",serpapi_google_jobs,https://bebee.com/us/jobs/audiovisual-technician-image-audiovisuals-inc-steamboat-springs-co--theirstack-679650260?utm_campaign=google_jobs_apply&utm_source=google_jobs_apply&utm_medium=organic,"","2026-05-07"
0,"","Audiovisual Technician – Cincinnati Events","Mills James","United States","","",serpapi_google_jobs,https://talents.vaia.com/companies/mills-james/audiovisual-technician-cincinnati-events-107907572/?utm_campaign=google_jobs_apply&utm_source=google_jobs_apply&utm_medium=organic,"","2026-05-15"
0,"","Audio Visual Specialist","Vail Resorts","Broomfield, CO","","22.32–30.57 an hour",serpapi_google_jobs,https://www.ziprecruiter.com/c/Vail-Resorts/Job/Audio-Visual-Specialist/-in-Broomfield,CO?jid=7c4fc150f8e58842&utm_campaign=google_jobs_apply&utm_source=google_jobs_apply&utm_medium=organic,"","2026-04-30"
0,"","Audio Visual Technician","National Capitol Contracting LLC","Denver, CO","","",serpapi_google_jobs,https://www.jobtarget.com/jobs/jt-yzm96lg0iq/audio-visual-technician-denver-colorado?utm_campaign=google_jobs_apply&utm_source=google_jobs_apply&utm_medium=organic,"",""
0,"","AUDIOVISUAL TECHNICIAN","Hard Rock","United States","","",serpapi_google_jobs,https://talents.vaia.com/companies/hard-rock/audiovisual-technician-24498210/?utm_campaign=google_jobs_apply&utm_source=google_jobs_apply&utm_medium=organic,"",""
0,"","AV Systems Engineer I – Secure IT & Python Specialist","Chugach Alaska Corporation","Colorado Springs, CO","","",serpapi_google_jobs,https://www.whatjobs.com/jobs/av-systems-engineer-i/colorado-springs-colorado?id=2647268114&utm_campaign=google_jobs_apply&utm_source=google_jobs_apply&utm_medium=organic,"","2026-05-15"
0,"","BRAVO - Lighting Designer","Oak Park Elementary School District 97","Oak Park, IL","","1.5K a week",serpapi_google_jobs,https://www.k12jobspot.com/Job/5364916?utm_campaign=google_jobs_apply&utm_source=google_jobs_apply&utm_medium=organic,"",""
0,"","Architectural Lighting Designer","Lightology LLC","Chicago, IL","","50K–70K a year",serpapi_google_jobs,https://recruiting.paylocity.com/recruiting/jobs/Details/4157115/Lightology-LLC/Architectural-Lighting-Designer?utm_campaign=google_jobs_apply&utm_source=google_jobs_apply&utm_medium=organic,"","2026-05-08"
0,"","Lighting Designer for Deserted","Redtwist Theatre","Chicago, IL","","",serpapi_google_jobs,https://jobs.leagueofchicagotheatres.org/job/redtwist-theatre-chicago-contract-lighting-designer-for-deserted/?utm_campaign=google_jobs_apply&utm_source=google_jobs_apply&utm_medium=organic,"","2026-05-12"
0,"","Lead Lighting Designer - Entertainment Venues","Placements24","Chicago, IL","","",serpapi_google_jobs,https://www.whatjobs.com/jobs/lead-lighting-designer-entertainment/chicago-illinois?id=2690652570&utm_campaign=google_jobs_apply&utm_source=google_jobs_apply&utm_medium=organic,"","2026-05-05"
0,"","Designer, Lighting","Crate & Barrel","Northbrook, IL","","6,917–9,167 a month",serpapi_google_jobs,https://bebee.com/us/jobs/designer-lighting-crate-barrel-northbrook-il--theirstack-678855584?utm_campaign=google_jobs_apply&utm_source=google_jobs_apply&utm_medium=organic,"","2026-05-06"
0,"","Lighting Designer I/II: From Concept to Construction","Affiliated Engineers, Inc.","Chicago, IL","","",serpapi_google_jobs,https://us.jobrapido.com/jobpreview/3156895561362178048?utm_campaign=google_jobs_apply&utm_source=google_jobs_apply&utm_medium=organic,"",""
0,"","Exterior Lighting Designer","Ford Motor Company","Dearborn, MI","","",serpapi_google_jobs,https://www.careers.ford.com/en/job/dearborn/exterior-lighting-designer/48560/94868003712?utm_campaign=google_jobs_apply&utm_source=google_jobs_apply&utm_medium=organic,"","2026-05-07"
0,"","Studio Engineer","Ford Motor Company","Dearborn, MI","","",serpapi_google_jobs,https://www.careers.ford.com/job/dearborn/studio-engineer/48560/94311927248?utm_campaign=google_jobs_apply&utm_source=google_jobs_apply&utm_medium=organic,"","2026-04-22"
0,"","Lead Lighting Designer - Live Events & CAD","David Michael Productions, Inc.","Woodridge, IL","","",serpapi_google_jobs,https://us.jobrapido.com/jobpreview/5587899123081674752?utm_campaign=google_jobs_apply&utm_source=google_jobs_apply&utm_medium=organic,"","2026-05-16"
0,"","Senior Electrical Lighting Designer 1, Energy & Industrial","Sargent & Lundy","Chicago, IL","","77,890–118,999 a year",serpapi_google_jobs,https://simplify.jobs/p/31718adc-d1b6-4f7c-a072-cb917f7d2747/Senior-Electrical-Lighting-Designer-1?utm_campaign=google_jobs_apply&utm_source=google_jobs_apply&utm_medium=organic,"","2026-05-02"
0,"","Senior Lighting Designer – Power Plant & Industrial","Sargent & Lundy","Chicago, IL","","",serpapi_google_jobs,https://talents.vaia.com/companies/sargent-lundy/chicago/senior-lighting-designer-power-plant-industrial-66737355/?utm_campaign=google_jobs_apply&utm_source=google_jobs_apply&utm_medium=organic,"",""
0,"","Lighting Designer","AE Design","Denver, CO","","87,842.52–99,300.24 a year",serpapi_google_jobs,https://bebee.com/us/jobs/lighting-designer-ae-design-denver-co--theirstack-684965836?utm_campaign=google_jobs_apply&utm_source=google_jobs_apply&utm_medium=organic,"","2026-05-14"
0,"","Lighting Designer - Electrician","Denver Center for the Performing Arts","Denver, CO","","29–31 an hour",serpapi_google_jobs,https://bebee.com/us/jobs/lighting-designer-electrician-denver-center-for-the-performing-arts-denver-co--theirstack-684233828?utm_campaign=google_jobs_apply&utm_source=google_jobs_apply&utm_medium=organic,"","2026-05-13"
0,"","Lighting Technician","FACILITY SOLUTIONS GROUP INC","Denver, CO","","38–42 an hour",serpapi_google_jobs,https://jobs.localjobnetwork.com/job/detail/80078650/Lighting-Technician?utm_campaign=google_jobs_apply&utm_source=google_jobs_apply&utm_medium=organic,"","2026-05-18"
0,"","Lighting Programmer","The Univision Network Limited Partnership","United States","","",serpapi_google_jobs,https://univision.wd1.myworkdayjobs.com/external/job/Miami-FL/Lighting-Programmer_R020430?utm_campaign=google_jobs_apply&utm_source=google_jobs_apply&utm_medium=organic,"","2026-05-18"
0,"","Lighting Designer and Instructor","Red Rocks Community College","Lakewood, CO","","",serpapi_google_jobs,https://www.coloradotheatreguild.org/job/red-rocks-community-college-red-rocks-community-college-13300-w-6th-ave-lakewood-co-80228-33-lighting-designer-and-instructor/?utm_campaign=google_jobs_apply&utm_source=google_jobs_apply&utm_medium=organic,"","2026-05-15"
0,"","Lighting Designer & Electrician — Live Event Tech (Hybrid)","Denver Center: Company","Denver, CO","","",serpapi_google_jobs,https://us.jobrapido.com/jobpreview/4202044980618854400?utm_campaign=google_jobs_apply&utm_source=google_jobs_apply&utm_medium=organic,"","2026-05-17"
0,"","Lighting Technician","Lindquist Outdoor Lighting","Johnstown, CO","","",serpapi_google_jobs,https://bebee.com/us/jobs/lighting-technician-lindquist-outdoor-lighting-johnstown-co--theirstack-658812281?utm_campaign=google_jobs_apply&utm_source=google_jobs_apply&utm_medium=organic,"","2026-04-24"
0,"","Permanent Lighting Technician","Ambia Energy, LLC","Denver, CO","","",serpapi_google_jobs,https://recruiting.paylocity.com/Recruiting/Jobs/Details/3700472/Ambia-Solar/Permanent-Lighting-Technician?source=Indeed_Feed&utm_campaign=google_jobs_apply&utm_source=google_jobs_apply&utm_medium=organic,"",""
0,"","Permanent Lighting Technician","Ambia Solar","Aurora, CO","","",serpapi_google_jobs,https://talents.vaia.com/companies/ambia-solar/permanent-lighting-technician-49745331/?utm_campaign=google_jobs_apply&utm_source=google_jobs_apply&utm_medium=organic,"",""
0,"","Lighting Technician","Lighting Services Inc.","United States","","3,467–6,933 a month",serpapi_google_jobs,https://bebee.com/us/jobs/lighting-technician-lighting-services-inc-york-pa--theirstack-666018407?utm_campaign=google_jobs_apply&utm_source=google_jobs_apply&utm_medium=organic,"",""
0,"","Video Engineer","Epic","Naperville, IL","","",serpapi_google_jobs,https://www.linkedin.com/jobs/view/video-engineer-at-epic-4415974181?utm_campaign=google_jobs_apply&utm_source=google_jobs_apply&utm_medium=organic,"","2026-05-19"
0,"","Video Engineer","Epic","Sterling Heights, MI","","",serpapi_google_jobs,https://www.linkedin.com/jobs/view/video-engineer-at-epic-4415970286?utm_campaign=google_jobs_apply&utm_source=google_jobs_apply&utm_medium=organic,"","2026-05-19"
0,"","Video Engineer","Epic","Fort Wayne, IN","","",serpapi_google_jobs,https://www.linkedin.com/jobs/view/video-engineer-at-epic-4415975085?utm_campaign=google_jobs_apply&utm_source=google_jobs_apply&utm_medium=organic,"","2026-05-19"
0,"","Video Engineer","Epic","Round Rock, TX","","",serpapi_google_jobs,https://www.linkedin.com/jobs/view/video-engineer-at-epic-4415972259?utm_campaign=google_jobs_apply&utm_source=google_jobs_apply&utm_medium=organic,"","2026-05-19"
0,"","Video Engineer","Epic","Elk Grove, CA","","",serpapi_google_jobs,https://www.linkedin.com/jobs/view/video-engineer-at-epic-4415961722?utm_campaign=google_jobs_apply&utm_source=google_jobs_apply&utm_medium=organic,"","2026-05-19"
0,"","Broadcast Video Engineer job at Major League Baseball - MLB in Los Angeles, CA","Major League Baseball - MLB","Anywhere","","50–60 an hour",serpapi_google_jobs,https://remote.co/job-details/broadcast-video-engineer-f7ce6934-6994-4fe2-bb86-499914d3566e?utm_campaign=google_jobs_apply&utm_source=google_jobs_apply&utm_medium=organic,"","2026-05-20"
0,"","Video Engineer","Epic","Waterbury, CT","","",serpapi_google_jobs,https://www.linkedin.com/jobs/view/video-engineer-at-epic-4415976076?utm_campaign=google_jobs_apply&utm_source=google_jobs_apply&utm_medium=organic,"","2026-05-19"
0,"","Video Engineer","Epic","Fontana, CA","","",serpapi_google_jobs,https://www.linkedin.com/jobs/view/video-engineer-at-epic-4415962524?utm_campaign=google_jobs_apply&utm_source=google_jobs_apply&utm_medium=organic,"","2026-05-19"
0,"","Video Engineer","Epic","Riverside, CA","","",serpapi_google_jobs,https://www.linkedin.com/jobs/view/video-engineer-at-epic-4415964445?utm_campaign=google_jobs_apply&utm_source=google_jobs_apply&utm_medium=organic,"","2026-05-19"
0,"","Video Engineer","Epic","Laredo, TX","","",serpapi_google_jobs,https://bebee.com/us/jobs/video-engineer-epic-laredo--fj-2162034185?utm_campaign=google_jobs_apply&utm_source=google_jobs_apply&utm_medium=organic,"","2026-05-19"
0,"","Video Engineer","Epic","Champaign, IL","","",serpapi_google_jobs,https://www.linkedin.com/jobs/view/video-engineer-at-epic-4415957992?utm_campaign=google_jobs_apply&utm_source=google_jobs_apply&utm_medium=organic,"","2026-05-19"
0,"","Video Engineer/ (V1)","Stagedge","Tewksbury, MA","","",serpapi_google_jobs,https://talents.vaia.com/companies/stagedge/video-engineer-v1-25725461/?utm_campaign=google_jobs_apply&utm_source=google_jobs_apply&utm_medium=organic,"",""
0,"","LED Technician","Astound Group LLC","Las Vegas, NV","","",serpapi_google_jobs,https://tallo.com/talent/job/design-and-media/lighting-technician/nv/las-vegas/led-technician-dc0b1674?utm_campaign=google_jobs_apply&utm_source=google_jobs_apply&utm_medium=organic,"",""
0,"","Video Engineer: Full-time","Calvary Albuquerque Inc","Albuquerque, NM","","",serpapi_google_jobs,https://lensa.com/job-v1/calvary-albuquerque/albuquerque-nm/video-engineer-full-time/60c1a84cc83959ec4642895386f2e0bf?utm_campaign=google_jobs_apply&utm_source=google_jobs_apply&utm_medium=organic,"","2026-04-23"
0,"","Video Engineer","Epic","Sunnyvale, CA","","",serpapi_google_jobs,https://www.linkedin.com/jobs/view/video-engineer-at-epic-4415979039?utm_campaign=google_jobs_apply&utm_source=google_jobs_apply&utm_medium=organic,"","2026-05-19"
0,"","Video Engineer","Epic","South Bend, IN","","",serpapi_google_jobs,https://www.linkedin.com/jobs/view/video-engineer-at-epic-4415973197?utm_campaign=google_jobs_apply&utm_source=google_jobs_apply&utm_medium=organic,"","2026-05-19"
0,"","Video Engineer","Epic","Killeen, TX","","",serpapi_google_jobs,https://www.linkedin.com/jobs/view/video-engineer-at-epic-4415959858?utm_campaign=google_jobs_apply&utm_source=google_jobs_apply&utm_medium=organic,"","2026-05-19"
0,"","Video Engineer","Epic","Plano, TX","","",serpapi_google_jobs,https://www.linkedin.com/jobs/view/video-engineer-at-epic-4415964429?utm_campaign=google_jobs_apply&utm_source=google_jobs_apply&utm_medium=organic,"","2026-05-19"
0,"","Projection Technician — Digital Cinema Maintenance","Cinema West Inc.","El Segundo, CA","","",serpapi_google_jobs,https://www.whatjobs.com/jobs/projection-technician-digital-cinema/el-segundo-california?id=2627886494&utm_campaign=google_jobs_apply&utm_source=google_jobs_apply&utm_medium=organic,"","2026-05-15"
0,"","Video Engineer","Epic","New Haven, CT","","",serpapi_google_jobs,https://www.linkedin.com/jobs/view/video-engineer-at-epic-4415966411?utm_campaign=google_jobs_apply&utm_source=google_jobs_apply&utm_medium=organic,"","2026-05-19"
0,"","Live Events Tech Director: Onsite Leadership & Innovation","System One","United States","","",serpapi_google_jobs,https://talents.vaia.com/companies/system-one/live-events-tech-director-onsite-leadership-innovation-74173872/?utm_campaign=google_jobs_apply&utm_source=google_jobs_apply&utm_medium=organic,"",""
0,"","Technical Director – Theatre & Live Events","Illinois Park and Recreation Association","United States","","60K–68K a year",serpapi_google_jobs,https://talents.vaia.com/companies/illinois-park-and-recreation-association/technical-director-theatre-live-events-77292823/?utm_campaign=google_jobs_apply&utm_source=google_jobs_apply&utm_medium=organic,"",""
0,"","Technical Director / Production Technician","WeatherNation TV","Englewood, CO","","3,467–4,333 a month",serpapi_google_jobs,https://bebee.com/us/jobs/technical-director-production-technician-weathernation-tv-englewood-co--theirstack-668155814?utm_campaign=google_jobs_apply&utm_source=google_jobs_apply&utm_medium=organic,"","2026-04-21"
0,"","Event Technician","OC Sports & Entertainment, LLC","United States","","",serpapi_google_jobs,https://anaheimducks.wd5.myworkdayjobs.com/en-US/AllCo/job/Grove-of-Anaheim/Event-Technician_R-2026-152-1?utm_campaign=google_jobs_apply&utm_source=google_jobs_apply&utm_medium=organic,"","2026-04-27"
0,"","Live Production Operations Specialist","500 WP Company LLC","United States","","",serpapi_google_jobs,https://washpost.wd5.myworkdayjobs.com/en-US/washingtonpostcareers/job/Production-Engineer_JR-90275731?utm_campaign=google_jobs_apply&utm_source=google_jobs_apply&utm_medium=organic,"","2026-05-18"
0,"","Stage Manager","Melody Musical Theater Group","Westminster, CO","","",serpapi_google_jobs,https://www.coloradotheatreguild.org/job/melody-musical-theater-group-joanna-ramsey-theater-at-wesminster-public-high-school-33-stage-manager/?utm_campaign=google_jobs_apply&utm_source=google_jobs_apply&utm_medium=organic,"","2026-04-21"
0,"","Stagehand","Summit Music Hall","Denver, CO","","18.29–20.00 an hour",serpapi_google_jobs,https://www.entertainmentcareers.net/summit-music-hall/stagehand/job/502405/?utm_campaign=google_jobs_apply&utm_source=google_jobs_apply&utm_medium=organic,"","2026-05-03"
0,"","Stage Manager","Nexstar Media Inc.","United States","","",serpapi_google_jobs,https://nexstar.wd5.myworkdayjobs.com/en-US/nexstar/job/Stage-Manager_REQ-41202?utm_campaign=google_jobs_apply&utm_source=google_jobs_apply&utm_medium=organic,"","2026-04-26"
0,"","Civic Center Stagehand (Part Time)","CITY OF CHEYENNE","Cheyenne, WY","","15.00–18.50 an hour",serpapi_google_jobs,https://www.paycomonline.net/v4/ats/web.php/portal/C6E4DB03F6E598E0CD3297D232112011/jobs/185594?utm_campaign=google_jobs_apply&utm_source=google_jobs_apply&utm_medium=organic,"",""
0,"","Stagehand- Summit","Live Nation","Denver, CO","","18.29–20.00 an hour",serpapi_google_jobs,https://www.showbizjobs.com/jobs/live-nation-stagehand-summit-in-denver/jid-k22o6q?utm_campaign=google_jobs_apply&utm_source=google_jobs_apply&utm_medium=organic,"",""
0,"","Seasonal Stage Manager","Sea World Of Florida LLC","United States","","",serpapi_google_jobs,https://seaworldentertainment.wd1.myworkdayjobs.com/en-US/SEA/job/Seasonal-Stage-Manager_JR132370?utm_campaign=google_jobs_apply&utm_source=google_jobs_apply&utm_medium=organic,"","2026-05-13"
0,"","Live Event & Production Crew Positions - Stagehand - SoCal","Rockforce","United States","","24–26 an hour",serpapi_google_jobs,https://www.glassdoor.com/job-listing/live-event-production-crew-positions-stagehand-socal-rockforce-construction-JV_KO0,52_KE53,75.htm?jl=1009999415145&utm_campaign=google_jobs_apply&utm_source=google_jobs_apply&utm_medium=organic,"","2026-05-14"
0,"","Stage Manager - Theater for Kids Until Filled Denver, CO at Connect The Arts Denver, CO","Connect The Arts","Denver, CO","","",serpapi_google_jobs,https://denahaffner.com/apply/job/stage-manager-theater-for-kids-until-filled-denver-co-at-connect-the-arts-denver-co-cDNqd25CS3N2UDhPbmhoSmtISTRFWG5YNUE9PQ==?utm_campaign=google_jobs_apply&utm_source=google_jobs_apply&utm_medium=organic,"","2026-04-28"
0,"","Assistant Stage Manager | Meow Wolf Phenomenomaly at RWS Global Aurora, CO","RWS Global","Aurora, CO","","37 an hour",serpapi_google_jobs,https://thejaipurloom.com/work-opportunities/job/assistant-stage-manager-meow-wolf-phenomenomaly-at-rws-global-aurora-co-SnNhZE5JQm1nSHFUSGhaejVienh0TjRhYWc9PQ==?utm_campaign=google_jobs_apply&utm_source=google_jobs_apply&utm_medium=organic,"","2026-05-13"
0,"","Theatrical Services Stagehand Labor Supervisor","Legends Global","Denver, CO","","",serpapi_google_jobs,https://www.tealhq.com/job/theatrical-services-stagehand-labor-supervisor_7ea1a6a187a3a4b5e1758130eff7c96cfebff?utm_campaign=google_jobs_apply&utm_source=google_jobs_apply&utm_medium=organic,"",""
0,"","Part-Time Broadcast Operations Technician (Studio & Remote)","Wisconsin Broadcasters Association","Milwaukee, WI","","60K–80K a year",serpapi_google_jobs,https://www.jobleads.com/us/job/part-time-broadcast-operations-technician-studio-remote--milwaukee--e41cd5c08b8d3ea035ada25281cb33cce?utm_campaign=google_jobs_apply&utm_source=google_jobs_apply&utm_medium=organic,"","2026-05-12"
0,"","Broadcast Operations Technician — Studio & Control","AAJA24","Milwaukee, WI","","",serpapi_google_jobs,https://talents.vaia.com/companies/aaja24/milwaukee/broadcast-operations-technician-studio-control-75412224/?utm_campaign=google_jobs_apply&utm_source=google_jobs_apply&utm_medium=organic,"",""
0,"","M365 Copilot Studio Engineer","Zurich Insurance","Schaumburg, IL","","",serpapi_google_jobs,https://talents.vaia.com/companies/zurich-insurance/schaumburg/m365-copilot-studio-engineer-70407273/?utm_campaign=google_jobs_apply&utm_source=google_jobs_apply&utm_medium=organic,"",""
0,"","Associate Studio Engineer","Whirlpool","Benton Harbor, MI","","",serpapi_google_jobs,https://jobs.whirlpool.com/careers/job/34401512192?utm_campaign=google_jobs_apply&utm_source=google_jobs_apply&utm_medium=organic,"","2026-05-18"
0,"","Broadcast and Technology Technician","WFYI","Indianapolis, IN","","",serpapi_google_jobs,https://bebee.com/us/jobs/broadcast-and-technology-technician-wfyi-indianapolis-indianapolis--techmap_us_Wfyi_a27ldyccmn2d?utm_campaign=google_jobs_apply&utm_source=google_jobs_apply&utm_medium=organic,"","2026-05-04"
0,"","Remote Broadcast Technician 15","Audacy","Illinois","","",serpapi_google_jobs,https://www.jobilize.com/job/us-il-all-cities-remote-broadcast-technician-15-audacy-hiring-now?utm_campaign=google_jobs_apply&utm_source=google_jobs_apply&utm_medium=organic,"","2026-05-11"
0,"","Live News Broadcast Technician | Control Room Pro","Fox Television Stations","Milwaukee, WI","","",serpapi_google_jobs,https://www.jobleads.com/us/job/live-news-broadcast-technician-control-room-pro--milwaukee--e9de1eb38cf0099c8b862e36854199011?utm_campaign=google_jobs_apply&utm_source=google_jobs_apply&utm_medium=organic,"","2026-05-19"
0,"","Podcast Studio Engineer & Editor (Full-Time, Chicago)","Chicago Podcast Studio","Chicago, IL","","",serpapi_google_jobs,https://trabajos.univision.com/empleo/23-14660_B0150852471296B4748E6FA4A5482557?utm_campaign=google_jobs_apply&utm_source=google_jobs_apply&utm_medium=organic,"","2026-05-06"
0,"","Broadcast Operations Technician","SiriusXM Radio, Inc.","United States","","74.5K–97.9K a year",serpapi_google_jobs,https://talents.vaia.com/companies/siriusxm-radio-inc/broadcast-operations-technician-24-7-studio-support-104300833/?utm_campaign=google_jobs_apply&utm_source=google_jobs_apply&utm_medium=organic,"","2026-05-06"
0,"","Media Broadcast Technician","Phaxis","Centennial, CO","","",serpapi_google_jobs,https://bebee.com/us/jobs/media-broadcast-technician-phaxis-centennial-co--theirstack-674079982?utm_campaign=google_jobs_apply&utm_source=google_jobs_apply&utm_medium=organic,"","2026-04-28"
0,"","Broadcast Engineer, KTNV","Scripps Broadcasting Holdings LLC","United States","","",serpapi_google_jobs,https://scripps.wd115.myworkdayjobs.com/en-US/Scripps_Careers/job/Broadcast-Engineer--KTNV_JR036430-2?utm_campaign=google_jobs_apply&utm_source=google_jobs_apply&utm_medium=organic,"","2026-05-12"
0,"","Broadcast Engineering","JotForm Inc","Englewood, CO","","",serpapi_google_jobs,https://jooble.org/rjdp/5049022502620282713?utm_campaign=google_jobs_apply&utm_source=google_jobs_apply&utm_medium=organic,"","2026-05-15"
0,"","Broadcast Technician","TVWAGA WAGA","United States","","",serpapi_google_jobs,https://fox.wd1.myworkdayjobs.com/en-US/FOXTVST_EAST/job/Broadcast-Technician_R50032448-1?utm_campaign=google_jobs_apply&utm_source=google_jobs_apply&utm_medium=organic,"","2026-04-30"
0,"","Broadcast Operations Center Engineer","CCB iHeartMedia + Entertainment, Inc. | MPG","Anywhere","","",serpapi_google_jobs,https://iheartmedia.wd5.myworkdayjobs.com/en-US/ihm_corporate_site/job/virtual-tx/broadcast-operations-center-engineer_req38201-2/apply/autofillWithResume?utm_campaign=google_jobs_apply&utm_source=google_jobs_apply&utm_medium=organic,"",""
0,"","Broadcast Technician - WTVR","Scripps Media, Inc.","United States","","",serpapi_google_jobs,https://scripps.wd115.myworkdayjobs.com/en-US/Scripps_Careers/job/Broadcast-Technician---WTVR--_JR036141-1?utm_campaign=google_jobs_apply&utm_source=google_jobs_apply&utm_medium=organic,"",""
0,"","Audio Studio Engineer","Iron Mountain","United States","","53K–66.3K a month",serpapi_google_jobs,https://bebee.com/us/jobs/audio-studio-engineer-iron-mountain--ss-us-k3u9dc?utm_campaign=google_jobs_apply&utm_source=google_jobs_apply&utm_medium=organic,"","2026-05-02"
0,"","Production Technician - Ford","Dynamic Manufacturing","Hillside, IL","","18.00–21.50 an hour",serpapi_google_jobs,https://www.breakroom.cc/en-us/jobs/listing/11741852-dynamic-manufacturing-production-technician-ford-hillside?utm_campaign=google_jobs_apply&utm_source=google_jobs_apply&utm_medium=organic,"",""
0,"","Production Technician - All Shifts","Dynamic Manufacturing","Hillside, IL","","18.00–21.50 an hour",serpapi_google_jobs,https://www.tealhq.com/job/production-technician_7ea1a9538e09f32d1c381ebd141633540f085?utm_campaign=google_jobs_apply&utm_source=google_jobs_apply&utm_medium=organic,"",""
0,"","Production Technician","Pentair","Burr Ridge, IL","","",serpapi_google_jobs,https://www.tealhq.com/job/production-technician_7ea1a8635588c75ffc4f234174778bab7c7fa?utm_campaign=google_jobs_apply&utm_source=google_jobs_apply&utm_medium=organic,"",""
0,"","Production Technician","Aerotek","Glendale Heights, IL","","19–23 an hour",serpapi_google_jobs,https://jobs.aerotek.com/ca/fr/job/JP-006034893/Production-Technician?utm_campaign=google_jobs_apply&utm_source=google_jobs_apply&utm_medium=organic,"","2026-05-18"
0,"","Production Technician 2nd Shift","Plastipak Careers","Alsip, IL","","",serpapi_google_jobs,https://www.tealhq.com/job/production-technician_7ea1a1048ed77ae7f6351b612a22041f33d57?utm_campaign=google_jobs_apply&utm_source=google_jobs_apply&utm_medium=organic,"",""
0,"","Production Technician","Fischer Paper Products Inc","Antioch, IL","","30–40 an hour",serpapi_google_jobs,https://jobs.factoryfix.com/jobs/production-technician--antioch--il--3362173909--V2?utm_campaign=google_jobs_apply&utm_source=google_jobs_apply&utm_medium=organic,"","2026-05-15"
0,"","Production Technician","RICHARD WOLF MEDICAL INSTRUMENTS CORPORATION","Vernon Hills, IL","","19.50–20.00 an hour",serpapi_google_jobs,https://www.tealhq.com/job/production-technician_7ea1a662dc03a1b9174982369f2355bf32e89?utm_campaign=google_jobs_apply&utm_source=google_jobs_apply&utm_medium=organic,"","2026-04-21"
0,"","Future Opportunities - Join Our Talent Pipeline for Production Technician I, II, III (Multiple Shifts)","AbbVie","North Chicago, IL","","",serpapi_google_jobs,https://jobs.smartrecruiters.com/AbbVie/3743990012923582-future-opportunities-join-our-talent-pipeline-for-production-technician-i-ii-iii-multiple-shifts-?utm_campaign=google_jobs_apply&utm_source=google_jobs_apply&utm_medium=organic,"","2026-04-30"
0,"","Production Technician","BestJobsOnline","Homewood, IL","","",serpapi_google_jobs,https://bebee.com/us/jobs/production-technician-bestjobsonline-homewood--jobmesh-085a1b51-1724-48e3-84f6-8bac545f5996?utm_campaign=google_jobs_apply&utm_source=google_jobs_apply&utm_medium=organic,"","2026-05-13"
0,"","Production Technician (Maintenance Focused) – Nutraceutical Manufacturing (Startup Environment)","ET Products LLC","Wood Dale, IL","","5,833 a month",serpapi_google_jobs,https://bebee.com/us/jobs/production-technician-maintenance-focused-nutraceutical-manufacturing-startup-environment-et-product--theirstack-667656781?utm_campaign=google_jobs_apply&utm_source=google_jobs_apply&utm_medium=organic,"","2026-04-21"
0,"","Entry Level Production Technician","Oculus Inc","Lakewood, CO","","21–23 an hour",serpapi_google_jobs,https://bebee.com/us/jobs/entry-level-production-technician-oculus-inc-lakewood-co--theirstack-665389371?utm_campaign=google_jobs_apply&utm_source=google_jobs_apply&utm_medium=organic,"","2026-04-22"
0,"","Production Technician","Purem Novi Inc","Lafayette, CO","","",serpapi_google_jobs,https://bebee.com/us/jobs/production-technician-purem-by-eberspacher-lafayette-co--theirstack-677775117?utm_campaign=google_jobs_apply&utm_source=google_jobs_apply&utm_medium=organic,"","2026-05-05"
0,"","Media Technician 26-27 School Year","Adams 12 Five Star Schools","Thornton, CO","","19.87–24.49 an hour",serpapi_google_jobs,https://www.ziprecruiter.com/c/Adams-12-Five-Star-Schools/Job/Media-Technician-26-27-School-Year/-in-Thornton,CO?jid=fe59ccde366275dc&utm_campaign=google_jobs_apply&utm_source=google_jobs_apply&utm_medium=organic,"","2026-05-11"
0,"","Production Technician","Ball","Golden, CO","","",serpapi_google_jobs,https://jobs.ball.com/corp_packaging/job/Golden-Production-Technician-CO-80403/1389057100/?utm_campaign=google_jobs_apply&utm_source=google_jobs_apply&utm_medium=organic,"","2026-05-06"
0,"","Production Technician","FIRST RF","Boulder, CO","","20–35 an hour",serpapi_google_jobs,https://talents.vaia.com/companies/first-rf/production-technician-16949017/?utm_campaign=google_jobs_apply&utm_source=google_jobs_apply&utm_medium=organic,"",""
0,"","Production Technician, M-F 7a-3:30p (Min $24/HR)","Coca-Cola","United States","","24 an hour",serpapi_google_jobs,https://www.glassdoor.com/job-listing/production-technician-mf-7a-3-30p-min-24-hr-the-coca-cola-company-JV_KO0,43_KE44,65.htm?jl=1010138568513&utm_campaign=google_jobs_apply&utm_source=google_jobs_apply&utm_medium=organic,"","2026-05-17"
0,"","Full-Time Production Technician I","Chae Organics","Walsenburg, CO","","15.25–17.50 an hour",serpapi_google_jobs,https://bebee.com/us/jobs/full-time-production-technician-i-chae-organics-walsenburg-co--theirstack-683907074?utm_campaign=google_jobs_apply&utm_source=google_jobs_apply&utm_medium=organic,"","2026-05-13"
0,"","Production Technician","Amrize","Colorado","","",serpapi_google_jobs,https://tallo.com/talent/job/engineering/manufacturing-or-production-technician/co/lafayette/production-technician-de935727?utm_campaign=google_jobs_apply&utm_source=google_jobs_apply&utm_medium=organic,"","2026-05-16"
0,"","Production Technician- $20–$24/hr DOE - Multiple Shifts Available","Nexus Staffing LLC","Golden, CO","","20–24 an hour",serpapi_google_jobs,https://www.indeed.com/viewjob?jk=ed3c0227abff42ec&utm_campaign=google_jobs_apply&utm_source=google_jobs_apply&utm_medium=organic,"",""
0,"","Production Technician (3rd shift) - Full-time","ZF","Mack, CO","","",serpapi_google_jobs,https://www.snagajob.com/jobs/1174244295?utm_campaign=google_jobs_apply&utm_source=google_jobs_apply&utm_medium=organic,"","2026-05-20"
0,"","RF Technician-3rd Shift","RTX","McKinney, TX","","",serpapi_google_jobs,https://careers.rtx.com/global/en/job/01842594/RF-Technician-3rd-Shift?utm_campaign=google_jobs_apply&utm_source=google_jobs_apply&utm_medium=organic,"","2026-05-18"
0,"","RF Technician","Frequency Electronics, Inc.","Old Field, NY","","",serpapi_google_jobs,https://www.jobleads.com/us/job/rf-technician--village-of-old-field--e6b336ab131cd76f4844c6049c8c31643?utm_campaign=google_jobs_apply&utm_source=google_jobs_apply&utm_medium=organic,"","2026-05-06"
0,"","RF Technician","Bering Straits Native Corporation","Anchorage, AK","","",serpapi_google_jobs,https://earnbetter.com/app/job/01KG3QPZJ0XDTZ0NV8ZD8K3SM3/?utm_campaign=google_jobs_apply&utm_source=google_jobs_apply&utm_medium=organic,"",""
0,"","RF Technician","Randstad USA","Chatsworth, CA","","83.2K–125K a year",serpapi_google_jobs,https://www.randstadusa.com/jobs/308/ab_4947267/rf-technician_chatsworth/?utm_campaign=google_jobs_apply&utm_source=google_jobs_apply&utm_medium=organic,"","2026-05-18"
0,"","Wireless RF Technician I - (Anchorage, AK)","GCI","Anchorage, AK","","",serpapi_google_jobs,https://edqv.fa.us2.oraclecloud.com/hcmUI/CandidateExperience/en/sites/CX/job/21003492/?utm_campaign=google_jobs_apply&utm_source=google_jobs_apply&utm_medium=organic,"","2026-05-04"
0,"","RF Technician / Engineer","Research and Development Solutions, Inc","North Kingstown, RI","","",serpapi_google_jobs,https://jobs.stevenagefc.com/jobs/rf-technician-engineer-north-kingstown-rhode-island/2770059415-2/?utm_campaign=google_jobs_apply&utm_source=google_jobs_apply&utm_medium=organic,"","2026-05-13"
0,"","RF Technician","U.S. Dynamics Corporation","Amityville, NY","","72K–115K a year",serpapi_google_jobs,https://recruiting.paylocity.com/recruiting/jobs/Details/3687045/US-Dynamics-Corporation/RF-Technician?utm_campaign=google_jobs_apply&utm_source=google_jobs_apply&utm_medium=organic,"",""
0,"","RF Technician","Frequency Electronics, Inc","New York, NY","","60K–70K a year",serpapi_google_jobs,https://jobs.gogpac.com/gpac/search/Vacancy/all/2153/504760971?utm_campaign=google_jobs_apply&utm_source=google_jobs_apply&utm_medium=organic,"",""
0,"","RF Technician","TSC","Huntsville, AL","","",serpapi_google_jobs,https://www.tealhq.com/job/rf-technician_7ea1a39125ecb39ae033956224c5af537f65a?utm_campaign=google_jobs_apply&utm_source=google_jobs_apply&utm_medium=organic,"","2026-04-23"
0,"","Electronics Technician (RF Technician)","Eastern Communications","Virginia","","",serpapi_google_jobs,https://www.whatjobs.com/jobs/electronics-technician-rf-technician/virginia?id=2728267484&utm_campaign=google_jobs_apply&utm_source=google_jobs_apply&utm_medium=organic,"","2026-05-18"
0,"","Low Voltage Technician","Western States Fire Protection Company","Fort Collins, CO","","25–40 an hour",serpapi_google_jobs,https://bebee.com/us/jobs/low-voltage-technician-bluguard-fort-collins-co--theirstack-670283675?utm_campaign=google_jobs_apply&utm_source=google_jobs_apply&utm_medium=organic,"","2026-05-15"
0,"","Low Voltage Technician","Security and Sound Design","Windsor, CO","","20–30 an hour",serpapi_google_jobs,https://bebee.com/us/jobs/low-voltage-technician-security-and-sound-design-windsor-co--theirstack-673793262?utm_campaign=google_jobs_apply&utm_source=google_jobs_apply&utm_medium=organic,"","2026-04-29"
0,"","Low Voltage Technician","Ontivity LLC","Aurora, CO","","20–28 an hour",serpapi_google_jobs,https://bebee.com/us/jobs/low-voltage-technician-ontivity-aurora-co--theirstack-669239264?utm_campaign=google_jobs_apply&utm_source=google_jobs_apply&utm_medium=organic,"","2026-05-05"
0,"","Low Voltage Technician in Colorado Springs","Energy Jobline ZR","Colorado Springs, CO","","",serpapi_google_jobs,https://www.energyjobline.com/job/low-voltage-technician-colorado-springs-30552944?utm_campaign=google_jobs_apply&utm_source=google_jobs_apply&utm_medium=organic,"","2026-05-18"
0,"","LOW VOLTAGE TECHNICIAN","Brycon Corporation","Rio Rancho, NM","","",serpapi_google_jobs,https://tallo.com/talent/job/maintenance-and-repair/alarm-or-security-system-technician/nm/rio-rancho/low-voltage-technician-a4f8c0ab?utm_campaign=google_jobs_apply&utm_source=google_jobs_apply&utm_medium=organic,"",""
0,"","Low Voltage Technician","EquipmentShare","Fort Lupton, CO","","20–30 an hour",serpapi_google_jobs,https://www.equipmentshare.com/careers/openings/7913454/low-voltage-technician-at-north-denver-co?utm_campaign=google_jobs_apply&utm_source=google_jobs_apply&utm_medium=organic,"","2026-05-11"
0,"","Low Voltage Technician","IntelliSource","Grand Junction, CO","","26–51 an hour",serpapi_google_jobs,https://www.theladders.com/job/low-voltage-technician-walmart-grand-junction-co_86123012?utm_campaign=google_jobs_apply&utm_source=google_jobs_apply&utm_medium=organic,"","2026-05-18"
0,"","Audio/Video and Low Voltage Technician","High Country Low Voltage","Colorado","","25–45 an hour",serpapi_google_jobs,https://www.indeed.com/viewjob?jk=504bfde95d018900&utm_campaign=google_jobs_apply&utm_source=google_jobs_apply&utm_medium=organic,"",""
0,"","Maintenance Low Voltage Technician","CML Security","Broomfield, CO","","25–50 an hour",serpapi_google_jobs,https://www.whatjobs.com/jobs/maintenance-low-voltage-technician/broomfield-colorado?id=2640853767&utm_campaign=google_jobs_apply&utm_source=google_jobs_apply&utm_medium=organic,"","2026-05-19"
0,"",""Entry Level" Field Low Voltage Technician","TEKsystems","Colorado Springs, CO","","",serpapi_google_jobs,https://tallo.com/talent/job/maintenance-and-repair/satellite-or-broadband-technician/co/colorado-springs/entry-level-field-low-voltag-6eff1cff?utm_campaign=google_jobs_apply&utm_source=google_jobs_apply&utm_medium=organic,"",""
0,"","Venue Technician - Denver","F1 Arcade","Commerce City, CO","","19–23 an hour",serpapi_google_jobs,https://www.adzuna.com/details/5725545022?utm_campaign=google_jobs_apply&utm_source=google_jobs_apply&utm_medium=organic,"","2026-05-10"
0,"","Broadcast Liaison Replay Operator","NASCAR","Santa Fe, NM","","",serpapi_google_jobs,https://www.ziprecruiter.com/c/NASCAR/Job/Broadcast-Liaison-Replay-Operator/-in-Santa-Fe,NM?jid=3e85bea69df26af3&utm_campaign=google_jobs_apply&utm_source=google_jobs_apply&utm_medium=organic,"","2026-05-17"
0,"","Venue Technician","Warner Bros. Discovery","United States","","42K–60K a year",serpapi_google_jobs,https://talents.vaia.com/companies/warner-bros-discovery/venue-technician-82136076/?utm_campaign=google_jobs_apply&utm_source=google_jobs_apply&utm_medium=organic,"",""
0,"","Broadcast Liaison Replay Operator","NASCAR Event Management, LLC","United States","","",serpapi_google_jobs,https://nascar.wd1.myworkdayjobs.com/en-US/NASCAR/job/Broadcast-Liaison-Replay-Operator_JR14091?utm_campaign=google_jobs_apply&utm_source=google_jobs_apply&utm_medium=organic,"","2026-04-30"
0,"","Venue Technician- Entertainment & Restaurant Opening Team!","Level99 Entertainment","United States","","",serpapi_google_jobs,https://us.jobsora.com/job-49448908976?utm_campaign=google_jobs_apply&utm_source=google_jobs_apply&utm_medium=organic,"","2026-05-09"
0,"","Operations Venue Technician II, (Background in Construction, Concrete, Electrical, Heavy Machinery)","Guardian Centers of Georgia,LLC","United States","","3,813–4,160 a month",serpapi_google_jobs,https://bebee.com/us/jobs/operations-venue-technician-ii-background-in-construction-concrete-electrical-heavy-machinery-guardi--theirstack-670829279?utm_campaign=google_jobs_apply&utm_source=google_jobs_apply&utm_medium=organic,"","2026-04-24"
0,"","Venue Technician: AV & Racing Simulator Expert","F1® Arcade","Denver, CO","","19–23 an hour",serpapi_google_jobs,https://www.learn4good.com/jobs/denver/colorado/info_technology/5101238851/e/?utm_campaign=google_jobs_apply&utm_source=google_jobs_apply&utm_medium=organic,"","2026-05-15"
0,"","**Experienced Media Replay Operator I – Studio Operations – Work From Home Opportunity at arenaflex**","Production Tasks","Anywhere","","44,177–50,832 a year",serpapi_google_jobs,https://jobspawn.liveblog365.com/job/experienced-media-replay-operator-i-studio-operations-work-from-home-opportunity-at-arenaflex-2?utm_campaign=google_jobs_apply&utm_source=google_jobs_apply&utm_medium=organic,"","2026-05-02"
0,"","Master Electrician","University of Denver","Denver, CO","","",serpapi_google_jobs,https://www.higheredjobs.com/state/details.cfm?JobCode=179448984&Title=Master+Electrician&utm_campaign=google_jobs_apply&utm_source=google_jobs_apply&utm_medium=organic,"","2026-05-20"
0,"","Master Electrician","Crusoe","Brighton, CO","","45–49 an hour",serpapi_google_jobs,https://jobs.ashbyhq.com/Crusoe/a4059884-8ed8-4903-9819-465ccb58c47f?utm_campaign=google_jobs_apply&utm_source=google_jobs_apply&utm_medium=organic,"","2026-05-13"
0,"","Master Electrician","Mister Sparky","Manitou Springs, CO","","35–50 an hour",serpapi_google_jobs,https://lensa.com/job-v1/mister-sparky/manitou-springs-co/master-electrician/49ad9e108580dd8d4cda04daedd8c150?utm_campaign=google_jobs_apply&utm_source=google_jobs_apply&utm_medium=organic,"",""
0,"","Journeyman and Master Electrician needed!","That's Fine, LLC","Welby, CO","","70K–130K a year",serpapi_google_jobs,https://bebee.com/us/jobs/journeyman-and-master-electrician-needed-thats-fine-welby-co--theirstack-683775512?utm_campaign=google_jobs_apply&utm_source=google_jobs_apply&utm_medium=organic,"","2026-05-13"
0,"","Graphics Operator II","C961 FieldTurf USA Inc.","United States","","",serpapi_google_jobs,https://tarkett.wd3.myworkdayjobs.com/sv-SE/Tarkett_Careers/job/United-States-Calhoun-GA/Graphics-Operator-II_R2026050028?utm_campaign=google_jobs_apply&utm_source=google_jobs_apply&utm_medium=organic,"","2026-05-06"
0,"","Master Electrician","HomeServe Energy Services","Englewood, CO","","",serpapi_google_jobs,https://www.breakroom.cc/en-us/jobs/listing/37132326-home-instead-master-electrician-6675-s-kenton-st-englewood?utm_campaign=google_jobs_apply&utm_source=google_jobs_apply&utm_medium=organic,"","2026-05-07"
0,"","Licensed Master Electrician","Patriot Enterprises","Castle Rock, CO","","130K a year",serpapi_google_jobs,https://www.tradesmenup.com/jobs/230481699-licensed-master-electrician?utm_campaign=google_jobs_apply&utm_source=google_jobs_apply&utm_medium=organic,"","2026-05-15"
0,"","Master Electrician","Mister Sparky of Colorado Springs, CO","Colorado Springs, CO","","35–50 an hour",serpapi_google_jobs,https://mister-sparky-careers.careerplug.com/jobs/2475427?utm_campaign=google_jobs_apply&utm_source=google_jobs_apply&utm_medium=organic,"",""
0,"","Master Electrician (2 positions) Facilities","Greeley-Evans School District 6","Greeley, CO","","5,547–8,840 a month",serpapi_google_jobs,https://bebee.com/us/jobs/master-electrician-2-positions-facilities-greeley-evans-school-district-6-greeley-co--theirstack-663760783?utm_campaign=google_jobs_apply&utm_source=google_jobs_apply&utm_medium=organic,"",""
0,"","Master Electrician (Silent-Aire)","Johnson Controls, Inc.","Cheyenne, WY","","",serpapi_google_jobs,https://talents.vaia.com/companies/johnson-controls-inc/master-electrician-silent-aire-41359894/?utm_campaign=google_jobs_apply&utm_source=google_jobs_apply&utm_medium=organic,"",""
0,"","Senior Video Creative Director","Bloomberg","","Tier 2 — Finance","",career_page,https://bloomberg.avature.net/careers/JobDetail/Senior-Video-Creative-Director/19862,"",""
0,"","Vertical Video Producer/Editor, Bloomberg Opinion – 12 Month Contract","Bloomberg","","Tier 2 — Finance","",career_page,https://bloomberg.avature.net/careers/JobDetail/Vertical-Video-Producer-Editor-Bloomberg-Opinion-12-Month-Contract/19846,"",""
0,"","Production Assistant, Contract","Bloomberg","","Tier 2 — Finance","",career_page,https://bloomberg.avature.net/careers/JobDetail/Production-Assistant-Contract/19823,"",""
0,"","Live events Audio and Video Support Technician","LUXAV","Chicago, Illinois","","$18 - $25 (hourly)",jobspy_indeed,https://www.indeed.com/viewjob?jk=16ab03442cc861bb,"","2026-05-17"
0,"","AV Commissioning Technician - Videoboards","Musco Sports Lighting","Chicago, Illinois","","",jobspy_indeed,https://www.indeed.com/viewjob?jk=75cd2f2690586d42,"","2026-05-15"
0,"","Audio Visual Technician","Ids","Chicago, Illinois","","$19 - $30 (hourly)",jobspy_indeed,https://www.indeed.com/viewjob?jk=a93cf692da4632c7,"","2026-05-15"
0,"","Hybrid Technical Lead (Part-time as Needed)","Freeman","Chicago, Illinois","","$20 - $35 (hourly)",jobspy_indeed,https://www.indeed.com/viewjob?jk=a54b3a5e6d6a0846,"","2026-05-14"
0,"","Audio Visual & Event Supervisor","Arbor Lodging","Chicago, Illinois","","$23 - $25 (hourly)",jobspy_indeed,https://www.indeed.com/viewjob?jk=71048132f0f32189,"","2026-05-14"
0,"","Audio Editor, NY Sports Newsroom - Part Time","SiriusXM","New York, New York","","",jobspy_indeed,https://www.indeed.com/viewjob?jk=aca9fc26fd8d8080,"","2026-05-20"
0,"","Audio Editor, NY Sports Newsroom - Part Time","adswizz","New York, New York","","",jobspy_indeed,https://www.indeed.com/viewjob?jk=03578a85ea75c86d,"","2026-05-20"
0,"","2026 Summer Programs – Audio Team (Sound Designer / A1 & A2 Positions) – ASAP","Vanguard Theater Summerstock Sleepaway","New York, New York","","$750 - $2,000 (monthly)",jobspy_indeed,https://www.indeed.com/viewjob?jk=2119a119ecde0a12,"","2026-05-20"
0,"","Live Asst Tech 1-NY","Hard Rock Cafe New York","New York, New York","","",jobspy_indeed,https://www.indeed.com/viewjob?jk=b1213f470bb2b88a,"","2026-05-19"
0,"","Site Lead AV Technician","York Telecom Corporation","New York, New York","","$68,000 - $75,000 (yearly)",jobspy_indeed,https://www.indeed.com/viewjob?jk=907347f24826590c,"","2026-05-19"
0,"","Site Lead AV Technician","Yorktel","New York, New York","","",jobspy_indeed,https://www.indeed.com/viewjob?jk=299c1c484645c58b,"","2026-05-19"
0,"","Radio Board Operator","Red Apple Group","New York, New York","","$26 - $30 (hourly)",jobspy_indeed,https://www.indeed.com/viewjob?jk=1da20b4f222fd3e5,"","2026-05-19"
0,"","Event Services Technician - Audio Visual, Event Technology","Pinnacle Live","New York, New York","","$24 - $26 (hourly)",jobspy_indeed,https://www.indeed.com/viewjob?jk=e44f6ae45e8e7e7e,"","2026-05-18"
0,"","AV Installation Technician 3","AVI-SPL","New York, New York","","$30 - $40 (hourly)",jobspy_indeed,https://www.indeed.com/viewjob?jk=d1c7df1592733730,"","2026-05-15"
0,"","AV Installation Technician 2","AVI-SPL","New York, New York","","$27 - $35 (hourly)",jobspy_indeed,https://www.indeed.com/viewjob?jk=0822ecb43de2023a,"","2026-05-15"
0,"","AudioVisual Event Technician - Part-Time - New York City (Midtown), NY (105)","Five-Star Audio Visual","New York, New York","","$23 - $26 (hourly)",jobspy_indeed,https://www.indeed.com/viewjob?jk=3a005486c5cdf84a,"","2026-05-15"
0,"","AV/VC Technician II","Milestone Technologies","New York, New York","","$36 - $40 (hourly)",jobspy_indeed,https://www.indeed.com/viewjob?jk=0f533e16561cd526,"","2026-05-15"
0,"","Telecommunications Assistant (Broadcast and Conference Operations Technician), G6","United Nations","New York, New York","","",jobspy_indeed,https://www.indeed.com/viewjob?jk=38c698d68bb83a18,"","2026-05-14"
0,"","AV/Paging Service Technician","Mason Technologies Inc","New York, New York","","$35 - $45 (hourly)",jobspy_indeed,https://www.indeed.com/viewjob?jk=f03ccf1f3e39e2e6,"","2026-05-14"
0,"","Software Dev Engineer II, Audio + Podcast Ads","Amazon.com","New York, New York","","$158,100 - $213,800 (yearly)",jobspy_indeed,https://www.indeed.com/viewjob?jk=09b7e993fc917df7,"","2026-05-12"
0,"","Audio/Visual Technicians - Paid Events","Jackson School District","New York, New York","","",jobspy_indeed,https://www.indeed.com/viewjob?jk=d0f2af3df0ebdba7,"","2026-05-11"
0,"","Audiovisual Data Technician","Long Island University","New York, New York","","",jobspy_indeed,https://www.indeed.com/viewjob?jk=25411146056e0ec9,"","2026-04-30"
0,"","Senior Software Engineer - AV Labs","Uber","San Francisco, California","","$202,000 - $224,000 (yearly)",jobspy_indeed,https://www.indeed.com/viewjob?jk=5ba5c75f48266792,"","2026-05-20"
0,"","Audio Mechanical Design Engineer (Multiple Openings)","Sigma Group","San Francisco, California","","$158,995 - $161,100 (yearly)",jobspy_indeed,https://www.indeed.com/viewjob?jk=fdc46023fe9a674d,"","2026-05-20"
0,"","Acoustic Measurement Engineer (Multiple Openings)","Sigma Group","San Francisco, California","","$148,200 - $153,840 (yearly)",jobspy_indeed,https://www.indeed.com/viewjob?jk=3d5784cec3dfe707,"","2026-05-20"
0,"","Sr. Audio Software Engineer, Vision Products Group","Apple","San Francisco, California","","$201,300 - $367,400 (yearly)",jobspy_indeed,https://www.indeed.com/viewjob?jk=8d834b15c9400f42,"","2026-05-19"
0,"","Acoustic Engineer - AirPods","Apple","San Francisco, California","","$147,400 - $272,100 (yearly)",jobspy_indeed,https://www.indeed.com/viewjob?jk=79c18462cfcfba29,"","2026-05-19"
0,"","Algorithm Engineer, Home and Audio Devices","Apple","San Francisco, California","","$147,400 - $272,100 (yearly)",jobspy_indeed,https://www.indeed.com/viewjob?jk=20d0fd15dff05c18,"","2026-05-19"
0,"","Software Engineer, Audio & Media Technologies","Apple","San Francisco, California","","$147,400 - $272,100 (yearly)",jobspy_indeed,https://www.indeed.com/viewjob?jk=16544357f48a69fa,"","2026-05-19"
0,"","Acoustics Transducer Engineer","Apple","San Francisco, California","","$147,400 - $272,100 (yearly)",jobspy_indeed,https://www.indeed.com/viewjob?jk=295208166a45facd,"","2026-05-19"
0,"","Acoustic Engineer - iPad, Mac & Home Acoustics","Apple","San Francisco, California","","$147,400 - $272,100 (yearly)",jobspy_indeed,https://www.indeed.com/viewjob?jk=7a116e92ef80cd1f,"","2026-05-19"
0,"","Platform Software Engineer, Audio Software Integration","Apple","San Francisco, California","","$147,400 - $272,100 (yearly)",jobspy_indeed,https://www.indeed.com/viewjob?jk=8c0dbdd70b96de04,"","2026-05-19"
0,"","Software Engineer, Connected Audio, Sensing & Connectivity","Apple","San Francisco, California","","$147,400 - $272,100 (yearly)",jobspy_indeed,https://www.indeed.com/viewjob?jk=78507a918f00459c,"","2026-05-19"
0,"","Embedded Firmware Engineer - Image Signal Processor (ISP)","Apple","San Francisco, California","","$147,400 - $272,100 (yearly)",jobspy_indeed,https://www.indeed.com/viewjob?jk=2d60b000e881d97c,"","2026-05-20"
0,"","Machine Learning Engineer and Computer Visions Engineer, Vision Products Group","Apple","San Francisco, California","","$147,400 - $272,100 (yearly)",jobspy_indeed,https://www.indeed.com/viewjob?jk=38e5e02817d17221,"","2026-05-20"
0,"","iOS Engineer-Apple TV","Apple","San Francisco, California","","$147,400 - $272,100 (yearly)",jobspy_indeed,https://www.indeed.com/viewjob?jk=aeeb1a5e723c9518,"","2026-05-19"
0,"","Acoustic Testing and Tuning Engineer - Hearing Health","Apple","San Francisco, California","","$126,797 - $220,900 (yearly)",jobspy_indeed,https://www.indeed.com/viewjob?jk=ee26af429fccb1b7,"","2026-05-19"
0,"","Advanced Manufacturing Engineer - Audio","Apple","San Francisco, California","","$107,800 - $193,800 (yearly)",jobspy_indeed,https://www.indeed.com/viewjob?jk=c961216162f0cfea,"","2026-05-19"
0,"","Audio PD Engineer","Apple","San Francisco, California","","$212,000 - $318,400 (yearly)",jobspy_indeed,https://www.indeed.com/viewjob?jk=533a984d7ef53322,"","2026-05-19"
0,"","Senior Video Standards Engineer, Audio & Media Technologies","Apple","San Francisco, California","","$181,100 - $318,400 (yearly)",jobspy_indeed,https://www.indeed.com/viewjob?jk=04e6d81f05c86fc8,"","2026-05-19"
0,"","Cartography and Display Tools Engineer","Apple","San Francisco, California","","$181,100 - $318,400 (yearly)",jobspy_indeed,https://www.indeed.com/viewjob?jk=95e48e2c2a31e257,"","2026-05-19"
0,"","Industrial Designer","Apple","San Francisco, California","","$181,100 - $318,400 (yearly)",jobspy_indeed,https://www.indeed.com/viewjob?jk=ff1918789ce02614,"","2026-05-19"
0,"","3D Game Artist - Platform Architecture","Apple","San Francisco, California","","$181,100 - $318,400 (yearly)",jobspy_indeed,https://www.indeed.com/viewjob?jk=03aa98307d0cdb21,"","2026-05-19"
0,"","Video and Imaging Software Engineer, Vision Products Group","Apple","San Francisco, California","","$181,100 - $318,400 (yearly)",jobspy_indeed,https://www.indeed.com/viewjob?jk=a1b894fd6921a09a,"","2026-05-19"
0,"","Research Engineer - Video Tone Mapping","Apple","San Francisco, California","","$181,100 - $318,400 (yearly)",jobspy_indeed,https://www.indeed.com/viewjob?jk=21c04e853535bde3,"","2026-05-19"
0,"","Sr. Media Applications Engineer, Media, Graphics & Compute Technologies","Apple","San Francisco, California","","$181,100 - $318,400 (yearly)",jobspy_indeed,https://www.indeed.com/viewjob?jk=0b6cffa140ba8100,"","2025-08-21"
0,"","On-Device ML Infrastructure Engineer (CoreML Runtime), Graphics, Games and Machine Learning","Apple","San Francisco, California","","$181,100 - $318,400 (yearly)",jobspy_indeed,https://www.indeed.com/viewjob?jk=a92f50e8dca6dbd7,"","2026-05-19"
0,"","Embedded Drivers Engineer, Audio & Media Technologies","Apple","San Francisco, California","","$126,800 - $220,900 (yearly)",jobspy_indeed,https://www.indeed.com/viewjob?jk=37e73586320ed521,"","2026-05-19"
0,"","Machine Learning Video Processing Engineer","Apple","San Francisco, California","","$126,800 - $190,900 (yearly)",jobspy_indeed,https://www.indeed.com/viewjob?jk=a62d6d8220c29b66,"","2026-05-20"
0,"","Quality Assurance Engineer - Audio, Hardware-Technology & Architecture","Amazon.com","San Francisco, California","","$131,000 - $185,000 (yearly)",jobspy_indeed,https://www.indeed.com/viewjob?jk=df76d57bb6be4308,"","2026-05-14"
0,"","AIML - Machine Learning Engineer - Computer Vision & Audio, MIND","Apple","Seattle, Washington","","$139,500 - $258,100 (yearly)",jobspy_indeed,https://www.indeed.com/viewjob?jk=1941f6aaab109b1c,"","2026-05-19"
0,"","Lead Service Installation Technician- AV and Smart Home Systems","AV Smart Solutions","Seattle, Washington","","$28 - $37 (hourly)",jobspy_indeed,https://www.indeed.com/viewjob?jk=0a4745b11960a9a1,"","2026-05-19"
0,"","CONTRACT - Associate Engineer, Audio (NTD)","Nintendo","Seattle, Washington","","$50 - $81 (hourly)",jobspy_indeed,https://www.indeed.com/viewjob?jk=f0438d9055627c02,"","2026-05-19"
0,"","Audio Visual Integration Technician","CTI","Seattle, Washington","","$22 - $40 (hourly)",jobspy_indeed,https://www.indeed.com/viewjob?jk=95e134e726684354,"","2026-05-18"
0,"","Lead Sound Technician/A2","Village Theatre","Seattle, Washington","","",jobspy_indeed,https://www.indeed.com/viewjob?jk=133c7b2b98e1afcb,"","2026-05-18"
0,"","Lead Audio Visual Field Technician","EOS IT Solutions","Seattle, Washington","","$80,000 - $110,000 (yearly)",jobspy_indeed,https://www.indeed.com/viewjob?jk=1a9a6c5ba2638a5f,"","2026-05-18"
0,"","Tier 2 Audio Visual Field Technician","EOS IT Solutions","Seattle, Washington","","$32 - $41 (hourly)",jobspy_indeed,https://www.indeed.com/viewjob?jk=44383282dda4c7d4,"","2026-05-18"
0,"","Bus Audio & Video Installer and Technician","Northwest Bus Sales","Seattle, Washington","","$25 - $35 (hourly)",jobspy_indeed,https://www.indeed.com/viewjob?jk=aa95efdb542e14b9,"","2026-05-15"
0,"","Network Services Technician - Audio Visual, Event Technology","Pinnacle Live","Boston, Massachusetts","","$25 - $28 (hourly)",jobspy_indeed,https://www.indeed.com/viewjob?jk=794ba58f88451269,"","2026-05-20"
0,"","Event Services Supervisor - Audio Visual, Event Technology","Pinnacle Live","Boston, Massachusetts","","$26 - $29 (hourly)",jobspy_indeed,https://www.indeed.com/viewjob?jk=54361ea4fe0e5415,"","2026-05-20"
0,"","Event Services Technician - Audio Visual, Event Technology","Pinnacle Live","Boston, Massachusetts","","$25 - $27 (hourly)",jobspy_indeed,https://www.indeed.com/viewjob?jk=68ac5f86b00a6fb4,"","2026-05-20"
0,"","Broadcast Systems Engineer, NBC Boston","NBCUniversal","Boston, Massachusetts","","$90,000 - $110,000 (yearly)",jobspy_indeed,https://www.indeed.com/viewjob?jk=e763b3953160e67b,"","2026-05-19"
0,"","AV Installation Technician","Kinly","Boston, Massachusetts","","$55,000 - $65,000 (yearly)",jobspy_indeed,https://www.indeed.com/viewjob?jk=d905acb6431f7f13,"","2026-05-19"
0,"","Onsite AV Support Technician","AVI-SPL","Boston, Massachusetts","","$26 - $37 (hourly)",jobspy_indeed,https://www.indeed.com/viewjob?jk=e8bf90a4f3b9fb89,"","2026-05-18"
0,"","Principal Audio/DSP Systems Engineer","Analog Devices","Boston, Massachusetts","","$200,000 - $275,000 (yearly)",jobspy_indeed,https://www.indeed.com/viewjob?jk=1319a006ef145056,"","2026-05-15"
0,"","Computer Technician/Pro Audio","Rat Sound Systems","Los Angeles, California","","$20 - $24 (hourly)",jobspy_indeed,https://www.indeed.com/viewjob?jk=0c7a5b483a7acd72,"","2026-05-21"
0,"","Re-recording Mixer, Blizzard Audio - Temp (SFD / Cinematics)","Blizzard Entertainment","Los Angeles, California","","$29 - $55 (hourly)",jobspy_indeed,https://www.indeed.com/viewjob?jk=2ba0be02bf5ba070,"","2026-05-20"
0,"","Event Operations Supervisor - JW Marriott Los Angeles LA LIVE","Encore Global","Los Angeles, California","","$28 - $29 (hourly)",jobspy_indeed,https://www.indeed.com/viewjob?jk=e20dfa974f78ed82,"","2026-05-19"
0,"","Event Technical Lead, Audio Visual - JW Marriott Los Angeles LA LIVE","Encore Global","Los Angeles, California","","$25 - $26 (hourly)",jobspy_indeed,https://www.indeed.com/viewjob?jk=26e61f6f445aca2f,"","2026-05-19"
0,"","Venue Manager - Audio Visual, Event Technology","Pinnacle Live","Los Angeles, California","","$33 - $37 (hourly)",jobspy_indeed,https://www.indeed.com/viewjob?jk=75014c2f35897d67,"","2026-05-19"
0,"","Audio Reliability Engineer","Apple","Los Angeles, California","","$139,500 - $258,100 (yearly)",jobspy_indeed,https://www.indeed.com/viewjob?jk=915805cc6810e55a,"","2026-05-19"
0,"","Acoustics DSP Engineer","Apple","Los Angeles, California","","$139,500 - $258,100 (yearly)",jobspy_indeed,https://www.indeed.com/viewjob?jk=4ee76066ed263454,"","2026-05-19"
0,"","Software Development Engineer in Test (SDET), Video Apps","Apple","Los Angeles, California","","$139,500 - $258,100 (yearly)",jobspy_indeed,https://www.indeed.com/viewjob?jk=ddeb05bc4dcca174,"","2026-05-19"
0,"","Software QA Engineer, Machine Learning - Creativity Apps","Apple","Los Angeles, California","","$139,500 - $258,100 (yearly)",jobspy_indeed,https://www.indeed.com/viewjob?jk=5ac1315897b8d338,"","2026-05-19"
0,"","IS&T Services AV & Broadcast Engineer, Employee Experience & Productivity","Apple","Los Angeles, California","","$134,800 - $203,000 (yearly)",jobspy_indeed,https://www.indeed.com/viewjob?jk=4e3a7116b5eab564,"","2026-05-19"
0,"","Sr Live Stream Broadcast Systems Engineer - AppleTV","Apple","Los Angeles, California","","$171,600 - $302,200 (yearly)",jobspy_indeed,https://www.indeed.com/viewjob?jk=1b0c1f1acdd9c899,"","2026-05-19"
0,"","Senior Software Engineer - Video Applications (FX Plug API’s)","Apple","Los Angeles, California","","$171,600 - $302,200 (yearly)",jobspy_indeed,https://www.indeed.com/viewjob?jk=a12eb969e0a264c4,"","2026-05-20"
0,"","Event Lighting Designer & Audio Technician","Pluto LA","Los Angeles, California","","$30 - $40 (hourly)",jobspy_indeed,https://www.indeed.com/viewjob?jk=2d08b2c538fae2bd,"","2026-05-19"
0,"","Sound Video Technician","Universal Studios Hollywood","Los Angeles, California","","",jobspy_indeed,https://www.indeed.com/viewjob?jk=c55815836b380920,"","2026-05-16"
0,"","Broadcast Engineer","Spectrum","Los Angeles, California","","$81,800 - $157,200 (yearly)",jobspy_indeed,https://www.indeed.com/viewjob?jk=bba04c7ae3898adb,"","2026-05-16"
0,"","AV Technician – Executive Events & Collaboration Technology","Kinly","Los Angeles, California","","$70,000 - $85,000 (yearly)",jobspy_indeed,https://www.indeed.com/viewjob?jk=c9e69dc5c32f5274,"","2026-05-15"
0,"","Board Operator (PT)","Cumulus Media","Los Angeles, California","","",jobspy_indeed,https://www.indeed.com/viewjob?jk=e6762ddbbfd2948f,"","2026-05-14"
0,"","Broadcast Operations & Engineering Manager","CBS News and Stations","Los Angeles, California","","$140,000 - $150,000 (yearly)",jobspy_indeed,https://www.indeed.com/viewjob?jk=167a06bdc6b03fa2,"","2026-05-14"
0,"","Audio, Video & Lighting (AVL) Manager","Code 4 Media Group","Los Angeles, California","","$85,000 - $105,000 (yearly)",jobspy_indeed,https://www.indeed.com/viewjob?jk=f253bd19d4af6a9d,"","2026-05-14"
0,"","Warehouse Lead - Audio Department","Live Events","Los Angeles, California","","$25 - $30 (hourly)",jobspy_indeed,https://www.indeed.com/viewjob?jk=45b54aee8f404d5a,"","2026-05-14"
0,"","Warehouse Lead - Lighting Department","Live Events","Los Angeles, California","","$25 - $30 (hourly)",jobspy_indeed,https://www.indeed.com/viewjob?jk=d51f8ea300030708,"","2026-05-14"
0,"","Senior AV Field Engineer","Diversified","Washington, DC","","$54 - $61 (hourly)",jobspy_indeed,https://www.indeed.com/viewjob?jk=eaf145f4bfa9833c,"","2026-05-20"
0,"","Broadcast Technician #30","US SENATE","Washington, DC","","$74,367 - $130,143 (yearly)",jobspy_indeed,https://www.indeed.com/viewjob?jk=393faeba5178d515,"","2026-05-19"
0,"","Broadcast Systems Engineer","TEGNA","Washington, DC","","$45 - $50 (hourly)",jobspy_indeed,https://www.indeed.com/viewjob?jk=c1f098f1d6223703,"","2026-05-19"
0,"","Event Warehouse Assistant","Maryland's DJ","Washington, DC","","$40,000 - $50,000 (yearly)",jobspy_indeed,https://www.indeed.com/viewjob?jk=782dfa106f66c91b,"","2026-05-19"
0,"","AV Technician","Walters Art Museum","Washington, DC","","",jobspy_indeed,https://www.indeed.com/viewjob?jk=8cb899ed8ac98e37,"","2026-05-18"
0,"","Lead Audio Operator","Fox Corporation","Washington, DC","","$35 - $50 (hourly)",jobspy_indeed,https://www.indeed.com/viewjob?jk=8fd7edb785c4d805,"","2026-05-15"
0,"","AV Technician - Mid","Leidos","Washington, DC","","$59,150 - $106,925 (yearly)",jobspy_indeed,https://www.indeed.com/viewjob?jk=40f6b43c1633e5e8,"","2026-05-14"
0,"","Deputy Director, Engineering","U.S. House of Representatives","Washington, DC","","$147,341 - $157,291 (yearly)",jobspy_indeed,https://www.indeed.com/viewjob?jk=bbbe02dee0efe4bc,"","2026-05-14"
0,"","AV Production Operator","Events DC","Washington, DC","","",jobspy_indeed,https://www.indeed.com/viewjob?jk=5313dd5ea51b8266,"","2026-05-14"
0,"","AV Production Technician","Events DC","Washington, DC","","",jobspy_indeed,https://www.indeed.com/viewjob?jk=4dc4f74fa6c998b5,"","2026-05-14"
0,"","Equipment Rental Technician I","Switch","United States","","",jobspy_indeed,https://www.indeed.com/viewjob?jk=28c534cb00895655,"","2026-05-21"
0,"","Seasonal Event Lighting and Sound Installer","Wallace Events","United States","","$18 - $22 (hourly)",jobspy_indeed,https://www.indeed.com/viewjob?jk=117d47c62baf5215,"","2026-05-21"
0,"","AV Installation Technician","Evolution AV","United States","","$20 - $28 (hourly)",jobspy_indeed,https://www.indeed.com/viewjob?jk=b9c86165e2ec9bb9,"","2026-05-21"
0,"","Audio/Video Technician","Precision Multimedia, Inc.","United States","","$22 - $35 (hourly)",jobspy_indeed,https://www.indeed.com/viewjob?jk=bae64592e0079011,"","2026-05-21"
0,"","Team Leader for Audio Data Collection","Wordstag","United States","","",jobspy_indeed,https://www.indeed.com/viewjob?jk=b9284a9342fce334,"","2026-05-21"
0,"","AV Integration Technician (Raleigh NC)","Presidio","United States","","",jobspy_indeed,https://www.indeed.com/viewjob?jk=9688367f254e2edf,"","2026-05-21"
0,"","AVL Production Engineer","Real Life Christian Church","United States","","",jobspy_indeed,https://www.indeed.com/viewjob?jk=a7c2b6cae4b3cf08,"","2026-05-21"
0,"","Home Automation & AV Technician (Hands-On Field Role)","Southwest Corridor","United States","","$65,000 - $75,000 (yearly)",jobspy_indeed,https://www.indeed.com/viewjob?jk=bc1bfc4e68594706,"","2026-05-21"
0,"","KPBS Broadcast Engineer","San Diego State University","United States","","$7,083 - $8,333 (monthly)",jobspy_indeed,https://www.indeed.com/viewjob?jk=b82f5fb47d394389,"","2026-05-20"
0,"","Lead Studio Engineer","The E. W. Scripps Company","United States","","",jobspy_indeed,https://www.indeed.com/viewjob?jk=44cab9856dc0ca2e,"","2026-05-20"
0,"","Director of Engineering, WTMJ","The E. W. Scripps Company","United States","","",jobspy_indeed,https://www.indeed.com/viewjob?jk=6ffd843bfeb03655,"","2026-05-20"
0,"","Houston - Advanced AV Technician","AutoNation","United States","","",jobspy_indeed,https://www.indeed.com/viewjob?jk=2d3cce40a7a3750e,"","2026-05-20"
0,"","Audio Visual Installation Technician III","TeamLINX","United States","","$20 - $32 (hourly)",jobspy_indeed,https://www.indeed.com/viewjob?jk=f087c843d6cf27d7,"","2026-05-20"
0,"","Video Machine Learning Engineer, Audio & Media Technologies","Apple","United States","","$139,500 - $258,100 (yearly)",jobspy_indeed,https://www.indeed.com/viewjob?jk=b803752da4fcd613,"","2026-05-20"
0,"","Software Engineer - Final Cut Camera - Video Apps","Apple","United States","","$139,500 - $258,100 (yearly)",jobspy_indeed,https://www.indeed.com/viewjob?jk=f68873af43acb3ac,"","2026-05-19"
0,"","Streaming Media Formats Engineer, Audio & Media Technologies","Apple","United States","","$139,500 - $258,100 (yearly)",jobspy_indeed,https://www.indeed.com/viewjob?jk=70c56726a050973f,"","2026-05-19"
0,"","Software Engineer - Intelligent Engineering Workflows","Apple","United States","","$139,500 - $258,100 (yearly)",jobspy_indeed,https://www.indeed.com/viewjob?jk=510c5122c245e4f7,"","2026-05-19"
0,"","Audio/Visual Technician","The Tavern Group","United States","","$25 - $30 (hourly)",jobspy_indeed,https://www.indeed.com/viewjob?jk=d985bb58b55231bf,"","2026-05-20"
0,"","Audio Visual Coordinator","Grace Baptist Church","United States","","$27 - $28 (hourly)",jobspy_indeed,https://www.indeed.com/viewjob?jk=51b26f96343280ea,"","2026-05-20"
0,"","Senior Design Engineer - Broadcast/ Media","Diversified","United States","","$134,010 - $163,790 (yearly)",jobspy_indeed,https://www.indeed.com/viewjob?jk=a0e0ebeade08217b,"","2026-05-20"
0,"","Senior Design Engineer - Broadcast/ Media","Diversified","Remote","","$134,010 - $163,790 (yearly)",jobspy_indeed,https://www.indeed.com/viewjob?jk=531db0fa90d44271,"","2026-05-20"
0,"","Remote Audio Engineer / Mixing & Mastering Engineer (Music Label)","TDB Finance LLC.","Remote","","$72,000 - $150,000 (yearly)",jobspy_indeed,https://www.indeed.com/viewjob?jk=03cc9d1aa6909608,"","2026-05-20"
0,"","Audio Visual Engineer","Instrata Technologies, LLC.","Remote","","",jobspy_indeed,https://www.indeed.com/viewjob?jk=58a7c69525c599e9,"","2026-05-17"
0,"","Quality Control Technician","NEP GROUP","Remote","","",jobspy_indeed,https://www.indeed.com/viewjob?jk=b6fc190dd46ab395,"","2026-05-14"
0,"","CMS Project Executive","Johnson Controls","Chicago, Illinois","","$126,000 - $168,000 (yearly)",jobspy_indeed,https://www.indeed.com/viewjob?jk=3292455d336385b6,"","2026-05-21"
0,"","System Support Specialist","Indian Prairie School District 204","Chicago, Illinois","","$26 - $36 (hourly)",jobspy_indeed,https://www.indeed.com/viewjob?jk=0e2c3c1d6cbea108,"","2026-05-19"
0,"","Project Executive (ID# 607)","Volarify","Chicago, Illinois","","$180,000 - $200,000 (yearly)",jobspy_indeed,https://www.indeed.com/viewjob?jk=9525647d4849802a,"","2026-05-15"
0,"","Quality Engineer","Legrand","Chicago, Illinois","","$70,000 - $90,000 (yearly)",jobspy_indeed,https://www.indeed.com/viewjob?jk=e8df28c73dc1471b,"","2026-05-15"
0,"","Engineering Opportunities - Talent Pipeline","Diversified","Chicago, Illinois","","",jobspy_indeed,https://www.indeed.com/viewjob?jk=b6d1f7668f529071,"","2026-05-15"
0,"","Golf Simulator Installation Engineer","Golf2U","New York, New York","","$60 - $100 (hourly)",jobspy_indeed,https://www.indeed.com/viewjob?jk=6c7f7f30b45efd6c,"","2026-05-21"
0,"","IT Ops Engineer","Pelago","New York, New York","","$105,000 - $115,000 (yearly)",jobspy_indeed,https://www.indeed.com/viewjob?jk=bc97bdcc3f5f4493,"","2026-05-21"
0,"","HVAC Smart Building Account Executive","Johnson Controls","New York, New York","","$80,000 - $115,000 (yearly)",jobspy_indeed,https://www.indeed.com/viewjob?jk=44e36319bcdefcef,"","2026-05-21"
0,"","IT Technician I (Evening Shift)","New York Institute of Technology","New York, New York","","$57,000 - $65,000 (yearly)",jobspy_indeed,https://www.indeed.com/viewjob?jk=f1f5e8d694916084,"","2026-05-20"
0,"","Urban Planner","Gensler","New York, New York","","$85,800 - $86,000 (yearly)",jobspy_indeed,https://www.indeed.com/viewjob?jk=6b81d25ed4afe166,"","2026-05-20"
0,"","Support Engineer","Palantir Technologies","New York, New York","","$87,000 - $115,000 (yearly)",jobspy_indeed,https://www.indeed.com/viewjob?jk=1c9f925dbae24172,"","2026-05-19"
0,"","Building Technology Systems – Lead Consultant","WSP","New York, New York","","$118,000 - $164,000 (yearly)",jobspy_indeed,https://www.indeed.com/viewjob?jk=7165de164ed530f7,"","2026-05-19"
0,"","Systems Engineer","Network Doctor","New York, New York","","$65,000 - $85,000 (yearly)",jobspy_indeed,https://www.indeed.com/viewjob?jk=52ab0c77f4d91f9e,"","2026-05-19"
0,"","Senior IT Support Specialist","Gen Digital Inc.","New York, New York","","$90,000 - $100,000 (yearly)",jobspy_indeed,https://www.indeed.com/viewjob?jk=018b269cb409a948,"","2026-05-19"
0,"","Senior AV Systems Designer","Cerami & Associates","New York, New York","","$100,000 - $130,000 (yearly)",jobspy_indeed,https://www.indeed.com/viewjob?jk=c79b06ff884fb84e,"","2026-05-18"
0,"","Sr. IT Engineer - Unified Communications","SHI International","New York, New York","","$120,000 - $170,000 (yearly)",jobspy_indeed,https://www.indeed.com/viewjob?jk=d0fbbfe8f0f39426,"","2026-05-18"
0,"","Manufacturing Engineer","Legrand","New York, New York","","$90,000 - $110,000 (yearly)",jobspy_indeed,https://www.indeed.com/viewjob?jk=63db5bf57fa9fdc2,"","2026-05-18"
0,"","AV Commissioning Specialist","AVI-SPL","New York, New York","","$40 - $52 (hourly)",jobspy_indeed,https://www.indeed.com/viewjob?jk=3f3888bcf5bcdfbb,"","2026-05-15"
0,"","Technical Integration Engineer Seasonal","Major League Baseball (MLB)","New York, New York","","$32 - $38 (hourly)",jobspy_indeed,https://www.indeed.com/viewjob?jk=59a20e2b73c06eab,"","2026-05-15"
0,"","Freelance Technical Producer","Game Seven","New York, New York","","$10,000 - $12,000 (yearly)",jobspy_indeed,https://www.indeed.com/viewjob?jk=7cd31b217e610cfa,"","2026-05-15"
0,"","Technical Integration Engineer (Seasonal)","Major League Baseball","New York, New York","","$32 - $38 (hourly)",jobspy_indeed,https://www.indeed.com/viewjob?jk=f2ba256962d2477d,"","2026-05-14"
0,"","Desktop Support Technician","Ovation Workplace services","New York, New York","","$35,000 - $55,000 (yearly)",jobspy_indeed,https://www.indeed.com/viewjob?jk=0883da401780a931,"","2026-05-14"
0,"","Manager, End User Technology","Tory Burch","New York, New York","","$135,000 - $180,000 (yearly)",jobspy_indeed,https://www.indeed.com/viewjob?jk=ed6481e8f134eeaa,"","2026-05-14"
0,"","Hardware Integration Engineer","DoorDash","San Francisco, California","","$44 - $66 (hourly)",jobspy_indeed,https://www.indeed.com/viewjob?jk=7fecc35cc9e310f2,"","2026-05-21"
0,"","Hardware Engineer","Legrand","San Francisco, California","","$100,000 - $115,000 (yearly)",jobspy_indeed,https://www.indeed.com/viewjob?jk=95247a020fbc4627,"","2026-05-21"
0,"","Senior Research Engineer, Controls","PlusAI","San Francisco, California","","$150,000 - $200,000 (yearly)",jobspy_indeed,https://www.indeed.com/viewjob?jk=1611eeabc83ef058,"","2026-05-21"
0,"","Staff Technical Lead Manager, Machine Learning, Planner","Waymo","San Francisco, California","","$238,000 - $302,000 (yearly)",jobspy_indeed,https://www.indeed.com/viewjob?jk=c91788518a73a73f,"","2026-05-20"
0,"","Product Manager, Perception Modeling - Semantics","Waymo","San Francisco, California","","$241,000 - $297,000 (yearly)",jobspy_indeed,https://www.indeed.com/viewjob?jk=4e6b9c70d999c178,"","2026-05-20"
0,"","Intern","Legrand","San Francisco, California","","",jobspy_indeed,https://www.indeed.com/viewjob?jk=b2d6bd1b02b7626f,"","2026-05-20"
0,"","Software Engineer II - AV Labs","Uber","San Francisco, California","","$171,000 - $190,000 (yearly)",jobspy_indeed,https://www.indeed.com/viewjob?jk=0e551509ba3ba3f5,"","2026-05-20"
0,"","Senior Applied Scientist","Amazon.com","San Francisco, California","","$192,200 - $260,000 (yearly)",jobspy_indeed,https://www.indeed.com/viewjob?jk=34be92bb89ad4a1e,"","2026-05-19"
0,"","Sr. Software Engineer, Marketplace ML Platform","Waymo","San Francisco, California","","$175,000 - $215,000 (yearly)",jobspy_indeed,https://www.indeed.com/viewjob?jk=3e97b80dfd900970,"","2026-05-19"
0,"","Senior Collaboration and Media Services Engineer","Stanford Health Care","San Francisco, California","","$62 - $83 (hourly)",jobspy_indeed,https://www.indeed.com/viewjob?jk=306570da5cdb6629,"","2026-05-19"
0,"","Electrical Infrastructure Delivery Engineer","Waymo","San Francisco, California","","$152,000 - $187,000 (yearly)",jobspy_indeed,https://www.indeed.com/viewjob?jk=16be76bced48b1e2,"","2026-05-19"
0,"","Construction Superintendent (Luxury Residential)","Livelarge Tech","San Francisco, California","","$100,000 - $150,000 (yearly)",jobspy_indeed,https://www.indeed.com/viewjob?jk=b9e778a03273c669,"","2026-05-19"
0,"","Engineering Manager, Embedded Automotive Platform","Wayve","San Francisco, California","","",jobspy_indeed,https://www.indeed.com/viewjob?jk=1b58784716e499c3,"","2026-05-19"
0,"","IT Operations Engineer","CURSOR","San Francisco, California","","",jobspy_indeed,https://www.indeed.com/viewjob?jk=55bfa97f7ff93556,"","2026-05-19"
0,"","Machine Learning Engineer Intern","PlusAI","San Francisco, California","","$19 - $65 (hourly)",jobspy_indeed,https://www.indeed.com/viewjob?jk=cc3f75cb6e558527,"","2026-05-19"
0,"","Simulation Engineer Intern","PlusAI","San Francisco, California","","$19 - $65 (hourly)",jobspy_indeed,https://www.indeed.com/viewjob?jk=cb56b8fad4a82b8d,"","2026-05-19"
0,"","Senior System Software Engineer, Automotive Performance","NVIDIA","San Francisco, California","","$224,000 - $431,250 (yearly)",jobspy_indeed,https://www.indeed.com/viewjob?jk=b06ae15a01e7dd82,"","2026-05-18"
0,"","Global Energy Partner Ecosystem Manager","NVIDIA","San Francisco, California","","$224,000 - $356,500 (yearly)",jobspy_indeed,https://www.indeed.com/viewjob?jk=c35ff65037c7d1e5,"","2026-05-15"
0,"","Senior System Software Engineer - AV Platform","NVIDIA","San Francisco, California","","$184,000 - $356,500 (yearly)",jobspy_indeed,https://www.indeed.com/viewjob?jk=12672b1758b5d364,"","2026-05-18"
0,"","Developer Advocate – Robotics and Physical AI","NVIDIA","San Francisco, California","","$184,000 - $287,500 (yearly)",jobspy_indeed,https://www.indeed.com/viewjob?jk=e6f47edffe4eedaa,"","2026-05-21"
0,"","Senior Staff Android Engineer, In-Car Experience","Waymo","San Francisco, California","","$298,000 - $368,000 (yearly)",jobspy_indeed,https://www.indeed.com/viewjob?jk=e68fc0d8b939d7d5,"","2026-05-18"
0,"","Senior Autonomy Behavior Validation Engineer","General Motors (GM)","San Francisco, California","","$129,400 - $198,400 (yearly)",jobspy_indeed,https://www.indeed.com/viewjob?jk=d08579b30d42f964,"","2026-05-18"
0,"","Software Engineer III, Data Platform","Agility Robotics","San Francisco, California","","$144,000 - $224,000 (yearly)",jobspy_indeed,https://www.indeed.com/viewjob?jk=c33d3e6d06fef435,"","2026-05-18"
0,"","Senior Machine Learning Engineer, Robotics","Waymo","San Francisco, California","","$204,000 - $259,000 (yearly)",jobspy_indeed,https://www.indeed.com/viewjob?jk=0ba4c8939f3305ac,"","2026-05-15"
0,"","Information Technology (IT) Systems Administrator (Systems Application Analyst 3)","HII","San Francisco, California","","$96,278 - $125,000 (yearly)",jobspy_indeed,https://www.indeed.com/viewjob?jk=a4d46416c9df8557,"","2026-05-15"
0,"","Installation Technician II","AVI-SPL","Seattle, Washington","","$27 - $35 (hourly)",jobspy_indeed,https://www.indeed.com/viewjob?jk=36b480309f1bc927,"","2026-05-19"
0,"","IT Operations Engineer I","Hensel Phelps","Seattle, Washington","","$74,100 - $81,900 (yearly)",jobspy_indeed,https://www.indeed.com/viewjob?jk=42f44da4954125c5,"","2026-05-19"
0,"","Project Manager - Healthcare","Consertus","Seattle, Washington","","$125,000 - $150,000 (yearly)",jobspy_indeed,https://www.indeed.com/viewjob?jk=cc3be62e19ecf2c3,"","2026-05-18"
0,"","Project Executive (ID# 607)","Volarify","Seattle, Washington","","$180,000 - $200,000 (yearly)",jobspy_indeed,https://www.indeed.com/viewjob?jk=1c5ce955dabf8e8f,"","2026-05-15"
0,"","Implementation Manager","Outpost","Seattle, Washington","","$125,000 - $175,000 (yearly)",jobspy_indeed,https://www.indeed.com/viewjob?jk=08eb2b2174015698,"","2026-05-15"
0,"","Director of Implementation","Outpost","Seattle, Washington","","$150,000 - $200,000 (yearly)",jobspy_indeed,https://www.indeed.com/viewjob?jk=7b87b1229480ee82,"","2026-05-15"
0,"","Senior Electrical Engineer","FSi Engineers","Seattle, Washington","","$110,000 - $140,000 (yearly)",jobspy_indeed,https://www.indeed.com/viewjob?jk=e703631bc7469122,"","2026-05-14"
0,"","Senior Director, IT Infrastructure and End User Experience","Lila Sciences","Boston, Massachusetts","","$204,000 - $272,000 (yearly)",jobspy_indeed,https://www.indeed.com/viewjob?jk=0ca9473189234ba3,"","2026-05-20"
0,"","Senior Software Engineer - AI Data Applications","Motional","Boston, Massachusetts","","$149,000 - $198,500 (yearly)",jobspy_indeed,https://www.indeed.com/viewjob?jk=20fbd4d44ddd4ce5,"","2026-05-15"
0,"","IT Support Engineer","Sonos","Boston, Massachusetts","","$67,000 - $83,400 (yearly)",jobspy_indeed,https://www.indeed.com/viewjob?jk=68f506570c8586e8,"","2026-05-15"
0,"","AV Commissioning Manager","Rosendin Electric","Los Angeles, California","","$148,100 - $222,200 (yearly)",jobspy_indeed,https://www.indeed.com/viewjob?jk=78393a953c45a8c7,"","2026-05-20"
0,"","Principal Project Engineer","AeroVironment","Los Angeles, California","","$147,000 - $208,425 (yearly)",jobspy_indeed,https://www.indeed.com/viewjob?jk=9f7ae6d722acda46,"","2026-05-20"
0,"","Manufacturing Engineer II","AeroVironment","Los Angeles, California","","$82,000 - $116,025 (yearly)",jobspy_indeed,https://www.indeed.com/viewjob?jk=ef9f7eea5263000b,"","2026-05-19"
0,"","Material Control Specialist I","AeroVironment","Los Angeles, California","","",jobspy_indeed,https://www.indeed.com/viewjob?jk=40533acd785cd452,"","2026-05-19"
0,"","LICENSED ENGINEER - Plant Operations, Full Time, Varied","Palmdale Regional Medical Center","Los Angeles, California","","$35 - $49 (hourly)",jobspy_indeed,https://www.indeed.com/viewjob?jk=176865e9282723d0,"","2026-05-18"
0,"","Administrative Support Coordinator II - Facilities Administrative Services","California State Polytechnic University Pomona","Los Angeles, California","","$4,367 - $6,362 (monthly)",jobspy_indeed,https://www.indeed.com/viewjob?jk=422a9d634b24308d,"","2026-05-15"
0,"","Administrative Support Coordinator II - Facilities Administrative Services","California State University","Los Angeles, California","","",jobspy_indeed,https://www.indeed.com/viewjob?jk=9507bd998c11e1b4,"","2026-05-15"
0,"","Sr. Manager, Embedded Cybersecurity Engineering","AeroVironment","Los Angeles, California","","$141,000 - $200,025 (yearly)",jobspy_indeed,https://www.indeed.com/viewjob?jk=db9581370af45d6e,"","2026-05-14"
0,"","Principal Infrastructure Lead Engineer (Onsite)","Collins Aerospace","Washington, DC","","$118,300 - $224,900 (yearly)",jobspy_indeed,https://www.indeed.com/viewjob?jk=d8658c5ff2edbc29,"","2026-05-20"
0,"","Voice/Video Engineer (Active Top Secret Clearance with SCI eligibility)","Akima","Washington, DC","","$120,000 - $125,000 (yearly)",jobspy_indeed,https://www.indeed.com/viewjob?jk=ac4f1484aa821ec3,"","2026-05-20"
0,"","Senior Software Engineer","AeroVironment","Washington, DC","","$125,000 - $270,000 (yearly)",jobspy_indeed,https://www.indeed.com/viewjob?jk=b081278616dfcebf,"","2026-05-20"
0,"","Senior Systems Engineer","AeroVironment","Washington, DC","","$105,000 - $148,575 (yearly)",jobspy_indeed,https://www.indeed.com/viewjob?jk=1988155da7981288,"","2026-05-14"
0,"","Telecommunications Design Engineer (TS)","Koniag Government Services","Washington, DC","","$165,000 - $183,000 (yearly)",jobspy_indeed,https://www.indeed.com/viewjob?jk=85b8ea21d1eb30e4,"","2026-05-19"
0,"","Federal Sales Engineer - DOD (Remote, DMV)","CrowdStrike","Washington, DC","","$135,000 - $205,000 (yearly)",jobspy_indeed,https://www.indeed.com/viewjob?jk=6e51b757cd298699,"","2026-05-19"
0,"","Machine Learning Engineering Intern","AeroVironment","Washington, DC","","",jobspy_indeed,https://www.indeed.com/viewjob?jk=21173c8a67078895,"","2026-05-19"
0,"","UNIFIED COMMUNICATIONS ENGINEER","Peraton","Washington, DC","","$135,000 - $216,000 (yearly)",jobspy_indeed,https://www.indeed.com/viewjob?jk=6139e0de9f2bcacc,"","2026-05-18"
0,"","Project Executive (ID# 607)","Volarify","Washington, DC","","$180,000 - $200,000 (yearly)",jobspy_indeed,https://www.indeed.com/viewjob?jk=b5b8abad3f54af87,"","2026-05-15"
0,"","Building Engineer","Chenega Corporation","Washington, DC","","",jobspy_indeed,https://www.indeed.com/viewjob?jk=221937a3916bbc5f,"","2026-05-15"
0,"","Video Teleconference Technician","Chenega Corporation","Washington, DC","","",jobspy_indeed,https://www.indeed.com/viewjob?jk=ea2ca0d582186e96,"","2026-05-20"
0,"","System Design and Integration Specialist 3 (contract)","Boeing","Washington, DC","","$65 - $70 (hourly)",jobspy_indeed,https://www.indeed.com/viewjob?jk=1416d4050d94c881,"","2026-05-14"
0,"","System Administrator","AeroVironment","Washington, DC","","$120,000 - $190,000 (yearly)",jobspy_indeed,https://www.indeed.com/viewjob?jk=56390999881b3ae2,"","2026-05-14"
0,"","Senior, ML Engineer - Auto Tagger","TORC Robotics","United States","","$177,300 - $212,800 (yearly)",jobspy_indeed,https://www.indeed.com/viewjob?jk=037ac583cc93ed11,"","2026-05-21"
0,"","Jr. Systems Engineer - Space Technologies","AeroVironment","United States","","",jobspy_indeed,https://www.indeed.com/viewjob?jk=e3a5381ee2e802bf,"","2026-05-21"
0,"","Mechanical Engineer II","Legrand","United States","","$87,000 - $100,000 (yearly)",jobspy_indeed,https://www.indeed.com/viewjob?jk=c5a11bb92bbbf6d5,"","2026-05-21"
0,"","Network Engineer","Viasat","United States","","$95,000 - $176,500 (yearly)",jobspy_indeed,https://www.indeed.com/viewjob?jk=b2c9db244e23ee91,"","2026-05-21"
0,"","IT Supervisor - Deskside Support in Woodland Hills, CA or Phoenix, AZ (Hybrid)","Farmers Insurance Group","United States","","$96,075 - $174,240 (yearly)",jobspy_indeed,https://www.indeed.com/viewjob?jk=4d619df9bd43fb90,"","2026-05-20"
0,"","Advanced Systems Administration Specialist","General Dynamics Mission Systems","United States","","$111,881 - $121,059 (yearly)",jobspy_indeed,https://www.indeed.com/viewjob?jk=541fba1ab4ad6468,"","2026-05-20"
0,"","Production Manager - Speaker Assembly & Custom Audio Manufacturing","Origin Acoustics","United States","","$80,000 - $95,000 (yearly)",jobspy_indeed,https://www.indeed.com/viewjob?jk=1c21ca08769b6013,"","2026-05-20"
0,"","Product Engineer","AeroVironment","United States","","$82,000 - $116,025 (yearly)",jobspy_indeed,https://www.indeed.com/viewjob?jk=aa6840591ec770b0,"","2026-05-20"
0,"","Principal Software Engineer","AeroVironment","United States","","$133,500 - $189,525 (yearly)",jobspy_indeed,https://www.indeed.com/viewjob?jk=f1e9587a0b5fd0ce,"","2026-05-20"
0,"","Residence Inn Philadelphia Center City - Maintenance Technician","Aimbridge Hospitality","United States","","$22 - $24 (hourly)",jobspy_indeed,https://www.indeed.com/viewjob?jk=dc6fa464ce8c1f93,"","2026-04-21"
0,"","Sr. Field Sales Engineer (Remote)","Legrand","Remote","","$100,000 - $120,000 (yearly)",jobspy_indeed,https://www.indeed.com/viewjob?jk=570c6d827f1b3993,"","2026-05-15"
0,"","Engineering Opportunities - Talent Pipeline","Diversified","Remote","","",jobspy_indeed,https://www.indeed.com/viewjob?jk=163216c6a58c5b8c,"","2026-05-15"
0,"","AR/VR Weather Developer/Integrator","CBS News and Stations","New York, New York","","$110,000 - $140,000 (yearly)",jobspy_indeed,https://www.indeed.com/viewjob?jk=600b67147f5e071f,"","2026-05-20"
0,"","Senior Network Platform Engineer","NHL Team Jobs","New York, New York","","$160,000 - $200,000 (yearly)",jobspy_indeed,https://www.indeed.com/viewjob?jk=1cc55a4d545a2ef9,"","2026-05-18"
0,"","Lead Engineer, Production Platforms","PARAMOUNT","New York, New York","","$155,000 - $160,000 (yearly)",jobspy_indeed,https://www.indeed.com/viewjob?jk=e7e3c7f28e855e4a,"","2026-05-14"
0,"","Manager, Live Production CoE","Warner Bros. Discovery","New York, New York","","$105,280 - $195,520 (yearly)",jobspy_indeed,https://www.indeed.com/viewjob?jk=aece45fcefbc92ad,"","2026-05-14"
0,"","Principal PMT, Supply Yield, Prime Video Advertising","Amazon.com","New York, New York","","$197,900 - $243,400 (yearly)",jobspy_indeed,https://www.indeed.com/viewjob?jk=c2d9108acfe60b92,"","2026-03-13"
0,"","Broadcast Maintenance Technician","CBS News and Stations","San Francisco, California","","$80,000 - $95,000 (yearly)",jobspy_indeed,https://www.indeed.com/viewjob?jk=c757631505ffdc9e,"","2026-05-19"
0,"","Electronics Engineering Technologist","Lawrence Berkeley National Laboratory","San Francisco, California","","$46 - $59 (hourly)",jobspy_indeed,https://www.indeed.com/viewjob?jk=cf3698788714e04a,"","2026-05-15"
0,"","Software Engineer 5 - Live Ads Management","Netflix","San Francisco, California","","$388,000 - $558,000 (yearly)",jobspy_indeed,https://www.indeed.com/viewjob?jk=90da8ae5c28f47f9,"","2026-04-27"
0,"","Software Engineer 5 - Partner Test Tech","Netflix","San Francisco, California","","$388,000 - $558,000 (yearly)",jobspy_indeed,https://www.indeed.com/viewjob?jk=6311828f3a2915d1,"","2026-05-20"
0,"","Sr. Mgr, Product Mgmt Tech, Fire TV Experience","Amazon.com","San Francisco, California","","$197,900 - $307,900 (yearly)",jobspy_indeed,https://www.indeed.com/viewjob?jk=d6d9fdd00bb17b99,"","2026-03-07"
0,"","Software Dev Engineer III , Amazon Interactive Video Service (IVS)","Amazon.com","San Francisco, California","","$193,300 - $261,500 (yearly)",jobspy_indeed,https://www.indeed.com/viewjob?jk=dadcf8ed9a7d2940,"","2026-02-12"
0,"","Software Development Engineer - Prime Video, Linear Personalization Experience Team (LPEX)","Amazon.com","Seattle, Washington","","$143,700 - $194,400 (yearly)",jobspy_indeed,https://www.indeed.com/viewjob?jk=a2ab8a2364a9d98d,"","2026-05-11"
0,"","Software Development Engineer, AWS Hardware Engineering","Amazon.com","Seattle, Washington","","$143,700 - $194,400 (yearly)",jobspy_indeed,https://www.indeed.com/viewjob?jk=986c327f4575a414,"","2026-04-14"
0,"","Software Development Manager, Prime Video - Linear Experience","Amazon.com","Seattle, Washington","","$184,900 - $250,200 (yearly)",jobspy_indeed,https://www.indeed.com/viewjob?jk=d61685e32786b0e7,"","2026-04-10"
0,"","Principal PMT, Supply Yield, Prime Video Advertising","Amazon.com","Seattle, Washington","","$197,900 - $243,400 (yearly)",jobspy_indeed,https://www.indeed.com/viewjob?jk=72cdf0b4ef9ffb5e,"","2026-03-13"
0,"","Sr. Mgr, Product Mgmt Tech, Fire TV Experience","Amazon.com","Seattle, Washington","","$197,900 - $307,900 (yearly)",jobspy_indeed,https://www.indeed.com/viewjob?jk=faf1789c22905979,"","2026-03-07"
0,"","Software Dev Engineer III , Amazon Interactive Video Service (IVS)","Amazon.com","Seattle, Washington","","$193,300 - $261,500 (yearly)",jobspy_indeed,https://www.indeed.com/viewjob?jk=4ac8e8d4940b64d7,"","2026-02-12"
0,"","Lab IT & OT Systems Administrator","Lila Sciences","Boston, Massachusetts","","$88,000 - $126,000 (yearly)",jobspy_indeed,https://www.indeed.com/viewjob?jk=7b476a5a6983c7f5,"","2026-05-21"
0,"","Lab Engineer","EdgeBeam Wireless","Boston, Massachusetts","","",jobspy_indeed,https://www.indeed.com/viewjob?jk=90d00b07e95c5e06,"","2026-05-15"
0,"","Sr Product Software Engineer","nan","Los Angeles, California","","$141,900 - $190,300 (yearly)",jobspy_indeed,https://www.indeed.com/viewjob?jk=aab0f15b5e95b2ac,"","2026-05-21"
0,"","Sr. Systems Engineer","Harbinger Motors Inc.","Los Angeles, California","","$120,000 - $150,000 (yearly)",jobspy_indeed,https://www.indeed.com/viewjob?jk=1042fb894a308b35,"","2026-05-20"
0,"","Video Workflow Automation Engineer","Leidos","Washington, DC","","$69,550 - $125,725 (yearly)",jobspy_indeed,https://www.indeed.com/viewjob?jk=601329864a6adfc1,"","2026-05-15"
0,"","Principal PMT, Supply Yield, Prime Video Advertising","Amazon.com","Washington, DC","","$197,900 - $243,400 (yearly)",jobspy_indeed,https://www.indeed.com/viewjob?jk=754c1c387b4a91b3,"","2026-03-13"
0,"","IT Systems / Assistant Chief Engineer","Nexstar Media Group, Inc.","United States","","",jobspy_indeed,https://www.indeed.com/viewjob?jk=3964aee02844a0a8,"","2026-05-20"
0,"","DevOps Engineer , Employee Experience & Productivity","Apple","United States","","",jobspy_indeed,https://www.indeed.com/viewjob?jk=b7a16529271a4582,"","2026-05-19"
0,"","Core Audio Software Engineer","Apple","United States","","",jobspy_indeed,https://www.indeed.com/viewjob?jk=b3e64f87c4bb92dd,"","2026-05-19"
0,"","Sr. Sustainment Systems Engineer","Acuity Innovations","United States","","$110,000 - $140,000 (yearly)",jobspy_indeed,https://www.indeed.com/viewjob?jk=3f67d3144a0d0516,"","2026-05-19"
0,"","Sustainment Test & Evaluation Engineer","Acuity Innovations","United States","","$125,000 - $165,000 (yearly)",jobspy_indeed,https://www.indeed.com/viewjob?jk=c16d008be56dc4f6,"","2026-05-19"
0,"","IT MARKET ENGINEER","nan","United States","","",jobspy_indeed,https://www.indeed.com/viewjob?jk=e4642eb173463b07,"","2026-05-19"
0,"","IT Specialist","nan","United States","","",jobspy_indeed,https://www.indeed.com/viewjob?jk=419732e46780a6db,"","2026-05-21"
0,"","New! Housekeeping Supervisor Hotel West & Main, Conshohocken","nan","United States","","",jobspy_indeed,https://www.indeed.com/viewjob?jk=7251f9be0e457340,"","2026-05-21"
0,"","Master Electrician","nan","United States","","",jobspy_indeed,https://www.indeed.com/viewjob?jk=76db8b7b4f808156,"","2026-05-20"
0,"","Staff Backend Engineer","EchoStar","United States","","$110,100 - $157,300 (yearly)",jobspy_indeed,https://www.indeed.com/viewjob?jk=f822c56f64ce446d,"","2026-05-19"
0,"","Systems Engineer - Aircraft Surveillance Systems","Real Time Consulting, LLC","United States","","",jobspy_indeed,https://www.indeed.com/viewjob?jk=58fd5cd88e37761c,"","2026-05-19"
0,"","Audio Engineer","Elevated Recording Studio","United States","","$17 - $20 (hourly)",jobspy_indeed,https://www.indeed.com/viewjob?jk=85f8235a245c65db,"","2026-05-19"
0,"","Director of Technology","Graham Media Group","United States","","",jobspy_indeed,https://www.indeed.com/viewjob?jk=9b4205a78e13ea7f,"","2026-05-19"
0,"","Collaboration Support Technician","Valley Bank","New York, New York","","$27 - $45 (hourly)",jobspy_indeed,https://www.indeed.com/viewjob?jk=8dfdbf9f832b2cc6,"","2026-05-19"
0,"","Exhibit Technician (Part-Time)","Liberty Science Center","New York, New York","","",jobspy_indeed,https://www.indeed.com/viewjob?jk=34cfddd7d1ecb588,"","2026-05-18"
0,"","Corporate Engagement, Events & Volunteer Manager","RiseBoro Community Partnership","New York, New York","","$78,700 - $91,800 (yearly)",jobspy_indeed,https://www.indeed.com/viewjob?jk=548a070c54a56c18,"","2026-05-15"
0,"","Business Development Executive","Mason Technologies Inc","New York, New York","","$90,000 - $120,000 (yearly)",jobspy_indeed,https://www.indeed.com/viewjob?jk=7377b974a41d632d,"","2026-05-14"
0,"","Electronics Technician 3 - San Jose, CA 100% Travel","M.C. Dean, Inc.","San Francisco, California","","$32 - $46 (hourly)",jobspy_indeed,https://www.indeed.com/viewjob?jk=d883d08607d2ff51,"","2026-05-19"
0,"","Simulation Technician","Saint Mary's College of California","San Francisco, California","","$54,796 - $85,574 (yearly)",jobspy_indeed,https://www.indeed.com/viewjob?jk=e08f18cd7730b201,"","2026-05-18"
0,"","Video/Audio Technician","Starbound Theatre","San Francisco, California","","$30 - $40 (hourly)",jobspy_indeed,https://www.indeed.com/viewjob?jk=142231ae5b9d1788,"","2026-05-17"
0,"","Clerk - Library Media Center - School","Bethel School District","Seattle, Washington","","",jobspy_indeed,https://www.indeed.com/viewjob?jk=9efe4a5d239fe7bc,"","2026-05-19"
0,"","Onsite Support Technician","AVI-SPL","Boston, Massachusetts","","$26 - $38 (hourly)",jobspy_indeed,https://www.indeed.com/viewjob?jk=f7bcc6b71d3bb4e2,"","2026-05-14"
0,"","Project Superintendent","RoomReady","Boston, Massachusetts","","$85,000 - $110,000 (yearly)",jobspy_indeed,https://www.indeed.com/viewjob?jk=8483df3706549409,"","2026-05-14"
0,"","Sr. IT Deskside Support Technician","Smart & Final","Los Angeles, California","","",jobspy_indeed,https://www.indeed.com/viewjob?jk=c71c139519e963f4,"","2026-05-20"
0,"","Library Clerk Senior (Evening + Saturday)","Coast Community College District","Los Angeles, California","","$55,954 - $75,438 (yearly)",jobspy_indeed,https://www.indeed.com/viewjob?jk=917f2016d2cfe3be,"","2026-05-15"
0,"","IT Desktop Support Specialist","FMI Aerostructures","Los Angeles, California","","$27 - $34 (hourly)",jobspy_indeed,https://www.indeed.com/viewjob?jk=1cde53c2edfbea51,"","2026-05-15"
0,"","Technician 3 - Full-Time 30+ (Non-Exempt)","Brown Technologies Incorporated","Washington, DC","","",jobspy_indeed,https://www.indeed.com/viewjob?jk=2a962d6ffc170909,"","2026-05-19"
0,"","Educational Technician (Program Assistant) IS-1702-07","Smithsonian Institution","Washington, DC","","$57,736 - $61,586 (yearly)",jobspy_indeed,https://www.indeed.com/viewjob?jk=0e2f145596e46c23,"","2026-05-19"
0,"","Educational Technician (Program Assistant) IS-1702-07","Smithsonian Science Education Center","Washington, DC","","$57,736 - $61,586 (yearly)",jobspy_indeed,https://www.indeed.com/viewjob?jk=a0d3946a46d53172,"","2026-05-19"
0,"","HVAC Technician 2 - Washington, DC","M.C. Dean, Inc.","Washington, DC","","$30 - $45 (hourly)",jobspy_indeed,https://www.indeed.com/viewjob?jk=79d30ee8cc6cb5f6,"","2026-05-18"
0,"","Electrical Maintenance Technician 2 - Washington, D.C.","M.C. Dean, Inc.","Washington, DC","","$30 - $45 (hourly)",jobspy_indeed,https://www.indeed.com/viewjob?jk=6adb371a3cd54215,"","2026-05-18"
0,"","BAS Control Technician 3 - Washington, DC","M.C. Dean, Inc.","Washington, DC","","$38 - $50 (hourly)",jobspy_indeed,https://www.indeed.com/viewjob?jk=637c47d3a42fd2e7,"","2026-05-18"
0,"","BAS Control Technician 4 - Washington, DC","M.C. Dean, Inc.","Washington, DC","","$51 - $62 (hourly)",jobspy_indeed,https://www.indeed.com/viewjob?jk=4ac93e0b9edc470e,"","2026-05-18"
0,"","Technical Services Manager - Video","Entertainment Technology Partners","Washington, DC","","$80,000 - $96,500 (yearly)",jobspy_indeed,https://www.indeed.com/viewjob?jk=5890ded6ed2be1ad,"","2026-05-18"
0,"","Electronics Technician 1 - Washington, DC","M.C. Dean, Inc.","Washington, DC","","$26 - $39 (hourly)",jobspy_indeed,https://www.indeed.com/viewjob?jk=5524cd9d1972b601,"","2026-05-14"
0,"","Electronics Technician 2 - Washington, DC","M.C. Dean, Inc.","Washington, DC","","$30 - $44 (hourly)",jobspy_indeed,https://www.indeed.com/viewjob?jk=404e5f85103ae6c4,"","2026-05-14"
0,"","Senior End User Support Technician","CACI International","Washington, DC","","$70,800 - $148,600 (yearly)",jobspy_indeed,https://www.indeed.com/viewjob?jk=d50f3412575f33b9,"","2026-01-21"
0,"","Field Service Engineer - Satellite Communications","CACI International","Washington, DC","","$70,800 - $148,600 (yearly)",jobspy_indeed,https://www.indeed.com/viewjob?jk=a6136b5f3ef3982e,"","2026-01-21"
0,"","Quality Control Tech Video 1","LMG LLC","United States","","$16 - $19 (hourly)",jobspy_indeed,https://www.indeed.com/viewjob?jk=cb106e2b8987c98e,"","2026-05-21"
0,"","Help Desk Technician I","United Mechanical","United States","","$28 - $32 (hourly)",jobspy_indeed,https://www.indeed.com/viewjob?jk=0c5f62bbd78be7af,"","2026-05-20"
0,"","Temporary Help - Local Government","Albemarle County Public Schools","United States","","$15 - $25 (hourly)",jobspy_indeed,https://www.indeed.com/viewjob?jk=8488b1ebf370b234,"","2026-05-20"
0,"","Technical Support Services Aide","University of Kentucky","United States","","$15 - $25 (hourly)",jobspy_indeed,https://www.indeed.com/viewjob?jk=a3419cac81f46e6c,"","2026-05-20"
0,"","AV Service technician","AVL PRO","United States","","$25 - $30 (hourly)",jobspy_indeed,https://www.indeed.com/viewjob?jk=846e0586ed446e48,"","2026-05-20"
0,"","AV Coordinator: Part-Time","Sporting Kansas City","United States","","",jobspy_indeed,https://www.indeed.com/viewjob?jk=8f09b4d92fe76636,"","2026-05-20"
0,"","Event Technician, Audio Visual - (Part Time) - Des Moines Marriott Downtown","Encore Global","United States","","$14 - $18 (hourly)",jobspy_indeed,https://www.indeed.com/viewjob?jk=446c04a4b7acb806,"","2026-05-19"
0,"","Event Technician, Audio Visual - Hilton Columbus Downtown","Encore Global","United States","","$14 - $18 (hourly)",jobspy_indeed,https://www.indeed.com/viewjob?jk=06b82c683aeae106,"","2026-05-19"
0,"","Event Operations Supervisor, Audio Visual - InterContinental Cleveland","Encore Global","United States","","$18 - $24 (hourly)",jobspy_indeed,https://www.indeed.com/viewjob?jk=e9a2db12c7cc7ae2,"","2026-05-19"
0,"","Event Technical Lead, Four Seasons, Philadelphia","Encore Global","United States","","",jobspy_indeed,https://www.indeed.com/viewjob?jk=72902a94d9427996,"","2026-05-19"
0,"","Event Technician, Audio Visual - Part Time Casual Wind Creek Bethlehem","Encore Global","United States","","$15 - $20 (hourly)",jobspy_indeed,https://www.indeed.com/viewjob?jk=1b63dce331bff0a0,"","2026-05-19"
0,"","Event Technician (Full Time)- Audio Visual- The Ritz Carlton Naples Beach Resort","Encore Global","United States","","$15 - $20 (hourly)",jobspy_indeed,https://www.indeed.com/viewjob?jk=e56c7f5d940d6131,"","2026-05-19"
0,"","Onsite AV Service Technician","Diversified","United States","","$32 - $35 (hourly)",jobspy_indeed,https://www.indeed.com/viewjob?jk=b396d57ce95652f8,"","2026-05-19"
0,"","AV Service Support Specialist Site Lead","Diversified","United States","","$36 - $40 (hourly)",jobspy_indeed,https://www.indeed.com/viewjob?jk=fd9828ecca76ba7f,"","2026-05-19"
0,"","Bilingual Help Desk Technician","CampusWorks","Remote","","",jobspy_indeed,https://www.indeed.com/viewjob?jk=ea3dadc9cad63d34,"","2026-05-14"
0,"","PC Technician","QOS Consulting, Inc.","Chicago, Illinois","","$17 - $20 (hourly)",jobspy_indeed,https://www.indeed.com/viewjob?jk=eca392bbf5b4ab82,"","2026-05-21"
0,"","Catering Venue Coordinator","Cheat A Little Catering","San Francisco, California","","$25 - $29 (hourly)",jobspy_indeed,https://www.indeed.com/viewjob?jk=8db8180fb8d30832,"","2026-05-16"
0,"","Workplace Support Technician - Boston onsite","HealthEdge Software, Inc.","Boston, Massachusetts","","$62,000 - $65,000 (yearly)",jobspy_indeed,https://www.indeed.com/viewjob?jk=e428dab47a2b936e,"","2026-05-19"
0,"","Executive Deskside Support Technician","XPO","Boston, Massachusetts","","$106,383 - $132,978 (yearly)",jobspy_indeed,https://www.indeed.com/viewjob?jk=0e7ce8310a56d6ce,"","2026-05-17"
0,"","Senior Scientist, Data Science - Hybrid","XPO","Boston, Massachusetts","","$106,383 - $132,978 (yearly)",jobspy_indeed,https://www.indeed.com/viewjob?jk=ff5e63ae2738aa65,"","2026-04-25"
0,"","IT Helpdesk Technician","K2 Space","Los Angeles, California","","$28 - $43 (hourly)",jobspy_indeed,https://www.indeed.com/viewjob?jk=8e6bd580166a093c,"","2026-05-19"
0,"","AV Event Tech Set Up","JLL","Washington, DC","","$31 - $40 (hourly)",jobspy_indeed,https://www.indeed.com/viewjob?jk=0813509eaf65ed8b,"","2026-05-20"
0,"","Corporate Event Production Technician","DFX Sound Vision","United States","","",jobspy_indeed,https://www.indeed.com/viewjob?jk=209e95fd31212941,"","2026-05-20"
0,"","Lead Field Technician","Verum AV Solutions","United States","","$50,000 - $70,000 (yearly)",jobspy_indeed,https://www.indeed.com/viewjob?jk=4e5a9805ec38d995,"","2026-05-20"
0,"","Assistant Chief Engineer","La Posada de Santa Fe","United States","","",jobspy_indeed,https://www.indeed.com/viewjob?jk=df0d78c06e354586,"","2026-05-20"
0,"","AV Installation Assistant","Avitel","United States","","",jobspy_indeed,https://www.indeed.com/viewjob?jk=0f9a288b4206eeeb,"","2026-05-19"
0,"","Event Setup & Strike Technician (AV + Décor)","Icon Event Group","United States","","",jobspy_indeed,https://www.indeed.com/viewjob?jk=b745236a4f168513,"","2026-05-19"
0,"","Lead AV Tech","nan","United States","","$30 - $33 (hourly)",jobspy_indeed,https://www.indeed.com/viewjob?jk=4c91172e986893e1,"","2026-05-18"
0,"","AV Design Engineer","nan","United States","","$85,000 - $110,000 (yearly)",jobspy_indeed,https://www.indeed.com/viewjob?jk=a6c97bb839a5a63e,"","2026-05-18"
0,"","TECHNICIAN (PT)","City of Dearborn","United States","","",jobspy_indeed,https://www.indeed.com/viewjob?jk=7be970546f0a780b,"","2026-05-18"
0,"","Simulation Operations Specialist","Augusta University","United States","","$48,800 - $57,000 (yearly)",jobspy_indeed,https://www.indeed.com/viewjob?jk=980ed1c8dea77055,"","2026-05-18"
0,"","Audio/Visual Technician (Lead and Helper)","RPM AVS","United States","","$20 - $35 (hourly)",jobspy_indeed,https://www.indeed.com/viewjob?jk=c5b0539658c880a6,"","2026-05-18"
0,"","Manager, Oracle HCM Absence and Benefits - U.S. or Canada","Huron Consulting Group","Chicago, Illinois","","$145,000 - $212,500 (yearly)",jobspy_indeed,https://www.indeed.com/viewjob?jk=bf57ede4112f4efe,"","2026-05-21"
0,"","Supply Chain Spec I, Logistics Full time Second shift","Northwestern Medicine","Chicago, Illinois","","$17 - $25 (hourly)",jobspy_indeed,https://www.indeed.com/viewjob?jk=5f33484fe63af50c,"","2026-05-21"
0,"","Sales - Wireless Specialist - Melrose Park, IL - Bilingual","Russell Cellular","Chicago, Illinois","","$15 - $19 (hourly)",jobspy_indeed,https://www.indeed.com/viewjob?jk=ae1e89f79afa78d9,"","2026-05-21"
0,"","Sales - Wireless Specialist - Roselle, IL","Russell Cellular","Chicago, Illinois","","$15 - $20 (hourly)",jobspy_indeed,https://www.indeed.com/viewjob?jk=afb58eb6b18c6c7e,"","2026-05-21"
0,"","Principal Associate, Sentry Shift Supervisor Global Security Operations Center","Capital One","Chicago, Illinois","","",jobspy_indeed,https://www.indeed.com/viewjob?jk=a9d522a6ead409d3,"","2026-05-20"
0,"","Principal Associate, Sentry Shift Supervisor Global Security Operations Center","Information Technology Senior Management Forum","Chicago, Illinois","","$98,900 - $112,900 (yearly)",jobspy_indeed,https://www.indeed.com/viewjob?jk=2f824da57b12dc84,"","2026-05-20"
0,"","Managing Director, Governance & Controls, North American Treasury & Payment Solutions BMO Commercial Bank Canada & North American Integrated Solutions","BMO Financial Group","Chicago, Illinois","","$200,000 - $250,000 (yearly)",jobspy_indeed,https://www.indeed.com/viewjob?jk=a05c6ef29e93a861,"","2026-05-20"
0,"","Retail Execution Specialist - Aurora, IL","The Coca-Cola Company","Chicago, Illinois","","$45,000 - $52,000 (yearly)",jobspy_indeed,https://www.indeed.com/viewjob?jk=abb4c5a83c8fca04,"","2026-05-20"
0,"","Sales Account Manager - ServiceNow","ESP Global Services","Chicago, Illinois","","$115,000 - $125,000 (yearly)",jobspy_indeed,https://www.indeed.com/viewjob?jk=f019c13074a50695,"","2026-05-20"
0,"","Senior Manager of Systems Administration","Cooper's Hawk Winery & Restaurants","Chicago, Illinois","","$120,000 - $150,000 (yearly)",jobspy_indeed,https://www.indeed.com/viewjob?jk=ee6717691e51758b,"","2026-05-20"
0,"","Manager, Academic Processes","IES Abroad","Chicago, Illinois","","$67,000 - $72,000 (yearly)",jobspy_indeed,https://www.indeed.com/viewjob?jk=82f13a0690cff90c,"","2026-05-20"
0,"","Director of Advancement","Saint Viator High School","Chicago, Illinois","","$85,000 - $100,000 (yearly)",jobspy_indeed,https://www.indeed.com/viewjob?jk=138f1870c2a348ac,"","2026-05-20"
0,"","Target Security Specialist","Target","Chicago, Illinois","","$19 - $29 (hourly)",jobspy_indeed,https://www.indeed.com/viewjob?jk=24b736a4e494a047,"","2026-05-20"
0,"","Manager - Trade Surveillance","Interactive Brokers","Chicago, Illinois","","$100,000 - $110,000 (yearly)",jobspy_indeed,https://www.indeed.com/viewjob?jk=05ddfce974427a23,"","2026-05-20"
0,"","Amazon Connect Lead / Sr. Delivery Consultant","REPLY","Chicago, Illinois","","$150,000 - $175,000 (yearly)",jobspy_indeed,https://www.indeed.com/viewjob?jk=8c34fb55caf4a665,"","2026-05-20"
0,"","People & Culture Talent Specialist","Lawrence Hall","Chicago, Illinois","","$56,000 - $61,000 (yearly)",jobspy_indeed,https://www.indeed.com/viewjob?jk=186ba0443f76e1a7,"","2026-05-20"
0,"","Inside Sales Representative","G.W. Berkheimer Co., Inc.","Chicago, Illinois","","$16 - $24 (hourly)",jobspy_indeed,https://www.indeed.com/viewjob?jk=64fcf55a7dfe070e,"","2026-05-20"
0,"","Registered Dental Hygienist","Lake Bluff Family Dentistry","Chicago, Illinois","","",jobspy_indeed,https://www.indeed.com/viewjob?jk=e40542dc47bd21af,"","2026-05-20"
0,"","Maintenance Technician Specialist","URBAN FARMER","Chicago, Illinois","","$23 - $35 (hourly)",jobspy_indeed,https://www.indeed.com/viewjob?jk=5854997f8bdac87a,"","2026-05-20"
0,"","Manager CSP","Franciscan Health","Chicago, Illinois","","",jobspy_indeed,https://www.indeed.com/viewjob?jk=2ee24a3b0ba5749d,"","2026-05-19"
0,"","Senior Benefits Specialist","West Monroe","Chicago, Illinois","","$94,500 - $116,200 (yearly)",jobspy_indeed,https://www.indeed.com/viewjob?jk=d2d09e380fa9a3a7,"","2026-05-19"
0,"","Supply Chain Receiving Specialist","Endeavor Health","Chicago, Illinois","","$18 - $26 (hourly)",jobspy_indeed,https://www.indeed.com/viewjob?jk=c65748c10a64f713,"","2026-05-19"
0,"","Senior Delivery Consultant - Data Analytics, AWS Professional Services","Amazon Web Services","Chicago, Illinois","","$153,600 - $207,800 (yearly)",jobspy_indeed,https://www.indeed.com/viewjob?jk=ef8b18bc37117b6b,"","2026-05-12"
0,"","Plant Engineer","Sun Chemical","Chicago, Illinois","","$100,000 - $150,000 (yearly)",jobspy_indeed,https://www.indeed.com/viewjob?jk=6fb07d64efbd7130,"","2026-03-16"
0,"","Marketing & Communications Manager - Americas Division","Simon-Kucher & Partners","New York, New York","","$95,000 - $110,000 (yearly)",jobspy_indeed,https://www.indeed.com/viewjob?jk=f42dfc5108542866,"","2026-05-21"
0,"","Assistant Director of Event Services","Stony Brook University","New York, New York","","$68,000 - $74,000 (yearly)",jobspy_indeed,https://www.indeed.com/viewjob?jk=fe703c5064cc2f34,"","2026-05-21"
0,"","Customer Success Team Lead","BuyTheSell","New York, New York","","$115,000 - $130,000 (yearly)",jobspy_indeed,https://www.indeed.com/viewjob?jk=3515c654563a07d7,"","2026-05-21"
0,"","Sales - Wireless Specialist - Hauppauge, NY","Russell Cellular","New York, New York","","$17 - $22 (hourly)",jobspy_indeed,https://www.indeed.com/viewjob?jk=3c542f96e7c0895c,"","2026-05-21"
0,"","Client Experience Specialist - New York, New York","Savant Wealth Management","New York, New York","","$56,000 - $72,000 (yearly)",jobspy_indeed,https://www.indeed.com/viewjob?jk=4e2e0f21733823f3,"","2026-05-20"
0,"","Physical Therapist- Outpatient","Metro Physical & Aquatic Therapy","New York, New York","","$85,000 - $100,000 (yearly)",jobspy_indeed,https://www.indeed.com/viewjob?jk=63926e88b7ee0829,"","2026-05-20"
0,"","Executive Assistant to the Head of Business Excellence and Head of Quality Lab-Solutions","Siemens Healthineers","New York, New York","","$74,970 - $103,081 (yearly)",jobspy_indeed,https://www.indeed.com/viewjob?jk=783626286f9e641f,"","2026-05-20"
0,"","Natural Resources Educator","Cornell University","New York, New York","","$6,600 - $68,000 (yearly)",jobspy_indeed,https://www.indeed.com/viewjob?jk=08570d77efbd2b92,"","2026-05-20"
0,"","Produce & Floral Specialist","The Fresh Market","New York, New York","","$19 - $20 (hourly)",jobspy_indeed,https://www.indeed.com/viewjob?jk=5538416007d09ac8,"","2026-05-20"
0,"","Associate General Counsel, SDx","Antech Diagnostics","New York, New York","","",jobspy_indeed,https://www.indeed.com/viewjob?jk=e6a0bc7a963002a1,"","2026-05-20"
0,"","Hematology Technician I (Day)(Temp)","Antech Diagnostics","New York, New York","","",jobspy_indeed,https://www.indeed.com/viewjob?jk=8ce2d9c5f680b38e,"","2026-05-20"
0,"","Youth Engagement Specialist","Center for Justice Innovation","New York, New York","","$52,000 - $59,900 (yearly)",jobspy_indeed,https://www.indeed.com/viewjob?jk=38da46475fbeae94,"","2026-05-20"
0,"","Product Marketing Manager","Informa","New York, New York","","$75,000 - $90,000 (yearly)",jobspy_indeed,https://www.indeed.com/viewjob?jk=7fb149f6a83f9733,"","2026-05-20"
0,"","Senior Specialist, Marketing","Oscar Health","New York, New York","","$79,488 - $104,328 (yearly)",jobspy_indeed,https://www.indeed.com/viewjob?jk=a66228f1489b5dfb,"","2026-05-20"
0,"","Economic Development Program Specialist 2 (NY HELPS)","Department of Economic Development","New York, New York","","$86,681 - $109,650 (yearly)",jobspy_indeed,https://www.indeed.com/viewjob?jk=ebaae7f4cf60c63e,"","2026-05-20"
0,"","Productivity Specialist","Linde","New York, New York","","$90,000 - $132,000 (yearly)",jobspy_indeed,https://www.indeed.com/viewjob?jk=1e8c2ce4f28dfc7c,"","2026-05-20"
0,"","Target Security Specialist","Target","New York, New York","","",jobspy_indeed,https://www.indeed.com/viewjob?jk=9f0d5c87fd731ee7,"","2026-05-20"
0,"","Senior Director, Segment Head","Fitch Solutions","New York, New York","","$180,000 - $215,000 (yearly)",jobspy_indeed,https://www.indeed.com/viewjob?jk=91791d287627571f,"","2026-05-20"
0,"","Senior Engineer, Agency Planning and Implementation","City of New York","New York, New York","","$100,000 - $110,000 (yearly)",jobspy_indeed,https://www.indeed.com/viewjob?jk=6b9d2ec189eaf009,"","2026-05-20"
0,"","Head Teacher for Full Day Fives","JCC of Stamford","New York, New York","","$55,000 - $65,000 (yearly)",jobspy_indeed,https://www.indeed.com/viewjob?jk=5a1d998cc199844f,"","2026-05-20"
0,"","Head Toddler Teacher","JCC of Stamford","New York, New York","","$55,000 - $65,000 (yearly)",jobspy_indeed,https://www.indeed.com/viewjob?jk=e2ef659335933647,"","2026-05-20"
0,"","Sr Ink Tech Service Rep (Offset, Heatset, Coldset)","Sun Chemical","New York, New York","","$90,000 - $110,000 (yearly)",jobspy_indeed,https://www.indeed.com/viewjob?jk=8d23ce6fbdabfebd,"","2026-04-22"
0,"","IT Procurement & Asset Management Specialist","Postman","San Francisco, California","","$115,000 - $135,000 (yearly)",jobspy_indeed,https://www.indeed.com/viewjob?jk=03d064ba675b76aa,"","2026-05-21"
0,"","Content Marketing Manager","xTool","San Francisco, California","","$80,000 - $100,000 (yearly)",jobspy_indeed,https://www.indeed.com/viewjob?jk=c72791e2d1797ea0,"","2026-05-21"
0,"","INFORMATION TECHNOLOGY SPECIALIST III","California State Personnel Board","San Francisco, California","","$9,507 - $12,740 (monthly)",jobspy_indeed,https://www.indeed.com/viewjob?jk=f88fbd337bd08570,"","2026-05-21"
0,"","Talent Management Program Manager - Performance Lead","Apple","San Francisco, California","","$175,300 - $263,100 (yearly)",jobspy_indeed,https://www.indeed.com/viewjob?jk=5688066329d77132,"","2026-05-20"
0,"","Administrative Specialist – Active Security Clearance Required","Lawrence Livermore National Laboratory","San Francisco, California","","$33 - $45 (hourly)",jobspy_indeed,https://www.indeed.com/viewjob?jk=b31470b5a3d43618,"","2026-05-20"
0,"","Technical Support Specialist","Santa Clara University","San Francisco, California","","",jobspy_indeed,https://www.indeed.com/viewjob?jk=a5411a96fa71c5b5,"","2026-05-20"
0,"","EPIC Clinical Informatics Specialist - REMOTE (CA ONLY)","By the Bay Health","San Francisco, California","","$130,000 - $150,000 (yearly)",jobspy_indeed,https://www.indeed.com/viewjob?jk=75b2d24bf7585c2b,"","2026-05-20"
0,"","INFORMATION TECHNOLOGY SPECIALIST II","California State Personnel Board","San Francisco, California","","$8,625 - $11,557 (monthly)",jobspy_indeed,https://www.indeed.com/viewjob?jk=7b1897a63fde0954,"","2026-05-20"
0,"","Specialist, Marketing","Caleres Inc.","San Francisco, California","","$65,000 - $85,000 (yearly)",jobspy_indeed,https://www.indeed.com/viewjob?jk=4b0d522eec0cecbe,"","2026-05-20"
0,"","Campus Support Specialist I","National University","San Francisco, California","","$20 - $25 (hourly)",jobspy_indeed,https://www.indeed.com/viewjob?jk=0cc6c7df266b3009,"","2026-05-20"
0,"","Target Security Specialist","Target","San Francisco, California","","",jobspy_indeed,https://www.indeed.com/viewjob?jk=096e24c5b8dc3621,"","2026-05-19"
0,"","Principal Partner Success Specialist, AWS Specialist and Partner Organization","Amazon Web Services","San Francisco, California","","$182,800 - $247,300 (yearly)",jobspy_indeed,https://www.indeed.com/viewjob?jk=da2cba6a055476c0,"","2026-05-19"
0,"","Principal Worldwide GTM Specialist, GameTech, WWSO Visual Computing (Advanced Computing)","Amazon Web Services","San Francisco, California","","$193,700 - $238,200 (yearly)",jobspy_indeed,https://www.indeed.com/viewjob?jk=f72e70c07e399cc6,"","2026-05-19"
0,"","Senior Connectivity Cloud Hardware Engineer, NPD","Amazon.com","San Francisco, California","","$159,200 - $247,600 (yearly)",jobspy_indeed,https://www.indeed.com/viewjob?jk=d0b9e56863c40ec5,"","2026-05-19"
0,"","Director of Product Management and Marketing, AIML Technologies","Apple","San Francisco, California","","$290,600 - $464,300 (yearly)",jobspy_indeed,https://www.indeed.com/viewjob?jk=22e99de4d572cb16,"","2026-05-19"
0,"","Product Manager, AirPods Software","Apple","San Francisco, California","","$141,800 - $258,600 (yearly)",jobspy_indeed,https://www.indeed.com/viewjob?jk=43c1112439da6504,"","2026-05-19"
0,"","Product Manager, Apple Intelligence and Photography","Apple","San Francisco, California","","$141,800 - $258,600 (yearly)",jobspy_indeed,https://www.indeed.com/viewjob?jk=e1df9238d6c6dd48,"","2026-05-19"
0,"","Visual Systems Specialist","Apple","San Francisco, California","","$117,400 - $176,800 (yearly)",jobspy_indeed,https://www.indeed.com/viewjob?jk=b794648fbb787858,"","2026-05-19"
0,"","Product Manager, iPad","Apple","San Francisco, California","","$172,100 - $305,600 (yearly)",jobspy_indeed,https://www.indeed.com/viewjob?jk=617f3fc0b8581de5,"","2026-05-19"
0,"","Senior Simulation Animation Engineer - Special Projects","Apple","San Francisco, California","","$172,100 - $305,600 (yearly)",jobspy_indeed,https://www.indeed.com/viewjob?jk=50cf52e33e7b9558,"","2026-05-20"
0,"","Mechanical Engineer, Data Center, Colocation Engineering - AMER","Amazon.com","San Francisco, California","","$134,300 - $185,000 (yearly)",jobspy_indeed,https://www.indeed.com/viewjob?jk=d53e10db64835497,"","2026-05-15"
0,"","Senior Research Manager","nan","San Francisco, California","","",jobspy_indeed,https://www.indeed.com/viewjob?jk=d19d97846093e12b,"","2026-05-01"
0,"","Legal Counsel","nan","San Francisco, California","","",jobspy_indeed,https://www.indeed.com/viewjob?jk=b25a346eed36b2ce,"","2026-05-20"
0,"","Brand Designer","nan","San Francisco, California","","",jobspy_indeed,https://www.indeed.com/viewjob?jk=c9e0ab0fc46c0a14,"","2026-05-18"
0,"","Residential Specialist","Plymouth Housing Group","Seattle, Washington","","",jobspy_indeed,https://www.indeed.com/viewjob?jk=b249a8aaf484b58e,"","2026-05-21"
0,"","TEACHER – ESY PROGRAM","South Kitsap School District","Seattle, Washington","","",jobspy_indeed,https://www.indeed.com/viewjob?jk=ba02a0dbc49a30c7,"","2026-05-20"
0,"","TEACHER OSS – COMPENSATORY","South Kitsap School District","Seattle, Washington","","",jobspy_indeed,https://www.indeed.com/viewjob?jk=18e2ea50c88bcd0a,"","2026-05-20"
0,"","Registered Nurse - Ophthalmology","nan","Seattle, Washington","","$45 - $50 (hourly)",jobspy_indeed,https://www.indeed.com/viewjob?jk=425fa178dc29dda9,"","2026-05-20"
0,"","Cardiovascular Technologist","MultiCare Health System","Seattle, Washington","","$40 - $67 (hourly)",jobspy_indeed,https://www.indeed.com/viewjob?jk=0d0fa3839aa7d1eb,"","2026-05-20"
0,"","Sr. Product Manager-Technical, Water Technology, WW Sustainability","Amazon.com","Seattle, Washington","","$151,200 - $204,600 (yearly)",jobspy_indeed,https://www.indeed.com/viewjob?jk=9e9e93450fc6a8a1,"","2026-05-20"
0,"","State EOC Planning Section Chief (EMPS 4)","State of Washington","Seattle, Washington","","$7,443 - $10,004 (monthly)",jobspy_indeed,https://www.indeed.com/viewjob?jk=3e3da4fb63cf3bf9,"","2026-05-20"
0,"","Amazon Connect Lead / Sr. Delivery Consultant","REPLY","Seattle, Washington","","$150,000 - $175,000 (yearly)",jobspy_indeed,https://www.indeed.com/viewjob?jk=1926f6b1c22f56dd,"","2026-05-20"
0,"","Tumwater - Summer School Math Teacher","Tumwater School District","Seattle, Washington","","",jobspy_indeed,https://www.indeed.com/viewjob?jk=641967864a9d7bce,"","2026-05-20"
0,"","NPO Product TPM, Amazon Infrastructure Service - Manufacturing Operation","Amazon.com","Seattle, Washington","","$148,700 - $201,200 (yearly)",jobspy_indeed,https://www.indeed.com/viewjob?jk=7c4d0ff78dbd3779,"","2026-05-19"
0,"","Sr. Technical Program Manager, Data Center Design Engineering","Amazon.com","Seattle, Washington","","$148,700 - $201,200 (yearly)",jobspy_indeed,https://www.indeed.com/viewjob?jk=0aca3a79bdc9dcf2,"","2026-05-19"
0,"","Principal Worldwide GTM Specialist, GameTech, WWSO Visual Computing (Advanced Computing)","Amazon Web Services","Seattle, Washington","","$193,700 - $238,200 (yearly)",jobspy_indeed,https://www.indeed.com/viewjob?jk=7fd1321da3530fa0,"","2026-05-19"
0,"","Principal Partner Success Specialist, AWS Specialist and Partner Organization","Amazon Web Services","Seattle, Washington","","$182,800 - $247,300 (yearly)",jobspy_indeed,https://www.indeed.com/viewjob?jk=abf7a9de927e3257,"","2026-05-19"
0,"","Infrastructure Reliability Engineer, Infrastructure Reliability & Quality","Amazon Web Services","Seattle, Washington","","$116,800 - $160,000 (yearly)",jobspy_indeed,https://www.indeed.com/viewjob?jk=3744a6fd2c44bb33,"","2026-05-19"
0,"","Network Development Engineer II, Internet Edge Operations","Amazon.com","Seattle, Washington","","$136,000 - $184,000 (yearly)",jobspy_indeed,https://www.indeed.com/viewjob?jk=0d9ebeeba3049b40,"","2026-05-06"
0,"","Network Development Engineer, Network - Core","Amazon Web Services","Seattle, Washington","","$136,000 - $184,000 (yearly)",jobspy_indeed,https://www.indeed.com/viewjob?jk=9c084b3eec1a9eb9,"","2026-05-15"
0,"","Sr. Mechanical Engineer, Data Center Engineering","Amazon.com","Seattle, Washington","","$136,600 - $184,800 (yearly)",jobspy_indeed,https://www.indeed.com/viewjob?jk=1f0c28c1ef1790d7,"","2026-05-15"
0,"","WW Security GTM Specialist, WW Security, Identity, Governance GTM","Amazon Web Services","Seattle, Washington","","$92,400 - $177,800 (yearly)",jobspy_indeed,https://www.indeed.com/viewjob?jk=aed3bbc98f7b51a2,"","2026-05-13"
0,"","WW Sr. Security GTM Specialist, WW Security, Identity, Governance GTM","Amazon Web Services","Seattle, Washington","","$147,900 - $220,200 (yearly)",jobspy_indeed,https://www.indeed.com/viewjob?jk=40fd2f9a241971b5,"","2026-05-13"
0,"","Controls Design Engineer (EPMS), CDE","Amazon.com","Seattle, Washington","","$96,600 - $160,000 (yearly)",jobspy_indeed,https://www.indeed.com/viewjob?jk=a49b46b37408676d,"","2026-04-28"
0,"","BIM Designer - MEP, DC Design Engineering","Amazon.com","Seattle, Washington","","$96,600 - $160,000 (yearly)",jobspy_indeed,https://www.indeed.com/viewjob?jk=bfa9577f932cad46,"","2026-04-28"
0,"","Procurement Category Manager, InfraOps Planning and Sourcing","Amazon.com","Seattle, Washington","","$79,500 - $139,100 (yearly)",jobspy_indeed,https://www.indeed.com/viewjob?jk=6306a3c3e40faf37,"","2026-03-30"
0,"","Continuous Improvement Specialist","Raytheon","Boston, Massachusetts","","$86,800 - $165,200 (yearly)",jobspy_indeed,https://www.indeed.com/viewjob?jk=920108d6ae4ed09d,"","2026-05-21"
0,"","Senior Accident Reconstructionist","YA","Boston, Massachusetts","","",jobspy_indeed,https://www.indeed.com/viewjob?jk=51171094bf3a02b7,"","2026-05-21"
0,"","INSTRUCTIONAL TECH SUPPORT SPECIALIST II, BUMC Educational Media Center","Boston University","Boston, Massachusetts","","",jobspy_indeed,https://www.indeed.com/viewjob?jk=4ff7a2c72808bafd,"","2026-05-21"
0,"","Protective Services Lead","Anthropic","Boston, Massachusetts","","$305,000 - $375,000 (yearly)",jobspy_indeed,https://www.indeed.com/viewjob?jk=6023d5939cc546c5,"","2026-05-20"
0,"","Technical Account Specialist","Interra Health","Boston, Massachusetts","","$43,000 - $56,500 (yearly)",jobspy_indeed,https://www.indeed.com/viewjob?jk=b4fe28f8c4ce4178,"","2026-05-20"
0,"","Bilingual Office Support Specialist","nan","Boston, Massachusetts","","",jobspy_indeed,https://www.indeed.com/viewjob?jk=429ef07a0a595bec,"","2026-05-20"
0,"","Store Associate/Device Repair Technician","nan","Boston, Massachusetts","","",jobspy_indeed,https://www.indeed.com/viewjob?jk=7ec63ca9e0644530,"","2026-05-16"
0,"","Senior Talent Partner (Engineering + Product)","nan","Boston, Massachusetts","","",jobspy_indeed,https://www.indeed.com/viewjob?jk=c22b898811c43447,"","2026-05-20"
0,"","Lead Programs Security Specialist-1","GE Aerospace","Boston, Massachusetts","","$112,700 - $149,500 (yearly)",jobspy_indeed,https://www.indeed.com/viewjob?jk=4c147191329f73a9,"","2026-05-20"
0,"","Employment Specialist","New American Association of Massachusetts","Boston, Massachusetts","","",jobspy_indeed,https://www.indeed.com/viewjob?jk=c2b74d196a8606d1,"","2026-05-20"
0,"","Sr. HR Solution Center Specialist","Mercury Systems","Boston, Massachusetts","","$44,000 - $103,800 (yearly)",jobspy_indeed,https://www.indeed.com/viewjob?jk=7feeaaf92d5e562e,"","2026-05-20"
0,"","Principal Architect III, Google Cloud","Google","Boston, Massachusetts","","$153,000 - $222,000 (yearly)",jobspy_indeed,https://www.indeed.com/viewjob?jk=7691d5aa357b745d,"","2026-05-20"
0,"","Director of Hotel Operations","SULLIVAN CAPITAL","Boston, Massachusetts","","$90,000 - $110,000 (yearly)",jobspy_indeed,https://www.indeed.com/viewjob?jk=dbd057a86a427e85,"","2026-05-20"
0,"","Sales - Wireless Specialist-Boston, MA","Russell Cellular","Boston, Massachusetts","","",jobspy_indeed,https://www.indeed.com/viewjob?jk=e9b2b43e81f8ee11,"","2026-05-20"
0,"","Head of Marketing, Communcations and Events NGP","National Grid","Boston, Massachusetts","","$225,000 - $250,000 (yearly)",jobspy_indeed,https://www.indeed.com/viewjob?jk=a9615aaa35b88026,"","2026-05-19"
0,"","Principal Partner Success Specialist, AWS Specialist and Partner Organization","Amazon Web Services","Boston, Massachusetts","","$182,800 - $247,300 (yearly)",jobspy_indeed,https://www.indeed.com/viewjob?jk=25e9b55d782b7c9e,"","2026-05-19"
0,"","Seafood Specialist","The Fresh Market","Boston, Massachusetts","","$18 - $19 (hourly)",jobspy_indeed,https://www.indeed.com/viewjob?jk=abd0c96e72abb341,"","2026-05-19"
0,"","Deli Specialist","The Fresh Market","Boston, Massachusetts","","$18 - $19 (hourly)",jobspy_indeed,https://www.indeed.com/viewjob?jk=07ddcd2f41a0d664,"","2026-05-19"
0,"","Center Store Specialist","The Fresh Market","Boston, Massachusetts","","$18 - $19 (hourly)",jobspy_indeed,https://www.indeed.com/viewjob?jk=2c61694268afe80f,"","2026-05-19"
0,"","Sr IT Specialist - System Administrator","Odyssey Systems Consulting Group","Boston, Massachusetts","","$120,000 - $130,000 (yearly)",jobspy_indeed,https://www.indeed.com/viewjob?jk=ccaedcbce53f4e7c,"","2026-05-19"
0,"","Sr IT Specialist - System Administrator","Odyssey Consulting","Boston, Massachusetts","","$120,000 - $130,000 (yearly)",jobspy_indeed,https://www.indeed.com/viewjob?jk=a072fa1544f18698,"","2026-05-19"
0,"","Sr. Clinical Sales Specialist, Coronary, Boston MA","Teleflex","Boston, Massachusetts","","$125,000 - $160,000 (yearly)",jobspy_indeed,https://www.indeed.com/viewjob?jk=3f58b4427cfca257,"","2026-05-19"
0,"","Sr. GenAI/ML Specialist Solutions Architect, AGS Specialist Solutions Architects","Amazon Web Services","Boston, Massachusetts","","$145,900 - $207,800 (yearly)",jobspy_indeed,https://www.indeed.com/viewjob?jk=05925a184730bdd0,"","2026-05-19"
0,"","Part-time Supervisor - Nike Legacy Place","NIKE","Boston, Massachusetts","","$21 - $27 (hourly)",jobspy_indeed,https://www.indeed.com/viewjob?jk=477a8e0ba3910d65,"","2026-05-19"
0,"","Account Manager, Small Pharma","IQVIA","Boston, Massachusetts","","$53,700 - $134,200 (yearly)",jobspy_indeed,https://www.indeed.com/viewjob?jk=2491808733f1ca04,"","2026-05-19"
0,"","Senior Managing Accident Reconstructionist","YA","Los Angeles, California","","",jobspy_indeed,https://www.indeed.com/viewjob?jk=4c32be57ee03ea89,"","2026-05-21"
0,"","Kubernetes Site Reliability Engineer","The Aerospace Corporation","Los Angeles, California","","$129,000 - $193,500 (yearly)",jobspy_indeed,https://www.indeed.com/viewjob?jk=3cfc7862ae02b472,"","2026-05-20"
0,"","Position, Navigation, and Timing (PNT) Engineer/Senior Position, Navigation, and Timing (PNT) Engineer","The Aerospace Corporation","Los Angeles, California","","$129,000 - $249,600 (yearly)",jobspy_indeed,https://www.indeed.com/viewjob?jk=ed4013fd77a0d1ff,"","2026-05-19"
0,"","Continuous Project Improvement Specialist","Grifols","Los Angeles, California","","$89,930 - $100,000 (yearly)",jobspy_indeed,https://www.indeed.com/viewjob?jk=36fde960f1f334d2,"","2026-05-20"
0,"","Instructional Systems Specialist","South Orange County Community College District","Los Angeles, California","","$6,827 - $9,656 (monthly)",jobspy_indeed,https://www.indeed.com/viewjob?jk=e347ffa70c1f2425,"","2026-05-20"
0,"","Human Resource Representative Intern","Insperity","Los Angeles, California","","",jobspy_indeed,https://www.indeed.com/viewjob?jk=8bba8cc7d38d0032,"","2026-05-20"
0,"","Telephone Claims Adjuster - National General","National General Insurance","Los Angeles, California","","$21 - $50 (hourly)",jobspy_indeed,https://www.indeed.com/viewjob?jk=5627af2b622e3fcc,"","2026-05-20"
0,"","Marketing Events Specialist","Brown & Streza LLP","Los Angeles, California","","$70,000 - $90,000 (yearly)",jobspy_indeed,https://www.indeed.com/viewjob?jk=31c8d0c6372d7d61,"","2026-05-20"
0,"","Training Specialist - Training Department, Corporate Office","Western National Property Management","Los Angeles, California","","$35 - $44 (hourly)",jobspy_indeed,https://www.indeed.com/viewjob?jk=858e372f84cdce7d,"","2026-05-20"
0,"","Target Security Specialist","Target","Los Angeles, California","","",jobspy_indeed,https://www.indeed.com/viewjob?jk=ff068fabbb39da0b,"","2026-05-20"
0,"","Strategic Senior Acquisition Support Specialist","ENSCO, Inc.","Los Angeles, California","","$99,000 - $155,000 (yearly)",jobspy_indeed,https://www.indeed.com/viewjob?jk=4b58d19f637472cf,"","2026-05-20"
0,"","Microbiology Lab Aide (Day Shift)","Antech Diagnostics","Los Angeles, California","","",jobspy_indeed,https://www.indeed.com/viewjob?jk=301ccc86bb656825,"","2026-05-20"
0,"","CORRECTIONAL COUNSELOR II (SPECIALIST)","California State Personnel Board","Los Angeles, California","","$9,609 - $12,094 (monthly)",jobspy_indeed,https://www.indeed.com/viewjob?jk=c64886d809b5e4aa,"","2026-05-20"
0,"","Lower School Educational Support Specialist","The Buckley School","Los Angeles, California","","$80,000 - $105,000 (yearly)",jobspy_indeed,https://www.indeed.com/viewjob?jk=6afe4dcf64fed8be,"","2026-05-20"
0,"","Sr. Payroll, Benefits & Equity Specialist","ASTROLAB","Los Angeles, California","","$131,000 - $148,000 (yearly)",jobspy_indeed,https://www.indeed.com/viewjob?jk=812fddab4c1a41d4,"","2026-05-20"
0,"","Payroll Specialist","Strategic Legal Practices","Los Angeles, California","","$80,000 - $110,000 (yearly)",jobspy_indeed,https://www.indeed.com/viewjob?jk=8df588b5ec5021e1,"","2026-05-20"
0,"","Principal Worldwide GTM Specialist, GameTech, WWSO Visual Computing (Advanced Computing)","Amazon Web Services","Los Angeles, California","","$193,700 - $238,200 (yearly)",jobspy_indeed,https://www.indeed.com/viewjob?jk=0bf50105ca1ce5bd,"","2026-05-19"
0,"","Property Claims Specialist Field II","Mercury Insurance Company","Los Angeles, California","","$76,829 - $142,213 (yearly)",jobspy_indeed,https://www.indeed.com/viewjob?jk=628956f489729fdd,"","2026-05-19"
0,"","Strategic Senior Acquisition Support Specialist - SBG","DSS, Inc.","Los Angeles, California","","$100,000 - $155,000 (yearly)",jobspy_indeed,https://www.indeed.com/viewjob?jk=534c420caa898523,"","2026-05-19"
0,"","Health Information Systems Senior Support Specialist","Gateways Hospital and Mental Health Center","Los Angeles, California","","$82,000 - $90,000 (yearly)",jobspy_indeed,https://www.indeed.com/viewjob?jk=32cd538412dfb7a5,"","2026-05-19"
0,"","Facilities & Maintenance Specialist","Regal Technology Partners","Los Angeles, California","","",jobspy_indeed,https://www.indeed.com/viewjob?jk=bca1c6f6f40321eb,"","2026-05-19"
0,"","Data Center Technician, LAX - DCO","Amazon.com","Los Angeles, California","","$27 - $48 (hourly)",jobspy_indeed,https://www.indeed.com/viewjob?jk=a716c2b7f360f90e,"","2026-05-15"
0,"","Sales - Wireless Specialist - Rockville, MD","Russell Cellular","Washington, DC","","$16 - $21 (hourly)",jobspy_indeed,https://www.indeed.com/viewjob?jk=ff1dbec5d9bd63ee,"","2026-05-21"
0,"","Sales - Wireless Specialist - Gainesville, VA","Russell Cellular","Washington, DC","","$15 - $20 (hourly)",jobspy_indeed,https://www.indeed.com/viewjob?jk=7fe974754ffa520a,"","2026-05-21"
0,"","Sales - Wireless Specialist - Purcellville, VA","Russell Cellular","Washington, DC","","",jobspy_indeed,https://www.indeed.com/viewjob?jk=d615e439453d6fc7,"","2026-05-21"
0,"","Interpreter","U.S. Department of State","Washington, DC","","$143,913 - $187,093 (yearly)",jobspy_indeed,https://www.indeed.com/viewjob?jk=a91c925593e25f6f,"","2026-05-21"
0,"","Card Vertical Risk Manager, Card Data - Principal Associate","Capital One","Washington, DC","","",jobspy_indeed,https://www.indeed.com/viewjob?jk=60064b47fc054d6b,"","2026-05-20"
0,"","DoW Protocol Specialist (ASW(IAC)) - Clearance Required","LMI","Washington, DC","","$100,000 - $107,000 (yearly)",jobspy_indeed,https://www.indeed.com/viewjob?jk=ab62c648096823b3,"","2026-05-20"
0,"","Senior Magnet Program Analyst","American Nurses Association ANA","Washington, DC","","$100,000 - $120,000 (yearly)",jobspy_indeed,https://www.indeed.com/viewjob?jk=77574ce07d11972a,"","2026-05-20"
0,"","COMM Mission Director","National Reconnaissance Office (NRO)","Washington, DC","","$117,753 - $172,578 (yearly)",jobspy_indeed,https://www.indeed.com/viewjob?jk=0ffe473e28e23bbf,"","2026-05-20"
0,"","PowerBI/Tableau Developer - HYBRID","NTT DATA","Washington, DC","","",jobspy_indeed,https://www.indeed.com/viewjob?jk=052962ed8e92495d,"","2026-05-20"
0,"","Senior Magnet Program Analyst","American Nurses Association, Inc","Washington, DC","","",jobspy_indeed,https://www.indeed.com/viewjob?jk=c04d2b69058f337c,"","2026-05-20"
0,"","Engagement Manager, WWPS ProServe DoD Shared Delivery Team","Amazon Web Services","Washington, DC","","$131,200 - $177,600 (yearly)",jobspy_indeed,https://www.indeed.com/viewjob?jk=cec7cfbfa5fc9865,"","2026-05-20"
0,"","DCO Tech","Amazon.com","Washington, DC","","$30 - $54 (hourly)",jobspy_indeed,https://www.indeed.com/viewjob?jk=9f6317463c1e07f0,"","2026-05-20"
0,"","NW Deployment Planner I, GND - Planning, Implementation, Coordination (PIC) Team","Amazon.com","Washington, DC","","$30 - $54 (hourly)",jobspy_indeed,https://www.indeed.com/viewjob?jk=59a99a69ba08f54e,"","2026-05-18"
0,"","Network Development Engineer, Network - Core","Amazon.com","Washington, DC","","$136,000 - $184,000 (yearly)",jobspy_indeed,https://www.indeed.com/viewjob?jk=af752a777fd8dfc5,"","2026-05-18"
0,"","Network Development Engineer, Network - Core","Amazon Web Services","Washington, DC","","$136,000 - $184,000 (yearly)",jobspy_indeed,https://www.indeed.com/viewjob?jk=f60746bd2cc134c9,"","2026-05-15"
0,"","Controls Design Engineer (EPMS), CDE","Amazon.com","Washington, DC","","$96,600 - $160,000 (yearly)",jobspy_indeed,https://www.indeed.com/viewjob?jk=e275d7adff5c95a3,"","2026-04-28"
0,"","BIM Designer - MEP, DC Design Engineering","Amazon.com","Washington, DC","","$96,600 - $160,000 (yearly)",jobspy_indeed,https://www.indeed.com/viewjob?jk=f93090a9ead2e112,"","2026-04-27"
0,"","Mechanical Design Engineer, Data Center Design Engineering","Amazon.com","Washington, DC","","$96,600 - $160,000 (yearly)",jobspy_indeed,https://www.indeed.com/viewjob?jk=2f030ad4905fa37a,"","2026-05-19"
0,"","Key Account Manager - Cardiac & Vascular Image Guided Therapy (Buffalo NY; Rochester NY)","Philips","United States","","$187,750 - $241,000 (yearly)",jobspy_indeed,https://www.indeed.com/viewjob?jk=073097db1fda8c8e,"","2026-05-21"
0,"","Clinical Pharmacy Specialist (Primary Care)","US Department of Veterans Affairs","United States","","$146,389 - $190,308 (yearly)",jobspy_indeed,https://www.indeed.com/viewjob?jk=f4ada66ef2e850e1,"","2026-05-21"
0,"","Staff Software Engineer - ServiceNow ITAM","The Walt Disney Company","United States","","$148,300 - $198,800 (yearly)",jobspy_indeed,https://www.indeed.com/viewjob?jk=4a2638e3cddd93f4,"","2026-05-21"
0,"","Personal Banker II","Citadel Credit Union","United States","","",jobspy_indeed,https://www.indeed.com/viewjob?jk=6f4ae76a780d7892,"","2026-05-21"
0,"","Program Specialist - Part Time - Council Bluffs","Boys & Girls Clubs of the Midlands","United States","","$17 - $20 (hourly)",jobspy_indeed,https://www.indeed.com/viewjob?jk=bfc51da6cd7dcf76,"","2026-05-21"
0,"","Multimedia Manager - Videographer","Lids","United States","","",jobspy_indeed,https://www.indeed.com/viewjob?jk=e728a14846212449,"","2026-05-21"
0,"","Multimedia Specialist - Motion Graphics/Editor","Lids","United States","","",jobspy_indeed,https://www.indeed.com/viewjob?jk=03badf4b37f4fbcf,"","2026-05-21"
0,"","Digital Learning Specialist","Lamar CISD","United States","","",jobspy_indeed,https://www.indeed.com/viewjob?jk=7c4767dcb3849bea,"","2026-05-21"
0,"","Product Delivery Associate - Auto Product/VBA Specialist","JPMorganChase","United States","","",jobspy_indeed,https://www.indeed.com/viewjob?jk=038fd0f15b8e5250,"","2026-05-21"
0,"","Surgical Coordinator 1","LifeLink Foundation, Inc.","United States","","",jobspy_indeed,https://www.indeed.com/viewjob?jk=8a938b646830e8fb,"","2026-05-21"
0,"","Pharmacist Specialist - Hospital / Inpatient - Night Shift","UPMC","United States","","$67 - $100 (hourly)",jobspy_indeed,https://www.indeed.com/viewjob?jk=196582b9d2208d22,"","2026-05-21"
0,"","Middle School Science/STEAM Teacher, Language-Based Learning Differences","The Hillside School","United States","","",jobspy_indeed,https://www.indeed.com/viewjob?jk=b40c801268c73d85,"","2026-05-21"
0,"","Data Services Specialist","SofterWare, Inc","United States","","$55,000 - $65,000 (yearly)",jobspy_indeed,https://www.indeed.com/viewjob?jk=18eedb4f98a19aea,"","2026-05-21"
0,"","Commercial Specialist","Colorcon","United States","","",jobspy_indeed,https://www.indeed.com/viewjob?jk=5ab94734495e58aa,"","2026-05-21"
0,"","Program Specialist I - Bioeconomy Institute","Iowa State University","United States","","",jobspy_indeed,https://www.indeed.com/viewjob?jk=79a73f613d67cc52,"","2026-05-21"
0,"","Specialist, Software Engineer","Nationwide Mutual Insurance Company","United States","","",jobspy_indeed,https://www.indeed.com/viewjob?jk=cdfa7a6bbc167771,"","2026-05-21"
0,"","Utilities Customer Programs Specialist","City of Loveland","United States","","$67,978 - $91,771 (yearly)",jobspy_indeed,https://www.indeed.com/viewjob?jk=8d0c8d59eeab04bc,"","2026-05-21"
0,"","Product Specialist - Digital Pathology","Agilent Technologies","United States","","$195,750 - $326,250 (yearly)",jobspy_indeed,https://www.indeed.com/viewjob?jk=05bfe1e59058305c,"","2026-05-21"
0,"","Community Relations Specialist","Eversource Energy","United States","","$97,990 - $108,880 (yearly)",jobspy_indeed,https://www.indeed.com/viewjob?jk=995ba96b3a72df81,"","2026-05-21"
0,"","Sr Partner Development Manager- Adobe , COE Technology Partnerships, Horizontal Business Applications","Amazon Web Services","United States","","$193,700 - $262,000 (yearly)",jobspy_indeed,https://www.indeed.com/viewjob?jk=6e8c909f89d62204,"","2026-03-18"
0,"","Senior Training Specialist - Performance Excellence","Houston Methodist","United States","","",jobspy_indeed,https://www.indeed.com/viewjob?jk=1c82e9d1f4b6ad33,"","2026-02-20"
0,"","Environmental Services Lead","Houston Methodist","United States","","",jobspy_indeed,https://www.indeed.com/viewjob?jk=42f60a643d4a80fe,"","2026-02-20"
0,"","Capacity Development Assistant (home based) (Open to Tier 1 and 2 applicants only)","United Nations Development Programme","Remote","","",jobspy_indeed,https://www.indeed.com/viewjob?jk=17ffadca523cc13d,"","2026-05-21"
0,"","Compliance Specialist","Aleto, Inc.","Remote","","$75,000 - $85,000 (yearly)",jobspy_indeed,https://www.indeed.com/viewjob?jk=79203de0ae516f19,"","2026-05-21"
0,"","Senior Managing Accident Reconstructionist","YA","Remote","","",jobspy_indeed,https://www.indeed.com/viewjob?jk=9a1586f002573cef,"","2026-05-20"
0,"","Associate Actuary","CenterWell","Remote","","$106,900 - $147,000 (yearly)",jobspy_indeed,https://www.indeed.com/viewjob?jk=1d9762b8d423d92b,"","2026-05-20"
0,"","Director, Product Management – Provider Network & Interoperability","Progyny","Remote","","$175,000 - $195,000 (yearly)",jobspy_indeed,https://www.indeed.com/viewjob?jk=be7b489222dcc8ea,"","2026-05-20"
0,"","Manager, Web & Mobile Engineering","Progyny","Remote","","$175,000 - $195,000 (yearly)",jobspy_indeed,https://www.indeed.com/viewjob?jk=73942d2ca5953ad4,"","2026-05-20"
0,"","Lifecycle Specialist, Employee Relations & Transitions - CAD/LATAM","Remote","Remote","","$37,250 - $83,800 (yearly)",jobspy_indeed,https://www.indeed.com/viewjob?jk=b6c475059b33c099,"","2026-05-20"
0,"","Demand Generation Specialist - East Coast","StarCompliance","Remote","","",jobspy_indeed,https://www.indeed.com/viewjob?jk=4a33adedec5f5e5f,"","2026-05-20"
0,"","Senior Renewals Specialist","1Password","Remote","","$73,000 - $104,000 (yearly)",jobspy_indeed,https://www.indeed.com/viewjob?jk=3bb6ec644e5e8185,"","2026-05-20"
0,"","Marketing and Revenue Operations Specialist","Fidus Global LLC","Remote","","$75,000 - $85,000 (yearly)",jobspy_indeed,https://www.indeed.com/viewjob?jk=6abca909b68fbe32,"","2026-05-20"
0,"","Sales Enablement & Demonstration Manager","Solventum","Remote","","$143,200 - $196,900 (yearly)",jobspy_indeed,https://www.indeed.com/viewjob?jk=19d4a206d67933ff,"","2026-05-20"
0,"","Security Solutions Lead Consultant – Secure Service Edge (SSE) / Secure Access Service Edge","World Wide Technology","Remote","","$134,800 - $168,500 (yearly)",jobspy_indeed,https://www.indeed.com/viewjob?jk=0648d196d88a750f,"","2026-05-20"
0,"","National Technical Support Technician","EquipmentShare","Remote","","",jobspy_indeed,https://www.indeed.com/viewjob?jk=d5932b05e959a6c9,"","2026-05-20"
0,"","Growth Specialist","PatientNOW","Remote","","$130,000 - $150,000 (yearly)",jobspy_indeed,https://www.indeed.com/viewjob?jk=b93038ac60205dd0,"","2026-05-20"
0,"","Senior Manager, Customer and Product Training","GrowthZone","Remote","","",jobspy_indeed,https://www.indeed.com/viewjob?jk=0034abfdeb16a179,"","2026-05-20"
0,"","Customer Success Manager","HiddenLayer","Remote","","",jobspy_indeed,https://www.indeed.com/viewjob?jk=55e2a99c53c9c0b4,"","2026-05-20"
0,"","Major Incident Management (MIM) Support Specialist","Kentro","Remote","","",jobspy_indeed,https://www.indeed.com/viewjob?jk=23f9f6e5a33e92a8,"","2026-05-19"
0,"","People Operations Specialist","Vanta","Remote","","$99,000 - $116,000 (yearly)",jobspy_indeed,https://www.indeed.com/viewjob?jk=26569fb6b54f9a94,"","2026-05-19"
0,"","Senior Talent Acquisition Specialist (Contractor)","mSupply","Remote","","",jobspy_indeed,https://www.indeed.com/viewjob?jk=94345808029d16a1,"","2026-05-19"
0,"","Architectural Designer","Airoom Architects, Builders and Remodelers","Chicago, Illinois","","$80,000 - $120,000 (yearly)",jobspy_indeed,https://www.indeed.com/viewjob?jk=59240f9ceee2a909,"","2026-05-20"
0,"","Senior Interior Designer","nan","Chicago, Illinois","","$80,000 - $90,000 (yearly)",jobspy_indeed,https://www.indeed.com/viewjob?jk=e30f5a9c29a12656,"","2026-05-20"
0,"","Transportation Systems Management and Operations (TSMO) Program Manager","WSP","Chicago, Illinois","","$110,700 - $188,200 (yearly)",jobspy_indeed,https://www.indeed.com/viewjob?jk=8b662123d4e19c23,"","2026-05-19"
0,"","Benefits Specialist","Visual Comfort & Co","Chicago, Illinois","","$30 - $32 (hourly)",jobspy_indeed,https://www.indeed.com/viewjob?jk=37dfa70c6256117e,"","2026-05-19"
0,"","Electrical Engineering Graduate - Designer 2","IMEG","Chicago, Illinois","","$71,000 - $90,000 (yearly)",jobspy_indeed,https://www.indeed.com/viewjob?jk=b38347b5273bbe2e,"","2026-05-19"
0,"","Graphic Designer (full-time)","MT. PROSPECT PARK DISTRICT","Chicago, Illinois","","$53,410 - $63,500 (yearly)",jobspy_indeed,https://www.indeed.com/viewjob?jk=37f2d5b944280685,"","2026-05-18"
0,"","Associate Video Producer","Paylocity","Chicago, Illinois","","$56,000 - $61,000 (yearly)",jobspy_indeed,https://www.indeed.com/viewjob?jk=6c864466fd953b23,"","2026-05-18"
0,"","Sr. Project Design Manager","Cushman & Wakefield","Chicago, Illinois","","$80,750 - $95,000 (yearly)",jobspy_indeed,https://www.indeed.com/viewjob?jk=705673ee98839b7c,"","2026-05-14"
0,"","Tech Assistant II/ Production (Winter)","DuPage High School District 88","Chicago, Illinois","","",jobspy_indeed,https://www.indeed.com/viewjob?jk=2914700b4b63429c,"","2025-11-18"
0,"","Tech II (Fall/Winter/Spring)","DuPage High School District 88","Chicago, Illinois","","",jobspy_indeed,https://www.indeed.com/viewjob?jk=776b4a5a2b9a747e,"","2025-02-13"
0,"","Senior Highway Project Engineer","Johnson, Mirmiran & Thompson","New York, New York","","$140,000 - $170,000 (yearly)",jobspy_indeed,https://www.indeed.com/viewjob?jk=b4d4fabbe920abf1,"","2026-05-21"
0,"","AR/VR Weather Designer","CBS News and Stations","New York, New York","","$100,000 - $125,000 (yearly)",jobspy_indeed,https://www.indeed.com/viewjob?jk=39181596365497bb,"","2026-05-20"
0,"","Project Coordinator","Bitro Group","New York, New York","","$55,000 - $75,000 (yearly)",jobspy_indeed,https://www.indeed.com/viewjob?jk=6f52233b4e9f4bea,"","2026-05-20"
0,"","Salesperson / Project Specialist","West Out East","New York, New York","","",jobspy_indeed,https://www.indeed.com/viewjob?jk=ffcefccec5615c7d,"","2026-05-20"
0,"","Visual Merchandiser- Newport Centre","H&M","New York, New York","","$19 - $25 (hourly)",jobspy_indeed,https://www.indeed.com/viewjob?jk=36d8631bfbad7a2e,"","2026-05-20"
0,"","Account Development Representative","Humanscale","New York, New York","","$73,573 - $107,314 (yearly)",jobspy_indeed,https://www.indeed.com/viewjob?jk=142727722654e113,"","2026-05-19"
0,"","Digital Content Designer (Music)","Wasserman Media Group LLC","New York, New York","","$70,000 - $80,000 (yearly)",jobspy_indeed,https://www.indeed.com/viewjob?jk=7b7e974ac4e93b69,"","2026-05-19"
0,"","Architectural Designer","Jamestown Management Corporation","New York, New York","","$75,000 - $90,000 (yearly)",jobspy_indeed,https://www.indeed.com/viewjob?jk=6d0ad46f8650cc43,"","2026-05-18"
0,"","Graphic Designer / Creative Content Specialist","Sterling Ink","New York, New York","","",jobspy_indeed,https://www.indeed.com/viewjob?jk=bce5713706ce74ec,"","2026-05-18"
0,"","Kitchen Designer","nan","New York, New York","","",jobspy_indeed,https://www.indeed.com/viewjob?jk=e637702b5f11791d,"","2026-05-18"
0,"","Live Stream Technician/ Camera Operator (Part-Time)","nan","New York, New York","","",jobspy_indeed,https://www.indeed.com/viewjob?jk=a7c5d5b48c5f8d67,"","2026-05-01"
0,"","Project Manager - Set Design and Fabrication Studio","Sets and Effects","New York, New York","","$32 - $45 (hourly)",jobspy_indeed,https://www.indeed.com/viewjob?jk=9a937d98b25f7c39,"","2026-05-17"
0,"","Interior Designer/Sales Professional","Muttimo Luxury Concept","New York, New York","","$78,000 - $90,000 (yearly)",jobspy_indeed,https://www.indeed.com/viewjob?jk=ac2c0dd941006167,"","2026-05-16"
0,"","Flex Art Creative Producer (Project Based Role)","Meow Wolf","New York, New York","","$102,036 - $114,970 (yearly)",jobspy_indeed,https://www.indeed.com/viewjob?jk=0dbccd4a13979a07,"","2026-05-15"
0,"","Showroom Coordinator Full-Time | Huntington Station, NY | $20–$23/hr","Lighting Gallery","New York, New York","","$31,000 - $36,000 (yearly)",jobspy_indeed,https://www.indeed.com/viewjob?jk=13fb2a3108a2d1e9,"","2026-05-15"
0,"","Head of Design & Experience","Semafor","New York, New York","","$220,000 - $240,000 (yearly)",jobspy_indeed,https://www.indeed.com/viewjob?jk=a6b0ad87281180f2,"","2026-05-15"
0,"","Senior Interior Designer","HLW International","New York, New York","","$100,000 - $140,000 (yearly)",jobspy_indeed,https://www.indeed.com/viewjob?jk=66abc5f9cceffa1c,"","2026-05-14"
0,"","Interior Designer (Intermediate)","HLW International","New York, New York","","$80,000 - $115,000 (yearly)",jobspy_indeed,https://www.indeed.com/viewjob?jk=ae2c5f9d21ac55b6,"","2026-05-14"
0,"","Sr. Project Design Manager","Cushman & Wakefield","New York, New York","","$80,750 - $95,000 (yearly)",jobspy_indeed,https://www.indeed.com/viewjob?jk=27c06faa0549f7bf,"","2026-05-14"
0,"","Videographer and Content Editor (Contract-to-Hire)","TUSHY","New York, New York","","",jobspy_indeed,https://www.indeed.com/viewjob?jk=2e42513f5b974455,"","2026-05-01"
0,"","Creative Director CGI, Devices Brand Studio","Amazon.com","New York, New York","","$141,000 - $210,300 (yearly)",jobspy_indeed,https://www.indeed.com/viewjob?jk=4110e15dbb2f4d09,"","2026-02-24"
0,"","Engineering Team Lead","Rosendin Electric","San Francisco, California","","$147,200 - $193,200 (yearly)",jobspy_indeed,https://www.indeed.com/viewjob?jk=8bd8d19c29fdc79a,"","2026-05-20"
0,"","Instrument Engineer","Hargrove Engineers + Constructors","San Francisco, California","","$140,000 - $175,000 (yearly)",jobspy_indeed,https://www.indeed.com/viewjob?jk=2f448a973ac23c0a,"","2026-05-20"
0,"","Trade Sales Consultant - Remote","Lumens","San Francisco, California","","$70,000 - $85,000 (yearly)",jobspy_indeed,https://www.indeed.com/viewjob?jk=1bf5e00eee53456c,"","2026-05-20"
0,"","AV Technical Event Producer","Got Light","San Francisco, California","","$85,000 - $90,000 (yearly)",jobspy_indeed,https://www.indeed.com/viewjob?jk=7f27bc6b23f887ec,"","2026-05-19"
0,"","Intermediate Architectural Associate","Designing Justice + Designing Spaces","San Francisco, California","","$85,000 - $110,000 (yearly)",jobspy_indeed,https://www.indeed.com/viewjob?jk=28c549e967185616,"","2026-05-19"
0,"","Design Showroom Coordinator & Sales Consultant","Lumens","San Francisco, California","","$80,000 - $90,000 (yearly)",jobspy_indeed,https://www.indeed.com/viewjob?jk=1848c583ec0a7c20,"","2026-05-19"
0,"","Designer","Crate and Barrel","San Francisco, California","","$18 - $36 (hourly)",jobspy_indeed,https://www.indeed.com/viewjob?jk=b4b5bf3b667446c7,"","2026-05-18"
0,"","Junior Designer/Assistant to Principal","Cynthia Spence Design","San Francisco, California","","$25 - $45 (hourly)",jobspy_indeed,https://www.indeed.com/viewjob?jk=c40a2b9f1cb30ffc,"","2026-05-15"
0,"","Interior Design & Client Relations Specialist","Honey Badger Brothers Construction","San Francisco, California","","$60,000 - $110,000 (yearly)",jobspy_indeed,https://www.indeed.com/viewjob?jk=ec62b5f193f175f2,"","2026-05-15"
0,"","Luxury Sales Representative","BRAVAS | Home Experience Design","San Francisco, California","","$80,000 - $87,000 (yearly)",jobspy_indeed,https://www.indeed.com/viewjob?jk=8eafc6b994fac8fb,"","2026-05-14"
0,"","Senior Electrical Designer - Buildings","Colliers Engineering & Design","Seattle, Washington","","$78,500 - $104,400 (yearly)",jobspy_indeed,https://www.indeed.com/viewjob?jk=30552dc556641c03,"","2026-05-20"
0,"","Senior Mechanical Designer - Buildings","Colliers Engineering & Design","Seattle, Washington","","$78,500 - $104,400 (yearly)",jobspy_indeed,https://www.indeed.com/viewjob?jk=b653f735839750cb,"","2026-05-20"
0,"","Senior Electrical Engineer - Buildings","Colliers Engineering & Design","Seattle, Washington","","$106,600 - $140,000 (yearly)",jobspy_indeed,https://www.indeed.com/viewjob?jk=6d23665956bcee71,"","2026-05-20"
0,"","Senior Mechanical Engineer - Buildings","Colliers Engineering & Design","Seattle, Washington","","$106,600 - $140,000 (yearly)",jobspy_indeed,https://www.indeed.com/viewjob?jk=df670a5052886e4a,"","2026-05-20"
0,"","Senior Designer (Luxury Home Staging)","Decorus Home Staging","Seattle, Washington","","$28 - $35 (hourly)",jobspy_indeed,https://www.indeed.com/viewjob?jk=e435ba99fdb746e0,"","2026-05-20"
0,"","Receptionist and Administrative Support","Cabinets by Trivonna","Seattle, Washington","","$20 - $21 (hourly)",jobspy_indeed,https://www.indeed.com/viewjob?jk=221faece282d2edc,"","2026-05-20"
0,"","Facilities Coordinator","CREO Industrial Arts","Seattle, Washington","","$21 - $25 (hourly)",jobspy_indeed,https://www.indeed.com/viewjob?jk=943fec4276b76833,"","2026-05-18"
0,"","Showroom Sales","Consolidated Supply","Seattle, Washington","","",jobspy_indeed,https://www.indeed.com/viewjob?jk=4390296fcd8bd63f,"","2026-05-18"
0,"","Interior Furnishings Division Lead","Innovative Home Renovations","Seattle, Washington","","$95 - $115 (yearly)",jobspy_indeed,https://www.indeed.com/viewjob?jk=4d2350ef834eb9bc,"","2026-05-15"
0,"","Sr. Project Design Manager","Cushman & Wakefield","Seattle, Washington","","$80,750 - $95,000 (yearly)",jobspy_indeed,https://www.indeed.com/viewjob?jk=0b2ba3372fcc9ce6,"","2026-05-14"
0,"","Electrical BIM Designer, DC Design Engineering","Amazon.com","Seattle, Washington","","$116,800 - $160,000 (yearly)",jobspy_indeed,https://www.indeed.com/viewjob?jk=7b411d392f3e644f,"","2026-04-23"
0,"","Creative Director CGI, Devices Brand Studio","Amazon.com","Seattle, Washington","","$141,000 - $210,300 (yearly)",jobspy_indeed,https://www.indeed.com/viewjob?jk=e02815961e9ca0ca,"","2026-02-24"
0,"","Bath Showroom Sales Associate","The Granite Group","Boston, Massachusetts","","$55,000 - $62,000 (yearly)",jobspy_indeed,https://www.indeed.com/viewjob?jk=897a677ff6bc4e15,"","2026-05-20"
0,"","Regional Production Manager","Spectacle Management","Boston, Massachusetts","","$50,000 - $60,000 (yearly)",jobspy_indeed,https://www.indeed.com/viewjob?jk=aaf3e9e908350248,"","2026-05-20"
0,"","Sr. Project Design Manager","Cushman & Wakefield","Boston, Massachusetts","","$80,750 - $95,000 (yearly)",jobspy_indeed,https://www.indeed.com/viewjob?jk=8aec4f06c5b4cffb,"","2026-05-14"
0,"","Engineering Team Lead","Rosendin Electric","Los Angeles, California","","$129,600 - $170,000 (yearly)",jobspy_indeed,https://www.indeed.com/viewjob?jk=5f0d9081fb67146d,"","2026-05-21"
0,"","Design & Color Consultant","Catalina Paints","Los Angeles, California","","",jobspy_indeed,https://www.indeed.com/viewjob?jk=b581b79120146b0b,"","2026-05-21"
0,"","H&M Visual Merchandiser - The Farmers Market","H&M","Los Angeles, California","","$22 - $25 (hourly)",jobspy_indeed,https://www.indeed.com/viewjob?jk=0cb00f1270a4bec6,"","2026-05-21"
0,"","Warehouse Associate","Chroma Systems Solutions","Los Angeles, California","","$17 - $24 (hourly)",jobspy_indeed,https://www.indeed.com/viewjob?jk=308ec4f3975db08d,"","2026-05-20"
0,"","Senior Art Director, Motion Design","Apple","Los Angeles, California","","$173,500 - $260,800 (yearly)",jobspy_indeed,https://www.indeed.com/viewjob?jk=86e02c71f8761bf2,"","2026-05-19"
0,"","Essentials Project Manager","Prologis","Los Angeles, California","","$123,000 - $169,000 (yearly)",jobspy_indeed,https://www.indeed.com/viewjob?jk=bac94a3f5ffc52ae,"","2026-05-19"
0,"","Part - Time Fulfillment Operations Coordinator","Ardmore Home Design","Los Angeles, California","","$23 - $25 (hourly)",jobspy_indeed,https://www.indeed.com/viewjob?jk=5d8e27795f4a8c59,"","2026-05-19"
0,"","Sales Associate","Visual Comfort & Co","Los Angeles, California","","$35 - $37 (hourly)",jobspy_indeed,https://www.indeed.com/viewjob?jk=070d48964c01a5d0,"","2026-05-19"
0,"","Production Assistant","Liton Lighting","Los Angeles, California","","$20 - $25 (hourly)",jobspy_indeed,https://www.indeed.com/viewjob?jk=cdbb7c80aa5480ce,"","2026-05-19"
0,"","Project Manager - Store Construction","SKIMS","Los Angeles, California","","$110,000 - $130,000 (yearly)",jobspy_indeed,https://www.indeed.com/viewjob?jk=c2ee1b28a056ce2b,"","2026-05-19"
0,"","AI Designer","Faraday Future","Los Angeles, California","","$90,000 - $100,000 (yearly)",jobspy_indeed,https://www.indeed.com/viewjob?jk=1b60f497c01d3c7e,"","2026-05-19"
0,"","Account Manager","Ardmore Home Design","Los Angeles, California","","$23 - $26 (hourly)",jobspy_indeed,https://www.indeed.com/viewjob?jk=7dedb69d16759fba,"","2026-05-18"
0,"","Designer","Crate and Barrel","Los Angeles, California","","$18 - $22 (hourly)",jobspy_indeed,https://www.indeed.com/viewjob?jk=d68e4891d53f12bd,"","2026-05-18"
0,"","Facilities Engineer","Saks Global","Los Angeles, California","","$31 - $39 (hourly)",jobspy_indeed,https://www.indeed.com/viewjob?jk=8b178efa0d8b6be4,"","2026-05-18"
0,"","Sr. Visual Designer","PacSun","Los Angeles, California","","",jobspy_indeed,https://www.indeed.com/viewjob?jk=5e1d7809a5ea512f,"","2026-05-18"
0,"","Escape Room Designer/Builder","Architect Escape Rooms","Los Angeles, California","","$20 - $25 (hourly)",jobspy_indeed,https://www.indeed.com/viewjob?jk=b85dc16e216a7d22,"","2026-05-17"
0,"","Sales Development Coordinator","Ardmore Home Design","Los Angeles, California","","",jobspy_indeed,https://www.indeed.com/viewjob?jk=328b41fe66994148,"","2026-05-15"
0,"","Operational Technology Network Engineer, Technical Infrastructure","Disney Parks, Experiences and Products","Los Angeles, California","","",jobspy_indeed,https://www.indeed.com/viewjob?jk=1462ad0c9f1543ad,"","2026-05-15"
0,"","Senior Financial Analyst","Fulham","Los Angeles, California","","$80,000 - $90,000 (yearly)",jobspy_indeed,https://www.indeed.com/viewjob?jk=b0342d1080c574c1,"","2026-05-14"
0,"","Operational Technology Network Engineer, Technical Infrastructure","The Walt Disney Company","Los Angeles, California","","$129,300 - $208,700 (yearly)",jobspy_indeed,https://www.indeed.com/viewjob?jk=c249d0be1810f569,"","2026-05-14"
0,"","Sr. Project Design Manager","Cushman & Wakefield","Los Angeles, California","","$80,750 - $95,000 (yearly)",jobspy_indeed,https://www.indeed.com/viewjob?jk=42d02c83c0c6f761,"","2026-05-14"
0,"","Creative Director CGI, Devices Brand Studio","Amazon.com","Los Angeles, California","","$141,000 - $210,300 (yearly)",jobspy_indeed,https://www.indeed.com/viewjob?jk=931ce510a8268bcc,"","2026-02-24"
0,"","Entry Level Electrical Designer","Salas O'Brien","Washington, DC","","",jobspy_indeed,https://www.indeed.com/viewjob?jk=e1430f1295c7e244,"","2026-05-20"
0,"","Interior Designer","The Hitch Group LLC","Washington, DC","","$60,000 - $75,000 (yearly)",jobspy_indeed,https://www.indeed.com/viewjob?jk=4ccd9b13335d3300,"","2026-05-20"
0,"","Technical Designer - Sports - Mid Level","Gensler","Washington, DC","","$71,000 - $92,000 (yearly)",jobspy_indeed,https://www.indeed.com/viewjob?jk=2d4eca99b93e7f6e,"","2026-05-20"
0,"","Aviation Civil Engineer II","Johnson, Mirmiran & Thompson","Washington, DC","","$102,960 - $124,800 (yearly)",jobspy_indeed,https://www.indeed.com/viewjob?jk=c61414e48fbb8569,"","2026-05-20"
0,"","Interior Designer","PEtro health LLC","Washington, DC","","$1 - $103,623 (yearly)",jobspy_indeed,https://www.indeed.com/viewjob?jk=872538416cb07654,"","2026-05-20"
0,"","Landscape Construction Manager","Business Resources One","Washington, DC","","$110,000 - $140,000 (yearly)",jobspy_indeed,https://www.indeed.com/viewjob?jk=7e09b276dc2de7ec,"","2026-05-19"
0,"","Principal Data Solutions Architect","Constellation Energy","Washington, DC","","$139,200 - $208,800 (yearly)",jobspy_indeed,https://www.indeed.com/viewjob?jk=b67d6e34521cde17,"","2026-05-19"
0,"","MULTIMEDIA SPECIALIST (ADMINISTRATIVE OFFICER III)","nan","Washington, DC","","$62,220 - $96,790 (yearly)",jobspy_indeed,https://www.indeed.com/viewjob?jk=f6a2a8bcb47b7e86,"","2026-05-19"
0,"","Senior Interior Designer","Arminco, Inc.","Washington, DC","","$80,000 - $100,000 (yearly)",jobspy_indeed,https://www.indeed.com/viewjob?jk=961b2fc511277698,"","2026-05-18"
0,"","Mechanical Engineer Intern/Co-op Fall 2026 - Energy Solutions","Legence","Washington, DC","","",jobspy_indeed,https://www.indeed.com/viewjob?jk=6f317ae91585e52e,"","2026-05-16"
0,"","Mechanical Engineer Intern/Co-op Fall 2026 - Energy Solutions","CMTA Consulting Engineers","Washington, DC","","",jobspy_indeed,https://www.indeed.com/viewjob?jk=feffeddd95328f01,"","2026-05-16"
0,"","Architect- Sports","Gensler","Washington, DC","","$76,000 - $110,000 (yearly)",jobspy_indeed,https://www.indeed.com/viewjob?jk=159d50cd107c694f,"","2026-05-16"
0,"","Integration Designer","Rosendin Electric","Washington, DC","","",jobspy_indeed,https://www.indeed.com/viewjob?jk=6262276d4b882824,"","2026-05-15"
0,"","Field Engineer I","Rosendin Electric","Washington, DC","","",jobspy_indeed,https://www.indeed.com/viewjob?jk=ffc612dc696525c5,"","2026-05-15"
0,"","Highway Project Manager","Johnson, Mirmiran & Thompson","Washington, DC","","",jobspy_indeed,https://www.indeed.com/viewjob?jk=ac836de776045480,"","2026-05-15"
0,"","Electrical BIM Designer, DC Design Engineering","Amazon.com","Washington, DC","","$116,800 - $160,000 (yearly)",jobspy_indeed,https://www.indeed.com/viewjob?jk=0f103795f5ee1624,"","2026-03-12"
0,"","3D Artist","Surreal Entertainment","United States","","$18 - $20 (hourly)",jobspy_indeed,https://www.indeed.com/viewjob?jk=0ac662d936f77339,"","2026-05-21"
0,"","Videographer/Photographer","FGX Creative, llc","United States","","$20 - $27 (hourly)",jobspy_indeed,https://www.indeed.com/viewjob?jk=0077884ec7a1bdb3,"","2026-05-21"
0,"","Video Content Producer","Les Olson Jewelers","United States","","$18 - $23 (hourly)",jobspy_indeed,https://www.indeed.com/viewjob?jk=ee97d137e75bb72e,"","2026-05-21"
0,"","Prototype Engineering Design Manager","Ford Motor Company","United States","","$115,500 - $218,100 (yearly)",jobspy_indeed,https://www.indeed.com/viewjob?jk=b7f96570e3d351e7,"","2026-05-21"
0,"","C-10 Electrical Subcontractor / Journeyman Electrician (1099 Contract)","Monterey Innovations","United States","","",jobspy_indeed,https://www.indeed.com/viewjob?jk=efe25a7da84bca50,"","2026-05-21"
0,"","Instructional and eLearning Designer - Field Focused","APi Group, Inc.","United States","","$80,000 - $115,000 (yearly)",jobspy_indeed,https://www.indeed.com/viewjob?jk=eacf58ffde751fed,"","2026-05-21"
0,"","Multimedia Learning Content Producer","American Bureau of Shipping (ABS)","United States","","",jobspy_indeed,https://www.indeed.com/viewjob?jk=0730b3d53f257958,"","2026-05-21"
0,"","Project Architect","Vandelay Hospitality Group","United States","","",jobspy_indeed,https://www.indeed.com/viewjob?jk=02e3edd9a54335ed,"","2026-05-20"
0,"","Interior Designer","nan","United States","","$65,000 - $85,000 (yearly)",jobspy_indeed,https://www.indeed.com/viewjob?jk=ab384daab044d886,"","2026-05-20"
0,"","Electrical Designer I","Suburban Enterprises","United States","","",jobspy_indeed,https://www.indeed.com/viewjob?jk=52a913fd30fd1e88,"","2026-05-20"
0,"","Showroom Manager-Lighting Gallery","Scott Electric Company","United States","","",jobspy_indeed,https://www.indeed.com/viewjob?jk=2491a4a71e906f67,"","2026-05-20"
0,"","Electrical Engineer III","Soundoff Signal","United States","","",jobspy_indeed,https://www.indeed.com/viewjob?jk=ef42b3c1b5737415,"","2026-05-20"
0,"","Senior Electrical Designer - Buildings","Colliers Engineering & Design","United States","","$78,500 - $104,400 (yearly)",jobspy_indeed,https://www.indeed.com/viewjob?jk=eec948912bf8e911,"","2026-05-20"
0,"","Senior Electrical Engineer - Buildings","Colliers Engineering & Design","United States","","$106,600 - $140,000 (yearly)",jobspy_indeed,https://www.indeed.com/viewjob?jk=96268b7801884035,"","2026-05-20"
0,"","Senior Mechanical Engineer - Buildings","Colliers Engineering & Design","United States","","$106,600 - $140,000 (yearly)",jobspy_indeed,https://www.indeed.com/viewjob?jk=1f22f38318302c7a,"","2026-05-20"
0,"","Graphic Designer - Panthers","CAROLINA PANTHERS","United States","","",jobspy_indeed,https://www.indeed.com/viewjob?jk=8f460be7b3ce19d9,"","2026-05-19"
0,"","Business Development Executive / BDM","LEDFLEX","Remote","","",jobspy_indeed,https://www.indeed.com/viewjob?jk=351b25764f1c0902,"","2026-05-20"
0,"","MARKETING OPERATIONS INTEGRATOR AI, Automation & Brand Execution Specialist","Light Up Your Holidays","Remote","","",jobspy_indeed,https://www.indeed.com/viewjob?jk=770503dd13450838,"","2026-05-20"
0,"","Designer II","TEECOM","Remote","","$85,000 - $110,000 (yearly)",jobspy_indeed,https://www.indeed.com/viewjob?jk=de271c34c9410560,"","2026-05-19"
0,"","Associate Principal - Security","TEECOM","Remote","","$125,000 - $160,000 (yearly)",jobspy_indeed,https://www.indeed.com/viewjob?jk=c3272dc937e65c05,"","2026-05-18"
0,"","Associate Principal - Wireless/Network","TEECOM","Remote","","$125,000 - $160,000 (yearly)",jobspy_indeed,https://www.indeed.com/viewjob?jk=6f4018f5235ac5da,"","2026-05-14"
0,"","Lead PLC Design Engineer","Divcon Controls","Remote","","",jobspy_indeed,https://www.indeed.com/viewjob?jk=9bdf7e7428834f7b,"","2026-05-18"
0,"","PLC Field Technician","Divcon Controls","Remote","","",jobspy_indeed,https://www.indeed.com/viewjob?jk=d36111ff203f2d32,"","2026-05-20"
0,"","Lead Controls Technician","Divcon Controls","Remote","","",jobspy_indeed,https://www.indeed.com/viewjob?jk=df07932fd3a397b6,"","2026-05-19"
0,"","Senior Electrical Engineer / Lighting Designer","Reese Hackman Engineering, Inc.","Remote","","",jobspy_indeed,https://www.indeed.com/viewjob?jk=1df258eb0ffc0fa7,"","2026-05-18"
0,"","Principal Consultant - Wireless/Network","TEECOM","Remote","","$145,000 - $180,000 (yearly)",jobspy_indeed,https://www.indeed.com/viewjob?jk=ea30eeda9c91f18c,"","2026-05-14"
0,"","Designer II","Amplio Systems","Remote","","$75,000 - $95,000 (yearly)",jobspy_indeed,https://www.indeed.com/viewjob?jk=afb5541bf5c0d169,"","2025-05-21"
0,"","Plant Care Technician I","Ambius","Chicago, Illinois","","$18 - $25 (hourly)",jobspy_indeed,https://www.indeed.com/viewjob?jk=8e43f49a45ee9b9d,"","2026-05-20"
0,"","MAINTENANCE TECH","Building Services of America","Chicago, Illinois","","",jobspy_indeed,https://www.indeed.com/viewjob?jk=aa09fe3a216991dd,"","2026-05-20"
0,"","Part-Time Maintenance Team Member","nan","Chicago, Illinois","","$30 - $34 (hourly)",jobspy_indeed,https://www.indeed.com/viewjob?jk=e4f7f13cd7fecfa7,"","2026-05-20"
0,"","Diesel Truck Maintenance Technician","Heniff Transportation Systems","Chicago, Illinois","","$25 - $37 (hourly)",jobspy_indeed,https://www.indeed.com/viewjob?jk=fcbbb8e38fa9a67d,"","2026-05-19"
0,"","Electrical Prefabrication Technician","Dubak Electrical","Chicago, Illinois","","$18 - $25 (hourly)",jobspy_indeed,https://www.indeed.com/viewjob?jk=77cacf46ecd34942,"","2026-05-19"
0,"","Public Works Summer Intern","nan","Chicago, Illinois","","",jobspy_indeed,https://www.indeed.com/viewjob?jk=37bafff1398d241c,"","2026-05-19"
0,"","Truck & Trailer Mechanic","Al Warren Oil Company, Inc.","Chicago, Illinois","","",jobspy_indeed,https://www.indeed.com/viewjob?jk=01e3bdf5aea447ec,"","2026-05-19"
0,"","Facility Maintenance Supervisor","Cresco Labs","Chicago, Illinois","","$70,000 - $78,000 (yearly)",jobspy_indeed,https://www.indeed.com/viewjob?jk=97b8258a0462d279,"","2026-05-19"
0,"","Production Technician (Electrical)","LLI Architectural LLC","Chicago, Illinois","","",jobspy_indeed,https://www.indeed.com/viewjob?jk=52a3cb1cf465749f,"","2026-05-18"
0,"","Fire Extinguisher/Fire Safety Technician - Full Time, Salary + Bonuses","Connected Fire Safety Services","Chicago, Illinois","","$52,000 - $64,000 (yearly)",jobspy_indeed,https://www.indeed.com/viewjob?jk=31cb3090b77cfbf2,"","2026-05-18"
0,"","Facility and Grounds Technician - 3rd Shift","Miniat","Chicago, Illinois","","",jobspy_indeed,https://www.indeed.com/viewjob?jk=2942b214db1efb93,"","2026-05-18"
0,"","Aftermarket Auto Accessory Installer","ABC AUTOMOTIVE ELECTRONICS","Chicago, Illinois","","$20 - $40 (hourly)",jobspy_indeed,https://www.indeed.com/viewjob?jk=76b50ea0daba65b8,"","2026-05-15"
0,"","Maintenance Technician (Facilities Technician) - Sonesta Simply Suites","J&P Hospitality Management","Chicago, Illinois","","$17 - $20 (hourly)",jobspy_indeed,https://www.indeed.com/viewjob?jk=50c7e860c4e509ff,"","2026-05-15"
0,"","Automotive Technician","IMG Ambulance","Chicago, Illinois","","$20 - $25 (hourly)",jobspy_indeed,https://www.indeed.com/viewjob?jk=c87b27275d7f4120,"","2026-05-15"
0,"","Maintenance Technician","Urban Playground","Chicago, Illinois","","",jobspy_indeed,https://www.indeed.com/viewjob?jk=72227268abe6dc4c,"","2026-05-15"
0,"","Refrigeration Technician","MDCS","Chicago, Illinois","","$60,000 - $120,000 (yearly)",jobspy_indeed,https://www.indeed.com/viewjob?jk=17b900a6a6fe17b6,"","2026-05-14"
0,"","3rd Shift Electrician","EMCOR","New York, New York","","$41 - $45 (hourly)",jobspy_indeed,https://www.indeed.com/viewjob?jk=da576a0e6f3dcef3,"","2026-05-20"
0,"","Building Engineer Maintenance Technician","Building and Land Technology","New York, New York","","",jobspy_indeed,https://www.indeed.com/viewjob?jk=0f7a88122dea2da6,"","2026-05-20"
0,"","Assembly Technician for LED Illuminated Letters/Art","Bitro Group","New York, New York","","",jobspy_indeed,https://www.indeed.com/viewjob?jk=60e3a372e15f64e5,"","2026-05-20"
0,"","Handyman/Laborer","nan","New York, New York","","$24 - $32 (hourly)",jobspy_indeed,https://www.indeed.com/viewjob?jk=3e9ff0ae161f422a,"","2026-05-20"
0,"","Maintenance Technician","nan","New York, New York","","$23 - $30 (hourly)",jobspy_indeed,https://www.indeed.com/viewjob?jk=2835af4b22b921ee,"","2026-05-19"
0,"","Electrical Apprentice/Deliveries","Vision Line","New York, New York","","$18 - $28 (hourly)",jobspy_indeed,https://www.indeed.com/viewjob?jk=bc63bacf1c4f47c8,"","2026-05-18"
0,"","Permanent Lighting installer on exterior of homes","nan","New York, New York","","$500 - $1,400 (daily)",jobspy_indeed,https://www.indeed.com/viewjob?jk=bf78dd03207023a4,"","2026-05-18"
0,"","Maintenance Technician","KUEHNE CHEMICAL CO. INC","New York, New York","","$28 - $32 (hourly)",jobspy_indeed,https://www.indeed.com/viewjob?jk=7404b121c28d6bc9,"","2026-05-18"
0,"","Auto Electrician","Elite Auto Group","New York, New York","","$550 - $600 (daily)",jobspy_indeed,https://www.indeed.com/viewjob?jk=e9976017456fe848,"","2026-05-18"
0,"","Auto 12V Accessories and Window Tint Installer With 2+ Years Professional Experience","No Reserve Classics/Class 1 Classic Cars","New York, New York","","$25 - $30 (hourly)",jobspy_indeed,https://www.indeed.com/viewjob?jk=fc8eaf83011e3c99,"","2026-05-17"
0,"","Retail Field & or Network Technicians","MTI Global Services","New York, New York","","$20 - $25 (hourly)",jobspy_indeed,https://www.indeed.com/viewjob?jk=97a8df48d11fecb2,"","2026-05-15"
0,"","Part- Time Commericial Maintenance Technician - Weekend PM Shift","The Palace at Somerset Park","New York, New York","","",jobspy_indeed,https://www.indeed.com/viewjob?jk=2148213ca1ddd69c,"","2026-05-15"
0,"","Lighting Technician","Halo Productions","New York, New York","","$35 - $55 (hourly)",jobspy_indeed,https://www.indeed.com/viewjob?jk=ef331063e015fd5a,"","2026-05-15"
0,"","Electrical Installation Technician","BQ Electric Ltd","New York, New York","","$62,000 - $100,000 (yearly)",jobspy_indeed,https://www.indeed.com/viewjob?jk=d5c7eb5f65df5745,"","2026-05-15"
0,"","Operator 4 PC - 2nd shift","GE Aerospace","New York, New York","","$30 - $35 (hourly)",jobspy_indeed,https://www.indeed.com/viewjob?jk=c711d502e74bab85,"","2026-05-14"
0,"","Part-Time, Photography/Printmaking Studio Lab Technician * - Raritan Valley Community College","Raritan Valley Community College","New York, New York","","",jobspy_indeed,https://www.indeed.com/viewjob?jk=dfeebfb07252c265,"","2026-05-13"
0,"","HVAC Technician","University of Mount Saint Vincent","New York, New York","","",jobspy_indeed,https://www.indeed.com/viewjob?jk=90dab9d43a45b7f5,"","2024-10-02"
0,"","GENERAL HOTEL MAINTENANCE TECHNICIAN","Hyatt","San Francisco, California","","$22 - $25 (hourly)",jobspy_indeed,https://www.indeed.com/viewjob?jk=bc0ea136bd8ebc6e,"","2026-05-20"
0,"","Maintenance Technician (414 Petaluma)","MidPen Housing","San Francisco, California","","$25 - $28 (hourly)",jobspy_indeed,https://www.indeed.com/viewjob?jk=dcee80d75d46945e,"","2026-05-19"
0,"","Certified Service Electrician (No Electrical Trainees) - Pleasanton","AAA Facility Services","San Francisco, California","","$38 - $48 (hourly)",jobspy_indeed,https://www.indeed.com/viewjob?jk=cfc45da16eb47fcf,"","2026-05-19"
0,"","Assistant Chief Engineer - Union","JLL","San Francisco, California","","$172,931 - $172,931 (yearly)",jobspy_indeed,https://www.indeed.com/viewjob?jk=7a54c98fbfc710f4,"","2026-05-19"
0,"","Junior Lighting Installer / Lighting Technician","MyLEDrebates.com","San Francisco, California","","$30 - $42 (hourly)",jobspy_indeed,https://www.indeed.com/viewjob?jk=c90ac75f9d3de6e1,"","2026-05-19"
0,"","Runner / Groundworker / Apprentice Lighting Installer","MyLEDrebates.com","San Francisco, California","","$25 - $34 (hourly)",jobspy_indeed,https://www.indeed.com/viewjob?jk=2c389a1cfdca2d75,"","2026-05-19"
0,"","Service Technician I","Prime Residential","San Francisco, California","","",jobspy_indeed,https://www.indeed.com/viewjob?jk=511b49bd1c14902c,"","2026-05-18"
0,"","Service Operations Coordinator","ABM Industries Inc.","San Francisco, California","","$27 - $31 (hourly)",jobspy_indeed,https://www.indeed.com/viewjob?jk=184af41c78e5511b,"","2026-05-15"
0,"","Handyman/ Carpentry Technician","CBRE","San Francisco, California","","$24 - $27 (hourly)",jobspy_indeed,https://www.indeed.com/viewjob?jk=0e92562d6213b03e,"","2026-05-14"
0,"","Studio Technician (Evening News)","Nexstar Media Group, Inc.","San Francisco, California","","",jobspy_indeed,https://www.indeed.com/viewjob?jk=28b4a9c9094f89aa,"","2026-05-14"
0,"","Refurbish technician","Covenant Living Communities & Services","Seattle, Washington","","$28 - $38 (hourly)",jobspy_indeed,https://www.indeed.com/viewjob?jk=d1f61ddcd7ba3d46,"","2026-05-20"
0,"","Maintenance Technician","Avenue5 Residential","Seattle, Washington","","$23 - $25 (hourly)",jobspy_indeed,https://www.indeed.com/viewjob?jk=74b04fdda4c44209,"","2026-05-19"
0,"","BMS Controls Tech I","Mantis Innovation","Seattle, Washington","","$90,000 - $120,000 (yearly)",jobspy_indeed,https://www.indeed.com/viewjob?jk=8780e6c095208d49,"","2026-05-19"
0,"","BMS Controls Technician III","Mantis Innovation","Seattle, Washington","","$130,000 - $160,000 (yearly)",jobspy_indeed,https://www.indeed.com/viewjob?jk=5ead04dd21f7291c,"","2026-05-19"
0,"","Maintenance Technician","Cloudten Residential","Seattle, Washington","","$24 - $28 (hourly)",jobspy_indeed,https://www.indeed.com/viewjob?jk=8a6f5153c106697f,"","2026-05-19"
0,"","Hospital Maintenance Technician - Seattle, WA (Mars Veterinary Health)","Banfield Pet Hospital","Seattle, Washington","","$33 - $52 (hourly)",jobspy_indeed,https://www.indeed.com/viewjob?jk=745a9fdf84e31c5d,"","2026-05-18"
0,"","Maintenance Technician","Redsidepartners.com","Seattle, Washington","","$25 - $36 (hourly)",jobspy_indeed,https://www.indeed.com/viewjob?jk=179d80451b6030a3,"","2026-05-17"
0,"","Service Technician","Seattle Safety","Seattle, Washington","","$30 - $40 (hourly)",jobspy_indeed,https://www.indeed.com/viewjob?jk=8eca7616cb8298f9,"","2026-05-16"
0,"","Traffic Signal Technician l","King County, WA","Seattle, Washington","","$49 - $62 (hourly)",jobspy_indeed,https://www.indeed.com/viewjob?jk=5fc99bbe8df9e531,"","2026-05-15"
0,"","Flex Endoscopy RepairTechnician","BPI MEDICAL","Seattle, Washington","","",jobspy_indeed,https://www.indeed.com/viewjob?jk=84da163576a79143,"","2026-05-15"
0,"","Power Equipment Repair Technician","BPI MEDICAL","Seattle, Washington","","",jobspy_indeed,https://www.indeed.com/viewjob?jk=ef91feb378ccf944,"","2026-05-15"
0,"","Truck Mechanic/Upfitter-Fabricator","Small & Sons","Seattle, Washington","","$25 - $40 (hourly)",jobspy_indeed,https://www.indeed.com/viewjob?jk=52c4f1295d9d5141,"","2026-05-15"
0,"","Apartment Maintenance Technician Part Time North King County","JL Apartments","Seattle, Washington","","$32 - $33 (hourly)",jobspy_indeed,https://www.indeed.com/viewjob?jk=0a741e27efde8144,"","2026-05-15"
0,"","Field Technician I","Ainsworth Game Technology","Seattle, Washington","","$24 - $27 (hourly)",jobspy_indeed,https://www.indeed.com/viewjob?jk=2058e1fa6b517c48,"","2026-05-15"
0,"","Floating Maintenance Manager - Seattle Region","Holland Partner Group","Seattle, Washington","","$38 - $43 (hourly)",jobspy_indeed,https://www.indeed.com/viewjob?jk=c3ab5d8fd2221a7d,"","2026-05-15"
0,"","Maintenance Superintendent","The Michaels Organization","Seattle, Washington","","",jobspy_indeed,https://www.indeed.com/viewjob?jk=c448b61e36798d06,"","2026-05-14"
0,"","Handyman","American Facilities Professionals","Boston, Massachusetts","","$30 - $35 (hourly)",jobspy_indeed,https://www.indeed.com/viewjob?jk=787d476325c22b82,"","2026-05-21"
0,"","Heavy Duty Trailer/Diesel Tech + More","DDA Logistics, Inc","Boston, Massachusetts","","$28 - $35 (hourly)",jobspy_indeed,https://www.indeed.com/viewjob?jk=b616811866a09c0e,"","2026-05-21"
0,"","Auto/Truck Tech 3rd Class w/ Certs","National Grid","Boston, Massachusetts","","",jobspy_indeed,https://www.indeed.com/viewjob?jk=88108109e18ab8da,"","2026-05-19"
0,"","Outdoor Lighting Service Technician","Northern Outdoor Lighting LLC","Boston, Massachusetts","","$23 - $26 (hourly)",jobspy_indeed,https://www.indeed.com/viewjob?jk=0dd3ac511ea52f13,"","2026-05-19"
0,"","Director of Building and Grounds (Maintenance Supervisor) [management]","Senior Living Residences","Boston, Massachusetts","","$70,000 - $75,000 (yearly)",jobspy_indeed,https://www.indeed.com/viewjob?jk=398d524ea172cfe7,"","2026-05-18"
0,"","Facilities Technician","YMCA of Greater Boston","Boston, Massachusetts","","$52,360 - $72,000 (yearly)",jobspy_indeed,https://www.indeed.com/viewjob?jk=837339a6073d9b05,"","2026-05-15"
0,"","Facilities Technician","Teledyne FLIR","Boston, Massachusetts","","$44,500 - $59,300 (yearly)",jobspy_indeed,https://www.indeed.com/viewjob?jk=5d477cfabbb5fe25,"","2026-05-15"
0,"","Irrigation Service Technician","Piscataqua Landscaping & Tree Service","Boston, Massachusetts","","",jobspy_indeed,https://www.indeed.com/viewjob?jk=b32ddb5fb4c32fe2,"","2026-05-15"
0,"","Diesel Technician - 2nd Shift","Casella Waste Systems, Inc.","Boston, Massachusetts","","",jobspy_indeed,https://www.indeed.com/viewjob?jk=98db14c27275af24,"","2026-05-14"
0,"","Fire Extinguisher Technician","Easton Electronics","Boston, Massachusetts","","$52,000 - $70,000 (yearly)",jobspy_indeed,https://www.indeed.com/viewjob?jk=d55f0f8e22f7a86e,"","2026-05-14"
0,"","Facilities Technician","Varda Space Industries","Los Angeles, California","","$30 - $35 (hourly)",jobspy_indeed,https://www.indeed.com/viewjob?jk=0bd7236f38645f52,"","2026-05-21"
0,"","Facilities Maintenance Technician","ABM Industries Inc.","Los Angeles, California","","$29 - $37 (hourly)",jobspy_indeed,https://www.indeed.com/viewjob?jk=30adff3cc99dce62,"","2026-05-20"
0,"","Maintenance Tech II","Yusen Logistics","Los Angeles, California","","$38,934 - $60,943 (yearly)",jobspy_indeed,https://www.indeed.com/viewjob?jk=be27ba42a69b9f03,"","2026-05-20"
0,"","Facilities Manager-- EPA Required","The Scion Group","Los Angeles, California","","$75,000 - $85,000 (yearly)",jobspy_indeed,https://www.indeed.com/viewjob?jk=44196ec1eebae77a,"","2026-05-20"
0,"","Maintenance Technician","Avenue5 Residential","Los Angeles, California","","$25 - $28 (hourly)",jobspy_indeed,https://www.indeed.com/viewjob?jk=cfe7c19d1993e437,"","2026-05-18"
0,"","Senior Fire Alarm Technician","Elite Fire Pros","Los Angeles, California","","$25 - $40 (hourly)",jobspy_indeed,https://www.indeed.com/viewjob?jk=9abcd1abb406272c,"","2026-05-20"
0,"","Maintenance Technician","Skechers","Los Angeles, California","","$28 - $32 (hourly)",jobspy_indeed,https://www.indeed.com/viewjob?jk=0598474af1ee62fc,"","2026-05-20"
0,"","Maintenance - Truck Tech III","Bristol Management Services","Los Angeles, California","","$36 - $41 (hourly)",jobspy_indeed,https://www.indeed.com/viewjob?jk=2d0ef1c82aeec37d,"","2026-05-20"
0,"","Electrical Technician","Right Angle Solutions, Inc","Los Angeles, California","","$20 - $27 (hourly)",jobspy_indeed,https://www.indeed.com/viewjob?jk=cc7d43aa20a7ee55,"","2026-05-20"
0,"","HVAC/R Maintenance Technician","Associated Students","Los Angeles, California","","$64,480 - $83,200 (yearly)",jobspy_indeed,https://www.indeed.com/viewjob?jk=db81c49641ea1068,"","2026-05-19"
0,"","Commercial Kitchen Maintenance Technician","Associated Students","Los Angeles, California","","$64,480 - $83,200 (yearly)",jobspy_indeed,https://www.indeed.com/viewjob?jk=cddd112654ec1ab2,"","2026-05-19"
0,"","Swing Shift BOMA Certified Building Engineer","ABM Industries Inc.","Los Angeles, California","","",jobspy_indeed,https://www.indeed.com/viewjob?jk=e234903a58778577,"","2026-05-19"
0,"","Facilities Technician III","NEOTech","Los Angeles, California","","$23 - $30 (hourly)",jobspy_indeed,https://www.indeed.com/viewjob?jk=bc5d4d6ced1ea7ae,"","2026-05-19"
0,"","EXPERIENCED TROUBLESHOOTING ELECTRICIAN","Harbor Electrical Services","Los Angeles, California","","$30 - $40 (hourly)",jobspy_indeed,https://www.indeed.com/viewjob?jk=4817122d865054f2,"","2026-05-19"
0,"","Ceramic Coating Technician","nan","Los Angeles, California","","$4,000 - $6,000 (monthly)",jobspy_indeed,https://www.indeed.com/viewjob?jk=8c6a1cd73f89b0d5,"","2026-05-18"
0,"","Maintenance Mechanic Technician (2nd Shift)","Quantum fuel Systems LLC","Los Angeles, California","","$70,000 - $95,000 (yearly)",jobspy_indeed,https://www.indeed.com/viewjob?jk=25e0577739b9c5a6,"","2026-05-16"
0,"","Facility Maintenance Manager","Associated Students Inc","Los Angeles, California","","$69,239 - $84,819 (yearly)",jobspy_indeed,https://www.indeed.com/viewjob?jk=13640aefb793f57e,"","2026-05-15"
0,"","Lead Maintenance","Realty Center Management Inc","Los Angeles, California","","$22 - $34 (hourly)",jobspy_indeed,https://www.indeed.com/viewjob?jk=e472b422affa5708,"","2026-05-15"
0,"","Pool Technician Assistant","Mid Maryland Pool Service LLC","Washington, DC","","$17 - $20 (hourly)",jobspy_indeed,https://www.indeed.com/viewjob?jk=cd73e180472e27d6,"","2026-05-21"
0,"","APPR-HVAC SERVICE","Constellation Energy","Washington, DC","","$20 - $22 (hourly)",jobspy_indeed,https://www.indeed.com/viewjob?jk=d2724bf59d501e37,"","2026-05-20"
0,"","Intermediate Electrician Maintenance Technician","TEAMGOV INC","Washington, DC","","",jobspy_indeed,https://www.indeed.com/viewjob?jk=f11d1f1936f4c5d4,"","2026-05-20"
0,"","Critical Facilities Engineer, NA - Chiller or HVAC/R","Vantage Data Centers","Washington, DC","","",jobspy_indeed,https://www.indeed.com/viewjob?jk=948eb0a02db7caa0,"","2026-05-20"
0,"","Senior HVAC Technician","Northern VA Community College","Washington, DC","","$75,000 - $85,000 (yearly)",jobspy_indeed,https://www.indeed.com/viewjob?jk=ce8fbebbfcc99f2f,"","2026-05-20"
0,"","Automotive Technician/Mechanic","United States Postal Service","Washington, DC","","",jobspy_indeed,https://www.indeed.com/viewjob?jk=66f3b55aa01b5032,"","2026-05-20"
0,"","Energy Management Building Automation Technician","Prince George's County Public Schools","Washington, DC","","$29 - $59 (hourly)",jobspy_indeed,https://www.indeed.com/viewjob?jk=e234714b71304a41,"","2026-05-20"
0,"","Senior HVAC Technician","Northern Virginia Community College","Washington, DC","","$75,000 - $85,000 (yearly)",jobspy_indeed,https://www.indeed.com/viewjob?jk=d85aa6df40af6623,"","2026-05-19"
0,"","Senior HVAC Technician","Virginia Community College System","Washington, DC","","$75,000 - $85,000 (yearly)",jobspy_indeed,https://www.indeed.com/viewjob?jk=b4eee373e96e036c,"","2026-05-19"
0,"","Building Engineer","Lincoln Property Company","Washington, DC","","",jobspy_indeed,https://www.indeed.com/viewjob?jk=07c3260cd4ca4612,"","2026-05-19"
0,"","Engineer","Transwestern","Washington, DC","","$34 - $37 (hourly)",jobspy_indeed,https://www.indeed.com/viewjob?jk=54bb67629e7de6c8,"","2026-05-19"
0,"","Maintenance Technician","IMMANUEL CHRISTIAN SCHOOL","Washington, DC","","",jobspy_indeed,https://www.indeed.com/viewjob?jk=101efcc2cdfcf42a,"","2026-05-19"
0,"","Maintenance Technician - HVAC Apprentice","ABM Industries Inc.","Washington, DC","","$24 - $25 (hourly)",jobspy_indeed,https://www.indeed.com/viewjob?jk=7cfee5dd5a8622c2,"","2026-05-19"
0,"","BMS Controls Technician II","Mantis Innovation","Washington, DC","","$140,000 - $180,000 (yearly)",jobspy_indeed,https://www.indeed.com/viewjob?jk=638b525f7f9c464a,"","2026-05-19"
0,"","Area Maintenance","Redlands Christian Migrant Association","United States","","$15 - $20 (hourly)",jobspy_indeed,https://www.indeed.com/viewjob?jk=a935a756d2cbf2d4,"","2026-05-21"
0,"","Maintenance Technician","StressCrete, Inc.","United States","","",jobspy_indeed,https://www.indeed.com/viewjob?jk=7cef31f932099724,"","2026-05-21"
0,"","Marine Electrical Service Manager","Willis Custom Yachts","United States","","",jobspy_indeed,https://www.indeed.com/viewjob?jk=fee90820f161b9d4,"","2026-05-21"
0,"","Maintenance Technician 1st Shift","Cornerstone Building Brands","United States","","$26 - $30 (hourly)",jobspy_indeed,https://www.indeed.com/viewjob?jk=481834c724811df5,"","2026-05-21"
0,"","Boiler Room Operator - Powerhouse Technician","The Hill School","United States","","",jobspy_indeed,https://www.indeed.com/viewjob?jk=7f87e4db19ad1199,"","2026-05-21"
0,"","Hotel Maintenance","Courtyard by Marriott","United States","","$20 - $25 (hourly)",jobspy_indeed,https://www.indeed.com/viewjob?jk=cedcf35f977463d9,"","2026-05-21"
0,"","Sign & Lighting Electrician","nan","United States","","$25 - $30 (hourly)",jobspy_indeed,https://www.indeed.com/viewjob?jk=5e0568b7c895b12c,"","2026-05-21"
0,"","Fire Alarm & Life Safety Systems Inspector","Syracuse Time & Alarm Company","United States","","$60,000 - $80,000 (yearly)",jobspy_indeed,https://www.indeed.com/viewjob?jk=e45960b998c19072,"","2026-05-21"
0,"","Maintenance Technician - Legacy North","PAC","United States","","",jobspy_indeed,https://www.indeed.com/viewjob?jk=2b3ad5594725f8c4,"","2026-05-21"
0,"","Hotel Maintenance Technician","Thind Management","United States","","$16 - $20 (hourly)",jobspy_indeed,https://www.indeed.com/viewjob?jk=eacf6d2be0aef3ed,"","2026-05-21"
0,"","Electrical Lighting Technician (Travel only)","Lighting Resources USA","United States","","$17 - $22 (hourly)",jobspy_indeed,https://www.indeed.com/viewjob?jk=aa53e808af44f838,"","2026-05-21"
0,"","Fire Extinguisher Technician","Professional Fire & Security, LLC","United States","","$19 - $24 (hourly)",jobspy_indeed,https://www.indeed.com/viewjob?jk=29450bef8dddbf2a,"","2026-05-21"
0,"","General Trades Technician","CGL Companies","United States","","",jobspy_indeed,https://www.indeed.com/viewjob?jk=6ad127f17b4184a2,"","2026-05-21"
0,"","Maintenance Technician","Wabash County Government","United States","","$45,000 - $49,000 (yearly)",jobspy_indeed,https://www.indeed.com/viewjob?jk=26f108f9004e8042,"","2026-05-21"
0,"","Maintenance Technician - II","Soflo Property Management","United States","","",jobspy_indeed,https://www.indeed.com/viewjob?jk=282deebf684bd727,"","2026-05-21"
0,"","General Maintenance Technician (Property Management)","ThisIsJohnWilliams LLC","United States","","",jobspy_indeed,https://www.indeed.com/viewjob?jk=21a8b33ea1608c99,"","2026-05-21"
0,"","Lead Maintenance","Rambush Estates","United States","","$28 - $32 (hourly)",jobspy_indeed,https://www.indeed.com/viewjob?jk=ddb16708c4765ca9,"","2026-05-21"
0,"","Maintenance Technician III","Rambush Estates","United States","","$28 - $32 (hourly)",jobspy_indeed,https://www.indeed.com/viewjob?jk=181b4607af8abfce,"","2026-05-21"
0,"","Maintenance Technician","Millcreek Behavioral Health","United States","","",jobspy_indeed,https://www.indeed.com/viewjob?jk=28ac847c0aa65662,"","2026-05-21"
0,"","Technician-Skilled Maintenance","ENTERPRISE STATE COMMUNITY COLLEGE","United States","","",jobspy_indeed,https://www.indeed.com/viewjob?jk=6758a46567bb98bf,"","2026-05-20"
0,"","Technician-Skilled Maintenance","Coastal Alabama Community College","United States","","",jobspy_indeed,https://www.indeed.com/viewjob?jk=09ee3ca4214c7a97,"","2026-05-20"
0,"","Salvage Technician","Resolve Marine","Remote","","",jobspy_indeed,https://www.indeed.com/viewjob?jk=b270c46e7e45b54a,"","2026-05-19"
0,"","Account Specialist","Motion","Chicago, Illinois","","",jobspy_indeed,https://www.indeed.com/viewjob?jk=63b4597b352edc33,"","2026-05-21"
0,"","Test Automation Engineer - Spanish/Catalan/Valencian","Capgemini","Chicago, Illinois","","$53,580 - $122,400 (yearly)",jobspy_indeed,https://www.indeed.com/viewjob?jk=f19287080029f706,"","2026-05-21"
0,"","Senior Network Analyst","Fermilab","Chicago, Illinois","","$99,500 - $130,900 (yearly)",jobspy_indeed,https://www.indeed.com/viewjob?jk=1c647a89fc494e2d,"","2026-05-20"
0,"","Mechanical Designer - CFD Analyst","Harley Ellis Devereaux","Chicago, Illinois","","$110,000 - $150,000 (yearly)",jobspy_indeed,https://www.indeed.com/viewjob?jk=c49b7de505c06e02,"","2026-05-20"
0,"","Senior Manager, Communications","Morreale Communications","Chicago, Illinois","","$95,000 - $110,000 (yearly)",jobspy_indeed,https://www.indeed.com/viewjob?jk=3f09b3dc99913ee5,"","2026-05-20"
0,"","Communications Specialist","Morreale Communications","Chicago, Illinois","","$65,000 - $75,000 (yearly)",jobspy_indeed,https://www.indeed.com/viewjob?jk=70f28fd2a44b14e1,"","2026-05-20"
0,"","Project Manager - Cured in Place Piping (CIPP)","PURIS","Chicago, Illinois","","$100,000 - $140,000 (yearly)",jobspy_indeed,https://www.indeed.com/viewjob?jk=c18a81f51ddd6b34,"","2026-05-20"
0,"","ICT Designer","Harley Ellis Devereaux","Chicago, Illinois","","$75,000 - $120,000 (yearly)",jobspy_indeed,https://www.indeed.com/viewjob?jk=916bd05c488276f0,"","2026-05-20"
0,"","Sr. Technical Program Manager, Data Center Design Engineering","Amazon.com","Chicago, Illinois","","$148,700 - $201,200 (yearly)",jobspy_indeed,https://www.indeed.com/viewjob?jk=a6a68d0559b53ee7,"","2026-05-19"
0,"","Mechanic C","Rain for Rent","Chicago, Illinois","","",jobspy_indeed,https://www.indeed.com/viewjob?jk=e9c19bbdca370c62,"","2026-05-19"
0,"","Video Services Engineer","SDI Presence","Chicago, Illinois","","$34 - $40 (hourly)",jobspy_indeed,https://www.indeed.com/viewjob?jk=426972daccc31d68,"","2026-05-19"
0,"","Critical Operations Engineer I","CoreSite","Chicago, Illinois","","$39 - $44 (hourly)",jobspy_indeed,https://www.indeed.com/viewjob?jk=e5e0011853458b4b,"","2026-05-18"
0,"","VDC Engineer","Ryan Companies US, Inc.","Chicago, Illinois","","$75,400 - $94,000 (yearly)",jobspy_indeed,https://www.indeed.com/viewjob?jk=fea6cae8d42116bd,"","2026-05-18"
0,"","Field Application Engineer","BV USA Enterprises, LLC","Chicago, Illinois","","$55,000 - $65,000 (yearly)",jobspy_indeed,https://www.indeed.com/viewjob?jk=ba423ffca6d9a2ca,"","2026-05-18"
0,"","Director, Media Systems and Operations","Window To The World Communications, Inc.","Chicago, Illinois","","$87,000 - $110,000 (yearly)",jobspy_indeed,https://www.indeed.com/viewjob?jk=db4d8bca5e54839f,"","2026-05-18"
0,"","Associate Director, Customer Success (Commerce & Retail Media)","PubMatic","Chicago, Illinois","","$180,000 - $220,000 (yearly)",jobspy_indeed,https://www.indeed.com/viewjob?jk=b0e736c1dd6454d4,"","2026-05-16"
0,"","Senior DJI Dock 2 / Cloud API Integration Engineer","Exponent Technology Trading company DWC LLC","Chicago, Illinois","","$85,000 - $105,000 (yearly)",jobspy_indeed,https://www.indeed.com/viewjob?jk=f4968d826aaf9e4d,"","2026-05-16"
0,"","Senior Software Engineer","Capgemini","Chicago, Illinois","","$73,150 - $174,000 (yearly)",jobspy_indeed,https://www.indeed.com/viewjob?jk=47f635ec1d017e1e,"","2026-05-15"
0,"","Lead Data Engineer (Sr. Palantir Engineer)","Capgemini","Chicago, Illinois","","$110,000 - $160,000 (yearly)",jobspy_indeed,https://www.indeed.com/viewjob?jk=35f4bfc893748dc8,"","2026-05-15"
0,"","Security Officer 2nd & 3rd Shift","Suncast Corporation","Chicago, Illinois","","$18 - $20 (hourly)",jobspy_indeed,https://www.indeed.com/viewjob?jk=6f0fca586b6e5f85,"","2026-05-15"
0,"","Senior Installation Superintendent – Electronic Security Cedar Rapids IA","Diversified","Chicago, Illinois","","$41 - $56 (hourly)",jobspy_indeed,https://www.indeed.com/viewjob?jk=9001825e91afd233,"","2026-05-15"
0,"","AWS AI Engineer","Capgemini","New York, New York","","$100,000 - $130,000 (yearly)",jobspy_indeed,https://www.indeed.com/viewjob?jk=8073fabbdb00b63d,"","2026-05-21"
0,"","Java Engineer","Capgemini","New York, New York","","$61,087 - $104,364 (yearly)",jobspy_indeed,https://www.indeed.com/viewjob?jk=1c84e6d717127d82,"","2026-05-21"
0,"","Software Development Engineer, AWS","Amazon.com","New York, New York","","$143,700 - $223,600 (yearly)",jobspy_indeed,https://www.indeed.com/viewjob?jk=a542620fd2625eeb,"","2026-05-21"
0,"","Manager, Studio & Live Operations","New York Jets","New York, New York","","$80,000 - $95,000 (yearly)",jobspy_indeed,https://www.indeed.com/viewjob?jk=5a8167280b1c6492,"","2026-05-20"
0,"","Technical Support Engineer","Persistent Systems LLC","New York, New York","","$120,000 - $151,000 (yearly)",jobspy_indeed,https://www.indeed.com/viewjob?jk=9eb8713b4f9b612f,"","2026-05-20"
0,"","UCaaS Business Development Representative","vitel global communications","New York, New York","","$30,000 - $60,000 (yearly)",jobspy_indeed,https://www.indeed.com/viewjob?jk=4150486014d26508,"","2026-05-20"
0,"","Technical Support Engineer","Wazer","New York, New York","","$50,000 - $60,000 (yearly)",jobspy_indeed,https://www.indeed.com/viewjob?jk=84030780e11de8fb,"","2026-05-20"
0,"","Electrical Engineer","Artheon Inc.","New York, New York","","",jobspy_indeed,https://www.indeed.com/viewjob?jk=8358baf5e889b956,"","2026-05-20"
0,"","Senior Help Desk Associate","DEPARTMENT OF BUILDINGS","New York, New York","","$85,421 - $98,234 (yearly)",jobspy_indeed,https://www.indeed.com/viewjob?jk=2ded938100017c7e,"","2026-05-20"
0,"","Principal Software Engineer","nan","New York, New York","","$188,400 - $264,700 (yearly)",jobspy_indeed,https://www.indeed.com/viewjob?jk=dd5eaabc05b29e26,"","2026-05-20"
0,"","Senior Accountant, Financial Reporting","The Farmer's Dog","New York, New York","","$100,000 - $110,000 (yearly)",jobspy_indeed,https://www.indeed.com/viewjob?jk=7fcedbb7f58575ba,"","2026-05-20"
0,"","Technical Program Manager II, AI/ML, Google Ads","Google","New York, New York","","$138,000 - $198,000 (yearly)",jobspy_indeed,https://www.indeed.com/viewjob?jk=c0cb84e872bf1495,"","2026-05-20"
0,"","Cyber Security Engineer Co-op","Persistent Systems LLC","New York, New York","","$80 - $100 (hourly)",jobspy_indeed,https://www.indeed.com/viewjob?jk=fd0cdea0c34db7e8,"","2026-05-19"
0,"","Product Manager - Campaign Management for Brand Advertising","Apple","New York, New York","","$147,400 - $272,100 (yearly)",jobspy_indeed,https://www.indeed.com/viewjob?jk=fd95eac5578a8cb5,"","2026-05-19"
0,"","Application Developer","ADP","New York, New York","","$128,206 - $142,200 (yearly)",jobspy_indeed,https://www.indeed.com/viewjob?jk=ac88f930b72d628a,"","2026-05-19"
0,"","Enterprise Account Executive - Electronic Security","Allied Universal Technology Services","New York, New York","","$90,000 - $100,000 (yearly)",jobspy_indeed,https://www.indeed.com/viewjob?jk=06e589793486e8cb,"","2026-05-19"
0,"","Sr. Software Engineer (Contextual Launch, Enterprise Experience)","Cleerly","New York, New York","","$153,000 - $206,000 (yearly)",jobspy_indeed,https://www.indeed.com/viewjob?jk=28572546ad94ed06,"","2026-05-19"
0,"","Sr. Software Engineer (Operational Systems Team)","Cleerly","New York, New York","","$153,000 - $206,000 (yearly)",jobspy_indeed,https://www.indeed.com/viewjob?jk=1beec9a08123e5b3,"","2026-05-19"
0,"","Applied Scientist, Full-funnel Agentic Intelligence and Models","Amazon.com","New York, New York","","$171,600 - $223,400 (yearly)",jobspy_indeed,https://www.indeed.com/viewjob?jk=78fff1663d32b3a3,"","2026-05-17"
0,"","Technical Lab Manager - Robotics R&D, Frontier AI & Robotics","Amazon.com","San Francisco, California","","$150,000 - $300,000 (yearly)",jobspy_indeed,https://www.indeed.com/viewjob?jk=fd94af31a2925bfd,"","2026-05-20"
0,"","Member of Technical Staff - Electronics Engineer, Actuators & Drives, Frontier AI & Robotics","Amazon.com","San Francisco, California","","$150,000 - $300,000 (yearly)",jobspy_indeed,https://www.indeed.com/viewjob?jk=b99901aed2df5e09,"","2026-05-20"
0,"","Software Development Engineer, AWS","Amazon.com","San Francisco, California","","$143,700 - $223,600 (yearly)",jobspy_indeed,https://www.indeed.com/viewjob?jk=338ded5d775033da,"","2026-05-21"
0,"","Staff Software Engineer - Data Protection New","Verkada","San Francisco, California","","$200,000 - $300,000 (yearly)",jobspy_indeed,https://www.indeed.com/viewjob?jk=f3f083da7a3c2a4b,"","2026-05-20"
0,"","Staff Backend Engineer - Device Security New","Verkada","San Francisco, California","","$200,000 - $300,000 (yearly)",jobspy_indeed,https://www.indeed.com/viewjob?jk=c49a2c1638e254bf,"","2026-05-20"
0,"","Staff Software Engineer - Detection and Response Platform New","Verkada","San Francisco, California","","$200,000 - $300,000 (yearly)",jobspy_indeed,https://www.indeed.com/viewjob?jk=765fdd814e775a62,"","2026-05-20"
0,"","Software Engineer, Applied AI","CHAOS Industries","San Francisco, California","","$150,000 - $170,000 (yearly)",jobspy_indeed,https://www.indeed.com/viewjob?jk=2e6d2e6d2efa5c8f,"","2026-05-21"
0,"","SoC Power Validation Engineer","Apple","San Francisco, California","","$139,500 - $258,100 (yearly)",jobspy_indeed,https://www.indeed.com/viewjob?jk=983d7ce5e9487114,"","2026-05-20"
0,"","Research & Product Lead — Sieve","David Joseph & Company","San Francisco, California","","$150,000 - $250,000 (yearly)",jobspy_indeed,https://www.indeed.com/viewjob?jk=08d2c5330359b774,"","2026-05-20"
0,"","Staff Product Designer, Adobe Stock","Adobe","San Francisco, California","","$146,300 - $274,300 (yearly)",jobspy_indeed,https://www.indeed.com/viewjob?jk=209b5f85e6cb04cf,"","2026-05-20"
0,"","Relay Protection and Controls Engineer","Ampirical","San Francisco, California","","$92,000 - $180,000 (yearly)",jobspy_indeed,https://www.indeed.com/viewjob?jk=0f566fed0e0a285c,"","2026-05-20"
0,"","Founding Engineer - Site Reliability","URun","San Francisco, California","","$185,000 - $285,000 (yearly)",jobspy_indeed,https://www.indeed.com/viewjob?jk=bc4e1d3f254cc958,"","2026-05-20"
0,"","Founding Engineer - ML Performance","URun","San Francisco, California","","$250,000 - $395,000 (yearly)",jobspy_indeed,https://www.indeed.com/viewjob?jk=1f1f774aaa20bdca,"","2026-05-20"
0,"","Founding Engineer - Platform","URun","San Francisco, California","","$250,000 - $350,000 (yearly)",jobspy_indeed,https://www.indeed.com/viewjob?jk=f304477c94ba1290,"","2026-05-20"
0,"","Software Engineer in Test 5 - iOS Player","Netflix","San Francisco, California","","$266,000 - $442,000 (yearly)",jobspy_indeed,https://www.indeed.com/viewjob?jk=cf0161d5377a6f01,"","2026-05-20"
0,"","Sr. Technical Program Manager, Data Center Design Engineering","Amazon.com","San Francisco, California","","$148,700 - $201,200 (yearly)",jobspy_indeed,https://www.indeed.com/viewjob?jk=bf387fcadbd626ae,"","2026-05-19"
0,"","TikTok Shop - Product Manager, AI Service Experience","TikTok","Seattle, Washington","","$176,320 - $296,020 (yearly)",jobspy_indeed,https://www.indeed.com/viewjob?jk=6f0ef77cee2ea5aa,"","2026-05-21"
0,"","Software Development Engineer in Test Intern (Global E-Commerce) - 2026 Summer (BS/MS)","TikTok","Seattle, Washington","","",jobspy_indeed,https://www.indeed.com/viewjob?jk=e9422aba632d6fac,"","2026-05-21"
0,"","Technical Writer","Echodyne Corp","Seattle, Washington","","$104,030 - $155,839 (yearly)",jobspy_indeed,https://www.indeed.com/viewjob?jk=15bbd9ed768c920d,"","2026-05-21"
0,"","Project Engineer - Multifamily Construction","SRM","Seattle, Washington","","$80,000 - $100,000 (yearly)",jobspy_indeed,https://www.indeed.com/viewjob?jk=78858a96dcc0798b,"","2026-05-20"
0,"","Traffic Impact and Development Review Manager","State of Washington","Seattle, Washington","","$7,668 - $9,834 (monthly)",jobspy_indeed,https://www.indeed.com/viewjob?jk=42badb7bf5136f2b,"","2026-05-20"
0,"","Senior Machine Learning Engineer, Computer Vision","Metropolis","Seattle, Washington","","$150,000 - $200,000 (yearly)",jobspy_indeed,https://www.indeed.com/viewjob?jk=808de345c459337e,"","2026-05-20"
0,"","Senior Staff Software Engineer, AI/ML, Google Workspace","Google","Seattle, Washington","","$262,000 - $365,000 (yearly)",jobspy_indeed,https://www.indeed.com/viewjob?jk=afa7c3b9e22de3c1,"","2026-05-20"
0,"","Machine Learning Engineer, Apple Services Engineering","Apple","Seattle, Washington","","$171,600 - $302,200 (yearly)",jobspy_indeed,https://www.indeed.com/viewjob?jk=f0d278885f68b82e,"","2026-05-19"
0,"","AIML - Sr Machine Learning Engineer, Data and ML Innovation","Apple","Seattle, Washington","","$171,600 - $302,200 (yearly)",jobspy_indeed,https://www.indeed.com/viewjob?jk=cc3973c54acb8199,"","2026-05-19"
0,"","AIML - Site Lead & Lead Researcher, Foundation Models","Apple","Seattle, Washington","","$201,300 - $367,400 (yearly)",jobspy_indeed,https://www.indeed.com/viewjob?jk=6e45e76525105c31,"","2026-05-19"
0,"","Senior SDE, Machine Learning, Prime Video Personalization & Discovery","Amazon.com","Seattle, Washington","","$168,100 - $227,400 (yearly)",jobspy_indeed,https://www.indeed.com/viewjob?jk=b460a42290900513,"","2026-05-17"
0,"","Senior UX Designer, Customer Experience and Business Trends","Amazon.com","Seattle, Washington","","$137,800 - $186,400 (yearly)",jobspy_indeed,https://www.indeed.com/viewjob?jk=f2014596a94cb902,"","2026-05-12"
0,"","Sr. UX Designer, Prime Video Experience Design","Amazon.com","Seattle, Washington","","$137,800 - $186,400 (yearly)",jobspy_indeed,https://www.indeed.com/viewjob?jk=54afc142d629acc3,"","2026-04-07"
0,"","Senior Manager, Data Science and Analytics, Prime Video Personalization & Analytics","Amazon.com","Seattle, Washington","","$208,300 - $281,800 (yearly)",jobspy_indeed,https://www.indeed.com/viewjob?jk=18cc2969e300febd,"","2026-05-03"
0,"","Applied Scientist II, Prime Video - Personalization and Discovery Science","Amazon.com","Seattle, Washington","","$142,800 - $222,200 (yearly)",jobspy_indeed,https://www.indeed.com/viewjob?jk=6f085d4142d67773,"","2026-04-23"
0,"","Project Engineering Manager - Water/Wastewater","Black & Veatch","Boston, Massachusetts","","$162,384 - $271,176 (yearly)",jobspy_indeed,https://www.indeed.com/viewjob?jk=06e6ba4e25763d58,"","2026-05-21"
0,"","Applications Engineer","Instron","Boston, Massachusetts","","$85,000 - $90,000 (yearly)",jobspy_indeed,https://www.indeed.com/viewjob?jk=a631efa6feb98928,"","2026-05-20"
0,"","Senior Project Engineer","Coretelligent","Boston, Massachusetts","","$130,000 - $150,000 (yearly)",jobspy_indeed,https://www.indeed.com/viewjob?jk=f044d139b42b1b3e,"","2026-05-20"
0,"","Mechanical Designer - CFD Analyst","Harley Ellis Devereaux","Boston, Massachusetts","","$110,000 - $150,000 (yearly)",jobspy_indeed,https://www.indeed.com/viewjob?jk=f7a8d6fe4c1466a3,"","2026-05-20"
0,"","Infrastructure Engineer","nan","Boston, Massachusetts","","$75,275 - $109,553 (yearly)",jobspy_indeed,https://www.indeed.com/viewjob?jk=ec7dae0c0b457a5e,"","2026-05-20"
0,"","Software Quality Automation Engineer","Boston Dynamics","Boston, Massachusetts","","$90,000 - $111,000 (yearly)",jobspy_indeed,https://www.indeed.com/viewjob?jk=cdd555da5f4fdb36,"","2026-05-20"
0,"","Taunton Intern","Prysmian Group","Boston, Massachusetts","","$26 - $28 (hourly)",jobspy_indeed,https://www.indeed.com/viewjob?jk=7c58aab8c39d8b49,"","2026-05-20"
0,"","Value Stream Intern","Prysmian Group","Boston, Massachusetts","","$26 - $28 (hourly)",jobspy_indeed,https://www.indeed.com/viewjob?jk=a5dd9d6bc52bdf8f,"","2026-05-18"
0,"","ICT Designer","Harley Ellis Devereaux","Boston, Massachusetts","","$75,000 - $120,000 (yearly)",jobspy_indeed,https://www.indeed.com/viewjob?jk=ec494b8c3c1c5e4b,"","2026-05-20"
0,"","Silicon Validation Software Engineer: Video Encoder/Compression Validation","Apple","Boston, Massachusetts","","$132,100 - $244,600 (yearly)",jobspy_indeed,https://www.indeed.com/viewjob?jk=5a809dbf91143420,"","2026-05-19"
0,"","Sales Engineer","Harness","Boston, Massachusetts","","",jobspy_indeed,https://www.indeed.com/viewjob?jk=ee5f229455b58b2b,"","2026-05-19"
0,"","Principal Data Owner - US Power Markets","Wood Mackenzie","Boston, Massachusetts","","$150,000 - $160,000 (yearly)",jobspy_indeed,https://www.indeed.com/viewjob?jk=8fd33b65570bffe7,"","2026-05-19"
0,"","Principal Digital Signal Processing Engineer","Cambridge Consultants Ltd","Boston, Massachusetts","","$140,000 - $170,000 (yearly)",jobspy_indeed,https://www.indeed.com/viewjob?jk=b4fc7587875e10d8,"","2026-05-19"
0,"","R&D Robotics Technician IV","Boston Dynamics","Boston, Massachusetts","","$43 - $48 (hourly)",jobspy_indeed,https://www.indeed.com/viewjob?jk=0f41524872091d2c,"","2026-05-19"
0,"","Advanced Software Engineer","Honeywell","Boston, Massachusetts","","$139,000 - $174,000 (yearly)",jobspy_indeed,https://www.indeed.com/viewjob?jk=908800b82174d3d1,"","2026-05-18"
0,"","Senior Specialist Digital Marketing","Analog Devices","Boston, Massachusetts","","$110,385 - $151,808 (yearly)",jobspy_indeed,https://www.indeed.com/viewjob?jk=bec7cfa57548a562,"","2026-05-18"
0,"","Strategic Account Manager","Rain for Rent","Boston, Massachusetts","","",jobspy_indeed,https://www.indeed.com/viewjob?jk=a05c19d122055620,"","2026-05-18"
0,"","Hardware Support Engineer, Robotics Technical Services","Amazon.com","Boston, Massachusetts","","$90,400 - $158,200 (yearly)",jobspy_indeed,https://www.indeed.com/viewjob?jk=3250da0ab7d8c70b,"","2026-03-04"
0,"","Principal Engineer, Amazon | Multiple Locations, USA, Global Specialty Recruiting Team","Amazon.com","Boston, Massachusetts","","$200,100 - $297,700 (yearly)",jobspy_indeed,https://www.indeed.com/viewjob?jk=b76a7ababb1e4f5a,"","2026-02-19"
0,"","APPLICATION ENGINEER","YKK AP America","Los Angeles, California","","$68,992 - $117,286 (yearly)",jobspy_indeed,https://www.indeed.com/viewjob?jk=4ffe8f64f6e80b82,"","2026-05-21"
0,"","Field Project Manager — Multifamily Renovation & ADU Development (LA / Eastside)","Reservoir Partners","Los Angeles, California","","$120,000 - $150,000 (yearly)",jobspy_indeed,https://www.indeed.com/viewjob?jk=6e7fcd7c43ea37db,"","2026-05-21"
0,"","Professional Service Systems Engineer","Hirsch","Los Angeles, California","","$120,000 - $140,000 (yearly)",jobspy_indeed,https://www.indeed.com/viewjob?jk=c5f5b77c80e06b3e,"","2026-05-21"
0,"","Lead Project Engineer - Hydraulics","Eaton","Los Angeles, California","","$112,000 - $164,000 (yearly)",jobspy_indeed,https://www.indeed.com/viewjob?jk=50e9870be5ed3e7c,"","2026-05-20"
0,"","Software Engineer II","Quantum-Systems","Los Angeles, California","","$120,000 - $140,000 (yearly)",jobspy_indeed,https://www.indeed.com/viewjob?jk=e79e4a3cc8a93d7b,"","2026-05-20"
0,"","Training Supervisor","Transdev","Los Angeles, California","","$87,360 - $99,840 (yearly)",jobspy_indeed,https://www.indeed.com/viewjob?jk=108d88583274cbe7,"","2026-05-20"
0,"","Operations Supervisor - TAS","Transdev","Los Angeles, California","","$87,360 - $99,840 (yearly)",jobspy_indeed,https://www.indeed.com/viewjob?jk=ab009678d33d3f3e,"","2026-05-20"
0,"","Student Assistant- Office & Tech Support- Technician/Field Work- Hybrid (Los Angeles, CA)- Summer","University Enterprises Inc","Los Angeles, California","","$18 - $24 (hourly)",jobspy_indeed,https://www.indeed.com/viewjob?jk=8eb925724805df94,"","2026-05-20"
0,"","Mechanical Designer - CFD Analyst","Harley Ellis Devereaux","Los Angeles, California","","$110,000 - $150,000 (yearly)",jobspy_indeed,https://www.indeed.com/viewjob?jk=8c538f7fba69e3b8,"","2026-05-20"
0,"","Senior Software Engineer (Temp) | Diablo Immortal | Irvine, CA","Blizzard Entertainment","Los Angeles, California","","$101,000 - $186,754 (yearly)",jobspy_indeed,https://www.indeed.com/viewjob?jk=ede52ead8be1ebaf,"","2026-05-19"
0,"","Systems Engineer Sr - Skunk Works Integration Lab - Level 3","Lockheed Martin","Los Angeles, California","","$89,300 - $157,550 (yearly)",jobspy_indeed,https://www.indeed.com/viewjob?jk=437a1c26e6e1b8c9,"","2026-04-27"
0,"","Systems Engineer Sr Stf - Integration Lab - Skunk Works - Level 5","Lockheed Martin","Los Angeles, California","","$128,400 - $255,990 (yearly)",jobspy_indeed,https://www.indeed.com/viewjob?jk=2c1a35d131fd14fb,"","2026-04-13"
0,"","VOIP Team Lead","Oneida Technical Solutions","Washington, DC","","$110,000 - $120,000 (yearly)",jobspy_indeed,https://www.indeed.com/viewjob?jk=7433f5432ee46ecc,"","2026-05-21"
0,"","Software Development Engineer, AWS","Amazon.com","Washington, DC","","$143,700 - $223,600 (yearly)",jobspy_indeed,https://www.indeed.com/viewjob?jk=24fce0f2648f8061,"","2026-05-21"
0,"","Network Security Administrator","Systems Engineering Solutions Corporation","Washington, DC","","",jobspy_indeed,https://www.indeed.com/viewjob?jk=c711a488f47ba1c6,"","2026-05-21"
0,"","Senior Network Engineer (Active Secret Clearance)","Akima","Washington, DC","","$250,000 - $275,000 (yearly)",jobspy_indeed,https://www.indeed.com/viewjob?jk=0148765ec172e2fa,"","2026-05-20"
0,"","Embedded Software Developer","nan","Washington, DC","","",jobspy_indeed,https://www.indeed.com/viewjob?jk=c7aa80d0cb8d4697,"","2026-05-20"
0,"","GNC Engineer (Aerospace Engineer)","nan","Washington, DC","","",jobspy_indeed,https://www.indeed.com/viewjob?jk=3c551aeb4a747dd7,"","2026-05-19"
0,"","Electrician III","nan","Washington, DC","","",jobspy_indeed,https://www.indeed.com/viewjob?jk=cb269d65b612903e,"","2026-05-14"
0,"","Event Support Technician","Monumental Sports & Entertainment","Washington, DC","","$65,000 - $75,000 (yearly)",jobspy_indeed,https://www.indeed.com/viewjob?jk=2a1363ae1757fe14,"","2026-05-20"
0,"","Physical Security Engineer-DOJ","Acxentra LLC","Washington, DC","","$90,000 - $110,000 (yearly)",jobspy_indeed,https://www.indeed.com/viewjob?jk=e70705a5d4bd7bdc,"","2026-05-20"
0,"","Sr. Technical Program Manager, Data Center Design Engineering","Amazon.com","Washington, DC","","$148,700 - $201,200 (yearly)",jobspy_indeed,https://www.indeed.com/viewjob?jk=20ba65b85c80ad2d,"","2026-05-19"
0,"","Enclave Admin Level 5 (Tech Specialist 5)","M.C. Dean, Inc.","Washington, DC","","",jobspy_indeed,https://www.indeed.com/viewjob?jk=48b7966f8c3eb183,"","2026-05-19"
0,"","AI Innovation Engineer","Steampunk","Washington, DC","","",jobspy_indeed,https://www.indeed.com/viewjob?jk=36977003b7441573,"","2026-05-19"
0,"","Field Engineer","Allan Myers","Washington, DC","","",jobspy_indeed,https://www.indeed.com/viewjob?jk=4b8debfcba2d6909,"","2026-05-19"
0,"","Senior Network Engineer (Unified Communications) (TS)","Koniag Government Services","Washington, DC","","$230,000 - $260,000 (yearly)",jobspy_indeed,https://www.indeed.com/viewjob?jk=bb319a873892251b,"","2026-05-19"
0,"","Design Architect","BAE Systems USA","Washington, DC","","$118,095 - $200,762 (yearly)",jobspy_indeed,https://www.indeed.com/viewjob?jk=b351e28a4bbce63e,"","2026-05-19"
0,"","SENIOR NETWORK ENGINEER","Peraton","Washington, DC","","$112,000 - $179,000 (yearly)",jobspy_indeed,https://www.indeed.com/viewjob?jk=9791d82e9c4ffa7c,"","2026-05-19"
0,"","Unified Communications (UC) Engineer","AHU Technologies","Washington, DC","","$45 - $50 (hourly)",jobspy_indeed,https://www.indeed.com/viewjob?jk=247049cd59b83172,"","2026-05-19"
0,"","Unified Communications Engineer","Virginia Tech Applied Research Corporation","Washington, DC","","$180,000 - $210,000 (yearly)",jobspy_indeed,https://www.indeed.com/viewjob?jk=ab5b6be6ae2376f4,"","2026-05-19"
0,"","IT Support Engineer I, Ops Tech Solutions (OTS)","Amazon.com","Washington, DC","","$25 - $41 (hourly)",jobspy_indeed,https://www.indeed.com/viewjob?jk=2561946dd96b1c8e,"","2026-05-18"
0,"","Senior UX Designer, Customer Experience and Business Trends","Amazon.com","Washington, DC","","$137,800 - $186,400 (yearly)",jobspy_indeed,https://www.indeed.com/viewjob?jk=58cf8f284b68cdad,"","2026-05-12"
0,"","Cloud Software Engineer 2","nan","Washington, DC","","$100,000 - $250,000 (yearly)",jobspy_indeed,https://www.indeed.com/viewjob?jk=a38971573e6ccaf7,"","2026-04-20"
0,"","Mechanic C","Rain for Rent","United States","","",jobspy_indeed,https://www.indeed.com/viewjob?jk=f50da7868ba6f321,"","2026-05-21"
0,"","Integrations Engineer, Radiology Reporting","Sectra","United States","","$95,000 - $125,000 (yearly)",jobspy_indeed,https://www.indeed.com/viewjob?jk=9154ad96707d6cea,"","2026-05-21"
0,"","Customer Support (Oceania)","Circle Internet Financial","United States","","$45,000 - $60,000 (yearly)",jobspy_indeed,https://www.indeed.com/viewjob?jk=eaaf75cbebf0a191,"","2026-05-21"
0,"","Customer Support (Pacific Time)","Circle Internet Financial","United States","","$45,000 - $60,000 (yearly)",jobspy_indeed,https://www.indeed.com/viewjob?jk=899deaa67499603c,"","2026-05-21"
0,"","Highway Technician Senior","State of Iowa","United States","","",jobspy_indeed,https://www.indeed.com/viewjob?jk=5a84898c9e6c8efc,"","2026-05-21"
0,"","Specialty/Recreational License Manager","State of Iowa","United States","","",jobspy_indeed,https://www.indeed.com/viewjob?jk=be68be6820d97dcf,"","2026-05-20"
0,"","Customer Support (Pacific Time)","Circle.so","United States","","$45,000 - $60,000 (yearly)",jobspy_indeed,https://www.indeed.com/viewjob?jk=b0c9f4015a140257,"","2026-05-21"
0,"","Treatment & Compliance Manager","City of Loveland","United States","","$132,699 - $162,556 (yearly)",jobspy_indeed,https://www.indeed.com/viewjob?jk=8f2bfcf831e5c534,"","2026-05-21"
0,"","Chief Engineer","Cambria Hotel Philadelphia Downtown","United States","","$90,000 - $100,000 (yearly)",jobspy_indeed,https://www.indeed.com/viewjob?jk=3e91f9d62ccf1964,"","2026-05-21"
0,"","System Administrator","Leidos","United States","","$59,150 - $106,925 (yearly)",jobspy_indeed,https://www.indeed.com/viewjob?jk=d9cf3ad25b9b267f,"","2026-05-21"
0,"","Sr. Executive Support Engineer","Micron Technology","United States","","",jobspy_indeed,https://www.indeed.com/viewjob?jk=25adec57bb324687,"","2026-05-21"
0,"","Full Stack Software Engineer","Ramona Optics","United States","","",jobspy_indeed,https://www.indeed.com/viewjob?jk=2ad1d1e6229995f5,"","2026-05-21"
0,"","Staff Machine Learning Engineer, Embeddings","reddit","Remote","","$253,300 - $354,600 (yearly)",jobspy_indeed,https://www.indeed.com/viewjob?jk=d97f142a11d851e3,"","2026-05-21"
0,"","Sales Development Representative","nan","Remote","","",jobspy_indeed,https://www.indeed.com/viewjob?jk=3c5852f672187b9d,"","2026-05-20"
0,"","Principal Lead Engineer","nan","Remote","","",jobspy_indeed,https://www.indeed.com/viewjob?jk=186fc683b60ec2b4,"","2026-05-20"
0,"","Manager, Data Engineering","Skillable","Remote","","$140,000 - $185,000 (yearly)",jobspy_indeed,https://www.indeed.com/viewjob?jk=772f6931f60e620f,"","2026-05-20"
0,"","Senior Product Designer, GenAI Ad Formats","Netflix","Remote","","$350,000 - $520,000 (yearly)",jobspy_indeed,https://www.indeed.com/viewjob?jk=a7fadc9d1070628b,"","2026-05-20"
0,"","Senior Solutions Architect","Remote Woman","Remote","","",jobspy_indeed,https://www.indeed.com/viewjob?jk=54023ad99c72b33b,"","2026-05-20"
0,"","Principal Technical Program Manager, Developer Productivity","reddit","Remote","","$260,800 - $365,100 (yearly)",jobspy_indeed,https://www.indeed.com/viewjob?jk=69d1127fa63125a8,"","2026-05-19"
0,"","Senior Engineering Manager, Developer Productivity","reddit","Remote","","$232,500 - $325,500 (yearly)",jobspy_indeed,https://www.indeed.com/viewjob?jk=e406fea85ed7152c,"","2026-05-20"
0,"","Software Engineer","VEVO","Remote","","$125,000 - $145,000 (yearly)",jobspy_indeed,https://www.indeed.com/viewjob?jk=0f986b7667ce4b5f,"","2026-05-20"
0,"","GPU Consultant Engineer","collabora","Remote","","",jobspy_indeed,https://www.indeed.com/viewjob?jk=a29c07e30a033c60,"","2026-05-20"
0,"","Software Engineer (C# .NET Framework/SQL Server) - Digitech - Remote","Sarnova HC, LLC","Remote","","",jobspy_indeed,https://www.indeed.com/viewjob?jk=aa470b5b01d75604,"","2026-05-20"
0,"","Senior Solutions Architect: New Logo (East) New","Temporal Technologies","Remote","","",jobspy_indeed,https://www.indeed.com/viewjob?jk=79f6662c7835b053,"","2026-05-20"
0,"","Security Alarm Tech Support - Access Control, CCTV, Intrusion - Remote","Interface Systems","Remote","","",jobspy_indeed,https://www.indeed.com/viewjob?jk=e8b5c1428832a805,"","2026-05-20"
0,"","Business Development Representative (US)","TradeCentric","Remote","","$55,000 - $65,000 (yearly)",jobspy_indeed,https://www.indeed.com/viewjob?jk=30d878d6b44431c9,"","2026-05-19"
0,"","Antenna design for wearable device","Mirelle, the original Headband Camera","Remote","","$1,000 - $5,000 (monthly)",jobspy_indeed,https://www.indeed.com/viewjob?jk=f2bec3ec311572d2,"","2026-05-19"
0,"","Digital Marketing Specialist","nan","Remote","","$19 - $36 (hourly)",jobspy_indeed,https://www.indeed.com/viewjob?jk=bf745ece22c29c9d,"","2026-05-19"
0,"","Developer Relations Engineer, Community","render","Remote","","",jobspy_indeed,https://www.indeed.com/viewjob?jk=cd75af565c66287b,"","2026-05-19"
0,"","Physical Security Solutions Engineer","New Era Technology","Remote","","$70,000 - $95,000 (yearly)",jobspy_indeed,https://www.indeed.com/viewjob?jk=15f841eb2807f5a1,"","2026-05-19"
0,"","Senior Bentley BIM Engineer","Exodigo","Remote","","$130,000 - $160,000 (yearly)",jobspy_indeed,https://www.indeed.com/viewjob?jk=95f3e3113f037e5f,"","2026-04-21"
0,"","Lead Desktop Support Technician","DataFielder Inc, LLC","Chicago, Illinois","","$30 - $35 (hourly)",jobspy_indeed,https://www.indeed.com/viewjob?jk=2ec6b2ecfdb0d2c7,"","2026-05-21"
0,"","Mental Health Technician (MHT)(PRN)","Silver Oaks Behavioral Hospital","Chicago, Illinois","","$18 - $25 (hourly)",jobspy_indeed,https://www.indeed.com/viewjob?jk=f4df2949b5bcb7b1,"","2026-05-20"
0,"","Board Certified Behavior Analyst (BCBA)","nan","Chicago, Illinois","","$88,000 - $95,000 (yearly)",jobspy_indeed,https://www.indeed.com/viewjob?jk=071ef80711a4e9e9,"","2026-05-20"
0,"","Hygiene Technician","Citron Hygiene","Chicago, Illinois","","",jobspy_indeed,https://www.indeed.com/viewjob?jk=f214f8bc4b364c04,"","2026-05-20"
0,"","Medication History Advocate","UChicago Medicine AdventHealth GlenOaks","Chicago, Illinois","","$22 - $35 (hourly)",jobspy_indeed,https://www.indeed.com/viewjob?jk=3cf07e6f5258a3c0,"","2026-05-20"
0,"","HVAC Service Technician","American Vintage Home, Inc","Chicago, Illinois","","",jobspy_indeed,https://www.indeed.com/viewjob?jk=644476670c306ae1,"","2026-05-20"
0,"","Prepress Technician","Phoenix Veterans Print","Chicago, Illinois","","$25 - $29 (hourly)",jobspy_indeed,https://www.indeed.com/viewjob?jk=cd6e768e70fe570d,"","2026-05-20"
0,"","Detail Technician","Crash Champions Collision Repair Team","Chicago, Illinois","","$15 - $25 (hourly)",jobspy_indeed,https://www.indeed.com/viewjob?jk=b046b144769e3213,"","2026-05-20"
0,"","Auto Body Technician","Crash Champions Collision Repair Team","Chicago, Illinois","","$65,000 - $175,140 (yearly)",jobspy_indeed,https://www.indeed.com/viewjob?jk=747700431e488a1e,"","2026-05-20"
0,"","Insulation Technician","Residential Commercial Insulation (RCI)","Chicago, Illinois","","$17 - $24 (hourly)",jobspy_indeed,https://www.indeed.com/viewjob?jk=ff3e14af97246af9,"","2026-05-20"
0,"","Shop Helper","JX Enterprises","Chicago, Illinois","","$19 - $23 (hourly)",jobspy_indeed,https://www.indeed.com/viewjob?jk=9543e0c1a26f422a,"","2026-05-19"
0,"","Medical Assistant Float","ChenMed","Chicago, Illinois","","$17 - $24 (hourly)",jobspy_indeed,https://www.indeed.com/viewjob?jk=185e0e919566e688,"","2026-05-19"
0,"","Nail Technician","Arch Amenities Group","Chicago, Illinois","","$16 - $125 (hourly)",jobspy_indeed,https://www.indeed.com/viewjob?jk=4d344dc0b6ce2513,"","2026-05-16"
0,"","Center Support Coordinator- Jefferson Park","The Place for Children with Autism","Chicago, Illinois","","",jobspy_indeed,https://www.indeed.com/viewjob?jk=064aae1777b1d845,"","2026-05-15"
0,"","Collision Center General Manager","Crash Champions Collision Repair Team","Chicago, Illinois","","$75,000 - $145,950 (yearly)",jobspy_indeed,https://www.indeed.com/viewjob?jk=173a74c2c51bf559,"","2026-05-15"
0,"","Service Technician- Natural Gas Industry","GROEBNER","Chicago, Illinois","","$22 - $24 (hourly)",jobspy_indeed,https://www.indeed.com/viewjob?jk=55e35470c1522027,"","2026-05-15"
0,"","Veterinary Receptionist","Companion Animal Hospital of Norridge","Chicago, Illinois","","$16 - $22 (hourly)",jobspy_indeed,https://www.indeed.com/viewjob?jk=6c193ab0e7cecd95,"","2026-05-11"
0,"","Vice President, Customer Acquisition","Mission Pet Health","Chicago, Illinois","","$225,000 - $275,000 (yearly)",jobspy_indeed,https://www.indeed.com/viewjob?jk=10c2f405a71508f4,"","2026-04-24"
0,"","Maintenance Technician - Chicago Parking Meters","LAZ Parking","Chicago, Illinois","","$16 - $18 (hourly)",jobspy_indeed,https://www.indeed.com/viewjob?jk=e9d258f118c5b469,"","2026-04-19"
0,"","Clinics Veterinary Assistant","Schwarzman Animal Medical Center","New York, New York","","$17 - $22 (hourly)",jobspy_indeed,https://www.indeed.com/viewjob?jk=67df4fb03d4c7c4c,"","2026-05-20"
0,"","Radiology Veterinary Assistant","Schwarzman Animal Medical Center","New York, New York","","$17 - $22 (hourly)",jobspy_indeed,https://www.indeed.com/viewjob?jk=3f3f1fc8146d15d6,"","2026-05-20"
0,"","Facilities & Building Services Technician","Schwarzman Animal Medical Center","New York, New York","","$23 - $25 (hourly)",jobspy_indeed,https://www.indeed.com/viewjob?jk=7587dc9e4bf764c9,"","2026-05-20"
0,"","Licensed Veterinary Technician (LVT) - Primary Care","Schwarzman Animal Medical Center","New York, New York","","$30 - $40 (hourly)",jobspy_indeed,https://www.indeed.com/viewjob?jk=8e246ab04e24317d,"","2026-05-20"
0,"","Veterinary Customer Service Representative","Richmond Valley Veterinary Practice","New York, New York","","$17 - $22 (hourly)",jobspy_indeed,https://www.indeed.com/viewjob?jk=19c88c4624ff4bb5,"","2026-05-20"
0,"","Multi-Skilled Technician (2nd Shift)","CBRE","New York, New York","","$55,000 - $70,000 (yearly)",jobspy_indeed,https://www.indeed.com/viewjob?jk=e31b3ef55f6cb8e2,"","2026-05-20"
0,"","Credentialed Veterinary Technician - NoHo","Bond Vet","New York, New York","","$27 - $40 (hourly)",jobspy_indeed,https://www.indeed.com/viewjob?jk=c166a3a15000c19c,"","2026-05-20"
0,"","Assistant Operations Manager - Route & Field Operations","nan","New York, New York","","$50,000 - $58,000 (yearly)",jobspy_indeed,https://www.indeed.com/viewjob?jk=d55ed2c1aa02b27d,"","2026-05-20"
0,"","Service Technician Apprentice","MarineMax Services Inc","New York, New York","","",jobspy_indeed,https://www.indeed.com/viewjob?jk=914e0e02623f5f23,"","2026-05-20"
0,"","Registered Behavior Technician (RBT)","nan","New York, New York","","$22 - $32 (hourly)",jobspy_indeed,https://www.indeed.com/viewjob?jk=ae63a367f73c8d40,"","2026-05-20"
0,"","SOL PT - Clinic Director Physical Therapist","Alliance Physical Therapy Partners","San Francisco, California","","$100,000 - $130,000 (yearly)",jobspy_indeed,https://www.indeed.com/viewjob?jk=1362c3b3db31922e,"","2026-05-21"
0,"","Vehicle Inspection & Shop Support Specialist","Fremont auto center","San Francisco, California","","$20 - $28 (hourly)",jobspy_indeed,https://www.indeed.com/viewjob?jk=76d4a37ba37c2d94,"","2026-05-21"
0,"","Detail Technician","Crash Champions Collision Repair Team","San Francisco, California","","$19 - $25 (hourly)",jobspy_indeed,https://www.indeed.com/viewjob?jk=31b9ec74aff85b70,"","2026-05-20"
0,"","Lead Maintenance Engineer","Sage Hospitality","San Francisco, California","","",jobspy_indeed,https://www.indeed.com/viewjob?jk=9bc30f88b6fdfd89,"","2026-05-20"
0,"","On-site Technology Support Technician","EY","San Francisco, California","","$46,800 - $96,500 (yearly)",jobspy_indeed,https://www.indeed.com/viewjob?jk=06596a1caf860b4a,"","2026-05-20"
0,"","Senior Project Engineering Manager","MYTra","San Francisco, California","","$140,000 - $150,000 (yearly)",jobspy_indeed,https://www.indeed.com/viewjob?jk=bbd2a07f9a73137e,"","2026-05-20"
0,"","Shop Technician / Mechanic","Pape' Machinery Inc","San Francisco, California","","$35 - $53 (hourly)",jobspy_indeed,https://www.indeed.com/viewjob?jk=fb84d0d41c287b4a,"","2026-05-20"
0,"","Recreation Specialist IV - Driver ($29.06/hour - $39.22/hour)","Hayward Area Recreation & Park District (HARD)","San Francisco, California","","$29 - $39 (hourly)",jobspy_indeed,https://www.indeed.com/viewjob?jk=cd330c48464234de,"","2026-05-19"
0,"","BMS Project Manager","Mantis Innovation","San Francisco, California","","$115,000 - $145,000 (yearly)",jobspy_indeed,https://www.indeed.com/viewjob?jk=9c5813325006980f,"","2026-05-19"
0,"","Application Specialist Earthmoving","Topcon","San Francisco, California","","$115,000 - $130,000 (yearly)",jobspy_indeed,https://www.indeed.com/viewjob?jk=b6e9449f80fbb9d1,"","2026-05-19"
0,"","Principal AI Platform EngineerNew","MaintainX","San Francisco, California","","",jobspy_indeed,https://www.indeed.com/viewjob?jk=cad8220188d46a8e,"","2026-05-19"
0,"","Behavior Analyst (BCBA) - Hybrid","Autism Learning Partners","San Francisco, California","","$82,000 - $93,000 (yearly)",jobspy_indeed,https://www.indeed.com/viewjob?jk=d68cd05da69d39bc,"","2026-05-18"
0,"","Auto Body Technician","Crash Champions Collision Repair Team","San Francisco, California","","$73,840 - $180,000 (yearly)",jobspy_indeed,https://www.indeed.com/viewjob?jk=ae1ca5bc34130bcd,"","2026-05-18"
0,"","Maintenance Technician-San Francisco","CBRE","San Francisco, California","","$26 - $36 (hourly)",jobspy_indeed,https://www.indeed.com/viewjob?jk=9ca9758a11a563e8,"","2026-05-15"
0,"","Engineer I","Mitra Chem","San Francisco, California","","$38 - $52 (hourly)",jobspy_indeed,https://www.indeed.com/viewjob?jk=0e591523b82d46de,"","2026-05-15"
0,"","Optometry Technician II","Gardner Health Services","San Francisco, California","","$22 - $28 (hourly)",jobspy_indeed,https://www.indeed.com/viewjob?jk=833dd78a9caf9d9d,"","2026-05-15"
0,"","Mechatronics and Robotics Engineering Associate","Stanford University","San Francisco, California","","$132,996 - $157,641 (yearly)",jobspy_indeed,https://www.indeed.com/viewjob?jk=b8e2c49d975c8883,"","2026-05-15"
0,"","Data Center Controls Tech","Amazon.com","San Francisco, California","","$37 - $66 (hourly)",jobspy_indeed,https://www.indeed.com/viewjob?jk=922a0a998e2a78f2,"","2026-05-15"
0,"","Sr. Autonomy Data Collection and Prototyping, Vehicle Build and Bring Up Engineer","Rivian","San Francisco, California","","",jobspy_indeed,https://www.indeed.com/viewjob?jk=c5528b81574dd1f6,"","2026-05-14"
0,"","Staff Audio System Engineer","Rivian","San Francisco, California","","",jobspy_indeed,https://www.indeed.com/viewjob?jk=531dea700c15851a,"","2026-04-29"
0,"","Sr. Quantum Applied Scientist, Device and Architecture Theory, AWS Center for Quantum Computing","Amazon Web Services","San Francisco, California","","$183,800 - $260,000 (yearly)",jobspy_indeed,https://www.indeed.com/viewjob?jk=4689ec5a1d590df4,"","2026-04-14"
0,"","Network Install Technician","Amazon.com","San Francisco, California","","$27 - $56 (hourly)",jobspy_indeed,https://www.indeed.com/viewjob?jk=cd721af89645abea,"","2026-01-20"
0,"","Batchmaker","Ecos","Seattle, Washington","","$24 - $33 (hourly)",jobspy_indeed,https://www.indeed.com/viewjob?jk=c35c0573f9bdf9eb,"","2026-05-20"
0,"","NDT Technician - Level 2 (Aerospace)","Precision CastParts","Seattle, Washington","","$27 - $34 (hourly)",jobspy_indeed,https://www.indeed.com/viewjob?jk=57328d270be9c5a1,"","2026-05-20"
0,"","Automotive Technician – CDJR – $93K–$208K | High-Volume Dealership Shop","Larson Automotive Group","Seattle, Washington","","$93,000 - $208,000 (yearly)",jobspy_indeed,https://www.indeed.com/viewjob?jk=de344c66af665ef2,"","2026-05-19"
0,"","Automotive Master Technician","HPCTX","Seattle, Washington","","$115,000 - $140,000 (yearly)",jobspy_indeed,https://www.indeed.com/viewjob?jk=be24781aba9fea98,"","2026-05-19"
0,"","Pharmacy Technician Spec Haz Compound","MultiCare Health System","Seattle, Washington","","$28 - $46 (hourly)",jobspy_indeed,https://www.indeed.com/viewjob?jk=e4d627cb5317bfb3,"","2026-05-19"
0,"","Hyundai Service Manager | Lead a Store Ready for Growth","Larson Automotive Group","Seattle, Washington","","$120,000 - $175,000 (yearly)",jobspy_indeed,https://www.indeed.com/viewjob?jk=7c45efeb11316c70,"","2026-05-19"
0,"","Veterinarian","Orting Animal Hospital","Seattle, Washington","","$120,000 - $150,000 (yearly)",jobspy_indeed,https://www.indeed.com/viewjob?jk=4a725a30273aae1a,"","2026-05-19"
0,"","NW Deployment Planner II, GND - Planning, Implementation, Coordination (PIC) Team","Amazon.com","Seattle, Washington","","$76,900 - $134,600 (yearly)",jobspy_indeed,https://www.indeed.com/viewjob?jk=c185f6a34bbe0162,"","2026-05-18"
0,"","Learning Management System (LMS) Coordinator","Chenega Corporation","Seattle, Washington","","",jobspy_indeed,https://www.indeed.com/viewjob?jk=9708846675d5609b,"","2026-05-18"
0,"","NW Deployment Planner I, GND - Planning, Implementation, Coordination (PIC) Team","Amazon.com","Seattle, Washington","","$30 - $54 (hourly)",jobspy_indeed,https://www.indeed.com/viewjob?jk=94a6f78133f23045,"","2026-03-12"
0,"","Infrastructure Technical Program Manager, Global Connectivity Infrastructure Delivery, Fiber Deployment, GCID-FD","Amazon.com","Seattle, Washington","","$127,100 - $171,900 (yearly)",jobspy_indeed,https://www.indeed.com/viewjob?jk=bf0a9cc3ed2eb098,"","2026-04-22"
0,"","Technical Infrastructure Program Manager, Data Center Planning and Delivery","Amazon.com","Seattle, Washington","","$127,100 - $171,900 (yearly)",jobspy_indeed,https://www.indeed.com/viewjob?jk=5e09c3f1b57cdd84,"","2026-04-03"
0,"","Regional Operations Director","Mission Pet Health","Seattle, Washington","","$150,000 - $160,000 (yearly)",jobspy_indeed,https://www.indeed.com/viewjob?jk=1f3e485d0b15de01,"","2026-04-15"
0,"","Service Advisor for Busy Truck Shop - Health Insurance, No Weekends!","Fleet Ready","Boston, Massachusetts","","$55,000 - $65,000 (yearly)",jobspy_indeed,https://www.indeed.com/viewjob?jk=a323a7d2e06c52d8,"","2026-05-21"
0,"","Emergency Veterinary Assistant/Technician - Animal Medical Center of New England","PetVet Care Centers","Boston, Massachusetts","","",jobspy_indeed,https://www.indeed.com/viewjob?jk=f6db4b2640750836,"","2026-05-20"
0,"","Board Certified Behavior Analyst (BCBA)","Bierman Autism Centers","Boston, Massachusetts","","$75,000 - $90,000 (yearly)",jobspy_indeed,https://www.indeed.com/viewjob?jk=f6660c46275498da,"","2026-05-19"
0,"","Emergency Veterinary Nursing Trainer - Peabody, MA","VEG ER for Pets","Boston, Massachusetts","","$33 - $65 (hourly)",jobspy_indeed,https://www.indeed.com/viewjob?jk=9f9761b12d8a3df5,"","2026-05-19"
0,"","Manufacturing Engineering Manager","Current Lighting Employee Co LLC","Boston, Massachusetts","","$100,000 - $115,000 (yearly)",jobspy_indeed,https://www.indeed.com/viewjob?jk=84960eb003ba625f,"","2026-05-19"
0,"","Group President - Massachusetts and Rhode Island","COVE Animal Health","Boston, Massachusetts","","$200,000 - $300,000 (yearly)",jobspy_indeed,https://www.indeed.com/viewjob?jk=58fe89b51b6ed328,"","2026-05-19"
0,"","Behavior Technician/ABA Therapist","Children Making Strides","Boston, Massachusetts","","$20 - $28 (hourly)",jobspy_indeed,https://www.indeed.com/viewjob?jk=e581fedb33e99e4a,"","2026-05-19"
0,"","ABA Therapist/Behavior Technician","Children Making Strides","Boston, Massachusetts","","$21 - $28 (hourly)",jobspy_indeed,https://www.indeed.com/viewjob?jk=96edbe02337e8951,"","2026-05-19"
0,"","Polymer Compounding Production Technician","Teknor Apex Company","Boston, Massachusetts","","$20 - $22 (hourly)",jobspy_indeed,https://www.indeed.com/viewjob?jk=320c914f16d0eef1,"","2026-05-19"
0,"","Detail Technician","Crash Champions Collision Repair Team","Boston, Massachusetts","","",jobspy_indeed,https://www.indeed.com/viewjob?jk=cf1a75515cf8ca35,"","2026-05-18"
0,"","Behavior Technician (BT) / Registered Behavior Technician (RBT)","Bierman Autism Centers","Boston, Massachusetts","","$18 - $22 (hourly)",jobspy_indeed,https://www.indeed.com/viewjob?jk=80cb492b5a7bca1d,"","2026-05-18"
0,"","Part Time Behavior Technician (BT) / Registered Behavior Technician (RBT) - Evening Shift","Bierman Autism Centers","Boston, Massachusetts","","",jobspy_indeed,https://www.indeed.com/viewjob?jk=876f277e1b48567e,"","2026-05-18"
0,"","Veterinary Receptionist (PT)","nan","Boston, Massachusetts","","$16 - $18 (hourly)",jobspy_indeed,https://www.indeed.com/viewjob?jk=0046eae97ba52ad3,"","2026-05-17"
0,"","Clinical Group Facilitator — Behavioral Health (AMFT / LMFT / LCSW / CADC / RADT)","nan","Los Angeles, California","","$30 - $45 (hourly)",jobspy_indeed,https://www.indeed.com/viewjob?jk=9522b0a8b59d089c,"","2026-05-21"
0,"","Survey Design Technician","Kimley-Horn","Los Angeles, California","","$75,000 - $90,000 (yearly)",jobspy_indeed,https://www.indeed.com/viewjob?jk=fed4b14b6c09fff6,"","2026-05-20"
0,"","Registered Nurse Outpatient Mental Health","US Department of Veterans Affairs","Los Angeles, California","","$111,502 - $190,737 (yearly)",jobspy_indeed,https://www.indeed.com/viewjob?jk=af45acb70c1a8f2a,"","2026-05-20"
0,"","Charge Nurse LVN","Belmont Village","Los Angeles, California","","",jobspy_indeed,https://www.indeed.com/viewjob?jk=d17d2b45586acf7f,"","2026-05-20"
0,"","START Collision Technician (Winter 2027)","Tesla","Los Angeles, California","","",jobspy_indeed,https://www.indeed.com/viewjob?jk=c67a7ac374d62b40,"","2026-05-20"
0,"","Veterinary Assistant - TLC Animal Clinic","PetVet Care Centers","Los Angeles, California","","$20 - $24 (hourly)",jobspy_indeed,https://www.indeed.com/viewjob?jk=404fc7972be1068b,"","2026-05-20"
0,"","Behavior Technician (Bachelor's Degree Required)","Coyne & Associates","Los Angeles, California","","$21 - $27 (hourly)",jobspy_indeed,https://www.indeed.com/viewjob?jk=a9632a2e1aa9acd3,"","2026-05-20"
0,"","UL Lab Engineer","Elite Lighting","Los Angeles, California","","",jobspy_indeed,https://www.indeed.com/viewjob?jk=f93128539224dd78,"","2026-05-20"
0,"","Receptionist","Urgent Care Animal Hospital","Los Angeles, California","","$20 - $24 (hourly)",jobspy_indeed,https://www.indeed.com/viewjob?jk=48051907ec4bec3c,"","2026-05-20"
0,"","Ford Service Career Opportunities","Galpin Motors, Inc.","Los Angeles, California","","$17 - $50 (hourly)",jobspy_indeed,https://www.indeed.com/viewjob?jk=c8c5727368a0ec5e,"","2026-05-19"
0,"","Logistics Driver - Southern California","McKinley Equipment Corporation","Los Angeles, California","","$23 - $26 (hourly)",jobspy_indeed,https://www.indeed.com/viewjob?jk=f264a64cce18cc41,"","2026-05-19"
0,"","Automotive Detailer","Singer Vehicle Design","Los Angeles, California","","$21 - $28 (hourly)",jobspy_indeed,https://www.indeed.com/viewjob?jk=cdbc4ab8c9419bb6,"","2026-05-19"
0,"","Registered Veterinary Technician (Full Time) - Irvine Pet Hospital","PetVet Care Centers","Los Angeles, California","","$23 - $33 (hourly)",jobspy_indeed,https://www.indeed.com/viewjob?jk=087c9f25146941fb,"","2026-05-19"
0,"","Stock Tank Prep Assistant","nan","Los Angeles, California","","$20 - $23 (hourly)",jobspy_indeed,https://www.indeed.com/viewjob?jk=bde6eb2c9e01d8c4,"","2026-05-19"
0,"","BCBA or Master’s Level Supervisor for Saturday Social Skills","Special Needs Network","Los Angeles, California","","$33 - $50 (hourly)",jobspy_indeed,https://www.indeed.com/viewjob?jk=d8be23e877b7b78a,"","2026-05-19"
0,"","Lead Low-Voltage Technician / Field Supervisor","Southbay Powersports","Los Angeles, California","","$20 - $35 (hourly)",jobspy_indeed,https://www.indeed.com/viewjob?jk=0824d7b61d02aeb3,"","2026-05-19"
0,"","BMS Project Manager","Mantis Innovation","Los Angeles, California","","$115,000 - $145,000 (yearly)",jobspy_indeed,https://www.indeed.com/viewjob?jk=1b3cb94052f1be6b,"","2026-05-19"
0,"","Collision Estimator","Crash Champions Collision Repair Team","Los Angeles, California","","$69,680 - $155,000 (yearly)",jobspy_indeed,https://www.indeed.com/viewjob?jk=ccfa8ae63cc4c85b,"","2026-05-12"
0,"","Assistant Nurse Manager","CenExel Clinical Research","Washington, DC","","$80,400 - $99,100 (yearly)",jobspy_indeed,https://www.indeed.com/viewjob?jk=d5451203fbd93039,"","2026-05-21"
0,"","Automotive Technician - Audi Owings Mills","Sonic Automotive","Washington, DC","","$105,000 - $150,000 (yearly)",jobspy_indeed,https://www.indeed.com/viewjob?jk=bd4302834f319c43,"","2026-05-21"
0,"","Data Center Technician, DCC Communities","Amazon.com","Washington, DC","","$27 - $48 (hourly)",jobspy_indeed,https://www.indeed.com/viewjob?jk=324b862b84b2aeb5,"","2026-05-20"
0,"","Energy Consultant","Nova Renewables","Washington, DC","","$120,000 - $140,000 (yearly)",jobspy_indeed,https://www.indeed.com/viewjob?jk=8c2a1bed7306db3f,"","2026-05-20"
0,"","Auto Body Technician","Crash Champions Collision Repair Team","Washington, DC","","$70,850 - $180,000 (yearly)",jobspy_indeed,https://www.indeed.com/viewjob?jk=3b2030c0227fc8c6,"","2026-05-20"
0,"","Veterinary Technician","CityVet","Washington, DC","","",jobspy_indeed,https://www.indeed.com/viewjob?jk=d9ca1eb5509f0021,"","2026-05-20"
0,"","Medical Records Technician (Coder-Outpatient)","US Department of Veterans Affairs","Washington, DC","","$63,940 - $83,119 (yearly)",jobspy_indeed,https://www.indeed.com/viewjob?jk=689fd6ffdc6b4e38,"","2026-05-20"
0,"","NW Deployment Planner II, GND - Planning, Implementation, Coordination (PIC) Team","Amazon.com","Washington, DC","","$76,900 - $134,600 (yearly)",jobspy_indeed,https://www.indeed.com/viewjob?jk=2922e69f1c57195b,"","2026-05-18"
0,"","Entry Level Automotive Technician","BMI INC.","United States","","",jobspy_indeed,https://www.indeed.com/viewjob?jk=41624b15971c9353,"","2026-05-21"
0,"","Pest Control Sales & Service Technician","Falkin Pest Control","United States","","$40,000 - $60,000 (yearly)",jobspy_indeed,https://www.indeed.com/viewjob?jk=81ac0d943fb4f22d,"","2026-05-21"
0,"","Medical Records Technician (Coder) Auditor","US Department of Veterans Affairs","United States","","$61,722 - $80,243 (yearly)",jobspy_indeed,https://www.indeed.com/viewjob?jk=0c9f8ac52ef3fa37,"","2026-05-21"
0,"","Registered Nurse - Intermittent","US Department of Veterans Affairs","United States","","$89,575 - $176,105 (yearly)",jobspy_indeed,https://www.indeed.com/viewjob?jk=663d5d0d7a3cb738,"","2026-05-21"
0,"","Service Manager","Tire Discounters","United States","","$55,000 - $85,000 (yearly)",jobspy_indeed,https://www.indeed.com/viewjob?jk=78a335a15058cd16,"","2026-05-21"
0,"","Service Technician","nan","United States","","$30 - $40 (hourly)",jobspy_indeed,https://www.indeed.com/viewjob?jk=3f42f7abd15949b6,"","2026-05-21"
0,"","OR/PACU Medical Assistant","US Fertility","United States","","",jobspy_indeed,https://www.indeed.com/viewjob?jk=4c90ac22760c7df4,"","2026-05-21"
0,"","Certified Pharmacy Technician - Data Entry","Extended Pharmacy","United States","","",jobspy_indeed,https://www.indeed.com/viewjob?jk=fa546cf5aea5803b,"","2026-05-21"
0,"","Residential HVAC Installation Technician","celtic air","United States","","$18 - $26 (hourly)",jobspy_indeed,https://www.indeed.com/viewjob?jk=a267705a7d9ddb6c,"","2026-05-21"
0,"","Journeyman - HVAC Data Center Chiller Technician Waco/Austin/Dallas - Union","Carrier","United States","","$38 - $76 (hourly)",jobspy_indeed,https://www.indeed.com/viewjob?jk=0ce9d3faaeeef97d,"","2026-05-21"
0,"","Field Service Technican","Carrier","United States","","$38 - $76 (hourly)",jobspy_indeed,https://www.indeed.com/viewjob?jk=6571b5d7003dccd5,"","2026-05-21"
0,"","Experienced Veterinary Assistant","Town & Country West Vet Clinic","United States","","$17 - $20 (hourly)",jobspy_indeed,https://www.indeed.com/viewjob?jk=3cddb798aba87753,"","2026-05-21"
0,"","Automotive Technician","H&H Truck and Outdoor","United States","","$18 - $20 (hourly)",jobspy_indeed,https://www.indeed.com/viewjob?jk=dce3700ebbd10525,"","2026-05-21"
0,"","General Manager","Crash Champions Collision Repair Team","United States","","$75,000 - $126,900 (yearly)",jobspy_indeed,https://www.indeed.com/viewjob?jk=d41c19d3ceb4f450,"","2026-05-20"
0,"","Veterinary Assistant","White Rock Veterinary Hospital","United States","","$19 - $23 (hourly)",jobspy_indeed,https://www.indeed.com/viewjob?jk=67b1e7cbc3f9a6f5,"","2026-05-20"
0,"","Licensed Veterinary Technician","Stone Ridge Veterinary Medical Center","United States","","$17 - $23 (hourly)",jobspy_indeed,https://www.indeed.com/viewjob?jk=3c769689f3fdd39a,"","2026-05-20"
0,"","Veterinary Technician Recruiter - Remote","Mission Pet Health","Remote","","",jobspy_indeed,https://www.indeed.com/viewjob?jk=a2e4571f050144c6,"","2026-05-19"
0,"","Director, Procurement","AI Fire","Remote","","",jobspy_indeed,https://www.indeed.com/viewjob?jk=dda9bd804f382310,"","2026-05-14"
0,"","CMM Programmer (1st Shift M-F 6AM- 2:30PM)","Woodward, Inc.","Chicago, Illinois","","$17 - $38 (hourly)",jobspy_indeed,https://www.indeed.com/viewjob?jk=b32e4182f504a77d,"","2026-05-14"
0,"","CNC Machinist & Operator","None","Boston, Massachusetts","","$26 - $40 (hourly)",jobspy_indeed,https://www.indeed.com/viewjob?jk=52f112889c0548dc,"","2026-05-20"
0,"","CNC Programmer II/Set Up Operator","Ducommun","Los Angeles, California","","$33 - $37 (hourly)",jobspy_indeed,https://www.indeed.com/viewjob?jk=12c7d4aa0bbb4d5e,"","2026-05-11"
0,"","Master Control Operator","Warner Bros. Discovery","Washington, DC","","",jobspy_indeed,https://www.indeed.com/viewjob?jk=92fd126f55277fcc,"","2026-05-20"
0,"","Live Events Operator","Warner Bros. Discovery","Washington, DC","","",jobspy_indeed,https://www.indeed.com/viewjob?jk=9b525e011dd267de,"","2026-05-19"
0,"","Lighting Director","Miami Heat","United States","","",jobspy_indeed,https://www.indeed.com/viewjob?jk=3de176ea28bb0ab6,"","2026-05-21"
0,"","AV Installation Technician","Tusker","United States","","$25 - $30 (hourly)",jobspy_indeed,https://www.indeed.com/viewjob?jk=a9b062a23beb5166,"","2026-05-18"
0,"","Systems Support Specialist","Penn National Insurance","United States","","",jobspy_indeed,https://www.indeed.com/viewjob?jk=38a820cb30a89f3b,"","2026-05-18"
0,"","Clinical Informatics Specialist 4","UC Davis","United States","","$102,400 - $202,400 (yearly)",jobspy_indeed,https://www.indeed.com/viewjob?jk=05ff64a9fa025b3d,"","2026-05-15"
0,"","Machinist II or III - 2nd Shift","NWI Aerostructures","United States","","$22 - $32 (hourly)",jobspy_indeed,https://www.indeed.com/viewjob?jk=55b7396d877aae4e,"","2026-05-15"
0,"","Security Technician","Logicalis","United States","","$25 - $30 (hourly)",jobspy_indeed,https://www.indeed.com/viewjob?jk=3e57c1bb30031294,"","2026-04-14"
0,"","Videographer & StageHands needed in Newton NJ","Gizzi Productions LLC","New York, New York","","",jobspy_indeed,https://www.indeed.com/viewjob?jk=3e22ddbc9564993d,"","2026-05-19"
0,"","Freelance Carpenters, Tent Drapers, and Stagehands for Onsite Event Work","Van Wyck & Van Wyck","New York, New York","","$20 - $35 (hourly)",jobspy_indeed,https://www.indeed.com/viewjob?jk=6e4a64f776323fc5,"","2026-05-18"
0,"","Tilles Center Freelance Stagehand","Long Island University","New York, New York","","$20 - $30 (hourly)",jobspy_indeed,https://www.indeed.com/viewjob?jk=7d4700d138e09935,"","2026-05-07"
0,"","Big Night Live - Stagehand","Big Night Entertainment Group","Boston, Massachusetts","","",jobspy_indeed,https://www.indeed.com/viewjob?jk=ed41f7a3707a1f87,"","2026-05-14"
0,"","Stagehand (As-Needed) | MPAC","Renaissance Hotels","United States","","",jobspy_indeed,https://www.indeed.com/viewjob?jk=7d36bd03cd67175d,"","2026-05-21"
0,"","Assembly Hall Stagehand - 2 Vacancies","University of Illinois Springfield","United States","","",jobspy_indeed,https://www.indeed.com/viewjob?jk=9aa4b4e340fcb6ca,"","2026-05-20"
0,"","Production Manager","University of Illinois Springfield","United States","","",jobspy_indeed,https://www.indeed.com/viewjob?jk=31608a0f06998e76,"","2026-05-20"
0,"","Union Stagehand | Part-Time | Ford Wyoming Cetner","Oak View Group","United States","","$26 - $34 (hourly)",jobspy_indeed,https://www.indeed.com/viewjob?jk=ca5b5480adf84cc6,"","2026-05-19"
0,"","General Stagehand (with optional Driver role) – Shows & Production","Young Musicians Unite","United States","","",jobspy_indeed,https://www.indeed.com/viewjob?jk=00367c2c82f9ecf8,"","2026-05-19"
0,"","Stagehand Technician","Pegasus Entertainment","United States","","$23 - $28 (hourly)",jobspy_indeed,https://www.indeed.com/viewjob?jk=955080894f6157a3,"","2026-05-19"
0,"","Class A CDL Driver / Stage Hand","Lighting & Sound","United States","","$28 - $32 (hourly)",jobspy_indeed,https://www.indeed.com/viewjob?jk=65a773aa43678ff8,"","2026-05-19"
0,"","Stagehand","M&M PRODUCTIONS USA","United States","","",jobspy_indeed,https://www.indeed.com/viewjob?jk=397c29ddab809a3f,"","2026-05-14"
0,"","Set Up Technician","Novolex","Chicago, Illinois","","$28 - $34 (hourly)",jobspy_indeed,https://www.indeed.com/viewjob?jk=d835ae4fd9d1477a,"","2026-05-20"
0,"","Mechanical Technician","LettrLabs","Chicago, Illinois","","$30 - $35 (hourly)",jobspy_indeed,https://www.indeed.com/viewjob?jk=5240123ad785eb28,"","2026-05-20"
0,"","Equipment Maintenance Manager","Baxter","Chicago, Illinois","","$104,000 - $143,000 (yearly)",jobspy_indeed,https://www.indeed.com/viewjob?jk=d7ed92d098ec88f4,"","2026-05-15"
0,"","Electro-Mechanical Technician - 2nd Shift","Woodland Gourmet","Chicago, Illinois","","$33 - $50 (hourly)",jobspy_indeed,https://www.indeed.com/viewjob?jk=1e076b0bd6153114,"","2026-05-15"
0,"","Maintenance Mechanic Flavors","Robertet Canada","New York, New York","","$33 - $37 (hourly)",jobspy_indeed,https://www.indeed.com/viewjob?jk=55ceb36492fa4093,"","2026-05-19"
0,"","Hospital Medical Leader (DVM Opportunity)","Petco","New York, New York","","$139,800 - $223,700 (yearly)",jobspy_indeed,https://www.indeed.com/viewjob?jk=5f38ceb4d5411dc6,"","2026-05-18"
0,"","Creative Producer","Avoca","New York, New York","","$165,000 - $190,000 (yearly)",jobspy_indeed,https://www.indeed.com/viewjob?jk=5ffc153b558b2a33,"","2026-05-18"
0,"","Seasonal Wine Technician","GALLO","San Francisco, California","","",jobspy_indeed,https://www.indeed.com/viewjob?jk=964a882efcf47f5d,"","2026-05-19"
0,"","Pebble Field Service Technician","Pebble Mobility","San Francisco, California","","$44 - $66 (hourly)",jobspy_indeed,https://www.indeed.com/viewjob?jk=a82ae75be451353a,"","2026-05-18"
0,"","Correctional Industries Supervisor Assistant - Laundry","State of Washington","Seattle, Washington","","$4,968 - $6,673 (monthly)",jobspy_indeed,https://www.indeed.com/viewjob?jk=1af529b11d69fe2d,"","2026-05-20"
0,"","Sanitation Technician I","Probi USA, Inc.","Seattle, Washington","","$21 - $23 (hourly)",jobspy_indeed,https://www.indeed.com/viewjob?jk=40e56971e1d1a28c,"","2026-05-19"
0,"","Maintenance Technician, Millwright - Afternoon Shift","Natural Factors","Seattle, Washington","","$27 - $38 (hourly)",jobspy_indeed,https://www.indeed.com/viewjob?jk=3e3315ccbafe0ed8,"","2026-05-15"
0,"","AV Specialist","EOS IT Solutions","Seattle, Washington","","$80,000 - $90,000 (yearly)",jobspy_indeed,https://www.indeed.com/viewjob?jk=205ee81a4eff4948,"","2026-05-14"
0,"","Clinical Nurse Manager – Ambulatory Cardiology","Beth Israel Lahey Health","Boston, Massachusetts","","$150,000 - $220,000 (yearly)",jobspy_indeed,https://www.indeed.com/viewjob?jk=adcda41a73bbaee6,"","2026-05-19"
0,"","Philanthropy Coordinator (Enterprise Intiatives)","Beth Israel Lahey Health","Boston, Massachusetts","","$50,000 - $70,000 (yearly)",jobspy_indeed,https://www.indeed.com/viewjob?jk=c48d08dff42d5462,"","2026-05-18"
0,"","Assembly and Test Technician B","Draper","Boston, Massachusetts","","",jobspy_indeed,https://www.indeed.com/viewjob?jk=5096e5761d448d89,"","2026-05-18"
0,"","Risk Specialist – Temporary Position","Beth Israel Lahey Health","Boston, Massachusetts","","$100,006 - $140,005 (yearly)",jobspy_indeed,https://www.indeed.com/viewjob?jk=4855be9e43392323,"","2026-05-15"
0,"","Technical Director","The Catalyst Companies","Los Angeles, California","","",jobspy_indeed,https://www.indeed.com/viewjob?jk=68972695266ae409,"","2026-05-20"
0,"","Field Shop Technician","BEXEL","Los Angeles, California","","$18 - $20 (hourly)",jobspy_indeed,https://www.indeed.com/viewjob?jk=d15684e4591b8395,"","2026-05-19"
0,"","Machine Operator I","Amcor","Los Angeles, California","","$21 - $32 (hourly)",jobspy_indeed,https://www.indeed.com/viewjob?jk=c6d87fd047f51cd2,"","2026-05-19"
0,"","IT Support Technician","FNTECH","Los Angeles, California","","$25 - $35 (hourly)",jobspy_indeed,https://www.indeed.com/viewjob?jk=2a0449d1167f1881,"","2026-05-18"
0,"","Quality Assurance Engineer - Paint","Singer Vehicle Design","Los Angeles, California","","$70,304 - $140,000 (yearly)",jobspy_indeed,https://www.indeed.com/viewjob?jk=82e38509fbfa3111,"","2026-05-18"
0,"","CNC, Tool Room Tech","Orchid Orthopedic Solutions","Los Angeles, California","","$22 - $28 (hourly)",jobspy_indeed,https://www.indeed.com/viewjob?jk=93a728cca1783dcf,"","2026-05-18"
0,"","Manager Engineering Technical Support 2","Northrop Grumman","Los Angeles, California","","$146,600 - $219,800 (yearly)",jobspy_indeed,https://www.indeed.com/viewjob?jk=18454ae59f428a6b,"","2026-05-17"
0,"","Lead Production Technician","American Musical and Dramatic Academy","Los Angeles, California","","",jobspy_indeed,https://www.indeed.com/viewjob?jk=5eebeb78e8c9119a,"","2026-05-15"
0,"","Technician, Technical Infrastructure - Cables","Production Resource Group","Los Angeles, California","","$20 - $22 (hourly)",jobspy_indeed,https://www.indeed.com/viewjob?jk=3604f08a98d032ed,"","2026-05-14"
0,"","Warehouse Technician - Special Effects","Strictly FX","Los Angeles, California","","",jobspy_indeed,https://www.indeed.com/viewjob?jk=49e9bf00df43b915,"","2026-05-14"
0,"","Artistic Director","nan","Washington, DC","","$50,000 - $60,000 (yearly)",jobspy_indeed,https://www.indeed.com/viewjob?jk=c8de44582e4bf93b,"","2026-05-20"
0,"","Lead Mitigation Technician","Thomasville Restoration","Washington, DC","","$20 - $23 (hourly)",jobspy_indeed,https://www.indeed.com/viewjob?jk=d5fa14e5a23c8c17,"","2026-05-20"
0,"","Operations Technician","Pennsylvania Cable Network","United States","","",jobspy_indeed,https://www.indeed.com/viewjob?jk=dacab35553bd660f,"","2026-05-21"
0,"","Field Engineering Robotic Technician","Nabors Industries","United States","","",jobspy_indeed,https://www.indeed.com/viewjob?jk=5a0b25b0770c393b,"","2026-05-21"
0,"","Donor Center Technician 1","Octapharma","United States","","",jobspy_indeed,https://www.indeed.com/viewjob?jk=a6f12a7b28391e59,"","2026-05-21"
0,"","Electrical Maintenance Supervisor - Gypsum (Newington)","Georgia-Pacific","United States","","",jobspy_indeed,https://www.indeed.com/viewjob?jk=d88af83b7f518ce4,"","2026-05-21"
0,"","Maintenance Tech III, Electrical, 2nd Shift - Jerome Ave","Astec Industries","United States","","",jobspy_indeed,https://www.indeed.com/viewjob?jk=31a4fce4f6b778c9,"","2026-05-21"
0,"","Multicraft Specialist","Novolex","United States","","$28 - $34 (hourly)",jobspy_indeed,https://www.indeed.com/viewjob?jk=8633194a45921f6c,"","2026-05-20"
0,"","Engineer- Melt Shop","Fort Wayne Metals","United States","","",jobspy_indeed,https://www.indeed.com/viewjob?jk=6e131f716c9303b4,"","2026-05-20"
0,"","Associate Veterinarian - Veterinary Medical Center of The Woodlands","Lakefield Veterinary Group","United States","","$130,000 - $150,000 (yearly)",jobspy_indeed,https://www.indeed.com/viewjob?jk=a9f02f34b67ecd22,"","2026-05-20"
0,"","Training Site Technician","Saronic Technologies","United States","","",jobspy_indeed,https://www.indeed.com/viewjob?jk=e51bff95222f8220,"","2026-05-20"
0,"","Lighting and Sound Technician","Town of Garner","United States","","",jobspy_indeed,https://www.indeed.com/viewjob?jk=90634a2a993a73f4,"","2026-05-20"
0,"","Line Cook","Ohio Living","United States","","",jobspy_indeed,https://www.indeed.com/viewjob?jk=0983100460728560,"","2026-05-20"
0,"","Material Flow Supervisor","Polaris Industries","United States","","",jobspy_indeed,https://www.indeed.com/viewjob?jk=c01ba60f1d94e874,"","2026-05-20"
0,"","Tower Tech","SBA Communications","Chicago, Illinois","","$26 - $39 (hourly)",jobspy_indeed,https://www.indeed.com/viewjob?jk=8d1c3d8c1592d592,"","2026-05-19"
0,"","Tower Technician","Tower Systems, Inc.","Chicago, Illinois","","$24 - $29 (hourly)",jobspy_indeed,https://www.indeed.com/viewjob?jk=43bcff84d2ed876e,"","2026-05-15"
0,"","Tower Technician/Top Hand","F I Wireless LLC","Chicago, Illinois","","$22 - $28 (hourly)",jobspy_indeed,https://www.indeed.com/viewjob?jk=9cf835be344ddc52,"","2026-05-15"
0,"","Test Technician III","BAE Systems USA","New York, New York","","$62,530 - $100,048 (yearly)",jobspy_indeed,https://www.indeed.com/viewjob?jk=35f4dd1911f0e758,"","2026-05-20"
0,"","RF Technician I/II","Mini-Circuits","New York, New York","","$70,000 - $95,000 (yearly)",jobspy_indeed,https://www.indeed.com/viewjob?jk=c859884c547f06f6,"","2026-05-20"
0,"","Field Technician - Northern New York State","T-Mobile","New York, New York","","$27 - $48 (hourly)",jobspy_indeed,https://www.indeed.com/viewjob?jk=0722481b27674c63,"","2026-05-18"
0,"","RF Systems Engineer","Amentum","New York, New York","","",jobspy_indeed,https://www.indeed.com/viewjob?jk=8eece057e70f83b0,"","2026-05-18"
0,"","Port Engineer/Small Vessel Lead","Amentum","New York, New York","","",jobspy_indeed,https://www.indeed.com/viewjob?jk=17a3b1047d607452,"","2026-05-19"
0,"","Engineering Test Technician - MMIC","Mini-Circuits","New York, New York","","$90,000 - $110,000 (yearly)",jobspy_indeed,https://www.indeed.com/viewjob?jk=e93bfa0a344521d7,"","2026-05-18"
0,"","Emergency Services Technician","E Logic","New York, New York","","",jobspy_indeed,https://www.indeed.com/viewjob?jk=49f8fe9eb47e13fa,"","2026-05-15"
0,"","Mechanical Lab Technician","Amphenol","San Francisco, California","","$25 - $38 (hourly)",jobspy_indeed,https://www.indeed.com/viewjob?jk=257b22f93a7a633b,"","2026-05-19"
0,"","RF Engineer 2","Bureau Veritas","San Francisco, California","","$100,000 - $120,000 (yearly)",jobspy_indeed,https://www.indeed.com/viewjob?jk=1c4decf4efee9175,"","2026-05-19"
0,"","Field Technician","Medley Networks Inc","San Francisco, California","","$18 - $25 (hourly)",jobspy_indeed,https://www.indeed.com/viewjob?jk=3755f36b247b8932,"","2026-05-15"
0,"","PCB Manufacturing Equipment Maintenance Supervisor","TTM Technologies","San Francisco, California","","$99,251 - $165,419 (yearly)",jobspy_indeed,https://www.indeed.com/viewjob?jk=02fe3c54e157bb12,"","2026-05-14"
0,"","Electronics Test Technician III","Echodyne Corp","Seattle, Washington","","$28 - $43 (hourly)",jobspy_indeed,https://www.indeed.com/viewjob?jk=3b3b11963b526a0c,"","2026-05-21"
0,"","Calibration Technician B","Simco Electronics","Seattle, Washington","","$29 - $34 (hourly)",jobspy_indeed,https://www.indeed.com/viewjob?jk=f0b54bd78a3f15bc,"","2026-05-19"
0,"","Avionics Technician","VarStaff","Seattle, Washington","","$38 - $58 (hourly)",jobspy_indeed,https://www.indeed.com/viewjob?jk=539fa65500357d74,"","2026-05-19"
0,"","Satellite Hardware Test Engineer, Integrated Vehicle Test Team","Amazon.com","Seattle, Washington","","$129,200 - $174,800 (yearly)",jobspy_indeed,https://www.indeed.com/viewjob?jk=db6601127d987dbd,"","2026-05-15"
0,"","System Development Engineer, GSE Automation, Amazon Leo","Amazon.com","Seattle, Washington","","$129,200 - $174,800 (yearly)",jobspy_indeed,https://www.indeed.com/viewjob?jk=e19ebbe6caca2886,"","2026-04-03"
0,"","Technician - Lunar Avionics | A Shift","Blue Origin","Seattle, Washington","","$29 - $41 (hourly)",jobspy_indeed,https://www.indeed.com/viewjob?jk=a9e162e75b6fde89,"","2026-05-15"
0,"","Tower Technician, Crew Lead (Osha 10/30, NWSA & 3 years experience required)","Terra Vertical Communications","Seattle, Washington","","$28 - $35 (hourly)",jobspy_indeed,https://www.indeed.com/viewjob?jk=9aad7679cd5d882d,"","2026-05-15"
0,"","Onsite Network Technician","SONIFI","Boston, Massachusetts","","$27 - $34 (hourly)",jobspy_indeed,https://www.indeed.com/viewjob?jk=ee5d43d3e9715bcd,"","2026-05-20"
0,"","Signal Integrity Engineer","Amphenol","Boston, Massachusetts","","",jobspy_indeed,https://www.indeed.com/viewjob?jk=43404574f69b64a8,"","2026-05-18"
0,"","Engineering Lab Technician","Amphenol","Boston, Massachusetts","","",jobspy_indeed,https://www.indeed.com/viewjob?jk=4043ac416c9209a6,"","2026-05-18"
0,"","RF Test Engineering Technician","Qorvo","Los Angeles, California","","$31 - $41 (hourly)",jobspy_indeed,https://www.indeed.com/viewjob?jk=33bc7691d86f1a9a,"","2026-05-21"
0,"","Integration & Test Technician I (Temporary)","Vitesse Systems","Los Angeles, California","","$25 - $30 (hourly)",jobspy_indeed,https://www.indeed.com/viewjob?jk=977651541f6eecef,"","2026-05-14"
0,"","Systems Engineer L6","Jovian Concepts","Washington, DC","","",jobspy_indeed,https://www.indeed.com/viewjob?jk=071aff361d9a5bca,"","2026-05-20"
0,"","SMT Rework Lead","nan","Washington, DC","","$70,000 - $90,000 (yearly)",jobspy_indeed,https://www.indeed.com/viewjob?jk=0f0c96d6354532e9,"","2026-05-19"
0,"","Microelectronics Packaging Engineer (Level 3/4)","Northrop Grumman","Washington, DC","","$108,800 - $203,600 (yearly)",jobspy_indeed,https://www.indeed.com/viewjob?jk=690a7a87cb092066,"","2026-05-18"
0,"","Principal Antenna Test / Sr Principal Antenna Test Engineer","Northrop Grumman","Washington, DC","","$108,800 - $203,600 (yearly)",jobspy_indeed,https://www.indeed.com/viewjob?jk=a79847ee6b3e546d,"","2026-05-05"
0,"","Information Systems Watch Technician TS/SCI","Amentum","Washington, DC","","$110,000 - $120,000 (yearly)",jobspy_indeed,https://www.indeed.com/viewjob?jk=9fe2bbe5721b221e,"","2026-05-15"
0,"","RF Test Technician","Mercury Systems","Washington, DC","","$44,000 - $103,800 (yearly)",jobspy_indeed,https://www.indeed.com/viewjob?jk=796b1e4b5c95c6ea,"","2026-05-14"
0,"","06 - Radar Technician","Assurance Technology Corporation (ATC)","Washington, DC","","",jobspy_indeed,https://www.indeed.com/viewjob?jk=5f1c0946d414c3f6,"","2026-05-14"
0,"","Sr. Principal Electrical Engineer","Northrop Grumman","Washington, DC","","$142,200 - $213,400 (yearly)",jobspy_indeed,https://www.indeed.com/viewjob?jk=6175fd7826b2e611,"","2026-05-12"
0,"","L3 Field Lead Technician - Data Centers","rf services","United States","","$47 - $50 (hourly)",jobspy_indeed,https://www.indeed.com/viewjob?jk=c1df8147345f25bb,"","2026-05-21"
0,"","L2 Field Technician - Data Centers","rf services","United States","","$42 - $45 (hourly)",jobspy_indeed,https://www.indeed.com/viewjob?jk=cd26e0c0a24fae6d,"","2026-05-21"
0,"","Calibration Metrology Technician","Accura Calibration","United States","","",jobspy_indeed,https://www.indeed.com/viewjob?jk=d0c3c1afce553c4e,"","2026-05-21"
0,"","Submarine Imaging / RF Technician","General Dynamics Information Technology","United States","","$38 - $52 (hourly)",jobspy_indeed,https://www.indeed.com/viewjob?jk=1394954adc71b4ae,"","2026-05-21"
0,"","Cell Tower Technician","FINISH TOWER, INC.","United States","","$18 - $35 (hourly)",jobspy_indeed,https://www.indeed.com/viewjob?jk=ad465a061bcd0b2b,"","2026-05-21"
0,"","Facilities Instrumentation and Controls Technician","Qorvo","United States","","",jobspy_indeed,https://www.indeed.com/viewjob?jk=17d7c1b2e16fe9b5,"","2026-05-21"
0,"","Epoxy Process Engineering Technician","Raytheon","United States","","$60,000 - $114,000 (yearly)",jobspy_indeed,https://www.indeed.com/viewjob?jk=abca2e50c7c6565a,"","2026-05-21"
0,"","Raytheon Full Time 2026 - Technical Support Engineer I","Raytheon","United States","","$57,200 - $108,800 (yearly)",jobspy_indeed,https://www.indeed.com/viewjob?jk=4487fa325e659581,"","2026-05-21"
0,"","Crew Lead - Distributed Antenna Systems (100% TRAVEL)","IES HOLDINGS","United States","","$28 - $33 (hourly)",jobspy_indeed,https://www.indeed.com/viewjob?jk=be48513d9427bd53,"","2026-05-21"
0,"","RF Group Leader","Jefferson Lab","United States","","$139,400 - $220,300 (yearly)",jobspy_indeed,https://www.indeed.com/viewjob?jk=ea04909df0b3dcf0,"","2026-05-20"
0,"","Engineering Technician C","L3Harris","United States","","",jobspy_indeed,https://www.indeed.com/viewjob?jk=fe2672d1820f010d,"","2026-05-20"
0,"","Crew Lead - Distributed Antenna Systems (100% TRAVEL)","IES Communications","United States","","$28 - $33 (hourly)",jobspy_indeed,https://www.indeed.com/viewjob?jk=2d33fad8222cf041,"","2026-05-20"
0,"","Threat Simulator Technician (G)","TDX Corporation","United States","","",jobspy_indeed,https://www.indeed.com/viewjob?jk=4f08720caf0c875e,"","2026-05-20"
0,"","Radar Maintenance and Repair Technician (G)","TDX Corporation","United States","","",jobspy_indeed,https://www.indeed.com/viewjob?jk=f9d6ca615d5a7eae,"","2026-05-20"
0,"","Ground Avionics Technician (G)","TDX Corporation","United States","","",jobspy_indeed,https://www.indeed.com/viewjob?jk=63cd833976dde76e,"","2026-05-20"
0,"","Small Cell / Utilities Technician","CapStone Solutions, Inc.","United States","","$22 - $32 (hourly)",jobspy_indeed,https://www.indeed.com/viewjob?jk=371386e013a19738,"","2026-05-20"
0,"","Radio Frequency (RF) Test Engineering Manager","3D GLASS SOLUTIONS","United States","","",jobspy_indeed,https://www.indeed.com/viewjob?jk=d0a2f68ad54c0fec,"","2026-05-20"
0,"","EPI Equipment Engineering Technician","Coherent Corp.","United States","","",jobspy_indeed,https://www.indeed.com/viewjob?jk=0bd85149a45a2609,"","2026-05-20"
0,"","Electronics Technician Maintenance III","Akima","United States","","",jobspy_indeed,https://www.indeed.com/viewjob?jk=11492c3d79983c43,"","2026-05-20"
0,"","Tower Technician","S & K Technologies, Inc.","United States","","$27 - $32 (hourly)",jobspy_indeed,https://www.indeed.com/viewjob?jk=38ad195fb87ac066,"","2026-05-20"
0,"","Entry- to Mid-Level RF Engineer","Space Dynamics Laboratory","United States","","",jobspy_indeed,https://www.indeed.com/viewjob?jk=aed378eb5b1af95d,"","2026-05-20"
0,"","Senior Technician II - Engineering","Microchip Technology","United States","","",jobspy_indeed,https://www.indeed.com/viewjob?jk=f59fd3efee1d226b,"","2026-05-20"
0,"","Inventory Coordinator (Manufacturing)","Atkore","Chicago, Illinois","","$37,920 - $52,140 (yearly)",jobspy_indeed,https://www.indeed.com/viewjob?jk=14208b9e32beb407,"","2026-05-21"
0,"","Shipping & Receiving Coordinator","The Visual Pak Companies","Chicago, Illinois","","$17 - $23 (hourly)",jobspy_indeed,https://www.indeed.com/viewjob?jk=fd7ac477dd91f71b,"","2026-05-18"
0,"","Return Goods Coordinator- Cranbury, NJ","Cooper Electric","New York, New York","","",jobspy_indeed,https://www.indeed.com/viewjob?jk=aabf6923d79d9be5,"","2026-05-19"
0,"","Sr Inventory Management Specialist","Thermo Fisher Scientific","Boston, Massachusetts","","$18 - $26 (hourly)",jobspy_indeed,https://www.indeed.com/viewjob?jk=d70944f2e277c34e,"","2026-05-19"
0,"","Medical Spa Coordinator – Aesthetic Patient Care","Ellicott City Aesthetics & Dermatology","Washington, DC","","$21 - $25 (hourly)",jobspy_indeed,https://www.indeed.com/viewjob?jk=155a41490c62476f,"","2026-05-20"
0,"","Inventory Control Coordinator","Owens & Minor","Washington, DC","","",jobspy_indeed,https://www.indeed.com/viewjob?jk=bf1f16ca165857f6,"","2026-05-19"
0,"","Field Service Engineer (Proton Therapy) -Baltimore, MD","Siemens Healthineers","Washington, DC","","$86,220 - $118,558 (yearly)",jobspy_indeed,https://www.indeed.com/viewjob?jk=6c0dece23abd8780,"","2026-05-18"
0,"","Shipping Lead","Atkore","United States","","",jobspy_indeed,https://www.indeed.com/viewjob?jk=ac418d45c946f9a1,"","2026-05-21"
0,"","Training Coordinator","Kenco Group","United States","","",jobspy_indeed,https://www.indeed.com/viewjob?jk=b9ee8540cc2a5d03,"","2026-05-20"
0,"","Warehouse Coordinator - 2nd Shift- 3:30pm to Midnight - Monday - Friday","Allen Distribution","United States","","$19 - $20 (hourly)",jobspy_indeed,https://www.indeed.com/viewjob?jk=92a56a6cc4671100,"","2026-05-20"
0,"","Logistics Coordinator","Nestlé Purina","United States","","$33,000 - $48,000 (yearly)",jobspy_indeed,https://www.indeed.com/viewjob?jk=e935b53981231086,"","2026-05-20"
0,"","Operations Coordinator - 1st Shift","Ingram Content Group","United States","","",jobspy_indeed,https://www.indeed.com/viewjob?jk=24136793836f01dd,"","2026-05-20"
0,"","Distribution Clerk (C Shift)","Essilor and Subsidiaries","United States","","",jobspy_indeed,https://www.indeed.com/viewjob?jk=fcddb5d408ca0ef3,"","2026-05-20"
0,"","Walking Picker/Packer Warehouse Associate","Warehouse Dist. Winchester, Virginia","United States","","",jobspy_indeed,https://www.indeed.com/viewjob?jk=4adbb4a283f2f899,"","2026-05-20"
0,"","customer service coordinator II","Ryder System","United States","","",jobspy_indeed,https://www.indeed.com/viewjob?jk=5826febc177c3e4c,"","2026-05-20"
0,"","RF Technician Apprentice","Citadel Pacific Ltd.- ROHQ","United States","","",jobspy_indeed,https://www.indeed.com/viewjob?jk=ec834fd6871c6b43,"","2026-05-20"
0,"","Manager Operations","PVH Corp.","United States","","",jobspy_indeed,https://www.indeed.com/viewjob?jk=09a83f3ab24a4225,"","2026-05-20"
0,"","Materials Data & ERP Inventory Coordinator","Ohio Gratings, Inc","United States","","$20 - $21 (hourly)",jobspy_indeed,https://www.indeed.com/viewjob?jk=ffda347825d9829a,"","2026-05-20"
0,"","Warehouse Clerk, Equipment operator.","Petco","United States","","",jobspy_indeed,https://www.indeed.com/viewjob?jk=16c6bf7e2d40f0a4,"","2026-05-20"
0,"","Field Service Engineer Proton Therapy - Atlanta, GA","Siemens Healthineers","United States","","$61,150 - $84,084 (yearly)",jobspy_indeed,https://www.indeed.com/viewjob?jk=9d2faa87eb9d1814,"","2026-05-19"
0,"","Warehouse Inventory Coordinator - 3rd Shift","Cardinal Health","United States","","$22 - $24 (hourly)",jobspy_indeed,https://www.indeed.com/viewjob?jk=220b697476125085,"","2026-05-19"
0,"","Chemical Forklift Operator","Cohere Beauty","United States","","$18 - $20 (hourly)",jobspy_indeed,https://www.indeed.com/viewjob?jk=b0f2a3223d81848c,"","2026-05-19"
0,"","RMA Coordinator","Sanmina","United States","","",jobspy_indeed,https://www.indeed.com/viewjob?jk=fd23b2b868502450,"","2026-05-19"
0,"","RMA Repair Technician","Sanmina","United States","","",jobspy_indeed,https://www.indeed.com/viewjob?jk=fee53e81269d3dd1,"","2026-05-19"
0,"","Warehouse Coordinator - Nights","Arhaus","United States","","",jobspy_indeed,https://www.indeed.com/viewjob?jk=7b6d15fe9dc383ae,"","2026-05-19"
0,"","Group Coordinator Lead","DHL","United States","","",jobspy_indeed,https://www.indeed.com/viewjob?jk=a61df664cd409045,"","2026-05-15"
0,"","Senior/Lead iOS Engineer","Medal","New York, New York","","$180,000 - $275,000 (yearly)",jobspy_indeed,https://www.indeed.com/viewjob?jk=a04dcaeb9f48b351,"","2026-05-15"
0,"","Senior/Lead iOS Engineer","General Intuition & Medal","New York, New York","","$180,000 - $275,000 (yearly)",jobspy_indeed,https://www.indeed.com/viewjob?jk=9ac7f7e925074d8c,"","2026-05-15"
0,"","Software Engineer, News Multimodal","The New York Times","New York, New York","","$110,000 - $130,000 (yearly)",jobspy_indeed,https://www.indeed.com/viewjob?jk=2363ab76c57f22ab,"","2026-05-15"
0,"","Senior Principal Engineer – Imaging, Digital Solutions","Abbott","San Francisco, California","","$130,700 - $261,300 (yearly)",jobspy_indeed,https://www.indeed.com/viewjob?jk=a096cc80ff897713,"","2026-05-20"
0,"","Encoding Engineer","Apple","San Francisco, California","","$182,600 - $274,500 (yearly)",jobspy_indeed,https://www.indeed.com/viewjob?jk=68e312b2242af09f,"","2026-05-19"
0,"","Sr. Software Engineer","Paramount","San Francisco, California","","$124,000 - $170,000 (yearly)",jobspy_indeed,https://www.indeed.com/viewjob?jk=8f16be1a98c790dc,"","2026-05-15"
0,"","Design Technologist, Prime Video","Amazon.com","San Francisco, California","","$122,600 - $186,600 (yearly)",jobspy_indeed,https://www.indeed.com/viewjob?jk=030fb02dc7767090,"","2026-05-11"
0,"","C++ Software Engineer, Amazon Music, App Foundry","Amazon.com","San Francisco, California","","$165,200 - $223,600 (yearly)",jobspy_indeed,https://www.indeed.com/viewjob?jk=8073b61afffe5a59,"","2026-04-22"
0,"","Senior Design Technologist, Prime Video","Amazon.com","San Francisco, California","","$154,200 - $239,900 (yearly)",jobspy_indeed,https://www.indeed.com/viewjob?jk=859be2175ffdd8fa,"","2025-11-24"
0,"","Design Technologist, Prime Video","Amazon.com","Seattle, Washington","","$122,600 - $186,600 (yearly)",jobspy_indeed,https://www.indeed.com/viewjob?jk=340a98fe51008549,"","2026-05-11"
0,"","Principal Product Manager - Tech, Viewer Experience, Prime Video Global App Experience","Amazon.com","Seattle, Washington","","$179,900 - $243,400 (yearly)",jobspy_indeed,https://www.indeed.com/viewjob?jk=2c97e02d8fedb2a9,"","2026-02-05"
0,"","Senior Design Technologist, Prime Video","Amazon.com","Seattle, Washington","","$154,200 - $239,900 (yearly)",jobspy_indeed,https://www.indeed.com/viewjob?jk=6fa7b5f544f39e8d,"","2025-11-24"
0,"","Principal Software Engineer - Apps","NBCUniversal","Los Angeles, California","","$185,000 - $215,000 (yearly)",jobspy_indeed,https://www.indeed.com/viewjob?jk=04ed39cf2fbb5d3f,"","2026-05-20"
0,"","Design Technologist, Prime Video","Amazon.com","Los Angeles, California","","$122,600 - $186,600 (yearly)",jobspy_indeed,https://www.indeed.com/viewjob?jk=0b28a4f60fde0682,"","2026-05-11"
0,"","Sr. UX Designer, Prime Video Experience Design","Amazon.com","Los Angeles, California","","$137,800 - $186,400 (yearly)",jobspy_indeed,https://www.indeed.com/viewjob?jk=eeb8316becfd2e40,"","2026-04-07"
0,"","Principal Product Manager - Tech, Viewer Experience, Prime Video Global App Experience","Amazon.com","Los Angeles, California","","$179,900 - $243,400 (yearly)",jobspy_indeed,https://www.indeed.com/viewjob?jk=901a1b9f4cfdaaca,"","2026-02-05"
0,"","Senior Design Technologist, Prime Video","Amazon.com","Los Angeles, California","","$154,200 - $239,900 (yearly)",jobspy_indeed,https://www.indeed.com/viewjob?jk=469cdb1772b38204,"","2025-11-24"
0,"","QA Manager","Weather Group Television LLC","United States","","",jobspy_indeed,https://www.indeed.com/viewjob?jk=17603e31bdeb55b4,"","2026-05-20"
0,"","Platform Engineer - Backend & CMS Integration","Weather Group Television LLC","United States","","",jobspy_indeed,https://www.indeed.com/viewjob?jk=730ad41155b04ed1,"","2026-05-20"
0,"","Software Engineer, Creativity Apps","Apple","United States","","$147,400 - $272,100 (yearly)",jobspy_indeed,https://www.indeed.com/viewjob?jk=ea9134d423adadeb,"","2026-05-19"
0,"","AppleCare Technologies BPR Project Manager, Service Repair","Apple","United States","","$146,300 - $244,100 (yearly)",jobspy_indeed,https://www.indeed.com/viewjob?jk=20e37c87d2c8138d,"","2026-05-19"
0,"","Senior IPTV Systems Engineer","Viessmann Group","Remote","","$89,422 - $107,691 (yearly)",jobspy_indeed,https://www.indeed.com/viewjob?jk=07f7ef1cdc20e2aa,"","2026-05-15"
0,"","Low Voltage Lead Technician","Fortress Controls","New York, New York","","$24 - $32 (hourly)",jobspy_indeed,https://www.indeed.com/viewjob?jk=f97ffac3fe6f616f,"","2026-05-19"
0,"","Territory Sales Rep / Direct Sales (Window Coverings & AV / Custom Integrator","RYSE Inc","New York, New York","","$40,000 - $150,000 (yearly)",jobspy_indeed,https://www.indeed.com/viewjob?jk=1f81cc4db54b7c73,"","2026-05-18"
0,"","BMS Controls + Low Voltage Electrical Installer","VANGUARD MAINTENANCE & ELECTRICAL","New York, New York","","$28 - $35 (hourly)",jobspy_indeed,https://www.indeed.com/viewjob?jk=63c528f571a7590b,"","2026-05-14"
0,"","Installer/Technician","ASBC","San Francisco, California","","$60,000 - $90,000 (yearly)",jobspy_indeed,https://www.indeed.com/viewjob?jk=289f6de4e075c38d,"","2026-05-20"
0,"","Sr. Director, Program Management Office","Boldyn Networks","Los Angeles, California","","",jobspy_indeed,https://www.indeed.com/viewjob?jk=e90858f460580949,"","2026-05-20"
0,"","Territory Sales Rep / Direct Sales (Window Coverings & AV / Custom Integrator","RYSE Inc","Los Angeles, California","","$40,000 - $150,000 (yearly)",jobspy_indeed,https://www.indeed.com/viewjob?jk=5a2cbf3a787b55f9,"","2026-05-18"
0,"","Installer","Audio Video and Security","Washington, DC","","$20 - $30 (hourly)",jobspy_indeed,https://www.indeed.com/viewjob?jk=538af18bcf4cd977,"","2026-05-21"
0,"","Sr Account Manager","ADI Global Distribution","United States","","$65,173 - $110,971 (yearly)",jobspy_indeed,https://www.indeed.com/viewjob?jk=3ed8ad2cde3ab848,"","2026-05-20"
0,"","Network & Low Voltage Field Technician","Caltuck LLC","United States","","$25 - $33 (hourly)",jobspy_indeed,https://www.indeed.com/viewjob?jk=6f4bd20238746414,"","2026-05-20"
0,"","Director of Finished Goods Sourcing","ADI Global Distribution","United States","","$178,113 - $332,160 (yearly)",jobspy_indeed,https://www.indeed.com/viewjob?jk=9d89146c00a614f3,"","2026-05-20"
0,"","IT Hardware Installation Technician","BizSolutions 360","United States","","$45 - $65 (hourly)",jobspy_indeed,https://www.indeed.com/viewjob?jk=06e20decaabd008c,"","2026-05-20"
0,"","Residential Low-Voltage / Smart-Home Installer","Denizen Home","United States","","$22 - $28 (hourly)",jobspy_indeed,https://www.indeed.com/viewjob?jk=4609fc549000e8af,"","2026-05-19"
0,"","AV Installer","BostonFam d.b.a Ashley|Furniture&ApplianceMart","United States","","",jobspy_indeed,https://www.indeed.com/viewjob?jk=002ccdcc9d627ec5,"","2026-05-19"
0,"","Freelance Handyman","Smart Film Experts","United States","","",jobspy_indeed,https://www.indeed.com/viewjob?jk=4b5e48fa8e6859e4,"","2026-05-19"
0,"","Controls Configuration Technician I","McKenney's Inc","United States","","",jobspy_indeed,https://www.indeed.com/viewjob?jk=c50de960222b6412,"","2026-05-18"
0,"","Territory Sales Rep / Direct Sales (Window Coverings & AV / Custom Integrator","RYSE Inc","United States","","$40,000 - $150,000 (yearly)",jobspy_indeed,https://www.indeed.com/viewjob?jk=2e71aa9025a9e1a0,"","2026-05-18"
0,"","Low Voltage Technician","nan","United States","","$7 - $20 (hourly)",jobspy_indeed,https://www.indeed.com/viewjob?jk=eb4ce2f775442395,"","2026-05-18"
0,"","HVAC Installer","American Vintage Home, Inc","Chicago, Illinois","","$20 - $50 (hourly)",jobspy_indeed,https://www.indeed.com/viewjob?jk=0602c2edc1eb324a,"","2026-05-20"
0,"","Sr. Galaxy Maintenance Technician","Baxter","Chicago, Illinois","","$60,000 - $82,500 (yearly)",jobspy_indeed,https://www.indeed.com/viewjob?jk=fa31e64f6d465a89,"","2026-05-18"
0,"","Field Service Technician","PackSmart, Inc.","Chicago, Illinois","","$21 - $24 (hourly)",jobspy_indeed,https://www.indeed.com/viewjob?jk=c8428410e75bc0a6,"","2026-05-18"
0,"","Senior Service Technician","PackSmart, Inc.","Chicago, Illinois","","$32 - $40 (hourly)",jobspy_indeed,https://www.indeed.com/viewjob?jk=442b786e5fc540a3,"","2026-05-18"
0,"","Data / Low Voltage Technician","Mereo Fiber","Chicago, Illinois","","",jobspy_indeed,https://www.indeed.com/viewjob?jk=fe6663a820cab8f7,"","2026-05-15"
0,"","Technician, Maintenance and Electrical","Hausner Hard - Chrome, Inc.","Chicago, Illinois","","$25 - $35 (hourly)",jobspy_indeed,https://www.indeed.com/viewjob?jk=926b7a35eebd4350,"","2026-05-15"
0,"","Low Voltage Security Technician","nan","New York, New York","","$25 - $45 (hourly)",jobspy_indeed,https://www.indeed.com/viewjob?jk=ed81e896c0bbefab,"","2026-05-18"
0,"","Fire Alarm Technician/Helper","CMY Electrical","New York, New York","","$20 - $35 (hourly)",jobspy_indeed,https://www.indeed.com/viewjob?jk=964bb8b4bf13ef1c,"","2026-05-21"
0,"","Low Voltage Technician","nan","New York, New York","","$20 - $30 (hourly)",jobspy_indeed,https://www.indeed.com/viewjob?jk=636e2980d13295d4,"","2026-05-21"
0,"","Fire Alarm Service Technician (union)","Johnson Controls","New York, New York","","",jobspy_indeed,https://www.indeed.com/viewjob?jk=b6426855cc905c52,"","2026-05-20"
0,"","Security Systems Service Technician","Siemens","New York, New York","","$58,976 - $101,102 (yearly)",jobspy_indeed,https://www.indeed.com/viewjob?jk=f43b35521d938a61,"","2026-05-20"
0,"","Low Voltage Structured Cable Technician Level 2","Coranet","New York, New York","","$28 - $40 (hourly)",jobspy_indeed,https://www.indeed.com/viewjob?jk=b5831e37a9bde54d,"","2026-05-19"
0,"","Electrician - Commercial / HVAC Projects","Empowered Buildings","New York, New York","","$25 - $35 (hourly)",jobspy_indeed,https://www.indeed.com/viewjob?jk=54555cc27155feb4,"","2026-05-19"
0,"","Controls Technician – HVAC & Building Automation","Empowered Buildings","New York, New York","","$35 - $45 (hourly)",jobspy_indeed,https://www.indeed.com/viewjob?jk=525d83070a1dd6d8,"","2026-05-19"
0,"","IT Support (Access Control, Alarm System, CCTV, Low Voltage)","Icloud Network Inc","New York, New York","","$25 - $35 (hourly)",jobspy_indeed,https://www.indeed.com/viewjob?jk=efc3380b3041f666,"","2026-05-18"
0,"","Access Control and Security Installers","Kavlico Inc.","New York, New York","","$25 - $40 (hourly)",jobspy_indeed,https://www.indeed.com/viewjob?jk=85fd4686ecd92ffe,"","2026-05-18"
0,"","Field Service Technician FSR3","nan","New York, New York","","$90,000 - $140,000 (yearly)",jobspy_indeed,https://www.indeed.com/viewjob?jk=3e6714e7f009e04c,"","2026-05-18"
0,"","Alarm / Low Voltage Service Technician","PI Security LLC","New York, New York","","$35 - $50 (hourly)",jobspy_indeed,https://www.indeed.com/viewjob?jk=fdd82b475d4ebe7a,"","2026-05-17"
0,"","Experienced VFD technician","nan","New York, New York","","$50,000 - $80,000 (yearly)",jobspy_indeed,https://www.indeed.com/viewjob?jk=a0624d3303f2781f,"","2026-05-16"
0,"","Low Voltage Technician","EquipmentShare","New York, New York","","$20 - $30 (hourly)",jobspy_indeed,https://www.indeed.com/viewjob?jk=d2ef291cad8d03df,"","2026-05-15"
0,"","HVAC Install Technician","Universe Home Services","New York, New York","","$35 - $50 (hourly)",jobspy_indeed,https://www.indeed.com/viewjob?jk=e1f8e81b7b019faa,"","2026-05-15"
0,"","HVAC Service Technician","Air Plus, Inc. Heating & Cooling","New York, New York","","$30 - $50 (hourly)",jobspy_indeed,https://www.indeed.com/viewjob?jk=299c850d0b4ceea3,"","2026-05-15"
0,"","Service Technician I","Securitas Technology","New York, New York","","$24 - $44 (hourly)",jobspy_indeed,https://www.indeed.com/viewjob?jk=e58e83945180065f,"","2026-05-14"
0,"","Security & Fire Alarm Technician - 5Yrs Exp.","Diversified Home Installations, Inc","New York, New York","","$30 - $40 (hourly)",jobspy_indeed,https://www.indeed.com/viewjob?jk=7ade14dd1707c09d,"","2026-05-14"
0,"","Fire Alarm Technician","Lehman Industries","New York, New York","","$26 - $38 (hourly)",jobspy_indeed,https://www.indeed.com/viewjob?jk=9980f864a0208d0c,"","2026-05-14"
0,"","Service Technician","Lucid Motors","San Francisco, California","","",jobspy_indeed,https://www.indeed.com/viewjob?jk=01fc74d6b1090c49,"","2026-05-20"
0,"","Experienced data installer","Eric Green Communications Inc.","San Francisco, California","","$35 - $40 (hourly)",jobspy_indeed,https://www.indeed.com/viewjob?jk=f38f371f13a5710a,"","2026-05-19"
0,"","Lead Hydronics Installer Technician","COMFORT ENERGY INC","San Francisco, California","","",jobspy_indeed,https://www.indeed.com/viewjob?jk=b2654583e4f68403,"","2026-05-19"
0,"","Service Technician, Hayward","Lucid Motors","San Francisco, California","","$34 - $47 (hourly)",jobspy_indeed,https://www.indeed.com/viewjob?jk=78d22dbfc6e3d322,"","2026-05-19"
0,"","Service Technician, Millbrae (2nd shift)","Lucid Motors","San Francisco, California","","$34 - $47 (hourly)",jobspy_indeed,https://www.indeed.com/viewjob?jk=1af2c70465a7154a,"","2026-05-14"
0,"","Callback Technician (HVAC)","Fuse service","San Francisco, California","","$40 - $60 (hourly)",jobspy_indeed,https://www.indeed.com/viewjob?jk=00f4fda36dd2da63,"","2026-05-18"
0,"","Technician – Gates, Fences & Access Control","Bay Area Lions Gate","San Francisco, California","","$30 - $45 (hourly)",jobspy_indeed,https://www.indeed.com/viewjob?jk=6522636d07b85561,"","2026-05-18"
0,"","Fire Alarm System Technician","Black Eagle Fire & Security","San Francisco, California","","$25 - $50 (hourly)",jobspy_indeed,https://www.indeed.com/viewjob?jk=c1c1134bb2af1ce7,"","2026-05-16"
0,"","Material Handling Equipment Technician III","Sysco","San Francisco, California","","$32 - $49 (hourly)",jobspy_indeed,https://www.indeed.com/viewjob?jk=a3d9dc334f686c1a,"","2026-05-15"
0,"","Sr. Service Technician, Millbrae (2nd shift)","Lucid Motors","San Francisco, California","","$39 - $54 (hourly)",jobspy_indeed,https://www.indeed.com/viewjob?jk=40975bd879be0952,"","2026-05-15"
0,"","Alarm Technician Low Voltage","HighCom Security Services, Inc.","San Francisco, California","","$62,400 - $72,800 (yearly)",jobspy_indeed,https://www.indeed.com/viewjob?jk=6f560bb63515bec6,"","2026-05-15"
0,"","HVAC Technician","Northwest Comfort Systems","Seattle, Washington","","",jobspy_indeed,https://www.indeed.com/viewjob?jk=60c090266c0d2ccb,"","2026-05-20"
0,"","Electrician Supervisor","US Department of Veterans Affairs","Seattle, Washington","","$48 - $56 (hourly)",jobspy_indeed,https://www.indeed.com/viewjob?jk=6cc3a2d3dbacbedd,"","2026-05-20"
0,"","Security and Access Technician","Pierce Transit","Seattle, Washington","","$92,780 - $117,396 (yearly)",jobspy_indeed,https://www.indeed.com/viewjob?jk=4d0e68202db1d14d,"","2026-05-18"
0,"","Access Control and CCTV Service Technician Apprentice","Innovative Systems","Seattle, Washington","","$35 - $50 (hourly)",jobspy_indeed,https://www.indeed.com/viewjob?jk=831f0c6a172478cb,"","2026-05-18"
0,"","Low Voltage Electrician(Service Tech) - Seattle","Perimeter Security Group, LLC","Seattle, Washington","","$35 - $42 (hourly)",jobspy_indeed,https://www.indeed.com/viewjob?jk=aedebcfd9cbb43e7,"","2026-05-18"
0,"","Junior Technician","Evergreen Fire & Security","Seattle, Washington","","$21 - $25 (hourly)",jobspy_indeed,https://www.indeed.com/viewjob?jk=859d359df9645c4b,"","2026-05-15"
0,"","Traveling Electronic Security Systems Technician","Evergreen Fire & Security","Seattle, Washington","","$30 - $45 (hourly)",jobspy_indeed,https://www.indeed.com/viewjob?jk=c71541a087daf8d7,"","2026-05-15"
0,"","Utility Technician - Swing Shift","Providence","Seattle, Washington","","$47 - $59 (hourly)",jobspy_indeed,https://www.indeed.com/viewjob?jk=e50eff8df55bb6e2,"","2026-05-14"
0,"","Utility Technician - Nights","Providence","Seattle, Washington","","$47 - $59 (hourly)",jobspy_indeed,https://www.indeed.com/viewjob?jk=c31804180da24f28,"","2026-05-14"
0,"","Maintenance Mechanic III","ODP Business Solutions","Seattle, Washington","","$36 - $42 (hourly)",jobspy_indeed,https://www.indeed.com/viewjob?jk=873a1dc669267430,"","2026-05-14"
0,"","Maintenance Mechanic III","Office Depot OfficeMax","Seattle, Washington","","$36 - $42 (hourly)",jobspy_indeed,https://www.indeed.com/viewjob?jk=a07cb6ad5533a0f0,"","2026-05-14"
0,"","Senior Fire Technician","Guardian Security Systems, Inc.","Seattle, Washington","","$45 - $54 (hourly)",jobspy_indeed,https://www.indeed.com/viewjob?jk=c948395214645573,"","2026-03-03"
0,"","Material Handling Equipment Technician II","Sysco","Boston, Massachusetts","","$26 - $40 (hourly)",jobspy_indeed,https://www.indeed.com/viewjob?jk=64409f68efe7a8c8,"","2026-05-20"
0,"","Structured Cabling - Traveling Technician (MA)","Superior Communication Services","Boston, Massachusetts","","$41,600 - $81,120 (yearly)",jobspy_indeed,https://www.indeed.com/viewjob?jk=85d9b1f25740617a,"","2026-05-20"
0,"","Fire Alarm / Electronic Security Systems Install Technician","nan","Boston, Massachusetts","","$30 - $50 (hourly)",jobspy_indeed,https://www.indeed.com/viewjob?jk=de1bc03194bc8e61,"","2026-05-20"
0,"","Electrical Low Voltage / Telecommunications Technician","Tocco Building Systems","Boston, Massachusetts","","$25 - $35 (hourly)",jobspy_indeed,https://www.indeed.com/viewjob?jk=45b8d3642c3dc5e9,"","2026-05-19"
0,"","HVAC Service Technician","Full Swing Plumbing & Heating, Inc.","Boston, Massachusetts","","$35 - $40 (hourly)",jobspy_indeed,https://www.indeed.com/viewjob?jk=8d6cff542b7049eb,"","2026-05-18"
0,"","Security Systems Technician","Siemens","Boston, Massachusetts","","$27 - $47 (hourly)",jobspy_indeed,https://www.indeed.com/viewjob?jk=b7e15b779c474721,"","2026-05-15"
0,"","Data Center Technician","nan","Boston, Massachusetts","","$50 - $65 (hourly)",jobspy_indeed,https://www.indeed.com/viewjob?jk=61635855206c0e28,"","2026-05-15"
0,"","Technician - LA/Anaheim Area","Mood Media","Los Angeles, California","","$25 - $30 (hourly)",jobspy_indeed,https://www.indeed.com/viewjob?jk=23802d38f84d100b,"","2026-05-20"
0,"","Structured Cabling Installer","Xcel Cabling","Los Angeles, California","","$25 - $29 (hourly)",jobspy_indeed,https://www.indeed.com/viewjob?jk=aa643d12a9ab9ff8,"","2026-05-20"
0,"","Low Voltage Cable Technician I (Copper & Fiber)","VectorUSA","Los Angeles, California","","$25 - $35 (hourly)",jobspy_indeed,https://www.indeed.com/viewjob?jk=ec7d020dca8af63f,"","2026-05-20"
0,"","Alarm Installer / Technician","First Digital Surveillance","Los Angeles, California","","",jobspy_indeed,https://www.indeed.com/viewjob?jk=58ee6f6f884e102e,"","2026-05-19"
0,"","Operations Technician","American Sports Entertainment Company","Los Angeles, California","","",jobspy_indeed,https://www.indeed.com/viewjob?jk=a4a3ac787212e369,"","2026-05-19"
0,"","Low-Voltage Cabling Technician","Southbay Powersports","Los Angeles, California","","$18 - $35 (hourly)",jobspy_indeed,https://www.indeed.com/viewjob?jk=088c31483108611c,"","2026-05-19"
0,"","Maintenance Specialist","nan","Los Angeles, California","","$30 - $40 (hourly)",jobspy_indeed,https://www.indeed.com/viewjob?jk=de7712cff4905678,"","2026-05-19"
0,"","Field Avionics Technician II","General Atomics","Los Angeles, California","","$56,180 - $83,518 (yearly)",jobspy_indeed,https://www.indeed.com/viewjob?jk=fb31608b526f47e2,"","2026-05-18"
0,"","Low Voltage Technician- 3rd Shift","Fire and Security Company","Los Angeles, California","","$22 - $32 (hourly)",jobspy_indeed,https://www.indeed.com/viewjob?jk=fb4c5bc5752d9164,"","2026-05-17"
0,"","Fire Detection Service Technician","Johnson Controls","Los Angeles, California","","$26 - $35 (hourly)",jobspy_indeed,https://www.indeed.com/viewjob?jk=fd6111b48ed5c3ba,"","2026-05-15"
0,"","Mobile Service Technician, Beverly Hills","Lucid Motors","Los Angeles, California","","$31 - $43 (hourly)",jobspy_indeed,https://www.indeed.com/viewjob?jk=cf6ba1bea36b9f0d,"","2026-05-14"
0,"","Facilities Maintenance Technician","Rama Food MFG","Los Angeles, California","","$23 - $28 (hourly)",jobspy_indeed,https://www.indeed.com/viewjob?jk=f9c90b81661405c8,"","2026-05-14"
0,"","Building Automation Systems Lead Field Technician - Ashburn, VA","nan","Washington, DC","","$99,750 - $120,225 (yearly)",jobspy_indeed,https://www.indeed.com/viewjob?jk=93a1c23d821de983,"","2026-05-20"
0,"","Building Automation Systems Field Technician II - Ashburn, VA","nan","Washington, DC","","$63,000 - $76,650 (yearly)",jobspy_indeed,https://www.indeed.com/viewjob?jk=654ecaaea1ef0908,"","2026-05-20"
0,"","Low-Voltage & Telecommunications Infrastructure Technician – New Construction","Commercial Electrical Contractor","Washington, DC","","$15 - $28 (hourly)",jobspy_indeed,https://www.indeed.com/viewjob?jk=b94f26e8b57f9efb,"","2026-05-20"
0,"","Senior Field Technician Electro-Mechanical","Intellimar, Inc./ Concentric Security","Washington, DC","","$28 - $45 (hourly)",jobspy_indeed,https://www.indeed.com/viewjob?jk=ff062acd45959607,"","2026-05-20"
0,"","Equipment Maintenance Technician - 1st Shift","Thermo Fisher Scientific","Washington, DC","","$24 - $32 (hourly)",jobspy_indeed,https://www.indeed.com/viewjob?jk=3f2e9011f7d0b902,"","2026-05-19"
0,"","Associate Installation Technician","Diversified","Washington, DC","","$24 - $30 (hourly)",jobspy_indeed,https://www.indeed.com/viewjob?jk=e6f2cecb4afefb56,"","2026-05-19"
0,"","ATM / Smart Safe Field Technician – Baltimore","nan","Washington, DC","","$50 - $175 (hourly)",jobspy_indeed,https://www.indeed.com/viewjob?jk=e316e89c82a382bd,"","2026-05-19"
0,"","Industrial Electrical & Mechanical Technician (Bioenergy)","WSSC Water","Washington, DC","","$31 - $53 (hourly)",jobspy_indeed,https://www.indeed.com/viewjob?jk=c5e2839631facbf9,"","2026-05-19"
0,"","Data Center Controls Tech, Data Center Capacity Delivery - Controls","Amazon.com","Washington, DC","","$32 - $57 (hourly)",jobspy_indeed,https://www.indeed.com/viewjob?jk=86b2f9d1e53d3940,"","2026-05-18"
0,"","Data Center Engineering Operations Technician","Amazon.com","Washington, DC","","$37 - $65 (hourly)",jobspy_indeed,https://www.indeed.com/viewjob?jk=969544e2500a1e87,"","2026-03-16"
0,"","SAS TECHNICIAN","Ace Parking Management","United States","","",jobspy_indeed,https://www.indeed.com/viewjob?jk=6f9eb633c68be491,"","2026-05-21"
0,"","Low Voltage Security Technician","nan","United States","","$25 - $35 (hourly)",jobspy_indeed,https://www.indeed.com/viewjob?jk=d534ea4214130887,"","2026-05-21"
0,"","Apartment Maintenance Supervisor","The Fritsche Corporation","United States","","$26 - $28 (hourly)",jobspy_indeed,https://www.indeed.com/viewjob?jk=e0495942a364e8b6,"","2026-05-21"
0,"","Service Tech - Technology Products","Stallion Infrastructure Services","United States","","",jobspy_indeed,https://www.indeed.com/viewjob?jk=83642b0722c70f54,"","2026-05-21"
0,"","Industrial Maintenance Technician","M&E Mfg. Co., Inc.","United States","","$27 - $40 (hourly)",jobspy_indeed,https://www.indeed.com/viewjob?jk=b5a78c20246ba6fd,"","2026-05-21"
0,"","Site Technician","Phoenix Services LLC","United States","","",jobspy_indeed,https://www.indeed.com/viewjob?jk=0e9bef09191916df,"","2026-05-21"
0,"","Structured Cabling Technician","IDEACOM OF CENTRAL NORTH CAROLINA","United States","","$21 - $27 (hourly)",jobspy_indeed,https://www.indeed.com/viewjob?jk=71d663aeb470d00d,"","2026-05-21"
0,"","Analog Field Technician/ Low Voltage data tech","FixNet Network Solutions","United States","","$20 - $22 (hourly)",jobspy_indeed,https://www.indeed.com/viewjob?jk=2ad1956132b68ed8,"","2026-05-21"
0,"","Technician I / Helper – Low Voltage / Structured Cabling","Childress Solutions / Veterans Choice","United States","","$18 - $23 (hourly)",jobspy_indeed,https://www.indeed.com/viewjob?jk=dd3b7ae04a6fce54,"","2026-05-21"
0,"","Residential HVAC Installer / Service Technician","Western Mechanical, Inc.","United States","","$18 - $32 (hourly)",jobspy_indeed,https://www.indeed.com/viewjob?jk=ebce8c40f3efc9db,"","2026-05-21"
0,"","Installation & Service Technician "Low Voltage Security" Access Control & CCTV","Convergent Systems","United States","","$21 - $30 (hourly)",jobspy_indeed,https://www.indeed.com/viewjob?jk=3accda03dd8b1ff1,"","2026-05-21"
0,"","Service Technician","GSS, LLC","United States","","$30 - $40 (hourly)",jobspy_indeed,https://www.indeed.com/viewjob?jk=5f27ffbc74b21267,"","2026-05-21"
0,"","Lead Low Voltage & Fire Alarm Technician","Carpet Capital Fire Protection","United States","","",jobspy_indeed,https://www.indeed.com/viewjob?jk=a209365d33df7743,"","2026-05-21"
0,"","Field Service Technician","DirSolutions","United States","","$16 - $20 (hourly)",jobspy_indeed,https://www.indeed.com/viewjob?jk=1ba2c097f6613699,"","2026-05-21"
0,"","HVAC Service Technician","Matthew's HVAC Services","United States","","$21 - $36 (hourly)",jobspy_indeed,https://www.indeed.com/viewjob?jk=58a24787eee63303,"","2026-05-21"
0,"","Automotive Heavy Equipment Installer (Emergency Vehicle Upfitting)","Kerr Industries / Crown NA","United States","","",jobspy_indeed,https://www.indeed.com/viewjob?jk=69432e525e27e202,"","2026-05-21"
0,"","Alarm Technician","Allied Home Security","United States","","$16 - $27 (hourly)",jobspy_indeed,https://www.indeed.com/viewjob?jk=16a02c86d1e1e208,"","2026-05-21"
0,"","Electrician - High Voltage","Sierra Pacific Industries","United States","","$30 - $35 (hourly)",jobspy_indeed,https://www.indeed.com/viewjob?jk=f03578ac53e27af8,"","2026-05-21"
0,"","Fire Alarm Inspection Helper","Securecomm Technologies","United States","","$15 - $18 (hourly)",jobspy_indeed,https://www.indeed.com/viewjob?jk=fead48749a8a84cd,"","2026-05-21"
0,"","IT Field Services Technician - Houston, TX","Watco","United States","","",jobspy_indeed,https://www.indeed.com/viewjob?jk=2aabcf1bcbbfcabf,"","2026-05-21"
0,"","Staff Engineering & Support Technician","Carrier","United States","","$53,000 - $106,000 (yearly)",jobspy_indeed,https://www.indeed.com/viewjob?jk=3a4260b7cd0f9911,"","2026-05-21"
0,"","Field Service Technician","Synerfac Technical Staffing","United States","","",jobspy_indeed,https://www.indeed.com/viewjob?jk=f92e01c97a2b6a32,"","2026-05-21"
0,"","Robotics field service engineer","EVS Broadcast Equipment Inc","New York, New York","","$33 - $40 (hourly)",jobspy_indeed,https://www.indeed.com/viewjob?jk=59edfc202fa21089,"","2026-05-19"
0,"","Senior Associate (Project Manager) - Electrical","CMTA Consulting Engineers","New York, New York","","$135,000 - $155,000 (yearly)",jobspy_indeed,https://www.indeed.com/viewjob?jk=b178c1f0f35b1ceb,"","2026-05-17"
0,"","Broadcast Technician","Insignia Event Services LLC","United States","","",jobspy_indeed,https://www.indeed.com/viewjob?jk=a5d780b811216066,"","2026-05-18"
0,"","Audio Visual Director","Brecksville United Methodist Church","United States","","$25 - $32 (hourly)",jobspy_indeed,https://www.indeed.com/viewjob?jk=5546cae5a3fae3ba,"","2026-05-18"
0,"","Broadcast Engineer Senior","Texas Capital Bank","United States","","",jobspy_indeed,https://www.indeed.com/viewjob?jk=04d03c68237d7ec1,"","2026-05-15"
0,"","NOC Technician I","K-LOVE & Air1 Christian Radio Network","United States","","",jobspy_indeed,https://www.indeed.com/viewjob?jk=4ea3560615be856e,"","2026-05-14"
0,"","Engineer - The Drake Hotel","Hilton","Chicago, Illinois","","",jobspy_indeed,https://www.indeed.com/viewjob?jk=9dd6849f3365611d,"","2026-05-21"
0,"","GIS Specialist III","AECOM","Chicago, Illinois","","$70,000 - $105,000 (yearly)",jobspy_indeed,https://www.indeed.com/viewjob?jk=2a16d26032aa54f0,"","2026-05-21"
0,"","ILUS - Production Manager","Daifuku Intralogistics America","Chicago, Illinois","","",jobspy_indeed,https://www.indeed.com/viewjob?jk=c2a992ccd4655027,"","2026-05-20"
0,"","ILUS - Sub-Assembly","Daifuku Intralogistics America","Chicago, Illinois","","",jobspy_indeed,https://www.indeed.com/viewjob?jk=a0c67cd9268bbd9b,"","2026-05-19"
0,"","ILUS - Material Handler","Daifuku Intralogistics America","Chicago, Illinois","","",jobspy_indeed,https://www.indeed.com/viewjob?jk=3c5d876008ef9ba9,"","2026-05-19"
0,"","ILUS - Fabricator","Daifuku Intralogistics America","Chicago, Illinois","","",jobspy_indeed,https://www.indeed.com/viewjob?jk=6d546fe8c60742cc,"","2026-05-18"
0,"","2nd Shift Production Manager - (2:00pm-10:30pm)","Daifuku","Chicago, Illinois","","$90,000 - $120,000 (yearly)",jobspy_indeed,https://www.indeed.com/viewjob?jk=817d480544f8808a,"","2026-05-20"
0,"","Full-Time Building Engineer (Tennis Center)","Oak Brook Park district","Chicago, Illinois","","$36 - $40 (hourly)",jobspy_indeed,https://www.indeed.com/viewjob?jk=79806aee3d56c39b,"","2026-05-20"
0,"","Manufacturing Engineer - Welding/Fabrication","Dover Corporation","Chicago, Illinois","","$130,000 - $155,000 (yearly)",jobspy_indeed,https://www.indeed.com/viewjob?jk=15740995397c5757,"","2026-05-20"
0,"","ILUS - Plant Supervisor","Daifuku Intralogistics America","Chicago, Illinois","","$70,000 - $90,000 (yearly)",jobspy_indeed,https://www.indeed.com/viewjob?jk=270ff51b7aaee22e,"","2026-05-20"
0,"","Plant Supervisor- Structural (3rd Shift 9:00pm-5:30am)","Daifuku","Chicago, Illinois","","$70,000 - $90,000 (yearly)",jobspy_indeed,https://www.indeed.com/viewjob?jk=075f6f6cd2245979,"","2026-05-20"
0,"","SME - Building Automation and Monitoring Specialist (BAMS)","T5 Data Centers","Chicago, Illinois","","$104,000 - $114,000 (yearly)",jobspy_indeed,https://www.indeed.com/viewjob?jk=d3ba2b473527f0d4,"","2026-05-20"
0,"","Process Engineer III","S&C Electric Company","Chicago, Illinois","","$106,073 - $140,549 (yearly)",jobspy_indeed,https://www.indeed.com/viewjob?jk=89813f877c0ece35,"","2026-05-20"
0,"","2nd Shift - Sub - Assembler","Daifuku","Chicago, Illinois","","$18 - $22 (hourly)",jobspy_indeed,https://www.indeed.com/viewjob?jk=b4a3c691c94bd4e1,"","2026-05-19"
0,"","1st Shift - Assembly Material Handler","Daifuku","Chicago, Illinois","","$18 - $23 (hourly)",jobspy_indeed,https://www.indeed.com/viewjob?jk=dfca24a0b96fa288,"","2026-05-19"
0,"","Systems Engineer II","Endeavor Health","Chicago, Illinois","","$41 - $64 (hourly)",jobspy_indeed,https://www.indeed.com/viewjob?jk=631021c127480f8b,"","2026-05-19"
0,"","Project Engineer","Bunge","Chicago, Illinois","","$110,704 - $124,542 (yearly)",jobspy_indeed,https://www.indeed.com/viewjob?jk=49e478cd7d8578a3,"","2026-05-19"
0,"","Traction Power and Electrical Power Designer -Kiewit Infrastructure Engineers","Kiewit Corporation","Chicago, Illinois","","$103,000 - $108,000 (yearly)",jobspy_indeed,https://www.indeed.com/viewjob?jk=c6dd6aaa3e48b8ef,"","2026-05-19"
0,"","Ladies Locker Room and Housekeeping Manager","Exmoor Country Club","Chicago, Illinois","","$70,000 - $80,000 (yearly)",jobspy_indeed,https://www.indeed.com/viewjob?jk=878654dde40f39b6,"","2026-05-19"
0,"","Fairfield Inn & Suites Chicago Midway Airport - Operations Manager","Aimbridge Hospitality","Chicago, Illinois","","$50,000 - $53,000 (yearly)",jobspy_indeed,https://www.indeed.com/viewjob?jk=d06ebdd4130b8487,"","2026-05-19"
0,"","2nd Shift Structural Fabricator","Daifuku","Chicago, Illinois","","$20 - $30 (hourly)",jobspy_indeed,https://www.indeed.com/viewjob?jk=86e4b998642e6db5,"","2026-05-18"
0,"","Engineer or Senior Officer, Signals and Communication Design","Canadian National Railway","Chicago, Illinois","","$87,800 - $109,700 (yearly)",jobspy_indeed,https://www.indeed.com/viewjob?jk=867b6e18bec854e8,"","2026-05-18"
0,"","Staff Software Engineer","Wilson Elser","New York, New York","","$125,000 - $150,000 (yearly)",jobspy_indeed,https://www.indeed.com/viewjob?jk=d5cc6fbcf2be25c5,"","2026-05-21"
0,"","Senior Software Engineer - Synthetics Platform","Datadog","New York, New York","","$130,000 - $300,000 (yearly)",jobspy_indeed,https://www.indeed.com/viewjob?jk=91fceff4d0eea8fa,"","2026-05-21"
0,"","ASSISTANT DESIGN ENGINEER 1","New York City Department of Environmental Protection","New York, New York","","$66,330 - $99,528 (yearly)",jobspy_indeed,https://www.indeed.com/viewjob?jk=6b25a4a24507e6ca,"","2026-05-21"
0,"","Lead Product Manager, Money Movement & Settlements","Alpaca","New York, New York","","",jobspy_indeed,https://www.indeed.com/viewjob?jk=f4d21ed474ecc92d,"","2026-05-21"
0,"","Senior Mechanical Project Engineer","Colliers Engineering & Design","New York, New York","","$100,500 - $119,500 (yearly)",jobspy_indeed,https://www.indeed.com/viewjob?jk=31aaff644c6d52ca,"","2026-05-20"
0,"","Associate Manager, Agent Experience","Modus Closing","New York, New York","","$90,000 - $950,000 (yearly)",jobspy_indeed,https://www.indeed.com/viewjob?jk=f423a59176d37ba3,"","2026-05-20"
0,"","Manager I, Engineering - Data Visualization Explorations","Datadog","New York, New York","","$187,000 - $240,000 (yearly)",jobspy_indeed,https://www.indeed.com/viewjob?jk=2ccc114c76d397b5,"","2026-05-20"
0,"","Financial Advisor","The Quintessential Experience","New York, New York","","$60,000 - $128,000 (yearly)",jobspy_indeed,https://www.indeed.com/viewjob?jk=9201cab010064c96,"","2026-05-20"
0,"","Senior Systems Engineer, Technical Solutions (US-East)","Datadog","New York, New York","","$110,000 - $160,000 (yearly)",jobspy_indeed,https://www.indeed.com/viewjob?jk=18a7d7544bb7b17f,"","2026-05-20"
0,"","Entry Level Engineer","Esposito Construction","New York, New York","","$50,000 - $90,000 (yearly)",jobspy_indeed,https://www.indeed.com/viewjob?jk=9cb728a08577c757,"","2026-05-20"
0,"","Senior Technical Specialist 2","Metropolitan Transportation Authority","New York, New York","","$112,085 - $140,106 (yearly)",jobspy_indeed,https://www.indeed.com/viewjob?jk=d5486d3155156cf6,"","2026-05-20"
0,"","Engineering Manager, Growth","Rent the Runway","New York, New York","","$148,000 - $185,000 (yearly)",jobspy_indeed,https://www.indeed.com/viewjob?jk=c5a8ccfd32de10a7,"","2026-05-20"
0,"","Executive Assistant & Office Manager","LifeMD","New York, New York","","$120,000 - $160,000 (yearly)",jobspy_indeed,https://www.indeed.com/viewjob?jk=c1857b563847f712,"","2026-05-20"
0,"","Director of Operations- Hotel Nyack - JDV by Hyatt, Nyack, NY","Staybridge Suites Pecos, TX","New York, New York","","$90,000 - $100,000 (yearly)",jobspy_indeed,https://www.indeed.com/viewjob?jk=8cf62235b9b50886,"","2026-05-20"
0,"","Construction Project Manager (Data Center)","Cumming Group","New York, New York","","$120,200 - $160,266 (yearly)",jobspy_indeed,https://www.indeed.com/viewjob?jk=59180b113a72c13b,"","2026-05-14"
0,"","Senior Construction Project Manager – Hospitality","Cumming Group","New York, New York","","$144,300 - $202,033 (yearly)",jobspy_indeed,https://www.indeed.com/viewjob?jk=98b9a72b9e37a096,"","2026-05-14"
0,"","Senior Construction Project Manager (Data Center)","Cumming Group","New York, New York","","$132,800 - $185,933 (yearly)",jobspy_indeed,https://www.indeed.com/viewjob?jk=b729ce74c02803ef,"","2026-05-14"
0,"","Forward Deployed Engineer - Applied AI - Senior Manager - Financial Services - Consulting","EY","New York, New York","","$144,000 - $374,000 (yearly)",jobspy_indeed,https://www.indeed.com/viewjob?jk=2d178402806dc426,"","2026-05-13"
0,"","Engineering Manager","Thermo Systems LLC","New York, New York","","$150,000 - $170,000 (yearly)",jobspy_indeed,https://www.indeed.com/viewjob?jk=f3b189e5c228feb4,"","2026-05-04"
0,"","Manufacturing Engineer","Inland Metal Technologies","San Francisco, California","","$100,000 - $115,000 (yearly)",jobspy_indeed,https://www.indeed.com/viewjob?jk=c06816c5c5e48936,"","2026-05-21"
0,"","AI/Electrical Engineer (R&D)","Amax Engineering","San Francisco, California","","$95,000 - $120,000 (yearly)",jobspy_indeed,https://www.indeed.com/viewjob?jk=c6bb79630aef1cdd,"","2026-05-21"
0,"","Power Electronics Manufacturing Engineering Lead","Joby Aviation","San Francisco, California","","$141,900 - $195,200 (yearly)",jobspy_indeed,https://www.indeed.com/viewjob?jk=a817d3e236e83cd5,"","2026-05-20"
0,"","Regulatory Counsel, Privacy","Google","San Francisco, California","","$253,000 - $352,000 (yearly)",jobspy_indeed,https://www.indeed.com/viewjob?jk=3387873b0d2b5600,"","2026-05-20"
0,"","Facilities Engineer","Peak Energy","San Francisco, California","","$140,000 - $160,000 (yearly)",jobspy_indeed,https://www.indeed.com/viewjob?jk=b4fff6e6b9816e9f,"","2026-05-20"
0,"","Product Designer","nan","San Francisco, California","","$150,000 - $300,000 (yearly)",jobspy_indeed,https://www.indeed.com/viewjob?jk=8f749b7e2491032c,"","2026-05-20"
0,"","Forward Deployed Creative Technologist","COMFY","San Francisco, California","","$150,000 - $200,000 (yearly)",jobspy_indeed,https://www.indeed.com/viewjob?jk=7c7dd705f337ae09,"","2026-05-20"
0,"","Legal Transformer, X’s Moonshot for Specialized Professional Intelligence","X Development","San Francisco, California","","$136,000 - $203,000 (yearly)",jobspy_indeed,https://www.indeed.com/viewjob?jk=e2f237a4a6e64d33,"","2026-05-20"
0,"","Internship, Software Engineer, Energy Engineering (Fall 2026)","Tesla","San Francisco, California","","$20 - $60 (hourly)",jobspy_indeed,https://www.indeed.com/viewjob?jk=dd7241d442387db1,"","2026-05-20"
0,"","Robot Service & Support Engineer","Agile Robots","San Francisco, California","","",jobspy_indeed,https://www.indeed.com/viewjob?jk=e135d026b2e5b379,"","2026-05-20"
0,"","Sr. System Engineer","Super Micro Computer, Inc.","San Francisco, California","","$150,000 - $180,000 (yearly)",jobspy_indeed,https://www.indeed.com/viewjob?jk=6e0913e8ecd93f0e,"","2026-05-20"
0,"","Solid State Pulsed Power Technical Lead","Lawrence Livermore National Laboratory","San Francisco, California","","$272,970 - $346,140 (yearly)",jobspy_indeed,https://www.indeed.com/viewjob?jk=609c00d52dee9f73,"","2026-05-20"
0,"","Modeling and Simulation Engineer","Lawrence Livermore National Laboratory","San Francisco, California","","$146,340 - $222,564 (yearly)",jobspy_indeed,https://www.indeed.com/viewjob?jk=5b47b82a1e69d138,"","2026-05-20"
0,"","Principal Full Cycle Recruiter","QUADRIC PTY LTD","San Francisco, California","","$140,000 - $185,000 (yearly)",jobspy_indeed,https://www.indeed.com/viewjob?jk=a89b4d8f4d65b9cd,"","2026-05-20"
0,"","Sr Software Engineer","Gap Inc.","San Francisco, California","","$126,800 - $164,800 (yearly)",jobspy_indeed,https://www.indeed.com/viewjob?jk=e9a80f9b78fa4baa,"","2026-05-19"
0,"","Sr Engineer, Tax Technology","T-Mobile","Seattle, Washington","","$113,600 - $205,000 (yearly)",jobspy_indeed,https://www.indeed.com/viewjob?jk=e74e631db6e1c4e8,"","2026-05-21"
0,"","Sr Software Engineer, ioS","T-Mobile","Seattle, Washington","","$113,600 - $205,000 (yearly)",jobspy_indeed,https://www.indeed.com/viewjob?jk=c8556b0e9e8d4c9c,"","2026-05-21"
0,"","Embedded Software Engineer, OS/Platform (Starlink)","SpaceX","Seattle, Washington","","$125,000 - $175,000 (yearly)",jobspy_indeed,https://www.indeed.com/viewjob?jk=a6db74a05eb102e1,"","2026-05-21"
0,"","Regulatory Counsel, Privacy","Google","Seattle, Washington","","$253,000 - $352,000 (yearly)",jobspy_indeed,https://www.indeed.com/viewjob?jk=6f69d78db602ebe7,"","2026-05-20"
0,"","Mechanical Department Manager - Buildings","Colliers Engineering & Design","Seattle, Washington","","$145,000 - $209,000 (yearly)",jobspy_indeed,https://www.indeed.com/viewjob?jk=58ef7bf2e48ed584,"","2026-05-20"
0,"","Project Manager","Concrete Strategies","Seattle, Washington","","$90,000 - $150,000 (yearly)",jobspy_indeed,https://www.indeed.com/viewjob?jk=041031bf66be4aa5,"","2026-05-20"
0,"","Facility Technician","Stage 2 Facility Management","Seattle, Washington","","$25 - $29 (hourly)",jobspy_indeed,https://www.indeed.com/viewjob?jk=41e69458e3f66359,"","2026-05-19"
0,"","Senior Bridge Engineer","Horrocks","Seattle, Washington","","$120,000 - $200,000 (yearly)",jobspy_indeed,https://www.indeed.com/viewjob?jk=e553f5090b46cabe,"","2026-05-19"
0,"","Director, AI Platforms","SoFi","Seattle, Washington","","$198,400 - $341,000 (yearly)",jobspy_indeed,https://www.indeed.com/viewjob?jk=111a00952bbe4b67,"","2026-05-19"
0,"","Corporate Counsel, Amazon Leo for Government, Legal","Amazon.com","Seattle, Washington","","$153,900 - $208,200 (yearly)",jobspy_indeed,https://www.indeed.com/viewjob?jk=b68ac7212e344541,"","2026-03-26"
0,"","Protective Services Strategy & Operations Lead","Anthropic","Boston, Massachusetts","","$300,000 - $365,000 (yearly)",jobspy_indeed,https://www.indeed.com/viewjob?jk=0771b0def0d040e9,"","2026-05-20"
0,"","Bioinformatics Engineer","Dana-Farber Cancer Institute","Boston, Massachusetts","","$75,000 - $81,500 (yearly)",jobspy_indeed,https://www.indeed.com/viewjob?jk=4f0bb926807ee72d,"","2026-05-20"
0,"","Commissioning & Energy Project Manager","Colliers Engineering & Design","Boston, Massachusetts","","$100,000 - $125,000 (yearly)",jobspy_indeed,https://www.indeed.com/viewjob?jk=5ad07145ec5d4a01,"","2026-05-20"
0,"","Field Engineer","igus Bearings, Inc.","Boston, Massachusetts","","",jobspy_indeed,https://www.indeed.com/viewjob?jk=9a36a6005f6820ab,"","2026-05-20"
0,"","Structural Engineer Co-op","Thornton Tomasetti","Boston, Massachusetts","","$20 - $35 (hourly)",jobspy_indeed,https://www.indeed.com/viewjob?jk=5d6da27b925df77d,"","2026-05-20"
0,"","Accounts Payable Coordinator","MarkForged","Boston, Massachusetts","","$21 - $35 (hourly)",jobspy_indeed,https://www.indeed.com/viewjob?jk=a095c1a449dda2cc,"","2026-05-20"
0,"","Supervisor, Technical Services - Americas","MarkForged","Boston, Massachusetts","","$88,125 - $117,500 (yearly)",jobspy_indeed,https://www.indeed.com/viewjob?jk=d95f2114db037996,"","2026-05-20"
0,"","Principle UX Designer","Fidelity TalentSource","Boston, Massachusetts","","",jobspy_indeed,https://www.indeed.com/viewjob?jk=bf77c2374a884d0a,"","2026-05-20"
0,"","Software Engineer in Test","Fidelity TalentSource","Boston, Massachusetts","","",jobspy_indeed,https://www.indeed.com/viewjob?jk=a2d65671c41806c5,"","2026-05-18"
0,"","Lead Technician - Assembly","Commonwealth Fusion Systems","Boston, Massachusetts","","$32 - $52 (hourly)",jobspy_indeed,https://www.indeed.com/viewjob?jk=37a8c2cc3c3cf553,"","2026-05-20"
0,"","Patent Agent","Zoll Medical Corporation","Boston, Massachusetts","","$145,000 - $175,000 (yearly)",jobspy_indeed,https://www.indeed.com/viewjob?jk=3093a8aec201efa3,"","2026-05-20"
0,"","Senior Quality Manager","Bodycote North America","Boston, Massachusetts","","$125,000 - $150,000 (yearly)",jobspy_indeed,https://www.indeed.com/viewjob?jk=4a5b1f7d4521c426,"","2026-05-19"
0,"","Lead Intellectual Property Counsel","Zoll Medical Corporation","Boston, Massachusetts","","$190,000 - $220,000 (yearly)",jobspy_indeed,https://www.indeed.com/viewjob?jk=866ccb139898429a,"","2026-05-19"
0,"","Senior Refrigeration Engineer","City Facilities Management","Boston, Massachusetts","","",jobspy_indeed,https://www.indeed.com/viewjob?jk=f9bb1260b952f1e0,"","2026-05-19"
0,"","Senior Electrical Engineer (PE required)","City Facilities Management","Boston, Massachusetts","","",jobspy_indeed,https://www.indeed.com/viewjob?jk=dc032e4729f9ee4b,"","2026-05-19"
0,"","TIMBER SALES REP","Tridome Structures","Boston, Massachusetts","","",jobspy_indeed,https://www.indeed.com/viewjob?jk=fe935ece09e50f20,"","2026-05-19"
0,"","Engineering Manager","Thermo Systems LLC","Boston, Massachusetts","","$150,000 - $170,000 (yearly)",jobspy_indeed,https://www.indeed.com/viewjob?jk=46c0c6921996d477,"","2026-05-04"
0,"","DoubleTree Boston North Shore - Engineer-Grounds","Aimbridge Hospitality","Boston, Massachusetts","","",jobspy_indeed,https://www.indeed.com/viewjob?jk=b003342aac735c8f,"","2026-04-20"
0,"","Product Development Engineer - Automation, OneMHS","Amazon.com","Boston, Massachusetts","","$111,500 - $160,000 (yearly)",jobspy_indeed,https://www.indeed.com/viewjob?jk=8d324c4cb379b4e8,"","2026-03-18"
0,"","Project Manager","Cumming Group","Boston, Massachusetts","","$109,600 - $146,133 (yearly)",jobspy_indeed,https://www.indeed.com/viewjob?jk=0c9f74cbb1f2a103,"","2026-01-28"
0,"","Spacecraft Operations Engineer II","Rocket Lab USA","Los Angeles, California","","$94,000 - $118,000 (yearly)",jobspy_indeed,https://www.indeed.com/viewjob?jk=3a7d0cbc895f3e8b,"","2026-05-21"
0,"","Senior Spacecraft Operations Engineer I","Rocket Lab USA","Los Angeles, California","","$115,000 - $144,000 (yearly)",jobspy_indeed,https://www.indeed.com/viewjob?jk=99337d5d0dbfd9d8,"","2026-05-21"
0,"","Software Engineer, Engineering Simulation & Automation (Vehicle Engineering)","SpaceX","Los Angeles, California","","$125,000 - $175,000 (yearly)",jobspy_indeed,https://www.indeed.com/viewjob?jk=2f39a1a5f9d3e145,"","2026-05-21"
0,"","Cloud Systems Engineer","Planned Parenthood","Los Angeles, California","","$139,333 - $167,200 (yearly)",jobspy_indeed,https://www.indeed.com/viewjob?jk=a631ca73e34074ad,"","2026-05-20"
0,"","Hotel Engineer PM Shift - General Maintenance","Embassy Suites - LAX South","Los Angeles, California","","",jobspy_indeed,https://www.indeed.com/viewjob?jk=d6962b1c98988b56,"","2026-05-20"
0,"","Staff Software Engineer","The RealReal","Los Angeles, California","","$172,460 - $215,575 (yearly)",jobspy_indeed,https://www.indeed.com/viewjob?jk=58a50da7cc6d67b8,"","2026-05-20"
0,"","Design Engineer","ANSWER CONSULTING","Los Angeles, California","","$120,000 - $130,000 (yearly)",jobspy_indeed,https://www.indeed.com/viewjob?jk=c68d1efb4cdf95ea,"","2026-05-20"
0,"","Residential Construction Customer Service / Co-Ordinator","A Plus Contracting","Los Angeles, California","","",jobspy_indeed,https://www.indeed.com/viewjob?jk=d7a0a3b2c64ee87b,"","2026-05-20"
0,"","Technical Animator - Temp","Turtle Rock Studios","Los Angeles, California","","$85,000 - $120,000 (yearly)",jobspy_indeed,https://www.indeed.com/viewjob?jk=8bf2ef21435a956f,"","2026-05-19"
0,"","Senior Technical Animator - Temp","Turtle Rock Studios","Los Angeles, California","","$120,000 - $165,000 (yearly)",jobspy_indeed,https://www.indeed.com/viewjob?jk=4670ae9bb39bf9a2,"","2026-05-19"
0,"","Design Advocate - Architect","Pirros","Los Angeles, California","","",jobspy_indeed,https://www.indeed.com/viewjob?jk=b568801d512209c1,"","2026-05-19"
0,"","Product Quality & Evaluation Specialist","Kawasaki","Los Angeles, California","","$85,000 - $89,000 (yearly)",jobspy_indeed,https://www.indeed.com/viewjob?jk=7ad78e71444eb980,"","2026-05-19"
0,"","Technical Designer, Workplace","Rivian","Los Angeles, California","","",jobspy_indeed,https://www.indeed.com/viewjob?jk=30d5b55b6346e21c,"","2026-05-19"
0,"","Design Manager, Workplace","Rivian","Los Angeles, California","","",jobspy_indeed,https://www.indeed.com/viewjob?jk=14d287d91c903852,"","2026-05-19"
0,"","Superintendent","Bitech Construction","Los Angeles, California","","$80,000 - $120,000 (yearly)",jobspy_indeed,https://www.indeed.com/viewjob?jk=49c3a939049d6395,"","2026-05-19"
0,"","Automation and Controls Software Engineer","Varda Space Industries","Los Angeles, California","","",jobspy_indeed,https://www.indeed.com/viewjob?jk=95268e408ab39841,"","2026-05-19"
0,"","Senior Automation and Controls Software Engineer","Varda Space Industries","Los Angeles, California","","$140,000 - $216,000 (yearly)",jobspy_indeed,https://www.indeed.com/viewjob?jk=2b658177781ebedd,"","2026-05-19"
0,"","Sr Principal Flight Test Engineer (IPTL) Level 4 (AHT)","Northrop Grumman","Los Angeles, California","","$129,300 - $193,900 (yearly)",jobspy_indeed,https://www.indeed.com/viewjob?jk=d6a62bff9ce840b0,"","2026-05-18"
0,"","Sr. Specialist, Aerospace Engineering - Turbo Machinery","L3Harris","Los Angeles, California","","$88,500 - $189,000 (yearly)",jobspy_indeed,https://www.indeed.com/viewjob?jk=11657aef4154bc24,"","2026-05-18"
0,"","Senior Specialist, Aerospace Engneering - Combustion","L3Harris","Los Angeles, California","","$88,500 - $189,000 (yearly)",jobspy_indeed,https://www.indeed.com/viewjob?jk=389e9f9bf1c4afec,"","2026-05-18"
0,"","Project Manager (Healthcare)","Cumming Group","Los Angeles, California","","$120,200 - $160,266 (yearly)",jobspy_indeed,https://www.indeed.com/viewjob?jk=850df52aae5d0ae4,"","2026-03-24"
0,"","Application Builder","Amazon.com","Los Angeles, California","","$143,700 - $194,400 (yearly)",jobspy_indeed,https://www.indeed.com/viewjob?jk=6f713ea7edd74277,"","2026-02-04"
0,"","Mobile Builder, Ring Software Product Builders","Amazon.com","Los Angeles, California","","$143,700 - $194,400 (yearly)",jobspy_indeed,https://www.indeed.com/viewjob?jk=42c90f6a72ae152e,"","2025-10-10"
0,"","Scientist (Program Examiner) - Interdisciplinary","US Office of Management and Budget","Washington, DC","","$121,785 - $197,200 (yearly)",jobspy_indeed,https://www.indeed.com/viewjob?jk=3ea5f9eb6340147d,"","2026-05-21"
0,"","Operating Engineer","Cushman & Wakefield","Washington, DC","","$30 - $35 (hourly)",jobspy_indeed,https://www.indeed.com/viewjob?jk=a873caef215806cb,"","2026-05-21"
0,"","Associate Patent Litigation Counsel","Google","Washington, DC","","$218,000 - $315,000 (yearly)",jobspy_indeed,https://www.indeed.com/viewjob?jk=9dfdafefacac52a0,"","2026-05-21"
0,"","Senior Software Engineer - Frontend","Hilton","Washington, DC","","",jobspy_indeed,https://www.indeed.com/viewjob?jk=eefa50e7bba2bc67,"","2026-05-20"
0,"","Regulatory Counsel, Privacy","Google","Washington, DC","","$253,000 - $352,000 (yearly)",jobspy_indeed,https://www.indeed.com/viewjob?jk=081014d9a0f31f77,"","2026-05-20"
0,"","Underground Utility Superintendent","SEH Excavating, Inc.","Washington, DC","","$45 - $60 (hourly)",jobspy_indeed,https://www.indeed.com/viewjob?jk=7384008c3dbf2fee,"","2026-05-20"
0,"","Drilling Manager (Geotechnical)","Hillis-Carnes Engineering Associates, Inc.","Washington, DC","","$65,000 - $120,000 (yearly)",jobspy_indeed,https://www.indeed.com/viewjob?jk=b8552499831cf2f5,"","2026-05-20"
0,"","Software Engineer","Obsidian Solutions Group","Washington, DC","","",jobspy_indeed,https://www.indeed.com/viewjob?jk=e36ff74e7f15aece,"","2026-05-19"
0,"","Reporting Fellow","BlueLabs","Washington, DC","","",jobspy_indeed,https://www.indeed.com/viewjob?jk=0989c2d0ae4ba27f,"","2026-05-19"
0,"","Eng Proj Controls","Virginia Department of Transportation","Washington, DC","","",jobspy_indeed,https://www.indeed.com/viewjob?jk=17dc7f397fab9207,"","2026-05-19"
0,"","Alarm Design Manager","nan","Washington, DC","","$145,000 - $155,000 (yearly)",jobspy_indeed,https://www.indeed.com/viewjob?jk=074f03287bf6e6d7,"","2026-05-19"
0,"","Supervisory Civil Engineer","Transportation, District Dept","Washington, DC","","$127,030 - $177,839 (yearly)",jobspy_indeed,https://www.indeed.com/viewjob?jk=21a6d4119f8ac2ff,"","2026-05-19"
0,"","iOS Vulnerability Researcher","Interrupt Labs","Washington, DC","","",jobspy_indeed,https://www.indeed.com/viewjob?jk=b9405a5d3da67073,"","2026-05-18"
0,"","Sr. Electrical Design Engineer, Data Center Design Engineering","Amazon.com","Washington, DC","","$136,600 - $184,800 (yearly)",jobspy_indeed,https://www.indeed.com/viewjob?jk=d49ccf1331c3e7f2,"","2026-05-13"
0,"","Corporate Counsel, Global Trade Legal","Amazon.com","Washington, DC","","$153,900 - $208,200 (yearly)",jobspy_indeed,https://www.indeed.com/viewjob?jk=8d7220e6df3e72d0,"","2026-05-05"
0,"","Corporate Counsel, Amazon Leo for Government, Legal","Amazon.com","Washington, DC","","$153,900 - $208,200 (yearly)",jobspy_indeed,https://www.indeed.com/viewjob?jk=3a1b36ae55a96f0a,"","2026-03-26"
0,"","Courtyard Baltimore Washington Airport - Operations Manager OEM","Aimbridge Hospitality","Washington, DC","","",jobspy_indeed,https://www.indeed.com/viewjob?jk=7e2284e03f0310ee,"","2026-04-21"
0,"","Candlewood Suites Washington Fairfax - Engineer","Aimbridge Hospitality","Washington, DC","","",jobspy_indeed,https://www.indeed.com/viewjob?jk=fec8a7ecbdd56c03,"","2026-04-20"
0,"","Director of Entitlements","Lennar","United States","","",jobspy_indeed,https://www.indeed.com/viewjob?jk=2d458842909e980a,"","2026-05-21"
0,"","Plastics Tooling Engineer","Lumitec","United States","","",jobspy_indeed,https://www.indeed.com/viewjob?jk=bf654c09254e705e,"","2026-05-21"
0,"","Senior Controls Engineer","CAM Innovation","United States","","$90,000 - $110,000 (yearly)",jobspy_indeed,https://www.indeed.com/viewjob?jk=fc92ddd0b202cacd,"","2026-05-21"
0,"","Reliability Engineer","Sub-Zero Group, Inc","United States","","",jobspy_indeed,https://www.indeed.com/viewjob?jk=8b83854ca5237aed,"","2026-05-21"
0,"","Day/Night Electrical Supervisor","Module X solutions","United States","","$75,000 - $95,000 (yearly)",jobspy_indeed,https://www.indeed.com/viewjob?jk=165d0d050d0424cf,"","2026-05-21"
0,"","Facilities Planner","QuidelOrtho Corporation","United States","","$50,000 - $66,000 (yearly)",jobspy_indeed,https://www.indeed.com/viewjob?jk=14fec29c46e95970,"","2026-05-21"
0,"","Outbound Engineering Sales Manager","Bravo Team","United States","","$75,000 - $120,000 (yearly)",jobspy_indeed,https://www.indeed.com/viewjob?jk=49f8c0ade7225d60,"","2026-05-21"
0,"","Senior Civil Engineer","Adams Construction & Associates, INC.","United States","","$80,000 - $120,000 (yearly)",jobspy_indeed,https://www.indeed.com/viewjob?jk=e2229658d4ae0828,"","2026-05-21"
0,"","General Manager - Esme Hotel","Think Hospitality","United States","","",jobspy_indeed,https://www.indeed.com/viewjob?jk=e5cf026cecdf04b9,"","2026-05-21"
0,"","Associate Patent Litigation Counsel","Google","United States","","$218,000 - $315,000 (yearly)",jobspy_indeed,https://www.indeed.com/viewjob?jk=e0c98dff64630498,"","2026-05-21"
0,"","Superintendent I - Multifamily/Student Housing Construction","Landmark Properties, Inc.","United States","","",jobspy_indeed,https://www.indeed.com/viewjob?jk=77cd101b0f5ec8d0,"","2026-05-21"
0,"","Technical Support Engineer - VFD/VSD Specialist (Shop-Based)","Triol Trading LLC","United States","","$120,000 - $130,000 (yearly)",jobspy_indeed,https://www.indeed.com/viewjob?jk=5c62fd1c84fd839f,"","2026-05-21"
0,"","IBD-SS Senior Training Specialist (Supervisor)/Project Task Manager - Secret Clearance Required","General Dynamics Information Technology","United States","","$91,800 - $124,200 (yearly)",jobspy_indeed,https://www.indeed.com/viewjob?jk=09edf93234dce05d,"","2026-05-21"
0,"","Estimator 1","HARKINS BUILDERS","United States","","$60,000 - $70,000 (yearly)",jobspy_indeed,https://www.indeed.com/viewjob?jk=7603b917b76c4b6a,"","2026-05-21"
0,"","Senior Manager, Software Engineering","Gap Inc.","United States","","$233,770 - $272,600 (yearly)",jobspy_indeed,https://www.indeed.com/viewjob?jk=61bcc87a9471faef,"","2026-05-19"
0,"","Metrology Supervisor","CSL Plasma","United States","","$93,000 - $110,000 (yearly)",jobspy_indeed,https://www.indeed.com/viewjob?jk=811b612dddfcec32,"","2026-05-14"
0,"","Lead Product Manager, Money Movement & Settlements New","Alpaca","Remote","","",jobspy_indeed,https://www.indeed.com/viewjob?jk=a7f4a73edd447f21,"","2026-05-21"
0,"","Oracle Integration Cloud (OIC) Developer","BV Teck","Remote","","$100,000 - $150,000 (yearly)",jobspy_indeed,https://www.indeed.com/viewjob?jk=9889e19c4e55f495,"","2026-05-20"
0,"","Cloud Networking Engineer","BV Teck","Remote","","$100,000 - $150,000 (yearly)",jobspy_indeed,https://www.indeed.com/viewjob?jk=75a1cf2f86710d6c,"","2026-05-20"
0,"","DevSecOps Engineer II","American Specialty Health","Remote","","$89,274 - $150,000 (yearly)",jobspy_indeed,https://www.indeed.com/viewjob?jk=e151cba82c8e0c50,"","2026-05-20"
0,"","Junior Software Engineer — AI Operations & Platform Development","SilverStay","Remote","","$70,000 - $85,000 (yearly)",jobspy_indeed,https://www.indeed.com/viewjob?jk=ecbc371e601ffac9,"","2026-05-20"
0,"","Paraplanner","Sentinel Group","Remote","","$70,000 - $80,000 (yearly)",jobspy_indeed,https://www.indeed.com/viewjob?jk=9936b64e9c97f99c,"","2026-05-20"
0,"","QA Lead","Rugiet Health","Remote","","$130,000 - $160,000 (yearly)",jobspy_indeed,https://www.indeed.com/viewjob?jk=488c0dd6bef0c0c8,"","2026-05-20"
0,"","Lead Sys Admin - Power Platform and Azure","LATCH LLC","Remote","","$116,000 - $126,000 (yearly)",jobspy_indeed,https://www.indeed.com/viewjob?jk=02b6c01544ee73e2,"","2026-05-20"
0,"","Associate Software Engineer","Cotiviti","Remote","","$75,000 - $95,000 (yearly)",jobspy_indeed,https://www.indeed.com/viewjob?jk=57e160e36367af7e,"","2026-05-19"
0,"","Marketing Analytics Manager","Natera","Remote","","$116,200 - $145,300 (yearly)",jobspy_indeed,https://www.indeed.com/viewjob?jk=3bf223a0ad268b35,"","2026-05-19"
0,"","Content Ops Specialist & Bilingual Content Writer","Horizontal","Remote","","",jobspy_indeed,https://www.indeed.com/viewjob?jk=c8f7eb9f72558775,"","2026-05-19"
0,"","Senior Engineering Manager, Cash Line","Upstart","Remote","","$182,800 - $270,400 (yearly)",jobspy_indeed,https://www.indeed.com/viewjob?jk=bd86bfe0624f8e03,"","2026-05-19"
0,"","IT Systems Engineer III","Ophelia","Remote","","$140,000 - $150,000 (yearly)",jobspy_indeed,https://www.indeed.com/viewjob?jk=c28555a1d024ad5b,"","2026-05-19"
0,"","Fractional Technical Lead","Relay Graduate School of Education","Remote","","$150 - $200 (hourly)",jobspy_indeed,https://www.indeed.com/viewjob?jk=0fff24da9c2f2ca6,"","2026-05-18"
0,"","Design Engineer, Web","Anthropic","Remote","","$305,000 - $385,000 (yearly)",jobspy_indeed,https://www.indeed.com/viewjob?jk=9e91c368f2d11390,"","2026-05-18"
0,"","Claims Manager","Counterpart, Inc.","Remote","","$120,000 - $160,000 (yearly)",jobspy_indeed,https://www.indeed.com/viewjob?jk=3c174b3cefbc2c96,"","2026-05-18"
0,"","Network Automation Engineer (Python + Network APIs)","BV Teck","Remote","","",jobspy_indeed,https://www.indeed.com/viewjob?jk=75279ae5787ab98b,"","2026-05-18"
0,"","Observability Engineer (Prometheus / Grafana / Datadog)","BV Teck","Remote","","",jobspy_indeed,https://www.indeed.com/viewjob?jk=4bb8735550d94e63,"","2026-05-17"
0,"","Director of Engineering","Career TEAM","Remote","","",jobspy_indeed,https://www.indeed.com/viewjob?jk=4863f7937a7fe396,"","2026-05-18"
0,"","GTM Strategist","Punch!","Remote","","$70,000 - $100,000 (yearly)",jobspy_indeed,https://www.indeed.com/viewjob?jk=b904ae76775fef9e,"","2026-05-18"
0,"","Costume Department Manager","Chicago Shakespeare Theater","Chicago, Illinois","","$75,000 - $78,000 (yearly)",jobspy_indeed,https://www.indeed.com/viewjob?jk=a2a309d4287cf951,"","2026-05-14"
0,"","Radiologic Technologist (X-Ray)","WellNow Urgent Care","Chicago, Illinois","","",jobspy_indeed,https://www.indeed.com/viewjob?jk=962102bff7d92fb3,"","2026-05-14"
0,"","Paramedic Schaumburg","Superior Air-Ground Ambulance Service","Chicago, Illinois","","$25 - $34 (hourly)",jobspy_indeed,https://www.indeed.com/viewjob?jk=93d02945fff3ab42,"","2026-05-14"
0,"","Wellness Screener Health Promotion Specialist - RN","Advocate Aurora Health","Chicago, Illinois","","$26 - $39 (hourly)",jobspy_indeed,https://www.indeed.com/viewjob?jk=e74dc0f519a18969,"","2026-05-14"
0,"","Veterinarian","Paws For A Cause Vet Care","Chicago, Illinois","","$130,000 - $160,000 (yearly)",jobspy_indeed,https://www.indeed.com/viewjob?jk=ea4f5f60457d1e00,"","2026-05-14"
0,"","Dispatcher, Commercial HVAC","ABM Industries Inc.","New York, New York","","$65,000 - $80,000 (yearly)",jobspy_indeed,https://www.indeed.com/viewjob?jk=a7e487e3b86699a2,"","2026-05-20"
0,"","Project Manager - Audio Visual Integration","Diversified","New York, New York","","$93,400 - $134,400 (yearly)",jobspy_indeed,https://www.indeed.com/viewjob?jk=6753c2df91352a16,"","2026-05-18"
0,"","Coffee EquipmentTechnician","Kobrick Coffee Co","New York, New York","","$55,000 - $75,000 (yearly)",jobspy_indeed,https://www.indeed.com/viewjob?jk=3557ecf85fd1768b,"","2026-05-15"
0,"","Floor Technician","ABM Industries Inc.","San Francisco, California","","",jobspy_indeed,https://www.indeed.com/viewjob?jk=05dd93c45d8ecc18,"","2026-05-21"
0,"","Behavioral Health Technician (LPT) | Full Time Regular | Night Shift","Adventist Health","San Francisco, California","","$32 - $42 (hourly)",jobspy_indeed,https://www.indeed.com/viewjob?jk=f712a39a07503c85,"","2026-05-20"
0,"","Embedded Service Technician I (The Bay Area)","Guitar Center","San Francisco, California","","$40 - $45 (hourly)",jobspy_indeed,https://www.indeed.com/viewjob?jk=ae05d90af52a6bc9,"","2026-05-19"
0,"","HVAC Specialist - Mechanic","Stanford University","San Francisco, California","","",jobspy_indeed,https://www.indeed.com/viewjob?jk=41b2c403881f6bdb,"","2026-05-19"
0,"","Electro-mechanical Engineer [Alonzo W Ashley Fellowship]","SLAC National Accelerator Laboratory","San Francisco, California","","$106,177 - $137,877 (yearly)",jobspy_indeed,https://www.indeed.com/viewjob?jk=0028c75386015cdb,"","2026-05-19"
0,"","Behavioral Health Technician (LPT)- Psychiatric ICU 1","Talented Medical Solutions","San Francisco, California","","$1,600 - $1,674 (weekly)",jobspy_indeed,https://www.indeed.com/viewjob?jk=50c0b79aaa5890ab,"","2026-05-19"
0,"","Autism Therapist - CBT/BT - Full-Time","ICBD","Seattle, Washington","","$58,240 - $70,720 (yearly)",jobspy_indeed,https://www.indeed.com/viewjob?jk=86ff16a9c4241813,"","2026-05-20"
0,"","Quality Control Supervisor","National Beverage Corp.","Seattle, Washington","","",jobspy_indeed,https://www.indeed.com/viewjob?jk=e8b544145725f455,"","2026-05-20"
0,"","Quality Control Supervisor","Shasta Beverages, Inc.","Seattle, Washington","","",jobspy_indeed,https://www.indeed.com/viewjob?jk=4b70711eee4a0279,"","2026-05-20"
0,"","Removal Technician","Coda Care","Seattle, Washington","","$24 - $25 (hourly)",jobspy_indeed,https://www.indeed.com/viewjob?jk=02d7a501d43e3134,"","2026-05-15"
0,"","Technician","Family Entertainment Group","Boston, Massachusetts","","$16 - $20 (hourly)",jobspy_indeed,https://www.indeed.com/viewjob?jk=82f56db6b49987fa,"","2026-05-15"
0,"","SENIOR PSYCHIATRIC TECHNICIAN (SAFETY)","California State Personnel Board","Los Angeles, California","","$6,638 - $8,733 (monthly)",jobspy_indeed,https://www.indeed.com/viewjob?jk=e7540783a97acb15,"","2026-05-20"
0,"","Route Service Merchandiser","GENDA Americas","Los Angeles, California","","",jobspy_indeed,https://www.indeed.com/viewjob?jk=6e1d2d1255360087,"","2026-05-19"
0,"","Emergency Medical Technician (Event Coverage)","ATvantage Athletic Training","Los Angeles, California","","$24 - $28 (hourly)",jobspy_indeed,https://www.indeed.com/viewjob?jk=ab9c858ccb4d4e26,"","2026-05-19"
0,"","SUPERVISOR I","California State Personnel Board","Los Angeles, California","","$7,172 - $8,910 (monthly)",jobspy_indeed,https://www.indeed.com/viewjob?jk=3a634263a3185a2d,"","2026-05-19"
0,"","Phlebotomist (Per Diem) -- Mobile Health Screening (Orange County)","National Health Group","Los Angeles, California","","$21 - $22 (hourly)",jobspy_indeed,https://www.indeed.com/viewjob?jk=ab5993ce233cb2f5,"","2026-05-19"
0,"","FOOD SERVICE SUPERVISOR II","California State Personnel Board","Los Angeles, California","","$4,495 - $5,628 (monthly)",jobspy_indeed,https://www.indeed.com/viewjob?jk=234f34a322906578,"","2026-05-18"
0,"","OFFICE TECHNICIAN (TYPING)","California State Personnel Board","Los Angeles, California","","$3,829 - $4,794 (monthly)",jobspy_indeed,https://www.indeed.com/viewjob?jk=4c22bb1273a95006,"","2026-05-14"
0,"","Experienced Canine Handler - Explosive Detection","Allied Universal Enhanced Protection Services","Washington, DC","","",jobspy_indeed,https://www.indeed.com/viewjob?jk=7252243065a6f2c5,"","2026-05-19"
0,"","Medical Assistant","MedStar Health","Washington, DC","","$19 - $34 (hourly)",jobspy_indeed,https://www.indeed.com/viewjob?jk=7839cbb9b893af35,"","2026-05-18"
0,"","Maintenance Technician (M-F 6:30-3PM)","Associa","Washington, DC","","",jobspy_indeed,https://www.indeed.com/viewjob?jk=480c98c623f557e7,"","2026-05-18"
0,"","Medical Assistant - Neurology GUH","MedStar Health","Washington, DC","","$19 - $33 (hourly)",jobspy_indeed,https://www.indeed.com/viewjob?jk=bf4e272a977753d0,"","2026-05-18"
0,"","Lead Installation Technician - Electronic Security","Diversified","Washington, DC","","$36 - $46 (hourly)",jobspy_indeed,https://www.indeed.com/viewjob?jk=f817fdb725ddc791,"","2026-05-15"
0,"","Project Manager - Electronic Security","Diversified","Washington, DC","","$93,400 - $134,400 (yearly)",jobspy_indeed,https://www.indeed.com/viewjob?jk=915d612acc51bc03,"","2026-05-15"
0,"","Draft Beer Service Tech","A Head For Profits","Washington, DC","","",jobspy_indeed,https://www.indeed.com/viewjob?jk=df8ad987eef6f1f4,"","2026-05-15"
0,"","Events Assistant","U.S. Global Leadership Coalition","Washington, DC","","$40,000 - $45,000 (yearly)",jobspy_indeed,https://www.indeed.com/viewjob?jk=4fa4b0b1e1c273b8,"","2026-05-15"
0,"","DJ / Music Technician","Pristine wedding chapel","United States","","$16 - $21 (hourly)",jobspy_indeed,https://www.indeed.com/viewjob?jk=b77baf3596107be7,"","2026-05-21"
0,"","Night Shift Mechanic Supervisor","All Waste, Inc.","United States","","$25 - $29 (hourly)",jobspy_indeed,https://www.indeed.com/viewjob?jk=1a5b5121015c8958,"","2026-05-21"
0,"","FORKLIFT BRANCH/SERVICE MANAGER, SC","Carolina Industrial Trucks, Inc.","United States","","$65,000 - $94,000 (yearly)",jobspy_indeed,https://www.indeed.com/viewjob?jk=b60fb00f26a19776,"","2026-05-21"
0,"","Maintenance/Porter","ABM Industries Inc.","United States","","$18 - $19 (hourly)",jobspy_indeed,https://www.indeed.com/viewjob?jk=6ba7cd9b2c053ffc,"","2026-05-21"
0,"","HVAC Technician, Commercial","ABM Industries Inc.","United States","","$25 - $60 (hourly)",jobspy_indeed,https://www.indeed.com/viewjob?jk=9d69f541a86e57d2,"","2026-05-21"
0,"","Housekeeper / Floor Technician","Acts Retirement-Life Communities","United States","","$15 - $18 (hourly)",jobspy_indeed,https://www.indeed.com/viewjob?jk=4ef3a79a2df73936,"","2026-05-20"
0,"","Bioskills Lab Assistant - Jewett Orthopedic Institute","Orlando Health","United States","","",jobspy_indeed,https://www.indeed.com/viewjob?jk=fb156f9684b1f4a4,"","2026-05-20"
0,"","Venue Technician 1","Casa Bonita Denver","United States","","$31 - $35 (hourly)",jobspy_indeed,https://www.indeed.com/viewjob?jk=c238773d3e5aa2fc,"","2026-05-20"
0,"","Firefighter/EMT - Lateral Hiring Process","City of Noblesville","United States","","$62,375 - $83,224 (yearly)",jobspy_indeed,https://www.indeed.com/viewjob?jk=c9847e201dc26ef7,"","2026-05-20"
0,"","Emergency Medical Technician (Basic & Advanced)","Ambucare","United States","","",jobspy_indeed,https://www.indeed.com/viewjob?jk=bdd5707333c41002,"","2026-05-20"
0,"","Maintenance Technician 1","Walters Hospitality","United States","","$24 - $28 (hourly)",jobspy_indeed,https://www.indeed.com/viewjob?jk=29540c0745a6181c,"","2026-05-20"
0,"","AmeriCorps Visitor Information Assistant (BLM, Casper Field Office)","Great Basin Institute","United States","","",jobspy_indeed,https://www.indeed.com/viewjob?jk=b38ec585dcad1b96,"","2026-05-20"
0,"","Medical Services Worker | Part-Time | Ford Wyoming Center","Oak View Group","United States","","$17 - $18 (hourly)",jobspy_indeed,https://www.indeed.com/viewjob?jk=d6fdf7cbadcc4308,"","2026-05-20"
0,"","Project Manager - Audio Visual Integration","Diversified","Remote","","$93,400 - $134,400 (yearly)",jobspy_indeed,https://www.indeed.com/viewjob?jk=7dcce4105268f7b8,"","2026-05-18"
0,"","Project Manager - Electronic Security","Diversified","Remote","","$93,400 - $134,400 (yearly)",jobspy_indeed,https://www.indeed.com/viewjob?jk=d53add9517144ed7,"","2026-05-15"
0,"","Project Manager Virtual,","Diversified","Remote","","$93,400 - $134,400 (yearly)",jobspy_indeed,https://www.indeed.com/viewjob?jk=f9676ba9495c8d87,"","2026-05-14"
0,"","Assistant Superintendent","Mortenson Construction","Chicago, Illinois","","$95,700 - $129,200 (yearly)",jobspy_indeed,https://www.indeed.com/viewjob?jk=23b9193596c48891,"","2026-05-19"
0,"","Superintendent, Full Time Traveling Electrical Superintendent","OWL Services","Chicago, Illinois","","$90,000 - $140,000 (yearly)",jobspy_indeed,https://www.indeed.com/viewjob?jk=6f2e2ced8e074392,"","2026-05-18"
0,"","Licensed Master Electrician","Rethink Electric","Chicago, Illinois","","$100,000 - $120,000 (yearly)",jobspy_indeed,https://www.indeed.com/viewjob?jk=eefe7d2cc1822178,"","2026-05-18"
0,"","Union Operating Engineer","Cushman & Wakefield","Chicago, Illinois","","$42 - $49 (hourly)",jobspy_indeed,https://www.indeed.com/viewjob?jk=f06a3d72ccd8be06,"","2026-05-18"
0,"","Union Lead Operating Engineer","Cushman & Wakefield","Chicago, Illinois","","",jobspy_indeed,https://www.indeed.com/viewjob?jk=36de65d6b3ed7aa2,"","2026-05-15"
0,"","Licensed Electrician – Non working Supervisor","nan","New York, New York","","$35 - $45 (hourly)",jobspy_indeed,https://www.indeed.com/viewjob?jk=1f7125b65c365edd,"","2026-05-20"
0,"","Mechanic","Euro Auto Masters","New York, New York","","$20 - $35 (hourly)",jobspy_indeed,https://www.indeed.com/viewjob?jk=4bf7085579b8391a,"","2026-05-20"
0,"","Lead Maintenance Technician","Cushman & Wakefield","New York, New York","","$35 - $42 (hourly)",jobspy_indeed,https://www.indeed.com/viewjob?jk=649145f8eb2be168,"","2026-05-18"
0,"","Local 94 Operating Engineer","Cushman & Wakefield","New York, New York","","$45 - $53 (hourly)",jobspy_indeed,https://www.indeed.com/viewjob?jk=fbae4c493c0de3a0,"","2026-05-18"
0,"","[UNION] Operating Engineer","Cushman & Wakefield","New York, New York","","$45 - $53 (hourly)",jobspy_indeed,https://www.indeed.com/viewjob?jk=a9e263db53431715,"","2026-05-18"
0,"","HVAC Building Technician (Mobile)","Cushman & Wakefield","New York, New York","","$34 - $40 (hourly)",jobspy_indeed,https://www.indeed.com/viewjob?jk=23c991c41fd409b1,"","2026-05-18"
0,"","Operating Engineer (Union)","Cushman & Wakefield","New York, New York","","$41 - $48 (hourly)",jobspy_indeed,https://www.indeed.com/viewjob?jk=ca0f5ddff21da252,"","2026-05-18"
0,"","Operating Engineer","Cushman & Wakefield","New York, New York","","$31 - $37 (hourly)",jobspy_indeed,https://www.indeed.com/viewjob?jk=ac9b999ac490c8db,"","2026-05-18"
0,"","Licensed Master Electrician","Cannon Solar","New York, New York","","$32 - $39 (hourly)",jobspy_indeed,https://www.indeed.com/viewjob?jk=d4ce9a7d694743ae,"","2026-05-15"
0,"","Licensed Electrical Contractor","ClearWay Electric LLC","San Francisco, California","","$100,000 - $300,000 (yearly)",jobspy_indeed,https://www.indeed.com/viewjob?jk=b2c28bcc6c759a2a,"","2026-05-20"
0,"","Chief Engineer","Cushman & Wakefield","Seattle, Washington","","$40 - $48 (hourly)",jobspy_indeed,https://www.indeed.com/viewjob?jk=4f8815b4a66abf11,"","2026-05-15"
0,"","Residential Install Electrician (NH Licensed)","Heritage Home Service","Boston, Massachusetts","","$80,000 - $120,000 (yearly)",jobspy_indeed,https://www.indeed.com/viewjob?jk=f49cbe29ad89b992,"","2026-05-19"
0,"","Superintendent - Oil & Gas & Utilities","Padilla Electric Builders","Los Angeles, California","","$70 - $90 (hourly)",jobspy_indeed,https://www.indeed.com/viewjob?jk=d5b01034ff99e0dc,"","2026-05-20"
0,"","Building Operating Engineer","Cushman & Wakefield","Washington, DC","","$31 - $37 (hourly)",jobspy_indeed,https://www.indeed.com/viewjob?jk=4698e8b78ca02f77,"","2026-05-18"
0,"","Assistant Chief Operating Engineer","Cushman & Wakefield","Washington, DC","","$39 - $47 (hourly)",jobspy_indeed,https://www.indeed.com/viewjob?jk=0124f60850dd96b4,"","2026-05-18"
0,"","Low Voltage Installation and Service Technician - Newburg, MD","IK Systems","Washington, DC","","$32 - $38 (hourly)",jobspy_indeed,https://www.indeed.com/viewjob?jk=791b45808dc2a154,"","2026-05-18"
0,"","Electricians - Commercial Service - Virginia 1099","Power Systems Electric","Washington, DC","","$44 - $51 (hourly)",jobspy_indeed,https://www.indeed.com/viewjob?jk=84d61046d3e0791f,"","2026-05-15"
0,"","Journeyman Electrician (Service)","Compu Dynamics, LLC","Washington, DC","","$33 - $62 (hourly)",jobspy_indeed,https://www.indeed.com/viewjob?jk=762212d491364cda,"","2026-05-15"
0,"","Electrical Maintenance Technician – Bulk Material Handling","CNX","Washington, DC","","",jobspy_indeed,https://www.indeed.com/viewjob?jk=14df1ee13c713799,"","2026-05-15"
0,"","Jet Bridge Technician I ( Passenger Boarding Bridge Technician)","Metropolitan Washington Airports Authority","Washington, DC","","$35 - $45 (hourly)",jobspy_indeed,https://www.indeed.com/viewjob?jk=5f96ea15f20f09da,"","2026-05-15"
0,"","Electrician","Smithsonian Institution","Washington, DC","","$34 - $42 (hourly)",jobspy_indeed,https://www.indeed.com/viewjob?jk=922e02d0c93891aa,"","2026-05-15"
0,"","Electrician","nan","Washington, DC","","$34 - $42 (hourly)",jobspy_indeed,https://www.indeed.com/viewjob?jk=c8d50df5f7229093,"","2026-05-15"
0,"","Electrician","Tlingit Haida Tribal Business Corporation","Washington, DC","","$48 - $49 (hourly)",jobspy_indeed,https://www.indeed.com/viewjob?jk=77f932b03da41a70,"","2026-05-12"
0,"","Journeyman Electrician / Wastewater Maintenance Technician","Infrastructure Alternatives, Inc. (IAI)","United States","","$28 - $35 (hourly)",jobspy_indeed,https://www.indeed.com/viewjob?jk=685e07f80ec79a77,"","2026-05-21"
0,"","Resort Maintenance Manager","Cameron Ranch Glamping","United States","","$41,688 - $48,034 (yearly)",jobspy_indeed,https://www.indeed.com/viewjob?jk=bd76228487290750,"","2026-05-21"
0,"","[Erie, PA] Experienced Electrician","Stonehouse Electric Company","United States","","$20 - $30 (hourly)",jobspy_indeed,https://www.indeed.com/viewjob?jk=ad31b93544be43dc,"","2026-05-21"
0,"","Controls Engineer","Autokiniton Global Group","United States","","",jobspy_indeed,https://www.indeed.com/viewjob?jk=b88aca565c3978a6,"","2026-05-21"
0,"","CDOC Licensed Electrician Lieutenant CSLTS II (Trinidad)","Colorado Department of Corrections","United States","","$5,824 - $8,153 (monthly)",jobspy_indeed,https://www.indeed.com/viewjob?jk=021d0668cd34b85a,"","2026-05-20"
0,"","Facilities Electrical Consultant","Chemours","United States","","$97,843 - $152,880 (yearly)",jobspy_indeed,https://www.indeed.com/viewjob?jk=ae19455842751445,"","2026-05-20"
0,"","Electrician","Barnard Construction Company","United States","","",jobspy_indeed,https://www.indeed.com/viewjob?jk=a2fd260ac64e44a7,"","2026-05-20"
0,"","Licensed Commercial Electrician","nan","United States","","$24 - $48 (hourly)",jobspy_indeed,https://www.indeed.com/viewjob?jk=6834ca56981b82bb,"","2026-05-20"
0,"","Assistant Superintendent - Data Center Construction","Mortenson Construction","United States","","$95,700 - $129,200 (yearly)",jobspy_indeed,https://www.indeed.com/viewjob?jk=887895cad3acb6e1,"","2026-05-20"
0,"","Facilities Superintendent","City of Desoto","United States","","$65,131 - $95,090 (yearly)",jobspy_indeed,https://www.indeed.com/viewjob?jk=72ed33e3ed38f64e,"","2026-05-20"
0,"","Electrical Maintenance Technician III","RWDY Inc","United States","","",jobspy_indeed,https://www.indeed.com/viewjob?jk=dd19ab1cf126c177,"","2026-05-20"
0,"","LICENSED ELECTRICAL SUBCONTRACTOR","LivSmart Home Services","United States","","$2,500 - $5,000 (weekly)",jobspy_indeed,https://www.indeed.com/viewjob?jk=20679b38dc078ec8,"","2026-05-20"
0,"","Master Electrician","LaPlante Electric","United States","","$85,000 - $115,000 (yearly)",jobspy_indeed,https://www.indeed.com/viewjob?jk=c11595c4e2004d3c,"","2026-04-22"
0,"","Electrical Subject Matter Expert","Meta","United States","","$114,000 - $168,000 (yearly)",jobspy_indeed,https://www.indeed.com/viewjob?jk=e5082daf382a92b6,"","2026-04-13"
0,"","Sports Production & Operations Trainee (SPOT) - Technical Operations - NBC Sports","NBCUniversal","New York, New York","","",jobspy_indeed,https://www.indeed.com/viewjob?jk=e29b3dfd913c9fae,"","2026-05-18"
0,"","Senior Manager, Revenue Operations","EnergyHub","New York, New York","","$150,000 - $180,000 (yearly)",jobspy_indeed,https://www.indeed.com/viewjob?jk=5f12f55b2571493d,"","2026-05-15"
0,"","Technical Writing Intern","EnergyHub","New York, New York","","",jobspy_indeed,https://www.indeed.com/viewjob?jk=195d36a0a7713b7d,"","2026-05-14"
0,"","Product Manager, Strategy & Partnerships","Pebble Mobility","San Francisco, California","","$102,000 - $149,050 (yearly)",jobspy_indeed,https://www.indeed.com/viewjob?jk=837e4e70a4092325,"","2026-05-14"
0,"","Technical Product Manager","EVgo","Los Angeles, California","","$128,200 - $160,200 (yearly)",jobspy_indeed,https://www.indeed.com/viewjob?jk=21bda5f732060f6e,"","2026-05-18"
0,"","Senior Staff Engineer, Compliance","EVgo","Los Angeles, California","","$126,700 - $158,400 (yearly)",jobspy_indeed,https://www.indeed.com/viewjob?jk=4c78e8cfc9f2a6d3,"","2026-05-15"
0,"","PlugShare Advertising Strategist","EVgo","Los Angeles, California","","$77,400 - $96,700 (yearly)",jobspy_indeed,https://www.indeed.com/viewjob?jk=45f0106a7aa1e6f6,"","2026-05-15"
0,"","Sr. Software Engineer","nan","Los Angeles, California","","$175,000 - $190,000 (yearly)",jobspy_indeed,https://www.indeed.com/viewjob?jk=25c66e766ce59663,"","2026-05-15"
0,"","Sr. Manager, Operations Enablement","nan","Los Angeles, California","","$130,000 - $135,000 (yearly)",jobspy_indeed,https://www.indeed.com/viewjob?jk=1fb3ce341eb4a5e4,"","2026-05-15"
0,"","Patient Flow Manager - Evenings - Baltimore, MD","Unidine","Washington, DC","","$50,000 - $52,000 (yearly)",jobspy_indeed,https://www.indeed.com/viewjob?jk=09a73dfdb15456f2,"","2026-05-19"
0,"","Market Development and Public Policy Manager","EVgo","Washington, DC","","$122,100 - $152,600 (yearly)",jobspy_indeed,https://www.indeed.com/viewjob?jk=29d03c2a2cf3c9cf,"","2026-05-18"
0,"","Housekeeper","Community First Solutions","United States","","$16 - $18 (hourly)",jobspy_indeed,https://www.indeed.com/viewjob?jk=6b19d13c4b33058f,"","2026-05-20"
0,"","Senior Associate, HR Business Partner","EVgo","United States","","$81,300 - $101,600 (yearly)",jobspy_indeed,https://www.indeed.com/viewjob?jk=a339906ad53c7b7b,"","2026-05-19"
0,"","Manufacturing Engineer","ALTEN","United States","","$80,000 - $85,000 (yearly)",jobspy_indeed,https://www.indeed.com/viewjob?jk=2360da964f5ce59b,"","2026-05-19"
0,"","Plant Boiler Operator - Pensacola, FL","Crothall Healthcare","United States","","$26 - $30 (hourly)",jobspy_indeed,https://www.indeed.com/viewjob?jk=e308e2f233b9490f,"","2026-05-16"
0,"","Hospital Operator","Northwell Health","United States","","$17 - $21 (hourly)",jobspy_indeed,https://www.indeed.com/viewjob?jk=32e0f1a446f77d3e,"","2026-05-15"
0,"","Senior Data Engineer","EVgo","United States","","$116,200 - $145,300 (yearly)",jobspy_indeed,https://www.indeed.com/viewjob?jk=7b58362ce0fa2f56,"","2026-05-15"
0,"","Live Events Technical Manager (Live Studio Production & Broadcast - Sports & Entertainment)","Warner Bros. Discovery","United States","","",jobspy_indeed,https://www.indeed.com/viewjob?jk=b53e0bf4e84491f2,"","2026-05-15"
0,"","Technical Writing Intern","EnergyHub","Remote","","",jobspy_indeed,https://www.indeed.com/viewjob?jk=ca2d8feb147e1aa6,"","2026-05-15"
0,"","Senior Manager, Revenue Operations","EnergyHub","Remote","","$150,000 - $180,000 (yearly)",jobspy_indeed,https://www.indeed.com/viewjob?jk=f9658ff79fc19d98,"","2026-05-15"
0,"","Supervisor, REMI Operations","ESPN","United States","","$105,100 - $140,900 (yearly)",jobspy_indeed,https://www.indeed.com/viewjob?jk=25c230106b058b8e,"","2026-05-21"
0,"","Autonomy Engineer","NextPower","United States","","$160,000 - $190,000 (yearly)",jobspy_indeed,https://www.indeed.com/viewjob?jk=1d3019805701c531,"","2026-05-20"
0,"","Senior Fullstack Developer (Backend)","Accelint","United States","","$100,000 - $150,000 (yearly)",jobspy_indeed,https://www.indeed.com/viewjob?jk=e636d691d5597be9,"","2026-05-20"
0,"","Director of Broadcasting – Catawba College Athletics (Job 26006)","Catawba College","United States","","",jobspy_indeed,https://www.indeed.com/viewjob?jk=424b9d3bdaadace6,"","2026-05-19"
0,"","Controls System Integrator I","Daikin Applied","Chicago, Illinois","","$70,000 - $90,000 (yearly)",jobspy_indeed,https://www.indeed.com/viewjob?jk=b7e30c6dcb6da822,"","2026-05-20"
0,"","ELECTRICAL/AUTOMATION TECHNICIAN","Sofidel America","Chicago, Illinois","","",jobspy_indeed,https://www.indeed.com/viewjob?jk=8d2edfc3e23841b1,"","2026-05-20"
0,"","Offset Printing Press Operator/First Shift (5yr min exp req)","Schneider Graphics Inc.","Chicago, Illinois","","$27 - $31 (hourly)",jobspy_indeed,https://www.indeed.com/viewjob?jk=252e7e6724ca20f4,"","2026-05-19"
0,"","Print Shop Operator","Holman","Chicago, Illinois","","$22 - $29 (hourly)",jobspy_indeed,https://www.indeed.com/viewjob?jk=492f256e83f82410,"","2026-05-19"
0,"","Client Services Supervisor","QUAD","Chicago, Illinois","","$70,000 - $85,000 (yearly)",jobspy_indeed,https://www.indeed.com/viewjob?jk=14cef2c0d5060ec1,"","2026-05-15"
0,"","CNC Programmer II","Regal Rexnord Corporation","Chicago, Illinois","","$30 - $38 (hourly)",jobspy_indeed,https://www.indeed.com/viewjob?jk=5650347c800b2826,"","2026-05-14"
0,"","Stitcher / Sewing Machine Operator (Manufacturing)","Procedes","Chicago, Illinois","","$22 - $25 (hourly)",jobspy_indeed,https://www.indeed.com/viewjob?jk=d57eed5cee0255de,"","2026-05-14"
0,"","Operator Combo","Sun Chemical","Chicago, Illinois","","",jobspy_indeed,https://www.indeed.com/viewjob?jk=9934dfa3cb3dc1d4,"","2026-05-11"
0,"","Production Operator","Sun Chemical","Chicago, Illinois","","",jobspy_indeed,https://www.indeed.com/viewjob?jk=4619c32e8891f7d0,"","2026-05-12"
0,"","Machine / Forklift Operator","Sun Chemical","Chicago, Illinois","","$19 - $21 (hourly)",jobspy_indeed,https://www.indeed.com/viewjob?jk=64fe42c0167ead0a,"","2026-04-24"
0,"","DTF Printer Machine Operator, and heat press","nan","New York, New York","","$17 - $25 (hourly)",jobspy_indeed,https://www.indeed.com/viewjob?jk=c90a027c36ec37e5,"","2026-05-21"
0,"","ABB DCS Engineer","Executive Decision","New York, New York","","$125 - $150 (hourly)",jobspy_indeed,https://www.indeed.com/viewjob?jk=aa0a30996ae9f766,"","2026-05-21"
0,"","Broadcast Director / Technical Director, Weekends - Contract","Bloomberg","New York, New York","","$65 - $75 (hourly)",jobspy_indeed,https://www.indeed.com/viewjob?jk=1fba1c2bb5c5bab0,"","2026-05-20"
0,"","Senior Field Service Engineer - Automated Logic","Carrier","New York, New York","","$64,500 - $129,500 (yearly)",jobspy_indeed,https://www.indeed.com/viewjob?jk=95f51cd8c86ef891,"","2026-05-20"
0,"","User Acquisition Manager","FANATICS COLLECTIBLES","New York, New York","","$96,250 - $120,000 (yearly)",jobspy_indeed,https://www.indeed.com/viewjob?jk=1b26bf85051126d8,"","2026-05-18"
0,"","Apparel Digital Transfer DTF Printer Operator","Beckman’s on the Beach","New York, New York","","$18 - $20 (hourly)",jobspy_indeed,https://www.indeed.com/viewjob?jk=f77b427169f2a22f,"","2026-05-17"
0,"","Premedia Production Coordinator","QUAD","New York, New York","","$28 - $36 (hourly)",jobspy_indeed,https://www.indeed.com/viewjob?jk=961c080f4ee99d09,"","2026-05-15"
0,"","Systems Application Engineer I","Schneider Electric","New York, New York","","",jobspy_indeed,https://www.indeed.com/viewjob?jk=8649d8efaf57067b,"","2026-05-15"
0,"","Visual Designer, Brand","FireFly Technology","New York, New York","","$110,000 - $140,000 (yearly)",jobspy_indeed,https://www.indeed.com/viewjob?jk=9606edfa5799b6bc,"","2026-05-15"
0,"","Laser System Operator","Lawrence Livermore National Laboratory","San Francisco, California","","$43 - $53 (hourly)",jobspy_indeed,https://www.indeed.com/viewjob?jk=6ca16f15a1bd1f99,"","2026-05-20"
0,"","Administrative Assistant","Transdev","San Francisco, California","","$21 - $22 (hourly)",jobspy_indeed,https://www.indeed.com/viewjob?jk=26b800925e55c91d,"","2026-05-20"
0,"","NBCU Local Bay Area - Production Assistant Internship – Academic Year 2026-2027","NBCUniversal","San Francisco, California","","",jobspy_indeed,https://www.indeed.com/viewjob?jk=fb8d602806a9280b,"","2026-05-20"
0,"","Head of UX Design and Research","Wing","San Francisco, California","","$304,000 - $323,000 (yearly)",jobspy_indeed,https://www.indeed.com/viewjob?jk=d03f41a1ca2ace91,"","2026-05-19"
0,"","Staff Software Engineer - Managed Kubernetes","Lambda","San Francisco, California","","$314,000 - $465,000 (yearly)",jobspy_indeed,https://www.indeed.com/viewjob?jk=bcdbad341f069151,"","2026-05-18"
0,"","Media Producer & Studio Manager","Human Resource Plus","San Francisco, California","","$29 - $33 (hourly)",jobspy_indeed,https://www.indeed.com/viewjob?jk=b9e288799e4815ed,"","2026-05-18"
0,"","Inmate Industries Engraving Program Supervisor","Island Circuits International Inc.","San Francisco, California","","$78,657 - $95,609 (yearly)",jobspy_indeed,https://www.indeed.com/viewjob?jk=96bccd6546cf727f,"","2026-05-15"
0,"","Principal Software Engineer - Rack Scale Systems Infrastructure","NVIDIA","San Francisco, California","","$272,000 - $431,250 (yearly)",jobspy_indeed,https://www.indeed.com/viewjob?jk=e654505b90ecb842,"","2026-05-15"
0,"","AI Video Editor","OpusClip","San Francisco, California","","$40 - $70 (hourly)",jobspy_indeed,https://www.indeed.com/viewjob?jk=a340ec7abe1f5398,"","2026-05-14"
0,"","Screen Press Operator","nan","Seattle, Washington","","",jobspy_indeed,https://www.indeed.com/viewjob?jk=5e50b6ff75e80430,"","2026-05-20"
0,"","Community Corrections Officer 2 (Or CCO1 In-Training) - Seattle","State of Washington","Seattle, Washington","","$4,603 - $7,540 (monthly)",jobspy_indeed,https://www.indeed.com/viewjob?jk=d5711944836d02e1,"","2026-05-14"
0,"","Staff Software Engineer - Managed Kubernetes","Lambda","Seattle, Washington","","$314,000 - $465,000 (yearly)",jobspy_indeed,https://www.indeed.com/viewjob?jk=0a8b2fc9348073dc,"","2026-05-18"
0,"","Digital Press Operator","Global Venture","Seattle, Washington","","$20 - $25 (hourly)",jobspy_indeed,https://www.indeed.com/viewjob?jk=de2760a44e7a4323,"","2026-05-18"
0,"","Staff Product Manager – Builder Solutions","Paradigm","Seattle, Washington","","",jobspy_indeed,https://www.indeed.com/viewjob?jk=4698b0d7e82b2377,"","2026-05-15"
0,"","Press Operator - Sheetfed - 2nd Shift - 8/c XL106","DS Graphics","Boston, Massachusetts","","$30 - $35 (hourly)",jobspy_indeed,https://www.indeed.com/viewjob?jk=6a835b42fd7764eb,"","2026-05-18"
0,"","Program Coordinator, Partnerships","Greentown Labs","Boston, Massachusetts","","$60,000 - $68,000 (yearly)",jobspy_indeed,https://www.indeed.com/viewjob?jk=ffbc557389eac410,"","2026-05-18"
0,"","Copy Center Specialist","TECHIO","Boston, Massachusetts","","$21 - $23 (hourly)",jobspy_indeed,https://www.indeed.com/viewjob?jk=03cccabba60643fd,"","2026-05-15"
0,"","Industrial Engineer","Massachusetts Bay Transportation Authority","Boston, Massachusetts","","$46 - $66 (hourly)",jobspy_indeed,https://www.indeed.com/viewjob?jk=afb0b33e5d5bcf8a,"","2026-05-14"
0,"","Print Operator","West Contract Recruiting, LLC","Boston, Massachusetts","","$19 - $21 (hourly)",jobspy_indeed,https://www.indeed.com/viewjob?jk=cdc250c0b02da9f4,"","2026-05-14"
0,"","Vinyl and Plastic Department Operator","National Sign and Marketing","Los Angeles, California","","$19 - $22 (hourly)",jobspy_indeed,https://www.indeed.com/viewjob?jk=0b452b84d2a3f694,"","2026-05-21"
0,"","Graphic Designer and Laser Operator(Training Provided)","New World Engraving And Awards","Los Angeles, California","","$19 - $22 (hourly)",jobspy_indeed,https://www.indeed.com/viewjob?jk=f802936c6cee9715,"","2026-05-19"
0,"","W&D 627 Envelope Adjuster","iColor Printing & Mailing, Inc","Los Angeles, California","","$30 - $40 (hourly)",jobspy_indeed,https://www.indeed.com/viewjob?jk=060f4275893cba14,"","2026-05-16"
0,"","Senior Electrical Engineer","CHAOS Industries","Los Angeles, California","","$130,000 - $210,000 (yearly)",jobspy_indeed,https://www.indeed.com/viewjob?jk=62a49555405348db,"","2026-05-16"
0,"","Continuous Skills Development Trainer","Walmart","Los Angeles, California","","$26 - $29 (hourly)",jobspy_indeed,https://www.indeed.com/viewjob?jk=fe4a46a62c8b1301,"","2024-10-16"
0,"","Senior Intelligence Technical Editor / Reports Editor","Leidos","Washington, DC","","$105,300 - $190,350 (yearly)",jobspy_indeed,https://www.indeed.com/viewjob?jk=555b87fba8ec74f4,"","2026-05-19"
0,"","Senior Software Simulation Engineer","By Light Professional IT Services","Washington, DC","","",jobspy_indeed,https://www.indeed.com/viewjob?jk=5891b55698f846e3,"","2026-05-19"
0,"","Public Health Analyst","Alpha Omega Integration","Washington, DC","","$57,000 - $60,000 (yearly)",jobspy_indeed,https://www.indeed.com/viewjob?jk=4a097df15ee00f0d,"","2026-05-19"
0,"","Multimedia Generalist (ADMINISTRATOR I)","nan","Washington, DC","","$66,314 - $103,309 (yearly)",jobspy_indeed,https://www.indeed.com/viewjob?jk=2e706700477306e1,"","2026-05-19"
0,"","Front End Developer - Mid-level","Maximus","Washington, DC","","$100,000 - $130,000 (yearly)",jobspy_indeed,https://www.indeed.com/viewjob?jk=a6f91e7813a21019,"","2026-05-15"
0,"","Digital Marketing Lead","Tyto Athene","Washington, DC","","$95,000 - $110,000 (yearly)",jobspy_indeed,https://www.indeed.com/viewjob?jk=fe2e57c408f4f2d3,"","2026-05-18"
0,"","Senior Front-End Developer","Maximus","Washington, DC","","$125,000 - $150,000 (yearly)",jobspy_indeed,https://www.indeed.com/viewjob?jk=ee485a42a5dda42a,"","2026-05-16"
0,"","High Speed Copier Operator II","Towson University","Washington, DC","","",jobspy_indeed,https://www.indeed.com/viewjob?jk=d650d1f69d85f400,"","2026-05-14"
0,"","Maintenance Supervisor","Pratt Industries","United States","","",jobspy_indeed,https://www.indeed.com/viewjob?jk=92d44b0781720541,"","2026-05-21"
0,"","Prelim/Prepress Operator 2","RR Donnelley","United States","","$22 - $32 (hourly)",jobspy_indeed,https://www.indeed.com/viewjob?jk=e0397b0abff12f5f,"","2026-05-21"
0,"","Wastewater Operator","Township of Spring","United States","","",jobspy_indeed,https://www.indeed.com/viewjob?jk=78a61d4aac8924c2,"","2026-05-21"
0,"","Technical Instructor/Course Developer","Amentum","United States","","",jobspy_indeed,https://www.indeed.com/viewjob?jk=32b4525755e4ab79,"","2026-05-21"
0,"","Screen Printing Operator","Shirtworx","United States","","",jobspy_indeed,https://www.indeed.com/viewjob?jk=84bb5ab1da16f709,"","2026-05-21"
0,"","Forensic Scientist II - DNA Lab - City","City of Oklahoma City","United States","","",jobspy_indeed,https://www.indeed.com/viewjob?jk=ef0f8d84c815ff4d,"","2026-05-21"
0,"","Truck Driver/Rigger/Relief Crane Operator","NABHOLZ","United States","","",jobspy_indeed,https://www.indeed.com/viewjob?jk=597488a652e2c384,"","2026-05-21"
0,"","Social Media Manager - USA","HeartStamp Inc","United States","","$65,000 - $72,000 (yearly)",jobspy_indeed,https://www.indeed.com/viewjob?jk=058b463372f3dd08,"","2026-05-21"
0,"","Multimedia Video Producer","Univision Communications Inc","United States","","",jobspy_indeed,https://www.indeed.com/viewjob?jk=751fddb47f0ff943,"","2026-05-21"
0,"","Camera Operator","Desert Drive Co","United States","","$15 - $20 (hourly)",jobspy_indeed,https://www.indeed.com/viewjob?jk=d5ba60e62f610b5a,"","2026-05-21"
0,"","Winding Operator","Yazoo Mills","United States","","",jobspy_indeed,https://www.indeed.com/viewjob?jk=104444169a3ac80c,"","2026-05-21"
0,"","Forklift Operator","Yazoo Mills","United States","","",jobspy_indeed,https://www.indeed.com/viewjob?jk=db4cadfeaf3681da,"","2026-05-21"
0,"","Finishing Operator I-Folding Gluing Day Shift","Mill Rock Packaging","United States","","$18 - $20 (hourly)",jobspy_indeed,https://www.indeed.com/viewjob?jk=da3a0807448c6ebd,"","2026-05-20"
0,"","Wide Format Router Operator","Prisma Graphic","United States","","",jobspy_indeed,https://www.indeed.com/viewjob?jk=aabdf7ee908a8f18,"","2026-05-20"
0,"","Community Corrections Officer 2 (Or CCO1 In-Training) - Wenatchee","State of Washington","United States","","$4,603 - $7,540 (monthly)",jobspy_indeed,https://www.indeed.com/viewjob?jk=d7bc0b21a665800c,"","2026-05-20"
0,"","Apstar Operator 2nd Shift","Menasha Corporation","United States","","",jobspy_indeed,https://www.indeed.com/viewjob?jk=a40b6467a9af4656,"","2026-05-20"
0,"","Bindery Operator","All service graphics","United States","","$20 - $27 (hourly)",jobspy_indeed,https://www.indeed.com/viewjob?jk=037d664ad0ca2ab7,"","2026-05-20"
0,"","Turbine Controls Field Technical Advisor","GE Vernova","Remote","","$86,700 - $144,300 (yearly)",jobspy_indeed,https://www.indeed.com/viewjob?jk=473b9eaa82f9c1c1,"","2026-05-19"
0,"","Graphic Designer","FieldCore","Remote","","$22 - $39 (hourly)",jobspy_indeed,https://www.indeed.com/viewjob?jk=08f77b6cd8d08701,"","2026-05-14"
0,"","Senior Creative Strategist","Quince","Remote","","$100,000 - $130,000 (yearly)",jobspy_indeed,https://www.indeed.com/viewjob?jk=2b843126deb33f98,"","2026-05-14"
0,"","Video Editor","History Factory","Remote","","",jobspy_indeed,https://www.indeed.com/viewjob?jk=87246e691b64eecf,"","2026-05-08"
0,"","Scenic Carpenter (NYC)","1540 Productions","New York, New York","","$25 - $35 (hourly)",jobspy_indeed,https://www.indeed.com/viewjob?jk=f7040afb787a8df0,"","2026-05-19"
0,"","Carpenter/Laborer","Scenic Vision","United States","","$24 - $29 (hourly)",jobspy_indeed,https://www.indeed.com/viewjob?jk=cf23e8cbc6d161ac,"","2026-05-21"
0,"","Cabinet Builder / Bench Carpenter","Zaho Global Enterprises, LLC.","United States","","",jobspy_indeed,https://www.indeed.com/viewjob?jk=b0982a3ada9a9dcb,"","2026-05-20"
0,"","Carpenter","MAD Creative Fabrication","United States","","$24 - $27 (hourly)",jobspy_indeed,https://www.indeed.com/viewjob?jk=0968f4d701cbcecb,"","2026-05-19"
0,"","Scenic Carpenter (3)","All Scenic LLC","United States","","$22 - $35 (hourly)",jobspy_indeed,https://www.indeed.com/viewjob?jk=0fe4ae4d962c73bc,"","2026-05-18"
0,"","Entertainment Scenic Carpenter","Kings Dominion","United States","","",jobspy_indeed,https://www.indeed.com/viewjob?jk=b4c890a15df3d04a,"","2026-05-18"
0,"","Offshore Rigger","GULF ISLAND LLC","United States","","",jobspy_indeed,https://www.indeed.com/viewjob?jk=0f2c9b02694b22f2,"","2026-05-20"
0,"","Event Coordinator - West Region","Varsity Spirit","United States","","$50,000 - $52,000 (yearly)",jobspy_indeed,https://www.indeed.com/viewjob?jk=df7db3d7a2bf1759,"","2026-05-20"
0,"","Supervisor Arena Operations","MGM Resorts International","United States","","",jobspy_indeed,https://www.indeed.com/viewjob?jk=d353668550c9d0e7,"","2026-05-19"
0,"","Rigging Foreman","International Machinery Movers","United States","","$25 - $45 (hourly)",jobspy_indeed,https://www.indeed.com/viewjob?jk=d9e19a78495349e1,"","2026-05-19"
0,"","Experienced Engineering Technician - Fort Lauderdale, FL","Serco","United States","","",jobspy_indeed,https://www.indeed.com/viewjob?jk=c51c68d881d7edc1,"","2026-05-19"
0,"","Welder & Shop Technician","nan","United States","","$27 - $37 (hourly)",jobspy_indeed,https://www.indeed.com/viewjob?jk=6caeca918a93bf16,"","2026-05-18"
0,"","Service Technician Apprentice","SkipperBud's","United States","","",jobspy_indeed,https://www.indeed.com/viewjob?jk=f261c2fef240af1e,"","2026-05-18"
0,"","Production Assistant","Woolworth Theatre","United States","","$18 - $20 (hourly)",jobspy_indeed,https://www.indeed.com/viewjob?jk=96289d43dbcf1b59,"","2026-05-15"
0,"","SkyCam rigger","Kroenke Sports & Entertainment","United States","","",jobspy_indeed,https://www.indeed.com/viewjob?jk=08aa38596f9ef425,"","2026-05-15"
0,"","Lead Technician","Kroenke Sports & Entertainment","United States","","$75,000 - $80,000 (yearly)",jobspy_indeed,https://www.indeed.com/viewjob?jk=2791ce1e626f00ac,"","2026-05-15"
0,"","Engineer in Charge (EIC)","Kroenke Sports & Entertainment","United States","","$75,000 - $80,000 (yearly)",jobspy_indeed,https://www.indeed.com/viewjob?jk=753e4a0f5156b061,"","2026-05-15"
