score,verdict,title,company,location,tier,salary,source,url,reasoning,date_posted
0,"","Nike Retail Associate (Athlete) - Contrato a media jornada 16H - Nike Store Madrid Getafe","Nike","","Tier 1 — Prior Client","",career_page,https://careers.nike.com/nike-retail-associate-athlete-contrato-a-media-jornada-16h-nike-store-madrid-getafe/job/R-83646,"",""
0,"","Index Production Analyst - Fixed Income","Bloomberg","","Tier 2 — Finance","",career_page,https://bloomberg.avature.net/careers/JobDetail/Index-Production-Analyst-Fixed-Income/19536,"",""
0,"","Freelance Audio Technician & Production Assistant","Sound Off","Chicago, Illinois","","$28 - $33 (hourly)",jobspy_indeed,https://www.indeed.com/viewjob?jk=551d2097503489b2,"","2026-05-06"
0,"","Sound Engineer","1002studios","Chicago, Illinois","","",jobspy_indeed,https://www.indeed.com/viewjob?jk=504eabc4e8e3dd51,"","2026-05-06"
0,"","Sound and Video Technician","Sound of Music","Chicago, Illinois","","$25 - $30 (hourly)",jobspy_indeed,https://www.indeed.com/viewjob?jk=f2f77bba939e5194,"","2026-05-05"
0,"","DJ Assistant","Cassius D Leon LLC","Chicago, Illinois","","",jobspy_indeed,https://www.indeed.com/viewjob?jk=98a319d3a36aa4c4,"","2026-05-05"
0,"","Event Technician, Audio Visual (Part Time) - Royal Sonesta Downtown Riverwalk","Encore Global","Chicago, Illinois","","$15 - $20 (hourly)",jobspy_indeed,https://www.indeed.com/viewjob?jk=415a8a63bea1b961,"","2026-05-04"
0,"","Event Technician, Audio Visual - Marriot Marquis Chicago","Encore Global","Chicago, Illinois","","$15 - $20 (hourly)",jobspy_indeed,https://www.indeed.com/viewjob?jk=ec96888beb3a5188,"","2026-05-01"
0,"","Event Sr. Technical Lead, Audio Visual - Loews Chicago O'Hare","Encore Global","Chicago, Illinois","","$18 - $24 (hourly)",jobspy_indeed,https://www.indeed.com/viewjob?jk=47b5a713df58dcd7,"","2026-05-01"
0,"","Assistant Audio Engineer","Broadcast Management Group","Chicago, Illinois","","",jobspy_indeed,https://www.indeed.com/viewjob?jk=fff672f49d6e73d9,"","2026-05-01"
0,"","Associate AV Field Engineer","Diversified","Chicago, Illinois","","$32 - $40 (hourly)",jobspy_indeed,https://www.indeed.com/viewjob?jk=6631f1fca2a1501f,"","2026-04-30"
0,"","Audio Visual Lead Install Technician","JVN Systems","New York, New York","","$35 - $50 (hourly)",jobspy_indeed,https://www.indeed.com/viewjob?jk=402e2aa491eb0903,"","2026-05-06"
0,"","Project Employee, Broadcast Support Engineer","National Basketball Association","New York, New York","","",jobspy_indeed,https://www.indeed.com/viewjob?jk=2f22929cbce69d39,"","2026-05-06"
0,"","Broadcast Engineer","New York Public Radio","New York, New York","","",jobspy_indeed,https://www.indeed.com/viewjob?jk=9429ef89e922e461,"","2026-05-06"
0,"","Corporate AV Technician, Meetings & Events","Convene","New York, New York","","$70,000 - $75,000 (yearly)",jobspy_indeed,https://www.indeed.com/viewjob?jk=c0242395ee0bd098,"","2026-05-06"
0,"","Senior Firmware Engineer - Streaming Audio","Crestron Electronics","New York, New York","","$107,500 - $173,500 (yearly)",jobspy_indeed,https://www.indeed.com/viewjob?jk=5b5c9732c1ca4415,"","2026-05-05"
0,"","Low Voltage Audio/Video and Security Technician Needed","Amp You Up","New York, New York","","$25 - $40 (hourly)",jobspy_indeed,https://www.indeed.com/viewjob?jk=ebf4a97f7f11135e,"","2026-05-05"
0,"","LEAD AV TECHNICIAN- COMMERCIAL AUDIO VISUAL TECHNICIAN- FIELD TEAM LEADER","nan","New York, New York","","$39 - $49 (hourly)",jobspy_indeed,https://www.indeed.com/viewjob?jk=8e0effc67d317470,"","2026-05-04"
0,"","Podcast Audio /Video Engineer","Launch Pod Studio LLC","New York, New York","","$25 - $28 (hourly)",jobspy_indeed,https://www.indeed.com/viewjob?jk=92c28f8784650cd9,"","2026-05-01"
0,"","Event Technician","Xtreme Event Group","New York, New York","","$19 - $24 (hourly)",jobspy_indeed,https://www.indeed.com/viewjob?jk=0a53a72d5b50c4b6,"","2026-05-01"
0,"","Event Production Staff","Xtreme Event Group","New York, New York","","$19 - $24 (hourly)",jobspy_indeed,https://www.indeed.com/viewjob?jk=b230aeaf53321f2d,"","2026-05-01"
0,"","Freelance Audio Visual Technician","A-V SERVICES INC.","New York, New York","","",jobspy_indeed,https://www.indeed.com/viewjob?jk=baa744cfe8415c3d,"","2026-05-01"
0,"","Operations Manager, Audio Visual - The Sheraton New York Times Square","Encore Global","New York, New York","","$66,300 - $75,000 (yearly)",jobspy_indeed,https://www.indeed.com/viewjob?jk=cbcc9feafe90115f,"","2026-04-30"
0,"","Supervisor, Audio","Horizon Media, Inc.","New York, New York","","$80,000 - $95,000 (yearly)",jobspy_indeed,https://www.indeed.com/viewjob?jk=30e1cfa65100f8db,"","2026-04-30"
0,"","Lead AV Technician","Mason Technologies Inc","New York, New York","","$35 - $45 (hourly)",jobspy_indeed,https://www.indeed.com/viewjob?jk=7552c25bf47a26fb,"","2026-04-30"
0,"","AV Technician – Meeting & Events Tech Services","Voya Financial","New York, New York","","$79,620 - $132,720 (yearly)",jobspy_indeed,https://www.indeed.com/viewjob?jk=8ae068011cf240a6,"","2026-04-30"
0,"","Sr. Software Engineer - Embedded Real-Time Audio","Intuitive (Intuitive Surgical)","San Francisco, California","","$160,300 - $271,400 (yearly)",jobspy_indeed,https://www.indeed.com/viewjob?jk=c65cce21dba37961,"","2026-05-06"
0,"","LOW VOLTAGE Residential AV Senior Service Technician Savant, Control 4, Lutron, Crestron","AUDIOVISIONS","San Francisco, California","","$36 - $51 (hourly)",jobspy_indeed,https://www.indeed.com/viewjob?jk=e919fa291212c745,"","2026-05-06"
0,"","Audio Experience and Innovation Engineer, Devices and Services","Google","San Francisco, California","","$159,000 - $231,000 (yearly)",jobspy_indeed,https://www.indeed.com/viewjob?jk=6c5a360c8bd8b0e2,"","2026-05-06"
0,"","Senior Mechanical and Systems Engineer, Google Cloud","Google","San Francisco, California","","$159,000 - $231,000 (yearly)",jobspy_indeed,https://www.indeed.com/viewjob?jk=2ed3d5d9dd124f0e,"","2026-05-06"
0,"","Systems Integration Engineer- Audio","Rivian and Volkswagen Group Technologies","San Francisco, California","","$146,900 - $183,600 (yearly)",jobspy_indeed,https://www.indeed.com/viewjob?jk=4e571451e3352120,"","2026-05-06"
0,"","Design Engineer - NVH/Acoustic Treatment","Goken","San Francisco, California","","$60 - $65 (hourly)",jobspy_indeed,https://www.indeed.com/viewjob?jk=7d178390d572fa21,"","2026-05-05"
0,"","Systems Engineer - Audio/Lighting","Goken","San Francisco, California","","$68 - $75 (hourly)",jobspy_indeed,https://www.indeed.com/viewjob?jk=0258c1ab95c9ae9a,"","2026-05-05"
0,"","Mechanical Engineer - Lighting & Audio Systems","DoorDash","San Francisco, California","","$139,400 - $205,000 (yearly)",jobspy_indeed,https://www.indeed.com/viewjob?jk=0d6eafcf9c8c01a3,"","2026-05-05"
0,"","AV & IT Support Engineer","Twitch","San Francisco, California","","$70,400 - $122,200 (yearly)",jobspy_indeed,https://www.indeed.com/viewjob?jk=04bd7ad2ebfd0646,"","2026-05-05"
0,"","Senior Machine Learning Engineer - AV Labs","Uber","San Francisco, California","","$202,000 - $224,000 (yearly)",jobspy_indeed,https://www.indeed.com/viewjob?jk=77ace17fbc5477e7,"","2026-05-05"
0,"","Senior Software Engineer - Middleware - AV Labs","Uber","San Francisco, California","","$202,000 - $224,000 (yearly)",jobspy_indeed,https://www.indeed.com/viewjob?jk=12150104f5796961,"","2026-05-04"
0,"","Staff Machine Learning Engineer - AV Labs","Uber","San Francisco, California","","$232,000 - $258,000 (yearly)",jobspy_indeed,https://www.indeed.com/viewjob?jk=55d2e1c0d5ddfc0d,"","2026-05-05"
0,"","Senior Audio Video Service Technician","AUDIOVISIONS","San Francisco, California","","$38 - $52 (hourly)",jobspy_indeed,https://www.indeed.com/viewjob?jk=329faef0e1e49ca6,"","2026-05-04"
0,"","Internship, Embedded Software Engineer, Audio Systems (Fall 2026)","Tesla","San Francisco, California","","$40 - $56 (hourly)",jobspy_indeed,https://www.indeed.com/viewjob?jk=7301a3e99b45fce6,"","2026-05-04"
0,"","AV/VC Onsite Support Technician II","Milestone Technologies","San Francisco, California","","$34 - $36 (hourly)",jobspy_indeed,https://www.indeed.com/viewjob?jk=9f4cfe238632c28d,"","2026-05-04"
0,"","Senior AV Network Engineer","General Motors (GM)","San Francisco, California","","$170,000 - $215,000 (yearly)",jobspy_indeed,https://www.indeed.com/viewjob?jk=9d02b0857f03e0b2,"","2026-05-04"
0,"","Graduate 2026 PhD Software Engineer II (AV Labs), United States","Uber","San Francisco, California","","$171,000 - $190,000 (yearly)",jobspy_indeed,https://www.indeed.com/viewjob?jk=46690c22c75c4415,"","2026-05-04"
0,"","AV Installation Technician - Integrator","Diversified","San Francisco, California","","$31 - $38 (hourly)",jobspy_indeed,https://www.indeed.com/viewjob?jk=b31db837b720d336,"","2026-05-03"
0,"","Part-Time Board Operator","Cumulus Media","San Francisco, California","","",jobspy_indeed,https://www.indeed.com/viewjob?jk=4efdd90120914dec,"","2026-05-01"
0,"","Lead AV Solutions Engineer","Wesco","San Francisco, California","","$93,937 - $159,693 (yearly)",jobspy_indeed,https://www.indeed.com/viewjob?jk=8db97c51ac2df47a,"","2026-05-01"
0,"","AV / VC Operations Technician L3","Milestone Technologies","San Francisco, California","","",jobspy_indeed,https://www.indeed.com/viewjob?jk=11ce885e2e0c8fc7,"","2026-04-30"
0,"","Tier 2 Audio Visual Field Technician","EOS IT Solutions","San Francisco, California","","$32 - $41 (hourly)",jobspy_indeed,https://www.indeed.com/viewjob?jk=b1e0758c7f1d4138,"","2026-04-30"
0,"","AV Technician Team Lead","EOS IT Solutions","San Francisco, California","","$85,000 - $105,000 (yearly)",jobspy_indeed,https://www.indeed.com/viewjob?jk=fe0a8ce31ba526f5,"","2026-04-30"
0,"","Senior AV Installation Technician","FORTÉ","Seattle, Washington","","$34 - $44 (hourly)",jobspy_indeed,https://www.indeed.com/viewjob?jk=110e66b31716c565,"","2026-05-06"
0,"","Audio Lead (Games)","Skydance Media","Seattle, Washington","","$115,000 - $130,000 (yearly)",jobspy_indeed,https://www.indeed.com/viewjob?jk=fff40c75343075cf,"","2026-05-05"
0,"","AV Support Technician","Snoqualmie Casino & Hotel","Seattle, Washington","","$28 - $29 (hourly)",jobspy_indeed,https://www.indeed.com/viewjob?jk=08aa29d50a0d0367,"","2026-05-04"
0,"","Audio Engineer","The Pursuit NW","Seattle, Washington","","$54,000 - $82,000 (yearly)",jobspy_indeed,https://www.indeed.com/viewjob?jk=f5f981978c8841de,"","2026-05-02"
0,"","Sunday A/V Technician","Queen Anne United Methodist Church","Seattle, Washington","","$23 - $30 (hourly)",jobspy_indeed,https://www.indeed.com/viewjob?jk=29f769a44628753e,"","2026-05-01"
0,"","Senior AV Field Engineer - Integration","Diversified","Boston, Massachusetts","","$117,270 - $143,330 (yearly)",jobspy_indeed,https://www.indeed.com/viewjob?jk=0d700f86b9f8ff57,"","2026-05-06"
0,"","AV freelance - Boston","AV Labor Source ","Boston, Massachusetts","","$30 - $65 (hourly)",jobspy_indeed,https://www.indeed.com/viewjob?jk=3b5ea9fb788dcbad,"","2026-05-06"
0,"","Audio Supervisor","Museum of Science","Boston, Massachusetts","","$68,000 - $85,000 (yearly)",jobspy_indeed,https://www.indeed.com/viewjob?jk=dccbf3cc1d621cfc,"","2026-05-05"
0,"","IT / AV SITE SUPPORT TECHNICIAN","CMIT Solutions","Boston, Massachusetts","","$40 - $50 (hourly)",jobspy_indeed,https://www.indeed.com/viewjob?jk=11d3eb1569d04c4d,"","2026-05-05"
0,"","Event Technician","Reading Public Schools","Boston, Massachusetts","","",jobspy_indeed,https://www.indeed.com/viewjob?jk=90e8ea4a87327e50,"","2026-05-01"
0,"","Onsite AV / Network Technician","SONIFI","Boston, Massachusetts","","$27 - $34 (hourly)",jobspy_indeed,https://www.indeed.com/viewjob?jk=c797ebc817d41f18,"","2026-05-01"
0,"","Freelance Audio Visual Technician","A-V SERVICES INC.","Boston, Massachusetts","","$35 - $40 (hourly)",jobspy_indeed,https://www.indeed.com/viewjob?jk=637d0fdb20a63b65,"","2026-05-01"
0,"","Senior Event Technician","Pepperdine University","Los Angeles, California","","$27 - $30 (hourly)",jobspy_indeed,https://www.indeed.com/viewjob?jk=fd3ea9409a499eb4,"","2026-05-06"
0,"","Lead Event Technician","Pepperdine University","Los Angeles, California","","$29 - $32 (hourly)",jobspy_indeed,https://www.indeed.com/viewjob?jk=1fdce55779c83fa1,"","2026-05-06"
0,"","Warehouse Technician A/V Warehouse for Entertainment Company - Yorba Linda 1pm-10pm","AMP'D Entertainment Inc","Los Angeles, California","","$20 - $22 (hourly)",jobspy_indeed,https://www.indeed.com/viewjob?jk=341120808966a132,"","2026-05-06"
0,"","Full Time Board Operator & Production Assistant","Cumulus Media","Los Angeles, California","","$40,000 - $44,000 (yearly)",jobspy_indeed,https://www.indeed.com/viewjob?jk=1d6561402d2edd44,"","2026-05-05"
0,"","Audio Lead (Games)","Skydance Media","Los Angeles, California","","$115,000 - $130,000 (yearly)",jobspy_indeed,https://www.indeed.com/viewjob?jk=90dc324c5ef71df6,"","2026-05-05"
0,"","Freelance Technical Production Specialists (Audio / Video / Lighting)","McNally Enterprises Inc","Los Angeles, California","","$250 - $1,000 (daily)",jobspy_indeed,https://www.indeed.com/viewjob?jk=4ad6856ad94b75b2,"","2026-05-05"
0,"","Radio Board Operator","Entravision Communications","Los Angeles, California","","$20 - $25 (hourly)",jobspy_indeed,https://www.indeed.com/viewjob?jk=6854075b688693b1,"","2026-05-05"
0,"","Event Technician, Audio Visual (Part Time) - Hyatt Regency Irvine","Encore Global","Los Angeles, California","","$23 - $24 (hourly)",jobspy_indeed,https://www.indeed.com/viewjob?jk=8f0a5c7250316377,"","2026-05-04"
0,"","Event Technician, Audio Visual - Lido House","Encore Global","Los Angeles, California","","$23 - $24 (hourly)",jobspy_indeed,https://www.indeed.com/viewjob?jk=69b644109b627000,"","2026-04-29"
0,"","Event Technician, Audio Visual - Disneyland Hotels","Encore Global","Los Angeles, California","","$23 - $24 (hourly)",jobspy_indeed,https://www.indeed.com/viewjob?jk=348adbbd8a71709b,"","2026-04-29"
0,"","Warehouse Associate - Los Angeles Warehouse","Encore Global","Los Angeles, California","","$23 - $24 (hourly)",jobspy_indeed,https://www.indeed.com/viewjob?jk=326b28ff430b7246,"","2026-04-08"
0,"","Audio Video Installation Technician","Artistic Sound & Cinema, Inc.","Los Angeles, California","","$28 - $40 (hourly)",jobspy_indeed,https://www.indeed.com/viewjob?jk=05d93287d0959aaf,"","2026-05-04"
0,"","In Office Low-Voltage Programmer / AV Systems Engineer","DEFINED ENTERTAINMENT DESIGN","Los Angeles, California","","$34 - $39 (hourly)",jobspy_indeed,https://www.indeed.com/viewjob?jk=f40d2bdf8635a861,"","2026-05-04"
0,"","Studio Assistant (Weekends only)","Union Recording Studio","Los Angeles, California","","",jobspy_indeed,https://www.indeed.com/viewjob?jk=e7060e705cbadabf,"","2026-05-04"
0,"","AV Customer Engineer","Intone Networks","Los Angeles, California","","",jobspy_indeed,https://www.indeed.com/viewjob?jk=fb6d908d6f8985fb,"","2026-05-04"
0,"","Operations Event Technician","Milken Community Schools","Los Angeles, California","","$27 - $30 (hourly)",jobspy_indeed,https://www.indeed.com/viewjob?jk=8a6d01dad4670f1f,"","2026-05-01"
0,"","Audio Visual Quality Control Technician","Nationwide video","Los Angeles, California","","$25 - $27 (hourly)",jobspy_indeed,https://www.indeed.com/viewjob?jk=124e03b8ad02fd21,"","2026-05-01"
0,"","Audio Visual Screen Technician","Nationwide video","Los Angeles, California","","$22 - $24 (hourly)",jobspy_indeed,https://www.indeed.com/viewjob?jk=f9e8718bc3fe91d1,"","2026-05-01"
0,"","IS&T Services AV & Broadcast Engineer, Employee Experience & Productivity","Apple","Los Angeles, California","","$134,800 - $203,000 (yearly)",jobspy_indeed,https://www.indeed.com/viewjob?jk=823f3214161ffbb6,"","2026-04-30"
0,"","Event Operations Manager, Venues - The Westin Bonaventure","Encore Global","Los Angeles, California","","$70,304 - $74,938 (yearly)",jobspy_indeed,https://www.indeed.com/viewjob?jk=b3e56b5d0b10fa80,"","2026-04-16"
0,"","Audio Visual Design Engineer","CTI","Washington, DC","","$75,000 - $120,000 (yearly)",jobspy_indeed,https://www.indeed.com/viewjob?jk=79af413f6fb17f7b,"","2026-05-06"
0,"","Audiovisual Engineer (contract)","Boeing","Washington, DC","","$65 - $70 (hourly)",jobspy_indeed,https://www.indeed.com/viewjob?jk=c061b9237e40961a,"","2026-05-06"
0,"","AV Service Technician","Versatech, Inc.","Washington, DC","","$65,000 - $80,000 (yearly)",jobspy_indeed,https://www.indeed.com/viewjob?jk=b489de0e6917576e,"","2026-05-06"
0,"","Experienced Acoustics Engineer","Serco","Washington, DC","","",jobspy_indeed,https://www.indeed.com/viewjob?jk=279ba34a257a0f9f,"","2026-05-06"
0,"","AV Service Technician, Residential Automation Systems","Sight & Sound Systems, Inc.","Washington, DC","","",jobspy_indeed,https://www.indeed.com/viewjob?jk=2d919aa18b76c8af,"","2026-05-05"
0,"","Design Engineer - Audio Visual","Design and Integration","Washington, DC","","$86,900 - $104,653 (yearly)",jobspy_indeed,https://www.indeed.com/viewjob?jk=81b054aee62cb78c,"","2026-05-05"
0,"","Lutron Lighting Control/Alarm/Integration/Audio/Video Lead Technician","PHA","Washington, DC","","$40,000 - $85,000 (yearly)",jobspy_indeed,https://www.indeed.com/viewjob?jk=4c0cbfdf3275adbe,"","2026-05-05"
0,"","Broadcast Audio Engineer","Christ United Methodist Church","Washington, DC","","",jobspy_indeed,https://www.indeed.com/viewjob?jk=988e1c34f27ed0f9,"","2026-05-04"
0,"","Audio FOH Engineer","First Baptist Church of Alexandria","Washington, DC","","",jobspy_indeed,https://www.indeed.com/viewjob?jk=d52c6975042a244f,"","2026-05-04"
0,"","Sunday Production Technician","King's Church","Washington, DC","","$40 - $60 (hourly)",jobspy_indeed,https://www.indeed.com/viewjob?jk=7e89b262ed5f0026,"","2026-05-04"
0,"","Live Audio Engineer","7 Virtues Entertainment","Washington, DC","","$30 - $45 (hourly)",jobspy_indeed,https://www.indeed.com/viewjob?jk=2e6dd3a0bd7ed975,"","2026-05-02"
0,"","Mid Acoustics Engineer","ELS, Inc.","Washington, DC","","",jobspy_indeed,https://www.indeed.com/viewjob?jk=7be7273cb3960d9a,"","2026-05-01"
0,"","Freelance Audio Visual Technician","A-V SERVICES INC.","Washington, DC","","",jobspy_indeed,https://www.indeed.com/viewjob?jk=b8d0f78e343c54e7,"","2026-05-01"
0,"","Critical Infrastructure Acoustic Engineer, Field Engineering","Amazon.com","Washington, DC","","$96,600 - $160,000 (yearly)",jobspy_indeed,https://www.indeed.com/viewjob?jk=145a2f0c7845eddd,"","2026-04-30"
0,"","BIM Designer - MEP, DC Design Engineering","Amazon.com","Washington, DC","","$96,600 - $160,000 (yearly)",jobspy_indeed,https://www.indeed.com/viewjob?jk=97e0584407d63d1a,"","2026-04-28"
0,"","Event Operations Supervisor, Audio Visual - Gaylord National Resort & Convention Center","Encore Global","Washington, DC","","$22 - $29 (hourly)",jobspy_indeed,https://www.indeed.com/viewjob?jk=e145f1fa6cb56b75,"","2026-04-30"
0,"","Audio Visual Warehouse Technician","nan","Washington, DC","","$20 - $30 (hourly)",jobspy_indeed,https://www.indeed.com/viewjob?jk=79e357cda1595256,"","2026-04-30"
0,"","Installation Technician – Networking / AV / Low Voltage","ABE Networks","Washington, DC","","$35,000 - $70,000 (yearly)",jobspy_indeed,https://www.indeed.com/viewjob?jk=dc505d795029e379,"","2026-04-30"
0,"","Event Technical Lead, Audio Visual - MGM National Harbor Hotel & Casino","Encore Global","Washington, DC","","$18 - $24 (hourly)",jobspy_indeed,https://www.indeed.com/viewjob?jk=f8c5a70cfeaecbb4,"","2026-04-22"
0,"","Vice President, AV Technician/Engineer","BNY","Washington, DC","","$68,000 - $175,000 (yearly)",jobspy_indeed,https://www.indeed.com/viewjob?jk=d555150f6d6f7bac,"","2026-03-25"
0,"","Wedding DJ and Events Assistant","DJ RunDat Productions","United States","","$20 - $30 (hourly)",jobspy_indeed,https://www.indeed.com/viewjob?jk=501630b472820af9,"","2026-05-07"
0,"","Sound Technician","Concert Crave LLC","United States","","$250 - $450 (daily)",jobspy_indeed,https://www.indeed.com/viewjob?jk=8b412472f0bab2da,"","2026-05-07"
0,"","Lighting Technician","Concert Crave LLC","United States","","$250 - $450 (daily)",jobspy_indeed,https://www.indeed.com/viewjob?jk=bfdb4f55376d36f1,"","2026-05-07"
0,"","Broadcast Engineer","Buffalo Bills","United States","","$65,000 - $75,000 (yearly)",jobspy_indeed,https://www.indeed.com/viewjob?jk=02f97979bfd8d453,"","2026-05-07"
0,"","IPTV / AV Engineer","Buffalo Bills","United States","","$65,000 - $75,000 (yearly)",jobspy_indeed,https://www.indeed.com/viewjob?jk=22c633c576654cd6,"","2026-05-07"
0,"","Lead AV/IT Technician","Digital Consultants","United States","","",jobspy_indeed,https://www.indeed.com/viewjob?jk=8aba6209d4d29ac8,"","2026-05-07"
0,"","Sound Technician","Reveille United Methodist Church","United States","","",jobspy_indeed,https://www.indeed.com/viewjob?jk=8c6697c230ac4757,"","2026-05-07"
0,"","Recording Engineer","Luxury showroom studio","United States","","",jobspy_indeed,https://www.indeed.com/viewjob?jk=8d278c2c5293001c,"","2026-05-07"
0,"","AV Commissioning Specialist (Field Engineer)","AVI-SPL","United States","","",jobspy_indeed,https://www.indeed.com/viewjob?jk=abc7ed8fcd7a1d21,"","2026-05-06"
0,"","Installation Technician III","AVI-SPL","United States","","",jobspy_indeed,https://www.indeed.com/viewjob?jk=3927b28bec45b44b,"","2026-05-06"
0,"","Theatrical Services Technician (Audio)","SeaWorld Parks & Entertainment","United States","","",jobspy_indeed,https://www.indeed.com/viewjob?jk=041b0a50909ceb62,"","2026-05-06"
0,"","AV Installer & Classroom Technician","Utah State University","United States","","",jobspy_indeed,https://www.indeed.com/viewjob?jk=d54f900858ab5bcd,"","2026-05-06"
0,"","Production Tech","Fox Corporation","United States","","$18 - $20 (hourly)",jobspy_indeed,https://www.indeed.com/viewjob?jk=fc3424092f1b23dd,"","2026-05-06"
0,"","Vocal Audio Specialist - Freelance AI Trainer Project","Invisible Agency","United States","","$6 - $65 (hourly)",jobspy_indeed,https://www.indeed.com/viewjob?jk=eef8132b05aec3fe,"","2026-05-06"
0,"","Urgent Hiring - Freelance Event IT & AV Technician (TV & iMac Setup)","Hire Tablets Global","United States","","",jobspy_indeed,https://www.indeed.com/viewjob?jk=4cfbd461f87b0230,"","2026-05-06"
0,"","Sound Engineer","Elray's Live & Dive","United States","","$24 - $29 (hourly)",jobspy_indeed,https://www.indeed.com/viewjob?jk=b3e87df218af2767,"","2026-05-06"
0,"","Stagehand","nan","United States","","$25 - $40 (hourly)",jobspy_indeed,https://www.indeed.com/viewjob?jk=9bacf3332c5cc6f0,"","2026-05-06"
0,"","Audio/Video Installation Technician","Phoenix Systems","United States","","$22 - $26 (hourly)",jobspy_indeed,https://www.indeed.com/viewjob?jk=d8160e93bc83ec02,"","2026-05-06"
0,"","Senior AV Field Engineer - Integration","Diversified","Remote","","$117,270 - $143,330 (yearly)",jobspy_indeed,https://www.indeed.com/viewjob?jk=d338bac34b470c05,"","2026-05-06"
0,"","Computer Field Technician","STRATA SOLUTIONS","Chicago, Illinois","","$19 - $22 (hourly)",jobspy_indeed,https://www.indeed.com/viewjob?jk=6c3fbd8918b3ba6a,"","2026-05-01"
0,"","Part-Time Program Manager & Lead Facilitator","Urban Arts Partnership","New York, New York","","$45,000 - $55,000 (yearly)",jobspy_indeed,https://www.indeed.com/viewjob?jk=5c7fbb777ea7da12,"","2026-05-07"
0,"","QA & IT Specialist","CLAIR","New York, New York","","",jobspy_indeed,https://www.indeed.com/viewjob?jk=c88c96ce3956ab96,"","2026-05-06"
0,"","Associate Design Manager, Workplace Interiors","JLL","New York, New York","","$90,000 - $106,000 (yearly)",jobspy_indeed,https://www.indeed.com/viewjob?jk=8330172bc342dbb0,"","2026-05-05"
0,"","Manager, Event Operations","HBSE","New York, New York","","$72,000 - $75,000 (yearly)",jobspy_indeed,https://www.indeed.com/viewjob?jk=a37bdceca8c42e02,"","2026-05-04"
0,"","Project Manager - Broadcast & AV & Post","Key Code Media, Inc","New York, New York","","$79,000 - $99,000 (yearly)",jobspy_indeed,https://www.indeed.com/viewjob?jk=61186aae556bf5a2,"","2026-05-01"
0,"","Desktop Support Engineer","GN Management & Developers","New York, New York","","$56,726 - $75,000 (yearly)",jobspy_indeed,https://www.indeed.com/viewjob?jk=271a6b519cc29da5,"","2026-05-01"
0,"","Front Desk & Facilities Coordinator","Standard Bots","New York, New York","","$66,300 - $78,000 (yearly)",jobspy_indeed,https://www.indeed.com/viewjob?jk=df116ee9ebcfd403,"","2026-04-30"
0,"","IT Engineer","Gecko Robotics","New York, New York","","$94,000 - $144,000 (yearly)",jobspy_indeed,https://www.indeed.com/viewjob?jk=9fbd13b0a38a512d,"","2026-04-30"
0,"","AVT Installation Technician","Stanford University","San Francisco, California","","$124,870 - $155,346 (yearly)",jobspy_indeed,https://www.indeed.com/viewjob?jk=519d0d41c6c0b54d,"","2026-05-06"
0,"","Senior Software Systems Engineer - Autonomous Vehicles","NVIDIA","San Francisco, California","","$152,000 - $287,500 (yearly)",jobspy_indeed,https://www.indeed.com/viewjob?jk=99d845a3f9293af4,"","2026-05-06"
0,"","Product Manager, Internal AI","TeraWatt Infrastructure","San Francisco, California","","$165,000 - $185,000 (yearly)",jobspy_indeed,https://www.indeed.com/viewjob?jk=806d90cf69090915,"","2026-05-06"
0,"","Business Development Manager","Extron Electronics","San Francisco, California","","$125,000 - $175,000 (yearly)",jobspy_indeed,https://www.indeed.com/viewjob?jk=7ac8173ec0e67a1b,"","2026-05-06"
0,"","Senior Frontend Engineer, Waymo for Business","Waymo","San Francisco, California","","$174,000 - $221,000 (yearly)",jobspy_indeed,https://www.indeed.com/viewjob?jk=b282d2a0423a823e,"","2026-05-06"
0,"","Senior ML Inference Engineer - Platform","General Motors (GM)","San Francisco, California","","$128,700 - $261,300 (yearly)",jobspy_indeed,https://www.indeed.com/viewjob?jk=a4eab7fb770a43dd,"","2026-05-05"
0,"","Project Controls Specialist","Cushman & Wakefield","San Francisco, California","","$132,100 - $155,412 (yearly)",jobspy_indeed,https://www.indeed.com/viewjob?jk=3fba7208eabc4cf7,"","2026-05-05"
0,"","Machine Learning Engineer, AI Inference Solutions (University Grad)","General Motors (GM)","San Francisco, California","","$119,250 - $150,850 (yearly)",jobspy_indeed,https://www.indeed.com/viewjob?jk=0c3b62cd979b59aa,"","2026-05-04"
0,"","Information Technology (IT) Systems Administrator (Systems Application Analyst 3)","HII","San Francisco, California","","$96,278 - $125,000 (yearly)",jobspy_indeed,https://www.indeed.com/viewjob?jk=23d449e19672fce2,"","2026-05-04"
0,"","IT Engineer","Verkada","San Francisco, California","","$90,000 - $115,000 (yearly)",jobspy_indeed,https://www.indeed.com/viewjob?jk=b570b1fc9e8e766c,"","2026-05-04"
0,"","Triage Engineer","Applied Intuition","San Francisco, California","","$90,000 - $150,000 (yearly)",jobspy_indeed,https://www.indeed.com/viewjob?jk=4431cf54c4c7667d,"","2026-05-02"
0,"","Software Engineer I","Uber","San Francisco, California","","$153,000 - $169,000 (yearly)",jobspy_indeed,https://www.indeed.com/viewjob?jk=3fd3589b782ee33a,"","2026-05-01"
0,"","Manager, Strategic Events","Delinea","San Francisco, California","","",jobspy_indeed,https://www.indeed.com/viewjob?jk=8f649ccbdfe80e50,"","2026-05-01"
0,"","Multi-Media Designer","Delinea","San Francisco, California","","",jobspy_indeed,https://www.indeed.com/viewjob?jk=a4e7e460e91ec845,"","2026-05-06"
0,"","Group Product Manager, Fleet & Event Response","Waymo","San Francisco, California","","$286,000 - $353,000 (yearly)",jobspy_indeed,https://www.indeed.com/viewjob?jk=6efc8df27e750c31,"","2026-05-01"
0,"","Head of Technical Services","Waymo","San Francisco, California","","$226,000 - $278,000 (yearly)",jobspy_indeed,https://www.indeed.com/viewjob?jk=60e938ba1f6ec070,"","2026-05-01"
0,"","Electronics/Avionics Tech II","AeroVironment","San Francisco, California","","",jobspy_indeed,https://www.indeed.com/viewjob?jk=368ef5d47e24a99a,"","2026-05-01"
0,"","IT Support Specialist / Microsoft Systems Administrator","nan","Seattle, Washington","","$80,000 - $120,000 (yearly)",jobspy_indeed,https://www.indeed.com/viewjob?jk=e4e855173a1161ed,"","2026-05-06"
0,"","Security Engineer","Costco Wholesale","Seattle, Washington","","$150,000 - $225,000 (yearly)",jobspy_indeed,https://www.indeed.com/viewjob?jk=2506468546f80730,"","2026-05-05"
0,"","Mechanical Maintenance Engineer – Temporary (5 months)","Port of Seattle","Seattle, Washington","","$62 - $65 (hourly)",jobspy_indeed,https://www.indeed.com/viewjob?jk=1e507b6eba0d343c,"","2026-05-05"
0,"","Senior Sensor Fusion Engineer - Autonomous Vehicles","NVIDIA","Seattle, Washington","","$184,000 - $356,500 (yearly)",jobspy_indeed,https://www.indeed.com/viewjob?jk=0b0ca1c8e5f2d59d,"","2026-05-04"
0,"","Staff Engineer, Platform Engineering","Motional","Boston, Massachusetts","","$172,000 - $229,000 (yearly)",jobspy_indeed,https://www.indeed.com/viewjob?jk=0c500b1051ba7fee,"","2026-05-06"
0,"","Engineering Manager","Allied Universal Technology Services","Boston, Massachusetts","","",jobspy_indeed,https://www.indeed.com/viewjob?jk=8c55d8325b2b32fe,"","2026-05-04"
0,"","Robot Operator — Teleoperation & Data Collection","stealth mode","Boston, Massachusetts","","$20 - $35 (hourly)",jobspy_indeed,https://www.indeed.com/viewjob?jk=2a4222fc7f59b676,"","2026-05-01"
0,"","Manager, Media & AV","Babson College","Boston, Massachusetts","","$114,525 - $127,250 (yearly)",jobspy_indeed,https://www.indeed.com/viewjob?jk=772a1c3f7dc422a3,"","2026-04-30"
0,"","IT Engineer","Gecko Robotics","Boston, Massachusetts","","$94,000 - $144,000 (yearly)",jobspy_indeed,https://www.indeed.com/viewjob?jk=6d5ed9080971468a,"","2026-04-30"
0,"","Manager, People & Culture","AeroVironment","Los Angeles, California","","",jobspy_indeed,https://www.indeed.com/viewjob?jk=eca33f1c0c4324d7,"","2026-05-07"
0,"","Engineering Development Technicians","AeroVironment","Los Angeles, California","","",jobspy_indeed,https://www.indeed.com/viewjob?jk=b3e38579a1d3582b,"","2026-05-05"
0,"","Quality Auditor","AeroVironment","Los Angeles, California","","$89,000 - $126,000 (yearly)",jobspy_indeed,https://www.indeed.com/viewjob?jk=a37bc36fd8e5530f,"","2026-05-06"
0,"","Lead Data Engineer","The State Bar of California","Los Angeles, California","","$112,497 - $149,972 (yearly)",jobspy_indeed,https://www.indeed.com/viewjob?jk=e3d9680fc7e83946,"","2026-05-04"
0,"","Planetarium Facilitator","Youth Science Center","Los Angeles, California","","$17 - $20 (hourly)",jobspy_indeed,https://www.indeed.com/viewjob?jk=746b3cceb50b0d74,"","2026-05-04"
0,"","Senior Project Manager - Broadcast & AV & Post","Key Code Media, Inc","Los Angeles, California","","$101,000 - $140,000 (yearly)",jobspy_indeed,https://www.indeed.com/viewjob?jk=00d87e38f3347166,"","2026-05-01"
0,"","IT Service Technician 3","Grupo-sms","Los Angeles, California","","$62,400 - $78,500 (yearly)",jobspy_indeed,https://www.indeed.com/viewjob?jk=5f92ab442b3f930c,"","2026-05-01"
0,"","Technology & Low Voltage Systems Designer","Salas O'Brien","Los Angeles, California","","$75,000 - $100,000 (yearly)",jobspy_indeed,https://www.indeed.com/viewjob?jk=a4f9ed3e43fa2962,"","2026-04-30"
0,"","Product Lead","8Fleet Inc.","Los Angeles, California","","",jobspy_indeed,https://www.indeed.com/viewjob?jk=f2643699759aa303,"","2026-04-30"
0,"","Collaboration Engineer","Leidos","Washington, DC","","$69,550 - $125,725 (yearly)",jobspy_indeed,https://www.indeed.com/viewjob?jk=e62b5e8f27d7cfe9,"","2026-05-07"
0,"","Workplace Coordinator (Reception & Client Experience)","RR Donnelley","Washington, DC","","$24 - $26 (hourly)",jobspy_indeed,https://www.indeed.com/viewjob?jk=21b1e37423cdec42,"","2026-05-07"
0,"","AV Architect","By Light Professional IT Services","Washington, DC","","$115,000 - $150,000 (yearly)",jobspy_indeed,https://www.indeed.com/viewjob?jk=136755c5764f79e7,"","2026-05-06"
0,"","Endpoint Security Engineer","Booz Allen Hamilton","Washington, DC","","$69,400 - $158,000 (yearly)",jobspy_indeed,https://www.indeed.com/viewjob?jk=22d17d1100ee9ee9,"","2026-05-06"
0,"","Desktop Manager","Leidos","Washington, DC","","$65,650 - $118,675 (yearly)",jobspy_indeed,https://www.indeed.com/viewjob?jk=718a52ebcfea3750,"","2026-05-05"
0,"","Mid-Level Software Engineer","AeroVironment","Washington, DC","","$102,000 - $190,000 (yearly)",jobspy_indeed,https://www.indeed.com/viewjob?jk=4f9522cb6c6e4654,"","2026-05-04"
0,"","Coordinator, Administration Building","Loudoun County Public Schools","Washington, DC","","$96,420 - $158,853 (yearly)",jobspy_indeed,https://www.indeed.com/viewjob?jk=3c4eae1b1bd6b252,"","2026-05-01"
0,"","Senior Program Manager","AeroVironment","Washington, DC","","$145,500 - $260,000 (yearly)",jobspy_indeed,https://www.indeed.com/viewjob?jk=8874f7cd91f08eef,"","2026-05-01"
0,"","Senior System Engineer","AeroVironment","Washington, DC","","$180,000 - $270,000 (yearly)",jobspy_indeed,https://www.indeed.com/viewjob?jk=997eaf39f604fa9a,"","2026-05-01"
0,"","IT Engineer","Gecko Robotics","Washington, DC","","$94,000 - $144,000 (yearly)",jobspy_indeed,https://www.indeed.com/viewjob?jk=cb286bb70c8b9045,"","2026-04-30"
0,"","Cybersecurity Engineer","Visa","Washington, DC","","$123,700 - $191,300 (yearly)",jobspy_indeed,https://www.indeed.com/viewjob?jk=76b9da32a3dfdfc5,"","2026-04-30"
0,"","Tech III, Deskside Support","GXO Logistics","United States","","",jobspy_indeed,https://www.indeed.com/viewjob?jk=4642b0f8920c1167,"","2026-05-07"
0,"","Sr. Environmental Health & Safety Specialist","Empirical Systems Aerospace, Inc.","United States","","$80,500 - $114,450 (yearly)",jobspy_indeed,https://www.indeed.com/viewjob?jk=fd619092fff46a87,"","2026-05-06"
0,"","AV Programmer","KLA Laboratories, Inc.","United States","","",jobspy_indeed,https://www.indeed.com/viewjob?jk=fc1ec4cd188fe876,"","2026-05-06"
0,"","NPI Manager","Legrand","United States","","",jobspy_indeed,https://www.indeed.com/viewjob?jk=d12553ce5b852f5c,"","2026-05-06"
0,"","Associate Fleet Operations Specialist","Motional","United States","","$64,000 - $76,114 (yearly)",jobspy_indeed,https://www.indeed.com/viewjob?jk=78bef1ab6afe0d09,"","2026-05-06"
0,"","Solutions Support Assistant","nan","United States","","$20 - $25 (hourly)",jobspy_indeed,https://www.indeed.com/viewjob?jk=8aa4c11419cd2136,"","2026-05-06"
0,"","Schematics AV and Pro Audio Installation Drawings Expert:","nan","United States","","",jobspy_indeed,https://www.indeed.com/viewjob?jk=837d3014c5503fda,"","2026-05-06"
0,"","Vice President, Engineering & Technology – WAPA Media","nan","United States","","",jobspy_indeed,https://www.indeed.com/viewjob?jk=6897707776af8d61,"","2026-05-06"
0,"","Senior Deskside Support Technician – Philadelphia","nan","United States","","",jobspy_indeed,https://www.indeed.com/viewjob?jk=3c3359de62063f09,"","2026-05-06"
0,"","General Stagehand/Drone Technician - Dollywood Theme Park - Seasonal","nan","United States","","",jobspy_indeed,https://www.indeed.com/viewjob?jk=3206ec9b7e246c05,"","2026-05-05"
0,"","RF / Tower Tech III","nan","United States","","",jobspy_indeed,https://www.indeed.com/viewjob?jk=4500c0e7e8edba9e,"","2026-05-07"
0,"","Test Engineer II","nan","United States","","",jobspy_indeed,https://www.indeed.com/viewjob?jk=0495bde4e2210ff6,"","2026-05-06"
0,"","Master Electrician","nan","United States","","",jobspy_indeed,https://www.indeed.com/viewjob?jk=8ef051dc0a78b8df,"","2026-05-06"
0,"","FACILITIES PROJECT MANAGER IV","The University of Texas Rio Grande Valley","United States","","",jobspy_indeed,https://www.indeed.com/viewjob?jk=0f9a90befd80a2a4,"","2026-05-06"
0,"","ICT Engineer III","DLB Associates","Remote","","$104,738 - $130,502 (yearly)",jobspy_indeed,https://www.indeed.com/viewjob?jk=7beb3b1de4d79597,"","2026-05-06"
0,"","Corporate Sales Engineer, Pre-Sales (Remote)","CrowdStrike","Remote","","$75,000 - $115,000 (yearly)",jobspy_indeed,https://www.indeed.com/viewjob?jk=006fc01cefb9dd07,"","2026-05-01"
0,"","Design Engineer II","Level 3 Audiovisual","Remote","","",jobspy_indeed,https://www.indeed.com/viewjob?jk=0feb0ac88e6348c8,"","2026-05-01"
0,"","Sr Software Engineer","nan","New York, New York","","$148,700 - $199,400 (yearly)",jobspy_indeed,https://www.indeed.com/viewjob?jk=753ffd3f5a797949,"","2026-05-07"
0,"","Product Integration Lead","NBCUniversal","New York, New York","","$105,000 - $135,000 (yearly)",jobspy_indeed,https://www.indeed.com/viewjob?jk=3ddbdb4faa8459de,"","2026-05-04"
0,"","Principal PMT, Supply Yield, Prime Video Advertising","Amazon.com","New York, New York","","$197,900 - $243,400 (yearly)",jobspy_indeed,https://www.indeed.com/viewjob?jk=27e94d23762dbe99,"","2026-03-13"
0,"","Principal Product Manager Tech - Ad Server, Publisher Decision Engine","Amazon.com","New York, New York","","$197,900 - $279,900 (yearly)",jobspy_indeed,https://www.indeed.com/viewjob?jk=c3d74f2e84628f35,"","2026-04-01"
0,"","Principal Product Manager - Tech, Amazon Games GenAI & Strategic Initiatives","Amazon.com","New York, New York","","$197,900 - $267,800 (yearly)",jobspy_indeed,https://www.indeed.com/viewjob?jk=66ee96bb8b7110e9,"","2026-03-24"
0,"","Lead Systems Engineer, Microsoft Teams","Visa","San Francisco, California","","$131,600 - $233,700 (yearly)",jobspy_indeed,https://www.indeed.com/viewjob?jk=81a80243d93374ef,"","2026-05-01"
0,"","Sr. Mgr, Product Mgmt Tech, Fire TV Experience","Amazon.com","San Francisco, California","","$197,900 - $307,900 (yearly)",jobspy_indeed,https://www.indeed.com/viewjob?jk=dca27f81cb6db189,"","2026-03-07"
0,"","Software Dev Engineer III , Amazon Interactive Video Service (IVS)","Amazon.com","San Francisco, California","","$193,300 - $261,500 (yearly)",jobspy_indeed,https://www.indeed.com/viewjob?jk=b1d7af51e55f8bb5,"","2026-02-12"
0,"","Senior Software Engineer, Android","Amazon.com","San Francisco, California","","$193,300 - $261,500 (yearly)",jobspy_indeed,https://www.indeed.com/viewjob?jk=27e2afc350b92e93,"","2026-03-25"
0,"","Sr. Software Development Engineer, Frontier AI & Robotics","Amazon.com","San Francisco, California","","$193,300 - $261,500 (yearly)",jobspy_indeed,https://www.indeed.com/viewjob?jk=f8d1c9cd0504289d,"","2026-03-10"
0,"","Sr. IT Network Automation Engineer","SpaceX","Seattle, Washington","","$160,000 - $225,000 (yearly)",jobspy_indeed,https://www.indeed.com/viewjob?jk=d405285c79a54a0a,"","2026-05-06"
0,"","Lead Systems Engineer, Microsoft Teams","Visa","Seattle, Washington","","$131,600 - $233,700 (yearly)",jobspy_indeed,https://www.indeed.com/viewjob?jk=e375f3911206cb8b,"","2026-05-01"
0,"","DEVELOPER L3(CONTRACT)","Wipro","Seattle, Washington","","$45,000 - $121,000 (yearly)",jobspy_indeed,https://www.indeed.com/viewjob?jk=1c37881d8861b3d6,"","2026-04-30"
0,"","Software Development Manager, Prime Video - Linear Experience","Amazon.com","Seattle, Washington","","$184,900 - $250,200 (yearly)",jobspy_indeed,https://www.indeed.com/viewjob?jk=1f46e154cb61f04c,"","2026-04-10"
0,"","Principal PMT, Supply Yield, Prime Video Advertising","Amazon.com","Seattle, Washington","","$197,900 - $243,400 (yearly)",jobspy_indeed,https://www.indeed.com/viewjob?jk=d0d62014ca3f2749,"","2026-03-13"
0,"","Sr. Mgr, Product Mgmt Tech, Fire TV Experience","Amazon.com","Seattle, Washington","","$197,900 - $307,900 (yearly)",jobspy_indeed,https://www.indeed.com/viewjob?jk=5d2e69bf3034d762,"","2026-03-07"
0,"","Software Dev Engineer III , Amazon Interactive Video Service (IVS)","Amazon.com","Seattle, Washington","","$193,300 - $261,500 (yearly)",jobspy_indeed,https://www.indeed.com/viewjob?jk=a0b8f2d054f47dcf,"","2026-02-12"
0,"","Senior Software Engineer, Android","Amazon.com","Seattle, Washington","","$193,300 - $261,500 (yearly)",jobspy_indeed,https://www.indeed.com/viewjob?jk=59a0f2981cfe201d,"","2026-03-25"
0,"","Sr. Software Development Engineer, Frontier AI & Robotics","Amazon.com","Seattle, Washington","","$193,300 - $261,500 (yearly)",jobspy_indeed,https://www.indeed.com/viewjob?jk=ffce7e2c5c860f66,"","2026-03-10"
0,"","Senior Software Development Engineer","Sonos","Boston, Massachusetts","","$140,525 - $151,840 (yearly)",jobspy_indeed,https://www.indeed.com/viewjob?jk=7dcfe6b133ed551f,"","2026-04-30"
0,"","Manager, Infrastructure","LA Clippers","Los Angeles, California","","$150,000 - $175,000 (yearly)",jobspy_indeed,https://www.indeed.com/viewjob?jk=67ec630202297871,"","2026-05-04"
0,"","Principal PMT, Supply Yield, Prime Video Advertising","Amazon.com","Washington, DC","","$197,900 - $243,400 (yearly)",jobspy_indeed,https://www.indeed.com/viewjob?jk=a17eaf1b0905a3e3,"","2026-03-13"
0,"","Specialty Engineer II","American Tower","United States","","",jobspy_indeed,https://www.indeed.com/viewjob?jk=95d6fff31bc9da13,"","2026-05-07"
0,"","Manufacturing Engineer","Piston Automotive","United States","","",jobspy_indeed,https://www.indeed.com/viewjob?jk=31911db30322f7c0,"","2026-05-06"
0,"","Controls Engineer","Piston Automotive","United States","","",jobspy_indeed,https://www.indeed.com/viewjob?jk=cdb369182972b806,"","2026-05-04"
0,"","MID- LEVEL QUALITY ASSURANCE ENGINEER","Peraton","United States","","$104,000 - $166,000 (yearly)",jobspy_indeed,https://www.indeed.com/viewjob?jk=928859b7ccf2f608,"","2026-05-06"
0,"","ICT Launch QAS/PFS Lead","Stellantis","United States","","",jobspy_indeed,https://www.indeed.com/viewjob?jk=11a9418ec86678e8,"","2026-05-06"
0,"","Senior Telematics Engineer","MTCA","United States","","",jobspy_indeed,https://www.indeed.com/viewjob?jk=5246ac8dbd827c19,"","2026-05-06"
0,"","Lead Frontend Engineer","State Farm","United States","","$107,000 - $142,000 (yearly)",jobspy_indeed,https://www.indeed.com/viewjob?jk=ec2c1ed1248e2aa0,"","2026-05-05"
0,"","Senior Engineer (Agentic + Data/ML)","Luxoft","Remote","","",jobspy_indeed,https://www.indeed.com/viewjob?jk=b2f787e484e118b1,"","2026-05-05"
0,"","Senior Software Engineer – Data Product APIs","LocaliQ","Remote","","$150,000 - $160,000 (yearly)",jobspy_indeed,https://www.indeed.com/viewjob?jk=0532bb0b7078fc32,"","2026-04-30"
0,"","Senior Software Engineer – Data Product APIs","USA TODAY Co.","Remote","","$150,000 - $160,000 (yearly)",jobspy_indeed,https://www.indeed.com/viewjob?jk=8807311fbfef226d,"","2026-04-30"
0,"","Audiovisual Support Staff","McCann Systems","Chicago, Illinois","","",jobspy_indeed,https://www.indeed.com/viewjob?jk=5723c48c1f6d0723,"","2026-05-06"
0,"","Onsite Support Technician","AVI-SPL","New York, New York","","$29 - $31 (hourly)",jobspy_indeed,https://www.indeed.com/viewjob?jk=33e205dc4837e1ba,"","2026-05-06"
0,"","Electronics Technician 3 (M) - Stamford, CT","M.C. Dean, Inc.","New York, New York","","$32 - $46 (hourly)",jobspy_indeed,https://www.indeed.com/viewjob?jk=562500fdfc9d6c78,"","2026-05-01"
0,"","Electronics Technician 3 (M) - New York","M.C. Dean, Inc.","New York, New York","","$32 - $46 (hourly)",jobspy_indeed,https://www.indeed.com/viewjob?jk=cd5745e9c2bc3170,"","2026-05-01"
0,"","Electronics Technician 4 (M) - New York","M.C. Dean, Inc.","New York, New York","","$36 - $60 (hourly)",jobspy_indeed,https://www.indeed.com/viewjob?jk=ac5a23d6f13b4405,"","2026-05-01"
0,"","Electronics Technician 2 - San Jose, CA","M.C. Dean, Inc.","San Francisco, California","","$30 - $44 (hourly)",jobspy_indeed,https://www.indeed.com/viewjob?jk=85880932aa881b9f,"","2026-05-06"
0,"","CLERK - LMC - SCHOOL","Bethel School District","Seattle, Washington","","",jobspy_indeed,https://www.indeed.com/viewjob?jk=d2eea12abde936c9,"","2026-05-04"
0,"","Endoscopy Equipment Tech I","Boston Children's Hospital","Boston, Massachusetts","","$21 - $33 (hourly)",jobspy_indeed,https://www.indeed.com/viewjob?jk=7429f0c5f1ed57ff,"","2026-05-01"
0,"","Electronics Technician 3 (M) - Boston, MA","M.C. Dean, Inc.","Boston, Massachusetts","","$32 - $46 (hourly)",jobspy_indeed,https://www.indeed.com/viewjob?jk=42039e8c3d62a461,"","2026-05-01"
0,"","Electronics Technician 4 (M) - Boston, MA","M.C. Dean, Inc.","Boston, Massachusetts","","$36 - $60 (hourly)",jobspy_indeed,https://www.indeed.com/viewjob?jk=3d0b5f694c60919e,"","2026-05-01"
0,"","Senior Low Voltage Technician","YerrrNetwork","Los Angeles, California","","$30 - $35 (hourly)",jobspy_indeed,https://www.indeed.com/viewjob?jk=e18e248f8f665f75,"","2026-05-07"
0,"","Simulation Technician","Westcliff University","Los Angeles, California","","$70,000 - $95,000 (yearly)",jobspy_indeed,https://www.indeed.com/viewjob?jk=da7ccb745c624b64,"","2026-05-06"
0,"","Field Service Technician","AVI-SPL","Los Angeles, California","","$27 - $40 (hourly)",jobspy_indeed,https://www.indeed.com/viewjob?jk=a61792f03347b5b9,"","2026-05-05"
0,"","Field Technician","Vision Information Technology Consultants LLC","Los Angeles, California","","$36 - $40 (hourly)",jobspy_indeed,https://www.indeed.com/viewjob?jk=60ee26f34f52b338,"","2026-05-05"
0,"","Simulation Operation Technician","Pepperdine University","Los Angeles, California","","$26 - $29 (hourly)",jobspy_indeed,https://www.indeed.com/viewjob?jk=07d227579462a2bd,"","2026-04-30"
0,"","Desktop Technician – Mid Level","Intratek Computer","Los Angeles, California","","",jobspy_indeed,https://www.indeed.com/viewjob?jk=911066492dae9ad5,"","2025-10-24"
0,"","Electronics Technician 3 - Washington, DC - Night Shift","M.C. Dean, Inc.","Washington, DC","","$32 - $46 (hourly)",jobspy_indeed,https://www.indeed.com/viewjob?jk=d2565f8d5873a7ff,"","2026-04-30"
0,"","Design Engineer 4 - Annapolis Junction, MD","M.C. Dean, Inc.","Washington, DC","","$125,120 - $187,680 (yearly)",jobspy_indeed,https://www.indeed.com/viewjob?jk=9804df5378783029,"","2026-05-01"
0,"","Electronics Technician 3 (M) - Northern Virginia","M.C. Dean, Inc.","Washington, DC","","",jobspy_indeed,https://www.indeed.com/viewjob?jk=16df199c291917a4,"","2026-05-01"
0,"","Design Engineer 5 - Tysons, VA","M.C. Dean, Inc.","Washington, DC","","",jobspy_indeed,https://www.indeed.com/viewjob?jk=8256d54634356656,"","2026-05-01"
0,"","Electronics Technician 4 (M) - Tysons, VA – 100% Travel","M.C. Dean, Inc.","Washington, DC","","",jobspy_indeed,https://www.indeed.com/viewjob?jk=98d644362a13de70,"","2026-04-30"
0,"","Electronics Technician 4 (M) - 100% Travel","M.C. Dean, Inc.","Washington, DC","","$36 - $60 (hourly)",jobspy_indeed,https://www.indeed.com/viewjob?jk=5043ee00c08411bb,"","2026-05-01"
0,"","Network Administrator 2 - Annapolis Junction, MD","M.C. Dean, Inc.","Washington, DC","","$90,640 - $135,960 (yearly)",jobspy_indeed,https://www.indeed.com/viewjob?jk=4d3bbbda6685203d,"","2026-04-30"
0,"","LED Technician - Part Time - Washington DC","ANC","Washington, DC","","",jobspy_indeed,https://www.indeed.com/viewjob?jk=ee4765d4a6bc6528,"","2026-04-30"
0,"","Media Archives Technician","George Washington University","Washington, DC","","$18 - $24 (hourly)",jobspy_indeed,https://www.indeed.com/viewjob?jk=99aea6606a4f6933,"","2026-04-29"
0,"","Pharmacy Technician Pharmacy - Health & Social Services Division","Hamilton County, TN","United States","","$32,090 - $40,112 (yearly)",jobspy_indeed,https://www.indeed.com/viewjob?jk=d7f98787e74263c2,"","2026-05-06"
0,"","Conversion Technician","Tennessee Titans","United States","","",jobspy_indeed,https://www.indeed.com/viewjob?jk=e90a83e45c9ea9e3,"","2026-05-06"
0,"","IT Helpdesk Technician, Full-Time","Wedgwood Christian Services","United States","","$21 - $24 (hourly)",jobspy_indeed,https://www.indeed.com/viewjob?jk=c1e670dce04f252c,"","2026-05-06"
0,"","Simulation Technology Specialist","University Of North Carolina Wilmington","United States","","$52,000 - $58,000 (yearly)",jobspy_indeed,https://www.indeed.com/viewjob?jk=e535330a8bfe11a0,"","2026-05-06"
0,"","Audiovisual Support Staff","McCann Systems","United States","","",jobspy_indeed,https://www.indeed.com/viewjob?jk=ceaff025e69ce0e9,"","2026-05-06"
0,"","Simulation Operations Specialist MCHHS Simulation Center (10-month position August - May)","Missouri State University","United States","","",jobspy_indeed,https://www.indeed.com/viewjob?jk=60de9262aeeedd1f,"","2026-05-06"
0,"","Audio Visual Technician","Taurus Technologies Inc.","United States","","$20 - $26 (hourly)",jobspy_indeed,https://www.indeed.com/viewjob?jk=6e8eb69627756f65,"","2026-05-06"
0,"","Freelance Audio Visual Technicians","Projection Presentation Technology","United States","","$25 - $50 (hourly)",jobspy_indeed,https://www.indeed.com/viewjob?jk=ce1cc887124dc2ef,"","2026-05-06"
0,"","IT / AV Technician - Full-/Part-Time","OAK HILL COUNTRY CLUB","United States","","$26 - $28 (hourly)",jobspy_indeed,https://www.indeed.com/viewjob?jk=65289951221eb927,"","2026-05-06"
0,"","Technician, Electronic II","Charlotte Mecklenburg Schools","United States","","",jobspy_indeed,https://www.indeed.com/viewjob?jk=90d1f8cca92c03ed,"","2026-05-06"
0,"","Audiovisual Technician","Audio Video Excellence","United States","","$18 - $30 (hourly)",jobspy_indeed,https://www.indeed.com/viewjob?jk=13e5573d1a7edd1a,"","2026-05-06"
0,"","Event Operations Supervisor, Audio Visual (Power) - Gaylord Pacific","Encore Global","United States","","$29 - $29 (hourly)",jobspy_indeed,https://www.indeed.com/viewjob?jk=a9a7c50f64b16b7d,"","2026-05-05"
0,"","Electronics Technician 3 - New Albany, OH","M.C. Dean, Inc.","United States","","",jobspy_indeed,https://www.indeed.com/viewjob?jk=92d12314e554c8c6,"","2026-05-05"
0,"","Operations Manager","TelStar National","Remote","","$95,000 - $130,000 (yearly)",jobspy_indeed,https://www.indeed.com/viewjob?jk=7b1ba6ef6ed503a3,"","2026-05-04"
0,"","IT Analyst - Corporate","FRONT ROW GROUP","New York, New York","","$85,000 - $105,000 (yearly)",jobspy_indeed,https://www.indeed.com/viewjob?jk=b401535eb43d0be2,"","2026-05-04"
0,"","IT ANALYST - CORPORATE","Front Row Europe GmbH","New York, New York","","$85,000 - $105,000 (yearly)",jobspy_indeed,https://www.indeed.com/viewjob?jk=bc82239bac889a29,"","2026-05-04"
0,"","Executive AV Support Specialist, Investments","Liberty Mutual Insurance","New York, New York","","$103,000 - $174,000 (yearly)",jobspy_indeed,https://www.indeed.com/viewjob?jk=de1ced5e08ce09f4,"","2026-04-29"
0,"","Event Support Technician","Murphy McKay & Assoc","San Francisco, California","","",jobspy_indeed,https://www.indeed.com/viewjob?jk=0ddb9c7a0a5e795e,"","2026-05-05"
0,"","Foreman - SI","Entertainment Technology Partners","San Francisco, California","","$52 - $62 (hourly)",jobspy_indeed,https://www.indeed.com/viewjob?jk=5ff78e6407071ca2,"","2026-05-05"
0,"","Senior Project Manager -AV Commercial","Diversified","Seattle, Washington","","$117,800 - $145,000 (yearly)",jobspy_indeed,https://www.indeed.com/viewjob?jk=90f3ba0754729e96,"","2026-04-30"
0,"","IT Support Technician","CareDx","Boston, Massachusetts","","$62,000 - $75,000 (yearly)",jobspy_indeed,https://www.indeed.com/viewjob?jk=b2c155e836f396bd,"","2026-04-30"
0,"","Executive AV Support Specialist, Investments","Liberty Mutual Insurance","Boston, Massachusetts","","$103,000 - $174,000 (yearly)",jobspy_indeed,https://www.indeed.com/viewjob?jk=3c660e7082d6ec12,"","2026-04-29"
0,"","Foreman","Design and Integration","Washington, DC","","$25 - $40 (hourly)",jobspy_indeed,https://www.indeed.com/viewjob?jk=b869347aae2e250d,"","2026-05-05"
0,"","Lead Floor Technician","Entertainment Technology Partners","United States","","$21 - $26 (hourly)",jobspy_indeed,https://www.indeed.com/viewjob?jk=719e562fb9efbbca,"","2026-05-06"
0,"","Lead AV Tech","nan","United States","","$30 - $32 (hourly)",jobspy_indeed,https://www.indeed.com/viewjob?jk=5ac871ecaabb8451,"","2026-05-06"
0,"","Audio/Visual Technician (Multiple Levels: Entry to Experienced)","D.B. Acoustics Inc.","United States","","",jobspy_indeed,https://www.indeed.com/viewjob?jk=3c5184ed5d909059,"","2026-05-06"
0,"","Technical Trainer","IES Communications","United States","","$85,000 - $100,000 (yearly)",jobspy_indeed,https://www.indeed.com/viewjob?jk=e41d9fddf141e0af,"","2026-05-05"
0,"","LEAD MULTIMEDIA TECHNICIAN","Waveguide","United States","","$68,000 - $72,000 (yearly)",jobspy_indeed,https://www.indeed.com/viewjob?jk=af86361de71a5840,"","2026-05-04"
0,"","Executive Support Technician ~ Secret Required ~ Onsite Littleton, CO","Lockheed Martin","United States","","$67,000 - $117,990 (yearly)",jobspy_indeed,https://www.indeed.com/viewjob?jk=1161185e4ada0edf,"","2026-05-04"
0,"","IT Support Technician IV - Omaha","WarHorse Gaming, LLC","United States","","",jobspy_indeed,https://www.indeed.com/viewjob?jk=0e2e8069160c79ce,"","2026-05-04"
0,"","Senior Project Manager -AV Commercial","Diversified","Remote","","$117,800 - $145,000 (yearly)",jobspy_indeed,https://www.indeed.com/viewjob?jk=1e69bcb3d6de84ea,"","2026-04-30"
0,"","GRC Specialist II","Scigon","Chicago, Illinois","","$90,000 - $120,000 (yearly)",jobspy_indeed,https://www.indeed.com/viewjob?jk=945fb1c9795a3f0e,"","2026-05-04"
0,"","Manager, Solutions Architecture, SAP, AGS-US Specialists","Amazon Web Services","Chicago, Illinois","","$169,000 - $228,600 (yearly)",jobspy_indeed,https://www.indeed.com/viewjob?jk=4531e584e32b2aef,"","2026-04-28"
0,"","Senior Solutions Architect Google Cloud, Market Intel, Cloud Intelligence","Amazon Web Services","Chicago, Illinois","","$153,600 - $207,800 (yearly)",jobspy_indeed,https://www.indeed.com/viewjob?jk=fd4b620e8cf5c4d9,"","2026-04-23"
0,"","Sr. Analytics & AI Specialist Solutions Architect, AGS US Specialist SA, FSI","Amazon Web Services","Chicago, Illinois","","$153,600 - $207,800 (yearly)",jobspy_indeed,https://www.indeed.com/viewjob?jk=80fec2ad4e893298,"","2026-03-04"
0,"","Senior Applied AI Solutions Architect — Amazon Connect","Amazon Web Services","Chicago, Illinois","","$153,600 - $207,800 (yearly)",jobspy_indeed,https://www.indeed.com/viewjob?jk=0e0b6c4b7b69002d,"","2026-04-08"
0,"","Sr. Specialist Solutions Architect, Databases, US Specialist Solutions Architects","Amazon Web Services","Chicago, Illinois","","$153,600 - $207,800 (yearly)",jobspy_indeed,https://www.indeed.com/viewjob?jk=4d7bc54f40dd5296,"","2026-03-06"
0,"","Senior Engagement Manager, ProServe Shared Delivery Team Engagement Management , AWS Professional Services","Amazon Web Services","Chicago, Illinois","","$153,600 - $207,700 (yearly)",jobspy_indeed,https://www.indeed.com/viewjob?jk=af70ba949edcf426,"","2026-03-02"
0,"","Senior Worldwide Partner Specialist Solutions Architect, Amazon Connect","Amazon Web Services","Chicago, Illinois","","$153,600 - $207,800 (yearly)",jobspy_indeed,https://www.indeed.com/viewjob?jk=9dd177692f389825,"","2026-01-05"
0,"","Sr. Solutions Architect - Applied AI for Supply Chain, AWS Solutions","Amazon Web Services","Chicago, Illinois","","$153,600 - $207,800 (yearly)",jobspy_indeed,https://www.indeed.com/viewjob?jk=440262a042a40add,"","2025-11-11"
0,"","AI Acceleration Business Development, WW GTM & Business Development, Connect","Amazon Web Services","Chicago, Illinois","","$147,900 - $200,100 (yearly)",jobspy_indeed,https://www.indeed.com/viewjob?jk=4158d24cc6e4b77f,"","2026-04-19"
0,"","Sr. Worldwide Specialist - Amazon Bedrock, Amazon Bedrock","Amazon Web Services","Chicago, Illinois","","$147,900 - $200,100 (yearly)",jobspy_indeed,https://www.indeed.com/viewjob?jk=b9a8d3d295ccd505,"","2026-04-04"
0,"","Senior GTM Specialist - Semiconductor Partners, Core and Advanced Compute","Amazon Web Services","Chicago, Illinois","","$147,900 - $200,100 (yearly)",jobspy_indeed,https://www.indeed.com/viewjob?jk=e575d35f6ce2831b,"","2026-03-26"
0,"","Fintech Sr. Account Manager","Amazon Web Services","Chicago, Illinois","","$142,800 - $212,600 (yearly)",jobspy_indeed,https://www.indeed.com/viewjob?jk=114cd6609b555a42,"","2026-04-17"
0,"","Senior Account Manager, CPG","Amazon Web Services","Chicago, Illinois","","$142,800 - $193,200 (yearly)",jobspy_indeed,https://www.indeed.com/viewjob?jk=e50c48bbec93ec41,"","2026-04-15"
0,"","Sr. Partner Sales Manager, Partner Sales Retail Restaurants and CPG","Amazon Web Services","Chicago, Illinois","","$142,800 - $212,500 (yearly)",jobspy_indeed,https://www.indeed.com/viewjob?jk=ba36404315b457b8,"","2026-04-09"
0,"","Senior Delivery Practice Manager, Emerging Tech","Amazon Web Services","Chicago, Illinois","","$201,000 - $299,200 (yearly)",jobspy_indeed,https://www.indeed.com/viewjob?jk=2889b4b59afb4a93,"","2026-04-15"
0,"","Senior Leader, ProServe AI/GenAI/Agentic Specialists, Healthcare and Life Sciences","Amazon Web Services","Chicago, Illinois","","$201,000 - $299,200 (yearly)",jobspy_indeed,https://www.indeed.com/viewjob?jk=2cec3391f2afb0a1,"","2026-01-28"
0,"","Manager, Business Development Team, Auto & Manufacturing","Amazon Web Services","Chicago, Illinois","","$193,700 - $262,000 (yearly)",jobspy_indeed,https://www.indeed.com/viewjob?jk=7f8392f9b7895871,"","2026-03-19"
0,"","Principal Infrastructure Migration & Modernization Specialist, Worldwide Specialist Organization","Amazon Web Services","Chicago, Illinois","","$176,100 - $238,200 (yearly)",jobspy_indeed,https://www.indeed.com/viewjob?jk=9762cec4a23eec0a,"","2026-02-18"
0,"","Sr. Partner Sales Manager, Partner Sales Retail Restaurants and CPG","Amazon Web Services","New York, New York","","$142,800 - $212,500 (yearly)",jobspy_indeed,https://www.indeed.com/viewjob?jk=dc416c0dafa5761a,"","2026-04-09"
0,"","Sr. Security Services SA, AWS Security Services SA - North America","Amazon Web Services","New York, New York","","$153,600 - $207,800 (yearly)",jobspy_indeed,https://www.indeed.com/viewjob?jk=f4c1b05719b585c3,"","2026-03-31"
0,"","Sr. Specialist Solutions Architect, Databases, US Specialist Solutions Architects","Amazon Web Services","New York, New York","","$153,600 - $239,000 (yearly)",jobspy_indeed,https://www.indeed.com/viewjob?jk=d15f759d34a46edf,"","2026-03-26"
0,"","Senior Solutions Developer, Prototyping and Customer Engineering (PACE)","Amazon Web Services","New York, New York","","$153,600 - $207,800 (yearly)",jobspy_indeed,https://www.indeed.com/viewjob?jk=a7ae6f189fec5787,"","2026-03-19"
0,"","Senior Engagement Manager, ProServe Shared Delivery Team Engagement Management , AWS Professional Services","Amazon Web Services","New York, New York","","$153,600 - $207,700 (yearly)",jobspy_indeed,https://www.indeed.com/viewjob?jk=51f8408fe05bbba2,"","2026-03-02"
0,"","Specialist Solutions Architect, Containers, ASPI HCLS Specialist","Amazon Web Services","New York, New York","","$153,600 - $228,600 (yearly)",jobspy_indeed,https://www.indeed.com/viewjob?jk=0a9abab155704159,"","2026-02-27"
0,"","Senior Worldwide Partner Specialist Solutions Architect, Amazon Connect","Amazon Web Services","New York, New York","","$153,600 - $207,800 (yearly)",jobspy_indeed,https://www.indeed.com/viewjob?jk=460759f2c7f51156,"","2026-01-05"
0,"","Senior Customer Success Specialist - GenAI, AWS Specialist and Partner Organization","Amazon Web Services","New York, New York","","$153,600 - $239,000 (yearly)",jobspy_indeed,https://www.indeed.com/viewjob?jk=1356aa39fe4b12e9,"","2025-11-26"
0,"","Sr. Solutions Architect - Applied AI for Supply Chain, AWS Solutions","Amazon Web Services","New York, New York","","$153,600 - $207,800 (yearly)",jobspy_indeed,https://www.indeed.com/viewjob?jk=bf7b33e2607ecc78,"","2025-11-11"
0,"","Principal GenAI Partner Dev Mgr, AMER Tech Partners - GenAI ISVs Team","Amazon Web Services","New York, New York","","$176,100 - $238,200 (yearly)",jobspy_indeed,https://www.indeed.com/viewjob?jk=d9e3a68a9b23278e,"","2026-03-31"
0,"","Principal Business Development Specialist for Quantum Technologies, Worldwide Go-To-Market team for Amazon Braket","Amazon Web Services","New York, New York","","$176,100 - $238,200 (yearly)",jobspy_indeed,https://www.indeed.com/viewjob?jk=b58f2c3b7fd12af5,"","2026-02-03"
0,"","Senior Worldwide Specialist - AWS Media Services, WWSO Network Services","Amazon Web Services","New York, New York","","$147,900 - $220,200 (yearly)",jobspy_indeed,https://www.indeed.com/viewjob?jk=7c8ecc2248411531,"","2026-03-31"
0,"","Field Sales Operations Lead, US Specialist Org, NAMER Sales Operations","Amazon Web Services","New York, New York","","$88,100 - $169,500 (yearly)",jobspy_indeed,https://www.indeed.com/viewjob?jk=18391911002f7047,"","2026-03-10"
0,"","Principal Solutions Developer , Prototyping and Customer Engineering (PACE)","Amazon Web Services","New York, New York","","$182,800 - $272,000 (yearly)",jobspy_indeed,https://www.indeed.com/viewjob?jk=5e9a45b09eafd814,"","2026-02-20"
0,"","Specialist Strategy & Sales Operations Lead, Specialist Strategy & Sales Operations","Amazon Web Services","New York, New York","","$133,900 - $199,300 (yearly)",jobspy_indeed,https://www.indeed.com/viewjob?jk=73ed9bdecc15e424,"","2026-02-03"
0,"","Senior Leader, ProServe AI/GenAI/Agentic Specialists, Healthcare and Life Sciences","Amazon Web Services","New York, New York","","$201,000 - $299,200 (yearly)",jobspy_indeed,https://www.indeed.com/viewjob?jk=f7a5d36f48791952,"","2026-01-28"
0,"","Senior ProServe Sales Leader, North America, Healthcare and Life Sciences","Amazon Web Services","New York, New York","","$205,700 - $278,200 (yearly)",jobspy_indeed,https://www.indeed.com/viewjob?jk=3be641afa0f8cd38,"","2026-01-28"
0,"","Senior Executive Communications Leader, Partner Strategy & Engagement","Amazon Web Services","New York, New York","","$192,800 - $260,800 (yearly)",jobspy_indeed,https://www.indeed.com/viewjob?jk=7df79b06a9bbaf02,"","2025-12-16"
0,"","Sr Partner Development Manager, COE Technology Partnerships, Horizontal Business Applications","Amazon Web Services","San Francisco, California","","$193,700 - $262,000 (yearly)",jobspy_indeed,https://www.indeed.com/viewjob?jk=981cce958596d007,"","2026-03-18"
0,"","Senior Robotics Engineer, Datacenter Robotic Products & Services","Amazon.com","San Francisco, California","","$136,600 - $212,800 (yearly)",jobspy_indeed,https://www.indeed.com/viewjob?jk=947fb9df2059f7de,"","2026-03-16"
0,"","Senior Connectivity Engineer, Network Product Development","Amazon.com","San Francisco, California","","$159,200 - $247,600 (yearly)",jobspy_indeed,https://www.indeed.com/viewjob?jk=852715652da5bcc7,"","2026-03-12"
0,"","Senior Hardware Engineer, NPD Hardware","Amazon.com","San Francisco, California","","$159,200 - $247,600 (yearly)",jobspy_indeed,https://www.indeed.com/viewjob?jk=01075d352fd64db3,"","2026-02-03"
0,"","Sr. Supply Chain Product Manager, Electrical Assemblies","Amazon.com","San Francisco, California","","$147,900 - $200,100 (yearly)",jobspy_indeed,https://www.indeed.com/viewjob?jk=ff7b3d369fafe186,"","2026-03-04"
0,"","Sr. Supply Chain Product Manager, Amazon Custom Modules - Power / Mechanical / Thermal","Amazon.com","San Francisco, California","","$147,900 - $200,100 (yearly)",jobspy_indeed,https://www.indeed.com/viewjob?jk=ce800967b13354e9,"","2026-03-03"
0,"","Senior Global Category Manager, Amazon Custom Modules","Amazon.com","San Francisco, California","","$147,900 - $200,100 (yearly)",jobspy_indeed,https://www.indeed.com/viewjob?jk=a023dc18fcb52c34,"","2026-02-27"
0,"","Senior Engagement Manager, ProServe Shared Delivery Team Engagement Management , AWS Professional Services","Amazon Web Services","San Francisco, California","","$153,600 - $207,700 (yearly)",jobspy_indeed,https://www.indeed.com/viewjob?jk=84da73461ed08cac,"","2026-03-02"
0,"","Senior Worldwide Partner Specialist Solutions Architect, Amazon Connect","Amazon Web Services","San Francisco, California","","$153,600 - $207,800 (yearly)",jobspy_indeed,https://www.indeed.com/viewjob?jk=c5f973175c9fe825,"","2026-01-05"
0,"","Senior Customer Success Specialist - GenAI, AWS Specialist and Partner Organization","Amazon Web Services","San Francisco, California","","$153,600 - $239,000 (yearly)",jobspy_indeed,https://www.indeed.com/viewjob?jk=ea2e6bdc156e63c3,"","2025-11-26"
0,"","Sr. Solutions Architect - Applied AI for Supply Chain, AWS Solutions","Amazon Web Services","San Francisco, California","","$153,600 - $207,800 (yearly)",jobspy_indeed,https://www.indeed.com/viewjob?jk=ebcedc14059d2024,"","2025-11-11"
0,"","Connectivity Engineer, AWS Data Center","Amazon.com","San Francisco, California","","$109,700 - $185,000 (yearly)",jobspy_indeed,https://www.indeed.com/viewjob?jk=e8fcda36cf94cf72,"","2026-02-26"
0,"","Sr. Systems Development Engineer (AWS Generative AI & ML Servers), AWS HW Engineering","Amazon Web Services","San Francisco, California","","$151,200 - $204,600 (yearly)",jobspy_indeed,https://www.indeed.com/viewjob?jk=79e71e9240bc04d5,"","2026-02-23"
0,"","Sr Software Engineer - BIOS, AWS Hardware Engineering, Firmware Development","Amazon Web Services","San Francisco, California","","$168,100 - $227,400 (yearly)",jobspy_indeed,https://www.indeed.com/viewjob?jk=8ff4c425855667de,"","2026-01-15"
0,"","Senior Executive Communications Leader, Partner Strategy & Engagement","Amazon Web Services","San Francisco, California","","$192,800 - $260,800 (yearly)",jobspy_indeed,https://www.indeed.com/viewjob?jk=7dcb3c1a99a3e19f,"","2025-12-16"
0,"","Embedded Software Development Engineer II, AWS Hardware Engineering Services","Amazon.com","San Francisco, California","","$143,700 - $223,600 (yearly)",jobspy_indeed,https://www.indeed.com/viewjob?jk=ae1cff7eda3771cb,"","2025-11-14"
0,"","Software Development Engineer, AWS SDE Centralized Team","Amazon.com","San Francisco, California","","$143,700 - $213,800 (yearly)",jobspy_indeed,https://www.indeed.com/viewjob?jk=0aabda7ff6957ab3,"","2026-04-02"
0,"","Senior Global Category Manager, Amazon Custom Modules","Amazon Web Services","San Francisco, California","","$133,200 - $220,200 (yearly)",jobspy_indeed,https://www.indeed.com/viewjob?jk=43fbb3affa273c83,"","2025-10-06"
0,"","Sr. Plumbing/Fire Protection Engineer, Data Center Engineering","Amazon.com","Seattle, Washington","","$136,600 - $184,800 (yearly)",jobspy_indeed,https://www.indeed.com/viewjob?jk=c15d323919dfde1d,"","2026-03-29"
0,"","Senior Robotics Engineer, Datacenter Robotic Products & Services","Amazon.com","Seattle, Washington","","$136,600 - $212,800 (yearly)",jobspy_indeed,https://www.indeed.com/viewjob?jk=c7b4c3ea32ea7328,"","2026-03-16"
0,"","Sr. Security Systems Engineer, DCE Security Products and Services","Amazon.com","Seattle, Washington","","$136,600 - $184,800 (yearly)",jobspy_indeed,https://www.indeed.com/viewjob?jk=9b245add8a4a1b59,"","2026-03-09"
0,"","Senior Material Engineer, Data Center Mechanical Solutions","Amazon.com","Seattle, Washington","","$136,600 - $184,800 (yearly)",jobspy_indeed,https://www.indeed.com/viewjob?jk=b40474aef6c8eb9a,"","2026-02-27"
0,"","Sr. Mechanical Controls Engineer, Data Center Engineering","Amazon.com","Seattle, Washington","","$136,600 - $184,800 (yearly)",jobspy_indeed,https://www.indeed.com/viewjob?jk=6d43e1da9c1bffb0,"","2026-03-27"
0,"","Senior Technical Program Management - Mechanical Systems, DCE - Mechanical Products & Services","Amazon.com","Seattle, Washington","","$148,700 - $201,200 (yearly)",jobspy_indeed,https://www.indeed.com/viewjob?jk=ac3b1f14b21a9c38,"","2026-02-25"
0,"","Sr. Supply Chain Product Manager, Electrical Assemblies","Amazon.com","Seattle, Washington","","$147,900 - $200,100 (yearly)",jobspy_indeed,https://www.indeed.com/viewjob?jk=0d521ac889ad8e5e,"","2026-03-04"
0,"","Sr. Supply Chain Product Manager, Amazon Custom Modules - Power / Mechanical / Thermal","Amazon.com","Seattle, Washington","","$147,900 - $200,100 (yearly)",jobspy_indeed,https://www.indeed.com/viewjob?jk=9bd36e7495d1585d,"","2026-03-03"
0,"","Senior Engagement Manager, ProServe Shared Delivery Team Engagement Management , AWS Professional Services","Amazon Web Services","Seattle, Washington","","$153,600 - $207,700 (yearly)",jobspy_indeed,https://www.indeed.com/viewjob?jk=633ce4dec4427d03,"","2026-03-02"
0,"","Senior Worldwide Partner Specialist Solutions Architect, Amazon Connect","Amazon Web Services","Seattle, Washington","","$153,600 - $207,800 (yearly)",jobspy_indeed,https://www.indeed.com/viewjob?jk=1f58f4d5de43f5bf,"","2026-01-05"
0,"","Senior Customer Success Specialist - GenAI, AWS Specialist and Partner Organization","Amazon Web Services","Seattle, Washington","","$153,600 - $239,000 (yearly)",jobspy_indeed,https://www.indeed.com/viewjob?jk=b51b86b62d02d7b6,"","2025-11-26"
0,"","Demand Planning Mgr, Spares, AIS-SC IPS","Amazon.com","Seattle, Washington","","$79,500 - $139,100 (yearly)",jobspy_indeed,https://www.indeed.com/viewjob?jk=d643dcdec04b5f7f,"","2026-02-26"
0,"","Network Development Engineer, Network Fabric Engineering","Amazon.com","Seattle, Washington","","$159,100 - $215,300 (yearly)",jobspy_indeed,https://www.indeed.com/viewjob?jk=dab8c67a940da9ca,"","2026-02-25"
0,"","Sr. Systems Development Engineer (AWS Generative AI & ML Servers), AWS HW Engineering","Amazon Web Services","Seattle, Washington","","$151,200 - $204,600 (yearly)",jobspy_indeed,https://www.indeed.com/viewjob?jk=1c39528968e4597c,"","2026-02-23"
0,"","Principal Solutions Developer , Prototyping and Customer Engineering (PACE)","Amazon Web Services","Seattle, Washington","","$182,800 - $272,000 (yearly)",jobspy_indeed,https://www.indeed.com/viewjob?jk=cf83f4af3b98ebf2,"","2026-02-20"
0,"","Principal Networking Specialist Solutions Architect, AWS Industries Customer Acceleration Team","Amazon Web Services","Seattle, Washington","","$182,800 - $247,300 (yearly)",jobspy_indeed,https://www.indeed.com/viewjob?jk=c3b044cafe9b9d28,"","2026-02-20"
0,"","Senior Hardware Engineer, NPD Hardware","Amazon.com","Seattle, Washington","","$159,200 - $247,600 (yearly)",jobspy_indeed,https://www.indeed.com/viewjob?jk=3ddaeaddd091cfd2,"","2026-02-03"
0,"","Sr Software Engineer - BIOS, AWS Hardware Engineering, Firmware Development","Amazon Web Services","Seattle, Washington","","$168,100 - $227,400 (yearly)",jobspy_indeed,https://www.indeed.com/viewjob?jk=6582edf9f5b9981c,"","2026-01-15"
0,"","Sr Construction Scheduler, Global Build Services","Amazon.com","Seattle, Washington","","$139,300 - $208,000 (yearly)",jobspy_indeed,https://www.indeed.com/viewjob?jk=3b9b33595e7ae4e5,"","2025-12-31"
0,"","Senior Executive Communications Leader, Partner Strategy & Engagement","Amazon Web Services","Seattle, Washington","","$192,800 - $260,800 (yearly)",jobspy_indeed,https://www.indeed.com/viewjob?jk=7c4b6e2644ee03ba,"","2025-12-16"
0,"","Operations Specialist - Corporate Actions","GW&K Investment Management","Boston, Massachusetts","","$60,000 - $65,000 (yearly)",jobspy_indeed,https://www.indeed.com/viewjob?jk=7d70aa5b5e91af49,"","2026-05-07"
0,"","Senior Solutions Architect Google Cloud, Market Intel, Cloud Intelligence","Amazon Web Services","Boston, Massachusetts","","$153,600 - $207,800 (yearly)",jobspy_indeed,https://www.indeed.com/viewjob?jk=eb547b23bb27afe1,"","2026-04-23"
0,"","Sr. Analytics & AI Specialist Solutions Architect, AGS-NAMER-US-COV-SPEC-SA-Data&AI-Analytics","Amazon Web Services","Boston, Massachusetts","","$153,600 - $239,000 (yearly)",jobspy_indeed,https://www.indeed.com/viewjob?jk=7d07243cdea7cc98,"","2026-04-01"
0,"","Senior Solutions Developer, Prototyping and Customer Engineering (PACE)","Amazon Web Services","Boston, Massachusetts","","$153,600 - $207,800 (yearly)",jobspy_indeed,https://www.indeed.com/viewjob?jk=37de1206c232ffd8,"","2026-03-19"
0,"","Specialist Solutions Architect, Containers, ASPI HCLS Specialist","Amazon Web Services","Boston, Massachusetts","","$153,600 - $228,600 (yearly)",jobspy_indeed,https://www.indeed.com/viewjob?jk=17c31d80bb3c0836,"","2026-02-27"
0,"","Sr. Banking Partner Solutions Architect, AMER Partner Industry & Solutions","Amazon Web Services","Boston, Massachusetts","","$153,600 - $228,600 (yearly)",jobspy_indeed,https://www.indeed.com/viewjob?jk=6c0563b5c1d5cf5a,"","2026-01-14"
0,"","Senior Customer Success Specialist - GenAI, AWS Specialist and Partner Organization","Amazon Web Services","Boston, Massachusetts","","$153,600 - $239,000 (yearly)",jobspy_indeed,https://www.indeed.com/viewjob?jk=92037589587918cf,"","2025-11-26"
0,"","Sr. Solutions Architect - Applied AI for Supply Chain, AWS Solutions","Amazon Web Services","Boston, Massachusetts","","$153,600 - $207,800 (yearly)",jobspy_indeed,https://www.indeed.com/viewjob?jk=cb759ef9e08e7e41,"","2025-11-11"
0,"","Sr. Account Manager, Life Sciences","Amazon Web Services","Boston, Massachusetts","","$142,800 - $212,600 (yearly)",jobspy_indeed,https://www.indeed.com/viewjob?jk=cc1b80b92d8d20a5,"","2026-04-22"
0,"","AWS Sr Account Manager, ISV","Amazon Web Services","Boston, Massachusetts","","$142,800 - $212,600 (yearly)",jobspy_indeed,https://www.indeed.com/viewjob?jk=a4cd3c56886be4b4,"","2026-04-13"
0,"","Sr. Partner Sales Manager, Partner Sales Retail Restaurants and CPG","Amazon Web Services","Boston, Massachusetts","","$142,800 - $212,500 (yearly)",jobspy_indeed,https://www.indeed.com/viewjob?jk=fd2e5323c6adab60,"","2026-04-09"
0,"","AI Acceleration Business Development, WW GTM & Business Development, Connect","Amazon Web Services","Boston, Massachusetts","","$147,900 - $200,100 (yearly)",jobspy_indeed,https://www.indeed.com/viewjob?jk=d2a2c0462c3257fd,"","2026-04-19"
0,"","AV-ADAS Technical GTM Specialist, WWSO HPC Team","Amazon Web Services","Boston, Massachusetts","","$147,900 - $200,100 (yearly)",jobspy_indeed,https://www.indeed.com/viewjob?jk=115e0e0f9304a5a9,"","2026-04-10"
0,"","Senior GTM Specialist - Semiconductor Partners, Core and Advanced Compute","Amazon Web Services","Boston, Massachusetts","","$147,900 - $200,100 (yearly)",jobspy_indeed,https://www.indeed.com/viewjob?jk=9d3dc54a0e72d92a,"","2026-03-26"
0,"","Senior Partner Development Specialist, Generative AI & Data, Americas Specialist Partner Team","Amazon Web Services","Boston, Massachusetts","","$147,900 - $200,100 (yearly)",jobspy_indeed,https://www.indeed.com/viewjob?jk=a94300815ea19624,"","2026-02-26"
0,"","Sr Manager, Partner Success Specialists, AWS Specialist and Partner Organization","Amazon Web Services","Boston, Massachusetts","","$201,000 - $312,800 (yearly)",jobspy_indeed,https://www.indeed.com/viewjob?jk=0f6e966421a48038,"","2026-04-16"
0,"","Sr Mgr, Storage Solution Architecture, WW Storage Specialists","Amazon Web Services","Boston, Massachusetts","","$191,000 - $272,000 (yearly)",jobspy_indeed,https://www.indeed.com/viewjob?jk=ee466e31dc898fd0,"","2026-04-08"
0,"","Sales Operations Support, AWS Investments","Amazon Web Services","Boston, Massachusetts","","$96,900 - $169,500 (yearly)",jobspy_indeed,https://www.indeed.com/viewjob?jk=cb0d36f19a0544ce,"","2026-04-08"
0,"","Principal Security Specialist Solutions Architect, AWS Industries","Amazon Web Services","Boston, Massachusetts","","$182,800 - $247,300 (yearly)",jobspy_indeed,https://www.indeed.com/viewjob?jk=aaaefc11aa217579,"","2026-02-24"
0,"","Principal Business Development Specialist for Quantum Technologies, Worldwide Go-To-Market team for Amazon Braket","Amazon Web Services","Boston, Massachusetts","","$176,100 - $238,200 (yearly)",jobspy_indeed,https://www.indeed.com/viewjob?jk=677c4431f7f26fb0,"","2026-02-03"
0,"","Administrative Support Coordinator II","California State University","Los Angeles, California","","",jobspy_indeed,https://www.indeed.com/viewjob?jk=e57ce581cc8f403d,"","2026-05-07"
0,"","Division Operations Associate","Anduril","Los Angeles, California","","$113,000 - $149,000 (yearly)",jobspy_indeed,https://www.indeed.com/viewjob?jk=b945450868156021,"","2026-05-07"
0,"","Senior Analyst, Proposal and Capture","Anduril","Los Angeles, California","","$113,000 - $149,000 (yearly)",jobspy_indeed,https://www.indeed.com/viewjob?jk=7b29b26ef0227a3b,"","2026-05-07"
0,"","Trust and Privacy Risk Manager, Devices & Services Trust, Privacy, and Accessibility (TPA)","Amazon.com","Los Angeles, California","","$82,700 - $129,800 (yearly)",jobspy_indeed,https://www.indeed.com/viewjob?jk=1f0cf7f85056344e,"","2026-05-01"
0,"","AWS Sr Account Manager, ISV","Amazon Web Services","Los Angeles, California","","$142,800 - $212,600 (yearly)",jobspy_indeed,https://www.indeed.com/viewjob?jk=6c8d45edae5c6167,"","2026-04-30"
0,"","Sr. Sales Specialist - Storage, Retail, Restaurants, and Consumer Packaged Goods","Amazon Web Services","Los Angeles, California","","$142,800 - $212,600 (yearly)",jobspy_indeed,https://www.indeed.com/viewjob?jk=1d629a5879efadcf,"","2026-04-29"
0,"","Sr. Account Manager, Life Sciences","Amazon Web Services","Los Angeles, California","","$142,800 - $212,600 (yearly)",jobspy_indeed,https://www.indeed.com/viewjob?jk=029ffd005b9cc723,"","2026-04-23"
0,"","Sr. Partner Sales Manager, Partner Sales Retail Restaurants and CPG","Amazon Web Services","Los Angeles, California","","$142,800 - $193,200 (yearly)",jobspy_indeed,https://www.indeed.com/viewjob?jk=e13838a8a8767980,"","2026-04-09"
0,"","Senior Account Manager, Games, Games","Amazon Web Services","Los Angeles, California","","$142,800 - $212,600 (yearly)",jobspy_indeed,https://www.indeed.com/viewjob?jk=191227e54ad7ee48,"","2026-03-25"
0,"","Sr. Specialist Sales Rep , ISV GenAI/ML","Amazon Web Services","Los Angeles, California","","$142,800 - $212,600 (yearly)",jobspy_indeed,https://www.indeed.com/viewjob?jk=7d206892d14d912a,"","2026-03-25"
0,"","Sr. Database Specialist SA, Media & Entertainment, ASPI MEGS","Amazon Web Services","Los Angeles, California","","$153,600 - $207,800 (yearly)",jobspy_indeed,https://www.indeed.com/viewjob?jk=b00378d05e72b140,"","2026-04-30"
0,"","Senior Solutions Architect Google Cloud, Market Intel, Cloud Intelligence","Amazon Web Services","Los Angeles, California","","$153,600 - $207,800 (yearly)",jobspy_indeed,https://www.indeed.com/viewjob?jk=7bb04e1988f66ffc,"","2026-04-23"
0,"","Sr. Worldwide Specialist Solutions Architect, GameLift, AWS Games","Amazon Web Services","Los Angeles, California","","$153,600 - $207,800 (yearly)",jobspy_indeed,https://www.indeed.com/viewjob?jk=511d9025d85ffd1b,"","2026-04-21"
0,"","Senior Specialist Solution Architect, Migration & Modernization, ASPI AutoMfg","Amazon Web Services","Los Angeles, California","","$153,600 - $207,800 (yearly)",jobspy_indeed,https://www.indeed.com/viewjob?jk=176693e3fb59e506,"","2026-02-20"
0,"","Sr. GTM Specialist, Analytics, Media & Entertainment, AWS Industries - Media, Entertainment, Games & Sports","Amazon Web Services","Los Angeles, California","","$147,900 - $220,200 (yearly)",jobspy_indeed,https://www.indeed.com/viewjob?jk=5a9aa96fc3e86287,"","2026-04-22"
0,"","Sr Partner Development Specialist - Games, AMER Industry and Solutions","Amazon Web Services","Los Angeles, California","","$147,900 - $200,100 (yearly)",jobspy_indeed,https://www.indeed.com/viewjob?jk=f16034247b49bddb,"","2026-03-07"
0,"","Senior AI Innovation & GTM Programs Lead, Applied AI Solutions, Applied AI Solutions","Amazon Web Services","Los Angeles, California","","$148,700 - $231,400 (yearly)",jobspy_indeed,https://www.indeed.com/viewjob?jk=a9886210eb4f5d95,"","2026-04-22"
0,"","Solutions Architect, Games","Amazon Web Services","Los Angeles, California","","$131,300 - $204,300 (yearly)",jobspy_indeed,https://www.indeed.com/viewjob?jk=a6980ebe14c182e2,"","2026-03-27"
0,"","Sr Partner Development Manager, COE Technology Partnerships, Horizontal Business Applications","Amazon Web Services","Los Angeles, California","","$193,700 - $262,000 (yearly)",jobspy_indeed,https://www.indeed.com/viewjob?jk=f26b60efb6895ba1,"","2026-03-18"
0,"","Principal Account Exec, AWS Enterprise Games, Games","Amazon Web Services","Los Angeles, California","","$170,000 - $230,000 (yearly)",jobspy_indeed,https://www.indeed.com/viewjob?jk=185dab178dcb5f12,"","2026-03-05"
0,"","Structural Engineer, FSE-CSA - Field Remediation Engineering, Civil Architectural Structural","Amazon.com","Washington, DC","","$116,800 - $160,000 (yearly)",jobspy_indeed,https://www.indeed.com/viewjob?jk=4b2eefe6f6eaf539,"","2026-02-27"
0,"","Commissioning Engineer, AWS Infrastructure Services","Amazon.com","Washington, DC","","$116,800 - $160,000 (yearly)",jobspy_indeed,https://www.indeed.com/viewjob?jk=afc6e02decf04a9c,"","2026-02-13"
0,"","Electrical BIM Designer, DC Design Engineering","Amazon.com","Washington, DC","","$116,800 - $160,000 (yearly)",jobspy_indeed,https://www.indeed.com/viewjob?jk=9bd0d0f4f4d4b256,"","2026-04-23"
0,"","Security Systems Engineer, DCE Security Solutions Engineering","Amazon.com","Washington, DC","","$116,800 - $160,000 (yearly)",jobspy_indeed,https://www.indeed.com/viewjob?jk=8641b2b72ae00040,"","2026-03-04"
0,"","Electrical Design Engineer, HVMV Engineering","Amazon.com","Washington, DC","","$116,800 - $160,000 (yearly)",jobspy_indeed,https://www.indeed.com/viewjob?jk=c12abd76fb4a895e,"","2026-03-19"
0,"","Electrical Design Engineer, Data Center Design Engineering","Amazon.com","Washington, DC","","$116,800 - $160,000 (yearly)",jobspy_indeed,https://www.indeed.com/viewjob?jk=4d7acdff1a33fcca,"","2026-03-24"
0,"","Connectivity Engineer, AWS Data Center","Amazon.com","Washington, DC","","$109,700 - $185,000 (yearly)",jobspy_indeed,https://www.indeed.com/viewjob?jk=a24205083dc7b3ad,"","2026-02-26"
0,"","Demand Planning Mgr, Spares, AIS-SC IPS","Amazon.com","Washington, DC","","$79,500 - $139,100 (yearly)",jobspy_indeed,https://www.indeed.com/viewjob?jk=0cee9d8b723bdeb5,"","2026-02-26"
0,"","Network Development Engineer, Network Fabric Engineering","Amazon.com","Washington, DC","","$159,100 - $215,300 (yearly)",jobspy_indeed,https://www.indeed.com/viewjob?jk=725497d055043071,"","2026-02-25"
0,"","Water Strategy Manager, AWS Water Team","Amazon.com","Washington, DC","","$92,400 - $160,000 (yearly)",jobspy_indeed,https://www.indeed.com/viewjob?jk=da5e758474a30bd1,"","2026-02-23"
0,"","Director, WW Public Sector Global System Integrators Sales, WWPS Partners","Amazon Web Services","Washington, DC","","$224,400 - $303,500 (yearly)",jobspy_indeed,https://www.indeed.com/viewjob?jk=3710fb80cb9a91e9,"","2026-01-31"
0,"","Senior Leader, ProServe AI/GenAI/Agentic Specialists, Healthcare and Life Sciences","Amazon Web Services","Washington, DC","","$201,000 - $299,200 (yearly)",jobspy_indeed,https://www.indeed.com/viewjob?jk=0d7731e7e48bc8ae,"","2026-01-28"
0,"","Data Center Engineering Operations Technician","Amazon.com","Washington, DC","","$37 - $65 (hourly)",jobspy_indeed,https://www.indeed.com/viewjob?jk=21c46748f72f4121,"","2026-03-16"
0,"","Engineering Operations Technician, DCC Communities","Amazon.com","Washington, DC","","$31 - $55 (hourly)",jobspy_indeed,https://www.indeed.com/viewjob?jk=4b4b283d860080b5,"","2026-01-26"
0,"","Senior Worldwide Partner Specialist Solutions Architect, Amazon Connect","Amazon Web Services","Washington, DC","","$153,600 - $207,800 (yearly)",jobspy_indeed,https://www.indeed.com/viewjob?jk=4630bf24a5c8262f,"","2026-01-05"
0,"","Senior Customer Success Specialist - GenAI, AWS Specialist and Partner Organization","Amazon Web Services","Washington, DC","","$153,600 - $239,000 (yearly)",jobspy_indeed,https://www.indeed.com/viewjob?jk=127613168999414a,"","2025-11-26"
0,"","Sr. Solutions Architect, US ISV","Amazon Web Services","Washington, DC","","$153,600 - $207,800 (yearly)",jobspy_indeed,https://www.indeed.com/viewjob?jk=5391111b8a87574c,"","2026-04-27"
0,"","Sr Construction Scheduler, Global Build Services","Amazon.com","Washington, DC","","$139,300 - $208,000 (yearly)",jobspy_indeed,https://www.indeed.com/viewjob?jk=b0f5336527718477,"","2025-12-31"
0,"","Senior Executive Communications Leader, Partner Strategy & Engagement","Amazon Web Services","Washington, DC","","$192,800 - $260,800 (yearly)",jobspy_indeed,https://www.indeed.com/viewjob?jk=f335154511f746da,"","2025-12-16"
0,"","People Ops Specialist","findhelp","United States","","",jobspy_indeed,https://www.indeed.com/viewjob?jk=c1484aab69e117b6,"","2026-05-07"
0,"","Event Specialist","Five Star Breaktime Solutions","United States","","",jobspy_indeed,https://www.indeed.com/viewjob?jk=7b63b97cbdd20cfb,"","2026-05-07"
0,"","Training Specialist - First Aid, CPR, AED","Code One Safety","United States","","",jobspy_indeed,https://www.indeed.com/viewjob?jk=c6ce7119c9cf9a64,"","2026-05-07"
0,"","FOODBORNE ILLNESS RESPONSE COORDINATOR (50080521)","Eskenazi Health","United States","","",jobspy_indeed,https://www.indeed.com/viewjob?jk=6b129a49baf162f1,"","2026-05-07"
0,"","Robotic Clinical Specialist (Charlotte, NC) (Evergreen)","Smith+Nephew","United States","","",jobspy_indeed,https://www.indeed.com/viewjob?jk=cafcdb4f2e2634bb,"","2026-05-07"
0,"","Robotic Clinical Specialist (Jacksonville, FL) (Evergreen)","Smith+Nephew","United States","","",jobspy_indeed,https://www.indeed.com/viewjob?jk=4aabfdf53bd55641,"","2026-05-07"
0,"","Engineering Operations Technician, DCC Communities","Amazon.com","United States","","$36 - $63 (hourly)",jobspy_indeed,https://www.indeed.com/viewjob?jk=1e8ac903d5e9e88f,"","2026-01-28"
0,"","Data Center Engineering Operations Technician","Amazon.com","United States","","$36 - $63 (hourly)",jobspy_indeed,https://www.indeed.com/viewjob?jk=b2ed94313057a7fd,"","2026-01-27"
0,"","Strategic SaaS Sales Engineer (Remote - USA East)","Commvault","Remote","","$93,500 - $230,000 (yearly)",jobspy_indeed,https://www.indeed.com/viewjob?jk=c8a1fca8327aeb1a,"","2026-05-07"
0,"","Camera Assistant","NEP UK","Remote","","",jobspy_indeed,https://www.indeed.com/viewjob?jk=7f7d44faeb27eabd,"","2026-05-07"
0,"","Purdue Global Program Coordinator (PC) Veteran Student Support Services (VSSS) Remote, Grant-Funded","Purdue University","Remote","","",jobspy_indeed,https://www.indeed.com/viewjob?jk=f2631ce296cad801,"","2026-05-07"
0,"","Human Resources Information Systems (HRIS) Specialist","Kentro","Remote","","",jobspy_indeed,https://www.indeed.com/viewjob?jk=bd222cfe3e1c4c08,"","2026-05-06"
0,"","Clinical Specialist (Mid-Atlantic Region - Charlotte, NC)","Verathon","Remote","","$80,000 - $95,000 (yearly)",jobspy_indeed,https://www.indeed.com/viewjob?jk=e65e88134195cdb2,"","2026-05-06"
0,"","Manager, Solutions Engineering (Remote)","Geotab","Remote","","$120,000 - $155,000 (yearly)",jobspy_indeed,https://www.indeed.com/viewjob?jk=293c4dd9d59ef243,"","2026-05-06"
0,"","Marketing Automation Tech Specialist","Vida Health","Remote","","$80,000 - $100,000 (yearly)",jobspy_indeed,https://www.indeed.com/viewjob?jk=be178e778b57bb7e,"","2026-05-06"
0,"","Professional Development Specialist","Fisher & Phillips LLP","Remote","","$35 - $45 (hourly)",jobspy_indeed,https://www.indeed.com/viewjob?jk=252d2620b21eb273,"","2026-05-06"
0,"","Area Director, Cryo Nerve Block-Central","AtriCure, Inc.","Remote","","",jobspy_indeed,https://www.indeed.com/viewjob?jk=500a9a706769fe35,"","2026-05-06"
0,"","Intake Specialist","nan","Remote","","",jobspy_indeed,https://www.indeed.com/viewjob?jk=2036c4b0bc715cd6,"","2026-05-06"
0,"","US Director of F&B (Global Events)","Nteractive Consulting & Events Ltd","Remote","","$115,000 - $130,000 (yearly)",jobspy_indeed,https://www.indeed.com/viewjob?jk=ce9f3da2e8cf81ed,"","2026-05-06"
0,"","Intake Specialist (PST)","Mullen Coughlin LLC","Remote","","",jobspy_indeed,https://www.indeed.com/viewjob?jk=04561deeb7cbfc91,"","2026-05-06"
0,"","Part- Time Career Mentor and STEM Program Specialist","Massachusetts Bay Community College","Remote","","",jobspy_indeed,https://www.indeed.com/viewjob?jk=e6cca93174890bed,"","2026-05-06"
0,"","Operations Travel Technology Specialist","BCD","Remote","","$55,000 - $58,000 (yearly)",jobspy_indeed,https://www.indeed.com/viewjob?jk=290a14e4a50b352c,"","2026-05-06"
0,"","Backend Engineer - Remote","YO IT CONSULTING","Remote","","",jobspy_indeed,https://www.indeed.com/viewjob?jk=e2f4bfd9616b69d0,"","2026-05-06"
0,"","UN Women, Gender in Climate Change & Environmental Senior Expert, Home based, International Retainer Consultant","United Nations Development Programme","Remote","","",jobspy_indeed,https://www.indeed.com/viewjob?jk=6de76d2f26ea0ffc,"","2026-05-06"
0,"","Digital Marketing Specialist","MOZ Group","Remote","","$85,000 - $90,000 (yearly)",jobspy_indeed,https://www.indeed.com/viewjob?jk=197dec2d1f53336f,"","2026-05-06"
0,"","Sr. Technical Support Specialist","PerkinElmer","Remote","","$90,000 - $100,000 (yearly)",jobspy_indeed,https://www.indeed.com/viewjob?jk=95f65bb3309d19a5,"","2026-05-05"
0,"","Senior Account Manager, CPG","Amazon Web Services","Remote","","$170,000 - $230,000 (yearly)",jobspy_indeed,https://www.indeed.com/viewjob?jk=a8f440a3f26cc94f,"","2026-05-01"
0,"","Clinical Sales Specialist","Sectra","Remote","","$95,000 - $125,000 (yearly)",jobspy_indeed,https://www.indeed.com/viewjob?jk=8897f2b60c29b680,"","2026-04-17"
0,"","Designer, Lighting","Crate and Barrel","Chicago, Illinois","","$83,000 - $110,000 (yearly)",jobspy_indeed,https://www.indeed.com/viewjob?jk=052a463c968a24c5,"","2026-05-06"
0,"","Senior Substation Physical Designer 1 -- Grid","Sargent & Lundy","Chicago, Illinois","","$77,890 - $118,999 (yearly)",jobspy_indeed,https://www.indeed.com/viewjob?jk=7820ae9743efdf5d,"","2026-05-05"
0,"","Senior Substation Physical Designer 2 - Grid","Sargent & Lundy","Chicago, Illinois","","$85,679 - $130,899 (yearly)",jobspy_indeed,https://www.indeed.com/viewjob?jk=5ddffc073e39c706,"","2026-05-05"
0,"","Substation Physical Project Designer - Grid","Sargent & Lundy","Chicago, Illinois","","$94,247 - $143,989 (yearly)",jobspy_indeed,https://www.indeed.com/viewjob?jk=2f32155e734652bf,"","2026-05-05"
0,"","Electrical Engineer II","Clayco","Chicago, Illinois","","$120,000 - $155,000 (yearly)",jobspy_indeed,https://www.indeed.com/viewjob?jk=18c9b7ae6b0dba4e,"","2026-05-05"
0,"","Senior Electrical Engineer","Clayco","Chicago, Illinois","","$95,000 - $120,000 (yearly)",jobspy_indeed,https://www.indeed.com/viewjob?jk=3c9544929a133c01,"","2026-05-05"
0,"","Hospitality Interior Designer","Stantec","Chicago, Illinois","","$62,500 - $90,600 (yearly)",jobspy_indeed,https://www.indeed.com/viewjob?jk=1fc21d28a143d270,"","2026-05-05"
0,"","3D Visualization Designer","Lumiere Studios","Chicago, Illinois","","",jobspy_indeed,https://www.indeed.com/viewjob?jk=9ed9a6b669f19996,"","2026-05-05"
0,"","Executive Assistant and Receptionist","Visual Comfort & Co","Chicago, Illinois","","$69,000 - $80,000 (yearly)",jobspy_indeed,https://www.indeed.com/viewjob?jk=c62c3382df5fe5f1,"","2026-05-05"
0,"","Electrical Engineering Consultant 2 - Government Services","Sargent & Lundy","Chicago, Illinois","","$142,710 - $215,440 (yearly)",jobspy_indeed,https://www.indeed.com/viewjob?jk=74ffedd7e2b25c44,"","2026-05-04"
0,"","Lead Electrical Engineer 2 - Government Services","Sargent & Lundy","Chicago, Illinois","","$134,546 - $205,557 (yearly)",jobspy_indeed,https://www.indeed.com/viewjob?jk=60010ea0030210c0,"","2026-05-04"
0,"","Lead Electrical Engineer 1 - Government Services","Sargent & Lundy","Chicago, Illinois","","$118,023 - $180,313 (yearly)",jobspy_indeed,https://www.indeed.com/viewjob?jk=3d8dc39156404355,"","2026-05-04"
0,"","Facilities Coordinator","Gensler","Chicago, Illinois","","$55,000 - $65,000 (yearly)",jobspy_indeed,https://www.indeed.com/viewjob?jk=8318b5b89f0df524,"","2026-05-04"
0,"","Interior Designer Intern (Summer 2026)","Stantec","Chicago, Illinois","","$21 - $30 (hourly)",jobspy_indeed,https://www.indeed.com/viewjob?jk=1d86ef45414caf8a,"","2026-05-04"
0,"","Program Manager, Membership Growth","American Massage Therapy Association","Chicago, Illinois","","$72,000 - $75,000 (yearly)",jobspy_indeed,https://www.indeed.com/viewjob?jk=a084e309c3c256fc,"","2026-05-04"
0,"","Sr. Project Designer","Cushman & Wakefield","Chicago, Illinois","","$55,250 - $65,000 (yearly)",jobspy_indeed,https://www.indeed.com/viewjob?jk=a784c071badf7910,"","2026-05-04"
0,"","Service Support Specialist","Guitar Center","Chicago, Illinois","","$43 - $48 (hourly)",jobspy_indeed,https://www.indeed.com/viewjob?jk=775b377d95cf72af,"","2026-05-01"
0,"","Senior Electrical Engineer","Kimley-Horn","Chicago, Illinois","","$130,000 - $180,000 (yearly)",jobspy_indeed,https://www.indeed.com/viewjob?jk=7028541a9385fbce,"","2026-05-01"
0,"","Showroom Sales Consultant","Ferguson","Chicago, Illinois","","$60,000 - $90,000 (yearly)",jobspy_indeed,https://www.indeed.com/viewjob?jk=fef393d92e172a7c,"","2026-05-01"
0,"","Estimator","ILT Vignocchi","Chicago, Illinois","","$70,000 - $90,000 (yearly)",jobspy_indeed,https://www.indeed.com/viewjob?jk=ed794da577f94c73,"","2026-05-01"
0,"","Application Engineer","Edge Lighting","Chicago, Illinois","","$25 - $32 (hourly)",jobspy_indeed,https://www.indeed.com/viewjob?jk=4963c264741ef425,"","2026-05-01"
0,"","Lighting Designer","Ghafari","Chicago, Illinois","","$70,000 - $85,000 (yearly)",jobspy_indeed,https://www.indeed.com/viewjob?jk=f946f443a3e94558,"","2026-04-30"
0,"","Plumbing Engineer III/Designer III","Syska Hennessy Group","Chicago, Illinois","","$78,853 - $110,279 (yearly)",jobspy_indeed,https://www.indeed.com/viewjob?jk=617a3e2b3acf776c,"","2026-04-30"
0,"","Stage Lighting Technician","Dance Connection","New York, New York","","",jobspy_indeed,https://www.indeed.com/viewjob?jk=e132be8e4b04f3f7,"","2026-05-06"
0,"","Injection Molding Specialist","Humanscale","New York, New York","","$20 - $30 (hourly)",jobspy_indeed,https://www.indeed.com/viewjob?jk=f78a70faf6dff756,"","2026-05-06"
0,"","Art Director - Video/Animation (Hybrid- NYC)","Broadridge","New York, New York","","$105,000 - $120,000 (yearly)",jobspy_indeed,https://www.indeed.com/viewjob?jk=91715aad0ba82604,"","2026-05-06"
0,"","Visual Merchandiser- Jersey Gardens Mall","H&M","New York, New York","","$21 - $24 (hourly)",jobspy_indeed,https://www.indeed.com/viewjob?jk=e80e9494bf8fabd7,"","2026-05-06"
0,"","Visual Merchandiser-Empire Outlets","H&M","New York, New York","","$21 - $24 (hourly)",jobspy_indeed,https://www.indeed.com/viewjob?jk=e4023733bc68cb19,"","2026-05-04"
0,"","Lighting Designer","Kubia","New York, New York","","$5,000 - $8,500 (monthly)",jobspy_indeed,https://www.indeed.com/viewjob?jk=a0114b23dbfa683c,"","2026-05-06"
0,"","Senior Substation Physical Designer 2 - Grid","Sargent & Lundy","New York, New York","","$85,679 - $130,899 (yearly)",jobspy_indeed,https://www.indeed.com/viewjob?jk=5f74830015443c68,"","2026-05-05"
0,"","Brand Designer (Pepsi)","PepsiCo","New York, New York","","$80,700 - $135,100 (yearly)",jobspy_indeed,https://www.indeed.com/viewjob?jk=53085f9c68eccab1,"","2026-05-04"
0,"","Project Manager","Yabu Pushelberg","New York, New York","","$89,000 - $120,000 (yearly)",jobspy_indeed,https://www.indeed.com/viewjob?jk=34465dfb26041bbf,"","2026-05-04"
0,"","Junior / Intermediate Interior Designer","Yabu Pushelberg","New York, New York","","$72,000 - $89,000 (yearly)",jobspy_indeed,https://www.indeed.com/viewjob?jk=105bc6d9a6c3805e,"","2026-05-04"
0,"","Senior Electrical Engineer","WSP","New York, New York","","$118,000 - $175,230 (yearly)",jobspy_indeed,https://www.indeed.com/viewjob?jk=281256c44ea04c9f,"","2026-05-04"
0,"","Sr. Project Designer","Cushman & Wakefield","New York, New York","","$55,250 - $65,000 (yearly)",jobspy_indeed,https://www.indeed.com/viewjob?jk=a27985bf98047ff1,"","2026-05-04"
0,"","Creative Director, Brand Events","Van Wyck & Van Wyck","New York, New York","","$150,000 - $225,000 (yearly)",jobspy_indeed,https://www.indeed.com/viewjob?jk=659eb7a10c67f75a,"","2026-05-01"
0,"","Producer / Editor, Presence® Media","Luxury Presence","New York, New York","","$100,000 - $135,000 (yearly)",jobspy_indeed,https://www.indeed.com/viewjob?jk=3c1fb2ebeb54dca3,"","2026-05-01"
0,"","Senior Substation Designer","Arup","New York, New York","","$122,500 - $145,000 (yearly)",jobspy_indeed,https://www.indeed.com/viewjob?jk=e2271b1c94c46cb1,"","2026-05-01"
0,"","Designer - Retail - Junior","Gensler","New York, New York","","$73,000 - $78,000 (yearly)",jobspy_indeed,https://www.indeed.com/viewjob?jk=613542925b715949,"","2026-05-01"
0,"","Director of Store Planning – Americas","Loewe","New York, New York","","$185,000 - $205,000 (yearly)",jobspy_indeed,https://www.indeed.com/viewjob?jk=3cac5d3c2f594220,"","2026-04-30"
0,"","Senior AV Specialist","Zones","New York, New York","","",jobspy_indeed,https://www.indeed.com/viewjob?jk=0f1c6ce6c35ae4a2,"","2026-04-30"
0,"","Lighting Designer II","EwingCole","New York, New York","","$90,000 - $120,000 (yearly)",jobspy_indeed,https://www.indeed.com/viewjob?jk=bc36c5e5adce711f,"","2026-04-30"
0,"","Lighting Designer I","EwingCole","New York, New York","","$72,000 - $95,000 (yearly)",jobspy_indeed,https://www.indeed.com/viewjob?jk=1f2c719a7ef13b74,"","2026-04-30"
0,"","Interior Designer","S9 Architecture","New York, New York","","$90,000 - $110,000 (yearly)",jobspy_indeed,https://www.indeed.com/viewjob?jk=d267451b68573fa2,"","2026-04-24"
0,"","Director, Global Store Design - Estee Lauder Brand","The Estée Lauder Companies","New York, New York","","$120,000 - $208,000 (yearly)",jobspy_indeed,https://www.indeed.com/viewjob?jk=e4c060d20563dd44,"","2026-04-01"
0,"","Creative Director CGI, Devices Brand Studio","Amazon.com","New York, New York","","$141,000 - $210,300 (yearly)",jobspy_indeed,https://www.indeed.com/viewjob?jk=7bf4058ffffc6f8b,"","2026-02-24"
0,"","Production Manager (0460U) 86081","University of California Berkeley","San Francisco, California","","$120,000 - $140,000 (yearly)",jobspy_indeed,https://www.indeed.com/viewjob?jk=29c1c544d43f43fa,"","2026-05-06"
0,"","Manager, CGI Art Director - Pottery Barn Kids and Pottery Barn Teen","Williams-Sonoma, Inc.","San Francisco, California","","$120,000 - $130,000 (yearly)",jobspy_indeed,https://www.indeed.com/viewjob?jk=bbbcccab8b3d8b7d,"","2026-05-06"
0,"","Showroom Sales Consultant","Ferguson","San Francisco, California","","$80,000 - $130,000 (yearly)",jobspy_indeed,https://www.indeed.com/viewjob?jk=37c01d7155fdb512,"","2026-05-06"
0,"","Senior Lighting Designer - San Francisco, CA","Tetra Tech","San Francisco, California","","$120,000 - $135,000 (yearly)",jobspy_indeed,https://www.indeed.com/viewjob?jk=c03fbd88823fac98,"","2026-05-06"
0,"","Senior Substation Physical Designer 1 -- Grid","Sargent & Lundy","San Francisco, California","","$77,890 - $118,999 (yearly)",jobspy_indeed,https://www.indeed.com/viewjob?jk=944d1e816a329ef5,"","2026-05-05"
0,"","Substation Physical Project Designer - Grid","Sargent & Lundy","San Francisco, California","","$94,247 - $143,989 (yearly)",jobspy_indeed,https://www.indeed.com/viewjob?jk=7d6a4fc11fa45f51,"","2026-05-05"
0,"","Substation Physical Designer 2 - Grid","Sargent & Lundy","San Francisco, California","","$64,817 - $93,201 (yearly)",jobspy_indeed,https://www.indeed.com/viewjob?jk=d68b32fa38d4c7ff,"","2026-05-05"
0,"","Quality Engineer, Nextcam","Adobe","San Francisco, California","","$139,000 - $257,550 (yearly)",jobspy_indeed,https://www.indeed.com/viewjob?jk=93fded9d670ad911,"","2026-05-05"
0,"","Instructor Pool Interior Design UC Berkeley Extension","University of California Berkeley","San Francisco, California","","$1,170 - $3,510 (monthly)",jobspy_indeed,https://www.indeed.com/viewjob?jk=2f01f074e451dfb1,"","2026-05-05"
0,"","Associate Designer","Envision Landscape Studio","San Francisco, California","","",jobspy_indeed,https://www.indeed.com/viewjob?jk=d51df46ab02330dd,"","2026-05-05"
0,"","Lead Residential Interior Designer","Spectrum Interior Design","San Francisco, California","","$100,000 - $150,000 (yearly)",jobspy_indeed,https://www.indeed.com/viewjob?jk=917c14dd07a2fa29,"","2026-05-05"
0,"","MARKETING COORDINATOR","Horton Lees Brogden Lighting Design Inc","San Francisco, California","","$80,500 - $86,400 (yearly)",jobspy_indeed,https://www.indeed.com/viewjob?jk=cfc901414b5c58ec,"","2026-05-05"
0,"","Visual Designer, YouTube Design Systems, AI, Future Experiences","Youtube","San Francisco, California","","$132,000 - $189,000 (yearly)",jobspy_indeed,https://www.indeed.com/viewjob?jk=86000527468cf518,"","2026-05-05"
0,"","Associate Art Director, CGI - Williams Sonoma Home","Williams-Sonoma, Inc.","San Francisco, California","","$110,000 - $115,000 (yearly)",jobspy_indeed,https://www.indeed.com/viewjob?jk=af7473beb478fde4,"","2026-05-04"
0,"","Resource Manager","SCHAWK USA","San Francisco, California","","$85,000 - $95,000 (yearly)",jobspy_indeed,https://www.indeed.com/viewjob?jk=f9d252a3b4b119c2,"","2026-05-04"
0,"","Marcom Designer","Apple","San Francisco, California","","$117,400 - $176,800 (yearly)",jobspy_indeed,https://www.indeed.com/viewjob?jk=07438e7f864dbeaa,"","2026-05-02"
0,"","Senior Electrical Engineer","AECOM","San Francisco, California","","",jobspy_indeed,https://www.indeed.com/viewjob?jk=aaa6e80c48cf71cb,"","2026-05-01"
0,"","Electrical Engineer","ARCHKEY SOLUTIONS","San Francisco, California","","$111,000 - $133,200 (yearly)",jobspy_indeed,https://www.indeed.com/viewjob?jk=bc3232945cfe3845,"","2026-04-30"
0,"","Inbound Trade Sales Representative","Lumens","San Francisco, California","","$55,000 - $60,000 (yearly)",jobspy_indeed,https://www.indeed.com/viewjob?jk=07ab27e0437eb943,"","2026-03-23"
0,"","Senior Lighting Designer - Seattle, WA","Tetra Tech","Seattle, Washington","","$120,000 - $130,000 (yearly)",jobspy_indeed,https://www.indeed.com/viewjob?jk=7d46ca06b12fe528,"","2026-05-06"
0,"","Senior Interior Technical Designer","ZGF Architects","Seattle, Washington","","$122,000 - $142,433 (yearly)",jobspy_indeed,https://www.indeed.com/viewjob?jk=377b93525573b84c,"","2026-05-05"
0,"","A/V Integration Specialist","University Of Washington","Seattle, Washington","","$75,696 - $82,200 (yearly)",jobspy_indeed,https://www.indeed.com/viewjob?jk=293b2fb1d77aaea4,"","2026-05-05"
0,"","Showroom Coordinator – Textiles & Samples (Full‑Time)","Trammell‑Gagné","Seattle, Washington","","$22 - $25 (hourly)",jobspy_indeed,https://www.indeed.com/viewjob?jk=9195312146ab114a,"","2026-05-05"
0,"","MARKETING COORDINATOR","Horton Lees Brogden Lighting Design Inc","Seattle, Washington","","$71,300 - $76,500 (yearly)",jobspy_indeed,https://www.indeed.com/viewjob?jk=377c102199d50e7d,"","2026-05-05"
0,"","Interior Designer Estimator","Ethan Home Repair & Remodeling, LLC","Seattle, Washington","","$45 - $50 (hourly)",jobspy_indeed,https://www.indeed.com/viewjob?jk=c094595b3ed02d26,"","2026-05-04"
0,"","Entry Level Electrical Engineer","Strategic Mission Critical","Seattle, Washington","","$45,000 - $150,000 (yearly)",jobspy_indeed,https://www.indeed.com/viewjob?jk=08d7875fe78a2a39,"","2026-05-04"
0,"","Sr. Project Designer","Cushman & Wakefield","Seattle, Washington","","$55,250 - $65,000 (yearly)",jobspy_indeed,https://www.indeed.com/viewjob?jk=591942d6c6e86de6,"","2026-05-04"
0,"","Mechatronics Automation Design Engineer","Fresh Consulting","Seattle, Washington","","$75,000 - $85,000 (yearly)",jobspy_indeed,https://www.indeed.com/viewjob?jk=ce710ff3154bb145,"","2026-05-01"
0,"","Signal Electrician","City Of Bellevue","Seattle, Washington","","$93,954 - $119,862 (yearly)",jobspy_indeed,https://www.indeed.com/viewjob?jk=105cfd10e96f937b,"","2026-05-01"
0,"","Electrical Designer","Case Engineering, Inc.","Seattle, Washington","","$80,000 - $110,000 (yearly)",jobspy_indeed,https://www.indeed.com/viewjob?jk=48bb89e86c517d26,"","2026-05-01"
0,"","BIM Designer - MEP, DC Design Engineering","Amazon.com","Seattle, Washington","","$96,600 - $160,000 (yearly)",jobspy_indeed,https://www.indeed.com/viewjob?jk=595a1becb65817cb,"","2026-04-28"
0,"","Electrical BIM Designer, DC Design Engineering","Amazon Web Services","Seattle, Washington","","$116,800 - $160,000 (yearly)",jobspy_indeed,https://www.indeed.com/viewjob?jk=6eb23ce73446c258,"","2026-04-24"
0,"","Physical Secuity-ICT BIM Designer, Design Services","Amazon Web Services","Seattle, Washington","","$116,800 - $160,000 (yearly)",jobspy_indeed,https://www.indeed.com/viewjob?jk=7ab8c3e401eb2284,"","2026-04-24"
0,"","Electrical BIM Designer, DC Design Engineering","Amazon.com","Seattle, Washington","","$116,800 - $160,000 (yearly)",jobspy_indeed,https://www.indeed.com/viewjob?jk=3b9aca6544e0c69b,"","2026-04-23"
0,"","Electrical Design Engineer, HV/MV Engineering","Amazon.com","Seattle, Washington","","$116,800 - $160,000 (yearly)",jobspy_indeed,https://www.indeed.com/viewjob?jk=288cd3b0dc680110,"","2026-03-26"
0,"","Mechanical Design Engineer, Data Center Design Engineering","Amazon.com","Seattle, Washington","","$116,800 - $160,000 (yearly)",jobspy_indeed,https://www.indeed.com/viewjob?jk=4880525dc809979d,"","2026-03-23"
0,"","Creative Director CGI, Devices Brand Studio","Amazon.com","Seattle, Washington","","$141,000 - $210,300 (yearly)",jobspy_indeed,https://www.indeed.com/viewjob?jk=7c5caaa5f629cd96,"","2026-02-24"
0,"","Sr. Engineer, Electrical / Mission Critical (Remote)","AHA Consulting Engineers Inc.","Boston, Massachusetts","","",jobspy_indeed,https://www.indeed.com/viewjob?jk=f0d9f196b5aeacf9,"","2026-05-04"
0,"","Sr. Project Designer","Cushman & Wakefield","Boston, Massachusetts","","$55,250 - $65,000 (yearly)",jobspy_indeed,https://www.indeed.com/viewjob?jk=c7a05d5749a4f3aa,"","2026-05-04"
0,"","Production Studio Associate","Hwang Bishop Designs","Boston, Massachusetts","","",jobspy_indeed,https://www.indeed.com/viewjob?jk=b7bf82dc3f91921f,"","2026-04-30"
0,"","PHOTO EDITOR & RETOUCHER","Salt & Pepper Clothing Inc","Los Angeles, California","","$22 - $25 (hourly)",jobspy_indeed,https://www.indeed.com/viewjob?jk=7b93c29bf9daed07,"","2026-05-07"
0,"","Marketing Graphic Designer (Full-Time, On-Site)","Empire Pro","Los Angeles, California","","$25 - $35 (hourly)",jobspy_indeed,https://www.indeed.com/viewjob?jk=df834ebc822d96c7,"","2026-05-07"
0,"","Interior Designer - Junior","Lume Windows","Los Angeles, California","","$72,800 - $100,000 (yearly)",jobspy_indeed,https://www.indeed.com/viewjob?jk=e093649d4898c6ea,"","2026-05-06"
0,"","Technical Designer","PacSun","Los Angeles, California","","$80,719 - $92,000 (yearly)",jobspy_indeed,https://www.indeed.com/viewjob?jk=5c2029df3ba46c83,"","2026-05-06"
0,"","Lighting Designer","Tetra Tech","Los Angeles, California","","$75,000 - $90,000 (yearly)",jobspy_indeed,https://www.indeed.com/viewjob?jk=92dd220825acaa36,"","2026-05-06"
0,"","Engineer","Avalon Beverly Hills","Los Angeles, California","","",jobspy_indeed,https://www.indeed.com/viewjob?jk=39135adeab0c8031,"","2026-05-06"
0,"","Marketing Specialist","Ubank Lending","Los Angeles, California","","$48,000 - $60,000 (yearly)",jobspy_indeed,https://www.indeed.com/viewjob?jk=da55599357023265,"","2026-05-06"
0,"","Account Executive - Design Solutions (Comercial/B2B)","St. Nicks Lighting and Decor","Los Angeles, California","","$65,000 - $85,000 (yearly)",jobspy_indeed,https://www.indeed.com/viewjob?jk=415e1afd9ab60fc8,"","2026-05-05"
0,"","Technical Producer (Live Entertainment)","Stories Illuminated","Los Angeles, California","","$80,000 - $90,000 (yearly)",jobspy_indeed,https://www.indeed.com/viewjob?jk=b798bd197db3c3c1,"","2026-05-05"
0,"","Senior Show Lighting Designer - Project Hire/ Internal Assignment","Disney Parks, Experiences and Products","Los Angeles, California","","",jobspy_indeed,https://www.indeed.com/viewjob?jk=008ffdfc115525d2,"","2026-05-05"
0,"","Executive Assistant","Disney Parks, Experiences and Products","Los Angeles, California","","",jobspy_indeed,https://www.indeed.com/viewjob?jk=69b84080acc669b0,"","2026-05-07"
0,"","Senior Show Lighting Designer - Project Hire/ Internal Assignment","The Walt Disney Company","Los Angeles, California","","$111,500 - $140,900 (yearly)",jobspy_indeed,https://www.indeed.com/viewjob?jk=de5d2715e869fd2f,"","2026-05-04"
0,"","Project Architect - Interiors","NBBJ","Los Angeles, California","","$110,000 - $140,000 (yearly)",jobspy_indeed,https://www.indeed.com/viewjob?jk=67b391fcc44480a1,"","2026-05-04"
0,"","Show Lighting Designer - Project Hire/ Internal Assignment","The Walt Disney Company","Los Angeles, California","","$95,500 - $128,000 (yearly)",jobspy_indeed,https://www.indeed.com/viewjob?jk=fbb810035e8e11f3,"","2026-05-04"
0,"","Electrical Engineer","Jacobs","Los Angeles, California","","$97,700 - $171,000 (yearly)",jobspy_indeed,https://www.indeed.com/viewjob?jk=b069b15265e2deb7,"","2026-05-04"
0,"","Senior Electrical Engineer","Jacobs","Los Angeles, California","","$118,300 - $207,100 (yearly)",jobspy_indeed,https://www.indeed.com/viewjob?jk=ba8c1742d1b87979,"","2026-05-04"
0,"","Senior Interior Architectural Graphic Designer","Elite Lighting","Los Angeles, California","","",jobspy_indeed,https://www.indeed.com/viewjob?jk=58c1998de1073999,"","2026-05-04"
0,"","Sr. Project Designer","Cushman & Wakefield","Los Angeles, California","","$55,250 - $65,000 (yearly)",jobspy_indeed,https://www.indeed.com/viewjob?jk=7cd6ac10c3c72699,"","2026-05-04"
0,"","Bilingual Sourcing Manager, Electronics & Plastics - The Toro Company","The Toro Company","Los Angeles, California","","$122,000 - $150,000 (yearly)",jobspy_indeed,https://www.indeed.com/viewjob?jk=57f44d7434f168b3,"","2026-05-03"
0,"","Customer Service / Sales Representative","Liton Lighting","Los Angeles, California","","$24 - $27 (hourly)",jobspy_indeed,https://www.indeed.com/viewjob?jk=0bc5521ed594364b,"","2026-05-02"
0,"","Visual Development Apprentice","Skydance Media","Los Angeles, California","","",jobspy_indeed,https://www.indeed.com/viewjob?jk=f6e8b17fe9d66605,"","2026-05-01"
0,"","Lead Operations (Retail) - Soho Home Melrose","Soho House & Co.","Los Angeles, California","","",jobspy_indeed,https://www.indeed.com/viewjob?jk=479fd97deae192b6,"","2026-05-01"
0,"","Electrical Project Manger - Los Angeles","Turpin & Rattan Engineering","Los Angeles, California","","$80,000 - $140,000 (yearly)",jobspy_indeed,https://www.indeed.com/viewjob?jk=e0a2aa83afecb460,"","2026-03-24"
0,"","Creative Director CGI, Devices Brand Studio","Amazon.com","Los Angeles, California","","$141,000 - $210,300 (yearly)",jobspy_indeed,https://www.indeed.com/viewjob?jk=1fc6c4a2854d92e0,"","2026-02-24"
0,"","Electrical Designer - Los Angeles","Turpin & Rattan Engineering","Los Angeles, California","","$24 - $40 (hourly)",jobspy_indeed,https://www.indeed.com/viewjob?jk=d62709b55a2da91a,"","2025-07-29"
0,"","Electrical Substation Designer II","Rosendin Electric","Washington, DC","","",jobspy_indeed,https://www.indeed.com/viewjob?jk=05f80c9b74ba63ac,"","2026-05-06"
0,"","Digital Content Specialist","Akoya","Washington, DC","","$95,000 - $110,000 (yearly)",jobspy_indeed,https://www.indeed.com/viewjob?jk=1d95270bc9e2a942,"","2026-05-06"
0,"","Senior Substation Physical Designer 1 -- Grid","Sargent & Lundy","Washington, DC","","$77,890 - $118,999 (yearly)",jobspy_indeed,https://www.indeed.com/viewjob?jk=36114015f9fd8f35,"","2026-05-05"
0,"","Senior Digital Content Designer","Steerbridge","Washington, DC","","$115,000 - $135,000 (yearly)",jobspy_indeed,https://www.indeed.com/viewjob?jk=1a233cf1a2972ca7,"","2026-05-05"
0,"","Senior Workplace Interior Designer (8-15 yrs)","Hickok Cole","Washington, DC","","",jobspy_indeed,https://www.indeed.com/viewjob?jk=8a6ae5aed14a3daa,"","2026-05-04"
0,"","Lead Electrical Designer","Bechtel","Washington, DC","","",jobspy_indeed,https://www.indeed.com/viewjob?jk=c8c23ed2dbc64bbf,"","2026-05-04"
0,"","Cable Department Lead","4Wall Entertainment","Washington, DC","","$22 - $23 (hourly)",jobspy_indeed,https://www.indeed.com/viewjob?jk=2bd654594d02094b,"","2026-05-04"
0,"","Regional Sales Rep - Lighting","Landscape Forms, Inc","Washington, DC","","",jobspy_indeed,https://www.indeed.com/viewjob?jk=268f44d13f41adec,"","2026-05-04"
0,"","Sr. Project Designer","Cushman & Wakefield","Washington, DC","","$55,250 - $65,000 (yearly)",jobspy_indeed,https://www.indeed.com/viewjob?jk=e16d562ceb28aad8,"","2026-05-04"
0,"","H&M Visual Merchandiser G street Washington DC","H&M","Washington, DC","","$20 - $24 (hourly)",jobspy_indeed,https://www.indeed.com/viewjob?jk=665f81b0c582e792,"","2026-05-02"
0,"","Electrical Engineering Graduate Designer | Germantown, MD","IMEG","Washington, DC","","$74,000 - $88,000 (yearly)",jobspy_indeed,https://www.indeed.com/viewjob?jk=c50788c3fc88546e,"","2026-05-01"
0,"","Technical Designer - Junior","Gensler","Washington, DC","","$67,000 - $74,000 (yearly)",jobspy_indeed,https://www.indeed.com/viewjob?jk=1cf19bcda66d5ab6,"","2026-05-01"
0,"","Physical Secuity-ICT BIM Designer, Design Services","Amazon Web Services","Washington, DC","","$116,800 - $160,000 (yearly)",jobspy_indeed,https://www.indeed.com/viewjob?jk=6fe60b174680a852,"","2026-04-24"
0,"","Electrical BIM Designer, DC Design Engineering","Amazon Web Services","Washington, DC","","$116,800 - $160,000 (yearly)",jobspy_indeed,https://www.indeed.com/viewjob?jk=dd2c73af00f9b94d,"","2026-04-24"
0,"","Principal Technical Artist, Games R&D - Tech Lab","Netflix","Remote","","$310,000 - $520,000 (yearly)",jobspy_indeed,https://www.indeed.com/viewjob?jk=4d6d019c6ad06565,"","2026-05-06"
0,"","Substation Physical Project Designer - Grid","Sargent & Lundy","Remote","","$94,247 - $143,989 (yearly)",jobspy_indeed,https://www.indeed.com/viewjob?jk=b380401767746c53,"","2026-05-05"
0,"","Estimator","NWPX Infrastructure Inc.","Remote","","$80,000 - $96,500 (yearly)",jobspy_indeed,https://www.indeed.com/viewjob?jk=26640bff4994f1a1,"","2026-05-04"
0,"","Creative Director for Events","Meeting Tomorrow","Remote","","$113,607 - $142,008 (yearly)",jobspy_indeed,https://www.indeed.com/viewjob?jk=37c646a755447026,"","2026-05-01"
0,"","Electrical Engineer","ARCHKEY SOLUTIONS","Remote","","",jobspy_indeed,https://www.indeed.com/viewjob?jk=1bd6516846888abd,"","2026-04-30"
0,"","Maintenance Technician","Sand Creek Country Club","Chicago, Illinois","","$55,000 - $60,000 (yearly)",jobspy_indeed,https://www.indeed.com/viewjob?jk=6b912c02c59e1435,"","2026-05-07"
0,"","Tow Truck Repair Installer","Lynch Family of Dealerships","Chicago, Illinois","","",jobspy_indeed,https://www.indeed.com/viewjob?jk=6210405887a942f7,"","2026-05-07"
0,"","Field Services Supervisor - San Diego, CA","Watterson Environmental & Facilities Management","Chicago, Illinois","","$70,000 - $85,000 (yearly)",jobspy_indeed,https://www.indeed.com/viewjob?jk=ba7ef2cf7b486e20,"","2026-05-07"
0,"","Technician III - 3rd Shift","Dollar Tree","Chicago, Illinois","","",jobspy_indeed,https://www.indeed.com/viewjob?jk=5bd709816629226d,"","2026-05-06"
0,"","Maintenance Technician","Lakhani Hospitality","Chicago, Illinois","","$18 - $22 (hourly)",jobspy_indeed,https://www.indeed.com/viewjob?jk=a830f253f3ce073b,"","2026-05-06"
0,"","Senior Maintenance Technician","HuFriedyGroup","Chicago, Illinois","","$28 - $35 (hourly)",jobspy_indeed,https://www.indeed.com/viewjob?jk=8abac2762db50178,"","2026-05-06"
0,"","Maintenance Technician","HuFriedyGroup","Chicago, Illinois","","$25 - $32 (hourly)",jobspy_indeed,https://www.indeed.com/viewjob?jk=8b3f7591c27f6637,"","2026-05-06"
0,"","Trailer Technician","W&B SERVICE COMPANY","Chicago, Illinois","","",jobspy_indeed,https://www.indeed.com/viewjob?jk=57c51fe04fc521dd,"","2026-05-06"
0,"","Industrial Electrician","Amcor","Chicago, Illinois","","",jobspy_indeed,https://www.indeed.com/viewjob?jk=3597649d8fa5cebf,"","2026-05-06"
0,"","Maintenance Technician","Beachwalk Vacation Rentals","Chicago, Illinois","","",jobspy_indeed,https://www.indeed.com/viewjob?jk=09e55b17b776131f,"","2026-05-06"
0,"","Maintenance Technician","Quarterhill","Chicago, Illinois","","$27 - $33 (hourly)",jobspy_indeed,https://www.indeed.com/viewjob?jk=9e8471ae5090e123,"","2026-05-05"
0,"","Maintenance Technician","JLL","Chicago, Illinois","","$36 - $36 (hourly)",jobspy_indeed,https://www.indeed.com/viewjob?jk=af7d918ac952d024,"","2026-05-05"
0,"","Instrumentation & Electrical (I&E) Supervisor / Maintenance","Rowell Chemical Corporation","Chicago, Illinois","","$95,000 - $120,000 (yearly)",jobspy_indeed,https://www.indeed.com/viewjob?jk=432387afedabdedc,"","2026-05-05"
0,"","Technical Manager","Chuck E. Cheese","Chicago, Illinois","","$18 - $22 (hourly)",jobspy_indeed,https://www.indeed.com/viewjob?jk=30f899b94e75237d,"","2026-05-05"
0,"","Filtration Technician (Union AFSCME)","City of Evanston, IL","Chicago, Illinois","","$44 - $54 (hourly)",jobspy_indeed,https://www.indeed.com/viewjob?jk=2c2c9d1e3d423cad,"","2026-05-05"
0,"","Industrial Maintenance Technician II","ECHO","Chicago, Illinois","","",jobspy_indeed,https://www.indeed.com/viewjob?jk=11abc093039e81d6,"","2026-05-05"
0,"","Hospital Maintenance Technician - Chicago, IL (Mars Veterinary Health)","Banfield Pet Hospital","Chicago, Illinois","","$33 - $52 (hourly)",jobspy_indeed,https://www.indeed.com/viewjob?jk=f7672dca981e8497,"","2026-05-05"
0,"","Maintenance Technician","Mobile Generation","Chicago, Illinois","","$50,000 - $60,000 (yearly)",jobspy_indeed,https://www.indeed.com/viewjob?jk=a8e7a36788569499,"","2026-05-04"
0,"","Handyman (Suburbs)","HOATalent","Chicago, Illinois","","$25 - $35 (yearly)",jobspy_indeed,https://www.indeed.com/viewjob?jk=958c26ca0031a2fa,"","2026-05-04"
0,"","Handyman/Maintenance Tech","HOATalent","Chicago, Illinois","","$30 - $40 (hourly)",jobspy_indeed,https://www.indeed.com/viewjob?jk=652ec46b3fa58ba6,"","2026-05-04"
0,"","Commercial Service Technician","Guitar Center","Chicago, Illinois","","",jobspy_indeed,https://www.indeed.com/viewjob?jk=92f14fb573923a0d,"","2026-05-01"
0,"","Seasonal Park Technician","Norridge Park District","Chicago, Illinois","","$15 - $18 (hourly)",jobspy_indeed,https://www.indeed.com/viewjob?jk=68c55fa1f9b0937a,"","2026-05-01"
0,"","Advanced Commercial Lighting Controls Lead Programming Technician","Enterprise Lighting Sales","New York, New York","","$60,000 - $70,000 (yearly)",jobspy_indeed,https://www.indeed.com/viewjob?jk=3a56dfa69d7cac89,"","2026-05-07"
0,"","Facilities Manager Technician","LA Fitness","New York, New York","","$22 - $25 (hourly)",jobspy_indeed,https://www.indeed.com/viewjob?jk=aea3616fe7e888ba,"","2026-05-06"
0,"","Maintenance Technician","St. Johnland","New York, New York","","",jobspy_indeed,https://www.indeed.com/viewjob?jk=7d6376caee04475b,"","2026-05-06"
0,"","Automotive Electronics Technician- 12 volt","Island Tech Services","New York, New York","","$19 - $25 (hourly)",jobspy_indeed,https://www.indeed.com/viewjob?jk=c18a3b7fe9c33273,"","2026-05-06"
0,"","Apartment Maintenance Technician","LARKEN ASSOCIATES","New York, New York","","$21 - $25 (hourly)",jobspy_indeed,https://www.indeed.com/viewjob?jk=c94e849f66bf08a0,"","2026-05-06"
0,"","Water Feature Maintenance Technician","Garden State Koi & Aquatic Center","New York, New York","","$18 - $20 (hourly)",jobspy_indeed,https://www.indeed.com/viewjob?jk=1a878cecdaa29acb,"","2026-05-06"
0,"","Hospital Maintenance Technician - NYC Island (Mars Veterinary Health)","Banfield Pet Hospital","New York, New York","","$33 - $62 (hourly)",jobspy_indeed,https://www.indeed.com/viewjob?jk=db3e27c5f83ee095,"","2026-05-04"
0,"","Lighting Technician","Willdan","New York, New York","","",jobspy_indeed,https://www.indeed.com/viewjob?jk=9cb47d375cd776e9,"","2026-05-04"
0,"","Electrical Service Technician","VISION LINE","New York, New York","","$22 - $35 (hourly)",jobspy_indeed,https://www.indeed.com/viewjob?jk=6a553ac7ecdd34bf,"","2026-05-04"
0,"","Facilities Manager","DO & CO","New York, New York","","$140,000 - $160,000 (yearly)",jobspy_indeed,https://www.indeed.com/viewjob?jk=cd56233936b670a0,"","2026-05-04"
0,"","Maintenance Technicican","The W Group Mgmt","New York, New York","","$17 - $19 (hourly)",jobspy_indeed,https://www.indeed.com/viewjob?jk=70a521975789a326,"","2026-05-04"
0,"","PM Engineering Operations Director","CBRE","New York, New York","","$175,000 - $190,000 (yearly)",jobspy_indeed,https://www.indeed.com/viewjob?jk=efc77b1a21206615,"","2026-05-01"
0,"","Auto Mechanic / Technician","1811 Auto Repair","New York, New York","","$1,200 - $2,000 (weekly)",jobspy_indeed,https://www.indeed.com/viewjob?jk=8ced9bfbfde257c4,"","2026-05-01"
0,"","Assistant Maintenance (HVAC Required) - Delta Pines","Rainey Property Management","San Francisco, California","","$25 - $27 (hourly)",jobspy_indeed,https://www.indeed.com/viewjob?jk=d5fcd7b61b605909,"","2026-05-07"
0,"","Service Technician","DXP Enterprises","San Francisco, California","","",jobspy_indeed,https://www.indeed.com/viewjob?jk=ef109935a3cfdb9e,"","2026-05-06"
0,"","Process Technician","KYOCERA SLD Laser","San Francisco, California","","$30 - $34 (hourly)",jobspy_indeed,https://www.indeed.com/viewjob?jk=47e53ff94793c1c8,"","2026-05-06"
0,"","Assistant Chief Engineer - Union","JLL","San Francisco, California","","$172,931 - $172,931 (yearly)",jobspy_indeed,https://www.indeed.com/viewjob?jk=962850698bb21024,"","2026-05-06"
0,"","Maint Mechanic Tech III - Mid Shift","INW Proform Laboratories","San Francisco, California","","",jobspy_indeed,https://www.indeed.com/viewjob?jk=3a49ef52498c1aa9,"","2026-05-06"
0,"","Stationary Engineer","Emerald Fund - 100 & 150 Van ness, Luxury Residential Highrises","San Francisco, California","","",jobspy_indeed,https://www.indeed.com/viewjob?jk=f8bff69d8970d9c9,"","2026-05-06"
0,"","Low Voltage Technician","Encode","San Francisco, California","","$21 - $25 (hourly)",jobspy_indeed,https://www.indeed.com/viewjob?jk=cdef44860b603a8a,"","2026-05-06"
0,"","Low Voltage Technician (Rough-in/New Construction","Jewells Quality Home System","San Francisco, California","","$25 - $35 (hourly)",jobspy_indeed,https://www.indeed.com/viewjob?jk=d99bcb65e5ae658a,"","2026-05-06"
0,"","Field Service Technician","Cisco Air Systems","San Francisco, California","","$30 - $60 (hourly)",jobspy_indeed,https://www.indeed.com/viewjob?jk=e7a06affb021493c,"","2026-05-06"
0,"","Lead Commissioning Technician","ABM Industries Inc.","San Francisco, California","","$60 - $75 (hourly)",jobspy_indeed,https://www.indeed.com/viewjob?jk=9adf7fa7545e28b4,"","2026-05-05"
0,"","Maintenance Technician","JLL","San Francisco, California","","$65,000 - $70,000 (yearly)",jobspy_indeed,https://www.indeed.com/viewjob?jk=aaf07a5b702d291f,"","2026-05-04"
0,"","Region Facilities Maintenance Manager","Challenger School Foundation","San Francisco, California","","$90,000 - $110,000 (yearly)",jobspy_indeed,https://www.indeed.com/viewjob?jk=e33a9889a8ae1b5e,"","2026-05-01"
0,"","Signals - Maintenance Specialist","City of San Ramon","San Francisco, California","","",jobspy_indeed,https://www.indeed.com/viewjob?jk=3e0f362592c00d81,"","2026-05-01"
0,"","Maintenance Technician (Paulson Park I, Paulson Park II)","MidPen Housing Corporation","San Francisco, California","","$25 - $28 (hourly)",jobspy_indeed,https://www.indeed.com/viewjob?jk=59c9a31cb9825183,"","2026-05-01"
0,"","Stagehand/Skilled Labor Technician","STAGE MONKEY RESOURCES INC","San Francisco, California","","$25 - $40 (hourly)",jobspy_indeed,https://www.indeed.com/viewjob?jk=482733a0663354de,"","2026-05-01"
0,"","Mechanical/Electrical Maintenance Technician","Rossmoor Walnut Creek","San Francisco, California","","",jobspy_indeed,https://www.indeed.com/viewjob?jk=4b1b6ab6447a8fbc,"","2026-05-01"
0,"","Mobile Facilities Maintenance Tech","ABM Industries Inc.","San Francisco, California","","$33 - $40 (hourly)",jobspy_indeed,https://www.indeed.com/viewjob?jk=1307175b9a9fa606,"","2026-04-30"
0,"","Program Assistant - Part-Time Theater Technician","City of Pleasanton, CA","San Francisco, California","","$20 - $25 (hourly)",jobspy_indeed,https://www.indeed.com/viewjob?jk=2673872b81a93a65,"","2026-04-23"
0,"","Program Assistant - Part-Time Theater Technician","City of Pleasanton","San Francisco, California","","$20 - $25 (hourly)",jobspy_indeed,https://www.indeed.com/viewjob?jk=dcbc84be21fd5ce0,"","2026-04-23"
0,"","LED Outdoor Lighting Installation Technician","Washington Outdoor Lighting","Seattle, Washington","","",jobspy_indeed,https://www.indeed.com/viewjob?jk=3820d8cc0b9083b5,"","2026-05-07"
0,"","Maintenance Technician - Vantage","Devco Residential Group","Seattle, Washington","","$24 - $27 (hourly)",jobspy_indeed,https://www.indeed.com/viewjob?jk=93e143c1605f6e51,"","2026-05-06"
0,"","Automotive Technician","Courtesy Auto Service","Seattle, Washington","","$30 - $40 (hourly)",jobspy_indeed,https://www.indeed.com/viewjob?jk=9a814e0bea266304,"","2026-05-06"
0,"","Maintenance Engineer / Full Time","CCS Facility Services","Seattle, Washington","","",jobspy_indeed,https://www.indeed.com/viewjob?jk=ea796c624f19b834,"","2026-05-05"
0,"","Maintenance Electrician","JLL","Seattle, Washington","","",jobspy_indeed,https://www.indeed.com/viewjob?jk=766b629114437da3,"","2026-05-05"
0,"","Slot Repair Technician","Noo-Kayet Investments","Seattle, Washington","","",jobspy_indeed,https://www.indeed.com/viewjob?jk=fa803a6e2b9ccefa,"","2026-05-05"
0,"","Instrument Repair Technician","BPI MEDICAL","Seattle, Washington","","",jobspy_indeed,https://www.indeed.com/viewjob?jk=16a0e26e6a02ce7d,"","2026-05-04"
0,"","Vehicle Upfitting Technician","Lehr Auto","Seattle, Washington","","$20 - $25 (hourly)",jobspy_indeed,https://www.indeed.com/viewjob?jk=1bfd9460e92a4965,"","2026-05-04"
0,"","Lead Maintenance Technician - Foster Creek","TAM Residential, LLC","Seattle, Washington","","$35 - $40 (hourly)",jobspy_indeed,https://www.indeed.com/viewjob?jk=a1a69754c16a280d,"","2026-05-04"
0,"","Facilities Maintenance Technician","The Evergreen School","Seattle, Washington","","$64,000 - $74,000 (yearly)",jobspy_indeed,https://www.indeed.com/viewjob?jk=49b3be304601c3e1,"","2026-05-04"
0,"","Senior Facilities and Building Maintenance Technician","TAPCO Credit Union","Seattle, Washington","","$34 - $38 (hourly)",jobspy_indeed,https://www.indeed.com/viewjob?jk=aa65e4756370b67d,"","2026-05-02"
0,"","Heavy Equipment Mechanic","Utility Trailer Sales of Washington","Seattle, Washington","","$23 - $50 (hourly)",jobspy_indeed,https://www.indeed.com/viewjob?jk=29b8eff2f55c2b9b,"","2026-05-01"
0,"","Property Maintenance Repair Technician 40 hours (Everett, WA)","nan","Seattle, Washington","","$23 - $30 (hourly)",jobspy_indeed,https://www.indeed.com/viewjob?jk=85eab26e8d951d1c,"","2026-05-01"
0,"","Maintenance Technician - Multi-site","Cloudten Residential","Seattle, Washington","","$25 - $29 (hourly)",jobspy_indeed,https://www.indeed.com/viewjob?jk=3f8127efb5ad6a9e,"","2026-04-30"
0,"","Maintenance Technician","Cloudten Residential","Seattle, Washington","","$25 - $28 (hourly)",jobspy_indeed,https://www.indeed.com/viewjob?jk=f1a19cdbdf822dfd,"","2026-04-30"
0,"","Slot Repair Tech","Noo-Kayet Development Corporation","Seattle, Washington","","",jobspy_indeed,https://www.indeed.com/viewjob?jk=e7b010abe5ab3213,"","2026-04-30"
0,"","Facility Maintenance Technician","TravelCenters of America","Seattle, Washington","","$24 - $28 (hourly)",jobspy_indeed,https://www.indeed.com/viewjob?jk=0bcf6953aca5e66e,"","2026-04-30"
0,"","Maintenance Tech Apprentice in Bellevue WA","CBRE","Seattle, Washington","","",jobspy_indeed,https://www.indeed.com/viewjob?jk=c408fbf442565ae1,"","2026-04-29"
0,"","Assistant Director of Facilities","The Meadowbrook School of Weston","Boston, Massachusetts","","$80,000 - $95,000 (yearly)",jobspy_indeed,https://www.indeed.com/viewjob?jk=6f207c1dc3bf2f76,"","2026-05-06"
0,"","Building Energy Management Systems Technician","Umass Lowell","Boston, Massachusetts","","",jobspy_indeed,https://www.indeed.com/viewjob?jk=d930e77e870473a2,"","2026-05-06"
0,"","Vanbody Specialist","U-Haul","Boston, Massachusetts","","$19 - $21 (hourly)",jobspy_indeed,https://www.indeed.com/viewjob?jk=501d1bc3a2e2c59d,"","2026-05-06"
0,"","Residential Electrical Apprentice","KES","Boston, Massachusetts","","$19 - $24 (hourly)",jobspy_indeed,https://www.indeed.com/viewjob?jk=caa6d4781bdfe8ae,"","2026-05-06"
0,"","Automotive Electronics Technician- 12 volt","Island Tech Services","Boston, Massachusetts","","$19 - $25 (hourly)",jobspy_indeed,https://www.indeed.com/viewjob?jk=8075bfc507df93f3,"","2026-05-06"
0,"","X Production Technician","Globe Composite Solutions","Boston, Massachusetts","","",jobspy_indeed,https://www.indeed.com/viewjob?jk=a4272016058c1c0b,"","2026-05-06"
0,"","Automotive Technician","United States Postal Service","Boston, Massachusetts","","",jobspy_indeed,https://www.indeed.com/viewjob?jk=a56d8f7e0eb38b59,"","2026-05-06"
0,"","General Maintenance Technician","UG2","Boston, Massachusetts","","$36 - $38 (hourly)",jobspy_indeed,https://www.indeed.com/viewjob?jk=1068f740d9b348eb,"","2026-05-05"
0,"","Building Engineer","Lincoln Property Company","Boston, Massachusetts","","",jobspy_indeed,https://www.indeed.com/viewjob?jk=06e1fc1c3bb5b4c1,"","2026-05-05"
0,"","Tractor Trailer Mechanic","Old Dominion Freight Line","Boston, Massachusetts","","$34 - $38 (hourly)",jobspy_indeed,https://www.indeed.com/viewjob?jk=6ddde00010b5c6f9,"","2026-05-05"
0,"","Manufacturing Technician – Packaging & Logistics","nan","Boston, Massachusetts","","$18 - $25 (hourly)",jobspy_indeed,https://www.indeed.com/viewjob?jk=abb0fda101791e3a,"","2026-05-02"
0,"","Manufacturing Technician - Fixture Assembly","nan","Boston, Massachusetts","","$18 - $25 (hourly)",jobspy_indeed,https://www.indeed.com/viewjob?jk=daf7236fdc55fa35,"","2026-05-02"
0,"","Maintenance Mechanic – $36/hour","Personnel People","Boston, Massachusetts","","$30 - $36 (hourly)",jobspy_indeed,https://www.indeed.com/viewjob?jk=3dd04f36f26b7795,"","2026-05-02"
0,"","Maintenanc Technician","Life Time","Boston, Massachusetts","","$26 - $34 (hourly)",jobspy_indeed,https://www.indeed.com/viewjob?jk=ca9e6ca4d6bd3d33,"","2026-04-30"
0,"","LGS Facilities Maintenance Tech - Santa Clarita CA or Oceanside CA Based","LGSTX Services","Los Angeles, California","","",jobspy_indeed,https://www.indeed.com/viewjob?jk=d6a551b107eab355,"","2026-05-07"
0,"","Maintenance Technician","Avenue5 Residential","Los Angeles, California","","$24 - $25 (hourly)",jobspy_indeed,https://www.indeed.com/viewjob?jk=fdcfc89842cbf1f8,"","2026-05-06"
0,"","Photographer","CBS News and Stations","Los Angeles, California","","$101,297 - $128,293 (yearly)",jobspy_indeed,https://www.indeed.com/viewjob?jk=f34b9f1b1e797dd4,"","2026-05-06"
0,"","Packaging Technician","LUMINIT","Los Angeles, California","","",jobspy_indeed,https://www.indeed.com/viewjob?jk=03c0fb49d2b6aafd,"","2026-05-06"
0,"","Service Electrician - Anaheim","AAA Facility Services","Los Angeles, California","","$32 - $43 (hourly)",jobspy_indeed,https://www.indeed.com/viewjob?jk=7602413c3d611edc,"","2026-05-05"
0,"","Maintenance Technician","Matrix Bottling Group","Los Angeles, California","","$30 - $45 (hourly)",jobspy_indeed,https://www.indeed.com/viewjob?jk=b06c82b2a76b5953,"","2026-05-05"
0,"","Manufacturing Maintenance Manager","CDM Drugs","Los Angeles, California","","$80,000 - $100,000 (yearly)",jobspy_indeed,https://www.indeed.com/viewjob?jk=d7dff80383e10384,"","2026-05-05"
0,"","Electrical Technician (Pardee)","EAST BAY MUNICIPAL UTILITY DISTRICT (EBMUD)","Los Angeles, California","","$135,720 - $157,128 (yearly)",jobspy_indeed,https://www.indeed.com/viewjob?jk=fa1077d4dbdd2e9b,"","2026-05-05"
0,"","Hospital Maintenance Technician - Los Angeles, CA (Mars Veterinary Health)","Banfield Pet Hospital","Los Angeles, California","","$33 - $60 (hourly)",jobspy_indeed,https://www.indeed.com/viewjob?jk=bf01c945f4327525,"","2026-05-04"
0,"","Electrical and Instrument Technician","West Valley Water District","Los Angeles, California","","$76,336 - $107,869 (yearly)",jobspy_indeed,https://www.indeed.com/viewjob?jk=08c5d8fe59c979d7,"","2026-05-04"
0,"","Facilities Technician","Claremont McKenna College","Los Angeles, California","","$26 - $28 (hourly)",jobspy_indeed,https://www.indeed.com/viewjob?jk=39043c8be52e767b,"","2026-05-04"
0,"","Off Road Technician Needed","REBEL OFF ROAD TX","Los Angeles, California","","$20 - $34 (hourly)",jobspy_indeed,https://www.indeed.com/viewjob?jk=4920148780546652,"","2026-05-04"
0,"","Operations Manager","archer","Los Angeles, California","","$117,000 - $147,000 (yearly)",jobspy_indeed,https://www.indeed.com/viewjob?jk=871011e5d6216ea9,"","2026-05-04"
0,"","Mechanical Lead At Cannabis Cultivation","2100 E Artesia LLC","Los Angeles, California","","",jobspy_indeed,https://www.indeed.com/viewjob?jk=e9e584e8d0b8a743,"","2026-05-04"
0,"","Porter/Maintenance - Arbor at Woodbury","Quality Management Group","Los Angeles, California","","$22 - $23 (hourly)",jobspy_indeed,https://www.indeed.com/viewjob?jk=a21256cf47924f7e,"","2026-05-01"
0,"","Maintenance Technician ($27.02 - $34.13)","The Irvine Company","Los Angeles, California","","$27 - $34 (hourly)",jobspy_indeed,https://www.indeed.com/viewjob?jk=401490d43d78bf88,"","2026-05-01"
0,"","Supervisor, Electrical","SpaceX","Los Angeles, California","","$110,000 - $140,000 (yearly)",jobspy_indeed,https://www.indeed.com/viewjob?jk=d2152dae0399c976,"","2026-05-01"
0,"","Maintenance Engineer","Ramada Palmdale","Los Angeles, California","","$17 - $20 (hourly)",jobspy_indeed,https://www.indeed.com/viewjob?jk=b253f3ed007277ce,"","2026-05-01"
0,"","Maintenance Technician","Girl Scouts of the USA","Los Angeles, California","","$20 - $21 (hourly)",jobspy_indeed,https://www.indeed.com/viewjob?jk=67c94ab877ea29a2,"","2026-04-30"
0,"","Maintenance Building Technician","nan","Los Angeles, California","","$20 - $30 (hourly)",jobspy_indeed,https://www.indeed.com/viewjob?jk=1151383e0a4cce80,"","2026-04-30"
0,"","Facilities Maintenance Technician-HCC","Hestan Commercial Corporation","Los Angeles, California","","$25 - $29 (hourly)",jobspy_indeed,https://www.indeed.com/viewjob?jk=d2dcf16ea05541b2,"","2026-04-30"
0,"","Sr Building Engineer","CBRE","Los Angeles, California","","$40 - $45 (hourly)",jobspy_indeed,https://www.indeed.com/viewjob?jk=c152281cb662e8e1,"","2026-04-27"
0,"","LGS Facilities Maintenance Tech - King of Prussia PA or Laurel MD Based","LGSTX Services","Washington, DC","","",jobspy_indeed,https://www.indeed.com/viewjob?jk=a9d78b3d1af9986d,"","2026-05-07"
0,"","Instrumentation and Electrical Technician I","Prince William County Service Authority","Washington, DC","","$65,052 - $85,312 (yearly)",jobspy_indeed,https://www.indeed.com/viewjob?jk=565f40514b132bcd,"","2026-05-06"
0,"","Electrical Maintenance Technician 2 - Night Shift - Urbana, MD","M.C. Dean, Inc.","Washington, DC","","$30 - $45 (hourly)",jobspy_indeed,https://www.indeed.com/viewjob?jk=15a2ae1cae0d327a,"","2026-05-06"
0,"","Electrical Maintenance Technician 1 - Night Shift - Urbana, MD","M.C. Dean, Inc.","Washington, DC","","$25 - $35 (hourly)",jobspy_indeed,https://www.indeed.com/viewjob?jk=e79a98b8c3760285,"","2026-05-06"
0,"","Maintenance Technician III","Balfour Beatty","Washington, DC","","",jobspy_indeed,https://www.indeed.com/viewjob?jk=baa24416f137da6d,"","2026-05-06"
0,"","Mobile HVAC/Maintenance Technician","JLL","Washington, DC","","$68,640 - $74,880 (yearly)",jobspy_indeed,https://www.indeed.com/viewjob?jk=b8eb0dad05a5d02a,"","2026-05-06"
0,"","Auto Mechanic - Experienced","ADESA","Washington, DC","","$25 - $30 (hourly)",jobspy_indeed,https://www.indeed.com/viewjob?jk=c282f96a09b92875,"","2026-05-06"
0,"","Maintenance Technician","Breakthru Beverage Group","Washington, DC","","$25 - $30 (hourly)",jobspy_indeed,https://www.indeed.com/viewjob?jk=799894a0c2edea0e,"","2026-05-06"
0,"","Irrigation Service Technician","Aqua-Bright","Washington, DC","","$25 - $35 (hourly)",jobspy_indeed,https://www.indeed.com/viewjob?jk=181bafaf5a0c3219,"","2026-05-06"
0,"","Critical Facilities Engineer, NA","Vantage Data Centers","Washington, DC","","",jobspy_indeed,https://www.indeed.com/viewjob?jk=e60babb7bdf1b9d9,"","2026-05-06"
0,"","Commercial Refrigeration Technician Serving Food Lion Brand Stores","AHOLD Delhaize","Washington, DC","","",jobspy_indeed,https://www.indeed.com/viewjob?jk=b12ee045fe0e358b,"","2026-05-06"
0,"","Lead Engineer","BXP","Washington, DC","","$42 - $54 (hourly)",jobspy_indeed,https://www.indeed.com/viewjob?jk=2e0325f40d738001,"","2026-05-06"
0,"","MARYLAND AUTO STATE INSPECTOR","Central auto shop dealership","Washington, DC","","$45 - $50 (hourly)",jobspy_indeed,https://www.indeed.com/viewjob?jk=ed143b7b357ee7f6,"","2026-05-06"
0,"","Maintenance Technician","Aloft Arundel Mills BWI Airport","Washington, DC","","",jobspy_indeed,https://www.indeed.com/viewjob?jk=ee4698cd491dfc32,"","2026-05-06"
0,"","Automotive Technician","United States Capitol Police","Washington, DC","","$91,083 - $121,002 (yearly)",jobspy_indeed,https://www.indeed.com/viewjob?jk=70ef9ad3bb73d6d8,"","2026-05-05"
0,"","Commercial Maintenance Tech","Summit Skilled Solutions","Washington, DC","","$28 - $34 (hourly)",jobspy_indeed,https://www.indeed.com/viewjob?jk=2588a7bab1d60071,"","2026-05-05"
0,"","Field Service Technician","Burge Sprinkler Company LLC","Washington, DC","","",jobspy_indeed,https://www.indeed.com/viewjob?jk=91d6ea80104dee78,"","2026-05-05"
0,"","Maintenance-Painter","nan","Washington, DC","","",jobspy_indeed,https://www.indeed.com/viewjob?jk=3de2f07512bad3e2,"","2026-05-05"
0,"","Electrical Engineer","nan","Washington, DC","","",jobspy_indeed,https://www.indeed.com/viewjob?jk=d1f98ea52834556c,"","2026-05-04"
0,"","Property Maintenance Technician","Monument Enterprises LLC","Washington, DC","","$19 - $22 (hourly)",jobspy_indeed,https://www.indeed.com/viewjob?jk=4f52b5f148c59e2b,"","2026-05-05"
0,"","Hospital Maintenance Technician - Washington, D.C. North (Mars Veterinary Health)","Banfield Pet Hospital","Washington, DC","","$33 - $52 (hourly)",jobspy_indeed,https://www.indeed.com/viewjob?jk=171e2b0888b305b5,"","2026-05-04"
0,"","Experienced Irrigation Technician","Chesapeake Irrigation & Lighting","Washington, DC","","",jobspy_indeed,https://www.indeed.com/viewjob?jk=ddf0a01cba74cc07,"","2026-05-04"
0,"","Maintenance Technician","nan","Washington, DC","","$53,100 - $65,900 (yearly)",jobspy_indeed,https://www.indeed.com/viewjob?jk=3d2c6d65500aa75c,"","2026-04-06"
0,"","HVAC CERTIFIED MAINTENANCE TECHNICIAN","Crestmont Capital Management LLC","United States","","$23 - $27 (hourly)",jobspy_indeed,https://www.indeed.com/viewjob?jk=cbc18c1f0e84c639,"","2026-05-07"
0,"","Electrician - Journeyman","Black & Veatch","United States","","",jobspy_indeed,https://www.indeed.com/viewjob?jk=2b3ba84b2b6bd805,"","2026-05-07"
0,"","Maintenance Technician","Town Management","United States","","$23 - $24 (hourly)",jobspy_indeed,https://www.indeed.com/viewjob?jk=e00cdf9ddebb98e1,"","2026-05-07"
0,"","Facilities Maintenance Technician","Burke County Government","United States","","$42,390 - $49,816 (yearly)",jobspy_indeed,https://www.indeed.com/viewjob?jk=d41f37eb8f4d9183,"","2026-05-07"
0,"","Apartment Maintenance Technician- 4+ Years of Professional Maintenance; EPA Certified","The Wellington Group","United States","","",jobspy_indeed,https://www.indeed.com/viewjob?jk=f9e454d218926fe2,"","2026-05-07"
0,"","Facilities Maintenance Technician","LA Fitness","United States","","$20 - $22 (hourly)",jobspy_indeed,https://www.indeed.com/viewjob?jk=4b645c150c0b5b50,"","2026-05-07"
0,"","Installation Technician","Spec Solutions","United States","","$50,000 - $65,000 (yearly)",jobspy_indeed,https://www.indeed.com/viewjob?jk=370fc05d94db5bef,"","2026-05-07"
0,"","Heavy Equipment Mechanic","ATS","United States","","$35 - $44 (hourly)",jobspy_indeed,https://www.indeed.com/viewjob?jk=0717972d0ef908fb,"","2026-05-07"
0,"","MAINTENANCE TECHNICIAN","Princeton Management","United States","","",jobspy_indeed,https://www.indeed.com/viewjob?jk=b89ee5f1d0d4bf48,"","2026-05-07"
0,"","Media Specialist, Classroom Services","University of Texas Medical Branch","United States","","",jobspy_indeed,https://www.indeed.com/viewjob?jk=63badddc0d198aaa,"","2026-05-07"
0,"","Maintenance Technician","Graceful Living Assisted Living LLC","United States","","",jobspy_indeed,https://www.indeed.com/viewjob?jk=dfe8f8ea7d004343,"","2026-05-07"
0,"","Entertainment Technician","Six Flags Entertainment Corporation","United States","","$16 - $18 (hourly)",jobspy_indeed,https://www.indeed.com/viewjob?jk=c5def2ff706f90f0,"","2026-05-06"
0,"","Diesel Technician Apprentice","Casella Waste Systems, Inc.","United States","","$22 - $25 (hourly)",jobspy_indeed,https://www.indeed.com/viewjob?jk=e19e4b682911b490,"","2026-05-06"
0,"","Contracted Maintenance Solutions - Maintenance Technician","DP Management LLC","United States","","",jobspy_indeed,https://www.indeed.com/viewjob?jk=2c8d3e07fcc216fa,"","2026-04-23"
0,"","Controls Technician","Divcon Controls","Remote","","",jobspy_indeed,https://www.indeed.com/viewjob?jk=a25860b9b0069c1a,"","2026-05-05"
0,"","Maintenance Manager","Jewel Osco","Chicago, Illinois","","$95,400 - $123,900 (yearly)",jobspy_indeed,https://www.indeed.com/viewjob?jk=2318ebbf0716df84,"","2026-05-06"
0,"","Transportation Project Manager","nan","Chicago, Illinois","","",jobspy_indeed,https://www.indeed.com/viewjob?jk=7789c6044368c5c8,"","2026-05-06"
0,"","Field Service Tech FSR2","nan","Chicago, Illinois","","",jobspy_indeed,https://www.indeed.com/viewjob?jk=4b566098243aa007,"","2026-04-30"
0,"","Associate PreSales","Vistex BKV","Chicago, Illinois","","$60,000 - $70,000 (yearly)",jobspy_indeed,https://www.indeed.com/viewjob?jk=ddf771f63e956452,"","2026-05-06"
0,"","Data Science Intern","HERE Technologies","Chicago, Illinois","","$25 - $35 (hourly)",jobspy_indeed,https://www.indeed.com/viewjob?jk=97b3877da60484ae,"","2026-05-05"
0,"","FreeWheel - Junior Python Engineer (AdTech) - Chicago, IL or Denver, CO- ONSITE 4 X Week","Comcast","Chicago, Illinois","","$93,016 - $146,168 (yearly)",jobspy_indeed,https://www.indeed.com/viewjob?jk=1912c02a07e89097,"","2026-05-05"
0,"","Voice Engineer - Associate","Advocate Aurora Health","Chicago, Illinois","","$30 - $46 (hourly)",jobspy_indeed,https://www.indeed.com/viewjob?jk=bc5bb860e85ed1f4,"","2026-05-05"
0,"","Computer Assembly Technician","Neousys Technology America, Inc.","Chicago, Illinois","","$42,000 - $45,000 (yearly)",jobspy_indeed,https://www.indeed.com/viewjob?jk=773a8c3c7ab5f608,"","2026-05-05"
0,"","Engineering Manager","Zachry Group","Chicago, Illinois","","",jobspy_indeed,https://www.indeed.com/viewjob?jk=bf69d457cacababf,"","2026-05-05"
0,"","Building and Facility Administrative Assistant","Jewel Osco","Chicago, Illinois","","$26 - $28 (hourly)",jobspy_indeed,https://www.indeed.com/viewjob?jk=c4114442b99b488a,"","2026-05-04"
0,"","Engineering Services Manager - Physical Security","Heartland Business Systems","Chicago, Illinois","","$85,000 - $95,000 (yearly)",jobspy_indeed,https://www.indeed.com/viewjob?jk=9230ea96a46ce039,"","2026-05-02"
0,"","Technical Sales and Field Service Engineer","CaptiveAire","Chicago, Illinois","","$70,000 - $100,000 (yearly)",jobspy_indeed,https://www.indeed.com/viewjob?jk=27754cb91b107cce,"","2026-05-01"
0,"","Sr. Cloud Engineer (Remote)","Inspira Financial","Chicago, Illinois","","$115,000 - $143,000 (yearly)",jobspy_indeed,https://www.indeed.com/viewjob?jk=b66c4d0c425f73be,"","2026-05-01"
0,"","Senior Salesforce Engineer","Arganteal, Corp.","Chicago, Illinois","","",jobspy_indeed,https://www.indeed.com/viewjob?jk=dc82bfe44fca4fe7,"","2026-05-01"
0,"","Project Manager","DXP Enterprises","Chicago, Illinois","","$80,000 - $100,000 (yearly)",jobspy_indeed,https://www.indeed.com/viewjob?jk=a2f695db4e1c8c53,"","2026-04-30"
0,"","SVP, Unified Investment Lead","Dentsu","Chicago, Illinois","","$197,225 - $260,000 (yearly)",jobspy_indeed,https://www.indeed.com/viewjob?jk=de642381a0031eb6,"","2026-04-30"
0,"","Train Conductor","CPKC","Chicago, Illinois","","$120,000 - $139,000 (yearly)",jobspy_indeed,https://www.indeed.com/viewjob?jk=46f68c54a630408c,"","2026-04-30"
0,"","Electrical Design Engineer II","G&W Electric Company","Chicago, Illinois","","$84,872 - $97,193 (yearly)",jobspy_indeed,https://www.indeed.com/viewjob?jk=1e0836f43da24c42,"","2026-04-23"
0,"","Sr. Solutions/Enterprise Architect (Remote)","Inspira Financial","Chicago, Illinois","","$135,000 - $160,000 (yearly)",jobspy_indeed,https://www.indeed.com/viewjob?jk=5730ed2de660b62b,"","2026-04-21"
0,"","Sr. Platform Mobile Engineer (Remote)","Inspira Financial","Chicago, Illinois","","$120,000 - $145,000 (yearly)",jobspy_indeed,https://www.indeed.com/viewjob?jk=4ae28b55a6c839a9,"","2026-01-26"
0,"","Sales Engineer","Getac, Inc.","Chicago, Illinois","","$85,000 - $120,000 (yearly)",jobspy_indeed,https://www.indeed.com/viewjob?jk=c20bed43fe833eff,"","2026-01-09"
0,"","Software Development Engineer","Amazon.com","New York, New York","","$143,700 - $213,800 (yearly)",jobspy_indeed,https://www.indeed.com/viewjob?jk=61c501c73325433d,"","2025-12-19"
0,"","Software Development Engineer, AWS SDE Centralized Team","Amazon.com","New York, New York","","$143,700 - $213,800 (yearly)",jobspy_indeed,https://www.indeed.com/viewjob?jk=dccf0bdce79461a4,"","2026-04-02"
0,"","Senior Applied Scientist, Entertainment Devices & Grocery Experiences (EDGE) Ads","Amazon.com","New York, New York","","$183,800 - $248,700 (yearly)",jobspy_indeed,https://www.indeed.com/viewjob?jk=da747bc57e2eb24b,"","2026-04-07"
0,"","Sr. Applied Scientist, Prime Video - Personalization and Discovery Science","Amazon.com","New York, New York","","$183,800 - $260,000 (yearly)",jobspy_indeed,https://www.indeed.com/viewjob?jk=fd63cb7686780474,"","2026-03-27"
0,"","Senior Program Manager, Accessibility","Amazon.com","New York, New York","","$142,400 - $192,600 (yearly)",jobspy_indeed,https://www.indeed.com/viewjob?jk=61ae61be433f19ca,"","2026-04-03"
0,"","Senior Software Engineer, Android","Amazon.com","New York, New York","","$193,300 - $261,500 (yearly)",jobspy_indeed,https://www.indeed.com/viewjob?jk=6c83953f54c9d536,"","2026-03-25"
0,"","Applied Scientist II, Prime Video Personalization and Discovery Science","Amazon.com","New York, New York","","$142,800 - $223,400 (yearly)",jobspy_indeed,https://www.indeed.com/viewjob?jk=da047e04604ba5dc,"","2026-03-25"
0,"","Sr Technical Content Creator, Developer Marketing","Amazon Web Services","New York, New York","","$138,000 - $265,600 (yearly)",jobspy_indeed,https://www.indeed.com/viewjob?jk=597169dd7a47d0f2,"","2026-03-18"
0,"","Principal Engineer, Amazon | Multiple Locations, USA, Global Specialty Recruiting Team","Amazon.com","New York, New York","","$200,100 - $297,700 (yearly)",jobspy_indeed,https://www.indeed.com/viewjob?jk=82ef97ea9b02b545,"","2026-02-19"
0,"","Head of Developer Education, Kiro","Amazon.com","New York, New York","","$180,600 - $330,500 (yearly)",jobspy_indeed,https://www.indeed.com/viewjob?jk=7e2956e611a9ea44,"","2026-02-17"
0,"","Security Engineering Manager, Stores AppSec","Amazon.com","New York, New York","","$175,100 - $260,500 (yearly)",jobspy_indeed,https://www.indeed.com/viewjob?jk=2f08573e75bfe091,"","2026-02-05"
0,"","Sr Technical Program Manager, Device Ad Products & Personalization","Amazon.com","New York, New York","","$171,000 - $231,400 (yearly)",jobspy_indeed,https://www.indeed.com/viewjob?jk=8aa7e97b1731c2ba,"","2026-01-17"
0,"","Applied Scientist II, Prime Video - Personalization and Discovery Science, Personalization and Discovery Science","Amazon.com","New York, New York","","$136,000 - $223,400 (yearly)",jobspy_indeed,https://www.indeed.com/viewjob?jk=a8330e2fcf8dadee,"","2025-10-01"
0,"","Sr. MLE, Prime Video - Personalization and Discovery","Amazon.com","New York, New York","","$184,900 - $250,200 (yearly)",jobspy_indeed,https://www.indeed.com/viewjob?jk=ae9a52bde38f3a9a,"","2025-08-28"
0,"","Applied Scientist II, Prime Video - Personalization and Discovery Science","Amazon.com","New York, New York","","",jobspy_indeed,https://www.indeed.com/viewjob?jk=7aa171f024b1c505,"","2025-08-13"
0,"","Sr. Applied Scientist, Amazon Advertising","Amazon.com","New York, New York","","$150,400 - $260,000 (yearly)",jobspy_indeed,https://www.indeed.com/viewjob?jk=0b6b599af616d4a2,"","2025-07-14"
0,"","Senior Applied Scientist, Delivery Foundation Model","Amazon.com","New York, New York","","$150,400 - $260,000 (yearly)",jobspy_indeed,https://www.indeed.com/viewjob?jk=31cce1103e038aaa,"","2025-05-30"
0,"","Principal Product Manager Technical, ART19","Amazon.com","San Francisco, California","","$206,900 - $279,900 (yearly)",jobspy_indeed,https://www.indeed.com/viewjob?jk=4889e3342212fe6b,"","2026-03-20"
0,"","Applied Scientist, Prime Video - Personalization and Discovery Science","Amazon.com","San Francisco, California","","$142,800 - $222,200 (yearly)",jobspy_indeed,https://www.indeed.com/viewjob?jk=321789751773c855,"","2026-03-04"
0,"","Applied Scientist, Delivery Foundation Model","Amazon.com","San Francisco, California","","$142,800 - $222,200 (yearly)",jobspy_indeed,https://www.indeed.com/viewjob?jk=0537e950df6dfc97,"","2025-12-19"
0,"","Senior Applied Scientist, GEM","Amazon.com","San Francisco, California","","$167,100 - $260,000 (yearly)",jobspy_indeed,https://www.indeed.com/viewjob?jk=d610851fb45cb05f,"","2026-03-03"
0,"","Senior Applied Scientist, Delivery Foundation Model","Amazon.com","San Francisco, California","","$167,100 - $260,000 (yearly)",jobspy_indeed,https://www.indeed.com/viewjob?jk=684dd54722560d7d,"","2025-05-30"
0,"","Senior Product Manager - Technical, External Services, Amazon, Amazon Interactive Video Service (IVS)","Amazon.com","San Francisco, California","","$175,000 - $236,800 (yearly)",jobspy_indeed,https://www.indeed.com/viewjob?jk=0c04440560eac8c8,"","2026-02-27"
0,"","Principal Engineer, Amazon | Multiple Locations, USA, Global Specialty Recruiting Team","Amazon.com","San Francisco, California","","$200,100 - $297,700 (yearly)",jobspy_indeed,https://www.indeed.com/viewjob?jk=e9cfbebb4ee335e4,"","2026-02-19"
0,"","Head of Developer Education, Kiro","Amazon.com","San Francisco, California","","$180,600 - $330,500 (yearly)",jobspy_indeed,https://www.indeed.com/viewjob?jk=3e389107331e72af,"","2026-02-17"
0,"","Director, Software Development, Alexa Connections","Amazon.com","San Francisco, California","","$264,100 - $350,000 (yearly)",jobspy_indeed,https://www.indeed.com/viewjob?jk=488c26ebd57b5b77,"","2026-02-13"
0,"","Software Development Engineer, Amazon Interactive Video Service (IVS)","Amazon Web Services","San Francisco, California","","$143,700 - $223,600 (yearly)",jobspy_indeed,https://www.indeed.com/viewjob?jk=728e67c52234c8ac,"","2026-02-05"
0,"","Sr Technical Program Manager, Device Ad Products & Personalization","Amazon.com","San Francisco, California","","$171,000 - $231,400 (yearly)",jobspy_indeed,https://www.indeed.com/viewjob?jk=48eb32affd579ffd,"","2026-01-17"
0,"","Applied Scientist II, Prime Video - Personalization and Discovery Science, Personalization and Discovery Science","Amazon.com","San Francisco, California","","$136,000 - $223,400 (yearly)",jobspy_indeed,https://www.indeed.com/viewjob?jk=fb4e258c27e1ae6a,"","2025-10-01"
0,"","Sr. Applied Scientist, Prime Video - Personalization and Discovery Science","Amazon.com","San Francisco, California","","$150,400 - $260,000 (yearly)",jobspy_indeed,https://www.indeed.com/viewjob?jk=af27c867bc805888,"","2025-08-13"
0,"","Sr. Applied Scientist, Amazon Advertising","Amazon.com","San Francisco, California","","$150,400 - $260,000 (yearly)",jobspy_indeed,https://www.indeed.com/viewjob?jk=9c6385a56d2e7e6a,"","2025-07-14"
0,"","Sr Technical Content Creator, Developer Marketing","Amazon Web Services","Seattle, Washington","","$138,000 - $265,600 (yearly)",jobspy_indeed,https://www.indeed.com/viewjob?jk=6179116d5cdceb75,"","2026-03-18"
0,"","Principal Product Manager - Tech, Digital Acceleration, Digital Acceleration","Amazon.com","Seattle, Washington","","$179,900 - $243,400 (yearly)",jobspy_indeed,https://www.indeed.com/viewjob?jk=c26289254fb22f1e,"","2026-02-25"
0,"","Principal Product Manager - Tech, Viewer Experience, Prime Video Global App Experience","Amazon.com","Seattle, Washington","","$179,900 - $243,400 (yearly)",jobspy_indeed,https://www.indeed.com/viewjob?jk=094e95d04c709435,"","2026-02-05"
0,"","Mgr SecEng, AGI/AI Security","Amazon.com","Seattle, Washington","","$175,100 - $236,900 (yearly)",jobspy_indeed,https://www.indeed.com/viewjob?jk=da961f8ca93e60f5,"","2026-03-16"
0,"","Senior UX Designer, Digital Acceleration","Amazon.com","Seattle, Washington","","$137,800 - $186,400 (yearly)",jobspy_indeed,https://www.indeed.com/viewjob?jk=0da3f6293a493434,"","2026-03-11"
0,"","Sr. UX Designer, Prime Video Experience Design","Amazon.com","Seattle, Washington","","$137,800 - $186,400 (yearly)",jobspy_indeed,https://www.indeed.com/viewjob?jk=21927d3d8061e103,"","2026-04-07"
0,"","Applied Scientist, Prime Video - Personalization and Discovery Science","Amazon.com","Seattle, Washington","","$142,800 - $222,200 (yearly)",jobspy_indeed,https://www.indeed.com/viewjob?jk=6b167a05a3b4597a,"","2026-03-04"
0,"","Applied Scientist, Delivery Foundation Model","Amazon.com","Seattle, Washington","","$142,800 - $222,200 (yearly)",jobspy_indeed,https://www.indeed.com/viewjob?jk=1ada4b38f5a05799,"","2025-12-19"
0,"","Senior Applied Scientist, GEM","Amazon.com","Seattle, Washington","","$167,100 - $260,000 (yearly)",jobspy_indeed,https://www.indeed.com/viewjob?jk=19114932dfb71166,"","2026-03-03"
0,"","Senior Applied Scientist, Delivery Foundation Model","Amazon.com","Seattle, Washington","","$167,100 - $260,000 (yearly)",jobspy_indeed,https://www.indeed.com/viewjob?jk=ebd524747c80580b,"","2025-05-30"
0,"","Principal Engineer, Amazon | Multiple Locations, USA, Global Specialty Recruiting Team","Amazon.com","Seattle, Washington","","$200,100 - $297,700 (yearly)",jobspy_indeed,https://www.indeed.com/viewjob?jk=8c82ce6d81c506a0,"","2026-02-19"
0,"","Director, Software Development, Alexa Connections","Amazon.com","Seattle, Washington","","$264,100 - $350,000 (yearly)",jobspy_indeed,https://www.indeed.com/viewjob?jk=e1ae0e1611ccf30f,"","2026-02-13"
0,"","Software Development Engineer","Amazon.com","Seattle, Washington","","$143,700 - $213,800 (yearly)",jobspy_indeed,https://www.indeed.com/viewjob?jk=e351228b27026222,"","2025-12-19"
0,"","Applied Scientist II, Prime Video - Personalization and Discovery Science, Personalization and Discovery Science","Amazon.com","Seattle, Washington","","$136,000 - $223,400 (yearly)",jobspy_indeed,https://www.indeed.com/viewjob?jk=7370a2dbb32c97b9,"","2025-10-01"
0,"","Sr. Applied Scientist, Prime Video - Personalization and Discovery Science","Amazon.com","Seattle, Washington","","$150,400 - $260,000 (yearly)",jobspy_indeed,https://www.indeed.com/viewjob?jk=4b179bfda714c1d8,"","2025-08-13"
0,"","Sr. Applied Scientist, Amazon Advertising","Amazon.com","Seattle, Washington","","$150,400 - $260,000 (yearly)",jobspy_indeed,https://www.indeed.com/viewjob?jk=acc117a89fff1800,"","2025-07-14"
0,"","Senior Software Engineer, Deepview","Anduril","Boston, Massachusetts","","$166,000 - $220,000 (yearly)",jobspy_indeed,https://www.indeed.com/viewjob?jk=13e03c54733958a5,"","2026-05-07"
0,"","MULTIMEDIA PRODUCER, College of Engineering, Administration","Boston University","Boston, Massachusetts","","",jobspy_indeed,https://www.indeed.com/viewjob?jk=c0e454cd24aa25d1,"","2026-05-07"
0,"","Senior Product Manager, Video","Motorola Solutions","Boston, Massachusetts","","$150,000 - $180,000 (yearly)",jobspy_indeed,https://www.indeed.com/viewjob?jk=943fc553e37c810b,"","2026-05-06"
0,"","Sr. Principal Hardware Electrical Engineer","Mercury Systems","Boston, Massachusetts","","$115,700 - $245,800 (yearly)",jobspy_indeed,https://www.indeed.com/viewjob?jk=061e76923b394f76,"","2026-05-06"
0,"","SENIOR WATER RESOURCES ENGINEER","Tetra Tech","Boston, Massachusetts","","$90,000 - $120,000 (yearly)",jobspy_indeed,https://www.indeed.com/viewjob?jk=7b9ea6ed3df1dbf1,"","2026-05-06"
0,"","Principal Engineer, Tech Ops (Drug Delivery Systems Testing & Verification)","CSL Plasma","Boston, Massachusetts","","",jobspy_indeed,https://www.indeed.com/viewjob?jk=dd8f54e97dedcbe4,"","2026-05-05"
0,"","Analytics Engineer","nan","Boston, Massachusetts","","$75,275 - $109,553 (yearly)",jobspy_indeed,https://www.indeed.com/viewjob?jk=09144dd25ec0f6ac,"","2026-05-05"
0,"","Process Engineer","Prysmian Group","Boston, Massachusetts","","",jobspy_indeed,https://www.indeed.com/viewjob?jk=08f3b11f3bcf1476,"","2026-05-05"
0,"","AI Senior Engineer","Wood Mackenzie","Boston, Massachusetts","","$125,000 - $170,000 (yearly)",jobspy_indeed,https://www.indeed.com/viewjob?jk=69e1b61070a9b37b,"","2026-05-05"
0,"","Research Scientist, Robotics, DeepMind","DeepMind","Boston, Massachusetts","","$147,000 - $211,000 (yearly)",jobspy_indeed,https://www.indeed.com/viewjob?jk=55718a8c23b1f99e,"","2026-05-05"
0,"","Perspective Editor","Massachusetts Medical Society","Boston, Massachusetts","","",jobspy_indeed,https://www.indeed.com/viewjob?jk=123197523709c13a,"","2026-05-05"
0,"","Principal Electrical Engineer","Gentex Corp","Boston, Massachusetts","","",jobspy_indeed,https://www.indeed.com/viewjob?jk=b782c5a9973bf6b1,"","2026-05-05"
0,"","Sales Representative","Daktronics","Boston, Massachusetts","","",jobspy_indeed,https://www.indeed.com/viewjob?jk=c6b23d980f8d0e33,"","2026-05-04"
0,"","Scientist / Engineer - Laser Modeling and Analysis","MIT Lincoln Laboratory","Boston, Massachusetts","","$145,200 - $220,000 (yearly)",jobspy_indeed,https://www.indeed.com/viewjob?jk=27bdeff653ee50da,"","2026-05-04"
0,"","Autonomy Engineer","MIT Lincoln Laboratory","Boston, Massachusetts","","$145,200 - $220,000 (yearly)",jobspy_indeed,https://www.indeed.com/viewjob?jk=41b882eed9eec4e2,"","2026-05-04"
0,"","Laboratory Operations Manager","Instron","Boston, Massachusetts","","$110,000 - $120,000 (yearly)",jobspy_indeed,https://www.indeed.com/viewjob?jk=ae97c4a744494c1b,"","2026-05-01"
0,"","Senior Applied Scientist, Entertainment Devices & Grocery Experiences (EDGE) Ads","Amazon.com","Boston, Massachusetts","","$183,800 - $248,700 (yearly)",jobspy_indeed,https://www.indeed.com/viewjob?jk=c8fd0441bbe2289d,"","2026-04-07"
0,"","Hardware Support Engineer, Robotics Technical Services","Amazon.com","Boston, Massachusetts","","$90,400 - $158,200 (yearly)",jobspy_indeed,https://www.indeed.com/viewjob?jk=55394f7ef3870896,"","2026-03-04"
0,"","Principal Engineer, Amazon | Multiple Locations, USA, Global Specialty Recruiting Team","Amazon.com","Boston, Massachusetts","","$200,100 - $297,700 (yearly)",jobspy_indeed,https://www.indeed.com/viewjob?jk=a6176b9b0c00279c,"","2026-02-19"
0,"","Sr. ASIC Design Engineer, Blink/Ring ASIC Team","Amazon.com","Boston, Massachusetts","","$159,200 - $215,300 (yearly)",jobspy_indeed,https://www.indeed.com/viewjob?jk=6d018191d607517e,"","2025-08-08"
0,"","Level 2 Technician","MSX International","Los Angeles, California","","$30 - $34 (hourly)",jobspy_indeed,https://www.indeed.com/viewjob?jk=3d0ed05c29306caf,"","2026-05-07"
0,"","Lead Software Engineer","nan","Los Angeles, California","","$155,700 - $208,700 (yearly)",jobspy_indeed,https://www.indeed.com/viewjob?jk=9fb56fd4c3b75d01,"","2026-05-07"
0,"","Warhead Design Engineer - Modeling & Simulation","Anduril","Los Angeles, California","","$129,000 - $171,000 (yearly)",jobspy_indeed,https://www.indeed.com/viewjob?jk=b1b86fbc1bd0825f,"","2026-05-07"
0,"","Senior Warhead Design Engineer - Lethality Team","Anduril","Los Angeles, California","","$166,000 - $220,000 (yearly)",jobspy_indeed,https://www.indeed.com/viewjob?jk=e2431fc01d08f53c,"","2026-05-07"
0,"","Senior Signal Processing Engineer, Space","Anduril","Los Angeles, California","","$166,000 - $220,000 (yearly)",jobspy_indeed,https://www.indeed.com/viewjob?jk=926dc98975a4d263,"","2026-05-07"
0,"","Engineer Supervisor","Renaissance Newport Beach Hotel","Los Angeles, California","","$27 - $28 (hourly)",jobspy_indeed,https://www.indeed.com/viewjob?jk=545f18392682c666,"","2026-05-06"
0,"","Lead Software Engineer - CTV","Paramount","Los Angeles, California","","$157,000 - $200,000 (yearly)",jobspy_indeed,https://www.indeed.com/viewjob?jk=3d82e28a1986f5a2,"","2026-05-06"
0,"","Lead Software Engineer, AI","Paramount Streaming","Los Angeles, California","","$156,800 - $235,200 (yearly)",jobspy_indeed,https://www.indeed.com/viewjob?jk=406a305218afc37e,"","2026-05-06"
0,"","Software Engineer, Sign-Up Flow Optimization","Paramount Streaming","Los Angeles, California","","$110,000 - $145,000 (yearly)",jobspy_indeed,https://www.indeed.com/viewjob?jk=7f5c07e9f8c42762,"","2026-05-06"
0,"","Machine Learning Engineer, Sign-Up Flow Optimization","Paramount Streaming","Los Angeles, California","","$124,000 - $186,000 (yearly)",jobspy_indeed,https://www.indeed.com/viewjob?jk=bf75e7ace01e5bff,"","2026-05-06"
0,"","Sr. UX Designer, Prime Video Experience Design","Amazon.com","Los Angeles, California","","$137,800 - $186,400 (yearly)",jobspy_indeed,https://www.indeed.com/viewjob?jk=c0b9817d3cbb1017,"","2026-04-07"
0,"","Senior Program Manager, Accessibility","Amazon.com","Los Angeles, California","","$142,400 - $192,600 (yearly)",jobspy_indeed,https://www.indeed.com/viewjob?jk=124ba66227e64429,"","2026-04-03"
0,"","Sr Manager, UX Research, Prime Video Experience Design (PVXD)","Amazon.com","Los Angeles, California","","$219,100 - $296,500 (yearly)",jobspy_indeed,https://www.indeed.com/viewjob?jk=8bc1555650f5be0b,"","2026-04-03"
0,"","Senior Software Engineer, Android","Amazon.com","Los Angeles, California","","$193,300 - $261,500 (yearly)",jobspy_indeed,https://www.indeed.com/viewjob?jk=ccf4e866932cafca,"","2026-03-25"
0,"","Principal Product Manager - Tech, Viewer Experience, Prime Video Global App Experience","Amazon.com","Los Angeles, California","","$179,900 - $243,400 (yearly)",jobspy_indeed,https://www.indeed.com/viewjob?jk=fe45c3d7a5a5bc9a,"","2026-02-05"
0,"","Principal Product Manager - Tech, Amazon Games GenAI & Strategic Initiatives","Amazon.com","Los Angeles, California","","$197,900 - $267,800 (yearly)",jobspy_indeed,https://www.indeed.com/viewjob?jk=e1e2bb2037aaa551,"","2026-03-24"
0,"","Principal Product Manager Technical, ART19","Amazon.com","Los Angeles, California","","$206,900 - $279,900 (yearly)",jobspy_indeed,https://www.indeed.com/viewjob?jk=bffb649693265893,"","2026-03-20"
0,"","Principal UX Designer, Prime Video","Amazon.com","Los Angeles, California","","$164,000 - $221,800 (yearly)",jobspy_indeed,https://www.indeed.com/viewjob?jk=c5a4ef171c6e94e5,"","2026-03-20"
0,"","Senior Design Technologist, Prime Video","Amazon.com","Los Angeles, California","","$154,200 - $239,900 (yearly)",jobspy_indeed,https://www.indeed.com/viewjob?jk=668cea87e16eac5b,"","2025-11-24"
0,"","Sr. Applied Scientist, Amazon Advertising","Amazon.com","Los Angeles, California","","$150,400 - $260,000 (yearly)",jobspy_indeed,https://www.indeed.com/viewjob?jk=fe37144ee7f241d1,"","2025-07-14"
0,"","Network Engineer","MITRE","Washington, DC","","",jobspy_indeed,https://www.indeed.com/viewjob?jk=10ff48b6ae779c87,"","2026-05-06"
0,"","Software Development Engineer","Amazon.com","Washington, DC","","$143,700 - $213,800 (yearly)",jobspy_indeed,https://www.indeed.com/viewjob?jk=832f572f85fbf091,"","2026-05-04"
0,"","Creative Producer, AWS Professional Services","Amazon Web Services","Washington, DC","","$120,500 - $163,000 (yearly)",jobspy_indeed,https://www.indeed.com/viewjob?jk=f8b5ea58f5dfcdc2,"","2026-04-15"
0,"","Design Technologist, D3 (Design, Development & Delivery) Team","Amazon Web Services","Washington, DC","","$131,800 - $178,300 (yearly)",jobspy_indeed,https://www.indeed.com/viewjob?jk=25bafb8bd4a1a7ff,"","2026-04-14"
0,"","Network Development Engineer","Amazon.com","Washington, DC","","$136,000 - $184,000 (yearly)",jobspy_indeed,https://www.indeed.com/viewjob?jk=394a2bda7cd4622a,"","2026-03-30"
0,"","Hardware Support Engineer, Robotics Technical Services","Amazon.com","Washington, DC","","$74,700 - $130,700 (yearly)",jobspy_indeed,https://www.indeed.com/viewjob?jk=a4777c5e9d9925d8,"","2026-03-20"
0,"","Sr. Security Systems Engineer, DCE Security Products and Services","Amazon.com","Washington, DC","","$136,600 - $184,800 (yearly)",jobspy_indeed,https://www.indeed.com/viewjob?jk=18ba15b1e6092106,"","2026-03-09"
0,"","Sr. Plumbing/Fire Protection Engineer, Data Center Engineering","Amazon.com","Washington, DC","","$136,600 - $184,800 (yearly)",jobspy_indeed,https://www.indeed.com/viewjob?jk=70840eb5d5835fdb,"","2026-03-29"
0,"","Sr. Mechanical Controls Engineer, Data Center Engineering","Amazon.com","Washington, DC","","$136,600 - $184,800 (yearly)",jobspy_indeed,https://www.indeed.com/viewjob?jk=62ea09f6de3ec3d9,"","2026-03-27"
0,"","Systems Administrator","CACI International","Washington, DC","","$103,800 - $218,100 (yearly)",jobspy_indeed,https://www.indeed.com/viewjob?jk=e82de0d963f56453,"","2026-01-21"
0,"","Sr. Applied Scientist, Amazon Advertising","Amazon.com","Washington, DC","","",jobspy_indeed,https://www.indeed.com/viewjob?jk=97f53dfad6588188,"","2025-07-14"
0,"","Infrastructure Edge Strategy, TPM, Strategy and Planning","Amazon.com","Washington, DC","","$114,400 - $205,500 (yearly)",jobspy_indeed,https://www.indeed.com/viewjob?jk=76d73960f992419a,"","2025-05-14"
0,"","Headend Engineer","Hotwire Communications","United States","","",jobspy_indeed,https://www.indeed.com/viewjob?jk=1d1757fdaadb3004,"","2026-05-07"
0,"","Commercial Service Technician","Hotwire Communications","United States","","",jobspy_indeed,https://www.indeed.com/viewjob?jk=3b211e00a0f8c8ba,"","2026-05-07"
0,"","Senior Manager, Social Media and Content Marketing","minio","United States","","",jobspy_indeed,https://www.indeed.com/viewjob?jk=5b030cf6652489cd,"","2026-05-07"
0,"","VTC Lead","TekSynap","United States","","",jobspy_indeed,https://www.indeed.com/viewjob?jk=70787becbbf6aa91,"","2026-05-04"
0,"","Software Development Engineer","Amazon.com","United States","","$129,300 - $223,600 (yearly)",jobspy_indeed,https://www.indeed.com/viewjob?jk=692ff65f12ce7b43,"","2025-12-19"
0,"","Sr. Applied Scientist, Prime Video - Personalization and Discovery Science","Amazon.com","United States","","$150,400 - $260,000 (yearly)",jobspy_indeed,https://www.indeed.com/viewjob?jk=e8a96b1394e23292,"","2025-08-13"
0,"","Sr. Applied Scientist, Amazon Advertising","Amazon.com","United States","","$150,400 - $260,000 (yearly)",jobspy_indeed,https://www.indeed.com/viewjob?jk=305bac2a226ec797,"","2025-07-14"
0,"","Senior Applied Scientist, Delivery Foundation Model","Amazon.com","United States","","$150,400 - $260,000 (yearly)",jobspy_indeed,https://www.indeed.com/viewjob?jk=7c79f05d63a8d4a4,"","2025-05-30"
0,"","Market Analyst","Finyard","Remote","","",jobspy_indeed,https://www.indeed.com/viewjob?jk=8d185f056af35354,"","2026-05-07"
0,"","LLM Solutions Architect","Xsolla","Remote","","$85,000 - $120,000 (yearly)",jobspy_indeed,https://www.indeed.com/viewjob?jk=79fcff50f2f50e65,"","2026-05-07"
0,"","Software Engineer Internship","HealthEdge Software, Inc.","Remote","","",jobspy_indeed,https://www.indeed.com/viewjob?jk=fa6181a918633c34,"","2026-05-06"
0,"","AI Solutions Engineer","smartbridge, LLC","Remote","","",jobspy_indeed,https://www.indeed.com/viewjob?jk=77fbfed937d65f55,"","2026-05-06"
0,"","Sr. Principal IT Systems Architect","Forcepoint","Remote","","$180,000 - $216,000 (yearly)",jobspy_indeed,https://www.indeed.com/viewjob?jk=6aebcceb137e5db8,"","2026-05-06"
0,"","Senior Software Engineer","GoFan","Remote","","",jobspy_indeed,https://www.indeed.com/viewjob?jk=ec0fb9de584cea60,"","2026-05-06"
0,"","Agentic Product Engineer","SureFire CPR","Remote","","$50,000 - $84,644 (yearly)",jobspy_indeed,https://www.indeed.com/viewjob?jk=3e75557e0b5da6df,"","2026-05-06"
0,"","Senior Content Marketing Manager (Remote, U.S.)","FusionAuth","Remote","","$110,000 - $130,000 (yearly)",jobspy_indeed,https://www.indeed.com/viewjob?jk=d4822d079c33ae2d,"","2026-05-06"
0,"","IT Systems Specialist","Pinnacle Healthcare Consulting","Remote","","",jobspy_indeed,https://www.indeed.com/viewjob?jk=caa84b2dc185b28f,"","2026-05-06"
0,"","Security Solutions Senior Consultant – CyberArk","World Wide Technology","Remote","","$126,576 - $158,220 (yearly)",jobspy_indeed,https://www.indeed.com/viewjob?jk=c801764fb1bf5cfd,"","2026-05-06"
0,"","Air Safety Investigator (REG)","US National Transportation Safety Board","Remote","","$52,727 - $99,404 (yearly)",jobspy_indeed,https://www.indeed.com/viewjob?jk=5da48eb48d11a25a,"","2026-05-06"
0,"","Big Data Engineer","AdvanSix","Remote","","$104,600 - $156,800 (yearly)",jobspy_indeed,https://www.indeed.com/viewjob?jk=56a7e15ca3527122,"","2026-05-05"
0,"","Data Architect","AdvanSix","Remote","","$118,800 - $178,200 (yearly)",jobspy_indeed,https://www.indeed.com/viewjob?jk=d84c536032e57177,"","2026-05-05"
0,"","Sr Manager, Cloud & Platform Engineering","Frontdoor","Remote","","$165,000 - $205,000 (yearly)",jobspy_indeed,https://www.indeed.com/viewjob?jk=dbf6a44c210cf065,"","2026-05-05"
0,"","Channel Distribution Manager (Minnesota)","Arctic Wolf Networks","Remote","","$80,500 - $233,100 (yearly)",jobspy_indeed,https://www.indeed.com/viewjob?jk=2e8c7ec49f05b76f,"","2026-05-05"
0,"","Cloud Operations Engineer","O'Reilly Media","Remote","","$128,000 - $174,000 (yearly)",jobspy_indeed,https://www.indeed.com/viewjob?jk=c8c2ef99a4c51838,"","2026-05-05"
0,"","Staff Network Engineer","Zoom Communications","Remote","","$124,000 - $271,200 (yearly)",jobspy_indeed,https://www.indeed.com/viewjob?jk=f591d1a237e3baff,"","2026-05-05"
0,"","L2 Software Engineer, Fulfillment","Scan.com","Remote","","$170,000 - $220,000 (yearly)",jobspy_indeed,https://www.indeed.com/viewjob?jk=abe6f1ffb212790f,"","2026-05-05"
0,"","Deployment Engineer","Array","Remote","","",jobspy_indeed,https://www.indeed.com/viewjob?jk=a12a8ef2fee463de,"","2026-05-05"
0,"","Remote Performance Coach & Nutritionist","nan","Remote","","$1,250 - $2,500 (monthly)",jobspy_indeed,https://www.indeed.com/viewjob?jk=a218ca76b91ab05f,"","2026-05-05"
0,"","Secure Communication Account Manager","Tyto Athene","Remote","","$85,000 - $95,000 (yearly)",jobspy_indeed,https://www.indeed.com/viewjob?jk=6a0a494549bd267f,"","2026-05-04"
0,"","Senior Data Engineer / Data Platform Lead","Dr. Berg Nutritionals","Remote","","$185,000 - $225,000 (yearly)",jobspy_indeed,https://www.indeed.com/viewjob?jk=c04cd52bd67bc5b9,"","2026-05-01"
0,"","Commercial HVAC Journeyman Technician – Union","Carrier","Chicago, Illinois","","$38 - $76 (hourly)",jobspy_indeed,https://www.indeed.com/viewjob?jk=cc4bc87a89d150d5,"","2026-05-07"
0,"","Service Technician/Diesel Mechanic","JX Enterprises","Chicago, Illinois","","$19 - $33 (hourly)",jobspy_indeed,https://www.indeed.com/viewjob?jk=f521d45c96162247,"","2026-05-07"
0,"","Veterinary Medical Director– Holland, MI - Relocation Assistance Available","Emergency Veterinary Care Center","Chicago, Illinois","","",jobspy_indeed,https://www.indeed.com/viewjob?jk=fa9e891ca4b4ff7d,"","2026-05-06"
0,"","Field Technician","swissQprint America","Chicago, Illinois","","$20 - $36 (hourly)",jobspy_indeed,https://www.indeed.com/viewjob?jk=66a0740d1c1c79cc,"","2026-05-06"
0,"","Collision Estimator","Crash Champions Collision Repair Team","Chicago, Illinois","","$65,000 - $150,815 (yearly)",jobspy_indeed,https://www.indeed.com/viewjob?jk=2fc3d1b46d6c3a66,"","2026-05-06"
0,"","Warehouse & Mechanical Shop Technician (Industrial Compressors)","Ingersoll-Rand","Chicago, Illinois","","$20 - $25 (hourly)",jobspy_indeed,https://www.indeed.com/viewjob?jk=5c45da405b9c3e88,"","2026-05-06"
0,"","Wellness Coordinator","Belmont Village Geneva Road","Chicago, Illinois","","$37 - $38 (hourly)",jobspy_indeed,https://www.indeed.com/viewjob?jk=1896f17fda4d722f,"","2026-05-06"
0,"","Veterinary Assistant","Companion Animal Hospital of Vernon Hills","Chicago, Illinois","","$18 - $22 (hourly)",jobspy_indeed,https://www.indeed.com/viewjob?jk=dc4f93070adf1056,"","2026-05-05"
0,"","Ophthalmic Technician","University Retina","Chicago, Illinois","","$20 - $23 (hourly)",jobspy_indeed,https://www.indeed.com/viewjob?jk=c888267701233f27,"","2026-05-05"
0,"","Entry-Level Gas Service Technician (Leak Survey)","Reconn Utility Services","Chicago, Illinois","","",jobspy_indeed,https://www.indeed.com/viewjob?jk=ff85340f50720443,"","2026-05-05"
0,"","Registered Behavior Technician (RBT)","Marissa Bennett Consulting","Chicago, Illinois","","$20 - $25 (hourly)",jobspy_indeed,https://www.indeed.com/viewjob?jk=fe30b2390f2188ae,"","2026-05-05"
0,"","Detail Technician","Crash Champions Collision Repair Team","Chicago, Illinois","","$15 - $25 (hourly)",jobspy_indeed,https://www.indeed.com/viewjob?jk=2b6e8c1ec74ce20c,"","2026-05-04"
0,"","Quality Auditor","Gridhawk LLC","Chicago, Illinois","","",jobspy_indeed,https://www.indeed.com/viewjob?jk=87a57f288851a1ec,"","2026-05-04"
0,"","Packaging Installation Technician - Chicago, IL","Robert Reiser & Company","Chicago, Illinois","","",jobspy_indeed,https://www.indeed.com/viewjob?jk=0a5aa980c233a57e,"","2026-05-04"
0,"","Spravato Technician Outpatient Psychiatry","Hopemark Health","Chicago, Illinois","","$18 - $23 (hourly)",jobspy_indeed,https://www.indeed.com/viewjob?jk=1fab6183bcd74ae2,"","2026-05-04"
0,"","European Auto Technician Master","Haus of imports","Chicago, Illinois","","$110,000 - $165,000 (yearly)",jobspy_indeed,https://www.indeed.com/viewjob?jk=10a8222dddd2d960,"","2026-05-04"
0,"","Extrusion Operator","Toppan Packaging Americas","Chicago, Illinois","","$24 - $27 (hourly)",jobspy_indeed,https://www.indeed.com/viewjob?jk=f8b8eb997b63e04c,"","2026-05-04"
0,"","Accessioner (Overnight Shift)","Trilab LLC","Chicago, Illinois","","$18 - $19 (hourly)",jobspy_indeed,https://www.indeed.com/viewjob?jk=359c5424d562763b,"","2026-05-04"
0,"","Manager, Reg Clinical Growth","Lincare","Chicago, Illinois","","$80,000 - $90,000 (yearly)",jobspy_indeed,https://www.indeed.com/viewjob?jk=a9ccbdf575e55ca0,"","2026-05-04"
0,"","Rehabilitation Technician - Stretch Therapist","StretchLab - West Loop","Chicago, Illinois","","",jobspy_indeed,https://www.indeed.com/viewjob?jk=3b4d2cc38ac92f81,"","2026-05-03"
0,"","Exercise Specialist - Stretch Therapist","StretchLab - West Loop","Chicago, Illinois","","",jobspy_indeed,https://www.indeed.com/viewjob?jk=bc02a5763cf9510d,"","2026-05-02"
0,"","Senior Mechanical Commissioning Consultant","Kimley-Horn","Chicago, Illinois","","$115,000 - $180,000 (yearly)",jobspy_indeed,https://www.indeed.com/viewjob?jk=1ddfba6c9c5718f6,"","2026-05-01"
0,"","Senior Electrical Commissioning Consultant","Kimley-Horn","Chicago, Illinois","","$115,000 - $180,000 (yearly)",jobspy_indeed,https://www.indeed.com/viewjob?jk=15fe9f0ac120b21c,"","2026-05-01"
0,"","Kiosk Maintenance Technician","Intersection","New York, New York","","",jobspy_indeed,https://www.indeed.com/viewjob?jk=3e83ec1862b16a8d,"","2026-05-07"
0,"","Board Certified Behavior Analyst (BCBA)","Bierman Autism Centers","New York, New York","","$85,000 - $100,000 (yearly)",jobspy_indeed,https://www.indeed.com/viewjob?jk=46893be248fd1cd1,"","2026-05-06"
0,"","Bosch / Aiphone / Access Control Lead Technician – Premium Pay","Care Security Systems","New York, New York","","$42 - $50 (hourly)",jobspy_indeed,https://www.indeed.com/viewjob?jk=e93574fe83d65e6d,"","2026-05-07"
0,"","Senior Access Control / Security Systems Foreman","Care Security Systems","New York, New York","","$42 - $50 (hourly)",jobspy_indeed,https://www.indeed.com/viewjob?jk=a3ed436d0eb34625,"","2026-05-06"
0,"","Phlebotomist - Outpatient Lab","Summit Health","New York, New York","","$17 - $21 (hourly)",jobspy_indeed,https://www.indeed.com/viewjob?jk=d6192210824c67de,"","2026-05-06"
0,"","Veterinary Assistant","PetVet Care Centers","New York, New York","","$18 - $21 (hourly)",jobspy_indeed,https://www.indeed.com/viewjob?jk=7f2ceb0dc339fb51,"","2026-05-06"
0,"","Archival Digitization Technician","Picturae","New York, New York","","",jobspy_indeed,https://www.indeed.com/viewjob?jk=48584754e0742f3e,"","2026-05-06"
0,"","Behavior Technician - EVENING HOURS","Soaring Sprouts","New York, New York","","$20 - $30 (hourly)",jobspy_indeed,https://www.indeed.com/viewjob?jk=2827b1a1e7796a5e,"","2026-05-06"
0,"","Hearing Aid Technician- Audiology","Summit Health","New York, New York","","$28 - $35 (hourly)",jobspy_indeed,https://www.indeed.com/viewjob?jk=eb9f673b6aa63df2,"","2026-05-06"
0,"","Behavior Technician (BT) / Registered Behavior Technician (RBT)","Bierman Autism Centers","New York, New York","","$20 - $23 (hourly)",jobspy_indeed,https://www.indeed.com/viewjob?jk=3a8039cebb562884,"","2026-05-06"
0,"","Product Introduction (PI) Technician","ALSTOM","New York, New York","","$38 - $40 (hourly)",jobspy_indeed,https://www.indeed.com/viewjob?jk=4a98a397491f3334,"","2026-05-05"
0,"","Sr. Quantum Applied Scientist, Device and Architecture Theory, AWS Center for Quantum Computing","Amazon Web Services","New York, New York","","$183,800 - $260,000 (yearly)",jobspy_indeed,https://www.indeed.com/viewjob?jk=dd7344bfde7c86d3,"","2026-04-14"
0,"","Power Washing Specialist","LAZ Parking","New York, New York","","$17 - $18 (hourly)",jobspy_indeed,https://www.indeed.com/viewjob?jk=6d9a1fa124158fbf,"","2026-04-06"
0,"","RBT / Behavior Technician (BT) – $22-$29/hr | Flexible Schedule | Sacramento","Tilly Partners","San Francisco, California","","$22 - $29 (hourly)",jobspy_indeed,https://www.indeed.com/viewjob?jk=8ab9e454cf0a1bc9,"","2026-05-06"
0,"","Consulting Engineer/ Sr. Consulting Engineer, Structural Engineering & Mechanics","Simpson Gumpertz & Heger","San Francisco, California","","$93,600 - $120,120 (yearly)",jobspy_indeed,https://www.indeed.com/viewjob?jk=9a5e83919985b01a,"","2026-05-06"
0,"","Registered Behavior Technician","Hope For Ohana","San Francisco, California","","$30 - $35 (hourly)",jobspy_indeed,https://www.indeed.com/viewjob?jk=673645d228770c89,"","2026-05-06"
0,"","Facilities Manager","CBRE","San Francisco, California","","$29 - $48 (hourly)",jobspy_indeed,https://www.indeed.com/viewjob?jk=4a570d008a6450ef,"","2026-05-05"
0,"","Facilities Manager-Walnut Creek","CBRE","San Francisco, California","","",jobspy_indeed,https://www.indeed.com/viewjob?jk=fd4d4faea9b7eb9e,"","2026-05-05"
0,"","Emergency Veterinary Assistant or RVT Wanted!","San Francisco Animal Medical Center (SFAMC)","San Francisco, California","","$28 - $40 (hourly)",jobspy_indeed,https://www.indeed.com/viewjob?jk=55155d3d83a0de18,"","2026-05-05"
0,"","OFFICE TECHNICIAN (TYPING)","California State Personnel Board","San Francisco, California","","$3,829 - $4,794 (monthly)",jobspy_indeed,https://www.indeed.com/viewjob?jk=128a48f1507e0135,"","2026-05-05"
0,"","Manager, Reg Clinical Growth","Lincare","San Francisco, California","","",jobspy_indeed,https://www.indeed.com/viewjob?jk=478fec43f1783727,"","2026-05-05"
0,"","Production Manager – Disaster Restoration & Reconstruction","Lyon Restoration","San Francisco, California","","",jobspy_indeed,https://www.indeed.com/viewjob?jk=a30f49dba16090f1,"","2026-05-05"
0,"","Maintenance Technician","CBRE","San Francisco, California","","$65,000 - $80,000 (yearly)",jobspy_indeed,https://www.indeed.com/viewjob?jk=0ff7fb0b9b5c98dd,"","2026-05-04"
0,"","BMS Project Manager","Mantis Innovation","San Francisco, California","","$115,000 - $145,000 (yearly)",jobspy_indeed,https://www.indeed.com/viewjob?jk=dc272b43c8d90f0c,"","2026-05-04"
0,"","Director of Operations","Alley Cat","San Francisco, California","","$165,000 - $190,000 (yearly)",jobspy_indeed,https://www.indeed.com/viewjob?jk=ec8e9472fd9c1921,"","2026-05-04"
0,"","Auto Body Technician","Crash Champions Collision Repair Team","San Francisco, California","","$73,840 - $180,000 (yearly)",jobspy_indeed,https://www.indeed.com/viewjob?jk=4524cdaadf4ffe69,"","2026-05-04"
0,"","Registered Behavior Technician","The Creekside School","San Francisco, California","","$25 - $28 (hourly)",jobspy_indeed,https://www.indeed.com/viewjob?jk=54209beac2838435,"","2026-05-02"
0,"","Sr. Application Software Engineer (Salesforce)","Super Micro Computer, Inc.","San Francisco, California","","$155,000 - $180,000 (yearly)",jobspy_indeed,https://www.indeed.com/viewjob?jk=0964b60e55fe399c,"","2026-05-02"
0,"","Jr. Maintenance Technician","CBRE","San Francisco, California","","$45,000 - $55,000 (yearly)",jobspy_indeed,https://www.indeed.com/viewjob?jk=da6abc6436d5b8ef,"","2026-05-01"
0,"","Registered Behavior Technician (RBT)","Behavior Matters LLC","San Francisco, California","","$17 - $24 (hourly)",jobspy_indeed,https://www.indeed.com/viewjob?jk=29b5b8a5019b1926,"","2026-05-01"
0,"","Sr. Quantum Applied Scientist, Device and Architecture Theory, AWS Center for Quantum Computing","Amazon Web Services","San Francisco, California","","$183,800 - $260,000 (yearly)",jobspy_indeed,https://www.indeed.com/viewjob?jk=36276e9d2b8ba209,"","2026-04-14"
0,"","Engineering Maintenance Technician","Amazon.com","San Francisco, California","","$43 - $75 (hourly)",jobspy_indeed,https://www.indeed.com/viewjob?jk=1d458d5d02851bbb,"","2026-03-06"
0,"","Engineering Operation Technician","Amazon.com","San Francisco, California","","$43 - $75 (hourly)",jobspy_indeed,https://www.indeed.com/viewjob?jk=8e5eb1c60856ee8d,"","2026-03-04"
0,"","Network Install Technician","Amazon.com","San Francisco, California","","$27 - $56 (hourly)",jobspy_indeed,https://www.indeed.com/viewjob?jk=04a4f3b2ca053f11,"","2026-01-20"
0,"","Intern - Gas","Hydromax USA","Seattle, Washington","","",jobspy_indeed,https://www.indeed.com/viewjob?jk=aa70030d2c0bb82b,"","2026-05-06"
0,"","Lead Patient Services Rep","EvergreenHealth","Seattle, Washington","","$22 - $36 (hourly)",jobspy_indeed,https://www.indeed.com/viewjob?jk=2e7402eb5566ecb4,"","2026-05-06"
0,"","Patient Care Technician Pulse CCU","MultiCare Health System","Seattle, Washington","","$23 - $39 (hourly)",jobspy_indeed,https://www.indeed.com/viewjob?jk=a98dbc07b75f71ea,"","2026-05-06"
0,"","Sales Account Manager","Burkhart Dental","Seattle, Washington","","$70,000 - $80,000 (yearly)",jobspy_indeed,https://www.indeed.com/viewjob?jk=ffe877ec389b4ec4,"","2026-05-05"
0,"","Certified Behavior Technician","SpringHealth Behavioral Health and Integrated Care","Seattle, Washington","","$21 - $25 (hourly)",jobspy_indeed,https://www.indeed.com/viewjob?jk=132a96dd7b65ce82,"","2026-05-05"
0,"","Hyundai Service Manager | Lead a Store Ready for Growth","Larson Automotive Group","Seattle, Washington","","$120,000 - $175,000 (yearly)",jobspy_indeed,https://www.indeed.com/viewjob?jk=88cdf90e25744ef0,"","2026-05-05"
0,"","Journeyman Truck Technician / Mechanic - Swing Shift","Papé","Seattle, Washington","","$36 - $40 (hourly)",jobspy_indeed,https://www.indeed.com/viewjob?jk=0d95e4cf17b91d8d,"","2026-05-05"
0,"","Journeyman Truck Technician / Mechanic - Day Shift","Papé","Seattle, Washington","","$35 - $39 (hourly)",jobspy_indeed,https://www.indeed.com/viewjob?jk=209cbb1db7fcee73,"","2026-05-05"
0,"","Veterinary Receptionist","nan","Seattle, Washington","","$21 - $24 (hourly)",jobspy_indeed,https://www.indeed.com/viewjob?jk=699f7a7f40949eb4,"","2026-05-04"
0,"","Veterinary Assistant","nan","Seattle, Washington","","$22 - $26 (hourly)",jobspy_indeed,https://www.indeed.com/viewjob?jk=d93b6b04b2cbb1b3,"","2026-05-04"
0,"","RF Test Technician","Access Laser","Seattle, Washington","","$27 - $36 (hourly)",jobspy_indeed,https://www.indeed.com/viewjob?jk=229312d1cdb03e2d,"","2026-05-04"
0,"","Heavy Equipment Shop Technician / Mechanic","Pape' Machinery Inc","Seattle, Washington","","$32 - $49 (hourly)",jobspy_indeed,https://www.indeed.com/viewjob?jk=6e75fd5660288e61,"","2026-05-04"
0,"","Advanced Truck Technician / Mechanic - Day Shift","Papé","Seattle, Washington","","$40 - $45 (hourly)",jobspy_indeed,https://www.indeed.com/viewjob?jk=717730d53588ad9a,"","2026-05-04"
0,"","BMS Project Manager","Mantis Innovation","Seattle, Washington","","$115,000 - $145,000 (yearly)",jobspy_indeed,https://www.indeed.com/viewjob?jk=6608038d36d36749,"","2026-05-04"
0,"","Maintenance Technician","CBRE","Seattle, Washington","","$55,000 - $75,000 (yearly)",jobspy_indeed,https://www.indeed.com/viewjob?jk=b63776499b171b91,"","2026-05-01"
0,"","Infrastructure Technical Program Manager, Global Connectivity Infrastructure Delivery, Fiber Deployment, GCID-FD","Amazon.com","Seattle, Washington","","$127,100 - $171,900 (yearly)",jobspy_indeed,https://www.indeed.com/viewjob?jk=f4d606705586d03f,"","2026-04-22"
0,"","Technical Infrastructure Program Manager, Data Center Planning and Delivery","Amazon.com","Seattle, Washington","","$127,100 - $171,900 (yearly)",jobspy_indeed,https://www.indeed.com/viewjob?jk=8e6c648e14386d89,"","2026-04-03"
0,"","NW Deployment Planner I, GND - Planning, Implementation, Coordination (PIC) Team","Amazon.com","Seattle, Washington","","$30 - $54 (hourly)",jobspy_indeed,https://www.indeed.com/viewjob?jk=be5a7a2aa3d19dd4,"","2026-03-12"
0,"","Board Certified Behavior Analyst (BCBA)","Bierman Autism Centers","Boston, Massachusetts","","$75,000 - $90,000 (yearly)",jobspy_indeed,https://www.indeed.com/viewjob?jk=195c11e583570ff9,"","2026-05-06"
0,"","Center Clinical Manager","Community Autism Services","Boston, Massachusetts","","$95,000 - $115,000 (yearly)",jobspy_indeed,https://www.indeed.com/viewjob?jk=63f99217b86db489,"","2026-05-06"
0,"","Part Time Behavior Technician (BT) / Registered Behavior Technician (RBT) - Evening Shift","Bierman Autism Centers","Boston, Massachusetts","","",jobspy_indeed,https://www.indeed.com/viewjob?jk=0ebc126703864675,"","2026-05-06"
0,"","Certified Veterinary Technician","Milford Veterinary Hospital","Boston, Massachusetts","","$25 - $27 (hourly)",jobspy_indeed,https://www.indeed.com/viewjob?jk=4ad9f24d7b8990d8,"","2026-05-05"
0,"","Behavior Technician (BT) / Registered Behavior Technician (RBT)","Bierman Autism Centers","Boston, Massachusetts","","$18 - $22 (hourly)",jobspy_indeed,https://www.indeed.com/viewjob?jk=2dcef7bc6b19afc9,"","2026-05-05"
0,"","Veterinary Technician - Mobile Diagnostic Imaging","The Animal Cardiology Center","Boston, Massachusetts","","$75,000 - $80,000 (yearly)",jobspy_indeed,https://www.indeed.com/viewjob?jk=72abf771634c87c3,"","2026-05-05"
0,"","Principal Building Automation (DDC) Field Technician","Ambient Enterprises","Boston, Massachusetts","","$35 - $45 (hourly)",jobspy_indeed,https://www.indeed.com/viewjob?jk=dd3fce8aee7a14dc,"","2026-05-05"
0,"","Behavior Technician (BT/RBT)","HealthPRO Heritage","Boston, Massachusetts","","$24 - $28 (hourly)",jobspy_indeed,https://www.indeed.com/viewjob?jk=bf2a447b5bcf79af,"","2026-05-04"
0,"","Managing Behavior Analyst","Autism Spectrum Therapies","Los Angeles, California","","$90,000 - $106,375 (yearly)",jobspy_indeed,https://www.indeed.com/viewjob?jk=b761245e9e08741b,"","2026-05-06"
0,"","Director of Security Technology","Intuit Dome","Los Angeles, California","","$125,000 - $150,000 (yearly)",jobspy_indeed,https://www.indeed.com/viewjob?jk=7fffc6a98cb3eb26,"","2026-05-06"
0,"","Veterinary Assistant","Sepulveda Animal Hospital","Los Angeles, California","","$21 - $25 (hourly)",jobspy_indeed,https://www.indeed.com/viewjob?jk=f0c83808102fd083,"","2026-05-06"
0,"","Controls Technician III","Cencora","Los Angeles, California","","$74,000 - $105,820 (yearly)",jobspy_indeed,https://www.indeed.com/viewjob?jk=3c3428ef694c7e88,"","2026-05-06"
0,"","MANAGEMENT SERVICES TECHNICIAN","California State Personnel Board","Los Angeles, California","","$3,558 - $5,032 (monthly)",jobspy_indeed,https://www.indeed.com/viewjob?jk=46379d2d85629634,"","2026-05-06"
0,"","Environmental Test Lab Technician","Moog, Inc","Los Angeles, California","","$32 - $38 (hourly)",jobspy_indeed,https://www.indeed.com/viewjob?jk=dbfb0a9335c022f8,"","2026-05-06"
0,"","Veterinary Assistant","Aliso Viejo Animal Hospital","Los Angeles, California","","$18 - $22 (hourly)",jobspy_indeed,https://www.indeed.com/viewjob?jk=eca2e8c092620e6b,"","2026-05-05"
0,"","Auto Body Technician","Crash Champions Collision Repair Team","Los Angeles, California","","$69,680 - $180,000 (yearly)",jobspy_indeed,https://www.indeed.com/viewjob?jk=fb773447d9dc0ac7,"","2026-05-05"
0,"","LED Department Technician","4Wall Entertainment","Los Angeles, California","","$21 - $24 (hourly)",jobspy_indeed,https://www.indeed.com/viewjob?jk=8f80e22b8073c069,"","2026-05-05"
0,"","Medical Health Technician - Long Beach, CA","Prime Physicians","Los Angeles, California","","",jobspy_indeed,https://www.indeed.com/viewjob?jk=e1129e972885d1ed,"","2026-05-05"
0,"","Engineering Technician","Wecoso, Inc.","Los Angeles, California","","$28 - $45 (hourly)",jobspy_indeed,https://www.indeed.com/viewjob?jk=306d94f7c69c10d5,"","2026-05-05"
0,"","Behavior Interventionist","Love 2 Learn Consulting","Los Angeles, California","","$18 - $25 (hourly)",jobspy_indeed,https://www.indeed.com/viewjob?jk=86ec76b6d78e9168,"","2026-05-05"
0,"","MS Dynamics Design & Implementation Specialist (W2 contract)","SI Testing","Los Angeles, California","","$60 - $70 (hourly)",jobspy_indeed,https://www.indeed.com/viewjob?jk=4346369229e2aad2,"","2026-05-05"
0,"","Behavior Technician (60 College Credits Required)","Coyne & Associates","Los Angeles, California","","$21 - $27 (hourly)",jobspy_indeed,https://www.indeed.com/viewjob?jk=f25abdfce400bdd2,"","2026-05-05"
0,"","Associate Veterinarian-Part-Time","PetVet Care Centers","Los Angeles, California","","$150,000 - $180,000 (yearly)",jobspy_indeed,https://www.indeed.com/viewjob?jk=92eaa047d75ed6c1,"","2026-05-05"
0,"","Dispatcher","Nextech","Los Angeles, California","","$25 - $29 (hourly)",jobspy_indeed,https://www.indeed.com/viewjob?jk=b37384dcebf94580,"","2026-05-04"
0,"","Sr. Quantum Applied Scientist, Device and Architecture Theory, AWS Center for Quantum Computing","Amazon Web Services","Los Angeles, California","","$183,800 - $260,000 (yearly)",jobspy_indeed,https://www.indeed.com/viewjob?jk=fac0cdefd8b73622,"","2026-04-14"
0,"","Network Install Technician, Infrastructure Delivery","Amazon.com","Washington, DC","","$29 - $52 (hourly)",jobspy_indeed,https://www.indeed.com/viewjob?jk=17c0d3a3fe510217,"","2026-01-27"
0,"","Controls Technician, DCC Communities","Amazon.com","Washington, DC","","$61,700 - $138,100 (yearly)",jobspy_indeed,https://www.indeed.com/viewjob?jk=13936ccc989b54ad,"","2025-10-29"
0,"","Inside Sales Representative","Native Pest Management","United States","","$60,000 - $100,000 (yearly)",jobspy_indeed,https://www.indeed.com/viewjob?jk=71506196888e5665,"","2026-05-07"
0,"","Part-Time Board Certified Behavior Analyst (BCBA)","BrightPath Behavior","United States","","",jobspy_indeed,https://www.indeed.com/viewjob?jk=3461a6a26ca11c91,"","2026-05-07"
0,"","Technical Field Trainer","Point Broadband","Remote","","",jobspy_indeed,https://www.indeed.com/viewjob?jk=d0327097d37448aa,"","2026-05-05"
0,"","Auditor MRT (coder)","US Department of Veterans Affairs","Remote","","$61,722 - $94,563 (yearly)",jobspy_indeed,https://www.indeed.com/viewjob?jk=2ccf19ce8f258edd,"","2026-05-04"
0,"","Manager of Clinical Implementation","Aegis Ventures","Remote","","$110,000 - $130,000 (yearly)",jobspy_indeed,https://www.indeed.com/viewjob?jk=71c89aec70686a38,"","2026-05-04"
0,"","Medical Records Technician (Coder) Auditor","US Department of Veterans Affairs","Remote","","$61,722 - $89,251 (yearly)",jobspy_indeed,https://www.indeed.com/viewjob?jk=eb68d6d82f0d3b2f,"","2026-05-04"
0,"","Consultant Pharmacist – Remote Supervision","D.K. Vijapura, M.D.","Remote","","",jobspy_indeed,https://www.indeed.com/viewjob?jk=038860cec6682565,"","2026-05-01"
0,"","Life Ray Developer","Cognizant","New York, New York","","$60,000 - $72,000 (yearly)",jobspy_indeed,https://www.indeed.com/viewjob?jk=0de0c3b4e00440a3,"","2026-05-06"
0,"","Software Programmer","Electroimpact","Seattle, Washington","","$28 - $35 (hourly)",jobspy_indeed,https://www.indeed.com/viewjob?jk=b6b3b96fa9cab69c,"","2026-04-30"
0,"","CNC Programmer III","Ducommun","Los Angeles, California","","",jobspy_indeed,https://www.indeed.com/viewjob?jk=7cd84285a0347451,"","2026-05-04"
0,"","Developer Team Lead - Non-Merit","Baltimore County, MD","Washington, DC","","$66 - $86 (hourly)",jobspy_indeed,https://www.indeed.com/viewjob?jk=33fbca15731fe7fc,"","2026-05-01"
0,"","CNC Programmer","Regal Rexnord Corporation","United States","","",jobspy_indeed,https://www.indeed.com/viewjob?jk=f1c22ca0e5bb8d6d,"","2026-05-06"
0,"","Finance and Research Manager(FINANCIAL ANL 3 CX)","UC Davis Health","United States","","$77,100 - $139,900 (yearly)",jobspy_indeed,https://www.indeed.com/viewjob?jk=d73e5b0bfc54d89b,"","2026-05-05"
0,"","Finance and Research Manager(FINANCIAL ANL 3 CX)","UC Davis","United States","","$77,100 - $139,900 (yearly)",jobspy_indeed,https://www.indeed.com/viewjob?jk=9adf99d057c703d5,"","2026-05-05"
0,"","Sr RW Programmer/Sr Data Scientist/Analyst - Real World Data(US and UK Only)","サイネオス・ヘルス","United States","","$80,600 - $145,000 (yearly)",jobspy_indeed,https://www.indeed.com/viewjob?jk=15d692af08199e4f,"","2026-05-05"
0,"","Computer Programmer Intern","Central Susquehanna Intermediate Unit (CSIU)","United States","","",jobspy_indeed,https://www.indeed.com/viewjob?jk=b44b218fdd4176e9,"","2026-05-05"
0,"","ERP Programmer Analyst","Gorbel Inc","United States","","$71,334 - $117,701 (yearly)",jobspy_indeed,https://www.indeed.com/viewjob?jk=fbaec9b97c97be36,"","2026-05-01"
0,"","Analyst/Programmer 5","State of Alaska","United States","","",jobspy_indeed,https://www.indeed.com/viewjob?jk=deb924675a774ec9,"","2026-04-30"
0,"","CNC Programmer","PEP","United States","","$45,000 - $57,000 (yearly)",jobspy_indeed,https://www.indeed.com/viewjob?jk=3dfd32f341b9a08d,"","2026-04-30"
0,"","Senior Programmer Manufacturing Engineer","Allient","United States","","",jobspy_indeed,https://www.indeed.com/viewjob?jk=edd2e49c6cc335da,"","2026-04-30"
0,"","QC/QA Manager","Primary Weapons Systems","United States","","",jobspy_indeed,https://www.indeed.com/viewjob?jk=21cf4fae89d961ab,"","2025-02-11"
0,"","Software Engineer (Stagehand)","nan","San Francisco, California","","",jobspy_indeed,https://www.indeed.com/viewjob?jk=33087ee6c1d3f314,"","2026-04-30"
0,"","LSC STAGEHAND-AUDIO TECHNICIAN","GRAND TRAVERSE RESORT AND CASINOS","United States","","",jobspy_indeed,https://www.indeed.com/viewjob?jk=e5b9d9f45f3db317,"","2026-05-06"
0,"","Audio Technician/ Stagehand","Canaan Sound & Light, Inc.","United States","","$20 - $24 (hourly)",jobspy_indeed,https://www.indeed.com/viewjob?jk=7afcfdc2bf038b60,"","2026-05-06"
0,"","Portland AV Techs / stagehands","ShowPhaze","United States","","",jobspy_indeed,https://www.indeed.com/viewjob?jk=1de763e3083aa820,"","2026-05-05"
0,"","Stage Hand","Jay Peak Resort","United States","","",jobspy_indeed,https://www.indeed.com/viewjob?jk=bb0b22afda02237c,"","2026-05-05"
0,"","Stagehand","Pepsi Amphitheater","United States","","$22 - $23 (hourly)",jobspy_indeed,https://www.indeed.com/viewjob?jk=9b4e9f6357f52fa9,"","2026-05-05"
0,"","Stagehand","Churchill Downs Inc.","United States","","",jobspy_indeed,https://www.indeed.com/viewjob?jk=d3115a2b3253b76e,"","2026-05-05"
0,"","Stagehands/ AV techs (Entry Level positions start at $31-33 DOE for General Stagehands, GAV Techs st","Stagecraft","United States","","$31 - $60 (hourly)",jobspy_indeed,https://www.indeed.com/viewjob?jk=51fdfdce0a13c80d,"","2026-05-04"
0,"","Stage Hand","Friends Of the Bing","United States","","",jobspy_indeed,https://www.indeed.com/viewjob?jk=bfdccc289a21d613,"","2026-05-02"
0,"","Stagehand - Harrah's Cherokee Center","City of Asheville","United States","","",jobspy_indeed,https://www.indeed.com/viewjob?jk=4304718b1b769547,"","2026-04-29"
0,"","Production Technician l (M-F) 2:30pm to 11:00pm.","AbbVie","Chicago, Illinois","","$18 - $33 (hourly)",jobspy_indeed,https://www.indeed.com/viewjob?jk=90445f0f9126c974,"","2026-05-06"
0,"","Facilities Maintenance Technician","Viant Medical","Chicago, Illinois","","$21 - $24 (hourly)",jobspy_indeed,https://www.indeed.com/viewjob?jk=67255f70b1fe1ea5,"","2026-05-01"
0,"","Principal Technician, T&HS, US/CAN","Ingredion","New York, New York","","$58,700 - $78,300 (yearly)",jobspy_indeed,https://www.indeed.com/viewjob?jk=c4e58568c4db44aa,"","2026-05-06"
0,"","Live Broadcast Producer (Part-Time)","GardenStateHSWrestling, LLC","New York, New York","","",jobspy_indeed,https://www.indeed.com/viewjob?jk=e70dfe69479f6c40,"","2026-05-05"
0,"","Extruder Operator 2nd Shift","Cornerstone Building Brands","New York, New York","","",jobspy_indeed,https://www.indeed.com/viewjob?jk=843222a93f82ccba,"","2026-05-05"
0,"","Quality Assurance Supervisor","Cornerstone Building Brands","New York, New York","","$80,000 - $110,000 (yearly)",jobspy_indeed,https://www.indeed.com/viewjob?jk=ecb614c8390eb19b,"","2026-05-04"
0,"","Live Broadcast Producer (Part-Time)","nan","New York, New York","","",jobspy_indeed,https://www.indeed.com/viewjob?jk=46e06ecfc402cfa5,"","2026-05-01"
0,"","Cabinetmaking/ Architectural Woodwork & Interior Systems Instructor","nan","New York, New York","","",jobspy_indeed,https://www.indeed.com/viewjob?jk=b8a24a3969ce9500,"","2026-05-07"
0,"","Bindery Operator","nan","New York, New York","","",jobspy_indeed,https://www.indeed.com/viewjob?jk=31207bda66071b9b,"","2026-05-04"
0,"","Audio Visual Coordinator","The Salvation Army","New York, New York","","$25 - $28 (hourly)",jobspy_indeed,https://www.indeed.com/viewjob?jk=fb1df86f2159b92a,"","2026-05-01"
0,"","Workplace Services / Receptionist (Temporary)","FormFactor, Inc.","San Francisco, California","","$22 - $29 (hourly)",jobspy_indeed,https://www.indeed.com/viewjob?jk=34bf6170da58ee9d,"","2026-05-05"
0,"","Technical Operations Technician 6271432","Accenture","San Francisco, California","","$39 - $49 (hourly)",jobspy_indeed,https://www.indeed.com/viewjob?jk=7b415177ef2bf1e7,"","2026-05-04"
0,"","Technical Operations Technician 6271432","Logic, Inc.","San Francisco, California","","$39 - $49 (hourly)",jobspy_indeed,https://www.indeed.com/viewjob?jk=d04440e0b8301661,"","2026-05-01"
0,"","Game Day Live Stream Coordinator","HomeTeam Live Technologies Corp.","Seattle, Washington","","",jobspy_indeed,https://www.indeed.com/viewjob?jk=bb069acf77c9676e,"","2026-05-05"
0,"","Project Tech, Microelectronics","Draper","Boston, Massachusetts","","",jobspy_indeed,https://www.indeed.com/viewjob?jk=0eb2ba54659b5a37,"","2026-05-06"
0,"","Facilities Technician- Production, Manufacturing, 1st Shift Hours: 6:30am to 3pm, Monday thru Friday, Bristol, RI","Saint-Gobain","Boston, Massachusetts","","$24 - $34 (hourly)",jobspy_indeed,https://www.indeed.com/viewjob?jk=376712b73cbf5a32,"","2026-05-05"
0,"","Props Captain, Set Decor","Universal Studios Hollywood","Los Angeles, California","","",jobspy_indeed,https://www.indeed.com/viewjob?jk=2b69e0cf3b808d24,"","2026-05-01"
0,"","Theatre Technician - Substitute","Glendale Community College","Los Angeles, California","","",jobspy_indeed,https://www.indeed.com/viewjob?jk=2b5c5736a7322fe3,"","2026-04-29"
0,"","Flower Technician","Green Farms Missouri","United States","","",jobspy_indeed,https://www.indeed.com/viewjob?jk=a8e61606e6afaafb,"","2026-05-07"
0,"","Cultivation Technician","Green Farms Missouri","United States","","",jobspy_indeed,https://www.indeed.com/viewjob?jk=928f77400fd442e0,"","2026-05-07"
0,"","Brewing Operator (Nights 2-2-3 Schedule)","Mark Anthony Brewing","United States","","",jobspy_indeed,https://www.indeed.com/viewjob?jk=3410c7c8e8c7b732,"","2026-05-07"
0,"","Center for the Arts Theater Technician","City of Bloomington, MN","United States","","$20 - $24 (hourly)",jobspy_indeed,https://www.indeed.com/viewjob?jk=e978f859e2412f45,"","2026-05-07"
0,"","Donor Center Technician 3","Octapharma","United States","","",jobspy_indeed,https://www.indeed.com/viewjob?jk=5a5e74856f21aae4,"","2026-05-07"
0,"","Live streaming technician","Joseph The Jeweler Corp","United States","","$18 - $23 (hourly)",jobspy_indeed,https://www.indeed.com/viewjob?jk=d203a759ba74bad7,"","2026-05-07"
0,"","Project Manager - Roadway","Consor Engineers","United States","","",jobspy_indeed,https://www.indeed.com/viewjob?jk=bc0103129ca3d924,"","2026-05-06"
0,"","Warehouse Technician I","Live Events","United States","","",jobspy_indeed,https://www.indeed.com/viewjob?jk=bd79e3dd1f7fa828,"","2026-05-06"
0,"","Digital Communications Specialist","Placer County","United States","","$50 - $63 (hourly)",jobspy_indeed,https://www.indeed.com/viewjob?jk=1093577d75b00b65,"","2026-05-06"
0,"","ICC Board Operator, Denver Office","Phillips 66","United States","","$100,800 - $143,000 (yearly)",jobspy_indeed,https://www.indeed.com/viewjob?jk=48c2e7599fcef463,"","2026-05-06"
0,"","Research Technician - Dr. Brudno's lab","University of North Carolina at Chapel Hill","United States","","$10 - $28 (hourly)",jobspy_indeed,https://www.indeed.com/viewjob?jk=53f22d983b18908c,"","2026-05-06"
0,"","Processing Technician, Dermis, Weekend ON","LifeNet Health","United States","","",jobspy_indeed,https://www.indeed.com/viewjob?jk=915bdaa5acd8c75f,"","2026-05-06"
0,"","Processing Support Technician, MS AM","LifeNet Health","United States","","",jobspy_indeed,https://www.indeed.com/viewjob?jk=b39fe67fc152fd94,"","2026-05-06"
0,"","Packaging and Labeling Technician","LifeNet Health","United States","","$19 - $22 (hourly)",jobspy_indeed,https://www.indeed.com/viewjob?jk=2c53caf6b6c75af3,"","2026-05-06"
0,"","Cannabis Production Technician","Vireo Health","United States","","",jobspy_indeed,https://www.indeed.com/viewjob?jk=9b83c32d6eca07fa,"","2026-05-06"
0,"","SURVEY CAD TECHNICIAN / SURVEY PLATTING COORDINATOR","A&S Engineers","United States","","",jobspy_indeed,https://www.indeed.com/viewjob?jk=4de234d6f5909be3,"","2026-05-06"
0,"","Technician AR VR Jib Operator","CBS News and Stations","United States","","",jobspy_indeed,https://www.indeed.com/viewjob?jk=c48b56124210dc5c,"","2026-05-06"
0,"","Electronics Technician","DTV Innovations LLC","Chicago, Illinois","","$20 - $30 (hourly)",jobspy_indeed,https://www.indeed.com/viewjob?jk=472f577134fd127b,"","2026-05-04"
0,"","Network/Telecom Technician","SONIFI","Chicago, Illinois","","$26 - $34 (hourly)",jobspy_indeed,https://www.indeed.com/viewjob?jk=4b3d762c58d8c846,"","2026-05-01"
0,"","Cell Tower Technician","Utility Core Construction","Chicago, Illinois","","$28 - $45 (hourly)",jobspy_indeed,https://www.indeed.com/viewjob?jk=72ee53a893e37d5c,"","2026-05-01"
0,"","Electronic Technician 2 (Second Shift)","Northrop Grumman","Chicago, Illinois","","$53,500 - $89,100 (yearly)",jobspy_indeed,https://www.indeed.com/viewjob?jk=2ed19cb2e46c0036,"","2026-04-29"
0,"","Test Engineer","TTM Technologies","New York, New York","","$87,088 - $145,146 (yearly)",jobspy_indeed,https://www.indeed.com/viewjob?jk=0aed366881a18a61,"","2026-05-06"
0,"","RF Test Technician","Mercury Systems","New York, New York","","$44,000 - $103,800 (yearly)",jobspy_indeed,https://www.indeed.com/viewjob?jk=1094a199c4091d83,"","2026-05-05"
0,"","Early Career RF/Microwave Engineer","BAE Systems USA","New York, New York","","$86,580 - $147,186 (yearly)",jobspy_indeed,https://www.indeed.com/viewjob?jk=cac69c8556f19a67,"","2026-05-05"
0,"","Support Engineer","TTM Technologies","New York, New York","","$68,004 - $113,340 (yearly)",jobspy_indeed,https://www.indeed.com/viewjob?jk=89728b9da4d12b4f,"","2026-05-01"
0,"","ICT Senior Consultant - RF Engineer","Syska Hennessy Group","New York, New York","","$75,083 - $156,718 (yearly)",jobspy_indeed,https://www.indeed.com/viewjob?jk=06e92a4efbbc3070,"","2026-04-30"
0,"","Field Technician (Milpitas, CA)","TelePath Corporation","San Francisco, California","","$25 - $35 (hourly)",jobspy_indeed,https://www.indeed.com/viewjob?jk=c09c123460da00fa,"","2026-05-04"
0,"","Equipment Maintenance Technician Lead 2nd shift","TTM Technologies","San Francisco, California","","$71,608 - $119,346 (yearly)",jobspy_indeed,https://www.indeed.com/viewjob?jk=04cae63ef6a7c045,"","2026-04-30"
0,"","Equipment Maintenance Technician 1st","TTM Technologies","San Francisco, California","","$58,996 - $93,252 (yearly)",jobspy_indeed,https://www.indeed.com/viewjob?jk=b769005f79f5dd15,"","2026-04-30"
0,"","Metrology & Calibration Technicians (Associate or Mid-Level)","Boeing","Seattle, Washington","","$56,950 - $92,000 (yearly)",jobspy_indeed,https://www.indeed.com/viewjob?jk=def0235f4b3a0a14,"","2026-05-07"
0,"","Electronic Tech Infrastructure Maint-87110-029","Boeing","Seattle, Washington","","$35 - $62 (hourly)",jobspy_indeed,https://www.indeed.com/viewjob?jk=2da5efb7b4ce87e8,"","2026-05-06"
0,"","Field Telecommunications Technician","SONIFI","Seattle, Washington","","$25 - $32 (hourly)",jobspy_indeed,https://www.indeed.com/viewjob?jk=b9df9adfd83b1f04,"","2026-05-05"
0,"","Communications Systems Technician III","City of Tacoma","Seattle, Washington","","",jobspy_indeed,https://www.indeed.com/viewjob?jk=ae34d414c540c4af,"","2026-04-30"
0,"","Satellite Test Hardware Engineer, Integrated Vehicle Test Team","Amazon.com","Seattle, Washington","","$129,200 - $174,800 (yearly)",jobspy_indeed,https://www.indeed.com/viewjob?jk=90e12b3500782ecc,"","2026-04-29"
0,"","System Development Engineer, GSE Automation, Amazon Leo","Amazon.com","Seattle, Washington","","$129,200 - $174,800 (yearly)",jobspy_indeed,https://www.indeed.com/viewjob?jk=6730f929522e7691,"","2026-04-03"
0,"","Senior Principal Analog Electrical Engineer","BAE Systems USA","Boston, Massachusetts","","$132,962 - $226,035 (yearly)",jobspy_indeed,https://www.indeed.com/viewjob?jk=84920af27ffb1ca8,"","2026-05-06"
0,"","Principal Electronic Engineer","Advanced Energy Industries, Inc.","Boston, Massachusetts","","$165,000 - $188,000 (yearly)",jobspy_indeed,https://www.indeed.com/viewjob?jk=c27c29c80aa4cc3e,"","2026-05-06"
0,"","RF Test Technician","Mercury Systems","Boston, Massachusetts","","$50,600 - $119,400 (yearly)",jobspy_indeed,https://www.indeed.com/viewjob?jk=034d8a0373754f0d,"","2026-05-05"
0,"","Test Technician III","BAE Systems USA","Boston, Massachusetts","","$57,319 - $91,710 (yearly)",jobspy_indeed,https://www.indeed.com/viewjob?jk=a57a3ab41fca4aaf,"","2026-05-04"
0,"","Tower Foreman","InfraServices","Boston, Massachusetts","","$30 - $40 (hourly)",jobspy_indeed,https://www.indeed.com/viewjob?jk=afb45521faada42e,"","2026-05-01"
0,"","RF Engineer","GeoLogics Corporation","Boston, Massachusetts","","$64 - $79 (hourly)",jobspy_indeed,https://www.indeed.com/viewjob?jk=6f8b9276d1e202cb,"","2026-05-01"
0,"","Sr. Production Test Engineer - HWIC 3rd Shift - CLEARANCE REQUIRED","Raytheon","Boston, Massachusetts","","$86,800 - $165,200 (yearly)",jobspy_indeed,https://www.indeed.com/viewjob?jk=605916a2f128eb52,"","2026-04-30"
0,"","Production Test Engineer II - HWIC 3rd Shift - CLEARANCE REQUIRED","Raytheon","Boston, Massachusetts","","$68,900 - $131,100 (yearly)",jobspy_indeed,https://www.indeed.com/viewjob?jk=4395175630766dba,"","2026-04-30"
0,"","RF Engineer III","Mercury Systems","Boston, Massachusetts","","$75,000 - $177,000 (yearly)",jobspy_indeed,https://www.indeed.com/viewjob?jk=afa156252eb5b003,"","2026-04-29"
0,"","Senior Product Test Engineer","Anduril","Los Angeles, California","","$146,000 - $183,000 (yearly)",jobspy_indeed,https://www.indeed.com/viewjob?jk=46ed04e10ad7b741,"","2026-05-07"
0,"","Radar Systems Engineer - RF Integration and Test Engineer","CHAOS Industries","Los Angeles, California","","$110,000 - $220,000 (yearly)",jobspy_indeed,https://www.indeed.com/viewjob?jk=27f796def77902db,"","2026-05-05"
0,"","Equipment Maintenance Technician - 3rd Shift","JOHANSON TECHNOLOGY","Los Angeles, California","","$25 - $30 (hourly)",jobspy_indeed,https://www.indeed.com/viewjob?jk=ced5d6c539cc2342,"","2026-05-05"
0,"","Customer Service Technician","Troll Systems Corporation","Los Angeles, California","","$30 - $33 (hourly)",jobspy_indeed,https://www.indeed.com/viewjob?jk=6911476ef0cb7155,"","2026-05-04"
0,"","Electronics Quality Technician III","Motorola Solutions","Los Angeles, California","","$32 - $34 (hourly)",jobspy_indeed,https://www.indeed.com/viewjob?jk=7b900dfc7c001ef7,"","2026-05-04"
0,"","DAS / ERRCS Service Technician","HCI Systems","Los Angeles, California","","$35 - $45 (hourly)",jobspy_indeed,https://www.indeed.com/viewjob?jk=9416e94dd2b0a4c5,"","2026-05-01"
0,"","DAS Service Technician – SoCal","Communication Technology Services","Los Angeles, California","","$28 - $35 (hourly)",jobspy_indeed,https://www.indeed.com/viewjob?jk=08fecfa06300c03c,"","2026-05-01"
0,"","Senior Electrical Engineer (RF & Modeling)","Modern Government Solutions","Los Angeles, California","","",jobspy_indeed,https://www.indeed.com/viewjob?jk=3885a74889662a9f,"","2026-05-01"
0,"","Senior Engineering Technician","Modern Government Solutions","Los Angeles, California","","",jobspy_indeed,https://www.indeed.com/viewjob?jk=e0f3b9bc280a6cc8,"","2026-05-01"
0,"","Electro-Mechanical Systems Technician","Modern Government Solutions","Los Angeles, California","","",jobspy_indeed,https://www.indeed.com/viewjob?jk=58f0d763d22cc8ba,"","2026-05-01"
0,"","Electrical Systems Technician","Modern Government Solutions","Los Angeles, California","","",jobspy_indeed,https://www.indeed.com/viewjob?jk=914bed0edd894f8c,"","2026-05-01"
0,"","RF Test Technician","Motive Companies","Los Angeles, California","","$26 - $29 (hourly)",jobspy_indeed,https://www.indeed.com/viewjob?jk=c98e1afeb6ce398a,"","2026-05-01"
0,"","DC Assembly-Test Technician Level IV","Maury Microwave Corporation","Los Angeles, California","","$27 - $40 (hourly)",jobspy_indeed,https://www.indeed.com/viewjob?jk=505f1e873cb6c4a8,"","2026-05-01"
0,"","Electronic Warfare (EW) Technician","Johns Hopkins University Applied Physics Laboratory","Washington, DC","","$25 - $50 (hourly)",jobspy_indeed,https://www.indeed.com/viewjob?jk=51fb134a53b1d7d8,"","2026-05-01"
0,"","Senior Electrical Design Engineer","nan","Washington, DC","","$175,000 - $225,000 (yearly)",jobspy_indeed,https://www.indeed.com/viewjob?jk=9e1c60633099febf,"","2026-04-30"
0,"","RF Senior Systems Engineer","Lockheed Martin","Washington, DC","","$170,900 - $301,415 (yearly)",jobspy_indeed,https://www.indeed.com/viewjob?jk=15d073bfbb86052d,"","2026-04-29"
0,"","Technician, Teleport Operations 1","SES","United States","","",jobspy_indeed,https://www.indeed.com/viewjob?jk=38dae926f1e10042,"","2026-05-07"
0,"","Tower Technician","Elite ICT","United States","","$19 - $32 (hourly)",jobspy_indeed,https://www.indeed.com/viewjob?jk=3e09953c54371b76,"","2026-05-07"
0,"","Engineering Technician B","L3Harris","United States","","$45,000 - $84,000 (yearly)",jobspy_indeed,https://www.indeed.com/viewjob?jk=7df0e6c5c0c0aa96,"","2026-05-07"
0,"","RF / Tower Tech II","nan","United States","","$22 - $26 (hourly)",jobspy_indeed,https://www.indeed.com/viewjob?jk=4d4f0a7600f3d412,"","2026-05-07"
0,"","RF / Tower Tech I","nan","United States","","$20 - $22 (hourly)",jobspy_indeed,https://www.indeed.com/viewjob?jk=b34e0dececcac230,"","2026-05-07"
0,"","Communication Systems Technician II","Mobile Communications America Inc","United States","","",jobspy_indeed,https://www.indeed.com/viewjob?jk=15bbf718f5d754bb,"","2026-05-06"
0,"","Prototype Maintenance Technician","Qorvo","United States","","",jobspy_indeed,https://www.indeed.com/viewjob?jk=ac666a139e29ef06,"","2026-05-06"
0,"","Test Technician","Qorvo","United States","","",jobspy_indeed,https://www.indeed.com/viewjob?jk=cbfbd8e60e9e300b,"","2026-05-04"
0,"","Field Technician","Cable One","United States","","",jobspy_indeed,https://www.indeed.com/viewjob?jk=a41e6aabfed7a0d4,"","2026-05-06"
0,"","Electronics Technician","Prolim global system","United States","","$40 - $45 (hourly)",jobspy_indeed,https://www.indeed.com/viewjob?jk=9ee1f78b95a80011,"","2026-05-06"
0,"","Tower Technician IV - AK","Betacom Incorporated","United States","","$34 - $37 (hourly)",jobspy_indeed,https://www.indeed.com/viewjob?jk=a44d4c121bcd15f3,"","2026-05-06"
0,"","Computer Technician","FedEx Supply Chain","United States","","",jobspy_indeed,https://www.indeed.com/viewjob?jk=fa7bd7e77fb505cc,"","2026-05-06"
0,"","Warehouse Equipment Maintenance Mechanic II","UNFI","United States","","",jobspy_indeed,https://www.indeed.com/viewjob?jk=28f940b2dd053b5b,"","2026-05-06"
0,"","Test Engineer","Lockheed Martin","United States","","",jobspy_indeed,https://www.indeed.com/viewjob?jk=6074e88e27e02628,"","2026-05-05"
0,"","Shipping and Receiving Coordinator - Flavor Manufacturer","H.B. Taylor Co.","Chicago, Illinois","","$17 - $20 (hourly)",jobspy_indeed,https://www.indeed.com/viewjob?jk=747badaab6103eea,"","2026-05-06"
0,"","Inventory Coordinator (1st Shift)","Cardinal Health","Chicago, Illinois","","$22 - $32 (hourly)",jobspy_indeed,https://www.indeed.com/viewjob?jk=1885451f3cbfaf39,"","2026-05-05"
0,"","Experienced Shipping & Receiving Manager for Flavor Manufacturer","H.B. Taylor Co.","Chicago, Illinois","","$22 - $30 (hourly)",jobspy_indeed,https://www.indeed.com/viewjob?jk=66b9d9a5cb565c8a,"","2026-05-05"
0,"","Shipping & Receiving Coordinator","American Blending and Filling","Chicago, Illinois","","$17 - $23 (hourly)",jobspy_indeed,https://www.indeed.com/viewjob?jk=468f714b5ef8fa66,"","2026-05-05"
0,"","Distribution Clerk (1st shift)","Essilor and Subsidiaries","Chicago, Illinois","","$19 - $25 (hourly)",jobspy_indeed,https://www.indeed.com/viewjob?jk=dad3f9951c074d09,"","2026-05-04"
0,"","Coordinator of Administrative Services","Research Foundation CUNY","New York, New York","","$59,000 - $62,000 (yearly)",jobspy_indeed,https://www.indeed.com/viewjob?jk=38d23bd508ab382a,"","2026-04-30"
0,"","Senior IT Coordinator - Field","GEODIS","Los Angeles, California","","",jobspy_indeed,https://www.indeed.com/viewjob?jk=d9374a6ea55cdd64,"","2026-05-04"
0,"","Evolved Strategic SATCOM (ESS) Sr. Space Systems Lead Payload Engineer","The Aerospace Corporation","Los Angeles, California","","$171,400 - $257,100 (yearly)",jobspy_indeed,https://www.indeed.com/viewjob?jk=bfc28cc894c0e8db,"","2026-04-30"
0,"","Inventory Control Coordinator","Owens & Minor","Washington, DC","","",jobspy_indeed,https://www.indeed.com/viewjob?jk=060bf0887f0fa98b,"","2026-05-05"
0,"","RF Signal and Image Processing, Senior Engineering Specialist","The Aerospace Corporation","Washington, DC","","$166,400 - $249,600 (yearly)",jobspy_indeed,https://www.indeed.com/viewjob?jk=d770b34877bf6426,"","2026-04-30"
0,"","Underground Technician","Utility Lines Construction Services, LLC","United States","","",jobspy_indeed,https://www.indeed.com/viewjob?jk=072b98b6c8e41d30,"","2026-05-06"
0,"","Shipping Clerk I","DTPM","United States","","$14 - $15 (hourly)",jobspy_indeed,https://www.indeed.com/viewjob?jk=10337bc91ebd2022,"","2026-05-06"
0,"","Warehouse Coordinator","GOJO Industries","United States","","",jobspy_indeed,https://www.indeed.com/viewjob?jk=95ac108942907903,"","2026-05-06"
0,"","Distribution Associate - QIC (1st Shift)","CooperCompanies","United States","","",jobspy_indeed,https://www.indeed.com/viewjob?jk=2046b8b5e281c12d,"","2026-05-06"
0,"","Network Engineer","JT4","United States","","",jobspy_indeed,https://www.indeed.com/viewjob?jk=6a7c8fb6e71a62d7,"","2026-05-06"
0,"","Customer Service Coordinator","Ryder System","United States","","$23 - $25 (hourly)",jobspy_indeed,https://www.indeed.com/viewjob?jk=45ea1caaf2e40551,"","2026-05-06"
0,"","Shipping Receiving 1 - OW - 6:00am to 4:30pm","King's Hawaiian","United States","","",jobspy_indeed,https://www.indeed.com/viewjob?jk=e9c2a53f957a454f,"","2026-05-06"
0,"","Land Mobile Radio Technician","BRS","United States","","",jobspy_indeed,https://www.indeed.com/viewjob?jk=1b0f1656f3d92502,"","2026-05-05"
0,"","URBN Traffic Coordinator","URBN","United States","","",jobspy_indeed,https://www.indeed.com/viewjob?jk=0c814d4721232881,"","2026-05-05"
0,"","URBN Coordinator - Night Shift","URBN","United States","","",jobspy_indeed,https://www.indeed.com/viewjob?jk=3f337ccb6b21561d,"","2026-05-02"
0,"","Logistics Coordinator","DSV","United States","","",jobspy_indeed,https://www.indeed.com/viewjob?jk=91c1d145c3b80f0c,"","2026-05-05"
0,"","Quality Coordinator","Amphenol","United States","","",jobspy_indeed,https://www.indeed.com/viewjob?jk=0a8348151b998736,"","2026-05-05"
0,"","Shipping Coordinator","Jabil","United States","","",jobspy_indeed,https://www.indeed.com/viewjob?jk=a90dda05ecf06598,"","2026-05-05"
0,"","TEMP MTO Packaging & Distribution Operator - C Shift","CooperCompanies","United States","","$20 - $23 (hourly)",jobspy_indeed,https://www.indeed.com/viewjob?jk=2ca042bd6b3acf2d,"","2026-05-05"
0,"","Warehouse Transportation Center Coordinator","Ryder System","United States","","",jobspy_indeed,https://www.indeed.com/viewjob?jk=3e0fced0600fb1c3,"","2026-05-04"
0,"","Software Engineer (Java) in Test","Paramount","New York, New York","","$98,000 - $130,000 (yearly)",jobspy_indeed,https://www.indeed.com/viewjob?jk=17100033b6ffe1ce,"","2026-05-04"
0,"","Senior Manager - Software Engineering","Paramount Streaming","New York, New York","","$177,000 - $220,000 (yearly)",jobspy_indeed,https://www.indeed.com/viewjob?jk=48748b6508899d99,"","2026-05-04"
0,"","Sr Live Video Quality Software Engineer","Paramount","New York, New York","","$125,000 - $160,000 (yearly)",jobspy_indeed,https://www.indeed.com/viewjob?jk=5c63eceb815aa1e4,"","2026-05-03"
0,"","Lead Software Engineer (Java) in Test","Paramount","New York, New York","","$124,000 - $170,000 (yearly)",jobspy_indeed,https://www.indeed.com/viewjob?jk=4d3581fcdd51c53d,"","2026-05-01"
0,"","Principal Software Engineer","Paramount Streaming","New York, New York","","$203,000 - $260,000 (yearly)",jobspy_indeed,https://www.indeed.com/viewjob?jk=50edaf5d6f476a5e,"","2026-05-01"
0,"","OTT Test Engineer","Inabia Software & Consulting Inc.","New York, New York","","",jobspy_indeed,https://www.indeed.com/viewjob?jk=0bf77d5bcbe1fcae,"","2026-05-01"
0,"","Product Manager, Pixel Audio and Speech AI","Google","San Francisco, California","","$163,000 - $237,000 (yearly)",jobspy_indeed,https://www.indeed.com/viewjob?jk=ccaeb6232ee97076,"","2026-05-06"
0,"","Automotive Infotainment / HMI Validation Engineer","Snapidea Systems Pvt Ltd","San Francisco, California","","",jobspy_indeed,https://www.indeed.com/viewjob?jk=f2c83c673ee62395,"","2026-05-06"
0,"","Staff Test Infrastructure Engineer","John Deere","San Francisco, California","","$141,132 - $211,692 (yearly)",jobspy_indeed,https://www.indeed.com/viewjob?jk=cfc2d3b4673ed13d,"","2026-05-01"
0,"","C++ Software Engineer, Amazon Music, App Foundry","Amazon.com","San Francisco, California","","$165,200 - $223,600 (yearly)",jobspy_indeed,https://www.indeed.com/viewjob?jk=45edb50f46b3db2e,"","2026-04-22"
0,"","Senior Design Technologist, Prime Video","Amazon.com","San Francisco, California","","$154,200 - $239,900 (yearly)",jobspy_indeed,https://www.indeed.com/viewjob?jk=7f072fd71413262f,"","2025-11-24"
0,"","Senior Design Technologist, Prime Video","Amazon.com","Seattle, Washington","","$154,200 - $239,900 (yearly)",jobspy_indeed,https://www.indeed.com/viewjob?jk=7015eff2f3275124,"","2025-11-24"
0,"","Senior Software Engineer, Android","Twitch","Los Angeles, California","","$168,100 - $261,500 (yearly)",jobspy_indeed,https://www.indeed.com/viewjob?jk=9d7b5d2b01f6930c,"","2026-05-05"
0,"","Lead Product Designer (Streaming)","nan","Los Angeles, California","","$138,900 - $203,900 (yearly)",jobspy_indeed,https://www.indeed.com/viewjob?jk=21be9e3f00c63966,"","2026-05-05"
0,"","Senior Tracking Software Engineer, Space","Anduril","Washington, DC","","$191,000 - $253,000 (yearly)",jobspy_indeed,https://www.indeed.com/viewjob?jk=e200d796f07c6161,"","2026-05-07"
0,"","Senior Signal Processing Engineer, Space","Anduril","Washington, DC","","$166,000 - $220,000 (yearly)",jobspy_indeed,https://www.indeed.com/viewjob?jk=93263806bc3d7d85,"","2026-05-07"
0,"","Sr. Engineer - Safety Analytics, Tools & Databases","nan","Washington, DC","","$125,000 - $200,000 (yearly)",jobspy_indeed,https://www.indeed.com/viewjob?jk=1310a0840225d1d5,"","2026-05-03"
0,"","Master Control Engineer","Univision Communications Inc","United States","","",jobspy_indeed,https://www.indeed.com/viewjob?jk=0f3d8282d1edd8a0,"","2026-05-06"
0,"","Automotive Validation Engineer - Infotainment","Spanidea Systems","United States","","$55 - $75 (hourly)",jobspy_indeed,https://www.indeed.com/viewjob?jk=18f39e1de5a11ba5,"","2026-05-06"
0,"","Senior Software Engineer - Android","Purple Wave Auction","Remote","","$104,000 - $134,000 (yearly)",jobspy_indeed,https://www.indeed.com/viewjob?jk=43e1268f478abf6c,"","2026-05-01"
0,"","Business Development Manager - Exclusive Brands","ADI Global Distribution","New York, New York","","$65,173 - $138,714 (yearly)",jobspy_indeed,https://www.indeed.com/viewjob?jk=a291c7568f52a39e,"","2026-04-30"
0,"","Audio/Video Installer","EKC Enterprises, Inc.","San Francisco, California","","$65 - $70 (hourly)",jobspy_indeed,https://www.indeed.com/viewjob?jk=cb0823fa4dea8ed6,"","2026-05-06"
0,"","Lead Installer/Site Lead (Cabling/AV)","Key Code Media, Inc","San Francisco, California","","$40 - $48 (hourly)",jobspy_indeed,https://www.indeed.com/viewjob?jk=c89acd3a54cfcad0,"","2026-05-04"
0,"","Sr Account Manager","ADI Global Distribution","United States","","$65,173 - $110,971 (yearly)",jobspy_indeed,https://www.indeed.com/viewjob?jk=95b7b978b1202eb9,"","2026-05-07"
0,"","Audio/Video Wiring installer","All Wired Tech","United States","","$130 - $175 (daily)",jobspy_indeed,https://www.indeed.com/viewjob?jk=499537c87f3100dd,"","2026-05-07"
0,"","Install Assembler","ARCHKEY SOLUTIONS","United States","","",jobspy_indeed,https://www.indeed.com/viewjob?jk=4816020529921244,"","2026-05-06"
0,"","AV Installer","RnB Enterprises, Inc.","United States","","$23 - $37 (hourly)",jobspy_indeed,https://www.indeed.com/viewjob?jk=5cbb0afef4d52b1a,"","2026-05-06"
0,"","Sr. Inside Sales Rep.","AlarMax Distributors","United States","","$25 - $30 (hourly)",jobspy_indeed,https://www.indeed.com/viewjob?jk=78acdeaee954da29,"","2026-05-06"
0,"","Production Fabricator/ Installation Lead","DGTL","United States","","",jobspy_indeed,https://www.indeed.com/viewjob?jk=283d53ccc4db8f73,"","2026-05-06"
0,"","Founding Account Executive","Dominus Foundry LLC","United States","","$85,000 - $105,000 (yearly)",jobspy_indeed,https://www.indeed.com/viewjob?jk=35754b85d326e103,"","2026-05-05"
0,"","Commercial AVL Designer II","Sweetwater","United States","","",jobspy_indeed,https://www.indeed.com/viewjob?jk=18c7ee57fde71247,"","2026-05-05"
0,"","AV Sales Specialist","Lifestyle Electronics","United States","","",jobspy_indeed,https://www.indeed.com/viewjob?jk=f9d6831a31f1d051,"","2026-05-04"
0,"","Audio Visual Technician I","The Cook & Boardman Group, LLC","United States","","",jobspy_indeed,https://www.indeed.com/viewjob?jk=108e38a5fa12a34c,"","2026-05-04"
0,"","AUDIO VISUAL SYSTEMS ENGINEER","Bluewater Technologies","United States","","",jobspy_indeed,https://www.indeed.com/viewjob?jk=0dfcada39a734607,"","2026-05-04"
0,"","Marine Entertainment Sales Representative","The Signal Group","United States","","$75,000 - $85,000 (yearly)",jobspy_indeed,https://www.indeed.com/viewjob?jk=fb3061b5951b5fb2,"","2026-05-04"
0,"","Tech 2 (Lead Installer)","Method Media Systems","United States","","$28 - $35 (hourly)",jobspy_indeed,https://www.indeed.com/viewjob?jk=e0b0e7a96a4d6958,"","2026-05-04"
0,"","Smart Home Technician/Installer","nan","United States","","$22 - $25 (hourly)",jobspy_indeed,https://www.indeed.com/viewjob?jk=245140a3541adc50,"","2026-05-04"
0,"","AV Engineering Specialist","MD Anderson Cancer Center","United States","","$60,500 - $90,500 (yearly)",jobspy_indeed,https://www.indeed.com/viewjob?jk=eed99c9ab3a879bb,"","2026-05-03"
0,"","Apprentice Service Technician","Securitas Technology","Chicago, Illinois","","$21 - $22 (hourly)",jobspy_indeed,https://www.indeed.com/viewjob?jk=543583518a590f9b,"","2026-05-06"
0,"","Low Voltage Alarm Technician","Alert Alarm Inc","Chicago, Illinois","","$22 - $35 (hourly)",jobspy_indeed,https://www.indeed.com/viewjob?jk=241fc94b8dfa4b20,"","2026-05-06"
0,"","Warehouse Maintenance Technician II - 2nd Shift","PLA Family of Companies","Chicago, Illinois","","$26 - $29 (hourly)",jobspy_indeed,https://www.indeed.com/viewjob?jk=084d1ba05b0f54af,"","2026-05-06"
0,"","Property Maintenance Supervisor - Bi-Lingual (Merrilville, IN)","Bayshore Properties","Chicago, Illinois","","$25 - $28 (hourly)",jobspy_indeed,https://www.indeed.com/viewjob?jk=c1ed464a17d66da4,"","2026-05-06"
0,"","Technician I - Fire Alarm Test & Inspect","Fox Valley Fire & Safety","Chicago, Illinois","","$22 - $23 (hourly)",jobspy_indeed,https://www.indeed.com/viewjob?jk=125a53e49b77ee7c,"","2026-05-06"
0,"","Field Service Scale Calibration Technician (1-2 YRS EXP)","Abacus Scales & Systems","Chicago, Illinois","","$25 - $28 (hourly)",jobspy_indeed,https://www.indeed.com/viewjob?jk=5fcb5f8948c6cb0f,"","2026-05-06"
0,"","Structured Cabling Technician (IL)","Superior Communication Services","Chicago, Illinois","","$20 - $39 (hourly)",jobspy_indeed,https://www.indeed.com/viewjob?jk=cdd7d5cfc989d969,"","2026-05-05"
0,"","Precision CNC Maintenance Specialist","GereMarie Corporation","Chicago, Illinois","","$40 - $50 (hourly)",jobspy_indeed,https://www.indeed.com/viewjob?jk=f36e7f9fbdda7de0,"","2026-05-05"
0,"","Seasonal Low Voltage Installer","Modern Media Tech LLC","Chicago, Illinois","","",jobspy_indeed,https://www.indeed.com/viewjob?jk=d335312425df29e0,"","2026-05-04"
0,"","Data Communications Technician","K & L Technical Services","Chicago, Illinois","","$30 - $40 (hourly)",jobspy_indeed,https://www.indeed.com/viewjob?jk=f8bd5d95cd20d889,"","2026-05-04"
0,"","Experienced Automotive / RV / HVAC - DC Wiring Technician — Volo, IL","nan","Chicago, Illinois","","$35 - $45 (hourly)",jobspy_indeed,https://www.indeed.com/viewjob?jk=8c22b05b6a9627f1,"","2026-05-03"
0,"","Security Systems Technician (CCTV / Access Control / Low Voltage)","Abstrakt Marketing Group","Chicago, Illinois","","$25 - $46 (hourly)",jobspy_indeed,https://www.indeed.com/viewjob?jk=f2359d5fb5e9700a,"","2026-05-02"
0,"","Field Service Technician","AB Graphic International","Chicago, Illinois","","$60,000 - $90,000 (yearly)",jobspy_indeed,https://www.indeed.com/viewjob?jk=c1ac0e8dc7333a5b,"","2026-05-01"
0,"","Maintenance Technican","nan","Chicago, Illinois","","$30 - $40 (hourly)",jobspy_indeed,https://www.indeed.com/viewjob?jk=1512bb579d8c8148,"","2026-05-01"
0,"","Low- Voltage Installation Technician","Alarm Detection Systems","Chicago, Illinois","","$23 - $28 (hourly)",jobspy_indeed,https://www.indeed.com/viewjob?jk=580741e0c66bc217,"","2026-04-30"
0,"","Field & Bench Technician","ESP Enterprises","Chicago, Illinois","","$25 - $27 (hourly)",jobspy_indeed,https://www.indeed.com/viewjob?jk=64d3ec1de254575c,"","2025-04-10"
0,"","Electrician","Parkplus","New York, New York","","$30 - $42 (hourly)",jobspy_indeed,https://www.indeed.com/viewjob?jk=459603e2fed476c7,"","2026-05-07"
0,"","Facility Maintenance Manager","LA Fitness","New York, New York","","",jobspy_indeed,https://www.indeed.com/viewjob?jk=e3b7e53134bfa2c6,"","2026-05-07"
0,"","Senior Installation Technician","Alliance Building Services","New York, New York","","$80,000 - $85,000 (yearly)",jobspy_indeed,https://www.indeed.com/viewjob?jk=6137f47ed881b3a8,"","2026-05-06"
0,"","Maintenance Supervisor","Roman Stone Construction Company","New York, New York","","$30 - $36 (hourly)",jobspy_indeed,https://www.indeed.com/viewjob?jk=2efb79e0620b2292,"","2026-05-06"
0,"","Traveling Electronic Security Systems Technician","Evergreen Fire & Security","New York, New York","","$30 - $45 (hourly)",jobspy_indeed,https://www.indeed.com/viewjob?jk=dc78cffff3f88215,"","2026-05-05"
0,"","Field Service Technician - Morris Plains, NJ","Rivian","New York, New York","","",jobspy_indeed,https://www.indeed.com/viewjob?jk=0b866da8e4bf8a74,"","2026-05-05"
0,"","Low Voltage Structured Cable Technician","nan","New York, New York","","$20 - $27 (hourly)",jobspy_indeed,https://www.indeed.com/viewjob?jk=d7e11b12e120856a,"","2026-05-05"
0,"","Laborer 1 (Pumping Services Technician) - Technical Advisory","Jackson Township Municipal Utilities Authority","New York, New York","","$52,000 - $81,600 (yearly)",jobspy_indeed,https://www.indeed.com/viewjob?jk=cdc3d8a9430c3f95,"","2026-05-05"
0,"","Fire Alarm Technician","county fire inc","New York, New York","","$35 - $50 (hourly)",jobspy_indeed,https://www.indeed.com/viewjob?jk=b5a069831d827a2e,"","2026-05-05"
0,"","Field Service Technician","nan","New York, New York","","$30 - $35 (hourly)",jobspy_indeed,https://www.indeed.com/viewjob?jk=f8f191e957cc153d,"","2026-05-05"
0,"","Maintenance Technician","DO & CO","New York, New York","","",jobspy_indeed,https://www.indeed.com/viewjob?jk=6164c799aaa2f6f4,"","2026-05-04"
0,"","Product Deployment Specialist","Flock Safety","New York, New York","","$55,000 - $75,000 (yearly)",jobspy_indeed,https://www.indeed.com/viewjob?jk=c3d627cbde904102,"","2026-05-04"
0,"","Traveling Field Technician","Flock","New York, New York","","$55,000 - $65,000 (yearly)",jobspy_indeed,https://www.indeed.com/viewjob?jk=113821d685119b0e,"","2026-05-04"
0,"","Product Deployment Specialist","Flock","New York, New York","","$50,000 - $75,000 (yearly)",jobspy_indeed,https://www.indeed.com/viewjob?jk=cdaee2681effe965,"","2026-05-04"
0,"","Telecommunications Analyst II","Rutgers University","New York, New York","","",jobspy_indeed,https://www.indeed.com/viewjob?jk=89dc16c58baec8ad,"","2026-05-04"
0,"","Electrical and Instrument Technician","Reworld","New York, New York","","$82,900 - $110,400 (yearly)",jobspy_indeed,https://www.indeed.com/viewjob?jk=f18f0f6b45197a74,"","2026-05-04"
0,"","Fire & Security Alarm Installer/Technician","NAS Security Systems, Inc.","New York, New York","","$35 - $50 (hourly)",jobspy_indeed,https://www.indeed.com/viewjob?jk=d93c4c8d9f5e8ba8,"","2026-05-04"
0,"","Low Voltage Security Technician","nan","New York, New York","","$25 - $45 (hourly)",jobspy_indeed,https://www.indeed.com/viewjob?jk=e29535471fc83d39,"","2026-05-04"
0,"","Field Service Technician FSR3","nan","New York, New York","","$90,000 - $140,000 (yearly)",jobspy_indeed,https://www.indeed.com/viewjob?jk=9ac1b1858d82f65b,"","2026-05-04"
0,"","NJ Licensed Locksmith Qualifier / Technical Supervisor – Part-Time Retainer","OpSec Consulting","New York, New York","","$1,000 - $5,000 (monthly)",jobspy_indeed,https://www.indeed.com/viewjob?jk=28da7be71ab8ba73,"","2026-05-03"
0,"","Industrial Maintenance Mechanic","Weirton Scrap Processing LLC","New York, New York","","",jobspy_indeed,https://www.indeed.com/viewjob?jk=eae6f40df3e7b0b2,"","2026-05-01"
0,"","Material Handling Equipment Technician I","Sysco","San Francisco, California","","$24 - $36 (hourly)",jobspy_indeed,https://www.indeed.com/viewjob?jk=d177172fdb221875,"","2026-05-05"
0,"","Security Technician III (Security Systems Integration)","Superior Alarm Systems","San Francisco, California","","$36 - $43 (hourly)",jobspy_indeed,https://www.indeed.com/viewjob?jk=b2b087a40ed5ab18,"","2026-05-05"
0,"","Low Voltage Security Lead Technician","Fountaine Information Systems, Inc.","San Francisco, California","","$40 - $53 (hourly)",jobspy_indeed,https://www.indeed.com/viewjob?jk=2d0148c3b923c1f1,"","2026-05-05"
0,"","Apprentice Service Technician","Securitas Technology","San Francisco, California","","$18 - $25 (hourly)",jobspy_indeed,https://www.indeed.com/viewjob?jk=92c7f7182263c904,"","2026-05-05"
0,"","Fire Alarm Technician - Facilities Services for EMCOR at Stanford Health Care (SHC)","EMCOR","San Francisco, California","","$42 - $50 (hourly)",jobspy_indeed,https://www.indeed.com/viewjob?jk=f3a37aadfae96ea3,"","2026-05-04"
0,"","Electronic Security Service Technician (Resident / Embedded)","nan","San Francisco, California","","$110,000 - $175,000 (yearly)",jobspy_indeed,https://www.indeed.com/viewjob?jk=3a12ed69834041c9,"","2026-05-04"
0,"","Access Control Technician","Concord Locksmith","San Francisco, California","","$65,000 - $85,000 (yearly)",jobspy_indeed,https://www.indeed.com/viewjob?jk=908c7da7701631db,"","2026-05-01"
0,"","Access Control Low voltage Locksmith Technician","B&B Locksmith and Security Inc","San Francisco, California","","$75,000 - $95,000 (yearly)",jobspy_indeed,https://www.indeed.com/viewjob?jk=41e55806cef940b2,"","2026-04-30"
0,"","Service Technician","Norman S. Wright","San Francisco, California","","$56,000 - $62,000 (yearly)",jobspy_indeed,https://www.indeed.com/viewjob?jk=1e91caece23b0077,"","2026-04-30"
0,"","Fiber Optic / Data Field Technician","ClearNet Communications","Seattle, Washington","","$28 - $36 (hourly)",jobspy_indeed,https://www.indeed.com/viewjob?jk=8ddc44b41dff920d,"","2026-05-06"
0,"","Aerospace Motors and Controls Technician","Hytek Finishes","Seattle, Washington","","$32 - $45 (hourly)",jobspy_indeed,https://www.indeed.com/viewjob?jk=49d915846a38d4fa,"","2026-05-05"
0,"","FACILITIES TECHNICIAN III-DETENTION (OPEN TO TEAMSTERS ONLY)","Snohomish County","Seattle, Washington","","$69,551 - $84,519 (yearly)",jobspy_indeed,https://www.indeed.com/viewjob?jk=fb161557fb15e00c,"","2026-05-01"
0,"","Maintenance Technician 2 - Downtown Seattle Rack","Nordstrom","Seattle, Washington","","$23 - $41 (hourly)",jobspy_indeed,https://www.indeed.com/viewjob?jk=c8bd21d915b2db17,"","2026-05-01"
0,"","Maintenance Technician 2 - Southcenter","Nordstrom","Seattle, Washington","","$23 - $41 (hourly)",jobspy_indeed,https://www.indeed.com/viewjob?jk=71989efdc48896ca,"","2026-05-01"
0,"","Seattle - EV Charger - Field Service Technician","Alpitronic","Seattle, Washington","","$26 - $32 (hourly)",jobspy_indeed,https://www.indeed.com/viewjob?jk=9eb094235c5ae5d3,"","2026-05-01"
0,"","Low Voltage Cable Technician (Installation & Maintenance)","Signal-Cable Incorporate","Seattle, Washington","","$75,000 - $90,000 (yearly)",jobspy_indeed,https://www.indeed.com/viewjob?jk=c8a15ea5655b0301,"","2026-05-01"
0,"","Controls Systems Technician","Johnson Controls","Seattle, Washington","","$24 - $33 (hourly)",jobspy_indeed,https://www.indeed.com/viewjob?jk=9c12e9dc0a036411,"","2026-04-30"
0,"","Electrical Technician - Low Voltage","Absco Solutions","Seattle, Washington","","$38 - $48 (hourly)",jobspy_indeed,https://www.indeed.com/viewjob?jk=fb10aa0b6dd402f8,"","2025-09-10"
0,"","Field Service Specialist","Socomec Group","Boston, Massachusetts","","",jobspy_indeed,https://www.indeed.com/viewjob?jk=35f6c2768243e371,"","2026-05-06"
0,"","Field Service Technician - South Carolina","nan","Boston, Massachusetts","","$29 - $45 (hourly)",jobspy_indeed,https://www.indeed.com/viewjob?jk=acd9c81af2052d52,"","2026-05-06"
0,"","Senior Control Technician","TC Control Group","Boston, Massachusetts","","",jobspy_indeed,https://www.indeed.com/viewjob?jk=85e6e4024ac7eeeb,"","2026-05-06"
0,"","Field Service Technician - Transit Systems","RL Controls","Boston, Massachusetts","","$25 - $34 (hourly)",jobspy_indeed,https://www.indeed.com/viewjob?jk=8f4dd9590d4b3f05,"","2026-05-06"
0,"","Traveling Electronic Security Systems Technician","Evergreen Fire & Security","Boston, Massachusetts","","$30 - $45 (hourly)",jobspy_indeed,https://www.indeed.com/viewjob?jk=515b4701949788e5,"","2026-05-05"
0,"","Security Systems Technician","PELMAC Industries Inc.","Boston, Massachusetts","","$18 - $23 (hourly)",jobspy_indeed,https://www.indeed.com/viewjob?jk=53a5bbe4ce203e1f,"","2026-05-05"
0,"","Fire Service Technician","Johnson Controls","Boston, Massachusetts","","$32 - $43 (hourly)",jobspy_indeed,https://www.indeed.com/viewjob?jk=5b91e0cea905a4e2,"","2026-05-04"
0,"","Electrical Maintenance Technician","Luxium Solutions, LLC","Boston, Massachusetts","","$28 - $30 (yearly)",jobspy_indeed,https://www.indeed.com/viewjob?jk=b85b326d31678235,"","2026-05-04"
0,"","Industrial Maintenance Technician","Maverick Tech","Boston, Massachusetts","","$31 - $45 (hourly)",jobspy_indeed,https://www.indeed.com/viewjob?jk=0450369d4ebcda2f,"","2026-05-01"
0,"","Refrigeration Technician","Abstrakt Marketing Group","Boston, Massachusetts","","$50 - $55 (hourly)",jobspy_indeed,https://www.indeed.com/viewjob?jk=e4b0c765353a7411,"","2026-05-01"
0,"","Instrument Technician","Bedrossian Music","Boston, Massachusetts","","$18 - $20 (hourly)",jobspy_indeed,https://www.indeed.com/viewjob?jk=4550ebdd5053159d,"","2026-05-01"
0,"","Fire Alarm Apprentice","Relay Fire and Safety","Boston, Massachusetts","","$20 - $25 (hourly)",jobspy_indeed,https://www.indeed.com/viewjob?jk=81904badad71a855,"","2026-05-01"
0,"","Experienced Low Voltage Technician (Minimum 3 -5 years)","OpSec Consulting","Boston, Massachusetts","","$28 - $45 (hourly)",jobspy_indeed,https://www.indeed.com/viewjob?jk=e0b3c3f7a83431a2,"","2026-04-30"
0,"","Service Technician","PINNACLE X-RAY SOLUTIONS INC","Los Angeles, California","","",jobspy_indeed,https://www.indeed.com/viewjob?jk=f6fcbfd1742fdd8a,"","2026-05-07"
0,"","Low Voltage Technician | Fleet & Transit Systems (1099 Contract)","Birdeye Solutions Group","Los Angeles, California","","$27 - $33 (hourly)",jobspy_indeed,https://www.indeed.com/viewjob?jk=d231e3a23b1c5565,"","2026-05-07"
0,"","Locksmith","Acme Valley Key Service","Los Angeles, California","","$22 - $25 (hourly)",jobspy_indeed,https://www.indeed.com/viewjob?jk=bc6eaedc5a3c900b,"","2026-05-06"
0,"","HVAC Technical Support Specialist – Smart Thermostat Systems","Nuve Controls LLC","Los Angeles, California","","$80,000 - $95,000 (yearly)",jobspy_indeed,https://www.indeed.com/viewjob?jk=04df915e019660a5,"","2026-05-05"
0,"","Fire Life Safety Wiring Technician Wanted","Bamboo Concepts","Los Angeles, California","","$35 - $50 (hourly)",jobspy_indeed,https://www.indeed.com/viewjob?jk=66ba6b3358bfeb14,"","2026-05-05"
0,"","Cable Wiring Technician","MelroseMAC","Los Angeles, California","","$25 - $30 (hourly)",jobspy_indeed,https://www.indeed.com/viewjob?jk=5892606c46c90057,"","2026-05-04"
0,"","Installation Technician (OCTA)","ESP Enterprises","Los Angeles, California","","$26 - $30 (hourly)",jobspy_indeed,https://www.indeed.com/viewjob?jk=4ea8975dc02bc889,"","2026-05-04"
0,"","Lead Technician / Supervisor","SIA SYSTEMS","Los Angeles, California","","$30 - $40 (hourly)",jobspy_indeed,https://www.indeed.com/viewjob?jk=8fca99e5c672f341,"","2026-05-04"
0,"","Security & CCTV Technician","DHS Security Systems, Inc.","Los Angeles, California","","$25 - $35 (hourly)",jobspy_indeed,https://www.indeed.com/viewjob?jk=1cb352238a52daeb,"","2026-05-04"
0,"","Field Installation & Service Technician - CCTV","Wireless CCTV LLC","Los Angeles, California","","$24 - $25 (hourly)",jobspy_indeed,https://www.indeed.com/viewjob?jk=1fb83f9fb20f1b62,"","2026-05-04"
0,"","Field Service Technician | Full-time","65 W Easy Street","Los Angeles, California","","$70,000 - $100,000 (yearly)",jobspy_indeed,https://www.indeed.com/viewjob?jk=65b07341b509580f,"","2026-05-01"
0,"","Maintenance Technician 2 - The Shops at Mission Viejo","Nordstrom","Los Angeles, California","","$23 - $41 (hourly)",jobspy_indeed,https://www.indeed.com/viewjob?jk=c2ebb0dd656bd0f7,"","2026-04-30"
0,"","Lead Low Voltage CCTV & Access Control Technician","High-Tech Security","Los Angeles, California","","",jobspy_indeed,https://www.indeed.com/viewjob?jk=8a4c2ad7df986458,"","2026-04-30"
0,"","Maintenance Technician / Electrician","Eibach Inc","Los Angeles, California","","$25 - $35 (hourly)",jobspy_indeed,https://www.indeed.com/viewjob?jk=b18a419c2518fea6,"","2026-04-30"
0,"","Mobile Upfitting Specialist Lead","Day Wireless","Los Angeles, California","","$30 - $40 (hourly)",jobspy_indeed,https://www.indeed.com/viewjob?jk=fa98cb040e999d6a,"","2026-04-21"
0,"","HVAC Installer","nan","Los Angeles, California","","",jobspy_indeed,https://www.indeed.com/viewjob?jk=08a55fc57542997a,"","2026-02-15"
0,"","Videographer/Editor","nan","Los Angeles, California","","",jobspy_indeed,https://www.indeed.com/viewjob?jk=9350622cbbc0f0ec,"","2026-05-05"
0,"","Industrial Control Panel Technician","WET Design","Los Angeles, California","","$30 - $40 (hourly)",jobspy_indeed,https://www.indeed.com/viewjob?jk=d0eb0ed946ca01b0,"","2025-10-01"
0,"","Installation Technician","ESP Enterprises","Los Angeles, California","","$23 - $26 (hourly)",jobspy_indeed,https://www.indeed.com/viewjob?jk=ed3ba3a5d504e36c,"","2025-01-03"
0,"","Commercial HVAC Project Technician (Level 3)","Inland Mechanical Services","Los Angeles, California","","$34 - $38 (hourly)",jobspy_indeed,https://www.indeed.com/viewjob?jk=861bf88e467f7fe2,"","2024-09-25"
0,"","HVAC Service Technician (Level 3)","Inland Mechanical Services","Los Angeles, California","","$35 - $40 (hourly)",jobspy_indeed,https://www.indeed.com/viewjob?jk=190ef38c84adf013,"","2024-08-14"
0,"","Controls Technician, Data Center Capacity Delivery","Amazon.com","Washington, DC","","$32 - $57 (hourly)",jobspy_indeed,https://www.indeed.com/viewjob?jk=b623825e8004fb7e,"","2026-03-13"
0,"","Access Control / Security Systems Technician","triphase technologies","United States","","$20 - $30 (hourly)",jobspy_indeed,https://www.indeed.com/viewjob?jk=03802e968229eb84,"","2026-05-07"
0,"","Integration Field Technecian","PDHGroup","United States","","$20 - $27 (hourly)",jobspy_indeed,https://www.indeed.com/viewjob?jk=f7a7e76fa107dd2e,"","2026-05-07"
0,"","Industrial Engineering Specialist","D-Riven Engineered Solutions","United States","","$21 - $25 (hourly)",jobspy_indeed,https://www.indeed.com/viewjob?jk=0153a1506ee0acc1,"","2026-05-07"
0,"","Automatic Gate Service Technician","Premier-Fence LLC","United States","","$20 - $32 (hourly)",jobspy_indeed,https://www.indeed.com/viewjob?jk=5860214cb53c4add,"","2026-05-07"
0,"","Installation Technician – Starlink, DISH, Asurion & Smart Home (1099 Contractor)","GoTech Installations","United States","","$70,000 - $100,000 (yearly)",jobspy_indeed,https://www.indeed.com/viewjob?jk=6b0564d9af36fd1d,"","2026-05-07"
0,"","Aviation GSE Mechanic","Million Air","United States","","",jobspy_indeed,https://www.indeed.com/viewjob?jk=89e3843d58920857,"","2026-05-07"
0,"","Maintenance Technician (Food)","Data Base Solutions Private Limited","Remote","","$24 - $33 (hourly)",jobspy_indeed,https://www.indeed.com/viewjob?jk=90a1cc40881d7191,"","2026-05-07"
0,"","Field Network Technician","nan","Remote","","$80,000 - $137,000 (yearly)",jobspy_indeed,https://www.indeed.com/viewjob?jk=5000d9f02f69d24d,"","2026-04-30"
0,"","Regional Engineer - Part-time","iHeartMedia","United States","","",jobspy_indeed,https://www.indeed.com/viewjob?jk=8c838f58e5b894fb,"","2026-05-05"
0,"","Central Alabama Broadcast Engineer","iHeartMedia","United States","","",jobspy_indeed,https://www.indeed.com/viewjob?jk=3b5756897d867acb,"","2026-05-04"
0,"","Maintenance Engineer","Christian Television Network","United States","","$45,000 - $48,000 (yearly)",jobspy_indeed,https://www.indeed.com/viewjob?jk=0fb57a45e6177369,"","2026-05-04"
0,"","Systems Engineer","Virginia Beach City Public Schools","United States","","$72,494 - $105,744 (yearly)",jobspy_indeed,https://www.indeed.com/viewjob?jk=535ebdd8a27befbb,"","2026-05-04"
0,"","Staff Engineer","Cumulus Media","United States","","$48,000 - $60,000 (yearly)",jobspy_indeed,https://www.indeed.com/viewjob?jk=278e2a764bab05a4,"","2026-05-01"
0,"","Producer and Studio Classroom/Live Studio Manager","Augustine Institute","United States","","",jobspy_indeed,https://www.indeed.com/viewjob?jk=70bfd0d8edb1a893,"","2026-05-01"
0,"","Electrical Engineer I, II, III, IV","SEACORP","United States","","",jobspy_indeed,https://www.indeed.com/viewjob?jk=8b5d63bbdfadcb18,"","2026-05-01"
0,"","IT ENGINEER - KTIV","GRAY MEDIA","United States","","$20 - $25 (hourly)",jobspy_indeed,https://www.indeed.com/viewjob?jk=3b60fd4baec9de58,"","2026-05-01"
0,"","Broadcast Engineer","Cumulus Media","United States","","$64,000 - $80,000 (yearly)",jobspy_indeed,https://www.indeed.com/viewjob?jk=6980d3a84ad2c5e1,"","2026-02-06"
0,"","Senior Software Engineer","Uline","Chicago, Illinois","","",jobspy_indeed,https://www.indeed.com/viewjob?jk=0413e52847d3988f,"","2026-05-07"
0,"","Electrician","Uline","Chicago, Illinois","","",jobspy_indeed,https://www.indeed.com/viewjob?jk=5bcfb36ba42f1dd0,"","2026-05-06"
0,"","Custodian","East Aurora School District 131","Chicago, Illinois","","",jobspy_indeed,https://www.indeed.com/viewjob?jk=7d1f0b88bc453adb,"","2026-05-06"
0,"","Adobe Workfront, Consultant","Deloitte","Chicago, Illinois","","$84,400 - $155,400 (yearly)",jobspy_indeed,https://www.indeed.com/viewjob?jk=f47a4acc0b4ca43a,"","2026-05-06"
0,"","Customer Experience Management Consultant, Qualtrics","Deloitte","Chicago, Illinois","","$84,400 - $155,400 (yearly)",jobspy_indeed,https://www.indeed.com/viewjob?jk=0dd8ba9aade380c1,"","2026-05-05"
0,"","Product Designer (Consultant)","Deloitte","Chicago, Illinois","","$80,400 - $148,000 (yearly)",jobspy_indeed,https://www.indeed.com/viewjob?jk=a5864f975a328378,"","2026-05-06"
0,"","Counsel","Humana","Chicago, Illinois","","$138,900 - $191,000 (yearly)",jobspy_indeed,https://www.indeed.com/viewjob?jk=0a478b34a060b6b9,"","2026-05-06"
0,"","Structural Designer/Engineer","EXP","Chicago, Illinois","","$70,000 - $90,000 (yearly)",jobspy_indeed,https://www.indeed.com/viewjob?jk=b2c1207eef04ebfb,"","2026-05-06"
0,"","[UNION] Operating Engineer","Cushman & Wakefield","Chicago, Illinois","","$42 - $49 (hourly)",jobspy_indeed,https://www.indeed.com/viewjob?jk=98ef229d079272d5,"","2026-05-05"
0,"","Lead Commercial Counsel (United States)","karat","Chicago, Illinois","","",jobspy_indeed,https://www.indeed.com/viewjob?jk=6c68600e0abc7f62,"","2026-05-06"
0,"","Majors Customer Success Manager","HARVEY","Chicago, Illinois","","$180,000 - $210,000 (yearly)",jobspy_indeed,https://www.indeed.com/viewjob?jk=27e65c1f31d7e058,"","2026-05-06"
0,"","Site Reliability Engineer - Disaster Recovery & Business Continuity","Charles River Associates","Chicago, Illinois","","$130,000 - $150,000 (yearly)",jobspy_indeed,https://www.indeed.com/viewjob?jk=34e49fcf2f311182,"","2026-05-06"
0,"","Assistant Project Manager - Due Diligence & Remediation","The Vertex Companies LLC","Chicago, Illinois","","$73,000 - $198,000 (yearly)",jobspy_indeed,https://www.indeed.com/viewjob?jk=e21f4208069916c8,"","2026-05-05"
0,"","Engineer Trainee - Hilton Chicago","Hilton","Chicago, Illinois","","",jobspy_indeed,https://www.indeed.com/viewjob?jk=8a42d4b68a7d80fe,"","2026-05-05"
0,"","Data Science Consultant","Deloitte","Chicago, Illinois","","$93,000 - $171,300 (yearly)",jobspy_indeed,https://www.indeed.com/viewjob?jk=5336afdefeb26756,"","2026-05-05"
0,"","Insights and Analytics Senior Consultant","Deloitte","Chicago, Illinois","","$107,600 - $198,400 (yearly)",jobspy_indeed,https://www.indeed.com/viewjob?jk=c611ae3e98184afe,"","2026-05-05"
0,"","Sr Manager, Software Engineering","McDonald's","Chicago, Illinois","","$167,366 - $209,207 (yearly)",jobspy_indeed,https://www.indeed.com/viewjob?jk=82b224dce6c0e97e,"","2026-05-05"
0,"","Field Service Engineer - Chicago, IL","Messer Cutting Systems","Chicago, Illinois","","$33 - $38 (hourly)",jobspy_indeed,https://www.indeed.com/viewjob?jk=88967e23601c995d,"","2026-05-05"
0,"","Drafter - Substation","Quanta Infrastructure Solutions Group","Chicago, Illinois","","$50,000 - $72,000 (yearly)",jobspy_indeed,https://www.indeed.com/viewjob?jk=5a3272b113bb0657,"","2026-05-04"
0,"","Designer - Substation","Quanta Infrastructure Solutions Group","Chicago, Illinois","","$69,600 - $125,700 (yearly)",jobspy_indeed,https://www.indeed.com/viewjob?jk=a2dab2f8f43b5b2c,"","2026-05-04"
0,"","Engineering Manager - Substation","Quanta Infrastructure Solutions Group","Chicago, Illinois","","$181,000 - $218,000 (yearly)",jobspy_indeed,https://www.indeed.com/viewjob?jk=f07ab1ec9ab3cc57,"","2026-05-04"
0,"","Director, Engineering Project Manager - Substation","Quanta Infrastructure Solutions Group","Chicago, Illinois","","",jobspy_indeed,https://www.indeed.com/viewjob?jk=29a7cccdad7b4dda,"","2026-05-04"
0,"","Field Quality Manager","Quanta Infrastructure Solutions Group","Chicago, Illinois","","",jobspy_indeed,https://www.indeed.com/viewjob?jk=6c866202a8db9038,"","2026-05-04"
0,"","Design Engineer - Substation","Quanta Infrastructure Solutions Group","Chicago, Illinois","","$80,000 - $122,200 (yearly)",jobspy_indeed,https://www.indeed.com/viewjob?jk=e4134359feacf5a1,"","2026-05-04"
0,"","Electrical Engineer","Veterans Prime, Inc.","Chicago, Illinois","","",jobspy_indeed,https://www.indeed.com/viewjob?jk=69e25bc05276b51d,"","2026-05-04"
0,"","Architectural Drafter","PLI Builders LLC","New York, New York","","$30 - $36 (hourly)",jobspy_indeed,https://www.indeed.com/viewjob?jk=41a7c0edae187e3c,"","2026-05-07"
0,"","Fluorescent Penetrant Level 2 Inspector","L3Harris","New York, New York","","$18 - $59 (hourly)",jobspy_indeed,https://www.indeed.com/viewjob?jk=b5d9483bfd8ab0fb,"","2026-05-06"
0,"","Non Destructive Testing Film X-ray Level 2 Technician - 2nd Shift","L3Harris","New York, New York","","$18 - $59 (hourly)",jobspy_indeed,https://www.indeed.com/viewjob?jk=67e05e970aff872e,"","2026-05-06"
0,"","Engineer (full-time)","Hilton","New York, New York","","",jobspy_indeed,https://www.indeed.com/viewjob?jk=3246ec97bb9256ae,"","2026-05-06"
0,"","Adobe Workfront, Consultant","Deloitte","New York, New York","","$84,400 - $155,400 (yearly)",jobspy_indeed,https://www.indeed.com/viewjob?jk=d523a91e515927ca,"","2026-05-06"
0,"","Product Designer (Consultant)","Deloitte","New York, New York","","$80,400 - $148,000 (yearly)",jobspy_indeed,https://www.indeed.com/viewjob?jk=c6b02151872d8d0d,"","2026-05-06"
0,"","Municipal Inspector","Colliers Engineering & Design","New York, New York","","$27 - $41 (hourly)",jobspy_indeed,https://www.indeed.com/viewjob?jk=e7804ea118dac0d3,"","2026-05-06"
0,"","Engineering Manager (COQ Q99/Q01 required)","Highgate","New York, New York","","$65,000 - $69,000 (yearly)",jobspy_indeed,https://www.indeed.com/viewjob?jk=c4f0d44ab2ccf51b,"","2026-05-06"
0,"","Design Project Manager (Sr Construction Assessment Specialist)","NYC School Construction Authority","New York, New York","","$103,522 - $132,829 (yearly)",jobspy_indeed,https://www.indeed.com/viewjob?jk=4dee95b00588676d,"","2026-05-06"
0,"","Senior Employment Counsel","HARVEY","New York, New York","","$235,000 - $275,000 (yearly)",jobspy_indeed,https://www.indeed.com/viewjob?jk=3c6055711379e5aa,"","2026-05-06"
0,"","Electrical Inspector – Aviation","GROUP PMx","New York, New York","","$90,000 - $140,000 (yearly)",jobspy_indeed,https://www.indeed.com/viewjob?jk=54ab08f277501843,"","2026-05-06"
0,"","Onsite Support Specialist - PANYNJ","GROUP PMx","New York, New York","","$90,000 - $130,000 (yearly)",jobspy_indeed,https://www.indeed.com/viewjob?jk=5e854f68f8411963,"","2026-05-06"
0,"","Hotel Engineer","Residence Inn - a Chartwell hotel","New York, New York","","$19 - $20 (hourly)",jobspy_indeed,https://www.indeed.com/viewjob?jk=247796272e5a46d2,"","2026-05-06"
0,"","Senior Engineer - Core Systems, Analytics, and Technology Team","Bank of America","New York, New York","","$122,000 - $200,000 (yearly)",jobspy_indeed,https://www.indeed.com/viewjob?jk=45ff163857e7291d,"","2026-05-06"
0,"","Corporate Vice President, Enablement & Delivery (Marketing Audience & Insights)","New York Life","New York, New York","","$119,000 - $180,000 (yearly)",jobspy_indeed,https://www.indeed.com/viewjob?jk=21de5bd716e51082,"","2026-04-29"
0,"","IT Support Engineer I, Ops Tech Solutions (OTS)","Amazon.com","New York, New York","","$25 - $41 (hourly)",jobspy_indeed,https://www.indeed.com/viewjob?jk=5ddd7baceb0ad137,"","2026-03-30"
0,"","AI Tutor, Rufus, Amazon Rufus","Amazon.com","New York, New York","","$19 - $33 (hourly)",jobspy_indeed,https://www.indeed.com/viewjob?jk=836143b523625ed1,"","2026-03-03"
0,"","Sr. Principal Scientist, Secure Work Enablement","Amazon Web Services","New York, New York","","$240,100 - $350,000 (yearly)",jobspy_indeed,https://www.indeed.com/viewjob?jk=bee41784a49bbf8b,"","2025-10-03"
0,"","Optical Validation Engineer, Google Cloud","Google","San Francisco, California","","$108,000 - $153,000 (yearly)",jobspy_indeed,https://www.indeed.com/viewjob?jk=4ef8748eb4f64d72,"","2026-05-07"
0,"","Lead Substation Design Engineer","E2 Consulting Engineers, Inc.","San Francisco, California","","$180,000 - $200,000 (yearly)",jobspy_indeed,https://www.indeed.com/viewjob?jk=fa353bf3406e4d24,"","2026-05-06"
0,"","Senior Substation Design Engineer","E2 Consulting Engineers, Inc.","San Francisco, California","","$160,000 - $180,000 (yearly)",jobspy_indeed,https://www.indeed.com/viewjob?jk=3847129b55323f01,"","2026-05-06"
0,"","Adobe Workfront, Consultant","Deloitte","San Francisco, California","","$84,400 - $155,400 (yearly)",jobspy_indeed,https://www.indeed.com/viewjob?jk=4c41e3e5d732a4aa,"","2026-05-06"
0,"","Customer Experience Management Consultant, Qualtrics","Deloitte","San Francisco, California","","$84,400 - $155,400 (yearly)",jobspy_indeed,https://www.indeed.com/viewjob?jk=8aa83c9b5041a532,"","2026-05-05"
0,"","Founding Account Executive","Phonely","San Francisco, California","","$150,000 - $250,000 (yearly)",jobspy_indeed,https://www.indeed.com/viewjob?jk=4fb61e953d2ce031,"","2026-05-06"
0,"","AI Engineer","nan","San Francisco, California","","$200,000 - $250,000 (yearly)",jobspy_indeed,https://www.indeed.com/viewjob?jk=848b35653015b804,"","2026-05-06"
0,"","Brand Designer","TruckSmarter","San Francisco, California","","$150,000 - $180,000 (yearly)",jobspy_indeed,https://www.indeed.com/viewjob?jk=30ee4337a143c988,"","2026-05-06"
0,"","Fullstack Software Engineer","Ｃollective","San Francisco, California","","$170,000 - $200,000 (yearly)",jobspy_indeed,https://www.indeed.com/viewjob?jk=435e9f072603d7b7,"","2026-05-06"
0,"","Hardware Validation Engineer, Networking and Signal Integrity, Platforms","Google","San Francisco, California","","$132,000 - $189,000 (yearly)",jobspy_indeed,https://www.indeed.com/viewjob?jk=adf6060d4d0aeb36,"","2026-05-06"
0,"","Sr. Packaging Engineer","NextPower","San Francisco, California","","$160,000 - $175,000 (yearly)",jobspy_indeed,https://www.indeed.com/viewjob?jk=370d67b6f3b5aeee,"","2026-05-06"
0,"","Materials Engineer","NEURALINK","San Francisco, California","","$113,000 - $209,000 (yearly)",jobspy_indeed,https://www.indeed.com/viewjob?jk=1b2e50fac4961bb9,"","2026-05-06"
0,"","Field Service Engineer - San Francisco, CA","Peak Scientific","San Francisco, California","","$90,000 - $105,000 (yearly)",jobspy_indeed,https://www.indeed.com/viewjob?jk=507ad19360d968aa,"","2026-05-06"
0,"","Staff DFM Engineer","Rivian and Volkswagen Group Technologies","San Francisco, California","","$135,000 - $169,300 (yearly)",jobspy_indeed,https://www.indeed.com/viewjob?jk=b3eee9e99bcbf568,"","2026-05-06"
0,"","Manager, Strategic Communications & Marketing","nan","San Francisco, California","","$130,000 - $180,000 (yearly)",jobspy_indeed,https://www.indeed.com/viewjob?jk=3c739cab0bc62c99,"","2026-05-05"
0,"","Data Science Consultant","Deloitte","San Francisco, California","","$93,000 - $171,300 (yearly)",jobspy_indeed,https://www.indeed.com/viewjob?jk=a3859e4aa1e7e5c5,"","2026-05-05"
0,"","Staff Thermal Design Engineer","Rivian","San Francisco, California","","",jobspy_indeed,https://www.indeed.com/viewjob?jk=ba926f43086c65a6,"","2026-04-28"
0,"","Overnight Manager","LOTTE HOTELS & RESORTS","Seattle, Washington","","",jobspy_indeed,https://www.indeed.com/viewjob?jk=62a3d095f9115007,"","2026-05-06"
0,"","Construction & Design Support Engineer (TE2, In -Training)","State of Washington","Seattle, Washington","","$64,776 - $96,144 (yearly)",jobspy_indeed,https://www.indeed.com/viewjob?jk=20288aecf325c778,"","2026-05-06"
0,"","Adobe Workfront, Consultant","Deloitte","Seattle, Washington","","$84,400 - $155,400 (yearly)",jobspy_indeed,https://www.indeed.com/viewjob?jk=bf273a16e85aec80,"","2026-05-06"
0,"","Product Designer (Consultant)","Deloitte","Seattle, Washington","","$80,400 - $148,000 (yearly)",jobspy_indeed,https://www.indeed.com/viewjob?jk=e94adc98f6109044,"","2026-05-06"
0,"","Lead Commercial Counsel (United States)","karat","Seattle, Washington","","",jobspy_indeed,https://www.indeed.com/viewjob?jk=3bf9eb576c891ad9,"","2026-05-06"
0,"","Business Intelligence Engineer, AMXL (Amazon Extra Large) Inbound Analytics","Amazon.com","Seattle, Washington","","$78,200 - $144,000 (yearly)",jobspy_indeed,https://www.indeed.com/viewjob?jk=f9d1f125615fd0aa,"","2026-04-30"
0,"","Sr. Manager, Networking, Operations Network Engineering","Amazon.com","Seattle, Washington","","$208,300 - $281,800 (yearly)",jobspy_indeed,https://www.indeed.com/viewjob?jk=b615585d5b269c84,"","2026-04-28"
0,"","Business Intel Engineer II, ORBIT","Amazon.com","Seattle, Washington","","$99,500 - $160,000 (yearly)",jobspy_indeed,https://www.indeed.com/viewjob?jk=231866bfc99eae27,"","2026-04-08"
0,"","Sr. Electrical Controls Engineer, Data Center Engineering","Amazon Web Services","Seattle, Washington","","$136,600 - $184,800 (yearly)",jobspy_indeed,https://www.indeed.com/viewjob?jk=d749e808830042c5,"","2026-03-27"
0,"","Corporate Counsel, Amazon Leo for Government, Legal","Amazon.com","Seattle, Washington","","$153,900 - $208,200 (yearly)",jobspy_indeed,https://www.indeed.com/viewjob?jk=a7de36f6b17270e6,"","2026-03-26"
0,"","Transmission System Manager, AWS Energy Team","Amazon.com","Seattle, Washington","","$92,400 - $160,000 (yearly)",jobspy_indeed,https://www.indeed.com/viewjob?jk=385258e7eaabd999,"","2026-03-20"
0,"","Product Development Engineer - Automation, OneMHS","Amazon.com","Seattle, Washington","","$111,500 - $160,000 (yearly)",jobspy_indeed,https://www.indeed.com/viewjob?jk=3513947250fff901,"","2026-03-08"
0,"","AI Tutor, Rufus, Amazon Rufus","Amazon.com","Seattle, Washington","","$19 - $33 (hourly)",jobspy_indeed,https://www.indeed.com/viewjob?jk=16a1e7e28926ec65,"","2026-03-03"
0,"","Principal Data Engineer, Intelligent Talent Acquisition","Amazon.com","Seattle, Washington","","$184,000 - $248,900 (yearly)",jobspy_indeed,https://www.indeed.com/viewjob?jk=6531e6f746e94731,"","2026-02-17"
0,"","Sr. Principal Scientist, Secure Work Enablement","Amazon Web Services","Seattle, Washington","","$240,100 - $350,000 (yearly)",jobspy_indeed,https://www.indeed.com/viewjob?jk=fb20f4bbd5e5d1f6,"","2025-10-03"
0,"","Maintenance Engineer","Hotel 1868 LLC","Boston, Massachusetts","","$25 - $30 (hourly)",jobspy_indeed,https://www.indeed.com/viewjob?jk=ca4b1c7e9151fcb5,"","2026-05-06"
0,"","Tig Welder","Bodycote North America","Boston, Massachusetts","","$28 - $32 (hourly)",jobspy_indeed,https://www.indeed.com/viewjob?jk=2fb06d861deb72c5,"","2026-05-06"
0,"","Adobe Workfront, Consultant","Deloitte","Boston, Massachusetts","","$84,400 - $155,400 (yearly)",jobspy_indeed,https://www.indeed.com/viewjob?jk=45368dc13d1cf8b6,"","2026-05-06"
0,"","Customer Experience Management Consultant, Qualtrics","Deloitte","Boston, Massachusetts","","$84,400 - $155,400 (yearly)",jobspy_indeed,https://www.indeed.com/viewjob?jk=9981c38837b07831,"","2026-05-05"
0,"","Site Reliability Engineer - Disaster Recovery & Business Continuity","Charles River Associates","Boston, Massachusetts","","$130,000 - $150,000 (yearly)",jobspy_indeed,https://www.indeed.com/viewjob?jk=beceb2dfdca95383,"","2026-05-06"
0,"","Electrical Engineer (I,II,III,IV)","DDS Companies","Boston, Massachusetts","","$69,000 - $120,000 (yearly)",jobspy_indeed,https://www.indeed.com/viewjob?jk=bd4be4104dc87c42,"","2026-05-06"
0,"","Associate Engineer, Design Standards and Compliance Gas (Hybrid)","Eversource Energy","Boston, Massachusetts","","$82,800 - $92,000 (yearly)",jobspy_indeed,https://www.indeed.com/viewjob?jk=c64cf404e946aee5,"","2026-05-06"
0,"","Data Science Consultant","Deloitte","Boston, Massachusetts","","$93,000 - $171,300 (yearly)",jobspy_indeed,https://www.indeed.com/viewjob?jk=e3ed1579e76b12d0,"","2026-05-05"
0,"","Insights and Analytics Senior Consultant","Deloitte","Boston, Massachusetts","","$107,600 - $198,400 (yearly)",jobspy_indeed,https://www.indeed.com/viewjob?jk=ca842787d4fd5db5,"","2026-05-05"
0,"","Quality Technician","ATW Companies, Inc.","Boston, Massachusetts","","",jobspy_indeed,https://www.indeed.com/viewjob?jk=0f3f03d95f756e67,"","2026-05-05"
0,"","Maintenance Mechanic","ATW Companies, Inc.","Boston, Massachusetts","","",jobspy_indeed,https://www.indeed.com/viewjob?jk=b2a226dd54c8ca64,"","2026-05-05"
0,"","Principle Optimization Engineer","Johnson & Johnson","Boston, Massachusetts","","$102,000 - $177,100 (yearly)",jobspy_indeed,https://www.indeed.com/viewjob?jk=04f8dbd86df25d19,"","2026-05-05"
0,"","Process Engineer","Amphenol","Boston, Massachusetts","","",jobspy_indeed,https://www.indeed.com/viewjob?jk=ad25618e2719e224,"","2026-05-05"
0,"","Associate Electronics Engineer (Hybrid - Acton, MA)","Insulet Corporation","Boston, Massachusetts","","$70,100 - $105,200 (yearly)",jobspy_indeed,https://www.indeed.com/viewjob?jk=8cde5c8906f0d01d,"","2026-05-04"
0,"","Enterprise Data Architect - Remote","CSAA Insurance Group, a AAA Insurer","Boston, Massachusetts","","$186,660 - $248,750 (yearly)",jobspy_indeed,https://www.indeed.com/viewjob?jk=5b37b8dcc4222155,"","2026-05-04"
0,"","Product Development Engineer - Automation, OneMHS","Amazon.com","Boston, Massachusetts","","$111,500 - $160,000 (yearly)",jobspy_indeed,https://www.indeed.com/viewjob?jk=ef9fb698e1a7aec1,"","2026-03-08"
0,"","Application Builder, Device Software Product Builders","Amazon.com","Boston, Massachusetts","","$143,700 - $194,400 (yearly)",jobspy_indeed,https://www.indeed.com/viewjob?jk=a0c391abe6a7afad,"","2026-02-26"
0,"","Application Builder, Mobile Applications","Amazon.com","Boston, Massachusetts","","$143,700 - $194,400 (yearly)",jobspy_indeed,https://www.indeed.com/viewjob?jk=890505de3c7699ff,"","2025-12-03"
0,"","Mobile Builder, Ring Software Product Builders","Amazon.com","Boston, Massachusetts","","$143,700 - $194,400 (yearly)",jobspy_indeed,https://www.indeed.com/viewjob?jk=c746abf8594c41b0,"","2025-10-10"
0,"","Quality Manager","Karman Space & Defense","Los Angeles, California","","$130,000 - $160,000 (yearly)",jobspy_indeed,https://www.indeed.com/viewjob?jk=ead52747173e3b6b,"","2026-05-07"
0,"","Specialist, Quality Engineer","L3Harris","Los Angeles, California","","$84,000 - $156,000 (yearly)",jobspy_indeed,https://www.indeed.com/viewjob?jk=412f400bec16d189,"","2026-05-06"
0,"","Adobe Workfront, Consultant","Deloitte","Los Angeles, California","","$84,400 - $155,400 (yearly)",jobspy_indeed,https://www.indeed.com/viewjob?jk=adf8a317dcec2e5b,"","2026-05-06"
0,"","Customer Experience Management Consultant, Qualtrics","Deloitte","Los Angeles, California","","$84,400 - $155,400 (yearly)",jobspy_indeed,https://www.indeed.com/viewjob?jk=951da3a0fdfdec85,"","2026-05-05"
0,"","Product Designer (Consultant)","Deloitte","Los Angeles, California","","$80,400 - $148,000 (yearly)",jobspy_indeed,https://www.indeed.com/viewjob?jk=69b506b79212cbf3,"","2026-05-06"
0,"","Senior Electrical Engineer","Ecolab","Los Angeles, California","","$85,000 - $120,000 (yearly)",jobspy_indeed,https://www.indeed.com/viewjob?jk=c22d05307afc45d6,"","2026-05-06"
0,"","Product Engineer","healthspan","Los Angeles, California","","$185,000 - $200,000 (yearly)",jobspy_indeed,https://www.indeed.com/viewjob?jk=8a497924496d49bb,"","2026-05-06"
0,"","Sr. Software Engineer","WeVision LLC","Los Angeles, California","","$130,000 - $165,000 (yearly)",jobspy_indeed,https://www.indeed.com/viewjob?jk=23f9dbf81b7a1048,"","2026-05-06"
0,"","Architectural Designer","Never Enough Overtime","Los Angeles, California","","$59,712 - $271,911 (yearly)",jobspy_indeed,https://www.indeed.com/viewjob?jk=f7daa33e0edd5a58,"","2026-05-06"
0,"","Water/Wastewater Department Manager","Michael Baker International","Los Angeles, California","","$185,000 - $230,000 (yearly)",jobspy_indeed,https://www.indeed.com/viewjob?jk=a8a16f7028b90b5a,"","2026-05-06"
0,"","Engineer III, Part-Time","The Waterfront Beach Resort","Los Angeles, California","","",jobspy_indeed,https://www.indeed.com/viewjob?jk=27b28f29db7b8f0a,"","2026-05-06"
0,"","Embedded Software Engineer, OS/Platform (Starshield)","SpaceX","Los Angeles, California","","$125,000 - $175,000 (yearly)",jobspy_indeed,https://www.indeed.com/viewjob?jk=b619d66e7d33b00f,"","2026-05-06"
0,"","Principal Quest Designer","Blizzard Entertainment","Los Angeles, California","","$116,800 - $216,000 (yearly)",jobspy_indeed,https://www.indeed.com/viewjob?jk=e8e03f0b45982f19,"","2026-05-05"
0,"","Quality Engineer Sr. - Fluid Systems Division","Parker Hannifin","Los Angeles, California","","$100,300 - $159,400 (yearly)",jobspy_indeed,https://www.indeed.com/viewjob?jk=7b0e7c6e504782fc,"","2026-05-05"
0,"","Insights and Analytics Senior Consultant","Deloitte","Los Angeles, California","","$107,600 - $198,400 (yearly)",jobspy_indeed,https://www.indeed.com/viewjob?jk=04151e87da9e7825,"","2026-05-05"
0,"","Data Science Consultant","Deloitte","Los Angeles, California","","$93,000 - $171,300 (yearly)",jobspy_indeed,https://www.indeed.com/viewjob?jk=65b87289e914b8ad,"","2026-05-05"
0,"","Manufacturing Engineer","Ascent Aerospace","Los Angeles, California","","$120,000 - $130,000 (yearly)",jobspy_indeed,https://www.indeed.com/viewjob?jk=ac7e48cacf20ee5d,"","2026-05-05"
0,"","Manufacturing & Test Engineer","ITT Inc.","Los Angeles, California","","$74,300 - $110,500 (yearly)",jobspy_indeed,https://www.indeed.com/viewjob?jk=5216841db3adf82e,"","2026-05-03"
0,"","Application Builder, Device Software Product Builders","Amazon.com","Los Angeles, California","","$143,700 - $194,400 (yearly)",jobspy_indeed,https://www.indeed.com/viewjob?jk=4edc802a42b841db,"","2026-02-26"
0,"","Application Builder, Mobile Applications","Amazon.com","Los Angeles, California","","$143,700 - $194,400 (yearly)",jobspy_indeed,https://www.indeed.com/viewjob?jk=ec820438acac1e33,"","2025-12-03"
0,"","Mobile Builder, Ring Software Product Builders","Amazon.com","Los Angeles, California","","$143,700 - $194,400 (yearly)",jobspy_indeed,https://www.indeed.com/viewjob?jk=190a9b578492008e,"","2025-10-10"
0,"","DevOps Engineer II","U.S. House of Representatives","Washington, DC","","$108,762 - $134,577 (yearly)",jobspy_indeed,https://www.indeed.com/viewjob?jk=39cecb0fb2bcdcf1,"","2026-05-07"
0,"","Senior Industrial Engineer","Penguin Random House","Washington, DC","","$80,000 - $120,000 (yearly)",jobspy_indeed,https://www.indeed.com/viewjob?jk=16bef16c40a5599d,"","2026-05-07"
0,"","Industrial Engineer","Penguin Random House","Washington, DC","","$60,000 - $100,000 (yearly)",jobspy_indeed,https://www.indeed.com/viewjob?jk=5de84c997b5b6968,"","2026-05-07"
0,"","Maintenance Technician (Entry - Mid-Level)","Skyline House Unit Owners' Association","Washington, DC","","$25 - $27 (hourly)",jobspy_indeed,https://www.indeed.com/viewjob?jk=e20723a62faba672,"","2026-05-07"
0,"","Quality Control Engineer","VIRGINIA PAVING COMPANY","Washington, DC","","",jobspy_indeed,https://www.indeed.com/viewjob?jk=a73193c4daa721d5,"","2026-05-07"
0,"","Senior ASP.NET Services Engineer","Zip Zap IT Solutions, LLC","Washington, DC","","$105 - $120 (daily)",jobspy_indeed,https://www.indeed.com/viewjob?jk=dba2721168138e60,"","2026-05-07"
0,"","Senior Recruiter","I2G Systems","Washington, DC","","",jobspy_indeed,https://www.indeed.com/viewjob?jk=579da0a558e7e4ef,"","2026-05-06"
0,"","Senior Recruiter","Kastle Systems","Washington, DC","","",jobspy_indeed,https://www.indeed.com/viewjob?jk=03d17458d2eb8471,"","2026-05-06"
0,"","Adobe Workfront, Consultant","Deloitte","Washington, DC","","$84,400 - $155,400 (yearly)",jobspy_indeed,https://www.indeed.com/viewjob?jk=46e41249509b85b5,"","2026-05-06"
0,"","Counsel","Humana","Washington, DC","","$138,900 - $191,000 (yearly)",jobspy_indeed,https://www.indeed.com/viewjob?jk=344a8f035c61dcf8,"","2026-05-06"
0,"","Business Intelligence Engineer, AMXL (Amazon Extra Large) Inbound Analytics","Amazon.com","Washington, DC","","$78,200 - $144,000 (yearly)",jobspy_indeed,https://www.indeed.com/viewjob?jk=50c9207f381e1dda,"","2026-04-30"
0,"","Sr. Electrical Controls Engineer, Data Center Engineering","Amazon Web Services","Washington, DC","","$136,600 - $184,800 (yearly)",jobspy_indeed,https://www.indeed.com/viewjob?jk=25bc4d81b4590aba,"","2026-03-27"
0,"","Corporate Counsel, Amazon Leo for Government, Legal","Amazon.com","Washington, DC","","$153,900 - $208,200 (yearly)",jobspy_indeed,https://www.indeed.com/viewjob?jk=ec585f940b85db0f,"","2026-03-26"
0,"","Principal Data Engineer, Intelligent Talent Acquisition","Amazon.com","Washington, DC","","$184,000 - $248,900 (yearly)",jobspy_indeed,https://www.indeed.com/viewjob?jk=34b6d918eb199c5d,"","2026-02-17"
0,"","Architectural Position","Epoch Design Group","United States","","$50,000 - $65,000 (yearly)",jobspy_indeed,https://www.indeed.com/viewjob?jk=79556d1eccee8766,"","2026-05-07"
0,"","Controls Commissioning Team Lead","TGW Systems","United States","","",jobspy_indeed,https://www.indeed.com/viewjob?jk=6c70f68a8ccb03dc,"","2026-05-07"
0,"","Engineering Specialist, Simulation","Albany International Corp.","United States","","",jobspy_indeed,https://www.indeed.com/viewjob?jk=ef00f9f9084f9433,"","2026-05-07"
0,"","Preconstruction Engineer","Andres Construction","United States","","",jobspy_indeed,https://www.indeed.com/viewjob?jk=47586f19543a3111,"","2026-05-07"
0,"","Industrial Engineer","Penguin Random House","United States","","$60,000 - $100,000 (yearly)",jobspy_indeed,https://www.indeed.com/viewjob?jk=21b4f3e698971d32,"","2026-05-07"
0,"","Senior Industrial Engineer","Penguin Random House","United States","","$80,000 - $120,000 (yearly)",jobspy_indeed,https://www.indeed.com/viewjob?jk=af6f687ea1a702ea,"","2026-05-07"
0,"","Big Data Support Engineer- Assistant Vice President","Citi","United States","","",jobspy_indeed,https://www.indeed.com/viewjob?jk=f5aa736d5a094895,"","2026-05-07"
0,"","Transmission System Manager, AWS Energy Team","Amazon.com","United States","","$92,400 - $160,000 (yearly)",jobspy_indeed,https://www.indeed.com/viewjob?jk=023f908027e88677,"","2026-03-20"
0,"","Field Services Engineer","Merative","Remote","","$66,721 - $100,082 (yearly)",jobspy_indeed,https://www.indeed.com/viewjob?jk=ae9a8f2737f85051,"","2026-05-06"
0,"","HVAC Trainer-NE Region","Navien, Inc.","Remote","","$84,000 - $92,000 (yearly)",jobspy_indeed,https://www.indeed.com/viewjob?jk=9d11eb71805574a9,"","2026-05-06"
0,"","Lead Commercial Counsel (United States) New","karat","Remote","","",jobspy_indeed,https://www.indeed.com/viewjob?jk=65c99d22f7b84444,"","2026-05-06"
0,"","Principal Software Engineer","Victory Live","Remote","","",jobspy_indeed,https://www.indeed.com/viewjob?jk=70f45ea5097a8b02,"","2026-05-05"
0,"","Senior QA Engineer","Walker & Dunlop","Remote","","$125,000 - $140,000 (yearly)",jobspy_indeed,https://www.indeed.com/viewjob?jk=d6d88d95591ecd25,"","2026-05-05"
0,"","VP, Finance & Operations","Loyal","Remote","","$250,000 - $310,000 (yearly)",jobspy_indeed,https://www.indeed.com/viewjob?jk=0c308ef7419b0c94,"","2026-05-05"
0,"","Senior Manager - Analytics Data Platform - Arity","Arity","Remote","","$151,700 - $221,675 (yearly)",jobspy_indeed,https://www.indeed.com/viewjob?jk=59a7b7f7048dc9d9,"","2026-05-04"
0,"","Software Security Engineer","GitLab Inc","Remote","","$103,600 - $166,500 (yearly)",jobspy_indeed,https://www.indeed.com/viewjob?jk=a571d69af121da7b,"","2026-05-04"
0,"","Legal Engineer","GitLab Inc","Remote","","$126,000 - $178,000 (yearly)",jobspy_indeed,https://www.indeed.com/viewjob?jk=dc5297d58b66cef2,"","2026-05-04"
0,"","Senior Product Designer","Zócalo Health","Remote","","$145,000 - $155,000 (yearly)",jobspy_indeed,https://www.indeed.com/viewjob?jk=eadf18ab1b022deb,"","2026-05-04"
0,"","Account Executive, East","Nebius","Remote","","$250,000 - $425,000 (yearly)",jobspy_indeed,https://www.indeed.com/viewjob?jk=31ae48d13387505b,"","2026-05-04"
0,"","Sr. Engineer, Software","Verint Systems Inc.","Remote","","",jobspy_indeed,https://www.indeed.com/viewjob?jk=2d2f794524fd07d4,"","2026-05-04"
0,"","Senior Recruiter","Red Antler","Remote","","",jobspy_indeed,https://www.indeed.com/viewjob?jk=8b4f8c38bcf9210d,"","2026-05-01"
0,"","Platform Consultant Senior Expert (Software Architecture & Enablement Focus)","Allstate Insurance","Remote","","$160,200 - $227,550 (yearly)",jobspy_indeed,https://www.indeed.com/viewjob?jk=23214b077ba218da,"","2026-05-01"
0,"","Platform Consultant Senior Expert (Cloud & AWS Platform Focus)","Allstate Insurance","Remote","","$160,200 - $227,550 (yearly)",jobspy_indeed,https://www.indeed.com/viewjob?jk=c3fe490c51d8977d,"","2026-05-01"
0,"","Tool Design Engineer III (REMOTE)","Sonaca North America","Remote","","$103,000 - $170,580 (yearly)",jobspy_indeed,https://www.indeed.com/viewjob?jk=c0e49532f0bc9843,"","2026-05-01"
0,"","Lead Engineer","keep Company","Remote","","$150,000 - $180,000 (yearly)",jobspy_indeed,https://www.indeed.com/viewjob?jk=01de46feaf7f17ab,"","2026-05-01"
0,"","AI ARCHITECHT, DIRECTOR","Paid Ads Academy","Remote","","$130,000 - $155,000 (yearly)",jobspy_indeed,https://www.indeed.com/viewjob?jk=f9bcab4a20d5487c,"","2026-05-01"
0,"","Commission-Based Sales Representative – Industrial Manufacturing","Eudora","Remote","","$100,000 - $10,000,000 (yearly)",jobspy_indeed,https://www.indeed.com/viewjob?jk=e71eed758c3b8423,"","2026-05-01"
0,"","Rail Project Engineer","Horrocks","Remote","","",jobspy_indeed,https://www.indeed.com/viewjob?jk=aae22a366502ebda,"","2026-04-30"
0,"","National Clinical Specialist Advanced Therapeutic","FujiFilm","Remote","","",jobspy_indeed,https://www.indeed.com/viewjob?jk=fcc5e87363125e39,"","2026-04-30"
0,"","Manager, Observability Architects | West Coast | Remote","Grafana Labs","Remote","","$235,000 - $286,000 (yearly)",jobspy_indeed,https://www.indeed.com/viewjob?jk=9b4b2ee3b5804c0a,"","2026-04-30"
0,"","Route Technician","Accel Entertainment Gaming, LLC.","Chicago, Illinois","","",jobspy_indeed,https://www.indeed.com/viewjob?jk=9b3335befa3664d9,"","2026-05-06"
0,"","House Technician","Chicago Shakespeare Theater","Chicago, Illinois","","",jobspy_indeed,https://www.indeed.com/viewjob?jk=70ce811335f2cf56,"","2026-05-04"
0,"","EMT Special Events","Superior Air-Ground Ambulance Service","Chicago, Illinois","","$20 - $25 (hourly)",jobspy_indeed,https://www.indeed.com/viewjob?jk=306973b9bfadac04,"","2026-04-30"
0,"","Sales Support Specialist","Allied Universal Enhanced Protection Services","New York, New York","","",jobspy_indeed,https://www.indeed.com/viewjob?jk=1f0b466f57b63922,"","2026-05-06"
0,"","Armed Emergency Medical Technician (Part - Time)","Allied Universal Enhanced Protection Services","New York, New York","","",jobspy_indeed,https://www.indeed.com/viewjob?jk=8e7b8eeb59db45a2,"","2026-05-05"
0,"","Account Client Manager","Allied Universal Enhanced Protection Services","New York, New York","","$70,000 - $75,000 (yearly)",jobspy_indeed,https://www.indeed.com/viewjob?jk=15ff09ad4bf733f1,"","2026-05-05"
0,"","Event Operations Assistant (On-Call)","New York City Ballet","New York, New York","","",jobspy_indeed,https://www.indeed.com/viewjob?jk=1795a480b71a837c,"","2026-05-05"
0,"","EMT","RWJBarnabas Health","New York, New York","","$24 - $27 (hourly)",jobspy_indeed,https://www.indeed.com/viewjob?jk=5ece075d1af889df,"","2026-05-04"
0,"","Service Technician Six Flags Discovery Kingdom","Venu+","San Francisco, California","","$19 - $21 (hourly)",jobspy_indeed,https://www.indeed.com/viewjob?jk=1482eab71876b7a1,"","2026-04-30"
0,"","Health Physics Technician III (Bargaining Unit)","SLAC National Accelerator Laboratory","San Francisco, California","","$54 - $66 (hourly)",jobspy_indeed,https://www.indeed.com/viewjob?jk=444d047dbf07143b,"","2026-04-30"
0,"","Lead LVN","Caminar","San Francisco, California","","",jobspy_indeed,https://www.indeed.com/viewjob?jk=c462e2cabab87682,"","2026-04-30"
0,"","Association Maintenance Technician","Camaloch Association ","Seattle, Washington","","$20 - $25 (hourly)",jobspy_indeed,https://www.indeed.com/viewjob?jk=ac6ca8065d4a554e,"","2026-05-05"
0,"","Autism Therapist - RBT/BT - Full-Time","ICBD","Seattle, Washington","","$58,240 - $70,720 (yearly)",jobspy_indeed,https://www.indeed.com/viewjob?jk=1bc7b72d4c25b8f0,"","2026-05-05"
0,"","Maintenance Technician | Hotel Indigo","Columbia Hospitality","Seattle, Washington","","$22 - $25 (hourly)",jobspy_indeed,https://www.indeed.com/viewjob?jk=95afd027929f55c8,"","2026-05-01"
0,"","Director, Event Technology (SNE), Hotel Services - The Edgewater Hotel","Encore Global","Seattle, Washington","","$56,305 - $73,174 (yearly)",jobspy_indeed,https://www.indeed.com/viewjob?jk=0bd2277ca5a9ebf8,"","2026-04-20"
0,"","Taunton - Facilities Maintenance Tech III","Jordan's Furniture","Boston, Massachusetts","","$26 - $33 (hourly)",jobspy_indeed,https://www.indeed.com/viewjob?jk=0319453736b0631f,"","2026-05-06"
0,"","Explosive Detection Canine (K9) Handler","Allied Universal Enhanced Protection Services","Boston, Massachusetts","","",jobspy_indeed,https://www.indeed.com/viewjob?jk=c516385a8f817ceb,"","2026-05-04"
0,"","DoubleTree Boston North Shore - Pool Technician","Aimbridge Hospitality","Boston, Massachusetts","","$25 - $30 (hourly)",jobspy_indeed,https://www.indeed.com/viewjob?jk=ce62df3aeeb4a64f,"","2026-04-07"
0,"","Phlebotomist — Per Diem, Mobile Health Screenings (Orange County)","National Health Group","Los Angeles, California","","$21 - $22 (hourly)",jobspy_indeed,https://www.indeed.com/viewjob?jk=5484e74722381a63,"","2026-05-05"
0,"","Director, Event Technology (OEM), Hotel Services - Los Angeles","Encore Global","Los Angeles, California","","$66,571 - $86,559 (yearly)",jobspy_indeed,https://www.indeed.com/viewjob?jk=dbf3f34ec23c9788,"","2026-05-04"
0,"","Information Technology Technician","City of Fountain Valley, CA","Los Angeles, California","","$77,563 - $94,265 (yearly)",jobspy_indeed,https://www.indeed.com/viewjob?jk=659ca2a6a43baba3,"","2026-05-04"
0,"","Information Technology Technician","City of Fountain Valley","Los Angeles, California","","$37 - $45 (hourly)",jobspy_indeed,https://www.indeed.com/viewjob?jk=6ea1f2ed7c3532f4,"","2026-05-04"
0,"","SENIOR PSYCHIATRIC TECHNICIAN (SAFETY)","California State Personnel Board","Los Angeles, California","","$6,638 - $8,733 (monthly)",jobspy_indeed,https://www.indeed.com/viewjob?jk=9ed315ed3a7cff0d,"","2026-05-01"
0,"","FOOD SERVICE TECHNICIAN II","California State Personnel Board","Los Angeles, California","","$3,492 - $4,373 (monthly)",jobspy_indeed,https://www.indeed.com/viewjob?jk=27f530473bb63f36,"","2026-05-01"
0,"","Maintenance Coordinator at Angel Stadium","Legends Global","Los Angeles, California","","",jobspy_indeed,https://www.indeed.com/viewjob?jk=7b821edda6790d87,"","2026-04-30"
0,"","Special Events Set-Up Assistant","The Huntington","Los Angeles, California","","",jobspy_indeed,https://www.indeed.com/viewjob?jk=effd94f75634cc78,"","2026-04-30"
0,"","Lead ESS Installation Technician","Diversified","Washington, DC","","",jobspy_indeed,https://www.indeed.com/viewjob?jk=a0dc8677a6a71004,"","2026-05-05"
0,"","Project Manager - Electronic Security","Diversified","Washington, DC","","",jobspy_indeed,https://www.indeed.com/viewjob?jk=a83fffc038cb43fe,"","2026-05-05"
0,"","Medical Assistant","MedStar Health","Washington, DC","","$19 - $34 (hourly)",jobspy_indeed,https://www.indeed.com/viewjob?jk=235cd82efe3cb638,"","2026-04-28"
0,"","Supply Chain Manager","Avis Budget Group","Washington, DC","","",jobspy_indeed,https://www.indeed.com/viewjob?jk=0531971b6983db34,"","2026-05-04"
0,"","Canine Handler - Explosive Detection","Allied Universal Enhanced Protection Services","Washington, DC","","",jobspy_indeed,https://www.indeed.com/viewjob?jk=0643d4c60c77e31a,"","2026-05-01"
0,"","Entry Level Low Voltage Technician","Axcex Media LLC","Washington, DC","","",jobspy_indeed,https://www.indeed.com/viewjob?jk=b080b5e7eb7d1ec8,"","2025-10-13"
0,"","Performing Arts Center Technician","Swartz Creek Community Schools","United States","","",jobspy_indeed,https://www.indeed.com/viewjob?jk=2a02445217ac5986,"","2026-05-07"
0,"","Condition Monitoring Expert","nan","United States","","$80,697 - $103,205 (yearly)",jobspy_indeed,https://www.indeed.com/viewjob?jk=2cddc932b256a9e1,"","2026-05-07"
0,"","Travel Service Technician","Boss Laser, LLC","United States","","$45,000 - $55,000 (yearly)",jobspy_indeed,https://www.indeed.com/viewjob?jk=4f86f9b4b577e832,"","2026-05-07"
0,"","Junior Commissioning Technician","ABM Industries Inc.","United States","","$32 - $36 (hourly)",jobspy_indeed,https://www.indeed.com/viewjob?jk=c960e3ef174f4e23,"","2026-05-07"
0,"","HVAC Technician","ABM Industries Inc.","United States","","$24 - $28 (hourly)",jobspy_indeed,https://www.indeed.com/viewjob?jk=1e5c750c92558a2b,"","2026-05-06"
0,"","HVAC TECHNICIAN","Ponte Vedra Inn & Club","United States","","",jobspy_indeed,https://www.indeed.com/viewjob?jk=7187ba737cb9d619,"","2026-05-06"
0,"","HVAC TECHNICIAN","GATE Hospitality","United States","","",jobspy_indeed,https://www.indeed.com/viewjob?jk=8219dacdc688e1b3,"","2026-05-06"
0,"","HVAC Journeyman, Commercial HVAC","ABM Industries Inc.","United States","","$35 - $65 (hourly)",jobspy_indeed,https://www.indeed.com/viewjob?jk=2ed1ac3049771aad,"","2026-05-06"
0,"","FLOOR TECHNICIAN","ABM Industries Inc.","United States","","$16 - $17 (hourly)",jobspy_indeed,https://www.indeed.com/viewjob?jk=6ce1b540c6db8031,"","2026-05-06"
0,"","FLOOR TECHNICIAN (H)","ABM Industries Inc.","United States","","$18 - $23 (hourly)",jobspy_indeed,https://www.indeed.com/viewjob?jk=50828716db9d983b,"","2026-05-06"
0,"","Engineering - BIM Technician III","Henderson Engineers","Remote","","",jobspy_indeed,https://www.indeed.com/viewjob?jk=1df4db991c644859,"","2026-05-04"
0,"","Licensed Journeyman Electrician - Commercial Solar (100% Travel)","MARS Energy","Chicago, Illinois","","$38 - $46 (hourly)",jobspy_indeed,https://www.indeed.com/viewjob?jk=e48e0d932465046f,"","2026-04-30"
0,"","Electrical Superintendent – Part-Time / Consulting / Retired Welcome","Taj Mahal Electrical Contractor Inc","New York, New York","","$70,000 - $90,000 (yearly)",jobspy_indeed,https://www.indeed.com/viewjob?jk=e267af212e90bb45,"","2026-05-06"
0,"","Journeyman Electrician","Lane Valente Industries","New York, New York","","",jobspy_indeed,https://www.indeed.com/viewjob?jk=ed6d4c9ad0ca4ea8,"","2026-05-05"
0,"","Mechanical/Electrical Technician (Mechanic AA, E2)","Saint-Gobain","New York, New York","","$38 - $53 (hourly)",jobspy_indeed,https://www.indeed.com/viewjob?jk=b527a2679608d67b,"","2026-05-05"
0,"","Alignment Officer","FMSearch","New York, New York","","$70,000 - $90,000 (yearly)",jobspy_indeed,https://www.indeed.com/viewjob?jk=a66b1af6319062b5,"","2026-05-04"
0,"","Master Electrician Qualifier - NY County","Empower Energy Solutions","New York, New York","","$700 - $1,500 (monthly)",jobspy_indeed,https://www.indeed.com/viewjob?jk=f0acb6f16943bf8c,"","2026-05-04"
0,"","(UNION) Assistant Chief Engineer","Cushman & Wakefield","New York, New York","","$49 - $58 (hourly)",jobspy_indeed,https://www.indeed.com/viewjob?jk=6c06c10fa03d3fc4,"","2026-05-01"
0,"","Senior HVAC Service Technician","Connolly Heating and Air Conditioning","San Francisco, California","","$30 - $50 (hourly)",jobspy_indeed,https://www.indeed.com/viewjob?jk=98e84b08cad03da9,"","2026-05-05"
0,"","Master Electrician","Jetson Home Inc.","San Francisco, California","","$44 - $52 (hourly)",jobspy_indeed,https://www.indeed.com/viewjob?jk=05bebee24c39f744,"","2026-05-01"
0,"","1099 Residential Journeyman Electrician Contractor","None","Seattle, Washington","","$45 - $55 (hourly)",jobspy_indeed,https://www.indeed.com/viewjob?jk=6bf68f6866c528b0,"","2026-05-02"
0,"","Electrician (Industrial)","nan","Boston, Massachusetts","","",jobspy_indeed,https://www.indeed.com/viewjob?jk=0bcb4c1d4454721c,"","2026-05-04"
0,"","Electrician","Worcester Housing Authority","Boston, Massachusetts","","$36 - $40 (hourly)",jobspy_indeed,https://www.indeed.com/viewjob?jk=47adffcb4eef39c7,"","2026-05-04"
0,"","Master Electrician","nan","Boston, Massachusetts","","$50 - $70 (hourly)",jobspy_indeed,https://www.indeed.com/viewjob?jk=971f36fde06f81c1,"","2026-05-01"
0,"","Industrial Electrician","nan","Boston, Massachusetts","","$38 - $48 (hourly)",jobspy_indeed,https://www.indeed.com/viewjob?jk=5c46356b4f3dea03,"","2026-05-01"
0,"","Non-Licensed Building Engineer","C&W Services","Boston, Massachusetts","","$34 - $41 (hourly)",jobspy_indeed,https://www.indeed.com/viewjob?jk=859260460b454f30,"","2026-05-01"
0,"","Journeyman Electrician Commercial","Kelco Electric","Boston, Massachusetts","","$40 - $47 (hourly)",jobspy_indeed,https://www.indeed.com/viewjob?jk=04c2c7e53bcc4502,"","2026-05-01"
0,"","Electrician","ATI Inc.","Washington, DC","","$47 - $60 (hourly)",jobspy_indeed,https://www.indeed.com/viewjob?jk=8f2a461910bd4624,"","2026-05-06"
0,"","Specialist, Electrician","JLL","Washington, DC","","$67,600 - $68,640 (yearly)",jobspy_indeed,https://www.indeed.com/viewjob?jk=5f2cf8ca8d23a3a4,"","2026-05-06"
0,"","Lead Operating Engineer","Cushman & Wakefield","Washington, DC","","$38 - $45 (hourly)",jobspy_indeed,https://www.indeed.com/viewjob?jk=95867b98f8e6f84c,"","2026-05-05"
0,"","Union Mobile Engineer","Cushman & Wakefield","Washington, DC","","$35 - $41 (hourly)",jobspy_indeed,https://www.indeed.com/viewjob?jk=33182c8511192e11,"","2026-05-06"
0,"","Electrician (Night)","Amentum","Washington, DC","","",jobspy_indeed,https://www.indeed.com/viewjob?jk=192c018a8a59c775,"","2026-05-06"
0,"","Chief Engineer","Cushman & Wakefield","Washington, DC","","$48 - $56 (hourly)",jobspy_indeed,https://www.indeed.com/viewjob?jk=c5d5807f490e7894,"","2026-05-05"
0,"","Lead Electrical Foreman","WesMart, Inc.","Washington, DC","","$45 - $62 (hourly)",jobspy_indeed,https://www.indeed.com/viewjob?jk=c90f13af11275843,"","2026-05-05"
0,"","Electrician","WesMart, Inc.","Washington, DC","","$45 - $47 (hourly)",jobspy_indeed,https://www.indeed.com/viewjob?jk=1712b943143f402c,"","2026-05-05"
0,"","Operating Engineer","Cushman & Wakefield","Washington, DC","","$32 - $38 (hourly)",jobspy_indeed,https://www.indeed.com/viewjob?jk=971263393d0a900f,"","2026-05-05"
0,"","Sr. Maintenance Tech","Cushman & Wakefield","Washington, DC","","$29 - $35 (hourly)",jobspy_indeed,https://www.indeed.com/viewjob?jk=85145905b2666ebf,"","2026-05-01"
0,"","Industrial Power & Controls Electrician (Conveyor Operations)","CNX","Washington, DC","","",jobspy_indeed,https://www.indeed.com/viewjob?jk=4c401729c39e2b30,"","2026-05-01"
0,"","Electrical General Foreman / Subject Matter Expert","ABM Industries Inc.","Washington, DC","","",jobspy_indeed,https://www.indeed.com/viewjob?jk=d2b70293d7dee6b5,"","2026-05-01"
0,"","Master Electrician","DAWSON","Washington, DC","","",jobspy_indeed,https://www.indeed.com/viewjob?jk=baa015eedbc42ddc,"","2026-04-30"
0,"","Mechanic Journeyman - Electrician","MedStar Health","Washington, DC","","$28 - $48 (hourly)",jobspy_indeed,https://www.indeed.com/viewjob?jk=2bd8eb4ac1da81a0,"","2026-04-30"
0,"","Senior Chief Engineer","Cushman & Wakefield","Washington, DC","","$102,000 - $120,000 (yearly)",jobspy_indeed,https://www.indeed.com/viewjob?jk=6a5789d7233cdfe4,"","2026-04-30"
0,"","Master Electrician or Electrical Inspector","Schnabel Engineering","Washington, DC","","$50 - $83 (hourly)",jobspy_indeed,https://www.indeed.com/viewjob?jk=14177606102d5d9a,"","2026-04-30"
0,"","Electrician, Day Shift, Operation Facilities","Adventist HealthCare","Washington, DC","","$24 - $42 (hourly)",jobspy_indeed,https://www.indeed.com/viewjob?jk=a7c87bf4b2924d65,"","2026-04-30"
0,"","Superintendent","Lumin8 Transportation Technologies","Washington, DC","","$100,000 - $120,000 (yearly)",jobspy_indeed,https://www.indeed.com/viewjob?jk=004c37df9fa03a0e,"","2026-03-30"
0,"","Operations Director - Master Electrician ️ EV Charging","Smart Charge America","United States","","$90,000 - $95,000 (yearly)",jobspy_indeed,https://www.indeed.com/viewjob?jk=30be3aa37992643f,"","2026-05-07"
0,"","Electrician","Quincy Management Inc","United States","","",jobspy_indeed,https://www.indeed.com/viewjob?jk=22545efbbf5299b8,"","2026-05-07"
0,"","Industrial Electrician - 2nd Shift","Arandell Corporation","United States","","$40 - $41 (hourly)",jobspy_indeed,https://www.indeed.com/viewjob?jk=c55e54f8e8c677c3,"","2026-05-07"
0,"","Operating Engineer","Cushman & Wakefield","United States","","$29 - $34 (hourly)",jobspy_indeed,https://www.indeed.com/viewjob?jk=75ed4842e06474fa,"","2026-05-07"
0,"","Lead Electrician – Special Projects","Facility & Building Services","United States","","$45 - $50 (hourly)",jobspy_indeed,https://www.indeed.com/viewjob?jk=7828a45828a0b5bc,"","2026-05-07"
0,"","Master Electrician","Richland County Government","United States","","",jobspy_indeed,https://www.indeed.com/viewjob?jk=896747c8da8cfb5d,"","2026-05-07"
0,"","Master Electrician","General Mills","United States","","",jobspy_indeed,https://www.indeed.com/viewjob?jk=1a94ddece473fbb5,"","2026-05-06"
0,"","Residential Electrician - Journeyman","Precision Plumbing and Heating Systems, Inc.","United States","","$35 - $40 (hourly)",jobspy_indeed,https://www.indeed.com/viewjob?jk=5e247369dc200fcf,"","2026-05-06"
0,"","Electrician","Radius Packaging","United States","","$37 - $45 (hourly)",jobspy_indeed,https://www.indeed.com/viewjob?jk=503b9d39452f6a7e,"","2026-05-06"
0,"","Industrial Maintenance Electrician","Chesapeake Spice Company","United States","","$40 - $50 (hourly)",jobspy_indeed,https://www.indeed.com/viewjob?jk=14f868e15585d850,"","2026-05-06"
0,"","Master Electrician - Industrial Electrical Maintenance","PEMCCO","United States","","$27 - $29 (hourly)",jobspy_indeed,https://www.indeed.com/viewjob?jk=18396cfd62b52606,"","2026-05-06"
0,"","Electrician - Independent Contractor","Gill Construction Solutions LLC","United States","","",jobspy_indeed,https://www.indeed.com/viewjob?jk=e1c97a17184f702c,"","2026-05-06"
0,"","Sr. Electrician - Plant Engineering","Piedmont Healthcare","United States","","",jobspy_indeed,https://www.indeed.com/viewjob?jk=650d186b4a83cdf2,"","2026-05-06"
0,"","Electrical Maintenance Supervisor","City of Fort Walton Beach","United States","","",jobspy_indeed,https://www.indeed.com/viewjob?jk=1af92094c7eb5a88,"","2026-05-06"
0,"","Lead Operating Engineer","Cushman & Wakefield","United States","","$43 - $51 (hourly)",jobspy_indeed,https://www.indeed.com/viewjob?jk=b67dcc19bbfeb251,"","2026-05-06"
0,"","[Union] Operating Engineer","Cushman & Wakefield","United States","","$42 - $49 (hourly)",jobspy_indeed,https://www.indeed.com/viewjob?jk=c363c88593548fb6,"","2026-05-06"
0,"","Electrician Supervisor","TOWN OF PALM BEACH","United States","","$73,948 - $118,374 (yearly)",jobspy_indeed,https://www.indeed.com/viewjob?jk=f803ef598d7e15a4,"","2026-05-06"
0,"","Industrial Master Electrician","Michael Foods","United States","","",jobspy_indeed,https://www.indeed.com/viewjob?jk=ce182ecda7322f64,"","2026-05-06"
0,"","Maintenance Master Tech - Team 3","Lear Corporation","United States","","",jobspy_indeed,https://www.indeed.com/viewjob?jk=c23fe62d97c30b0e,"","2026-05-06"
0,"","ELECTRICIAN","The University of Michigan","United States","","$107,619 - $108,659 (yearly)",jobspy_indeed,https://www.indeed.com/viewjob?jk=c8d8ff23897d2138,"","2026-05-06"
0,"","Oregon Supervisor electrical license","Empire Electric USA","Remote","","$1,000 - $1,200 (monthly)",jobspy_indeed,https://www.indeed.com/viewjob?jk=2beb3d06a44d59d0,"","2026-05-04"
0,"","Senior Reliability Engineer","EVgo","San Francisco, California","","$108,500 - $135,600 (yearly)",jobspy_indeed,https://www.indeed.com/viewjob?jk=5b44c2b16edf7c1b,"","2026-05-05"
0,"","Freelance Broadcast Director, Boston Celtics - NBC Sports, Boston","NBCUniversal","Boston, Massachusetts","","$1,400 - $1,600 (daily)",jobspy_indeed,https://www.indeed.com/viewjob?jk=bc1df6c326e5a1ab,"","2026-05-06"
0,"","Senior Reliability Engineer","EVgo","Los Angeles, California","","$108,500 - $135,600 (yearly)",jobspy_indeed,https://www.indeed.com/viewjob?jk=2570902250ff8d67,"","2026-05-05"
0,"","Staff Product Manager","EVgo","Los Angeles, California","","$128,200 - $160,200 (yearly)",jobspy_indeed,https://www.indeed.com/viewjob?jk=bc03e49309e045cd,"","2026-05-05"
0,"","Independent Commercial Cleaning Contractor (1099) – Early Morning","Straight Street","United States","","$200 - $250 (weekly)",jobspy_indeed,https://www.indeed.com/viewjob?jk=ac111282113518d7,"","2026-05-07"
0,"","Program Manager - Demand Response (Remote, USA)","ENEL","United States","","$85,400 - $128,000 (yearly)",jobspy_indeed,https://www.indeed.com/viewjob?jk=562fdd36c036314c,"","2026-05-06"
0,"","Casino Shift Manager","Lodge Casino Black Hawk","United States","","",jobspy_indeed,https://www.indeed.com/viewjob?jk=634d9c1ece37d1af,"","2026-05-06"
0,"","Staff Product Manager","EVgo","United States","","$128,200 - $160,200 (yearly)",jobspy_indeed,https://www.indeed.com/viewjob?jk=2b1d9834a0029df8,"","2026-05-05"
0,"","Machine Operator- Plastics - Swing Shift","Astronics","United States","","",jobspy_indeed,https://www.indeed.com/viewjob?jk=2a3ca62604d8c92e,"","2026-05-04"
0,"","Shear Operator","EVS Metal","United States","","$17 - $19 (hourly)",jobspy_indeed,https://www.indeed.com/viewjob?jk=3d46775879725f0f,"","2026-05-04"
0,"","Plant Boiler Operator - Bedford, TX","Crothall Healthcare","United States","","$25 - $28 (hourly)",jobspy_indeed,https://www.indeed.com/viewjob?jk=c69fff28ecc3380a,"","2026-05-03"
0,"","Tool and Die Specialist","Panasonic","United States","","$32 - $37 (hourly)",jobspy_indeed,https://www.indeed.com/viewjob?jk=6b1518302b36774a,"","2026-05-01"
0,"","Machine Operator","Panasonic","United States","","",jobspy_indeed,https://www.indeed.com/viewjob?jk=13f93b9ff3ed5349,"","2026-05-01"
0,"","Material Handler","Panasonic","United States","","",jobspy_indeed,https://www.indeed.com/viewjob?jk=d5cc9146fae5b9c3,"","2026-05-01"
0,"","Brown Sports Network Production Crew","Brown University","Boston, Massachusetts","","",jobspy_indeed,https://www.indeed.com/viewjob?jk=991ea365e700e861,"","2026-05-05"
0,"","Test Automation Engineer","Overwatch Imaging","United States","","$130,000 - $180,000 (yearly)",jobspy_indeed,https://www.indeed.com/viewjob?jk=b8f885a6b97162b3,"","2026-05-06"
0,"","Principal Modeling and Simulations Engineer","nan","United States","","$130,000 - $240,000 (yearly)",jobspy_indeed,https://www.indeed.com/viewjob?jk=8ad90b0ad6482396,"","2026-05-06"
0,"","Coordinator, Event Presentation","Inter Miami CF","United States","","",jobspy_indeed,https://www.indeed.com/viewjob?jk=5b1f00b1dc1f82ad,"","2026-05-05"
0,"","Prelim/Prepress Operator III","RR Donnelley","Chicago, Illinois","","$29 - $43 (hourly)",jobspy_indeed,https://www.indeed.com/viewjob?jk=f1e028ef24438105,"","2026-05-07"
0,"","Freelance Quality Control Operator - Big Ten Network","Fox Corporation","Chicago, Illinois","","$20 - $24 (hourly)",jobspy_indeed,https://www.indeed.com/viewjob?jk=f70b81191636dd36,"","2026-05-04"
0,"","Digital Press Operator Internship","Sports Awards","Chicago, Illinois","","",jobspy_indeed,https://www.indeed.com/viewjob?jk=c0fc51864b935ffa,"","2026-05-04"
0,"","Graphic Artist","Same Day Tees","Chicago, Illinois","","$21 - $25 (hourly)",jobspy_indeed,https://www.indeed.com/viewjob?jk=b3c4ffcf1fa22ac3,"","2026-05-03"
0,"","Director, Commercial Marketing","QUAD","Chicago, Illinois","","$190,000 - $220,000 (yearly)",jobspy_indeed,https://www.indeed.com/viewjob?jk=21bf045accb462c7,"","2026-04-30"
0,"","Finishing Operator","Graphic Packaging International","Chicago, Illinois","","$26 - $32 (hourly)",jobspy_indeed,https://www.indeed.com/viewjob?jk=cb7d5440c9418656,"","2026-04-30"
0,"","Part-Time Graphic Arts Assistant","Manhattan Beer & Beverage Distributors","New York, New York","","",jobspy_indeed,https://www.indeed.com/viewjob?jk=af342aae1d4c4e2b,"","2026-05-06"
0,"","Freelance Viz Operator","Fox Corporation","New York, New York","","$36 - $43 (hourly)",jobspy_indeed,https://www.indeed.com/viewjob?jk=f3d5e2d23a5adfad,"","2026-05-05"
0,"","BMS Service Sales Executive","EMCOR","New York, New York","","$80,000 - $140,000 (yearly)",jobspy_indeed,https://www.indeed.com/viewjob?jk=5d6e4034340e8ccc,"","2026-05-05"
0,"","Instrument & Control Technician","Veolia","New York, New York","","",jobspy_indeed,https://www.indeed.com/viewjob?jk=8908a7c1d450fed0,"","2026-05-05"
0,"","Stream Operator / Chat Moderator","Unique Designs Inc.","New York, New York","","$38,000 - $45,000 (yearly)",jobspy_indeed,https://www.indeed.com/viewjob?jk=8849da3a0f065cbb,"","2026-05-05"
0,"","Print Production Operator","FedEx Office","New York, New York","","$20 - $24 (hourly)",jobspy_indeed,https://www.indeed.com/viewjob?jk=f3d200304208f688,"","2026-05-04"
0,"","Large Format Print & Finishing Operator","WL Concepts & Production, Inc.","New York, New York","","",jobspy_indeed,https://www.indeed.com/viewjob?jk=d1ab6a4d2cc681bc,"","2026-05-04"
0,"","Premedia Leader","QUAD","New York, New York","","$105,000 - $125,000 (yearly)",jobspy_indeed,https://www.indeed.com/viewjob?jk=f5c8ee5cf3921585,"","2026-05-04"
0,"","Sr Designer","QUAD","New York, New York","","$80,000 - $95,000 (yearly)",jobspy_indeed,https://www.indeed.com/viewjob?jk=eff3419170b26b27,"","2026-05-04"
0,"","Training Content Coordinator","NAYA","New York, New York","","$68,000 - $75,000 (yearly)",jobspy_indeed,https://www.indeed.com/viewjob?jk=e9882671d2225213,"","2026-05-01"
0,"","Utility Systems Repairer Operator","US Department of Veterans Affairs","New York, New York","","$35 - $41 (hourly)",jobspy_indeed,https://www.indeed.com/viewjob?jk=04707f5a29f77b20,"","2026-05-01"
0,"","Senior Producer, Social Media","Fox Corporation","New York, New York","","$114,000 - $140,000 (yearly)",jobspy_indeed,https://www.indeed.com/viewjob?jk=211a1f5df811741b,"","2026-05-01"
0,"","APC Operator-Seasonal","Univision Communications Inc","New York, New York","","",jobspy_indeed,https://www.indeed.com/viewjob?jk=bfd44e1812f0408c,"","2026-05-01"
0,"","Manager, Portfolio Marketing","Link Logistics Real Estate","New York, New York","","$83,000 - $105,000 (yearly)",jobspy_indeed,https://www.indeed.com/viewjob?jk=d78a5ff8bbb9ba75,"","2026-05-01"
0,"","2nd Shift Digital Pressman","Cris Ray Printing","New York, New York","","$22 - $30 (hourly)",jobspy_indeed,https://www.indeed.com/viewjob?jk=e63ded070879b3e7,"","2026-05-01"
0,"","Administrative Claims Specialist","Plymouth Rock Assurance","New York, New York","","$42,000 - $55,500 (yearly)",jobspy_indeed,https://www.indeed.com/viewjob?jk=02ff26bcea49ea2e,"","2026-05-01"
0,"","Digital Marketing Production Artist & Technical Machine Operator","PNA Technologies, LLC","New York, New York","","$50,000 - $60,000 (yearly)",jobspy_indeed,https://www.indeed.com/viewjob?jk=3080b55382ad6197,"","2026-05-01"
0,"","Digital wide format supervisor","Asha44","New York, New York","","$25 - $37 (hourly)",jobspy_indeed,https://www.indeed.com/viewjob?jk=c12acc7ecdd523df,"","2026-05-01"
0,"","Service Project Engineer (Service Department)","TEC Building Systems LLC","New York, New York","","$80,000 - $120,000 (yearly)",jobspy_indeed,https://www.indeed.com/viewjob?jk=933ae0cf940c6030,"","2026-04-27"
0,"","Building Automation Graphics Specialist (HMI / UI / HVAC Technical Illustration)","TEC Building Systems LLC","New York, New York","","$85,000 - $115,000 (yearly)",jobspy_indeed,https://www.indeed.com/viewjob?jk=21275fd3f0b940f9,"","2026-04-27"
0,"","Permit Facilitator","ENTRUST Solutions Group","San Francisco, California","","$68,640 - $76,960 (yearly)",jobspy_indeed,https://www.indeed.com/viewjob?jk=0e0dbb75670959ba,"","2026-05-05"
0,"","Open Source Sustainability Program Manager","NVIDIA","San Francisco, California","","$168,000 - $258,750 (yearly)",jobspy_indeed,https://www.indeed.com/viewjob?jk=6572dfdf6e8844d9,"","2026-05-01"
0,"","Account Executive- Seattle/Pacific Northwest Area","LOWEN CORPORATION","Seattle, Washington","","",jobspy_indeed,https://www.indeed.com/viewjob?jk=9ac74f00117e159c,"","2026-05-06"
0,"","Community Corrections Officer 2 (Or CCO1 In-Training) - Special Needs Unit - Seattle","State of Washington","Seattle, Washington","","$4,603 - $7,540 (monthly)",jobspy_indeed,https://www.indeed.com/viewjob?jk=f36cf2b1d6de57df,"","2026-05-06"
0,"","Material Processor","Mobis Parts America, LLC.","Seattle, Washington","","",jobspy_indeed,https://www.indeed.com/viewjob?jk=dff7a6fac58577be,"","2026-05-05"
0,"","Sign Production Specialist / Vinyl & Print Technician","New Image Creative","Seattle, Washington","","$22 - $30 (hourly)",jobspy_indeed,https://www.indeed.com/viewjob?jk=31024cf25be16faf,"","2026-05-05"
0,"","Graphic Designer/Production Artist","Port Townsend/Jefferson County Leader","Seattle, Washington","","$20 - $25 (hourly)",jobspy_indeed,https://www.indeed.com/viewjob?jk=c5fee7cc9c1c6e69,"","2026-05-05"
0,"","General Laborer (Packer)","Mill Rock Packaging","Seattle, Washington","","$21 - $23 (hourly)",jobspy_indeed,https://www.indeed.com/viewjob?jk=62b360719cb0dc5b,"","2026-05-01"
0,"","Screen Print Press Operator / Manual Pinter","ATR Graphics, Inc.","Boston, Massachusetts","","",jobspy_indeed,https://www.indeed.com/viewjob?jk=1514c30f728bec97,"","2026-05-07"
0,"","Machine Operator VI - Coatings Nights","FLEXcon","Boston, Massachusetts","","$19 - $32 (hourly)",jobspy_indeed,https://www.indeed.com/viewjob?jk=9db1f4f7cf49a9d5,"","2026-05-06"
0,"","Full Stack Software Engineer (XR Applications)","Tutor Intelligence","Boston, Massachusetts","","$90,000 - $190,000 (yearly)",jobspy_indeed,https://www.indeed.com/viewjob?jk=1d1e69d6eca0f479,"","2026-05-05"
0,"","DTG / DTF / Embroidery Machine Operator","Always Justified","Los Angeles, California","","$17 - $20 (hourly)",jobspy_indeed,https://www.indeed.com/viewjob?jk=df11c11d41e85329,"","2026-05-06"
0,"","Media Producer","Pepperdine University","Los Angeles, California","","$28 - $31 (hourly)",jobspy_indeed,https://www.indeed.com/viewjob?jk=2f696cb9eff8858c,"","2026-05-04"
0,"","BMS Project Manager","Mantis Innovation","Los Angeles, California","","$115,000 - $145,000 (yearly)",jobspy_indeed,https://www.indeed.com/viewjob?jk=f113a15e978689b5,"","2026-05-04"
0,"","Manager, Production","Paramount","Los Angeles, California","","$85,000 - $100,000 (yearly)",jobspy_indeed,https://www.indeed.com/viewjob?jk=47c611b41f6642d0,"","2026-05-03"
0,"","Prepress Operator/Artist/Social Media Coordinator","Box Printing Company","Los Angeles, California","","$22 - $25 (hourly)",jobspy_indeed,https://www.indeed.com/viewjob?jk=fd3473f3c4ae15bc,"","2026-05-03"
0,"","Social Media and Marketing Manager","Sales Boulevard","Los Angeles, California","","$49,947 - $60,152 (yearly)",jobspy_indeed,https://www.indeed.com/viewjob?jk=5d39fca4e1ff53dc,"","2026-05-03"
0,"","Social Media Manager","Savage X","Los Angeles, California","","$90,000 - $100,000 (yearly)",jobspy_indeed,https://www.indeed.com/viewjob?jk=70d0d1b6aa137354,"","2026-05-01"
0,"","Photo Production Designer","Buck Mason","Los Angeles, California","","",jobspy_indeed,https://www.indeed.com/viewjob?jk=39e3920b2d0d94e9,"","2026-04-30"
0,"","Asset Protection Lead","Walmart","Los Angeles, California","","$26 - $29 (hourly)",jobspy_indeed,https://www.indeed.com/viewjob?jk=bf1326ebb6417534,"","2024-10-16"
0,"","Front End Developer - Mid-level","Maximus","Washington, DC","","$100,000 - $160,000 (yearly)",jobspy_indeed,https://www.indeed.com/viewjob?jk=cdc09101e9cb7aed,"","2026-05-07"
0,"","DTC Performance Marketing & Conversion Optimization","Made Plus","Washington, DC","","$58,577 - $70,545 (yearly)",jobspy_indeed,https://www.indeed.com/viewjob?jk=84b4fdd659c4758e,"","2026-05-06"
0,"","Industrial Seamstress / Sail Maker","Chroma Imaging","Washington, DC","","$19 - $21 (hourly)",jobspy_indeed,https://www.indeed.com/viewjob?jk=04dd1d4d3d76cfa5,"","2026-05-04"
0,"","Lead Technical Writer – Navy Submarine Sonar & Sensor Systems","General Dynamics Mission Systems","Washington, DC","","$96,142 - $104,029 (yearly)",jobspy_indeed,https://www.indeed.com/viewjob?jk=d274e5212a9b58d2,"","2026-05-01"
0,"","Solution Architect","Booz Allen Hamilton","Washington, DC","","$112,800 - $257,000 (yearly)",jobspy_indeed,https://www.indeed.com/viewjob?jk=46cc5ad49f60e783,"","2026-04-30"
0,"","Print Production Specialist","Curry Printing","Washington, DC","","$22 - $24 (hourly)",jobspy_indeed,https://www.indeed.com/viewjob?jk=1e64cf7f87f002fb,"","2026-04-30"
0,"","Somali Cryptologic Linguist","CTC Group","Washington, DC","","$80,000 - $210,000 (yearly)",jobspy_indeed,https://www.indeed.com/viewjob?jk=7b375f3459f12f49,"","2026-02-02"
0,"","Utility Systems Repairer-Operator","US Department of Veterans Affairs","United States","","$35 - $41 (hourly)",jobspy_indeed,https://www.indeed.com/viewjob?jk=4e3479285f5d750d,"","2026-05-07"
0,"","Machine Operator 1st Shift","Pratt Industries","United States","","",jobspy_indeed,https://www.indeed.com/viewjob?jk=e2239f7ee497077e,"","2026-05-06"
0,"","Corrugator Lead 3rd Shift","Pratt Industries","United States","","",jobspy_indeed,https://www.indeed.com/viewjob?jk=d48f51e06c26c82a,"","2026-05-07"
0,"","Bander Operator 3rd Shift","Pratt Industries","United States","","",jobspy_indeed,https://www.indeed.com/viewjob?jk=3278e6db7d35e1a6,"","2026-05-07"
0,"","Maintenance Technician","International Paper","United States","","",jobspy_indeed,https://www.indeed.com/viewjob?jk=a5ad1b661ea7e505,"","2026-05-07"
0,"","NEWSCAST DIRECTOR/MASTER CONTROL OPERATOR - KTIV","GRAY MEDIA","United States","","",jobspy_indeed,https://www.indeed.com/viewjob?jk=8dd30420e3852320,"","2026-05-07"
0,"","Broadcast Graphics Specialist","Primerica","United States","","$80,000 - $85,000 (yearly)",jobspy_indeed,https://www.indeed.com/viewjob?jk=c82522bef812b2ae,"","2026-05-07"
0,"","Assistant General Manager","Jacksonville Jumbo Shrimp","United States","","",jobspy_indeed,https://www.indeed.com/viewjob?jk=f48e8ec989451391,"","2026-05-06"
0,"","Content Marketing Specialist (Golf & Sales)","Boyne Resorts","United States","","",jobspy_indeed,https://www.indeed.com/viewjob?jk=069f8def6f257cde,"","2026-05-06"
0,"","Drafter/CAD Operator III (able to obtain clearance)","Akima","United States","","",jobspy_indeed,https://www.indeed.com/viewjob?jk=8d68aae5023f3f98,"","2026-05-06"
0,"","Drafter/CAD Operator IV (Active Secret Clearance)","Akima","United States","","",jobspy_indeed,https://www.indeed.com/viewjob?jk=d87ac149c500532b,"","2026-05-06"
0,"","Account Executive-Houston Area","LOWEN CORPORATION","United States","","",jobspy_indeed,https://www.indeed.com/viewjob?jk=852ef80874d48d4c,"","2026-05-06"
0,"","2nd Shift Press/Print Operating Technician","Taylor Corporation","United States","","$17 - $18 (hourly)",jobspy_indeed,https://www.indeed.com/viewjob?jk=f68bb4b040d2c6d7,"","2026-05-06"
0,"","Production Manager","Taylor Corporation","United States","","",jobspy_indeed,https://www.indeed.com/viewjob?jk=e36b000d49c5803d,"","2026-05-06"
0,"","Front End Developer (Senior) – San Antonio, TX or Ft Meade, MD","CNF Technologies","United States","","",jobspy_indeed,https://www.indeed.com/viewjob?jk=dc7139266a9060f7,"","2026-05-06"
0,"","Local Store Marketing Coordinator","Papa John's Serazen","United States","","",jobspy_indeed,https://www.indeed.com/viewjob?jk=b573b36c50dbe17f,"","2026-05-06"
0,"","Marketing Communications Program Manager","Ensemble Health Partners","United States","","$92,400 - $138,600 (yearly)",jobspy_indeed,https://www.indeed.com/viewjob?jk=1998245031b2692b,"","2026-05-06"
0,"","Graphic Designer","QUAD","Remote","","$55,000 - $65,000 (yearly)",jobspy_indeed,https://www.indeed.com/viewjob?jk=c3596cb220bd25db,"","2026-05-04"
0,"","Bilingual Creative & Community Coordinator","Atlantic Legal Strategy PSC","Remote","","$7 - $10 (hourly)",jobspy_indeed,https://www.indeed.com/viewjob?jk=5a3cd7e1758d1e47,"","2026-05-01"
0,"","Finish Scenic Carpenter","Gotham Scenic","New York, New York","","",jobspy_indeed,https://www.indeed.com/viewjob?jk=a752a2d5a36627f3,"","2026-05-04"
0,"","Exhibit, Trade Show, Custom Fabrication- Experienced Builder/Carpenter","Show Ready Inc","Los Angeles, California","","",jobspy_indeed,https://www.indeed.com/viewjob?jk=d077efa1ce0e6e32,"","2026-05-01"
0,"","Scenic Carpenter","InProduction","United States","","",jobspy_indeed,https://www.indeed.com/viewjob?jk=6139a06166267d3a,"","2026-05-03"
0,"","Project Manager Rigging Logistics","Freeman","United States","","",jobspy_indeed,https://www.indeed.com/viewjob?jk=93669901dbfa8146,"","2026-05-05"
0,"","Mechanic / Rigger- Machine Installations","Baumuller Nuermont Corporate","United States","","$24 - $28 (hourly)",jobspy_indeed,https://www.indeed.com/viewjob?jk=a091c127ac277f30,"","2026-05-04"
0,"","Rigger Freelance (On Call)","Orange County, FL","United States","","$20 - $38 (hourly)",jobspy_indeed,https://www.indeed.com/viewjob?jk=ab28cd7f0450ecf2,"","2026-05-04"
0,"","Service Technician Apprentice","SkipperBud's","United States","","",jobspy_indeed,https://www.indeed.com/viewjob?jk=0c6ba5b7f89722ee,"","2026-05-01"
0,"","Event Rigger, Audio Visual (Part Time, Casual) - Fajardo, Puerto Rico","Encore Global","United States","","$22 - $29 (hourly)",jobspy_indeed,https://www.indeed.com/viewjob?jk=3dc487063e719bf1,"","2026-04-30"
