fit_tier,fit_score,name,city,state,category,relationship,website,fit_reasoning,gear_mentioned
"HOT",98,"Metro Sound & Lighting","","","av_rental","new_prospect",https://www.metrosoundlighting.com/,"Metro Sound & Lighting is a Chicago-based AV production and rental company with an inventory and event scope that perfectly aligns with Eric's A1 and RF coordination expertise, making them an ideal fr",""
"HOT",98,"Careers","","","production_co","new_prospect",https://avchicago.com/careers/,"AV Chicago is an excellent prospect for Eric, offering a perfect alignment in company type, event scale, work type, and gear, with a strong need for his high-level A1 and RF coordination expertise in ",""
"HOT",98,"Corporate Event Production Washington DC","","","production_co","new_prospect",https://allstageandsound.com/corporate-event-production/,"All Stage & Sound is an outstanding prospect due to their direct alignment with Eric's high-end corporate and concert A1/RF expertise, their extensive inventory matching his proficiencies, and their r",""
"HOT",98,"Concert Touring Services","","","touring","new_prospect",https://www.prg.com/en-gb/markets/music,"An outstanding prospect for Eric, offering large-scale concert touring and festival A1/RF coordination roles that perfectly match his top-tier experience, gear proficiencies, and travel readiness.",""
"HOT",98,"Live Event Production Company in Nashville","","","venue","new_prospect",https://crescentevents.com/locations/nashville-tn/,"Crescent Events is a national full-service event production company with a Chicago office, making them an ideal prospect for Eric's high-level A1 and RF coordination expertise across corporate and lar",""
"HOT",95,"3G Productions: Live Event Production & Equipment Rentals","","","av_rental","new_prospect",https://www.3glp.com/,"3G Productions is an ideal freelance prospect for Eric, offering large-scale national gigs that perfectly leverage his A1 mixing, RF coordination, and high-end PA system expertise across corporate and",""
"HOT",95,"Midwest Audio Group: Home","","","av_rental","new_prospect",https://www.midwestaudiogroup.com/,"Midwest Audio Group is an excellent fit, aligning perfectly with Eric's location, high-level corporate and concert production expertise, and specific gear proficiencies (L-Acoustics, Shure, DiGiCo).",""
"HOT",95,"Audio-Visions","","","av_rental","new_prospect",https://audio-visions.com/,"Audio-Visions is a Chicago-based full-service AV production and rental company with an inventory and client base that perfectly aligns with Eric's high-level A1 and RF coordination expertise across co",""
"HOT",95,"Midwest Music Supply","","","av_rental","new_prospect",https://www.midwestmusicsupply.com/,"Midwest Music Supply is an excellent prospect for Eric, offering strong alignment in location, event types, and high-end audio gear, making them an ideal client for his A1 and RF coordination expertis",""
"HOT",95,"One Way Event Productions","","","av_rental","new_prospect",https://onewayeventproductions.com/,"This Chicago-based AV production company is an excellent fit due to their explicit use of Eric's primary PA systems (L'Acoustics, Meyer Sound) and their focus on corporate and concert events requiring",""
"HOT",95,"Join the AV Vegas Team!","","","av_rental","new_prospect",https://www.avvegas.com/av-vegas-employment-opportunities/,"AV Vegas is an excellent prospect for Eric, offering large-scale corporate and concert work with near-perfect alignment in gear, work type, and the need for high-level A1 and RF coordination skills, i",""
"HOT",95,"Nashville AV Rental","","","av_rental","new_prospect",https://meetingtomorrow.com/nashville/av-rentals/,"Meeting Tomorrow (parent company) is headquartered in Chicago and provides national AV production for large-scale corporate events, making them an excellent geographic and work-type fit for Eric's A1 ",""
"HOT",95,"Chicago Illinois","","","production_co","new_prospect",https://www.seamlessevents.com/chicago/,"Excellent fit for Eric's high-end corporate A1 and RF coordination skills with a national AV production company based locally in Chicago.",""
"HOT",95,"Chicago Live Sound","","","production_co","new_prospect",https://chicagolivesound.com/,"Chicago Live Sound is a local, full-service production company with an excellent gear overlap and event scale that perfectly matches Eric's A1 and RF coordination expertise, making them a top-tier fre",""
"HOT",95,"Full Service AV and Staging for Your Next Event","","","production_co","new_prospect",https://vantagepg.com/,"Vantage Point Group is an outstanding prospect due to perfect gear alignment, a focus on high-end corporate AV events matching Eric's expertise, and a geographic presence that aligns well with his tra",""
"HOT",95,"Full-Service Festival & Touring Production","","","production_co","new_prospect",https://clearwing.com/production-festivals-touring,"Clearwing is an excellent prospect for Eric, offering large-scale festival, touring, and corporate work that perfectly matches his A1 and RF coordination expertise with strong gear alignment, despite ",""
"HOT",95,"Chicago Audio Visual Production Services","","","production_co","new_prospect",https://www.onservices.com/locations/chicago-av-production.html,"ON Services is an excellent prospect for Eric, offering substantial opportunities for high-level A1 and RF coordination roles on large-scale corporate events, aligning perfectly with his skills, exper",""
"HOT",95,"Los Angeles Live Event Production Services","","","production_co","new_prospect",https://lalightingandsound.com/services/,"Los Angeles Live Event Production Services is a full-service production company with a strong inventory of high-end audio gear (L-Acoustics, Meyer, d&b, Yamaha, A&H, Shure Axient Digital) that perfect",""
"HOT",95,"Event Production Company NYC","","","production_co","new_prospect",https://www.hblive.com/our-locations/new-york,"HB Live is an ideal freelance prospect for Eric, offering large-scale corporate and live event opportunities that perfectly match his A1 and RF coordination expertise, with strong geographic and gear ",""
"HOT",95,"NYC Event Production Audio Video Staging Lighting","","","production_co","new_prospect",https://www.crossfiresound.com/,"Crossfire Sound & Lighting is an NYC-based full-service production company with an extensive portfolio of high-end corporate and large-scale concert events, making them an ideal target for Eric's A1 a",""
"HOT",95,"Corporate & Event Production Chicago","","","production_co","new_prospect",https://midwestav.com/production/,"Midwest AV is an excellent potential freelance client for Eric, offering a strong geographic fit, event scale, and work-type alignment across corporate, concert, and RF coordination roles.",""
"HOT",95,"About Us","","","production_co","new_prospect",https://rrsaudio.com/about/,"Encounter Event Services is a Chicago-based full-service production company with an excellent gear overlap and a strong focus on corporate events, making them a prime target for Eric Weiss's A1 and RF",""
"HOT",95,"Event Production Services in Las Vegas, Nevada","","","production_co","new_prospect",https://www.4wall.com/production/las-vegas-nv,"4Wall Entertainment in Las Vegas is an excellent new prospect for Eric, offering significant opportunities for high-level A1 and RF coordination work on large-scale corporate and concert events, with ",""
"HOT",95,"Audio Visual","","","venue","new_prospect",https://www.houstonian.com/do-business/audio-visual,"This is an outstanding prospect for Eric, offering significant multi-day corporate and event work at a major convention center, perfectly aligning with his A1 and RF coordination expertise and travel ",""
"HOT",95,"Nomad Sound: Full-Service Live Sound Production for Events ...","","","touring","new_prospect",https://nomadsound.net/,"Nomad Sound is an excellent prospect due to their alignment with Eric's A1 and RF coordination expertise, extensive high-end gear inventory (L'Acoustics, d&b, DiGiCo, Axient Digital), and focus on lar",""
"HOT",95,"Event, Concert Production, and Entertainment Services","","","touring","new_prospect",https://bluewatertech.com/touring-entertainment/,"Bluewater Technologies' touring division is an excellent fit, aligning perfectly with Eric's A1 and RF coordination expertise, large-scale event experience, and specific gear proficiencies (L'Acoustic",""
"HOT",95,"AV Careers","","","corporate_av","new_prospect",https://www.splchicago.com/audiovisual-company/av-careers/,"SPL Chicago is an ideal freelance client for Eric, offering strong alignment in geographic location, event scale, work type, and high-end gear, with a clear need for his A1 and RF coordination experti",""
"HOT",95,"The New York AV Integrator With Expert Audio Visual ...","","","corporate_av","new_prospect",https://onediversified.com/global-locations/new-york-av-integrator,"Diversified is an excellent prospect for Eric, aligning perfectly with his high-level corporate AV and RF coordination expertise, top-tier gear proficiency, and travel readiness for national gigs.",""
"HOT",95,"Corporate AV Solutions","","","corporate_av","new_prospect",https://www.thecatalystcompanies.com/services/corporate-events,"The Catalyst Companies (Corporate AV Solutions) is a Chicago-based full-service corporate event production company, making them an ideal geographic and work-type match for Eric's high-end corporate A1",""
"HOT",93,"Chicago Corporate Event Planning & Production Company","","","production_co","new_prospect",https://avenueeventgroup.com/planning/corporate-event-planning-production/chicago/,"Avenue Event Group is a national corporate event planning and production company with a Chicago office, offering high-end services that align perfectly with Eric's A1 and RF coordination expertise for",""
"HOT",93,"CONCERTS & TOURING","","","touring","new_prospect",https://www.lrav.com/services/concerts-and-touring/,"This national production company is an excellent fit for Eric's A1 and RF coordination expertise in large-scale concerts, touring, and corporate events, especially given his proficiency with L'Acousti",""
"HOT",92,"KLA Chicago","","","production_co","new_prospect",https://klachicago.com/,"KLA Chicago is an excellent new prospect, aligning perfectly with Eric's A1 and RF coordination expertise for high-stakes corporate AV events in his home market.",""
"HOT",92,"Frost Chicago","","","production_co","new_prospect",https://www.frostchicago.com/,"Frost Chicago is a high-end, Chicago-based AV production company that is an excellent fit for Eric's A1 and RF coordination expertise on large-scale corporate and event productions, with strong potent",""
"HOT",92,"Los Angeles Event Production Services","","","production_co","new_prospect",https://www.onservices.com/locations/los-angeles-event-production.html,"ON Services is a major national corporate AV provider, an excellent match for Eric's A1 and RF coordination expertise on large-scale, high-stakes events, with strong geographic and likely gear alignme",""
"HOT",92,"Solutions","","","touring","new_prospect",https://www.sound-image.com/solutions/touring,"Sound Image Touring Solutions is an excellent fit for Eric, offering large-scale national touring and event work that perfectly aligns with his A1, RF coordination, and gear proficiencies.",""
"HOT",92,"Audio visual company in Chicago","","","corporate_av","new_prospect",https://www.electrosonic.com/our-locations/chicago-audio-visual-services,"Electrosonic is an ideal new prospect for Eric, aligning perfectly with his high-end corporate AV experience, RF expertise, and Chicago base, offering significant potential for day calls and multi-day",""
"HOT",90,"Event Production Audio Visual Lighting Staging Rentals NYC","","","av_rental","new_prospect",https://www.proavrentals.com/,"An NYC-based AV rental/production company is an excellent target for Eric's high-end corporate and large-scale event expertise, particularly his advanced RF coordination and top-tier PA system experie",""
"HOT",90,"PCE (Pacific Coast Entertainment)","","","av_rental","new_prospect",https://www.gopce.com/,"PCE is a national-scale production company whose event types, gear inventory, and need for high-level A1 and RF coordination align exceptionally well with Eric's expertise, making them a prime target ",""
"HOT",90,"Vantage Production Group","","","av_rental","new_prospect",https://vantagepg.com/,"Vantage Production Group is a full-service production company with excellent gear alignment and event scale/type matching Eric's A1 and RF coordination expertise, making them a strong freelance prospe",""
"HOT",90,"New York City Audio Visual Rentals","","","av_rental","new_prospect",https://meetingtomorrow.com/new-york-city/audio-visual-rentals/,"New York City Audio Visual Rentals is a strong prospect due to their focus on high-end corporate AV, the scale of events they likely handle, and Eric's deep expertise in A1 mixing, RF coordination, an",""
"HOT",90,"Los Angeles Audio Visual Rentals and Services","","","av_rental","new_prospect",https://meetingtomorrow.com/los-angeles/audio-visual-rentals/,"Meeting Tomorrow is a national AV rental and production company whose service offerings and event types align perfectly with Eric's high-level A1 and RF",""
"HOT",90,"CMAV","","","av_rental","new_prospect",https://www.cm-audiovisual.com/,"CMAV is a Chicago-based AV rental and production company with a strong focus on corporate and event production, aligning perfectly with Eric's A1 and RF coordination expertise and local presence.",""
"HOT",90,"Audio Visual Rentals in Los Angeles","","","av_rental","new_prospect",https://aaaveventsolutions.com/,"This company is an excellent fit due to its high-end gear inventory, large-scale event production capabilities across corporate and concert verticals, and clear need for experienced A1s and RF coordin",""
"HOT",90,"#1 Event Production Company Chicago","","","production_co","new_prospect",https://www.absolutepros.com/,"This Chicago-based full-service production company is an excellent prospect for Eric, aligning perfectly with his high-level A1 and RF coordination expertise for corporate and large-scale events.",""
"HOT",90,"Chicago Audio Visual Services","","","production_co","new_prospect",https://alliantevents.com/av-chicago/,"Alliant Events (operating as Chicago Audio Visual Services) is a Chicago-based full-service production company with a strong focus on corporate events, making them an excellent match for Eric's high-l",""
"HOT",90,"Event Production Company in Chicago, IL","Chicago","IL","production_co","new_prospect",https://ovationevents.com/event-production-company-chicago-il/,"Ovation Events is an excellent potential freelance client for Eric, offering local, high-caliber corporate AV work that perfectly aligns with his A1 and RF coordination expertise and experience with h",""
"HOT",90,"Corporate Event Production","","","production_co","new_prospect",https://www.themusictrust.com/event-production,"Excellent local prospect for A1 and RF Coordinator roles, aligning perfectly with Eric's diverse experience in corporate and concert/festival production.",""
"HOT",90,"Enhance Productions: Corporate Event Production Chicago","","","production_co","new_prospect",https://www.enhanceproductions.com/,"Enhance Productions is a Chicago-based corporate event production company whose scale and type of events are an excellent match for Eric's high-end corporate AV and RF coordination expertise.",""
"HOT",90,"Top Corporate Event AV & Technology Companies Near Me","","","production_co","new_prospect",https://www.partyslate.com/find-vendors/corporate-event-av-and-technology,"While not a specific company, this category represents an ideal client type for Eric Weiss, aligning perfectly with his high-level corporate AV, A1 mixing, and RF coordination expertise.",""
"HOT",90,"In-House Audio Visual Solutions, AV Services for Venues, ...","Visual Solutions","AV","venue","new_prospect",https://www.onservices.com/in-house-av.html,"An excellent prospect for Eric, offering high-level A1 and RF Coordinator roles for large-scale corporate events through a major national in-house AV provider with a strong Chicago presence.",""
"HOT",90,"Chicago Audio Visual Solutions","","","corporate_av","new_prospect",https://www.cti.com/locations/chicago/,"This prospect, assumed to be CTI's Chicago branch, is an excellent fit for Eric's A1 and RF coordination expertise in large-scale, high-stakes corporate AV, leveraging his top-tier gear knowledge and ",""
"HOT",90,"Advance Sound Company","","","corporate_av","new_prospect",https://advancesound.com/,"Advance Sound Company is an excellent fit, aligning perfectly with Eric's skills, experience, and preferred work types and gear, with strong potential for both freelance and permanent roles given his ",""
"HOT",90,"AV New York Metro Area","","","corporate_av","new_prospect",https://www.cti.com/locations/newyorkmetro/,"CTI, a major corporate AV provider in the New York Metro area, is an excellent prospect for Eric's A1 and RF coordination skills on high-end, large-scale corporate events, with strong geographic and w",""
"HOT",90,"Audio Visual (AV) Managed Services","","","corporate_av","new_prospect",https://alliantevents.com/managed-av-services/,"Alliantevents is an excellent prospect due to their Chicago presence, focus on high-end corporate events, and potential for both freelance and long-term AV managed services roles, perfectly matching E",""
"HOT",90,"Colortone Audio Visual","","","corporate_av","new_prospect",https://www.colortone-av.com/,"Colortone AV is a Chicago-based corporate AV production company that handles large-scale events, making them an excellent fit for Eric's A1 and RF coordination expertise, with strong geographic and wo",""
"HOT",90,"Nashville Corporate Audiovisual Production","","","venue","new_prospect",https://www.22ave.tv/nashville-conference-audiovisual.html,"An excellent fit for Eric's high-level A1 and RF coordination skills, this Nashville-based corporate AV production company offers the exact type of large-scale, high-stakes events Eric excels at, maki",""
"HOT",90,"Audio Visual Technicians Labor, Crew and Staff in Nashville","","","venue","new_prospect",https://corporateavlabor.com/audio-visual-labor-crew-and-staff-in-nashville/,"An excellent fit; this national AV labor provider is actively seeking high-caliber A1s and RF Coordinators for corporate events, directly aligning with Eric's expertise, experience, and national trave",""
"HOT",90,"Professional Sound Engineering and Light Engineering","","","production_co","new_prospect",https://www.attunedevents.com/sound-and-lighting,"This Chicago-based production company is an ideal match for the candidate's skills and market presence, offering appropriate event scale and technical complexity that aligns perfectly with their corpo",""
"WARM",88,"Audio Visual Services","","","av_rental","new_prospect",https://applauseproductions.com/c/audio-visual-services?npg=y,"An excellent fit for Eric's high-level corporate AV and specialized RF coordination expertise, particularly given his experience managing complex multi-room hotel deployments and high-stakes events.",""
"HOT",85,"Professional AV Specialists For Live Events In Las Vegas ...","","","av_rental","new_prospect",https://avlaborsourceinc.com/professinal-av-specialists-for-live-events-las-vegas,"AV Labor Source Inc. is a Las Vegas-based AV labor provider, making them an excellent potential avenue for Eric to secure freelance A1 and RF Coordinator gigs in a major event market, perfectly aligni",""
"WARM",85,"Top AV Technicians in Las Vegas, NV","Las Vegas","NV","av_rental","new_prospect",https://www.sharegrid.com/las-vegas/crews/av-technicians?page=1,"While "Top AV Technicians in Las Vegas, NV" is a directory rather than a company, it represents a highly relevant and high-demand market (Las Vegas) where Eric's top-tier A1 and RF coordination skills",""
"WARM",85,"On-Site Event Production","","","av_rental","new_prospect",https://www.channelaudiogroup.com/production,"This Chicago-based AV rental and production company is an excellent geographic and work-type fit for Eric, offering potential A1 and RF Coordinator roles for corporate and concert events, pending conf",""
"WARM",85,"Event Production Company","","","production_co","new_prospect",https://www.mmeink.com/meetings-and-events/event-production.html,"LD Systems is an excellent technical and experience match for Eric's high-level A1 and RF coordination skills, especially for national travel gigs, despite their Houston base.",""
"WARM",85,"Event Video Production Services in Nashville, Charlotte","","","venue","new_prospect",https://crescentevents.com/our-services/,"Crescent Events is a full-service production company in strong event markets (Nashville, Charlotte) that appears to handle events large enough to require Eric's A1 and RF coordination expertise, makin",""
"HOT",85,"Clair Global","","","touring","new_prospect",https://www.clairglobal.com/,"Major international production company perfectly aligned with Eric's touring and large-scale event experience, offering immediate opportunities at the scale he's proven to handle.",""
"WARM",80,"AV Vegas","","","av_rental","new_prospect",https://www.avvegas.com/,"A strong potential client for national corporate and concert gigs, assuming they are based in Las Vegas and operate at a scale typical for that market, given Eric's A1 and RF coordination expertise.",""
"WARM",80,"AV Group: Corporate Event Production & Audio Visual Rentals ...","","","av_rental","new_prospect",https://www.avgroupny.com/,"AV Group is a strong prospect for Eric, offering corporate event production work in a major market (NYC) that aligns perfectly with his A1 and RF coordination expertise, and his willingness to travel.",""
"WARM",80,"Chicago's Top Audio Visual Company","","","production_co","new_prospect",https://avchicago.com/,"A promising new prospect for freelance A1 and RF Coordinator work in Eric's home market, likely offering relevant event scales and requiring his high-level expertise, despite a lack of specific compan",""
"WARM",80,"Chicago Corporate AV and Event Production","","","production_co","new_prospect",https://meetingtomorrow.com/chicago/event-productions/,"A strong prospect for Eric, offering local Chicago corporate AV work and potential national travel, leveraging his A1 mixing, advanced RF coordination, and high-stakes corporate experience, though the",""
"WARM",80,"Live Event Production","","","production_co","new_prospect",https://visualsound.com/services/event-production/,"A Chicago-based production company with strong alignment on work type, console platforms, and RF needs, but their in-house speaker inventory might not consistently match Eric's highest-tier PA experie",""
"WARM",80,"Concert Touring","","","touring","new_prospect",https://metalworksproductions.com/services/concert-touring/,"This company is an excellent work-type and gear fit for Eric's A1 and RF Coordinator skills in large-scale concert touring, but the international location requires careful consideration regarding logi",""
"WARM",80,"Tour Collective","","","touring","new_prospect",https://tourcollective.co/,"Tour Collective is a strong prospect for Eric due to their focus on large-scale national live music touring and festivals, which aligns perfectly with his A1 and RF coordination expertise, despite the",""
"WARM",80,"Visual Sound: AV Systems Integrators","","","corporate_av","new_prospect",https://visualsound.com/,"Visual Sound is an excellent fit for Eric's A1 and RF coordination skills for large-scale corporate events, but the geographic distance means they are best suited for multi-day gigs requiring travel r",""
"WARM",80,"The Midwest Clinic","","","university","new_prospect",https://www.midwestclinic.org/PerformerHandbook.html,"Excellent geographic fit for a large-scale international conference in Chicago with high demand for A1 and RF coordination, though Eric would likely be subcontracted by a production company rather tha",""
"WARM",78,"AV Technicians and Engineers for Live Events in Las, ...","","","venue","new_prospect",https://avlaborsourceinc.com/av_techniciansand_engineers_for_live_eventsin_las-vegas_and_more,"A staffing agency with a strong national presence, AV Labor Source Inc. is a good fit for Eric's high-level A1 and RF skills, offering potential access to diverse corporate and concert gigs in Chicago",""
"WARM",75,"Audio Visual Advantage: AudioVisual Production| Las Vegas ...","","","av_rental","new_prospect",https://www.goavadvantage.com/,"This Las Vegas-based AV production company is a strong potential client due to the market's demand for high-caliber A1s and RF coordinators, aligning well with Eric's extensive experience and travel r",""
"WARM",75,"Los Angeles CA","","","production_co","new_prospect",https://www.seamlessevents.com/los-angeles/,"Seamless Events is a full-service production company with a national presence, aligning well with Eric's high-end corporate AV and RF coordination expertise, though specific gear and event scale are n",""
"WARM",75,"Las Vegas Audio Visual Event Production","","","production_co","new_prospect",https://corporateeventsinc.net/locations/north-america/us/nv/las-vegas/,"This company is a strong potential client for Eric's high-end corporate AV and RF coordination skills in the active Las Vegas market, though further inquiry is needed to confirm consistent event scale",""
"WARM",75,"Audio Visual Labor, Crew and Staff in Las Vegas","","","venue","new_prospect",https://corporateavlabor.com/audio-visual-labor-crew-and-staff-in-las-vegas/,"This Las Vegas-based labor provider has high potential to connect Eric with well-paying, large-scale corporate AV and concert gigs in a major event hub, leveraging his A1 and RF coordination expertise",""
"WARM",75,"Top U.S. Conference and Meeting Venues","","","venue","new_prospect",https://avdusa.com/top-us-conference-and-meeting-venues/,"A strong prospect for multi-day national gigs, particularly in the high-end corporate AV space, with potential for future relocation to a target city.",""
"WARM",75,"Audio/Visual Service","","","venue","new_prospect",https://sharonvilleconventioncenter.com/audio-visual/,"This convention center's in-house AV department handles large-scale corporate and political events up to 5,000 attendees, a strong match for Eric's A1 and RF coordination expertise, though specific ge",""
"WARM",75,"Concert & Touring Event Production Solutions","","","touring","new_prospect",https://sgzpro.com/concert-touring-event-production-solutions/,"SGZ Pro is a NYC-based full-service production company specializing in concert and touring events, which aligns extremely well with Eric's A1 and RF coordination expertise on large-scale PA systems an",""
"WARM",75,"A1 Audio Engineer, Meetings and Events","","","touring","new_prospect",https://www.builtinnyc.com/job/a1-audio-engineer-meetings-and-events/4792054,"This prospect represents a strong work-type fit for Eric's A1 and RF Coordinator skills in corporate touring, but requires significant research to identify the company and vet its operations due to a ",""
"WARM",75,"Nashville AV Techs for Trade Shows, Corporate Events ...","","","venue","new_prospect",https://www.theaventtechs.com/nashville-av-techs-trade-shows-corporate-events-conventions/,"This is a nationwide AV staffing agency that could place Eric on high-level corporate and festival gigs, leveraging his A1 and RF coordination expertise across various locations, complementing his exi",""
"WARM",75,"Production Craft","","","av_rental","new_prospect",https://productioncraft.com/freelance-audio-engineer-application,"Production Craft is a Midwest-based production company at the right scale for the candidate's expertise, with strong geographic alignment and service offerings that match his corporate AV and live eve",""
"WARM",75,"Padano Productions","","","av_rental","new_prospect",https://www.padanoproductions.com/,"Padano Productions represents a solid freelance opportunity for Eric Weiss in the Chicago market, offering events at a scale that matches his expertise with professional audio systems and RF coordinat",""
"WARM",75,"Production One","","","av_rental","new_prospect",https://www.productionone.com/,"Production One is a well-established regional AV rental and production company that operates at the appropriate scale for Eric Weiss's expertise, though the lack of specific gear information prevents ",""
"WARM",75,"Meeting Tomorrow","","","av_rental","new_prospect",https://meetingtomorrow.com/fort-lauderdale/audio-visual-rentals/,"Meeting Tomorrow is a legitimate national AV rental company that would benefit from the candidate's corporate event experience and RF coordination skills, though specific gear alignment cannot be conf",""
"WARM",75,"Las Vegas Audio Visual Rentals","","","av_rental","new_prospect",https://www.gseav.com/las-vegas/,"A regional AV rental company in Las Vegas's high-volume events market that would benefit from the candidate's corporate AV and large-scale PA deployment expertise.",""
"WARM",75,"Elite Multimedia","","","av_rental","new_prospect",https://elitemultimedia.com/,"Elite Multimedia is a Nashville-based event production company with a regional presence and focus on live events and corporate AV, offering a good geographic and technical fit for the candidate's expe",""
"WARM",75,"Audio Visual Equipment Rentals","","","av_rental","new_prospect",https://visualsound.com/services/rental-services/,"This national AV rental company offers strong potential for freelance work given their corporate event focus and professional-grade equipment inventory that aligns well with the candidate's extensive ",""
"WARM",75,"Chase Creative","","","av_rental","new_prospect",https://chasecreative.com/job-posting/freelance-employment/,"Chase Creative is a solid WARM prospect with appropriate event scale and geographic accessibility, though lacking specific gear details for precise alignment assessment.",""
"WARM",75,"Verum AV","Dallas","TX","production_co","new_prospect",https://www.verumav.com/dallas/event-production,"Verum AV presents a solid opportunity as a corporate AV production company in Dallas with appropriate event scale and technical requirements that match the candidate's extensive experience in corporat",""
"WARM",75,"Audio Visual Productions in Las Vegas","","","production_co","new_prospect",https://americanaudiovisual.com/audio-visual-productions-in-las-vegas/,"The company's Las Vegas location and corporate/AV event focus align well with the candidate's experience, though lack of specific inventory information prevents a higher confidence rating.",""
"WARM",75,"Hotel Audio Visual Services","","","venue","new_prospect",https://alliantevents.com/hotel-av-service/,"A solid hotel AV provider that would benefit from the candidate's corporate AV expertise and RF coordination skills, though specific gear details would strengthen the fit assessment.",""
"WARM",75,"PennLive Arts","","","venue","new_prospect",https://pennlivearts.org/about/ourteam.php,"PennLive Arts presents viable freelance opportunities for the candidate's caliber, with university venue scale and touring productions matching their technical expertise, though the presenter model ma",""
"WARM",75,"Lansing Center","Lansing","MI","venue","new_prospect",https://www.lansing.org/venues/convention-center/,"Convention center with appropriate corporate event scale and geographic proximity to candidate's base, though specific gear details are unavailable.",""
"WARM",75,"Centric Events","","","venue","new_prospect",https://centric.events/installations-and-integrations/in-house-a-v/,"Centric Events represents a solid warm fit for corporate venue AV work, with the candidate's corporate event experience and RF coordination skills directly applicable to their multi-property operation",""
"WARM",75,"Avispl Philadelphia","","","corporate_av","new_prospect",https://avispl.com/about-us/locations/philadelphia/,"Philadelphia is a corporate AV provider in a geographically accessible market that would benefit from the candidate's extensive corporate event experience and technical proficiency with major PA syste",""
"WARM",75,"Audio Visual Company New York & Long Island","","","corporate_av","new_prospect",https://audiovideoinvasion.com/smart-home-automation/audio-visual-systems/,"A regional corporate AV firm in New York with appropriate event scale and technical requirements that align well with the candidate's extensive corporate event experience and RF coordination expertise",""
"WARM",70,"Midwest Sound & Lighting","","","av_rental","new_prospect",https://mwsound.com/,"A regional AV rental company in Bloomington, IL, offering a strong work-type fit for Eric's A1 and RF coordination skills, but requires further investigation into their specific event scale and gear i",""
"WARM",70,"Sight & Sound Productions, Inc.","","","av_rental","new_prospect",https://sightandsoundproductionsinc.com/,"Sight & Sound Productions is an excellent technical and work-type fit for Eric's A1 and RF coordination skills, but their Jacksonville, FL location will likely limit the frequency of freelance opportu",""
"WARM",70,"AV Crewing, Labor & Services in Nashville, TN","Nashville","TN","av_rental","new_prospect",https://audiovisualnation.com/locations/nashville-tn/,"This Nashville-based labor provider has the potential to connect Eric with high-caliber A1 and RF Coordinator gigs for their clients, but further investigation is needed to confirm the scale and type ",""
"WARM",70,"Corporate Event AV","","","production_co","new_prospect",https://mdmentertainment.com/corporate-event-production-services/corporate-event-av/,"A local Chicago-area production company with a strong corporate AV focus that aligns well with Eric's experience, particularly his high-stakes corporate and RF coordination expertise, though the typic",""
"WARM",70,"Top 30 Event Production Companies in the US for ...","","","production_co","new_prospect",https://whova.com/blog/best-event-production-companies-united-states/,"This blog post is a valuable resource for identifying potential high-caliber national production companies that would be an excellent fit for Eric's A1 and RF coordination expertise, though each compa",""
"WARM",70,"audio equipment for rent near Kansas City","","","venue","new_prospect",https://opconventioncenter.com/audio-equipment-for-rent-near-kansas-city/,"The Olathe Convention Center is a solid warm lead, offering potential freelance gigs that align well with Eric's corporate AV and RF coordination expertise, despite a possible mismatch in the scale of",""
"WARM",65,"Eagle Production Co.","","","av_rental","new_prospect",https://eagleavrental.com/?srsltid=AfmBOoqsx9ziOsuDXqx6WVnhTpHvWG59dq4Q94u_Cj5CvDsW7FnJxN-b,"Eagle Production Co. is a local Chicago-area AV production company that aligns well with Eric's console and RF expertise for corporate and festival work, although their typical event scale and PA syst",""
"WARM",65,"Soundhouse AV Rentals","","","av_rental","new_prospect",https://soundhousenyc.com/,"Soundhouse AV Rentals in NYC has strong geographic alignment and a business model that fits Eric's freelance work, but a lack of information on their event scale and specific gear requires further inv",""
"WARM",65,"Chicago Audio Visual Rentals","","","production_co","new_prospect",https://meetingtomorrow.com/chicago/audio-visual-rentals/,"Chicago Audio Visual Rentals is a local AV rental and event production company that hires A1s and claims to handle large-scale events, making them a potential freelance client. However, the lack of sp",""
"WARM",65,"Audio Technicians / Audio Engineer / A1 / A2 in Chicago, ...","","","venue","new_prospect",https://www.productionhub.com/directory/profiles/audio-technicians/us/illinois/chicago,"This is a generic ProductionHub listing for an AV rental company in Chicago. While the *type* of company aligns perfectly with Eric's A1 and RF skills, the complete lack of specific company informatio",""
"WARM",65,"In House AV","","","venue","new_prospect",https://www.grapevinetexasusa.com/grapevine-convention-center/services/in-house-av/,"Potential for high-end corporate AV work, but the lack of specific information on event scale and gear makes it a speculative prospect requiring further investigation.",""
"WARM",65,"Head Audio (A1)","","","touring","new_prospect",https://www.music-jobs.com/usa/jobsboard_detail.php?job_uid=25508151&affid=rss81,"This is a strong work-type fit for Eric's A1 and leadership experience in concert/festival production, but the complete lack of specific company, tour, or compensation details makes it a highly specul",""
"WARM",65,"Employment","","","university","new_prospect",https://fishercenter.bard.edu/about/employment/,"Excellent technical alignment with Eric's console, PA, and RF expertise, but the geographic distance from Chicago makes it a less likely candidate for routine freelance day calls, though potential for",""
"WARM",65,"Nationwide Audio Visual Rental Company","","","av_rental","new_prospect",https://allproaudiovisual.com/,"A national AV rental company with potential for day calls and multi-day gigs, though more specific information about their event scale and gear inventory would strengthen the fit assessment.",""
"WARM",65,"Professional AV Equipment Rentals and Event Production","","","av_rental","new_prospect",http://avnycrentals.com/,"A regional AV rental and production company that likely handles corporate and event work, but limited public information makes full assessment difficult. Geographic proximity is good, but gear alignme",""
"WARM",65,"Audio Visual Services / AV / Live Event Crew in Las Vegas, ...","","","av_rental","new_prospect",https://www.productionhub.com/directory/profiles/audio-visual-services-av-live-event-crew/us/nevada/las-vegas,"A Las Vegas-based AV rental company that could provide consistent corporate and convention work opportunities, though limited information makes full assessment challenging. The market alignment is goo",""
"WARM",65,"Philadelphia Audio Visual","","","av_rental","new_prospect",https://www.cti.com/philadelphia-audio-visual/,"A regional AV rental company that could benefit from Eric's corporate event expertise and RF coordination skills, though limited information makes full assessment difficult.",""
"WARM",65,"Audio Engineer (A1)","","","av_rental","new_prospect",https://limitlesslightsandsound.com/blog/job/audio-engineer/,"This freelance operation could benefit from the candidate's high-profile experience and industry connections, though limited company information makes it difficult to assess project volume and specifi",""
"WARM",65,"Live AV Production","","","production_co","new_prospect",https://www.fivestonecreative.com/live-av-production-dallas,"Live AV Production appears to be a legitimate regional AV production company that could utilize the candidate's high-level corporate event and large-scale production experience, though more specific i",""
"WARM",65,"Hospitality Hotels Ballroom (Room Combine)","","","venue","new_prospect",https://www.keydigital.org/hospitality-ballrooms-room-combine,"A venue-focused hotel AV provider that could utilize the candidate's corporate AV and RF coordination skills, though the scale is smaller than their largest festival work.",""
"WARM",65,"A/V Services","","","venue","new_prospect",https://conventioncenter.dcucenter.com/planners/event-planning-services/av-services/,"A major convention center AV provider with appropriate event scale but limited freelance opportunities due to likely full-time staff structure.",""
"WARM",65,"LSAV POWERHOUSE","","","corporate_av","new_prospect",https://lsav.tv/,"Chicago-based corporate AV company with unknown scale and gear inventory, but geographic alignment and candidate's corporate AV expertise suggest potential fit pending more information.",""
"WARM",65,"Dallas event services","","","corporate_av","new_prospect",https://alliantevents.com/av-las-dallas/,"Local Dallas corporate AV provider with potential for multi-day corporate events, though limited information available on company scale and specific gear inventory.",""
"WARM",60,"Event Management & Production","","","av_rental","new_prospect",https://www.fohevents.com/,"A Chicago-based boutique event production company with limited public information; potential fit if they operate at mid-to-large scale with high-end AV needs, but unclear event scope and gear inventor",""
"WARM",60,"Corporate AV Crews in Philadelphia","","","venue","new_prospect",https://corporateavlabor.com/audio-visual-labor-crew-and-staff-in-philadelphia/,"The company's focus on AV labor staffing creates uncertainty about event scale and direct client relationships, but the candidate's corporate AV experience and technical certifications make them a rea",""
"COLD",45,"Audio Visual Productions in Nashville","","","av_rental","new_prospect",https://americanaudiovisual.com/audio-visual-productions-in-nashville/,"An AV rental company in Nashville that could be a geographic and work-type fit for Eric, but the severe lack of information on their event scale and specific gear makes it a speculative prospect requi",""
"COLD",40,"Corporate AV work in NYC : r/livesound","","","corporate_av","new_prospect",https://www.reddit.com/r/livesound/comments/1937vgz/corporate_av_work_in_nyc/,"This is a Reddit thread discussing corporate AV work in NYC, not a direct client. It serves as an excellent informational resource for Eric to explore the NYC market, which aligns with his relocation ",""
"COLD",35,"Paradise Productions: Audio Visual Production Company","","","av_rental","new_prospect",https://paradiseproductionskc.com/,"Paradise Productions is an AV rental company whose scale and gear inventory are unknown, making it a speculative fit for an A1 of Eric's high caliber, despite the general work type alignment.",""
"COLD",35,"Nashville, TN: Audio Visual Labor & Crews","Nashville","TN","av_rental","new_prospect",https://www.avleads.com/nashville/,"This is a Nashville-based AV labor provider with no disclosed information on the scale or type of gigs they staff, making it unclear if they have work appropriate for a high-caliber A1 like Eric.",""
"COLD",35,"A1 Audio Engineers, Hourly Flex Team","","","touring","new_prospect",https://builtin.com/job/a1-audio-engineers-hourly-flex-team/8057657,"The job description for a touring A1 aligns perfectly with Eric's skills, but the severe lack of company information, location, and specific details makes this a highly speculative and difficult-to-ve",""
"COLD",35,"Studio Engineer","","","university","new_prospect",https://careers.wgu.edu/jobs/chicago-cultural-performing-arts-media-alliance-studio-engineer/,"This is a speculative prospect due to the lack of job description and potential mismatch between Eric's primary live A1/RF expertise and a "Studio Engineer" role, though his Chicago location and",""
"COLD",35,"Audio Visual Rental (Hartford Rent)","","","av_rental","new_prospect",https://hartfordrents.com/rent-audio-visual-gear/,"Regional Connecticut-based AV rental company that appears too small-scale and geographically distant from the candidate's established Midwest market and high-end corporate/event specialization.",""
"COLD",35,"AV Equipment Rentals in San Francisco, CA","San Francisco","CA","av_rental","new_prospect",https://www.eventective.com/san-francisco-ca/av-rental/,"Geographic expansion opportunity with unknown company scale and insufficient information to determine fit with candidate's expertise level.",""
"COLD",35,"A/V Rentals for Events","","","av_rental","new_prospect",https://centric.events/rentals/av-rentals/,"This rental company lacks sufficient information to determine if they operate at a scale requiring Eric's expertise, and their unspecified location and limited online presence make them a low-priority",""
"COLD",35,"Upright Productions","Audio Equipment","AV","av_rental","new_prospect",https://upright-productions.com/,"Upright Productions appears to be a small to mid-sized regional AV rental company that may not regularly handle the scale of events requiring an experienced A1 like Eric Weiss, though his certificatio",""
"COLD",35,"A.V. Rental Services Inc","","","av_rental","new_prospect",https://www.audiovisualrenting.com/,"Limited information prevents confident assessment, but the company appears to be a regional rental operation that may not consistently need an experienced A1 with corporate and large-scale festival ex",""
"COLD",35,"A.V. Rental Services, Inc.","","","av_rental","new_prospect",https://www.discoverphl.com/partners/a-v-rental-services-inc-2/,"Limited information and geographic distance make this a low-priority prospect, though the candidate's RF and large-scale experience could be valuable if the company operates at a professional level.",""
"COLD",35,"Audio Visual Rental Philadelphia For Events","","","av_rental","new_prospect",https://aarental.com/audio-visual-rental-philadelphia/,"This Philadelphia-based AV rental company lacks clear scale signals and notable client information to indicate they regularly execute events that would utilize the candidate's extensive experience wit",""
"COLD",35,"Audio Visual and Technology Rentals in Philadelphia, PA","Philadelphia","PA","av_rental","new_prospect",https://hartfordrents.com/locations/philadelphia-pa-audio-visual-equipment-rental/,"Local Philadelphia rental house with limited scale for the candidate's advanced corporate and concert experience, requiring significant travel from Chicago.",""
"COLD",35,"Dallas Event Audio","Dallas","TX","av_rental","new_prospect",https://www.dallaseventaudio.com/,"Dallas Event Audio is a local AV rental company that doesn't appear to operate at the scale or event type that matches the candidate's specialized experience with large corporate events and festival p",""
"COLD",35,"AVLancer","","","av_rental","new_prospect",https://avlancer.com/,"AVLancer appears to be a small, new AV rental company lacking the scale and client base to consistently utilize an experienced A1 audio engineer's capabilities, though the candidate's expertise could ",""
"COLD",35,"About Floodgates Audio LLC","","","production_co","new_prospect",https://floodgatesaudio.com/about/,"Floodgates Audio appears too small and new to require an experienced A1 audio engineer of this caliber, with minimal online presence and no clear indication they operate at the scale of events the can",""
"COLD",35,"Live Event Production Management / Show Services in Philadelphia","","","production_co","new_prospect",https://www.productionhub.com/directory/profiles/live-event-production-management-show-services/us/pennsylvania/philadelphia,"Insufficient information available to properly assess this Philadelphia-based production company's event scale and gear inventory to determine if they're a good fit for this high-caliber audio enginee",""
"COLD",35,"Las Vegas AV Company","","","production_co","new_prospect",https://www.thecatalystcompanies.com/las-vegas-av-company,"Limited information available about this company makes it difficult to assess fit, though geographic location in Las Vegas provides some potential for freelance opportunities if they operate at the sc",""
"COLD",35,"Dallas Audio-Visual Services","","","production_co","new_prospect",https://www.tallen-inc.com/texas/dallas/,"Limited information about this Dallas-based AV company makes it difficult to assess fit, though geographic location is favorable but the lack of scale signals and notable clients suggests they may not",""
"COLD",35,"Professional AV Staffing Services for Events in Dallas","","","production_co","new_prospect",https://audiovisualnation.com/locations/dallas-tx/,"This appears to be a staffing agency rather than a direct production company, creating an additional layer between Eric and potential work opportunities. The lack of information about their client bas",""
"COLD",35,"Ivey Productions","","","production_co","new_prospect",https://iveyproductions.com/,"Geographic location is favorable but lack of available information about company scale, client base, and technical capabilities makes it impossible to determine if Ivey Productions operates at a level",""
"COLD",35,"Audio Production for Corporate, Broadcast, and Special Events","","","production_co","new_prospect",https://icpatlanta.com/,"Insufficient information available to confidently assess this company as a viable freelance client for Eric Weiss's high-level A1 expertise.",""
"COLD",35,"Estars Studios","","","touring","new_prospect",https://www.twine.net/projects/b7lm70-estars-studios-a1-audio-engineer-contractfreelance-audio-engineer-in-united-states-job,"Insufficient information available to properly assess fit; broken website link and lack of operational details prevent meaningful evaluation of this potential client opportunity.",""
"COLD",35,"New England Audio Rental","","","av_rental","new_prospect",https://www.newenglandaudiorental.com/,"New England Audio Rental appears to be a regional rental operation that may not consistently require the candidate's high-level expertise in large-scale corporate and festival production, though the c",""
"COLD",35,"Chicago Audio Visual Solutions CTI","","","corporate_av","new_prospect",https://www.cti.com/locations/chicago/,"Limited information suggests a small local AV company that likely doesn't operate at the scale needed for Eric's high-end corporate and festival experience.",""
"COLD",30,"AV Rentals NYC","","","av_rental","new_prospect",http://www.avnyc.com/,"This company is a cold lead due to the complete lack of information regarding their scale, services, and gear, making it impossible to assess their fit for an A1 of Eric's caliber, despite being locat",""
"COLD",30,"Audio Visual & Event Production in Chicago","","","corporate_av","new_prospect",https://www.thecatalystcompanies.com/chicago-av-services,"This company is based in Chicago and targets corporate AV, aligning geographically and by work type. However, a significant lack of transparency, absence of specific gear mentions, and a virtual offic",""
"COLD",30,"Audio Visual Dynamics: Corporate Event AV Services","","","corporate_av","new_prospect",https://avdusa.com/,"While the company's category aligns with Eric's expertise, the complete lack of information regarding location, scale, and gear makes it impossible to properly evaluate, suggesting it might be too sma",""
"COLD",25,"Hire the best Sound engineers","","","av_rental","new_prospect",https://pro.fiverr.com/cat/technical/sound-engineer,"This is a freelance marketplace unlikely to consistently provide gigs matching Eric's high-level A1/RF experience and income requirements, making it a low-priority prospect for direct client acquisiti",""
"COLD",25,"Hire professional AV techs for your event in Las Vegas","","","av_rental","new_prospect",https://audiovisualnation.com/locations/las-vegas-nv/,"This "company" appears to be a generic listing or lead generation service for AV techs in Las Vegas, lacking any specific information on scale, clients, or gear, making it a very cold and likely uncon",""
"COLD",25,"Corporate Event Videography Chicago","","","production_co","new_prospect",https://thejvstudio.com/corporate-event-videography/,"This company's primary focus on corporate event videography means their need for an A1 of Eric's caliber for live sound reinforcement or complex RF coordination is likely very limited, despite geograp",""
"COLD",25,"Live Event Coverage / Multi-Camera / Live Video ...","","","production_co","new_prospect",https://www.productionhub.com/directory/profiles/live-event-coverage-live-event-video-production-companies/us/california/hollywood,"This Hollywood-based video production company is a cold lead due to its primary video focus and lack of information regarding its audio needs, scale, or gear, making it a speculative fit for Eric's hi",""
"COLD",25,"Staff","","","venue","new_prospect",https://taps.uchicago.edu/people/staff,"This performing arts center is geographically distant and likely too small in scale and event type to be a suitable freelance client for Eric's high-level A1 and RF coordination skills.",""
"COLD",25,"LMG Touring","","","touring","new_prospect",https://lmgtouring.net/,"LMG Touring is a "touring" category company, which aligns with Eric's concert/festival experience, but the complete lack of information on their location, scale, clients, or specific gear makes it imp",""
"COLD",25,"Corporate AV Services","","","corporate_av","new_prospect",https://elegantmusicgroup.com/corporate-av/,"This Chicago-based company's website suggests a focus on small-to-medium corporate AV events, likely not requiring an A1 of Eric's caliber or specialized high-end PA/RF expertise, and its parent compa",""
"COLD",25,"ATD Audio Visual","","","production_co","new_prospect",https://www.atd-av.com/,"Insufficient information available to properly assess this company as a potential client; without details on their scale, location, or equipment inventory, it's unclear if they would be a suitable mat",""
"COLD",25,"Audio-Visual Freelance Recruitment Services","","","production_co","new_prospect",https://www.in2avrecruitment.com/audio-visual-freelance-recruitment-services,"This recruitment agency is not a direct employer and would only serve as an intermediary, making it a less ideal freelance client compared to direct production companies or end clients.",""
"COLD",25,"Audio Visual Technicians Labor, Crew and Staff in Dallas","","","venue","new_prospect",https://corporateavlabor.com/audio-visual-labor-crew-and-staff-in-dallas/,"This labor staffing company presents geographic and role-fit challenges, as they operate in Dallas rather than the candidate's Chicago market and function as an intermediary rather than direct client ",""
"COLD",25,"Team","","","venue","new_prospect",https://www.zalonarts.org/team,"Insufficient information to determine if this small Chicago-based production entity produces events at a scale that would require or justify hiring an experienced A1 audio engineer of Eric Weiss's cal",""
"COLD",25,"Freelance Audio Visual Technician at AV Technical Support","","","venue","new_prospect",https://recruiterflow.com/AVTechnicalSupport/jobs/2,"Insufficient information to determine meaningful fit; company appears too small-scale for Eric's senior A1 expertise level without evidence of larger corporate or concert production capabilities.",""
"COLD",25,"Midwest University","","","university","new_prospect",https://midwest.edu/upload/2023-2024-Midwest-University-Catalog-20240702.pdf,"Insufficient information to determine fit; university appears to be a regional educational institution that may have limited need for high-caliber freelance audio engineering services beyond occasiona",""
"COLD",25,"Audio Engineer- PEP (Freelance)","","","corporate_av","new_prospect",https://www.builtinnyc.com/job/audio-engineer-pep-freelance/4591684,"Insufficient information available to properly evaluate this freelance opportunity, though the candidate's corporate AV experience suggests potential fit if the company operates at the scale and in th",""
"COLD",20,"Audio Visual Rentals in Los Angeles |","","","av_rental","new_prospect",https://www.luminaeventlighting.com/services-los-angeles/audio-visual/,"This local LA-based AV rental company appears to operate at a smaller scale than Eric's expertise, and their typical event budget likely wouldn't justify flying in an A1 from Chicago.",""
"COLD",20,"Top Sounds in Chicago, IL","Chicago","IL","production_co","new_prospect",https://www.sharegrid.com/chicago/crews/sounds?page=1,"This prospect is likely too small and lacks sufficient information to be a viable client for an A1 of Eric's caliber, despite the excellent geographic fit.",""
"COLD",20,"artistic, administrative, & production staff","","","venue","new_prospect",https://americanbluestheater.com/staff/,"This is a local theater company whose scale and work type are a poor match for Eric's high-level A1 and RF coordination expertise, and likely cannot meet his income expectations.",""
"COLD",20,"ON site Audio Visual","","","venue","new_prospect",https://www.gassouthdistrict.com/connect-with-us/vendors/onsite-audio-visual,"This is an in-house AV provider for a large venue complex in Georgia. While the scale and type of work perfectly match Eric's expertise, the geographic distance and the nature of an in-house provider ",""
"COLD",20,"Sound Engineer A1","","","touring","new_prospect",https://www.showbizjobs.com/jobs/live-nation-sound-engineer-a1-mgm-fenway-music-hall-in-boston/jid-g43mqq,"This is a permanent job posting for an in-house A1 in Boston, not a freelance client for day calls or multi-day gigs, making it a poor fit for the stated evaluation purpose.",""
"COLD",20,"Audio Visual Technicians Labor, Crew and Staff in Chicago","","","corporate_av","new_prospect",https://corporateavlabor.com/audio-visual-labor-crew-and-staff-in-chicago/,"This company appears to be a generic labor broker, unlikely to offer the high-caliber A1 or RF Coordinator roles Eric seeks, and would likely be a step down from his current direct production company ",""
"COLD",20,"CTI","","","corporate_av","new_prospect",https://www.cti.com/,"CTI is a corporate AV prospect with no provided details on location, scale, or gear, making it impossible to confirm fit for an A1 of Eric's caliber.",""
"COLD",20,"AV Managed Services","","","corporate_av","new_prospect",https://www.continuant.com/service/av-managed-services,"This company focuses on managed services for permanent installed AV systems, which is a poor fit for Eric's primary expertise as a freelance A1/RF coordinator for live event production.",""
"COLD",20,"Audio Engineer at Gramercy in New York, NY","New York","NY","university","new_prospect",https://www.entertainmentcareers.net/gramercy/audio-engineer/job/492277/,"This is a full-time, in-house position, not a freelance opportunity. While Eric's technical skills align perfectly with the preferred gear, the role's permanent nature and lower experience requirement",""
"COLD",20,"Audio Visual Services / AV / Live Event Crew in Milwaukee","","","production_co","new_prospect",https://www.productionhub.com/directory/profiles/audio-visual-services-av-live-event-crew/us/wisconsin/milwaukee,"Insufficient information to properly evaluate this company as a potential client for Eric's high-level expertise in large-scale corporate AV and concert production.",""
"COLD",15,"Audio Visual Services / AV / Live Event Crew in Los ...","","","av_rental","new_prospect",https://www.productionhub.com/directory/profiles/audio-visual-services-av-live-event-crew/us/california/los-angeles,"This prospect is a poor fit due to its Los Angeles location and a complete lack of information regarding its scale, services, clients, or gear, making it impossible to assess suitability for an experi",""
"COLD",15,"Production Book A Crew","","","av_rental","new_prospect",https://www.rentacamera.com/crew/,"This company appears to be primarily focused on video and camera rental, with no information suggesting they require an A1 of Eric's caliber for large-scale audio or RF coordination.",""
"COLD",15,"Hire expert audio engineers","","","av_rental","new_prospect",https://www.twine.net/find/audio-engineers,"This entry appears to be a generic listing on a freelance platform (Twine.net) rather than a specific AV rental company, making it unsuitable for direct client prospecting.",""
"COLD",15,"Hire Audio Engineers: Find Audio Engineering Experts","","","av_rental","new_prospect",https://www.guru.com/m/hire/freelancers/audio-engineering/,"Guru.com is a generic freelance marketplace unlikely to provide suitable high-end A1 or RF coordinator opportunities for an engineer of Eric's extensive experience, as it typically caters to smaller, ",""
"COLD",15,"Corporate Events","","","production_co","new_prospect",https://www.mmsproaudio.com/corporate-events,"Due to the severe lack of information regarding the company's location, scale, and gear, it's impossible to properly evaluate "Corporate Events" as a suitable prospect, despite the potential work-type",""
"COLD",15,"Music","","","venue","new_prospect",https://directory.colum.edu/departments/22,"This is a university music department, a poor fit for Eric's large-scale A1/RF coordinator expertise and compensation expectations; unlikely to provide regular or suitable work.",""
"COLD",15,"Bachelor of Music in Music Technology and Commercial ...","","","university","new_prospect",https://www.ucmo.edu/music/tech/,"This is a university academic program in Missouri, highly unlikely to require or budget for an A1 of Eric's caliber for their typical events due to significant mismatches in scale, geography, and work",""
"COLD",15,"Audio Engineer","","","university","new_prospect",https://stagelync.com/pro/jobs-and-auditions/p-audio-engineer50,"This is a job posting for a permanent venue audio engineer position, not a freelance client for day calls, making it a poor fit for Eric's freelance client search.",""
"COLD",15,"Best Freelance Performance Artists for Hire (Feb 2026)","","","university","new_prospect",https://www.upwork.com/hire/performing-arts-freelancers/,"This is not a direct client but a category on Upwork, a platform generally unsuitable for an A1 of Eric's high caliber and expected compensation.",""
"COLD",15,"Audio / Video Equipment Rentals","","","av_rental","new_prospect",https://bigdpartyrentals.com/audio-and-video,"This small local AV rental company lacks the scale, event complexity, and production capabilities to utilize Eric's advanced skills in large-scale audio engineering and RF coordination.",""
"COLD",15,"Fiverr Audio Engineer Category","","","production_co","new_prospect",https://pro.fiverr.com/cat/architecture-and-engineering/audio-engineer,"Fiverr is a freelance marketplace rather than a production company, making it unsuitable for the engineer's established business model of working with production companies and building ongoing client ",""
"COLD",15,"AV Leads","","","production_co","new_prospect",https://www.avleads.com/freelancerapplication/,"AV Leads appears to be a freelance marketplace rather than a direct production company, making it difficult to evaluate as a potential client for the candidate's specialized skills and experience leve",""
"COLD",15,"Audio Technicians / Audio Engineer / A1 / A2 in Dallas, Texas","","","venue","new_prospect",https://www.productionhub.com/directory/profiles/audio-technicians/us/texas/dallas,"This appears to be a small local operation lacking the scale and client profile to justify engaging an engineer of Eric's caliber, with insufficient information to assess their actual capabilities or ",""
"COLD",15,"Audio Technicians / Audio Engineer / A1 / A2 in Las Vegas","","","venue","new_prospect",https://www.productionhub.com/directory/profiles/audio-technicians/us/nevada/las-vegas,"This appears to be a peer-level freelance technician rather than a production company with consistent hiring needs, making it an unlikely client prospect for senior A1 talent.",""
"COLD",15,"Audio Technicians / Audio Engineer / A1 / A2 in Denver, ...","","","touring","new_prospect",https://www.productionhub.com/directory/profiles/audio-technicians/us/colorado/denver,"Insufficient information to verify this company as a viable freelance client; generic listing suggests a small operation unlikely to provide consistent work for an experienced A1 engineer.",""
"COLD",15,"Damien Young","","","touring","new_prospect",https://damienyoung.com.au/,"Australian touring company lacks geographic and scale alignment with Chicago-based engineer's established market and event portfolio.",""
"COLD",15,"Managed AV EOS IT Solutions","","","corporate_av","new_prospect",https://eosits.com/managed-services/managed-av/,"This managed AV services provider focuses on system integration and ongoing facility management rather than live event production, making it a poor fit for the candidate's event-focused freelance expe",""
"COLD",15,"Event Technician, Audio Visual Bloomington Normal Marriott Hotel and Conference Center","","","university","new_prospect",https://jobright.ai/job-list/event-technician%2C-audio-visual---bloomington-normal-marriott-hotel-and-conference-center-jobs-in-united-states,"This is a hotel staff AV position rather than a freelance client opportunity, representing a fundamental mismatch with the candidate's freelance business model despite some technical alignment.",""
"COLD",10,"GeoEvent: AV Equipment Rental And Full Production Service","","","av_rental","new_prospect",https://www.geoevent.net/,"Due to a complete lack of information regarding GeoEvent's location, scale, services, and gear, it is impossible to assess their suitability as a client for an A1 of Eric's caliber. The missing data p",""
"COLD",10,"Rentforevent.com: Audio Visual Equipment Rental ...","","","av_rental","new_prospect",https://rentforevent.com/,"This company is a poor fit due to a significant geographic mismatch, a much smaller operational scale than Eric's expertise, and a lack of alignment in high-end audio gear.",""
"COLD",10,"Pegasus Entertainment","","","av_rental","new_prospect",https://www.pegasusentertainment.com/,"Due to a complete lack of information regarding Pegasus Entertainment's location, scale, and specific services, it is impossible to determine if they are a viable client for an A1 of Eric's caliber.",""
"COLD",10,"MMS Productions & Pro Audio","","","av_rental","new_prospect",https://www.mmsproaudio.com/,"Due to a complete lack of information regarding location, scale, and gear, it is impossible to assess if MMS Productions & Pro Audio is a suitable client for an A1 of Eric's caliber.",""
"COLD",10,"Event Production Services and Equipment Rentals in Los ...","","","av_rental","new_prospect",https://www.luminaeventlighting.com/,"This company's event scale and gear are a significant mismatch for Eric's high-level A1 and RF coordination expertise, making it a poor freelance prospect.",""
"COLD",10,"Audio Visual Services / AV / Live Event Crew in Glendale, ...","","","av_rental","new_prospect",https://www.productionhub.com/directory/profiles/audio-visual-services-av-live-event-crew/us/arizona/glendale,"This prospect is an AV rental company in Glendale, Arizona, with an almost entirely empty ProductionHub profile, making it impossible to assess their scale, needs, or gear, and presenting a significan",""
"COLD",10,"Audio Visual Services / AV / Live Event Crew in Chicago, ...","","","production_co","new_prospect",https://www.productionhub.com/directory/profiles/audio-visual-services-av-live-event-crew/us/illinois/chicago,"This prospect is highly speculative due to a completely blank ProductionHub profile; there is no information to suggest they operate at a scale requiring Eric's expertise.",""
"COLD",10,"Audio Supervisor","","","venue","new_prospect",https://jobs.leagueofchicagotheatres.org/job/fine-arts-building-chicago-full-time-audio-supervisor/,"This lead is for a full-time employee position, not a freelance client, making it a poor fit for the evaluation task of identifying freelance opportunities.",""
"COLD",10,"Audio Visual Technician","","","venue","new_prospect",https://www.governmentjobs.com/careers/lvcva/jobs/newprint/4122880,"This is a permanent, generalist AV Technician role at the LVCVA in Las Vegas, which does not align with Eric's freelance focus, A1/RF Coordinator expertise, salary expectations for a permanent role, o",""
"COLD",10,"A1 Audio Engineer, Live Events (full-time)","","","touring","new_prospect",https://builtin.com/job/a1-audio-engineer-live-events-full-time/8045609,"This prospect is a cold lead due to a complete lack of information regarding company name, location, description, and event scale, making proper evaluation impossible for a freelance fit.",""
"COLD",10,"Faculty","","","university","new_prospect",https://www.midwest.edu/eng/02academic/05faculty.asp,"This prospect appears to be an internal university faculty page rather than a direct hiring entity for freelance audio engineers, making it an invalid lead despite potential event scale at a universit",""
"COLD",10,"Chicago Theatre Jobs","","","university","new_prospect",https://jobs.leagueofchicagotheatres.org/,"This is a job board, not a direct client, and therefore not a "fit" for a client evaluation. While it might list relevant opportunities, it's not a company Eric can directly work with.",""
"COLD",10,"Lighting","","","av_rental","new_prospect",https://www.audiovideowest.com/lighting-rentals-los-angeles,"This Los Angeles-based lighting rental company has no audio services offering, making it unsuitable for an A1 audio engineer despite the candidate's extensive experience and credentials.",""
"COLD",10,"SoundBetter","","","production_co","new_prospect",https://soundbetter.com/s/freelance,"This appears to be a music production marketplace rather than a live event production company, making it a poor fit for the candidate's corporate AV and live sound engineering expertise.",""
"COLD",10,"Jeffrey Hiatt Manager of Recording Studio","","","venue","new_prospect",https://www.rowan.edu/arts/_bios/hiatt-jeffrey.html,"This academic position at Rowan University is not a viable freelance client opportunity due to its educational nature, geographic distance, and lack of evidence for regular event production requiring ",""
"COLD",5,"Audio Visual Services / AV / Live Event Crew","","","av_rental","new_prospect",https://www.productionhub.com/directory/profiles/audio-visual-services-av-live-event-crew,"This company appears to be a generic, unestablished directory listing with no specific location, clients, or gear, making it an extremely poor fit for an A1 of Eric's caliber.",""
"COLD",5,"AV Equipment Rentals in Nashville, TN","Nashville","TN","av_rental","new_prospect",https://www.eventective.com/nashville-tn/av-rental/,"This is a generic directory listing, not a specific company. No information is available to assess fit for an A1 of Eric's caliber, making it a very cold lead.",""
"COLD",5,"Best Freelance Audio Engineers for Hire (Feb 2026)","","","av_rental","new_prospect",https://www.upwork.com/hire/audio-engineers/,"This entry is a generic Upwork page, not a specific client. It is not a viable lead for Eric's high-level A1 and RF coordination services, which are typically secured through direct production company",""
"COLD",5,"Hire expert AV Engineers for any job","","","av_rental","new_prospect",https://www.freelancer.com/hire/av-engineering,"This is a generic freelance marketplace, not a production company. It's highly unlikely to offer projects that match Eric's high-level A1 live audio and RF coordination expertise or compensation expec",""
"COLD",5,"Corporate Audio Visual Services","","","production_co","new_prospect",https://corporate-av.com/,"This prospect is a cold lead due to a complete lack of verifiable information, including location, scale, and services, making it highly unlikely to be a suitable client for an A1 of Eric's caliber.",""
"COLD",5,"Freelance AV Technician","","","av_rental","new_prospect",https://recruitee.marcusevanscareers.com/o/freelance-av-technician-1?lang=en,"This is a job posting seeking technicians rather than a production company that hires freelance A1 engineers, making it an unsuitable evaluation target.",""
"COLD",5,"Looking to hire freelancers?","","","av_rental","new_prospect",https://avlancer.com/client,"This appears to be a generic freelance directory platform rather than an actual production company, making it unsuitable for evaluating as a potential client for day calls or multi-day gigs.",""
"COLD",5,"Chicago Academy for the Arts","","","venue","new_prospect",https://www.chicagoacademyforthearts.org/faculty-staff,"This is an educational institution, not a production company or venue that hires freelance audio engineers for professional events.",""
"COLD",5,"Nick Gackenbach","","","venue","new_prospect",https://tfma.temple.edu/directory/nick-gackenbach,"Contact appears to be an individual academic rather than a production company, showing no signals of AV operations or freelance hiring capability.",""
"COLD",5,"Theater Philadelphia Job Board (University of Pennsylvania Career Services)","","","university","new_prospect",https://careerservices.upenn.edu/resources/theater-philadelphia-job-board/,"This is a university job board, not a production company or AV firm that hires freelance audio engineers, making it completely irrelevant as a potential client for day calls or multi-day gigs.",""
"COLD",5,"Recording Engineer","","","university","new_prospect",https://www.berklee.edu/careers/roles/recording-engineer,"This is an academic teaching position at Berklee College of Music, not a production company or event services provider that hires freelance A1 audio engineers for live events.",""
"COLD",0,"A1 Audio Engineers","","","av_rental","new_prospect",https://audiovisualnation.com/labor-services/a1-audio-engineer/,"This prospect appears to be a generic description of an A1 audio engineer role on an AV resource website, not a specific production company or client Eric could work for. It is not an actionable lead.",""
"COLD",0,"On Going Freelance Work","","","av_rental","new_prospect",https://soundgirls.org/on-going-freelance-work/,"This entry is a generic job listing on a community website, not a specific company. No information is available to assess fit for Eric.",""
"COLD",0,"Hire Sound Engineers","","","av_rental","new_prospect",https://creativepool.com/sound-engineers,""Hire Sound Engineers" appears to be a generic listing or search term on a creative talent platform, not a distinct company, making it an unviable prospect.",""
"SKIP",0,"Event AV Production Services","","","production_co","new_prospect",https://hrpchicago.com/event-av-production-services/,"This prospect appears to be a division or service offering of HRP Chicago, with whom Eric Weiss already has an established and ongoing freelance relationship.",""
"SKIP",0,"AV New York","","","production_co","new_prospect",https://soundinvestmentav.com/event-production/av-new-york/,"This prospect appears to be a New York offering of Sound Investment AV, an existing production company partner for Eric. As such, it is not a new prospect and should be skipped.",""
"SKIP",0,"Chicago AV","","","production_co","new_prospect",https://soundinvestmentav.com/event-production/chicago-av/,"Eric Weiss already has an established working relationship with Sound Investment AV, the parent company of Chicago AV.",""
"COLD",0,"Top Audio Production Companies","","","production_co","new_prospect",https://clutch.co/audio-production?page=0,"This entry is a directory link, not a specific company, making a direct evaluation impossible. It serves as a lead generation tool rather than a specific client prospect.",""
"COLD",0,"Top 5 AV Companies For Corporate Events","","","production_co","new_prospect",https://www.expressivestructures.com/blog/av-companies-corporate-events/,"The provided input is a blog post title, not a specific AV company, making evaluation impossible.",""
"COLD",0,"Corporate AV going rate? : r/livesound","","","production_co","new_prospect",https://www.reddit.com/r/livesound/comments/o1zlyc/corporate_av_going_rate/,"This entry is a Reddit thread, not a production company or direct client, and therefore cannot be a potential freelance client for Eric.",""
"COLD",0,"Top Providers For Annual Conference Production In The ...","","","production_co","new_prospect",https://www.corporateoptics.com/blog/providers-annual-conference-production-midwest,"This entry is a blog post, not a production company, and therefore cannot be evaluated as a potential client.",""
"COLD",0,"Lamar Farr","","","venue","new_prospect",https://theatre.illinois.edu/people/alumni/meet-alumni/lamar-farr/,"This entry appears to be an individual's alumni profile, not a company or venue, and therefore is not a viable prospect for freelance audio engineering work.",""
"COLD",0,"Venue Series Part 2","","","venue","new_prospect",https://corporate-av.com/blog/venue-series-part-2-hotels/,"This "company" is a blog post about hotels as venues, not a hiring entity, and therefore cannot be a freelance client.",""
"COLD",0,"Top Audio-Visual Production Companies for ...","","","production_co","new_prospect",https://www.corporateoptics.com/blog/top-audio-visual-production-companies-for-corporate-events,"This entry is a blog post, not a production company. It is not a viable prospect for freelance audio engineering work.",""
"COLD",0,"A1 Audio Engineer","","","venue","new_prospect",https://stagelync.com/pro/jobs-and-auditions/p-a1-audio-engineer,"This entry refers to a generic job posting on Stagelync with no company name, location, or job description, making evaluation impossible without further research.",""
"SKIP",0,"Audiovisual","","","venue","new_prospect",https://albuquerquecc.com/exhibitors/audio-visual/,"This prospect is the in-house AV service for the Albuquerque Convention Center, which is managed by Encore, making it an automatic skip per the evaluation criteria.",""
"COLD",0,"A1 rates for experienced techs? : r/livesound","","","touring","new_prospect",https://www.reddit.com/r/livesound/comments/wuwcxj/a1_rates_for_experienced_techs/,"This entry is a Reddit thread, not a company, and therefore cannot be a potential client for Eric Weiss.",""
"COLD",0,"Touring Sound Engineer Jobs","","","touring","new_prospect",https://www.entertainmentcareers.net/jobs/s/touring-sound-engineer/,"This is a job board, not a direct client, making it impossible to evaluate as a "potential freelance client." It could be a source for finding clients, but not a client itself.",""
"COLD",0,"Live Sound Engineers for hire","","","touring","new_prospect",https://soundbetter.com/s/live-sound?page=6,"This is not a production company or client; it's a marketplace where freelancers list services. It is not a viable prospect for Eric Weiss.",""
"COLD",0,"Working for a Major Touring Sound Company","","","touring","new_prospect",https://www.mixingmusiclive.com/blog/working-for-sound-company,"This entry is a generic concept, not a specific company, making it an invalid prospect. However, Eric Weiss's resume demonstrates an exceptionally strong fit for a *real* major touring sound company, ",""
"COLD",0,"CREATIVE MIXING FROM PRO TOURING & STUDIO ...","","","touring","new_prospect",https://www.airgigs.com/mixing-engineers-for-hire/36856/CREATIVE-MIXING-FROM-PRO-TOURING--STUDIO-ENGINEER,"This lead is an individual freelance engineer's profile on AirGigs, not a potential client for Eric Weiss. It is a service provider, not a hirer of audio engineers.",""
"SKIP",0,"Chicago Event Production","","","corporate_av","new_prospect",https://soundinvestmentav.com/event-production/chicago-event-production/,"This company is identified as a service offering of Sound Investment AV, an existing production company partner for Eric Weiss. No further evaluation as a new prospect is needed.",""
"COLD",0,"The way Reddit talks about Audio Engineering as a Career ...","","","university","new_prospect",https://www.reddit.com/r/livesound/comments/153ii59/the_way_reddit_talks_about_audio_engineering_as_a/,"This is not a legitimate client or production company; the entry refers to a Reddit thread and is therefore not a viable prospect for freelance work.",""
"SKIP",0,"Does a live A1 engineer need a college degree?","","","university","new_prospect",https://gearspace.com/board/live-sound/1291317-does-live-a1-engineer-need-college-degree.html,"This entry is a forum thread on Gearspace.com, not a potential client. It should be skipped as it does not represent an actual company or organization.",""
"SKIP",0,"Audio Technicians / Audio Engineer / A1 / A2 in Boston, ...","","","university","new_prospect",https://www.productionhub.com/directory/profiles/audio-technicians/us/massachusetts/boston,"This is a generic directory listing on ProductionHub, not a specific company or client. It cannot be evaluated as a prospect.",""
"COLD",0,"FieldEngineer.com","","","av_rental","new_prospect",https://www.fieldengineer.com/skills/audio-visual-operation-engineer,"FieldEngineer.com is a freelance marketplace platform, not an AV production company, making it an inappropriate target for direct freelance client outreach.",""
"",0,"Freelance Audio Engineer","","","av_rental","new_prospect",https://the-avpros.com/services/freelance-audio-engineer/,"",""
"",0,"Audio Visual Services & AV Equipment Rental Nationwide","","","av_rental","new_prospect",https://aarental.com/,"",""
"",0,"AV Crew","","","av_rental","new_prospect",https://www.lasso.io/av-crew/,"",""
"",0,"Homepage","","","av_rental","new_prospect",https://aplusaudiovisual.com/,"",""
"",0,"Audio Visual Services in Chico, Redding & Sacramento","","","av_rental","new_prospect",https://northstateav.com/,"",""
"",0,"California Pro Sound and Light: DJ Sound System Rental ...","","","av_rental","new_prospect",https://www.californiaprosound.com/,"",""
"",0,"MetroMedia Productions","","","av_rental","new_prospect",https://metromedia-productions.com/,"",""
"",0,"Audio Visual Nation: Audio Visual Services","","","av_rental","new_prospect",https://audiovisualnation.com/,"",""
"",0,"Audio Visual Services / AV / Live Event Crew in Brooklyn, ...","","","av_rental","new_prospect",https://www.productionhub.com/directory/profiles/audio-visual-services-av-live-event-crew/us/new-york/brooklyn,"",""
"",0,"MAC Pro AV: AV Production Company","","","av_rental","new_prospect",https://macproav.com/,"",""
"",0,"AV Equipment Rentals in Norcross, GA","Norcross","GA","av_rental","new_prospect",https://www.eventective.com/norcross-ga/av-rental/,"",""
"",0,"AV Equipment Rentals in Santa Monica, CA","Santa Monica","CA","av_rental","new_prospect",https://www.eventective.com/santa-monica-ca/av-rental/,"",""
"",0,"Philadelphia Audio Visual Rentals and Services","","","av_rental","new_prospect",https://meetingtomorrow.com/philadelphia/audio-visual-rentals/,"",""
"",0,"Philadelphia, PA: Audio Visual Labor & Crews","Philadelphia","PA","av_rental","new_prospect",https://www.avleads.com/services/philadelphia/,"",""
"COLD",0,"Top Audio Technicians in Philadelphia, PA (ShareGrid marketplace listing)","Philadelphia","PA","av_rental","new_prospect",https://www.sharegrid.com/philadelphia/crews/audio-technicians?page=1,"This is a marketplace directory page, not an actual production company or AV rental business that could hire the candidate as a freelancer.",""
"",0,"AV Equipment Rentals in Philadelphia, PA","Philadelphia","PA","av_rental","new_prospect",https://www.eventective.com/philadelphia-pa/av-rental/,"",""
"",0,"Philadelphia Audio Visual Companies","","","av_rental","new_prospect",https://www.avhero.com/philadelphia-audio-visual-companies/,"",""
"",0,"Audio Visual Services Philadelphia","","","av_rental","new_prospect",https://sslproductions.com/,"",""
"",0,"AV Labor & Services Crew","","","av_rental","new_prospect",https://audiovisualnation.com/locations/philadelphia-pa/,"",""
"",0,"Premier Philadelphia Audio Visual Rentals for Exceptional ...","","","av_rental","new_prospect",https://philadelphiaaudiovideorentals.com/,"",""
"",0,"AV Rental Company in Dallas, TX","Dallas","TX","av_rental","new_prospect",https://www.showtechproductions.com/,"",""
"",0,"AV Equipment Rentals in Dallas, TX","Dallas","TX","av_rental","new_prospect",https://www.eventective.com/dallas-tx/av-rental/,"",""
"",0,"Audio Visual Services / AV / Live Event Crew in Texas","","","av_rental","new_prospect",https://www.productionhub.com/directory/profiles/audio-visual-services-av-live-event-crew/us/texas,"",""
"",0,"Dallas AV Rental","","","av_rental","new_prospect",https://www.abavrentals.com/dallas-av-rentals/,"",""
"",0,"Audio Visual Services / AV / Live Event Crew in ...","","","av_rental","new_prospect",https://www.productionhub.com/directory/profiles/audio-visual-services-av-live-event-crew/us/pennsylvania/philadelphia,"",""
"",0,"Location Sound Mixer, Dallas","","","av_rental","new_prospect",https://www.shoots.video/production/dallas/audio-technician/,"",""
"",0,"AV Rentals","","","av_rental","new_prospect",https://www.jawsaudio.com/avrentals,"",""
"",0,"Audio Visual and Technology Rentals in Fort Worth, TX","Fort Worth","TX","av_rental","new_prospect",https://hartfordrents.com/locations/fort-worth-tx-audio-visual-equipment-rental/,"",""
"",0,"Legacy Audio Visual","","","av_rental","new_prospect",https://legacyaudiovisual.com/,"",""
"",0,"Philadelphia, PA Audio Visual Rentals","Philadelphia","PA","av_rental","new_prospect",https://www.encoreavrentals.com/locator/pennsylvania/philadelphia/19153.html,"",""
"SKIP",0,"Top 20 Corporate Event AV & Technology Companies In...","","","production_co","new_prospect",https://www.partyslate.com/find-vendors/corporate-event-av-and-technology/area/chicago,"This is a directory listing page, not an actual production company, making it impossible to evaluate as a potential freelance client.",""
"",0,"AV Production Company in Los Angeles","","","production_co","new_prospect",https://alliantevents.com/av-los-angeles/,"",""
"",0,"Event Production Services for Corporate Events","","","production_co","new_prospect",https://www.thecatalystcompanies.com/services/event-production,"",""
"",0,"Best Audio Engineers for Hire in Pennsylvania (Feb 2026)","","","production_co","new_prospect",https://www.upwork.com/hire/audio-engineers/pennsylvania-us/,"",""
"",0,"Event Production Philadelphia","","","production_co","new_prospect",https://advancedstaging.com/event-production-philadelphia/,"",""
"",0,"Dallas, TX Audio Visual & Event Production Company","Dallas","TX","production_co","new_prospect",https://corporateeventsinc.net/locations/north-america/us/tx/dallas/,"",""
"",0,"Full-Service AV Production Company in Dallas, TX","Dallas","TX","production_co","new_prospect",https://www.thecatalystcompanies.com/dallas-av-company,"",""
"",0,"Unleash the Power of Corporate Audio Visual Technical ...","","","production_co","new_prospect",https://avlaborsourceinc.com/corporate-audio-visual-services-dallas-2023-avls,"",""
"SKIP",0,"Top Corporate Event AV & Technology Companies In Dallas","","","production_co","new_prospect",https://www.partyslate.com/find-vendors/corporate-event-av-and-technology/area/dallas,"This is a directory listing page, not an actual production company, making it impossible to evaluate as a freelance opportunity.",""
"",0,"Philadelphia Event Production","","","production_co","new_prospect",https://www.revolutioneventproduction.com/philadelphia-event-production,"",""
"",0,"AV and Production Services in Philadelphia-Area Event ...","","","production_co","new_prospect",https://imsts.com/av-and-production-services-philadelphia-area-event-venues,"",""
"",0,"AV Company Philadelphia, PA","Company Philadelphia","PA","production_co","new_prospect",https://advancedstaging.com/av-company-philadelphia-pa/,"",""
"",0,"Mondo Media Solutions: AV Integration Company","","","production_co","new_prospect",https://mmsproav.com/,"",""
"",0,"Eventions Productions: Event Production Firm","","","production_co","new_prospect",https://eventionsproductions.com/,"",""
"",0,"FMP Audio-Visual Solutions","","","production_co","new_prospect",https://fmpmedia.com/,"",""
"",0,"Top-Rated Audio Visual & Event Company in Fort Worth, TX ...","Fort Worth","TX","av_rental","new_prospect",https://www.anyevent.productions/,"",""
"",0,"Las Vegas Audio Engineers, Producers & Songwriters","","","production_co","new_prospect",https://soundbetter.com/s/las-vegas-nv-usa,"",""
"COLD",0,"Audio Engineering Freelance Jobs: Work Remote & Earn...","","","production_co","new_prospect",https://www.upwork.com/freelance-jobs/audio-engineering/,"This is a job listing aggregation platform, not a production company or AV services provider, making it completely unsuitable as a freelance client for day calls or multi-day gigs.",""
"SKIP",0,"Reddit discussion thread (not a company)","","","production_co","new_prospect",https://www.reddit.com/r/audioengineering/comments/v7ode6/whats_the_best_way_to_start_a_freelance_audio/,"This is a Reddit forum post asking for advice about starting freelance audio work, not a production company or potential client. No business entity exists to evaluate.",""
"SKIP",0,"10+ Top Audio Production Companies & Agencies in USA","","","production_co","new_prospect",https://selectedfirms.co/companies/audio-production/usa,"This is a directory website listing production companies, not an actual production company that hires freelancers, making it unsuitable as a potential client opportunity.",""
"COLD",0,"Freelance Audio Engineer's Business Guide","","","production_co","new_prospect",https://twincreekaudio.com/freelance-audio-engineers-guide/,"This is an informational resource for freelance audio engineers rather than an active production company that would hire freelance A1 engineers for events.",""
"SKIP",0,"Khan Academy (career profile page)","","","production_co","new_prospect",https://www.khanacademy.org/college-careers-more/career-content/career-profiles-start-a-business/freelance-audio-engineer/v/audio-engineer-what-i-do-and-how-much-i-make,"This is an educational career profile page about freelance audio engineering, not an actual production company or AV firm that could hire the candidate.",""
"COLD",0,"Audio Technicians / Audio Engineer / A1 / A2 in United States","","","production_co","new_prospect",https://www.productionhub.com/directory/profiles/audio-technicians/us,"This is a directory category listing rather than an actual production company, making it unsuitable as a freelance client opportunity.",""
"",0,"Audio Visual Services / AV / Live Event Crew in Richardson ...","","","production_co","new_prospect",https://www.productionhub.com/directory/profiles/audio-visual-services-av-live-event-crew/us/texas/richardson,"",""
"SKIP",0,"Freelancing in the AV Industry","","","production_co","new_prospect",https://www.aveducate.com/blog/freelancing-in-the-av-industry?srsltid=AfmBOooiSz9DZ0hAbHFGZPl9RDPsalRQNojSlsX5Fu0ILe5jrEI6vrvw,"This is an educational blog/resource about AV freelancing, not an actual production company that hires freelance engineers.",""
"COLD",0,"Hire the best Video editors","","","production_co","new_prospect",https://pro.fiverr.com/cat/creative/video-editor,"This is a Fiverr category page, not a production company, making it completely unsuitable as a freelance client for audio engineering services.",""
"COLD",0,"Lasso.io","","","production_co","new_prospect",https://www.lasso.io/articles/what-does-a-video-engineer-v1-do/,"This is an informational website/blog, not a production company, making it completely unsuitable as a potential freelance client for audio engineering services.",""
"SKIP",0,"r/audiovisual Reddit Discussion Thread","","","production_co","new_prospect",https://www.reddit.com/r/audiovisual/comments/1kl2vrb/how_do_you_start_as_a_freelance_av_tech/,"This is a Reddit discussion thread asking for advice on starting as a freelance AV tech, not an actual production company to evaluate as a potential client.",""
"",0,"Video Editor Freelance Jobs: Work Remote & Earn Online","","","production_co","new_prospect",https://www.upwork.com/freelance-jobs/video-editing/,"",""
"",0,"Purdue alum rapidly rises through the live events industry","","","venue","new_prospect",https://stories.purdue.edu/meet-a-purdue-alum-touring-as-lead-audio-engineer-for-a-broadway-show/,"",""
"",0,"Freelance A1 Audio Mixer","","","production_co","new_prospect",https://soundlister.com/audio-job/freelance-a1-audio-mixer/,"",""
"SKIP",0,"How do I find talented freelance audio engineers for a ... (Reddit discussion thread)","","","production_co","new_prospect",https://www.reddit.com/r/podcasting/comments/18nok62/how_do_i_find_talented_freelance_audio_engineers/,"This is a Reddit user query about finding audio engineers, not an actual production company or potential client for freelance work.",""
"COLD",0,"How To Find Work And Become A Freelance Sound Engineer - Niclas Jeppsson","","","production_co","new_prospect",https://www.sounddesignlive.com/how-to-find-work-and-become-a-freelance-sound-engineer-niclas-jeppsson/,"This is an educational website teaching freelance audio skills, not a production company that hires audio engineers for events.",""
"",0,"Hotels and Resorts Audio Visual Services","","","venue","new_prospect",https://www.onservices.com/in-house-av/hotel-audio-visual.html,"",""
"",0,"Hotel Audio Visual In Philadelphia","","","venue","new_prospect",https://www.audiovisualrenting.com/hotel-audio-visual/,"",""
"",0,"Hotel Audio Visual in Orlando, FL","Orlando","FL","venue","new_prospect",https://xae.wom.mybluehost.me/hotel-audio-visual-in-orlando-fl/,"",""
"",0,"Audiovisual Services & Event Production","","","venue","new_prospect",https://www.themresort.com/meetings-and-events/audiovisual-services,"",""
"",0,"Hotel AV (Audio Visual) Integration","","","venue","new_prospect",https://crunchytech.com/hotel-av-systems/,"",""
"",0,"Hotels","","","venue","new_prospect",http://www.avnyc.com/where-we-work/hotels/,"",""
"",0,"Audio Visual Design","","","production_co","new_prospect",https://fealasvegas.com/audio-visual/,"",""
"SKIP",0,"Michael Culler (individual associated with Interlochen Center for the Arts)","","","venue","new_prospect",https://www.interlochen.org/person/michael-culler,"Michael Culler is an individual associated with Interlochen Center for the Arts, not a production company or AV service provider that would hire freelance audio engineers.",""
"SKIP",0,"Dallas Theater Center","","","venue","new_prospect",https://dallastheatercenter.org/wp-content/uploads/2024/01/DTC-Lead-Audio-Engineer-Job-Description.pdf,"This is a job posting for a venue position, not a production company or AV services provider that hires freelance engineers.",""
"",0,"4All Studios","","","venue","new_prospect",https://ymcafw.org/locations/production-performance-studio/,"",""
"SKIP",0,"CURRENT AUDIO JOBS (Job Listing Service)","","","venue","new_prospect",https://mediatech.edu/jobs-lists/current-audio-jobs/,"This is a job listing aggregation service, not an actual audio production company that hires freelance engineers.",""
"",0,"David Lanza Audio: About","","","venue","new_prospect",https://www.davidlanzaaudio.com/,"",""
"",0,"Meet the Team","","","venue","new_prospect",https://cicelytysonperformingartscenter.org/meet-the-team/,"",""
"",0,"Concert Production Company in Dallas, TX","Dallas","TX","touring","new_prospect",https://www.verumav.com/dallas/concert-production,"",""
"",0,"Audio Engineer- Summit @ Live Nation Entertainment","","","touring","new_prospect",https://jobright.ai/jobs/info/68fa601d7959161d33e628ff,"",""
"SKIP",0,"r/livesound Reddit community","","","touring","new_prospect",https://www.reddit.com/r/livesound/comments/pkweh6/how_to_get_freelance_gigs/,"This is a Reddit discussion thread about finding freelance work, not a legitimate production company that could hire the candidate. It has no operational capacity to employ audio engineers.",""
"",0,"Best Freelance Audio Production Specialists for Hire (Feb ...","","","touring","new_prospect",https://www.upwork.com/hire/audio-production-freelancers/,"",""
"SKIP",0,"Individual Reddit User (not a company)","","","production_co","new_prospect",https://www.reddit.com/r/VIDEOENGINEERING/comments/1krpyj2/thinking_of_moving_to_us_currently_a_freelance/,"This is an individual seeking advice about moving to the US for video tech work, not a production company that could hire freelancers.",""
"",0,"Audio Engineering","","","touring","new_prospect",https://www.kckcc.edu/academics/explore-programs/programs/audio-engineering.html,"",""
"",0,"Bergsten Music","","","av_rental","new_prospect",https://bergstenmusic.com/,"",""
"SKIP",0,"Is live sound engineering a good career choice? : r/livesound","","","touring","new_prospect",https://www.reddit.com/r/livesound/comments/ofc7m8/is_live_sound_engineering_a_good_career_choice/,"This is a Reddit discussion thread, not a production company or potential client, and cannot be evaluated as a freelance opportunity.",""
"",0,"Lighting, Audio & Video Equipment Rentals & Sales in NJ ...","","","av_rental","new_prospect",https://bmlblackbird.com/lighting-audio-video-equipment-rentals-sales/,"",""
"",0,"City Entertainment Systems","","","av_rental","new_prospect",https://cityentertainment.net/,"",""
"",0,"Center Stage Lighting & Rigging","","","av_rental","new_prospect",https://centerstagelighting.net/,"",""
"",0,"Audio Rental","","","av_rental","new_prospect",https://www.shermanproductionspa.com/audio-rental-lighting-rental/,"",""
"",0,"Eastern Effects: Film Lighting & Stage Rentals in NYC","","","av_rental","new_prospect",https://easterneffects.com/,"",""
"",0,"Maine Sound and Lighting Rentals","","","av_rental","new_prospect",https://northeasteventdesign.com/maine-audio-visual-rentals/,"",""
"",0,"AVI Event Services: Corporate AV Support","","","corporate_av","new_prospect",https://www.teamavi.com/,"",""
"",0,"ALL TECH SOUND","","","av_rental","new_prospect",https://www.alltechsound.com/,"",""
"",0,"SPL: AV Consultation and Design for Installations and Events","","","corporate_av","new_prospect",https://www.hellospl.com/,"",""
"",0,"Philadelphia Audio Visual Installation & Support Services","","","corporate_av","new_prospect",https://profound-tech.com/services-hub/philadelphia-av-services,"",""
"",0,"Audio visual company in Philadelphia","","","corporate_av","new_prospect",https://www.electrosonic.com/our-locations/philadelphia-audio-visual-services,"",""
"",0,"One Philadelphia AV Integrator Delivers Superior Solutions","","","corporate_av","new_prospect",https://onediversified.com/global-locations/philadelphia-pa-av-integrator,"",""
"",0,"ON Services: Event Production, Creative Scenic Design","","","corporate_av","new_prospect",https://www.onservices.com/index.html,"",""
"",0,"Dallas Audio Visual","","","corporate_av","new_prospect",https://www.cti.com/locations/dallas/,"",""
"",0,"Corporate AV Services in Dallas","","","corporate_av","new_prospect",https://www.dallaseventaudio.com/corporate-events,"",""
"",0,"Dallas Event Lighting","","","corporate_av","new_prospect",https://limitlesslightsandsound.com/dallas-event-lighting-and-sound/,"",""
"",0,"Dallas, TX: Audio Visual Labor & Crews","Dallas","TX","corporate_av","new_prospect",https://www.avleads.com/services/dallas/,"",""
"",0,"AV Company in Dallas, TX","Dallas","TX","corporate_av","new_prospect",https://www.verumav.com/dallas,"",""
"",0,"AV-MSP: Leading Audio Visual Managed Services & Support","","","corporate_av","new_prospect",https://av-msp.com/,"",""
"",0,"Dallas AV Integrator","","","corporate_av","new_prospect",https://www.fordav.com/locations/dallas/,"",""
"COLD",0,"Chicago Music Exchange","","","university","new_prospect",https://www.chicagomusicexchange.com/pages/meet-the-team?srsltid=AfmBOoqsfM0xprekMv23OMNFTgqcCvQdjkqPfz1xZ1Nmm9evy7n50vP-,"Chicago Music Exchange is a retail guitar shop with no event production services, making it an unsuitable freelance client for A1 audio engineering work.",""
"COLD",0,"Berklee College of Music","","","university","new_prospect",https://www.berklee.edu/careers/roles/sound-designer-games,"This is an educational program posting, not a production company or client that hires freelance audio engineers for events.",""
"",0,"Nationwide AV Staffing Services","","","corporate_av","new_prospect",https://audiovisualnation.com/labor-services/,"",""
"",0,"Top 5 Expert Audio Visual Services In Chicago","","","corporate_av","new_prospect",https://mongooseav.com/illinois/chicago/audio-visual-services/,"",""
"SKIP",0,"Upwork Audio Engineer Search Result (Philadelphia, PA)","Philadelphia","PA","university","new_prospect",https://www.upwork.com/hire/audio-engineers/us/philadelphia-pa/,"This is not a real company but a Upwork search result page, making it impossible to evaluate as a potential freelance client.",""
