score,verdict,title,company,location,tier,salary,source,url,reasoning,date_posted
0,"","Audio Engineer - Studio Technician (Part Time)","SAE Institute","Chicago, IL","","",serpapi_google_jobs,https://lensa.com/job-v1/sae-institute/chicago-il/audio-technician-part-time/69181d1b3327522a5ae42d3823790f27?utm_campaign=google_jobs_apply&utm_source=google_jobs_apply&utm_medium=organic,"","2026-04-06"
0,"","AV Technician","Inspire Event Technologies LLC","Chicago, IL","","23–25 an hour",serpapi_google_jobs,https://bebee.com/us/jobs/av-technician-inspire-chicago-il--theirstack-659615405?utm_campaign=google_jobs_apply&utm_source=google_jobs_apply&utm_medium=organic,"","2026-04-09"
0,"","Audiovisual Engineer (Open to All Dykema Locations)","Dykema","Chicago, IL","","110 a day",serpapi_google_jobs,https://www.theladders.com/job/audiovisual-engineer-open-to-all-dykema-locations-dykema-chicago-il_85683746?utm_campaign=google_jobs_apply&utm_source=google_jobs_apply&utm_medium=organic,"",""
0,"","AV Installation Technician - Chicago","Premiere Systems","Chicago, IL","","27–40 an hour",serpapi_google_jobs,https://bebee.com/us/jobs/entertainment-audio-technician-1500-hr-six-flags-great-america-hurricane-harbor-chicago--lensa-19327_4fcf7e66b9be981ecae3c7017e87dcf79744b8c044cf4eb871c018a0e536dfcc?utm_campaign=google_jobs_apply&utm_source=google_jobs_apply&utm_medium=organic,"",""
0,"","AV Engineer - Technical Services","WESCO","Glenview, IL","","",serpapi_google_jobs,https://lensa.com/job-v1/wesco/glenview-il/audio-visual-engineer/963605f80770471bf6d475e50dd565b7?utm_campaign=google_jobs_apply&utm_source=google_jobs_apply&utm_medium=organic,"",""
0,"","Assistant Audio Engineer Internship","Stonecutter Recording Studios","Chicago, IL","","",serpapi_google_jobs,https://bebee.com/us/jobs/assistant-audio-engineer-internship-stonecutter-recording-studios-chicago-il--theirstack-655131319?utm_campaign=google_jobs_apply&utm_source=google_jobs_apply&utm_medium=organic,"","2026-04-01"
0,"","AV Technician","Amplify People","Northbrook, IL","","",serpapi_google_jobs,https://amplifypeople.applytojob.com/apply/BKyMSRoDJh/AV-Technician?utm_campaign=google_jobs_apply&utm_source=google_jobs_apply&utm_medium=organic,"",""
0,"","Onsite AV Technician - Customer-Focused & Travel-Ready","AVI-SPL","Chicago, IL","","",serpapi_google_jobs,https://www.jobleads.com/us/job/onsite-av-technician-customer-focused-travel-ready--chicago--ead303b96fc78717ca6f9f77b83ec2263?utm_campaign=google_jobs_apply&utm_source=google_jobs_apply&utm_medium=organic,"","2026-04-26"
0,"","Corporate AV Technician, Meetings & Events","Convene","Chicago, IL","","",serpapi_google_jobs,https://career.io/job/technical-directorproduction-manager-business-meetings-live-chicago-kemper-associates-4313a91553c653a690523821a33dac4a?utm_campaign=google_jobs_apply&utm_source=google_jobs_apply&utm_medium=organic,"",""
0,"","On‑Site Event AV Technician — Hospitality Tech","Encore","Chicago, IL","","",serpapi_google_jobs,https://www.jobleads.com/us/job/on-site-event-av-technician-hospitality-tech--chicago--e9400bf347e8c284a9294e75f137845bb?utm_campaign=google_jobs_apply&utm_source=google_jobs_apply&utm_medium=organic,"","2026-04-25"
0,"","Freelance Audio Visual Install Technician","Westwave AV","San Francisco, CA","","",serpapi_google_jobs,https://bebee.com/us/jobs/freelance-audio-visual-install-technician-westwave-av-san-francisco-ca--theirstack-673088999?utm_campaign=google_jobs_apply&utm_source=google_jobs_apply&utm_medium=organic,"","2026-04-28"
0,"","Audio Visual Engineer","Astreya","San Francisco, CA","","",serpapi_google_jobs,https://veterans.usnlx.com/san-francisco-ca/audio-visual-engineer/77BC767554C74EED823F13220F4F2C56/job/?utm_campaign=google_jobs_apply&utm_source=google_jobs_apply&utm_medium=organic,"","2026-04-22"
0,"","Audio Visual Specialist","Astreya","San Francisco, CA","","",serpapi_google_jobs,https://www.jobleads.com/us/job/audio-visual-specialist--san-francisco--e240ab6e3a46bcb58a036e2b4a86457a5?utm_campaign=google_jobs_apply&utm_source=google_jobs_apply&utm_medium=organic,"","2026-04-07"
0,"","Audio Visual (AV) Technician","EOS IT Solutions","San Francisco, CA","","",serpapi_google_jobs,https://www.whatjobs.com/jobs/audio-visual-av-technician/san-francisco-california?id=2626753178&utm_campaign=google_jobs_apply&utm_source=google_jobs_apply&utm_medium=organic,"","2026-04-26"
0,"","Freelance Audio-Visual Technician","A-V Services, Inc.","San Francisco, CA","","",serpapi_google_jobs,https://bebee.com/us/jobs/nail-technician-blowology-dry-bar-san-francisco-ca--theirstack-666849337?utm_campaign=google_jobs_apply&utm_source=google_jobs_apply&utm_medium=organic,"","2026-04-16"
0,"","AV Technician","Astreya Partners, LLC","San Francisco, CA","","",serpapi_google_jobs,https://astreya.wd5.myworkdayjobs.com/life-at-astreya-opportunities/job/San-Francisco-CA/AV-Technician_R0015404?utm_campaign=google_jobs_apply&utm_source=google_jobs_apply&utm_medium=organic,"","2026-04-22"
0,"","AV Technician","The Rockridge Group","South San Francisco, CA","","",serpapi_google_jobs,https://www.whatjobs.com/jobs/av-technician/south-san-francisco-california?id=2656279257&utm_campaign=google_jobs_apply&utm_source=google_jobs_apply&utm_medium=organic,"",""
0,"","Luxury Residential AV Technician - Premium Installations","Topa Group, Inc.","San Francisco, CA","","",serpapi_google_jobs,https://bebee.com/us/jobs/luxury-residential-av-technician-premium-installations-topa-group-inc-san-francisco--whatjobs-4881_3966154?utm_campaign=google_jobs_apply&utm_source=google_jobs_apply&utm_medium=organic,"","2026-04-24"
0,"","Luxury AV Lead Technician - Bay Area, CA","Topa Group, Inc.","San Francisco, CA","","",serpapi_google_jobs,https://bebee.com/us/jobs/luxury-av-lead-technician-bay-area-ca-topa-group-inc-san-francisco-california-united-states--appcast-10440_4355462359?utm_campaign=google_jobs_apply&utm_source=google_jobs_apply&utm_medium=organic,"","2026-04-26"
0,"","AV Technician San Jose, CA | WeInstall.IT | Handshake","WeInstall.IT","San Francisco, CA (+1 other)","","20–30 an hour",serpapi_google_jobs,https://app.joinhandshake.com/public/jobs/10908897?utm_campaign=google_jobs_apply&utm_source=google_jobs_apply&utm_medium=organic,"","2026-04-01"
0,"","AV Technician – On Call","Seattle Art Museum","Seattle, WA","","",serpapi_google_jobs,https://jobs.lever.co/seattleartmuseum/4ef509bd-ea2a-4c63-97b7-8b86b24e774e?utm_source=jobera.com&utm_campaign=google_jobs_apply&utm_source=google_jobs_apply&utm_medium=organic,"",""
0,"","AV Engineer - Zoom Room Deployment Specialist","EPAM Systems, Inc.","Seattle, WA","","45K–69K a year",serpapi_google_jobs,https://tallo.com/talent/job/design-and-media/audio-or-visual-technician/wa/seattle/av-engineer-zoom-room-deploy-bb69e4b4?utm_campaign=google_jobs_apply&utm_source=google_jobs_apply&utm_medium=organic,"",""
0,"","Freelance A/V Technician - A1, TD, L1 - Seattle","Blue Danube Productions","Seattle, WA","","40–60 an hour",serpapi_google_jobs,https://bebee.com/us/jobs/seattle-wa-freelance-a-v-technician-blue-danube-productions-seattle--lensa-2365_6a49259f7047a93791ce0e963584b31f9fe4fdfda0e08f7fb5dbfab49b035ac4?utm_campaign=google_jobs_apply&utm_source=google_jobs_apply&utm_medium=organic,"","2026-04-07"
0,"","Lead Audio Visual Field Technician","EOS","Seattle, WA","","80K–110K a year",serpapi_google_jobs,https://jobs.ksnt.com/jobs/lead-audio-visual-field-technician-seattle-washington/2635422114-2/?utm_campaign=google_jobs_apply&utm_source=google_jobs_apply&utm_medium=organic,"","2026-04-22"
0,"","On-Site AV Technician | Install, Troubleshoot & Train","AVI-SPL","Seattle, WA","","",serpapi_google_jobs,https://www.whatjobs.com/jobs/on-site-av-technician-install/seattle-washington?id=2644360187&utm_campaign=google_jobs_apply&utm_source=google_jobs_apply&utm_medium=organic,"","2026-04-19"
0,"","AV Technician II","Astreya Partners, LLC","Bellevue, WA","","",serpapi_google_jobs,https://astreya.wd5.myworkdayjobs.com/en-US/life-at-astreya-opportunities/job/AV-Technician-II_R0015237?utm_campaign=google_jobs_apply&utm_source=google_jobs_apply&utm_medium=organic,"","2026-04-07"
0,"","Lead Audio Engineer (A1)","Mighty Media Studios","Bellevue, WA","","110K–135K a year",serpapi_google_jobs,https://www.jobleads.com/us/job/lead-audio-engineer-a1--bellevue--ec2d3e76dd2359f45c5d3f9540d10afa2?utm_campaign=google_jobs_apply&utm_source=google_jobs_apply&utm_medium=organic,"","2026-04-02"
0,"","Remote Pro Tools Audio Engineer for AI Audio Projects","Alignerr","Seattle, WA","","60K–80K a year",serpapi_google_jobs,https://www.jobleads.com/us/job/remote-pro-tools-audio-engineer-for-ai-audio-projects--seattle--ed8ff31f258201b5b62fe04b1b9a0eeda?utm_campaign=google_jobs_apply&utm_source=google_jobs_apply&utm_medium=organic,"","2026-04-19"
0,"","06 Lead AV Technician","Topa Group, Inc.","Bellevue, WA","","90K–110K a year",serpapi_google_jobs,https://bebee.com/us/jobs/06-lead-av-technician-topa-group-inc-bellevue-wa--theirstack-666991947?utm_campaign=google_jobs_apply&utm_source=google_jobs_apply&utm_medium=organic,"","2026-04-19"
0,"","Audio Engineer - Pro Tools","Alignerr","Seattle, WA","","",serpapi_google_jobs,https://lensa.com/job-v1/alignerr/seattle-wa/audio-engineer/53f04054d22714b1e82141b58d398026?utm_campaign=google_jobs_apply&utm_source=google_jobs_apply&utm_medium=organic,"","2026-04-06"
0,"","AV Technician","TEKsystems","Cambridge, MA","","23–30 an hour",serpapi_google_jobs,https://careers.teksystems.com/us/en/job/JP-005973679/AV-Technician?utm_campaign=google_jobs_apply&utm_source=google_jobs_apply&utm_medium=organic,"","2026-04-25"
0,"","Video and Audio Engineer","EMD Millipore Corporation","Burlington, MA","","",serpapi_google_jobs,https://careers.merckgroup.com/global/en/job/298147/Video-and-Audio-Engineer?utm_campaign=google_jobs_apply&utm_source=google_jobs_apply&utm_medium=organic,"","2026-04-24"
0,"","AV Technician","Jobs via Dice","Marlborough, MA","","",serpapi_google_jobs,https://www.jobleads.com/us/job/av-technician-at-ardern-hills-mn--marlborough--ec7a503c17751d481989c818f31f03c4b?utm_campaign=google_jobs_apply&utm_source=google_jobs_apply&utm_medium=organic,"","2026-04-30"
0,"","Entertainment Production Services/AV Technician (Part - Time)","Wynn Resorts","Everett, MA","","",serpapi_google_jobs,https://jobs.smartrecruiters.com/WynnResorts/744000115741917-entertainment-production-services-av-technician-part-time-?utm_campaign=google_jobs_apply&utm_source=google_jobs_apply&utm_medium=organic,"","2026-04-14"
0,"","Audio Engineer/Audio Technician/Sound Engineer/Sound Technician","Trinity Baptist Church","Brockton, MA","","",serpapi_google_jobs,https://www.productionhub.com/job/64464/audio-engineeraudio-techniciansound-engineersound-technician?utm_campaign=google_jobs_apply&utm_source=google_jobs_apply&utm_medium=organic,"","2026-04-26"
0,"","Low Voltage / Industrial / CCTV / AV Technician","Wachter, Inc.","Boston, MA","","20–38 an hour",serpapi_google_jobs,https://jobs.concordmonitor.com/job/2a257807-6a9f-4501-9b09-f10a97c3d40b/low-voltage-industrial-cctv-av-technician?utm_campaign=google_jobs_apply&utm_source=google_jobs_apply&utm_medium=organic,"",""
0,"","Freelance AV Technician","Marcus Evans","Boston, MA","","",serpapi_google_jobs,https://talents.vaia.com/companies/marcus-evans-group/freelance-av-technician-34128634/?utm_campaign=google_jobs_apply&utm_source=google_jobs_apply&utm_medium=organic,"",""
0,"","Audio Engineer, Sound Innovation","Real Chemistry","Boston, MA","","100K–115K a year",serpapi_google_jobs,https://www.theladders.com/job/audio-engineer-sound-innovation-realchemistry-boston-ma_86553425?utm_campaign=google_jobs_apply&utm_source=google_jobs_apply&utm_medium=organic,"","2026-04-15"
0,"","Audio Engineer Pro Tools","Alignerr","Boston, MA","","60K–80K a year",serpapi_google_jobs,https://www.jobleads.com/us/job/audio-engineer-pro-tools--boston--e6ac03cd83c558e6ef6121a82e6a05166?utm_campaign=google_jobs_apply&utm_source=google_jobs_apply&utm_medium=organic,"","2026-04-27"
0,"","AV Technician - Large-Scale Event Systems","Encore Boston Harbor","Everett, MA","","",serpapi_google_jobs,https://us.jobrapido.com/jobpreview/5271641594242531328?utm_campaign=google_jobs_apply&utm_source=google_jobs_apply&utm_medium=organic,"","2026-04-27"
0,"","Audiovisual (AV) Technician","INA Display","Norwalk, CA","","350–400 a day",serpapi_google_jobs,https://www.indeed.com/viewjob?jk=8db5d2bf6d14f5d3&utm_campaign=google_jobs_apply&utm_source=google_jobs_apply&utm_medium=organic,"","2026-04-22"
0,"","TV Production Audio Engineer (2026)","University of La Verne","La Verne, CA","","",serpapi_google_jobs,https://www.breakroom.cc/en-us/jobs/listing/36042975-university-of-la-verne-tv-production-audio-engineer-2026?utm_campaign=google_jobs_apply&utm_source=google_jobs_apply&utm_medium=organic,"","2026-04-28"
0,"","Junior AV Engineer","IGI","Los Alamitos, CA","","",serpapi_google_jobs,https://www.werigi.com/junior-av-engineer-los-alamitos-ca?utm_campaign=google_jobs_apply&utm_source=google_jobs_apply&utm_medium=organic,"",""
0,"","Audio Engineer","Technical Multimedia Design, Inc. (TechMDinc)","Burbank, CA","","",serpapi_google_jobs,https://us.trabajo.org/job-2283-a4d2fe03d3fe699ec9c28fe3c9adfddb?utm_campaign=google_jobs_apply&utm_source=google_jobs_apply&utm_medium=organic,"","2026-04-25"
0,"","Audiovisual (AV) Technician","INA Display","Los Angeles County, CA","","7,583–8,667 a month",serpapi_google_jobs,https://bebee.com/us/jobs/audiovisual-av-technician-ina-display-norwalk-ca--theirstack-669337067?utm_campaign=google_jobs_apply&utm_source=google_jobs_apply&utm_medium=organic,"","2026-04-23"
0,"","Lead AV Technician","Gravity AV","Anaheim, CA","","25–30 an hour",serpapi_google_jobs,https://amplifypeople.applytojob.com/apply/u8fBfExYvK/Lead-AV-Technician?utm_campaign=google_jobs_apply&utm_source=google_jobs_apply&utm_medium=organic,"","2026-04-17"
0,"","AV Engineer- Operations","Netflix","Los Angeles, CA","","60K–90K a year",serpapi_google_jobs,https://www.jobzmall.com/netflix/job/av-engineer-operations?utm_campaign=google_jobs_apply&utm_source=google_jobs_apply&utm_medium=organic,"",""
0,"","Broadcast Audio Engineer","KTLA","Los Angeles, CA","","50.10 an hour",serpapi_google_jobs,https://www.entertainmentcareers.net/ktla/broadcast-audio-engineer/job/516566/?utm_campaign=google_jobs_apply&utm_source=google_jobs_apply&utm_medium=organic,"","2026-04-26"
0,"","Low Voltage / Industrial / CCTV / AV Technician","Wachter, Inc.","Los Angeles, CA","","20–38 an hour",serpapi_google_jobs,https://www.breakroom.cc/en-us/jobs/listing/34762054-wachter-inc-low-voltage-industrial-cctv-av-technician-los?utm_campaign=google_jobs_apply&utm_source=google_jobs_apply&utm_medium=organic,"","2026-04-16"
0,"","AV Engineer","Biola University","La Mirada, CA","","58,992–100,664 a year",serpapi_google_jobs,https://www.jobzmall.com/biola-university/job/av-engineer?utm_campaign=google_jobs_apply&utm_source=google_jobs_apply&utm_medium=organic,"",""
0,"","Audio Visual Engineer","AGE Solutions LLC","Fort Belvoir, VA","","",serpapi_google_jobs,https://talents.vaia.com/companies/wits-solutions-inc/audio-visual-engineer-50798612/?utm_campaign=google_jobs_apply&utm_source=google_jobs_apply&utm_medium=organic,"","2026-04-28"
0,"","Audio Visual (AV) Engineer","ARES Solutions, Inc.","Falls Church, VA","","43–52 an hour",serpapi_google_jobs,https://www.ziprecruiter.com/c/ARES-Solutions/Job/Audio-Visual-(AV)-Engineer/-in-Falls-Church,VA?jid=ba2bbfde3b117a9b&utm_campaign=google_jobs_apply&utm_source=google_jobs_apply&utm_medium=organic,"","2026-04-08"
0,"","Vice President, AV Technician/Engineer","Bny Mellon","Mt Rainier, MD","","",serpapi_google_jobs,https://www.adzuna.com/details/5711060385?utm_campaign=google_jobs_apply&utm_source=google_jobs_apply&utm_medium=organic,"","2026-04-25"
0,"","AV Engineer","Peake","Maryland","","140K–150K a year",serpapi_google_jobs,https://lensa.com/job-v1/peake/millersville-md/audio-visual-engineer/f2fe1f06b6390e98f5fa4410d39b7127?utm_campaign=google_jobs_apply&utm_source=google_jobs_apply&utm_medium=organic,"",""
0,"","Lead AV Technician","Visual Sound Inc","Baltimore, MD","","40K–70K a year",serpapi_google_jobs,https://www.tealhq.com/job/lead-av-technician_7ea1aff5b1040352f8e7e9edf958fb07d969f?utm_campaign=google_jobs_apply&utm_source=google_jobs_apply&utm_medium=organic,"","2026-04-21"
0,"","AV Technician","NTI","Rockville, MD","","35–50 an hour",serpapi_google_jobs,https://hiring.cafe/viewjob/lv117xsleka0qotr?utm_campaign=google_jobs_apply&utm_source=google_jobs_apply&utm_medium=organic,"",""
0,"","Hotel AV Technician - Part-Time","Renaissance Baltimore Harborplace Hotel","Baltimore, MD","","23.71–25.89 an hour",serpapi_google_jobs,https://jobs.wizehire.com/job/hotel-av-technician-part-time-in-baltimore-md-us-ea19baa4b840a952?utm_campaign=google_jobs_apply&utm_source=google_jobs_apply&utm_medium=organic,"",""
0,"","Lead AV Technician","Visual Sound Inc","Halethorpe, MD","","",serpapi_google_jobs,https://www.ziprecruiter.com/c/Visual-Sound-Inc/Job/Lead-AV-Technician/-in-Halethorpe,MD?jid=85e331321275c5e9&utm_campaign=google_jobs_apply&utm_source=google_jobs_apply&utm_medium=organic,"","2026-04-25"
0,"","AV Technician","Cogent Infotech Corp","Columbia, MD","","",serpapi_google_jobs,https://bebee.com/us/jobs/av-technician-cogent-infotech-corp-columbia--techmap_us_7aa50343-52ba-4fcc-a83f-e104085efb65?utm_campaign=google_jobs_apply&utm_source=google_jobs_apply&utm_medium=organic,"","2026-04-06"
0,"","Broadcast Audio Engineer","Christ Church","Fairfax Station, VA","","",serpapi_google_jobs,https://bebee.com/us/jobs/broadcast-audio-engineer-christ-church-fairfax-station-va--theirstack-672931676?utm_campaign=google_jobs_apply&utm_source=google_jobs_apply&utm_medium=organic,"","2026-04-28"
0,"","Level 1 Installer: AV Technician","Audio Video Experts","Grand Junction, CO","","20–25 an hour",serpapi_google_jobs,https://us.jobrapido.com/jobpreview/6418573852854452224?utm_campaign=google_jobs_apply&utm_source=google_jobs_apply&utm_medium=organic,"","2026-04-28"
0,"","Remote Broadcast & AV Technician - 50902","Turing","Anywhere","","",serpapi_google_jobs,https://bebee.com/us/jobs/remote-broadcast-av-technician-50902-turing--theirstack-672169633?utm_campaign=google_jobs_apply&utm_source=google_jobs_apply&utm_medium=organic,"","2026-04-27"
0,"","AV Technician","Xssentials","Aspen, CO","","25–45 an hour",serpapi_google_jobs,https://talents.vaia.com/companies/ser-limited/aspen/av-technician-76006121/?utm_campaign=google_jobs_apply&utm_source=google_jobs_apply&utm_medium=organic,"",""
0,"","AV Technician Apprentice","Amplify People","Carbondale, CO","","55K–65K a year",serpapi_google_jobs,https://amplifypeople.applytojob.com/apply/cbZ8cIaaWD/AV-Technician-Apprentice?utm_campaign=google_jobs_apply&utm_source=google_jobs_apply&utm_medium=organic,"",""
0,"","Audio Visual Technician - Florida","Howard Technology Solutions","Anywhere","","",serpapi_google_jobs,https://bebee.com/us/jobs/audio-visual-technician-florida-howard-technology-solutions-tallahassee-metropolitan-area--theirstack-669184467?utm_campaign=google_jobs_apply&utm_source=google_jobs_apply&utm_medium=organic,"","2026-04-22"
0,"","Commerical AV Technician Level III","Xcite Audiovisuals","Centennial, CO","","29–37 an hour",serpapi_google_jobs,https://www.glassdoor.com/job-listing/commerical-av-technician-level-iii-xcite-audiovisuals-JV_IC1164284_KO0,34_KE35,53.htm?jl=1009495206818&utm_campaign=google_jobs_apply&utm_source=google_jobs_apply&utm_medium=organic,"","2026-04-20"
0,"","Residential AV Technician","Jobe Systems, Inc.","Aspen, CO","","40–50 an hour",serpapi_google_jobs,https://www.indeed.com/viewjob?jk=2fb18159837ccb32&utm_campaign=google_jobs_apply&utm_source=google_jobs_apply&utm_medium=organic,"","2026-03-31"
0,"","Audio Engineer","Summit","Denver, CO","","18.81–20.00 an hour",serpapi_google_jobs,https://www.entertainmentcareers.net/summit/audio-engineer/job/503936/?utm_campaign=google_jobs_apply&utm_source=google_jobs_apply&utm_medium=organic,"","2026-04-19"
0,"","Lead AV Technician","Amplify People","Carbondale, CO","","",serpapi_google_jobs,https://amplifypeople.applytojob.com/apply/D4LZvZxfGe/Lead-AV-Technician?utm_campaign=google_jobs_apply&utm_source=google_jobs_apply&utm_medium=organic,"","2026-04-05"
0,"","VTC / AV Technician","Mitchell Consulting","Colorado Springs, CO","","92K–98K a year",serpapi_google_jobs,https://www.milwaukeejobs.com/j/t-VTC-AV-Technician-e-MCSG-Technologies-l-Colorado-Springs,-CO-jobs-j78713222.html?utm_campaign=google_jobs_apply&utm_source=google_jobs_apply&utm_medium=organic,"",""
0,"","Production Engineer | Chicago, IL","Michael Page","Chicago, IL","","80K–100K a year",serpapi_google_jobs,https://www.michaelpage.com/job-detail/production-engineer-chicago-il/ref/jn-042026-7004348?utm_campaign=google_jobs_apply&utm_source=google_jobs_apply&utm_medium=organic,"","2026-04-26"
0,"","Production Engineer","Stepan Company","Elwood, IL","","67.4K–87.3K a year",serpapi_google_jobs,https://lensa.com/job-v1/stepan/elwood-il/production-engineer/8f0aa75331f7137416156eac5f600d54?utm_campaign=google_jobs_apply&utm_source=google_jobs_apply&utm_medium=organic,"","2026-04-22"
0,"","Production Engineer","LHH US","Bensenville, IL","","100K–125K a year",serpapi_google_jobs,https://lensa.com/job-v1/lhh-recruitment-solutions/bensenville-il/production-engineer/07189bad19876549e5a7b43487ef86d9?utm_campaign=google_jobs_apply&utm_source=google_jobs_apply&utm_medium=organic,"","2026-04-09"
0,"","Broadcast Engineer","Bureau Gravity/TalkLab","Aurora, IL","","4,333–6,067 a month",serpapi_google_jobs,https://bebee.com/us/jobs/broadcast-engineer-bureau-gravity-talklab-aurora-il--theirstack-653846798?utm_campaign=google_jobs_apply&utm_source=google_jobs_apply&utm_medium=organic,"","2026-03-31"
0,"","Production Engineer","LHH US","Franklin Park, IL","","80K–120K a year",serpapi_google_jobs,https://lensa.com/job-v1/lhh-recruitment-solutions/franklin-park-il/production-engineer/2b56f7256ba0e0f6c7bb4e1dbeda386e?utm_campaign=google_jobs_apply&utm_source=google_jobs_apply&utm_medium=organic,"","2026-04-09"
0,"","Broadcast Engineer","Milwaukee Bucks","Milwaukee, WI","","",serpapi_google_jobs,https://www.teamworkonline.com/basketball-jobs/milwaukee-bucks-jobs/milwaukee-bucks/broadcast-engineer-2167682?utm_campaign=google_jobs_apply&utm_source=google_jobs_apply&utm_medium=organic,"","2026-04-20"
0,"","Broadcast Engineer","Sirius XM Radio","Chicago, IL","","60K–85K a year",serpapi_google_jobs,https://www.jobzmall.com/sirius-xm-radio/job/broadcast-engineer-24?utm_campaign=google_jobs_apply&utm_source=google_jobs_apply&utm_medium=organic,"",""
0,"","Production Engineer","Fairbanks Morse Defense","Beloit, WI","","",serpapi_google_jobs,https://onemainfinancial-veteranjobs.dejobs.org/beloit-wi/production-engineer/28B760F2C48A475E953494BAB12D3408/job/?utm_campaign=google_jobs_apply&utm_source=google_jobs_apply&utm_medium=organic,"","2026-04-23"
0,"","Video Production Engineer / AV Technical Live Broadcast","TEKsystems","East Peoria, IL","","",serpapi_google_jobs,https://www.ihirebroadcasting.com/jobs/view/514616587?utm_campaign=google_jobs_apply&utm_source=google_jobs_apply&utm_medium=organic,"",""
0,"","High-Impact SRE / Production Engineer – Chicago HFT | Master Low-Level Python + C++ for 24/7 Ultra-Low Latency Trading Profits","NJF Global Holdings Ltd","Chicago, IL","","200K–250K a year",serpapi_google_jobs,https://bebee.com/us/jobs/high-impact-sre-production-engineer-chicago-hft-master-low-level-python-c-for-24-7-ultra-low-latency--appcast-10440_4406193572?utm_campaign=google_jobs_apply&utm_source=google_jobs_apply&utm_medium=organic,"","2026-04-24"
0,"","Production/ Broadcast Engineer - NBC Sports","NBCUniversal","New York, New York","","",jobspy_indeed,https://www.indeed.com/viewjob?jk=c7c8e07ea7eab202,"","2026-04-27"
0,"","Freelance Associate Producer (College Football Studio Graphics) – NBC Sports","NBCUniversal","New York, New York","","",jobspy_indeed,https://www.indeed.com/viewjob?jk=78156b9522336aca,"","2026-04-27"
0,"","Broadcast Engineer","Versant Media","New York, New York","","",serpapi_google_jobs,https://jobs.smartrecruiters.com/Versant3/744000108641376-broadcast-engineer?utm_campaign=google_jobs_apply&utm_source=google_jobs_apply&utm_medium=organic,"","2026-04-17"
0,"","Broadcast Engineer","AEG PRESENTS","New York, New York","","",serpapi_google_jobs,https://salutemyjob.com/jobs/broadcast-engineer-brooklyn-new-york/2737532012-2/?utm_campaign=google_jobs_apply&utm_source=google_jobs_apply&utm_medium=organic,"","2026-04-23"
0,"","Assistant Broadcast Engineer","MetLife Stadium","New York, New York","","",serpapi_google_jobs,https://www.teamworkonline.com/football-jobs/footballjobs/metlife-stadium-jobs/assistant-broadcast-engineer-2168404?utm_campaign=google_jobs_apply&utm_source=google_jobs_apply&utm_medium=organic,"","2026-04-26"
0,"","NOC Live Production Engineer","Sony Electronics Inc","New York, New York","","101,007–134,675 a year",serpapi_google_jobs,https://www.experteer.ch/career/view-jobs/noc-live-production-engineer-paramus-nj-usa-56943222?signup_hook=lo_job_title&utm_campaign=google_jobs_apply&utm_source=google_jobs_apply&utm_medium=organic,"","2026-04-02"
0,"","Broadcast Engineer, Replay","Major League Baseball","New York, New York","","80K–92.5K a year",serpapi_google_jobs,https://hub.globalsportsjobs.com/vacancy/broadcast-engineer-replay-us-glap114749?utm_campaign=google_jobs_apply&utm_source=google_jobs_apply&utm_medium=organic,"",""
0,"","Associate Production Engineer","Chromalloy Corporation","New York, New York","","",serpapi_google_jobs,https://www.linkedin.com/jobs/view/associate-production-engineer-at-chromalloy-corporation-4408571254?utm_campaign=google_jobs_apply&utm_source=google_jobs_apply&utm_medium=organic,"","2026-04-30"
0,"","Broadcast Studio Engineer","Bexel","New York, New York","","",serpapi_google_jobs,https://builtin.com/job/broadcast-studio-engineer/9036289?utm_campaign=google_jobs_apply&utm_source=google_jobs_apply&utm_medium=organic,"",""
0,"","Principal Broadcast Engineer, Amazon Live","Amazon Advertising LLC","New York, New York","","201K–272K a year",serpapi_google_jobs,https://dejobs.org/new-york-ny/principal-broadcast-engineer-amazon-live/2D249B468D5B411BAA4C6A343D85A25D/job/?utm_campaign=google_jobs_apply&utm_source=google_jobs_apply&utm_medium=organic,"",""
0,"","Media Production Broadcast Engineer / Architect","Autodesk, Inc.","San Francisco, CA","","",serpapi_google_jobs,https://www.theladders.com/job/siri-eval-architect-engineer-apple-san-francisco-ca_86647778?utm_campaign=google_jobs_apply&utm_source=google_jobs_apply&utm_medium=organic,"","2026-04-01"
0,"","Broadcast Engineer","CBS","San Francisco, CA","","80K–95K a year",serpapi_google_jobs,https://www.entertainmentcareers.net/cbs/broadcast-engineer/job/517632/?utm_campaign=google_jobs_apply&utm_source=google_jobs_apply&utm_medium=organic,"","2026-04-06"
0,"","Cal State University (CSU) San Francisco","Cal State University (CSU) San Francisco","San Francisco, CA","","",serpapi_google_jobs,https://www.careersingovernment.com/job/1009199/broadcast-and-studio-engineer-broadcast-engineer/?utm_campaign=google_jobs_apply&utm_source=google_jobs_apply&utm_medium=organic,"","2026-04-03"
0,"","Video Broadcast Engineer","OSI Engineering","Cupertino, CA","","",serpapi_google_jobs,https://www.linkedin.com/jobs/view/video-broadcast-engineer-at-osi-engineering-4407016988?utm_campaign=google_jobs_apply&utm_source=google_jobs_apply&utm_medium=organic,"","2026-04-30"
0,"","Specialty Production Broadcast Engineer","Fntech","Menlo Park, CA","","100K–140K a year",serpapi_google_jobs,https://www.tealhq.com/job/specialty-production-broadcast-engineer_7ea1a4ec959cdfc1aa845c2bc83abbb3b7c64?utm_campaign=google_jobs_apply&utm_source=google_jobs_apply&utm_medium=organic,"","2026-04-10"
0,"","Media Production Broadcast Engineer​/Architect","Autodesk","San Francisco, CA","","80K–100K a year",serpapi_google_jobs,https://www.learn4good.com/jobs/san-francisco/california/info_technology/5048829374/e/?utm_campaign=google_jobs_apply&utm_source=google_jobs_apply&utm_medium=organic,"","2026-04-22"
0,"","Live Event Broadcast Engineer","Rose International","Cupertino, CA","","",serpapi_google_jobs,https://www.indeed.com/viewjob?jk=970c5aa525bffbc4&utm_campaign=google_jobs_apply&utm_source=google_jobs_apply&utm_medium=organic,"","2026-04-30"
0,"","Production Engineer","Meta","Fremont, CA","","",serpapi_google_jobs,https://jobs.stevenagefc.com/jobs/production-engineer-fremont-california/2745221106-2/?utm_campaign=google_jobs_apply&utm_source=google_jobs_apply&utm_medium=organic,"","2026-04-28"
0,"","Staff Production Engineer","Industrial Light & Magic","San Francisco, CA","","",serpapi_google_jobs,https://www.vfxengine.com/jobs/staff-production-engineer/5f3f4919-1e9c-4181-8de7-d6eded31d4ab?utm_campaign=google_jobs_apply&utm_source=google_jobs_apply&utm_medium=organic,"",""
0,"","Production Engineer","Placer.ai","San Francisco, CA","","190K–210K a year",serpapi_google_jobs,https://jobs.spacetalent.org/companies/placer-ai-2/jobs/73802473-production-engineer?utm_campaign=google_jobs_apply&utm_source=google_jobs_apply&utm_medium=organic,"","2026-04-09"
0,"","Mobile Broadcast Engineer - On-Site & Travel-Ready","NEP Group, Inc.","Seattle, Washington","","",serpapi_google_jobs,https://www.whatjobs.com/jobs/mobile-broadcast-engineer-on-site/seattle-washington?id=2640721888&utm_campaign=google_jobs_apply&utm_source=google_jobs_apply&utm_medium=organic,"","2026-04-23"
0,"","Production Engineer","Meta","Seattle, Washington","","",serpapi_google_jobs,https://www.metacareers.com/profile/job_details/1031032768371242?utm_campaign=google_jobs_apply&utm_source=google_jobs_apply&utm_medium=organic,"",""
0,"","Broadcast Engineer","Sirius XM Radio","Seattle, Washington","","68K–108K a year",serpapi_google_jobs,https://www.jobzmall.com/sirius-xm-radio/job/broadcast-engineer-32?utm_campaign=google_jobs_apply&utm_source=google_jobs_apply&utm_medium=organic,"",""
0,"","Staff Production Engineer","CoreWeave","Seattle, Washington","","188K–275K a year",serpapi_google_jobs,https://www.builtinseattle.com/job/staff-production-engineer/8191916?utm_campaign=google_jobs_apply&utm_source=google_jobs_apply&utm_medium=organic,"","2026-04-24"
0,"","Senior Production Engineer","Otter.ai","Seattle, Washington","","185K–210K a year",serpapi_google_jobs,https://www.theladders.com/job/senior-production-engineer-otter-ai-seattle-wa_82738109?utm_campaign=google_jobs_apply&utm_source=google_jobs_apply&utm_medium=organic,"",""
0,"","Broadcast Engineer Senior","Blue Origin","Seattle, Washington","","",serpapi_google_jobs,https://www.tealhq.com/job/broadcast-engineer-senior_7ea1a69c1b7126700bac16b99a5d80bdb38f0?utm_campaign=google_jobs_apply&utm_source=google_jobs_apply&utm_medium=organic,"",""
0,"","Production Engineer [REF REQ-2602-159196]","Meta Platforms, Inc","Seattle, Washington","","149,240–165,000 a year",serpapi_google_jobs,https://www.jobs.now/jobs/441063792-production-engineer-ref-req-2602-159196?utm_campaign=google_jobs_apply&utm_source=google_jobs_apply&utm_medium=organic,"","2026-04-11"
0,"","Production Engineer, Support tooling (Tooling and Frameworks)","CoreWeave","Seattle, Washington","","139K–204K a year",serpapi_google_jobs,https://www.builtinseattle.com/job/production-engineer-support-tooling-tooling-and-frameworks/7751994?utm_campaign=google_jobs_apply&utm_source=google_jobs_apply&utm_medium=organic,"","2026-04-22"
0,"","Travel-Ready Mobile Broadcast Engineer","Creative Technology UK","Seattle, Washington","","",serpapi_google_jobs,https://trabajos.univision.com/empleo/23-14660_63637C767E0C000579C3B138EF111065?utm_campaign=google_jobs_apply&utm_source=google_jobs_apply&utm_medium=organic,"","2026-04-24"
0,"","Production/ Broadcast Engineer - NBC Sports","NBCUniversal","Boston, Massachusetts","","",serpapi_google_jobs,https://www.builtinnyc.com/job/production-broadcast-engineer-nbc-sports/9174679?utm_campaign=google_jobs_apply&utm_source=google_jobs_apply&utm_medium=organic,"","2026-04-27"
0,"","Network Production Engineer, Network Infrastructure","Meta","Boston, Massachusetts","","",serpapi_google_jobs,https://www.monster.com/job-openings/network-production-engineer-network-infrastructure-boston-ma--64ff05e9-be8e-4a06-b404-2ec409bf8588?utm_campaign=google_jobs_apply&utm_source=google_jobs_apply&utm_medium=organic,"",""
0,"","Broadcast Engineer","Sirius XM Radio","Boston, Massachusetts","","53K–83K a year",serpapi_google_jobs,https://www.jobzmall.com/sirius-xm-radio/job/broadcast-engineer-30?utm_campaign=google_jobs_apply&utm_source=google_jobs_apply&utm_medium=organic,"",""
0,"","Production Engineer","Sanders Industries Holdings","Boston, Massachusetts","","65,078–85,000 a year",serpapi_google_jobs,https://bebee.com/us/jobs/production-engineer-sanders-industries-holdings-bloomfield--fj-2128056046?utm_campaign=google_jobs_apply&utm_source=google_jobs_apply&utm_medium=organic,"","2026-04-28"
0,"","8.3. Production Engineer II-Burlington","Phoenix Tailings","Boston, Massachusetts","","",serpapi_google_jobs,https://jobs.lever.co/PhoenixTailings/898f18e8-5edc-43af-925e-b71ef572daf2?utm_campaign=google_jobs_apply&utm_source=google_jobs_apply&utm_medium=organic,"",""
0,"","Broadcast Engineer","Hubbard Broadcasting, Inc.","Boston, Massachusetts","","",serpapi_google_jobs,https://builtin.com/job/broadcast-engineer/9082205?utm_campaign=google_jobs_apply&utm_source=google_jobs_apply&utm_medium=organic,"","2026-04-16"
0,"","Production Engineer","UPGRADE ENERGY","Torrance, CA","","80K–110K a year",serpapi_google_jobs,https://bebee.com/us/jobs/production-engineer-upgrade-energy-torrance-ca--theirstack-670182775?utm_campaign=google_jobs_apply&utm_source=google_jobs_apply&utm_medium=organic,"","2026-04-23"
0,"","Broadcast Engineer, Burbank, California","Evertz Microsystems Limited","Burbank, CA","","",serpapi_google_jobs,https://evertz.applytojob.com/apply/9PuwcCa6dy/Broadcast-Engineer-Burbank-California?utm_campaign=google_jobs_apply&utm_source=google_jobs_apply&utm_medium=organic,"",""
0,"","Production Engineer","Rangeview Inc.","El Segundo, CA","","85K–154K a year",serpapi_google_jobs,https://www.sonara.ai/job-details/production-engineer-at-rangeview-8ba2879d-5a74-9e8f-be82-2739b480aef4?utm_campaign=google_jobs_apply&utm_source=google_jobs_apply&utm_medium=organic,"","2026-03-31"
0,"","Avionics Production Engineer – Starship Electronics","SpaceX","Hawthorne, CA","","",serpapi_google_jobs,https://www.whatjobs.com/jobs/avionics-production-engineer-starship/hawthorne-california?id=2667295943&utm_campaign=google_jobs_apply&utm_source=google_jobs_apply&utm_medium=organic,"","2026-04-28"
0,"","Broadcast Engineer - Replay (Part-Time)","Major League Baseball","El Segundo, CA","","30 an hour",serpapi_google_jobs,https://www.ihirebroadcasting.com/jobs/view/515134997?utm_campaign=google_jobs_apply&utm_source=google_jobs_apply&utm_medium=organic,"",""
0,"","Broadcast Engineer","Sinclair Broadcast Group","Santa Monica, CA","","98K–150K a year",serpapi_google_jobs,https://www.theladders.com/job/broadcast-engineer-sinclairbroadcastgroupinc-santa-monica-ca_85917183?ir=1&utm_campaign=google_jobs_apply&utm_source=google_jobs_apply&utm_medium=organic,"",""
0,"","Chief Broadcast Engineer","Lotus Communications","Los Angeles, CA","","",serpapi_google_jobs,https://www.ihirebroadcasting.com/jobs/view/505792055?utm_campaign=google_jobs_apply&utm_source=google_jobs_apply&utm_medium=organic,"",""
0,"","Production Engineer","Senra Systems","Cypress, CA","","75K–85K a year",serpapi_google_jobs,https://jobs.generalcatalyst.com/companies/senra-systems-2/jobs/73113188-production-engineer?utm_campaign=google_jobs_apply&utm_source=google_jobs_apply&utm_medium=organic,"","2026-04-23"
0,"","Senior Broadcast Engineer – Live Sports & Streaming","Tennis Channel","Santa Monica, CA","","",serpapi_google_jobs,https://talents.vaia.com/companies/tennis-channel/santa-monica/senior-broadcast-engineer-live-sports-streaming-85877123/?utm_campaign=google_jobs_apply&utm_source=google_jobs_apply&utm_medium=organic,"",""
0,"","Production Engineer","MGM Transformer LLC","Commerce, CA","","28–33 an hour",serpapi_google_jobs,https://recruiting.paylocity.com/recruiting/jobs/Details/4015137/Forgent-Power-Solutions/Production-Engineer?utm_campaign=google_jobs_apply&utm_source=google_jobs_apply&utm_medium=organic,"",""
0,"","Broadcast Production Engineer","Fox Corporation","Washington, DC","","",serpapi_google_jobs,https://www.foxcareers.com/Search/JobDetail/R50022892/broadcast-production-engineer-fox-news-media?utm_campaign=google_jobs_apply&utm_source=google_jobs_apply&utm_medium=organic,"",""
0,"","Media Production Broadcast Engineer / Architect","Autodesk","California, MD","","",serpapi_google_jobs,https://www.ziprecruiter.com/c/Autodesk/Job/Media-Production-Broadcast-Engineer-Architect/-in-California,MD?jid=5f436b27d2dd1193&utm_campaign=google_jobs_apply&utm_source=google_jobs_apply&utm_medium=organic,"","2026-04-03"
0,"","Production Engineer","The Washington Post","Washington, DC","","85.1K–128K a year",serpapi_google_jobs,https://www.theladders.com/job/production-engineer-washingtonpost-washington-dc_86465804?utm_campaign=google_jobs_apply&utm_source=google_jobs_apply&utm_medium=organic,"","2026-04-11"
0,"","Broadcast Production Engineer - IP MediaTech","fox com","Washington, DC","","44.00–51.25 an hour",serpapi_google_jobs,https://www.learn4good.com/jobs/washington/district-of-columbia/manufacturing/5056682135/e/?utm_campaign=google_jobs_apply&utm_source=google_jobs_apply&utm_medium=organic,"","2026-04-28"
0,"","Production Engineer","Iron Fabrication Services Inc","Annapolis Junction, MD","","",serpapi_google_jobs,https://us.trabajo.org/job-4023-80f54e3374bf80a5e6f3b648f11756f9?utm_campaign=google_jobs_apply&utm_source=google_jobs_apply&utm_medium=organic,"",""
0,"","Broadcast Engineer in Charge","Maslow Media Group, Inc.","Clarksburg, MD","","80K–110K a year",serpapi_google_jobs,https://www.ziprecruiter.com/c/Maslow-Media-Group/Job/Broadcast-Engineer-in-Charge/-in-Clarksburg,MD?jid=add7fe887b5f256b&utm_campaign=google_jobs_apply&utm_source=google_jobs_apply&utm_medium=organic,"",""
0,"","Production Engineer","Volvo Group","Middletown, PA","","",serpapi_google_jobs,https://jobs.volvogroup.com/job/Middletown-Production-Engineer-PA-17057/1349199555/?utm_campaign=google_jobs_apply&utm_source=google_jobs_apply&utm_medium=organic,"","2026-04-14"
0,"","Broadcast Engineer ( TEMP )","TeamPeople","Washington, DC","","",serpapi_google_jobs,https://bebee.com/us/jobs/broadcast-engineer-temp-teampeople-washington--lensa-19327_41cfbc921f289590bbdd0d59470bbb0e511bdbcca50e7a6a5496e75de7995df2?utm_campaign=google_jobs_apply&utm_source=google_jobs_apply&utm_medium=organic,"","2026-04-22"
0,"","Broadcast Engineer Job at Sinclair Inc. in Arlington","Sinclair Inc.","Arlington, VA","","",serpapi_google_jobs,https://www.mediabistro.com/jobs/3098879465-broadcast-engineer-job-at-sinclair-inc-in-arlington?utm_campaign=google_jobs_apply&utm_source=google_jobs_apply&utm_medium=organic,"","2026-04-26"
0,"","Broadcast Engineer","Kroenke Sports & Entertainment","Centennial, CO","","25–32 an hour",serpapi_google_jobs,https://www.tealhq.com/job/broadcast-engineer_7ea1a56c3cde52e61b93dff690257f6c5c526?utm_campaign=google_jobs_apply&utm_source=google_jobs_apply&utm_medium=organic,"",""
0,"","[Remote] Media Production Broadcast Engineer / Architect","Autodesk","Anywhere","","109K–177K a year",serpapi_google_jobs,https://jobright.ai/jobs/info/69cee114cdb525785fb9c71c?visit=broadcast-media-analyst-jobs-in-united-states&utm_campaign=google_jobs_apply&utm_source=google_jobs_apply&utm_medium=organic,"","2026-04-02"
0,"","Production Engineer I","York Space Systems","Greenwood Village, CO","","80K–90K a year",serpapi_google_jobs,https://www.tealhq.com/job/production-engineer-i_7ea1a25f1f972319685055ba727b8a80c04fc?utm_campaign=google_jobs_apply&utm_source=google_jobs_apply&utm_medium=organic,"","2026-03-31"
0,"","Broadcast Engineer, KMGH","The E.W. Scripps Company","Denver, CO","","",serpapi_google_jobs,https://www.tealhq.com/job/broadcast-engineer_7ea1a132c9aff77af965f73adcf20bff4cae0?utm_campaign=google_jobs_apply&utm_source=google_jobs_apply&utm_medium=organic,"",""
0,"","Broadcast Engineer for Live VMix Broadcast","Upwork","Anywhere","","15–30 an hour",serpapi_google_jobs,https://www.upwork.com/freelance-jobs/apply/Broadcast-Engineer-for-Live-VMix-Broadcast_~022049282575175334041/?utm_campaign=google_jobs_apply&utm_source=google_jobs_apply&utm_medium=organic,"","2026-04-28"
0,"","Live Broadcast Engineer – IP & Video Routing","JotForm Inc","Englewood, CO","","",serpapi_google_jobs,https://us.jobrapido.com/jobpreview/7734312001375043584?utm_campaign=google_jobs_apply&utm_source=google_jobs_apply&utm_medium=organic,"","2026-04-18"
0,"","Broadcast Engineer","A-V Services, Inc.","United States","","",serpapi_google_jobs,https://www.linkedin.com/jobs/view/broadcast-engineer-at-a-v-services-inc-4269594399?utm_campaign=google_jobs_apply&utm_source=google_jobs_apply&utm_medium=organic,"","2026-04-06"
0,"","Remote Tiger Team Broadcast Engineer – New Tech & Projects","iHeartMedia","Colorado Springs, CO","","",serpapi_google_jobs,https://us.jobrapido.com/jobpreview/6266458068419084288?utm_campaign=google_jobs_apply&utm_source=google_jobs_apply&utm_medium=organic,"","2026-04-25"
0,"","Broadcast Engineer","Sinclair Broadcast Group","United States","","",serpapi_google_jobs,https://bebee.com/us/jobs/broadcast-engineer-sinclair-broadcast-group-arlington--lensa-7428_5809efb06e577b5bfa294f0dd0b19dc1bb7cf0f8ddd5a8a4d4dc7a7ab418193a?utm_campaign=google_jobs_apply&utm_source=google_jobs_apply&utm_medium=organic,"","2026-04-06"
0,"","Production Engineer","Nutrien","United States","","110K–135K a year",serpapi_google_jobs,https://career.io/job/production-engineer-aurora-nutrien-2536ac3ddb91cbf2190193a172dc2a18?utm_campaign=google_jobs_apply&utm_source=google_jobs_apply&utm_medium=organic,"",""
0,"","Specialist: Conference Services Events","Mayer Brown LLP","Chicago, Illinois","","US$72K–US$96K a year",serpapi_google_jobs,https://usjobs-mayerbrown.icims.com/jobs/5786/specialist%3A-conference-services-events/job?utm_campaign=google_jobs_apply&utm_source=google_jobs_apply&utm_medium=organic,"","2026-04-30"
0,"","Conference Services Manager","voco Chicago Downtown/Holiday Inn Chicago Dwtn - Wolf Point","Chicago, Illinois","","US$55K–US$65K a year",serpapi_google_jobs,https://www.hospitalityonline.com/jobs/4334997-conference-services-manager?utm_campaign=google_jobs_apply&utm_source=google_jobs_apply&utm_medium=organic,"","2026-04-28"
0,"","Director Event Technology","ADP","Chicago, Illinois","","US$98K–US$199K a year",serpapi_google_jobs,https://jobs.stevenagefc.com/jobs/director-of-event-technology-chicago-illinois/2741460378-2/?utm_campaign=google_jobs_apply&utm_source=google_jobs_apply&utm_medium=organic,"","2026-04-15"
0,"","Conference Services & Events Assistant","Skadden Arps Slate Meagher and Flom LLP","Chicago, Illinois","","",serpapi_google_jobs,https://builtin.com/job/conference-services-events-assistant/9056606?utm_campaign=google_jobs_apply&utm_source=google_jobs_apply&utm_medium=organic,"","2026-04-14"
0,"","Conference Services Manager-Relo to Mackinac Island","Goodwin Recruiting","Chicago, Illinois","","",serpapi_google_jobs,https://bebee.com/us/jobs/conference-services-manager-relo-to-mackinac-island-goodwin-recruiting-chicago--lensa-7428_bb3d286247c782a8196d928383ec06bbce359e9b05a46ab30643addd6a04b2d8?utm_campaign=google_jobs_apply&utm_source=google_jobs_apply&utm_medium=organic,"","2026-04-04"
0,"","CONFERENCE SERVICES ATTENDANT (FULL TIME)","Flik Hospitality Group","Chicago, Illinois","","US$26.50 an hour",serpapi_google_jobs,https://www.tealhq.com/job/conference-services-attendant_7ea1a79c85582fab6ef6d081d1d749c31884b?utm_campaign=google_jobs_apply&utm_source=google_jobs_apply&utm_medium=organic,"","2026-04-19"
0,"","Onsite AV Support Tech II — Client-Facing AV Specialist","AVI-SPL","Chicago, Illinois","","US$60K a year",serpapi_google_jobs,https://www.learn4good.com/jobs/urbana/illinois/info_technology/5046715836/e/?utm_campaign=google_jobs_apply&utm_source=google_jobs_apply&utm_medium=organic,"","2026-04-21"
0,"","Conference Services Student Assistant","North Central College","Chicago, Illinois","","",serpapi_google_jobs,https://lensa.com/job-v1/north-central-college/naperville-il/assistantstudent-conference-services-coordinator/7cda16ad62dfe213cb08f492e78cbfd0?utm_campaign=google_jobs_apply&utm_source=google_jobs_apply&utm_medium=organic,"",""
0,"","Area Director of Catering and Conference Services","Sonesta","Chicago, Illinois","","",serpapi_google_jobs,https://www.monster.com/job-openings/area-director-of-catering-and-conference-services-il--ac5e5a1d-0a8e-4e53-ab77-40fe6226ec97?utm_campaign=google_jobs_apply&utm_source=google_jobs_apply&utm_medium=organic,"",""
0,"","Full Stack Principal Software Engineer (Event Technology)","Salesforce","Chicago, Illinois","","",serpapi_google_jobs,https://app.welcometothejungle.com/jobs/kKLF1IEW?utm_campaign=google_jobs_apply&utm_source=google_jobs_apply&utm_medium=organic,"",""
0,"","Manager - AV & Event Technology Operations","GMSC","New York, New York","","$80,000 - $120,000 (yearly)",jobspy_indeed,https://www.indeed.com/viewjob?jk=68cc3ae8b8fa42e7,"","2026-04-28"
0,"","Onsite AV Specialist","Diversified","New York, New York","","29.27–35.00 an hour",serpapi_google_jobs,https://diversityjobs.com/career/16601439/Onsite-Av-Specialist-New-York-New-York?utm_campaign=google_jobs_apply&utm_source=google_jobs_apply&utm_medium=organic,"","2026-04-19"
0,"","Event Services Technician - Audio Visual, Event Technology","Pinnacle Live","New York, New York","","$23 - $24 (hourly)",jobspy_indeed,https://www.indeed.com/viewjob?jk=0f0e4e551fefa1ac,"","2026-04-24"
0,"","AV Specialist for Conference & Event Tech","Compass Group, North America","New York, New York","","",serpapi_google_jobs,https://us.jobrapido.com/jobpreview/2466011107857268736?utm_campaign=google_jobs_apply&utm_source=google_jobs_apply&utm_medium=organic,"","2026-04-14"
0,"","White-Glove Conference Center AV Specialist","Kirkland & Ellis","New York, New York","","",serpapi_google_jobs,https://talents.vaia.com/companies/kirkland-ellis/east-new-york/white-glove-conference-center-av-specialist-66625677/?utm_campaign=google_jobs_apply&utm_source=google_jobs_apply&utm_medium=organic,"",""
0,"","Senior AV & Event Technology Lead - On-Site Midtown","Vornado Realty Trust","New York, New York","","80K–120K a year",serpapi_google_jobs,https://www.jobleads.com/us/job/senior-av-event-technology-lead-on-site-midtown--new-york--e4fc83feb0cbff9cd0f750bcddd290322?utm_campaign=google_jobs_apply&utm_source=google_jobs_apply&utm_medium=organic,"","2026-04-30"
0,"","Manager of AV and Event Technology","The Connors Group","New York, New York","","100K–110K a year",serpapi_google_jobs,https://theconnorsgroup.com/job/9374-manager-of-av-and-event-technology/?utm_campaign=google_jobs_apply&utm_source=google_jobs_apply&utm_medium=organic,"","2026-04-17"
0,"","Lead AV Specialist","Mermorial Sloane Kettering Cancer Centre","New York, New York","","",serpapi_google_jobs,https://careers.mskcc.org/vacancies/96100-lead-av-specialist/?utm_campaign=google_jobs_apply&utm_source=google_jobs_apply&utm_medium=organic,"","2026-04-19"
0,"","Conference Services Coordinator - NYC - On Site","Lincoln IT","New York, New York","","25–28 an hour",serpapi_google_jobs,https://builtin.com/job/conference-services-coordinator-nyc-site/8042496?utm_campaign=google_jobs_apply&utm_source=google_jobs_apply&utm_medium=organic,"",""
0,"","Event Technology Lead — Hybrid & Onsite","FIRST","New York, New York","","",serpapi_google_jobs,https://www.whatjobs.com/jobs/event-technology-lead-hybrid/jersey-city-new-jersey?id=2662924199&utm_campaign=google_jobs_apply&utm_source=google_jobs_apply&utm_medium=organic,"","2026-04-27"
0,"","Audio Visual Event Technology Manager","Convene","San Francisco, California","","",serpapi_google_jobs,https://www.tealhq.com/job/audio-visual-event-technology-manager_7ea1a1e12e5f007496482a00e0de0a2d67137?utm_campaign=google_jobs_apply&utm_source=google_jobs_apply&utm_medium=organic,"",""
0,"","Head of Event Technology","Atlassian","San Francisco, California","","",serpapi_google_jobs,https://sidehustles.com/job/head-of-event-technology-688e84bc/?utm_campaign=google_jobs_apply&utm_source=google_jobs_apply&utm_medium=organic,"","2026-04-30"
0,"","Event Services Technician – Audio Visual, Event Technology","Pinnacle Live","San Francisco, California","","",serpapi_google_jobs,https://talents.vaia.com/companies/pinnacle-live/event-services-technician-audio-visual-event-technology-23834110/?utm_campaign=google_jobs_apply&utm_source=google_jobs_apply&utm_medium=organic,"",""
0,"","Conference Services Manager - OEM","LUMA Hotel San Francisco","San Francisco, California","","",serpapi_google_jobs,https://dejobs.org/san-francisco-ca/client-manager-northern-california-web-services/F4CD5B0036DE4D61B708D4E97493CE6F/job/?utm_campaign=google_jobs_apply&utm_source=google_jobs_apply&utm_medium=organic,"","2026-04-21"
0,"","Director, Event Technology II - Ritz Carlton San Francisco (Relocation and Signing bonus)","Encore Global","San Francisco, California","","",serpapi_google_jobs,https://jobs.encoreglobal.com/en/job/san-francisco/director-event-technology-ii-ritz-carlton-san-francisco-relocation-and-signing-bonus/6228/90968727616?utm_campaign=google_jobs_apply&utm_source=google_jobs_apply&utm_medium=organic,"","2026-04-07"
0,"","CONFERENCE SERVICES ATTENDANT (PART TIME)","Compass Group","San Francisco, California","","",serpapi_google_jobs,https://careers.compass-usa.com/conference-services-attendant-part-time/job/EF7B87216C4C8ED1BC8FF03468870136?utm_campaign=google_jobs_apply&utm_source=google_jobs_apply&utm_medium=organic,"",""
0,"","IT Site Support and AV Specialist","Ropes & Gray LLP","San Francisco, California","","",serpapi_google_jobs,https://talents.vaia.com/companies/ropes-gray-llp/san-francisco/it-site-support-and-av-specialist-89470642/?utm_campaign=google_jobs_apply&utm_source=google_jobs_apply&utm_medium=organic,"",""
0,"","Onsite Event AV Technician","Encore","San Francisco, California","","",serpapi_google_jobs,https://us.jobrapido.com/jobpreview/4977980524002803712?utm_campaign=google_jobs_apply&utm_source=google_jobs_apply&utm_medium=organic,"","2026-04-25"
0,"","Event Technology Manager","McDermott Will & Emery LLP","San Francisco, California","","",serpapi_google_jobs,https://talents.vaia.com/companies/mcdermott-will-emery-llp/san-francisco/event-technology-manager-74894612/?utm_campaign=google_jobs_apply&utm_source=google_jobs_apply&utm_medium=organic,"",""
0,"","Technology and AV Specialist","CreaTV","San Francisco, California","","",serpapi_google_jobs,https://bebee.com/us/jobs/technology-and-av-specialist-creatv-san-jose--lensa-2365_64d3744456b022898512769456eb25468a0078f40228b1734060f96c9d8d1843?utm_campaign=google_jobs_apply&utm_source=google_jobs_apply&utm_medium=organic,"","2026-04-04"
0,"","Event Services Technician – Audio Visual, Event Technology","Pinnacle Live","Seattle, Washington","","",serpapi_google_jobs,https://talents.vaia.com/companies/pinnacle-live/event-services-technician-audio-visual-event-technology-32994776/?utm_campaign=google_jobs_apply&utm_source=google_jobs_apply&utm_medium=organic,"",""
0,"","Global Event Technology & Enablement Manager","Amazon","Seattle, Washington","","",serpapi_google_jobs,https://www.whatjobs.com/jobs/global-event-technology-enablement/seattle-washington?id=2630305122&utm_campaign=google_jobs_apply&utm_source=google_jobs_apply&utm_medium=organic,"","2026-04-11"
0,"","Event Technology Manager, Amazon Seller Events","Amazon","Seattle, Washington","","",serpapi_google_jobs,https://lensa.com/job-v1/amazon/seattle-wa/event-manager/ded5558937faa1c327783d294ae440cc?utm_campaign=google_jobs_apply&utm_source=google_jobs_apply&utm_medium=organic,"",""
0,"","Event Technology Project Manager","Opus Agency","Seattle, Washington","","",serpapi_google_jobs,https://www.jobleads.com/us/job/event-technology-project-manager--seattle--edbcac9f086af223cf5cfbbaadc65b49d?utm_campaign=google_jobs_apply&utm_source=google_jobs_apply&utm_medium=organic,"","2026-04-15"
0,"","Principal Full-Stack Engineer, Event Technology","Salesforce, Inc..","Seattle, Washington","","",serpapi_google_jobs,https://www.whatjobs.com/jobs/principal-full-stack-engineer-event-technology/seattle-washington?id=2644216134&utm_campaign=google_jobs_apply&utm_source=google_jobs_apply&utm_medium=organic,"","2026-04-19"
0,"","Event Technology Manager","First Global Management Services","Seattle, Washington","","",serpapi_google_jobs,https://bandana.com/jobs/a5481175-93c8-4113-9e32-557fc0ba3c74?utm_campaign=google_jobs_apply&utm_source=google_jobs_apply&utm_medium=organic,"","2026-04-02"
0,"","TR/CATERING & CONFERENCE SERVICES COORDINATOR","Tulalip Gaming Organization (TGO)","Seattle, Washington","","",serpapi_google_jobs,https://employment.tulalipresortcasino.com/job/1116/trcatering_amp_conference_services_coordinator?utm_campaign=google_jobs_apply&utm_source=google_jobs_apply&utm_medium=organic,"","2026-04-25"
0,"","Conference Services Manager","Pyramid Global Hospitality","Seattle, Washington","","",serpapi_google_jobs,https://www.tealhq.com/job/conference-services-manager_7ea1a3eb9818780ebfe168c9c1a52d5d58c0e?utm_campaign=google_jobs_apply&utm_source=google_jobs_apply&utm_medium=organic,"",""
0,"","AV & Event Technology Technician","Pinnacle Live, LLC","Boston, MA","","45K–60K a year",serpapi_google_jobs,https://talents.vaia.com/companies/pinnacle-live-llc/boston/av-event-technology-technician-for-live-hybrid-events-95131264/?utm_campaign=google_jobs_apply&utm_source=google_jobs_apply&utm_medium=organic,"","2026-04-08"
0,"","AV Specialist","ASM Global","Boston, MA","","",serpapi_google_jobs,https://www.breakroom.cc/en-us/jobs/listing/32978735-asm-global-av-specialist-boston-massachusetts-02108-united?utm_campaign=google_jobs_apply&utm_source=google_jobs_apply&utm_medium=organic,"",""
0,"","2nd Shift Conference Services Technician (Hiring Immediately)","FM","Norwood, MA (+1 other)","","",serpapi_google_jobs,https://www.talent.com/view?id=617073002087650930&utm_campaign=google_jobs_apply&utm_source=google_jobs_apply&utm_medium=organic,"","2026-04-27"
0,"","AV & Event Technology Operations Manager","Pinnacle Live","Boston, MA","","",serpapi_google_jobs,https://us.jobrapido.com/jobpreview/5191910302395924480?utm_campaign=google_jobs_apply&utm_source=google_jobs_apply&utm_medium=organic,"","2026-04-26"
0,"","Sales Director - Audio Visual, Event Technology","Pinnacle Live","Boston, MA","","",serpapi_google_jobs,https://jobs.jobvite.com/pinnaclelive/job/oucEzfwD?utm_campaign=google_jobs_apply&utm_source=google_jobs_apply&utm_medium=organic,"",""
0,"","Senior, Learning and Event Technology Specialist","Trigent Software Inc","Brookline, MA","","",serpapi_google_jobs,https://bebee.com/us/jobs/senior-learning-and-event-technology-specialist-jobs-via-dice-brookline-ma--theirstack-660550134?utm_campaign=google_jobs_apply&utm_source=google_jobs_apply&utm_medium=organic,"","2026-04-27"
0,"","AV & Event Technology Technician & Hybrid Events","Pinnacle Live, LLC","Boston, MA","","40K–60K a year",serpapi_google_jobs,https://www.learn4good.com/jobs/boston/massachusetts/creative_arts_and_media/4989849386/e/?utm_campaign=google_jobs_apply&utm_source=google_jobs_apply&utm_medium=organic,"","2026-04-02"
0,"","Women Impact Tech Event - Technology","Fidelity Investments","Boston, MA","","83K–158K a year",serpapi_google_jobs,https://career.io/job/women-impact-tech-event-technology-boston-fidelity-3d41c1c35e904fe736879407d29e7bb5?utm_campaign=google_jobs_apply&utm_source=google_jobs_apply&utm_medium=organic,"","2026-04-02"
0,"","Event Technology Specialist","Motion Recruitment","Boston, MA","","",serpapi_google_jobs,https://boston-ma.americanlisted.com/jobs/event-technology-specialist_8986264000.html?utm_campaign=google_jobs_apply&utm_source=google_jobs_apply&utm_medium=organic,"",""
0,"","2nd Shift Conference Services Technician - Cambridge, MA","FM","Massachusetts","","20.81–26.01 an hour",serpapi_google_jobs,https://oysterlink.com/job-posting/2nd-shift-conference-services-technician/?utm_campaign=google_jobs_apply&utm_source=google_jobs_apply&utm_medium=organic,"","2026-04-10"
0,"","Onsite AV Specialist - Events & User Support","AVI-SPL, Inc.","Rosemead, CA","","",serpapi_google_jobs,https://us.jobrapido.com/jobpreview/1302198253382533120?utm_campaign=google_jobs_apply&utm_source=google_jobs_apply&utm_medium=organic,"","2026-04-24"
0,"","Event Services Technician - Event Technology, Audio Visual","Pinnacle Live","Costa Mesa, CA","","",serpapi_google_jobs,https://jobs.jobvite.com/pinnaclelive/job/o4JMzfwS?utm_campaign=google_jobs_apply&utm_source=google_jobs_apply&utm_medium=organic,"",""
0,"","Conference Services & Program Coordinator","Whittier College","Whittier, CA","","",serpapi_google_jobs,https://www.higheredjobs.com/admin/details.cfm?JobCode=179430159&utm_campaign=google_jobs_apply&utm_source=google_jobs_apply&utm_medium=organic,"","2026-04-30"
0,"","Sr Live Event Technology Specialist","Paramount","Burbank, CA","","",serpapi_google_jobs,https://careers.paramount.com/job/New-York-Sr-Live-Event-Technology-Specialist-NY-10036/1374027700/?utm_campaign=google_jobs_apply&utm_source=google_jobs_apply&utm_medium=organic,"","2026-04-15"
0,"","Live Event AV Specialist – Onsite Production","Covestic Inc","East Los Angeles, CA","","",serpapi_google_jobs,https://talents.vaia.com/companies/covestic-inc/east-los-angeles/live-event-av-specialist-onsite-production-70468649/?utm_campaign=google_jobs_apply&utm_source=google_jobs_apply&utm_medium=organic,"",""
0,"","Sr Director, Event Technology I - JW Marriott LA Live","Encore Global","Los Angeles, CA","","",serpapi_google_jobs,https://jobs.encoreglobal.com/en/job/los-angeles/sr-director-event-technology-i-jw-marriott-la-live/6228/94353415616?utm_campaign=google_jobs_apply&utm_source=google_jobs_apply&utm_medium=organic,"","2026-04-24"
0,"","Conference Services Manager","Surf & Sand Laguna Beach","Laguna Beach, CA","","",serpapi_google_jobs,https://us.trabajo.org/job-4112-4d02c33d9635dad713e8de9172fc5d42?utm_campaign=google_jobs_apply&utm_source=google_jobs_apply&utm_medium=organic,"","2026-04-29"
0,"","Event Technology & Logistics Coordinator","Loyola Marymount University","Los Angeles, CA","","26.44–27.88 an hour",serpapi_google_jobs,https://www.whatjobs.com/jobs/impact-film-event-coordinator/los-angeles-california?id=2621800926&utm_campaign=google_jobs_apply&utm_source=google_jobs_apply&utm_medium=organic,"","2026-04-09"
0,"","Conference Services  Summer Assistant | Whittier College Conference Services | Handshake","Whittier College Conference Services","Whittier, CA","","16.90 an hour",serpapi_google_jobs,https://app.joinhandshake.com/public/jobs/10957509?utm_campaign=google_jobs_apply&utm_source=google_jobs_apply&utm_medium=organic,"","2026-04-15"
0,"","Event Services Supervisor - Audio Visual, Event Technology","Pinnacle Live","Washington, DC","","",jobspy_indeed,https://www.indeed.com/viewjob?jk=8987eeb8949a4180,"","2026-04-27"
0,"","Event Technology Technician - V1","Audio Visual Systems","Washington, DC","","",serpapi_google_jobs,https://www.learn4good.com/jobs/washington/district-of-columbia/info_technology/4909536852/e/?utm_campaign=google_jobs_apply&utm_source=google_jobs_apply&utm_medium=organic,"",""
0,"","Senior Event AV Specialist & Lead Technician","Encore Global","Washington, DC","","",serpapi_google_jobs,https://us.jobrapido.com/jobpreview/8138097373114007552?utm_campaign=google_jobs_apply&utm_source=google_jobs_apply&utm_medium=organic,"","2026-04-12"
0,"","Conference Services Lead — Events & AV Coordination","Aramark Corporation","Washington, DC","","69K–79K a year",serpapi_google_jobs,https://talents.vaia.com/companies/aramark-corporation/arlington/conference-services-lead-events-av-coordination-83006602/?utm_campaign=google_jobs_apply&utm_source=google_jobs_apply&utm_medium=organic,"",""
0,"","Academic and Event Technology Specialist I","Georgetown University","Washington, DC","","44,022.00–73,406.80 a year",serpapi_google_jobs,https://www.jobtarget.com/jobs/jt-ck7ixi46u3/copy-of-senior-event-technology-specialist-washington-dc-district-of-columbia?utm_campaign=google_jobs_apply&utm_source=google_jobs_apply&utm_medium=organic,"",""
0,"","AV Specialist: Event Tech & Client Service","Greenberg Traurig, LLP","Washington, DC","","35.79–40.77 an hour",serpapi_google_jobs,https://www.learn4good.com/jobs/washington/district-of-columbia/creative_arts_and_media/5007071052/e/?utm_campaign=google_jobs_apply&utm_source=google_jobs_apply&utm_medium=organic,"","2026-04-09"
0,"","AV Specialist","VSSI","Washington, DC","","",serpapi_google_jobs,https://www.indeed.com/viewjob?jk=a99cf9b544c02d4f&utm_campaign=google_jobs_apply&utm_source=google_jobs_apply&utm_medium=organic,"",""
0,"","IT - AV Specialist","TalentBurst, Inc.","Washington, DC","","",serpapi_google_jobs,https://www.theladders.com/job/it-implementation-specialist-oft-ccu-usgovernment-washington-dc_84919376?utm_campaign=google_jobs_apply&utm_source=google_jobs_apply&utm_medium=organic,"",""
0,"","Dynamic Live Events AV Specialist","Venable LLP","Washington, DC","","",serpapi_google_jobs,https://us.jobrapido.com/jobpreview/5103206514630328320?utm_campaign=google_jobs_apply&utm_source=google_jobs_apply&utm_medium=organic,"","2026-04-15"
0,"","CONFERENCE SERVICES ATTENDANT (FULL TIME)","Compass Group","Washington, DC","","",serpapi_google_jobs,https://careers.compass-usa.com/conference-services-attendant-full-time/job/9A3BA9D26D85A4D8BA0123E35F188503?utm_campaign=google_jobs_apply&utm_source=google_jobs_apply&utm_medium=organic,"","2026-04-28"
0,"","Onsite AV Specialist","Diversified","United States","","29.27–35.00 an hour",serpapi_google_jobs,https://www.glassdoor.com/job-listing/onsite-av-specialist-diversified-JV_IC1132348_KO0,20_KE21,32.htm?jl=1010105809652&utm_campaign=google_jobs_apply&utm_source=google_jobs_apply&utm_medium=organic,"","2026-04-18"
0,"","Event Services Technician - Event Technology, Audio Visual","Pinnacle Live","United States","","",serpapi_google_jobs,https://www.tealhq.com/job/event-services-technician_7ea1a0f3345681b62ec22d888ab8ad464f5a0?utm_campaign=google_jobs_apply&utm_source=google_jobs_apply&utm_medium=organic,"",""
0,"","Venue Director I – Audio Visual, Event Technology","Pinnacle Live","United States","","",serpapi_google_jobs,https://talents.vaia.com/companies/pinnacle-live/venue-director-i-audio-visual-event-technology-50701075/?utm_campaign=google_jobs_apply&utm_source=google_jobs_apply&utm_medium=organic,"",""
0,"","AV Specialist","Legends Attractions, LLC","United States","","",serpapi_google_jobs,https://asmglobal.wd1.myworkdayjobs.com/en-US/careers/job/AV-Specialist_R100121607?utm_campaign=google_jobs_apply&utm_source=google_jobs_apply&utm_medium=organic,"",""
0,"","Client Success Coordinator, Event Technology","ConferenceDirect LLC","United States","","50K–60K a year",serpapi_google_jobs,https://www.ziprecruiter.com/c/ConferenceDirect/Job/Client-Success-Coordinator,-Event-Technology/-in-Remote,US?jid=0a8b37f563a7cedf&utm_campaign=google_jobs_apply&utm_source=google_jobs_apply&utm_medium=organic,"","2026-04-28"
0,"","Event Technology Project Manager","Opus Agency","United States","","",serpapi_google_jobs,https://jobs.jobvite.com/opus/job/oDRSzfwF?utm_campaign=google_jobs_apply&utm_source=google_jobs_apply&utm_medium=organic,"",""
0,"","Senior Event Technology Specialist","Encore Global","United States","","",serpapi_google_jobs,https://us.jobrapido.com/jobpreview/5732787559889633280?utm_campaign=google_jobs_apply&utm_source=google_jobs_apply&utm_medium=organic,"","2026-04-25"
0,"","IT Live Event Technology Lead","The Phoenix Group","United States","","30–40 an hour",serpapi_google_jobs,https://jobs.towardsai.net/job/jandj-family-of-companies-it-manager-sap-btp-security-lead-lvve?utm_campaign=google_jobs_apply&utm_source=google_jobs_apply&utm_medium=organic,"","2026-04-17"
0,"","Event Technology Specialist","Robert Half","Anywhere","","",serpapi_google_jobs,https://bebee.com/us/jobs/event-technology-specialist-robert-half-massachusetts--theirstack-642838990?utm_campaign=google_jobs_apply&utm_source=google_jobs_apply&utm_medium=organic,"",""
0,"","Sr Live Event Technology Specialist","Paramount+","United States","","110K–165K a year",serpapi_google_jobs,https://www.glassdoor.com/job-listing/sr-live-event-technology-specialist-paramount-JV_KO0,35_KE36,45.htm?jl=1010103228851&utm_campaign=google_jobs_apply&utm_source=google_jobs_apply&utm_medium=organic,"","2026-04-15"
0,"","AudioVisual Event Technician","Five-Star AudioVisual","Chicago, Illinois","","",serpapi_google_jobs,https://www.jobleads.com/us/job/audiovisual-event-technician-part-time-north-michigan-ave-chicago-il-88--chicago--e5c284cd1fce6f8ce46a000c34d2a26d4?utm_campaign=google_jobs_apply&utm_source=google_jobs_apply&utm_medium=organic,"","2026-04-27"
0,"","Audiovisual Technician - Live Events","Ansera","Chicago, Illinois","","60K–75K a year",serpapi_google_jobs,https://career.io/job/audiovisual-technician-live-events-gurnee-ansera-bcd84aa5366be7734727db779c1fc3ff?utm_campaign=google_jobs_apply&utm_source=google_jobs_apply&utm_medium=organic,"","2026-04-06"
0,"","AV Systems Engineer","DaVita Inc.","Chicago, Illinois","","",serpapi_google_jobs,https://talents.vaia.com/companies/davita-inc/av-systems-engineer-34244394/?utm_campaign=google_jobs_apply&utm_source=google_jobs_apply&utm_medium=organic,"",""
0,"","Audiovisual Technician III - Hard Rock Live","170 815 Entertainment, LLC","Chicago, Illinois","","",serpapi_google_jobs,https://www.tealhq.com/job/audiovisual-technician-iii_7ea1ae0db754a4e3a922761863eda256862a7?utm_campaign=google_jobs_apply&utm_source=google_jobs_apply&utm_medium=organic,"","2026-04-16"
0,"","Audiovisual Installation Technician - Entry-Level","Pearl Technology","Chicago, Illinois","","19–20 an hour",serpapi_google_jobs,https://talents.vaia.com/companies/pearl-technology/audiovisual-installation-technician-entry-level-30614565/?utm_campaign=google_jobs_apply&utm_source=google_jobs_apply&utm_medium=organic,"",""
0,"","AV Service Technician - USB Camera Bar Retrofit","eTeam","Chicago, Illinois","","",serpapi_google_jobs,https://lensa.com/job-v1/eteam/schaumburg-il/av-technician/7e67cbbbcfadc1ea229598733a9c5314?utm_campaign=google_jobs_apply&utm_source=google_jobs_apply&utm_medium=organic,"",""
0,"","AV Systems Engineer Associate","Northwestern University","Chicago, Illinois","","",serpapi_google_jobs,https://www.udiversity.com/posting/7323543?utm_campaign=google_jobs_apply&utm_source=google_jobs_apply&utm_medium=organic,"",""
0,"","Audiovisual Technician III - Hard Rock","Hard Rock International","Chicago, Illinois","","60K a year",serpapi_google_jobs,https://www.learn4good.com/jobs/rockford/illinois/entertainment/5034483771/e/?utm_campaign=google_jobs_apply&utm_source=google_jobs_apply&utm_medium=organic,"","2026-04-16"
0,"","Audiovisual Technician","Eskenazi Health","Chicago, Illinois","","",serpapi_google_jobs,https://www.tealhq.com/job/audiovisual-technician_7ea1a772cd2d792c88a03c976a004ecdd03e2?utm_campaign=google_jobs_apply&utm_source=google_jobs_apply&utm_medium=organic,"",""
0,"","Audiovisual Technician","Legends Global","New York, New York","","26 an hour",serpapi_google_jobs,https://career.io/job/audiovisual-technician-new-york-legends-global-bc8169c5713750334444f682b3c58314?utm_campaign=google_jobs_apply&utm_source=google_jobs_apply&utm_medium=organic,"",""
0,"","In-house hotel audiovisual technician – M/F","Morgan & Mallet International","New York, New York","","5.4K a month",serpapi_google_jobs,https://hospitality-staffing.agency/jobs/0007-pam-audio-visual-technician-nyc/?utm_campaign=google_jobs_apply&utm_source=google_jobs_apply&utm_medium=organic,"",""
0,"","AudioVisual Technician","Ask IT consulting","New York, New York","","",serpapi_google_jobs,https://bandana.com/jobs/d9f2877c-1bd5-464a-9405-9f6dfdfca025?utm_campaign=google_jobs_apply&utm_source=google_jobs_apply&utm_medium=organic,"",""
0,"","Audiovisual Technician","Lucid Motors","New York, New York","","34–47 an hour",serpapi_google_jobs,https://www.breakroom.cc/en-us/jobs/listing/35078710-lucid-motors-audiovisual-technician-newark-united-states?utm_campaign=google_jobs_apply&utm_source=google_jobs_apply&utm_medium=organic,"","2026-04-16"
0,"","Audiovisual Technician","Pittwater LLC","New York, New York","","38–44 an hour",serpapi_google_jobs,https://www.glassdoor.com/job-listing/audiovisual-technician-pittwater-llc-JV_IC1148355_KO0,22_KE23,36.htm?jl=1010108359209&utm_campaign=google_jobs_apply&utm_source=google_jobs_apply&utm_medium=organic,"","2026-04-20"
0,"","Senior AV Systems Engineer — Livestream & Event Spaces (NYC)","Shopify","New York, New York","","",serpapi_google_jobs,https://us.jobrapido.com/jobpreview/8199857456642260992?utm_campaign=google_jobs_apply&utm_source=google_jobs_apply&utm_medium=organic,"","2026-04-26"
0,"","Audio-visual technician – M/F","Morgan & Mallet International","New York, New York","","3.2K a month",serpapi_google_jobs,https://hospitality-staffing.agency/jobs/0130-pam-audio-visual-technician-nyc/?utm_campaign=google_jobs_apply&utm_source=google_jobs_apply&utm_medium=organic,"",""
0,"","AV Systems Engineer – Seamless Meeting Tech & Support","SPS","New York, New York","","",serpapi_google_jobs,https://us.jobrapido.com/jobpreview/2241449979736489984?utm_campaign=google_jobs_apply&utm_source=google_jobs_apply&utm_medium=organic,"","2026-04-01"
0,"","A/V Technician — NYC Observatory (Onsite)","Legends Global","New York, New York","","",serpapi_google_jobs,https://us.jobrapido.com/jobpreview/6909399004589588480?utm_campaign=google_jobs_apply&utm_source=google_jobs_apply&utm_medium=organic,"","2026-04-19"
0,"","AudioVisual Technician Jr.","NETSPEAR INC","New York, New York","","29.00–30.77 an hour",serpapi_google_jobs,https://paycomonline.net/v4/ats/web.php/portal/af87974779d39c9fa3d660565a540ef5/jobs/134372?utm_campaign=google_jobs_apply&utm_source=google_jobs_apply&utm_medium=organic,"","2026-04-28"
0,"","Audio Visual Technician","Astreya","San Francisco, California","","",serpapi_google_jobs,https://california.topstatecareers.com/jobs/audio-visual-technician-san-francisco-california/2735432080-2/?utm_campaign=google_jobs_apply&utm_source=google_jobs_apply&utm_medium=organic,"","2026-04-20"
0,"","Lead AV Systems Engineer & Onsite Project Lead","Astreya","San Francisco, California","","",serpapi_google_jobs,https://us.jobrapido.com/jobpreview/5074602444755828736?utm_campaign=google_jobs_apply&utm_source=google_jobs_apply&utm_medium=organic,"","2026-04-15"
0,"","Audiovisual Technician","Canaan Sound & Light, Inc.","San Francisco, California","","20–25 an hour",serpapi_google_jobs,https://www.indeed.com/viewjob?jk=4b3b1e6d70b899af&utm_campaign=google_jobs_apply&utm_source=google_jobs_apply&utm_medium=organic,"","2026-04-28"
0,"","Audiovisual Technician","Lucid Motors","San Francisco, California","","",serpapi_google_jobs,https://ev.careers/jobs/444248165-audiovisual-technician?utm_campaign=google_jobs_apply&utm_source=google_jobs_apply&utm_medium=organic,"","2026-04-26"
0,"","Audiovisual Technician","HCL Technologies Limited - Business Services","San Francisco, California","","49K–88K a year",serpapi_google_jobs,https://www.indeed.com/viewjob?jk=98f6c6382fc46fce&utm_campaign=google_jobs_apply&utm_source=google_jobs_apply&utm_medium=organic,"",""
0,"","Audio Visual Engineer","Roblox","San Francisco, California","","",serpapi_google_jobs,https://gamecompanies.com/jobs/audio-visual-engineer-ep7xcubrdzs86z8u074g939wb?utm_campaign=google_jobs_apply&utm_source=google_jobs_apply&utm_medium=organic,"",""
0,"","Audiovisual Technician (As Needed)","Asianart","San Francisco, California","","",serpapi_google_jobs,https://talents.vaia.com/companies/asianart/audiovisual-technician-as-needed-33403388/?utm_campaign=google_jobs_apply&utm_source=google_jobs_apply&utm_medium=organic,"",""
0,"","Audio Visual Specialist","MDC Low Voltage Systems","San Francisco, California","","",serpapi_google_jobs,https://bebee.com/us/jobs/audio-visual-specialist-mdc-low-voltage-systems-walnut-creek-ca--theirstack-668371802?utm_campaign=google_jobs_apply&utm_source=google_jobs_apply&utm_medium=organic,"","2026-04-21"
0,"","Audiovisual Technician","University Presbyterian Church","Seattle, Washington","","",serpapi_google_jobs,https://www.indeed.com/viewjob?jk=154758d89fae0491&utm_campaign=google_jobs_apply&utm_source=google_jobs_apply&utm_medium=organic,"",""
0,"","Audiovisual Engineer","Rylem Staffing","Seattle, Washington","","100K–130K a year",serpapi_google_jobs,https://bebee.com/us/jobs/audiovisual-engineer-rylem-staffing-arlington-washington-united-states--appcast-10440_4401452517?utm_campaign=google_jobs_apply&utm_source=google_jobs_apply&utm_medium=organic,"","2026-04-15"
0,"","AV Systems Engineer – Onsite Support & System Optimization","WideNet Consulting Group","Seattle, Washington","","",serpapi_google_jobs,https://talents.vaia.com/companies/widenet-consulting-group/bellevue/av-systems-engineer-onsite-support-system-optimization-70261682/?utm_campaign=google_jobs_apply&utm_source=google_jobs_apply&utm_medium=organic,"",""
0,"","Hybrid AV Systems Engineer: Automation & Operations","TEK NINJAS","Seattle, Washington","","60K–80K a year",serpapi_google_jobs,https://www.learn4good.com/jobs/seattle/washington/info_technology/5037548725/e/?utm_campaign=google_jobs_apply&utm_source=google_jobs_apply&utm_medium=organic,"","2026-04-16"
0,"","AV Technician","Really BIG Video","Seattle, Washington","","20–28 an hour",serpapi_google_jobs,https://www.indeed.com/viewjob?jk=31b184d590a9dbe1&utm_campaign=google_jobs_apply&utm_source=google_jobs_apply&utm_medium=organic,"","2026-04-06"
0,"","A/V Production Manager","ilani","Seattle, Washington","","",serpapi_google_jobs,https://bebee.com/us/jobs/a-v-production-manager-ilani-ridgefield-wa--theirstack-663943434?utm_campaign=google_jobs_apply&utm_source=google_jobs_apply&utm_medium=organic,"","2026-04-15"
0,"","Audiovisual Technician","Pittwater LLC","Hartford, CT","","38–44 an hour",serpapi_google_jobs,https://www.glassdoor.com/job-listing/audiovisual-technician-pittwater-llc-JV_IC1148399_KO0,22_KE23,36.htm?jl=1010108359201&utm_campaign=google_jobs_apply&utm_source=google_jobs_apply&utm_medium=organic,"","2026-04-20"
0,"","Audiovisual Installation Technician","Ambient Sound","Warwick, RI","","",serpapi_google_jobs,https://www.simplyhired.com/job/57K0mZRJJSqXS6580xAJGC197Dr-5QThiLXM-hN_RKZFJwLSMx7Lfw?utm_campaign=google_jobs_apply&utm_source=google_jobs_apply&utm_medium=organic,"",""
0,"","Audio Visual Implementation Project Specialist","The Whiteside Agency","New York, NY","","81.5K–134K a year",serpapi_google_jobs,https://www.ziprecruiter.com/c/Whiteside-Agency/Job/Audio-Visual-Implementation-Project-Specialist/-in-New-York,NY?jid=8743317c9a083268&utm_campaign=google_jobs_apply&utm_source=google_jobs_apply&utm_medium=organic,"","2026-04-30"
0,"","AV Systems Engineer - Production & Network Infra","Christ Fellowship","New York","","70K–90K a year",serpapi_google_jobs,https://www.jobleads.com/us/job/av-systems-engineer-production-network-infra--town-of-florida--eeac1a7e097f41af5a14405bdea13ba1d?utm_campaign=google_jobs_apply&utm_source=google_jobs_apply&utm_medium=organic,"","2026-04-26"
0,"","Installation Technician (High-End Resi AV, Lighting, Shading, Control)","TheCoTeam, LLC","Massachusetts","","",serpapi_google_jobs,https://lensa.com/job-v1/thecoteam-llc/needham-heights-ma/installation-technician/e3d01d028e0b584dc729508b78cf54e0?utm_campaign=google_jobs_apply&utm_source=google_jobs_apply&utm_medium=organic,"",""
0,"","Audio Visual Break-Fix Technician","A-V Services, Inc.","Fairfield, NJ","","",serpapi_google_jobs,https://bebee.com/us/jobs/audio-visual-break-fix-technician-a-v-services-inc-fairfield-nj--theirstack-672422874?utm_campaign=google_jobs_apply&utm_source=google_jobs_apply&utm_medium=organic,"","2026-04-27"
0,"","Senior AV (Audiovisual) Engineer - Information Technology Services","University at Albany, State University of New York","STUYVSNT PLZ, NY","","87K–93K a year",serpapi_google_jobs,https://www.theladders.com/job/senior-av-audiovisual-engineer-information-technology-services-statejobsny-albany-ny_85005860?ir=1&utm_campaign=google_jobs_apply&utm_source=google_jobs_apply&utm_medium=organic,"",""
0,"","Post-Sales AV Systems Architect | Design QC & Travel","TEKsystems","Andover, MA","","100K–120K a year",serpapi_google_jobs,https://www.jobleads.com/us/job/post-sales-av-systems-architect-design-qc-travel--andover--e9bee06878eb327304361e90ba8e7ba8d?utm_campaign=google_jobs_apply&utm_source=google_jobs_apply&utm_medium=organic,"","2026-04-16"
0,"","Audiovisual Technician","EIDIM Group, Inc.","Los Angeles, California","","4,507–5,373 a month",serpapi_google_jobs,https://bebee.com/us/jobs/audiovisual-technician-eidim-group-inc-fullerton-ca--theirstack-667713685?utm_campaign=google_jobs_apply&utm_source=google_jobs_apply&utm_medium=organic,"","2026-04-21"
0,"","Audiovisual Technician","Fixated Events","Los Angeles, California","","400–800 a day",serpapi_google_jobs,https://www.productionhub.com/job/64471/audiovisual-technician?utm_campaign=google_jobs_apply&utm_source=google_jobs_apply&utm_medium=organic,"","2026-04-28"
0,"","AudioVisual Event Technician - Part-Time - Downtown Santa Monica, CA (132)","Five-Star AudioVisual","Los Angeles, California","","21–26 an hour",serpapi_google_jobs,https://www.paycomonline.net/v4/ats/web.php/portal/31CA892941D77F94333D5908B72E02CD/jobs/303126?utm_campaign=google_jobs_apply&utm_source=google_jobs_apply&utm_medium=organic,"","2026-04-21"
0,"","Audiovisual (AV) Technician - II","Avidex Industries LLC","Los Angeles, California","","27–35 an hour",serpapi_google_jobs,https://lensa.com/job-v1/avidex/lake-forest-ca/av-technician/b4ced16a8acf9285a2ecafcc4198c756?utm_campaign=google_jobs_apply&utm_source=google_jobs_apply&utm_medium=organic,"",""
0,"","Audiovisual Technician/Installer","Court Video Conferencing Services","Los Angeles, California","","25–27 an hour",serpapi_google_jobs,https://www.indeed.com/viewjob?jk=5ae582b584934798&utm_campaign=google_jobs_apply&utm_source=google_jobs_apply&utm_medium=organic,"",""
0,"","Audiovisual Technician","Associated Students UCLA","Los Angeles, California","","17.90 an hour",serpapi_google_jobs,https://bandana.com/jobs/59d8d724-7c5b-40bd-9ba6-4a88dae410fc?utm_campaign=google_jobs_apply&utm_source=google_jobs_apply&utm_medium=organic,"",""
0,"","Audio Visual Technician (Part-time)","Safety NetAccess Inc","Los Angeles, California","","",serpapi_google_jobs,https://lensa.com/job-v1/safety-netaccess-inc/oceanside-ca/av-technician-part-time/dc551d0c7a887ae352ea0346a031a994?utm_campaign=google_jobs_apply&utm_source=google_jobs_apply&utm_medium=organic,"",""
0,"","Audio Visual Technician","Edwards Lifesciences","Los Angeles, California","","20–30 an hour",serpapi_google_jobs,https://www.jobzmall.com/edwards-lifesciences/job/audio-visual-technician-1?utm_campaign=google_jobs_apply&utm_source=google_jobs_apply&utm_medium=organic,"",""
0,"","AV Systems Engineer","Bosch Building Technologies LLC","Los Angeles, California","","",serpapi_google_jobs,https://us.jobrapido.com/jobpreview/2919716781398425600?utm_campaign=google_jobs_apply&utm_source=google_jobs_apply&utm_medium=organic,"","2026-04-11"
0,"","Audio Visual Engineer","Zachary Piper","Washington, DC","","",serpapi_google_jobs,https://careers.zacharypiper.com/details/165164/audio_visual_engineer?utm_campaign=google_jobs_apply&utm_source=google_jobs_apply&utm_medium=organic,"","2026-04-28"
0,"","Audiovisual Technician","George Washington University","Washington, DC","","28.78–43.31 an hour",serpapi_google_jobs,https://www.breakroom.cc/en-us/jobs/listing/32701547-george-washington-university-audiovisual-technician?utm_campaign=google_jobs_apply&utm_source=google_jobs_apply&utm_medium=organic,"",""
0,"","Audio Visual Specialist","University of Maryland","Washington, DC","","99K–119K a year",serpapi_google_jobs,https://www.jobleads.com/us/job/audio-visual-specialist--college-park--e70bfc877f50d468cb5b0df3ea5c39455?utm_campaign=google_jobs_apply&utm_source=google_jobs_apply&utm_medium=organic,"","2026-04-08"
0,"","Entry Level Audiovisual Video Wall Technician","Pixel Wall Inc.","Washington, DC","","18–25 an hour",serpapi_google_jobs,https://tallo.com/talent/job/design-and-media/audio-or-visual-technician/va/chantilly/entry-level-audiovisual-video-80125968?utm_campaign=google_jobs_apply&utm_source=google_jobs_apply&utm_medium=organic,"",""
0,"","Audio Visual Technician / Producer","Jobs via Dice","Washington, DC","","",serpapi_google_jobs,https://bebee.com/us/jobs/audio-visual-technician-producer-visionsoft-international-rockville-md-united-states--oneredce-6874_15e4fd5507a5eb26255b8a57877d041c?utm_campaign=google_jobs_apply&utm_source=google_jobs_apply&utm_medium=organic,"","2026-04-28"
0,"","Audiovisual Engineer: Logitech/Crestron Expert (Onsite)","National Capitol Contracting LLC","Washington, DC","","",serpapi_google_jobs,https://us.jobrapido.com/jobpreview/6709928147699105792?utm_campaign=google_jobs_apply&utm_source=google_jobs_apply&utm_medium=organic,"","2026-04-27"
0,"","Audiovisual Technician (Counterintelligence Polygraph)","Boeing","Washington, DC","","",serpapi_google_jobs,https://talents.vaia.com/companies/boeing/audiovisual-technician-counterintelligence-polygraph-31565478/?utm_campaign=google_jobs_apply&utm_source=google_jobs_apply&utm_medium=organic,"",""
0,"","Audiovisual Technician","Boeing","Washington, DC","","45K–60K a year",serpapi_google_jobs,https://www.jobzmall.com/boeing/job/audiovisual-technician?utm_campaign=google_jobs_apply&utm_source=google_jobs_apply&utm_medium=organic,"",""
0,"","AV Systems Engineer","Bosch Building Technologies LLC","United States","","85K–110K a year",serpapi_google_jobs,https://bebee.com/us/jobs/av-systems-engineer-climatec-arvada--lensa-2365_5283f644104b070bd6b660ec34a8b5c30df6f8fbd9dec2043a29cef58a5032ea?utm_campaign=google_jobs_apply&utm_source=google_jobs_apply&utm_medium=organic,"",""
0,"","Audiovisual Technician","Pivot Solutions LLC","United States","","80K–110K a year",serpapi_google_jobs,https://www.glassdoor.com/job-listing/audiovisual-technician-pivot-solutions-az-JV_IC1148208_KO0,22_KE23,41.htm?jl=1010064025215&utm_campaign=google_jobs_apply&utm_source=google_jobs_apply&utm_medium=organic,"","2026-04-11"
0,"","Audio Visual Technician","National Capitol Contracting LLC","United States","","",serpapi_google_jobs,https://www.jobtarget.com/jobs/jt-yzm96lg0iq/audio-visual-technician-denver-colorado?utm_campaign=google_jobs_apply&utm_source=google_jobs_apply&utm_medium=organic,"",""
0,"","AUDIOVISUAL TECHNICIAN","Hard Rock","United States","","",serpapi_google_jobs,https://talents.vaia.com/companies/hard-rock/audiovisual-technician-24498210/?utm_campaign=google_jobs_apply&utm_source=google_jobs_apply&utm_medium=organic,"",""
0,"","Lead Audiovisual Technician","Prime Partners","United States","","",serpapi_google_jobs,https://bebee.com/us/jobs/lead-audiovisual-technician-prime-partners--techmap_us_5WY8VRW3?utm_campaign=google_jobs_apply&utm_source=google_jobs_apply&utm_medium=organic,"","2026-04-25"
0,"","Audiovisual Technician III - Hard Rock Live","170 815 Entertainment, LLC","United States","","",serpapi_google_jobs,https://seminolehardrock.wd503.myworkdayjobs.com/en-US/seminolehardrockcareers/job/Audiovisual-Technician-III---Hard-Rock-Live_R3224-1?utm_campaign=google_jobs_apply&utm_source=google_jobs_apply&utm_medium=organic,"","2026-04-22"
0,"","Junior Corporate Audio Visual Technician - Chicagoland area","REKRUITD","United States","","",serpapi_google_jobs,https://www.linkedin.com/jobs/view/junior-corporate-audio-visual-technician-chicagoland-area-at-rekruitd-4405863886?utm_campaign=google_jobs_apply&utm_source=google_jobs_apply&utm_medium=organic,"","2026-04-23"
0,"","AV Systems Engineer I – Secure IT & Python Specialist","Chugach Alaska Corporation","United States","","",serpapi_google_jobs,https://www.whatjobs.com/jobs/av-systems-engineer-i/colorado-springs-colorado?id=2647268114&utm_campaign=google_jobs_apply&utm_source=google_jobs_apply&utm_medium=organic,"","2026-04-20"
0,"","Lead Installation Tech: Commercial Audio Visual-Denver, CO","MediaCentric Integration Inc.","United States","","35–41 an hour",serpapi_google_jobs,https://www.indeed.com/viewjob?jk=23b09249947d061b&utm_campaign=google_jobs_apply&utm_source=google_jobs_apply&utm_medium=organic,"","2026-04-18"
0,"","AV Support","Tekgence Inc","United States","","",serpapi_google_jobs,https://www.jobleads.com/us/job/av-support--denver--e419b28a11dcd300c9563e8978d2908cd?utm_campaign=google_jobs_apply&utm_source=google_jobs_apply&utm_medium=organic,"","2026-04-25"
0,"","BRAVO - Lighting Designer","Oak Park Elementary School District 97","Chicago, Illinois","","1.5K a week",serpapi_google_jobs,https://www.k12jobspot.com/Job/5364916?utm_campaign=google_jobs_apply&utm_source=google_jobs_apply&utm_medium=organic,"",""
0,"","Intermediate Lighting Designer","IA Interior Architects","Chicago, Illinois","","65K–80K a year",serpapi_google_jobs,https://careers-aeieng.icims.com/jobs/5521/lighting-designer-i-ii/job?utm_campaign=google_jobs_apply&utm_source=google_jobs_apply&utm_medium=organic,"",""
0,"","BRAVO - Lighting Designer","Oak Park Elementary District 97","Chicago, Illinois","","",serpapi_google_jobs,https://lensa.com/job-v1/oak-park-elementary-school-district-97/oak-park-il/lighting-designer/7d033a35d30e4f441deca61446f0fb90?utm_campaign=google_jobs_apply&utm_source=google_jobs_apply&utm_medium=organic,"",""
0,"","Senior Lighting Designer (Chicago)","The Lighting Practice","Chicago, Illinois","","",serpapi_google_jobs,https://www.jobleads.com/us/job/senior-lighting-designer-chicago--chicago--e11f1ec2a6d7a736ead39d694e1dcda31?utm_campaign=google_jobs_apply&utm_source=google_jobs_apply&utm_medium=organic,"",""
0,"","Senior Lighting Designer - Hybrid, Leading Diverse Projects","The Lighting Practice","Chicago, Illinois","","",serpapi_google_jobs,https://us.jobrapido.com/jobpreview/428479550347804672?utm_campaign=google_jobs_apply&utm_source=google_jobs_apply&utm_medium=organic,"","2026-04-01"
0,"","Outdoor Lighting Technician - Willing to Train","The Illuminators Outdoor Lighting","Chicago, Illinois","","35K–45K a year",serpapi_google_jobs,https://www.indeed.com/viewjob?jk=61f388d84b8d9187&utm_campaign=google_jobs_apply&utm_source=google_jobs_apply&utm_medium=organic,"","2026-04-13"
0,"","Lighting Designer I/II: From Concept to Construction","Affiliated Engineers Inc","Chicago, Illinois","","65K–80K a year",serpapi_google_jobs,https://us.jobrapido.com/jobpreview/3156895561362178048?utm_campaign=google_jobs_apply&utm_source=google_jobs_apply&utm_medium=organic,"","2026-04-25"
0,"","Senior Lighting Designer - Power Plant & Industrial","Sargent Lundy","Chicago, Illinois","","",serpapi_google_jobs,https://bebee.com/us/jobs/senior-lighting-designer-power-plant-industrial-sargent-lundy-chicago--whatjobs-4881_3895587?utm_campaign=google_jobs_apply&utm_source=google_jobs_apply&utm_medium=organic,"","2026-04-23"
0,"","Senior Electrical Lighting Designer 1 - Energy & Industrial","Sargent & Lundy","Chicago, Illinois","","",serpapi_google_jobs,https://bebee.com/us/jobs/senior-electrical-lighting-designer-1-energy-industrial-sargent-lundy-chicago--lensa-2365_8a4833734f403b2b72d387c288bd23c1ad5bb8686a08a859f19df7b2a98fb6bc?utm_campaign=google_jobs_apply&utm_source=google_jobs_apply&utm_medium=organic,"","2026-04-04"
0,"","Theme Lighting Designer Senior - Project Hire/Internal Assignment","Walt Disney Imagineering","United States","","",serpapi_google_jobs,https://www.disneycareers.com/en/job/glendale/theme-lighting-designer-senior-project-hire-internal-assignment/391/94309470480?utm_campaign=google_jobs_apply&utm_source=google_jobs_apply&utm_medium=organic,"","hace 2 días"
0,"","Lighting Technician","GPI Design","United States","","",serpapi_google_jobs,https://bebee.com/us/jobs/lighting-technician-gpi-design-westlake--talent-f1e7a61a91a5?utm_campaign=google_jobs_apply&utm_source=google_jobs_apply&utm_medium=organic,"","hace 1 día"
0,"","Lighting Designer / Lighting Operator","Litemakers, LLC","United States","","De USD 6.5 K a USD 13 k por mes",serpapi_google_jobs,https://bebee.com/us/jobs/lighting-designer-lighting-operator-litemakers-llc-los-angeles-ca--theirstack-671763719?utm_campaign=google_jobs_apply&utm_source=google_jobs_apply&utm_medium=organic,"","hace 4 días"
0,"","Junior Architectural Designer/ Lighting Designer","Archinect","United States","","",serpapi_google_jobs,https://www.linkedin.com/jobs/view/junior-architectural-designer-lighting-designer-at-archinect-4408549916?utm_campaign=google_jobs_apply&utm_source=google_jobs_apply&utm_medium=organic,"","hace 2 días"
0,"","Lighting Designer","CMTA","United States","","",serpapi_google_jobs,https://www.wearelegence.com/jobs/lighting-designer?utm_campaign=google_jobs_apply&utm_source=google_jobs_apply&utm_medium=organic,"",""
0,"","Lighting Programmer","Sexy Lites Inc","United States","","",serpapi_google_jobs,https://www.jobleads.com/us/job/lighting-programmer--las-vegas--e7f9f56e9dd2210710f8a73991511976d?utm_campaign=google_jobs_apply&utm_source=google_jobs_apply&utm_medium=organic,"","hace 6 días"
0,"","Entertainment Lead Lighting Technician","Kings Dominion","United States","","",serpapi_google_jobs,https://bebee.com/us/jobs/entertainment-lead-lighting-technician-kings-dominion-maidens--lifeworq-76325cdc-f5d8-44de-813c-7fb1a6d2fb3c?utm_campaign=google_jobs_apply&utm_source=google_jobs_apply&utm_medium=organic,"","hace 4 días"
0,"","Senior Lighting Designer","Dialight","United States","","",serpapi_google_jobs,https://lensa.com/job-v1/dialight-corporation/farmingdale-nj/senior-lighting-designer/20ab6e1b15e0ef1d5b36fcfe97e4db02?utm_campaign=google_jobs_apply&utm_source=google_jobs_apply&utm_medium=organic,"","hace 5 días"
0,"","Lighting Technician","University of California Santa Cruz","United States","","De USD 28.36 a USD 30.72 por hora",serpapi_google_jobs,https://www.facilitiesjobsinhighered.com/job-details/?title=Lighting_Technician&id=7101361&utm_campaign=google_jobs_apply&utm_source=google_jobs_apply&utm_medium=organic,"","hace 7 días"
0,"","Senior Video Engineer – Live Events","Gowithlive","Chicago, Illinois","","",serpapi_google_jobs,https://talents.vaia.com/companies/gowithlive/gurnee/senior-video-engineer-live-events-90246767/?utm_campaign=google_jobs_apply&utm_source=google_jobs_apply&utm_medium=organic,"",""
0,"","Lead Live Events Video Engineer","Gowithlive","Chicago, Illinois","","72K–108K a year",serpapi_google_jobs,https://talents.vaia.com/companies/gowithlive/gurnee/lead-live-events-video-engineer-90272618/?utm_campaign=google_jobs_apply&utm_source=google_jobs_apply&utm_medium=organic,"",""
0,"","AV / Live Video Engineer","TEKsystems","Chicago, Illinois","","",serpapi_google_jobs,https://onemainfinancial-veteranjobs.dejobs.org/east-peoria-il/av-live-video-engineer/1B47F731ABD34733B321ABA270885E4B/job/?utm_campaign=google_jobs_apply&utm_source=google_jobs_apply&utm_medium=organic,"","2026-04-17"
0,"","Video Engineer","Regent University","Chicago, Illinois","","",serpapi_google_jobs,https://careers.regent.edu/jobs/video-engineer-va-united-states?utm_campaign=google_jobs_apply&utm_source=google_jobs_apply&utm_medium=organic,"","2026-04-10"
0,"","Live Event Video Engineer: LED Walls & Switchers","ON Services","Chicago, Illinois","","70K–90K a year",serpapi_google_jobs,https://www.jobleads.com/us/job/live-event-video-engineer-led-walls-switchers--norcross--e6afce0796a5147e00d94d5db21665466?utm_campaign=google_jobs_apply&utm_source=google_jobs_apply&utm_medium=organic,"","2026-04-22"
0,"","Senior Audio/Video Engineer - Project Hire","Walt Disney Imagineering","Chicago, Illinois","","",serpapi_google_jobs,https://www.disneycareers.com/en/job/glendale/senior-audio-video-engineer-project-hire/391/94219483184?utm_campaign=google_jobs_apply&utm_source=google_jobs_apply&utm_medium=organic,"","2026-04-20"
0,"","Audio Video Engineer","The Content Lab","Chicago, Illinois","","23.19–27.93 an hour",serpapi_google_jobs,https://bebee.com/us/jobs/audio-video-engineer-zen-community-outreach-miramar-beach-fl--theirstack-673078749?utm_campaign=google_jobs_apply&utm_source=google_jobs_apply&utm_medium=organic,"","2026-04-28"
0,"","Video Engineer","Epic","Chicago, Illinois","","48K–84K a year",serpapi_google_jobs,https://talents.vaia.com/companies/epic/video-engineer-34175250/?utm_campaign=google_jobs_apply&utm_source=google_jobs_apply&utm_medium=organic,"",""
0,"","IP Video Engineer (Encoding & Pipeline)","pureIntegration","Chicago, Illinois","","62–67 an hour",serpapi_google_jobs,https://jobright.ai/jobs/info/69e5ee937820c036924cdce8?visit=iptv-engineer-jobs-in-united-states&utm_campaign=google_jobs_apply&utm_source=google_jobs_apply&utm_medium=organic,"","2026-04-19"
0,"","Video Engineer","Della Infotech, Inc.","Nashville, TN","","",serpapi_google_jobs,https://www.whatjobs.com/jobs/video-engineer/nashville-tennessee?id=2661547326&utm_campaign=google_jobs_apply&utm_source=google_jobs_apply&utm_medium=organic,"","2026-04-27"
0,"","LED Technician - Part Time -Miami Market","ANC","Miami, FL","","30 an hour",serpapi_google_jobs,https://www.glassdoor.com/job-listing/led-technician-part-time-miami-market-anc-JV_IC1154170_KO0,37_KE38,41.htm?jl=1010096835398&utm_campaign=google_jobs_apply&utm_source=google_jobs_apply&utm_medium=organic,"","2026-04-09"
0,"","Video Engineer/ (V1)","Stagedge","Tewksbury, MA","","",serpapi_google_jobs,https://us.jobrapido.com/jobpreview/6282109891318382592?utm_campaign=google_jobs_apply&utm_source=google_jobs_apply&utm_medium=organic,"",""
0,"","Projection Technician — Digital Cinema Maintenance","Cinema West Inc.","El Segundo, CA","","",serpapi_google_jobs,https://www.whatjobs.com/jobs/projection-technician-digital-cinema/el-segundo-california?id=2627886494&utm_campaign=google_jobs_apply&utm_source=google_jobs_apply&utm_medium=organic,"","2026-04-10"
0,"","LED Technician","Astound Group LLC","Las Vegas, NV","","",serpapi_google_jobs,https://trabajos.univision.com/empleo/23-16275_af5318f418?utm_campaign=google_jobs_apply&utm_source=google_jobs_apply&utm_medium=organic,"",""
0,"","Jr Algorithms/Video Engineer - Full-time","TRL11, Inc.","Irvine, CA","","",serpapi_google_jobs,https://www.snagajob.com/jobs/1070529685?utm_campaign=google_jobs_apply&utm_source=google_jobs_apply&utm_medium=organic,"","2026-04-30"
0,"","Brew Crews","4Wall Entertainment, Inc.","Moonachie, NJ","","95K a year",serpapi_google_jobs,https://tallo.com/talent/job/nj/moonachie/show-crew-led-technician-2bf99738?utm_campaign=google_jobs_apply&utm_source=google_jobs_apply&utm_medium=organic,"",""
0,"","Technical Director (PT) Live Events","Bon Secours Wellness Arena","United States","","",serpapi_google_jobs,https://talents.vaia.com/companies/bon-secours-wellness-arena/technical-director-pt-live-events-37033913/?utm_campaign=google_jobs_apply&utm_source=google_jobs_apply&utm_medium=organic,"",""
0,"","Graphics Operator, Live Events – part-time","Bon Secours Wellness Arena","United States","","",serpapi_google_jobs,https://talents.vaia.com/companies/bon-secours-wellness-arena/graphics-operator-live-events-part-time-36613300/?utm_campaign=google_jobs_apply&utm_source=google_jobs_apply&utm_medium=organic,"",""
0,"","Live Events Tech Director: Onsite Leadership & Innovation","System One","United States","","",serpapi_google_jobs,https://talents.vaia.com/companies/system-one/live-events-tech-director-onsite-leadership-innovation-74173872/?utm_campaign=google_jobs_apply&utm_source=google_jobs_apply&utm_medium=organic,"",""
0,"","Technical Director – Theatre & Live Events","Illinois Park and Recreation Association","United States","","60K–68K a year",serpapi_google_jobs,https://talents.vaia.com/companies/illinois-park-and-recreation-association/technical-director-theatre-live-events-77292823/?utm_campaign=google_jobs_apply&utm_source=google_jobs_apply&utm_medium=organic,"",""
0,"","Associate AD for Broadcast Engineering","Baylor Careers","United States","","",serpapi_google_jobs,https://ejof.fa.us2.oraclecloud.com/hcmUI/CandidateExperience/en/sites/BaylorCareers/job/19870?utm_campaign=google_jobs_apply&utm_source=google_jobs_apply&utm_medium=organic,"",""
0,"","Senior Live Event Producer","TAIT","United States","","105K–145K a year",serpapi_google_jobs,https://talents.vaia.com/companies/tait/senior-live-event-producer-33339710/?utm_campaign=google_jobs_apply&utm_source=google_jobs_apply&utm_medium=organic,"",""
0,"","Freelance Show Director (R50026603)","Fox Corporation","United States","","",serpapi_google_jobs,https://talents.vaia.com/companies/fox-corporation/freelance-show-director-r50026603-26743575/?utm_campaign=google_jobs_apply&utm_source=google_jobs_apply&utm_medium=organic,"",""
0,"","Stage Manager","Melody Musical Theater Group","United States","","",serpapi_google_jobs,https://www.coloradotheatreguild.org/job/melody-musical-theater-group-joanna-ramsey-theater-at-wesminster-public-high-school-33-stage-manager/?utm_campaign=google_jobs_apply&utm_source=google_jobs_apply&utm_medium=organic,"","2026-04-21"
0,"","Stagehand (PT)","The Town of Parker","United States","","19.10–24.20 an hour",serpapi_google_jobs,https://www.governmentjobs.com/careers/townofparker/jobs/5305107/stagehand-pt?utm_campaign=google_jobs_apply&utm_source=google_jobs_apply&utm_medium=organic,"","2026-04-08"
0,"","Assistant Stage Manager Job in Shadowland Stages 2026-27 Season, Stage Manager","Shadowland Artists Inc.","United States","","519 a week",serpapi_google_jobs,https://www.backstage.com/casting/shadowland-stages-2026-27-season-stage-manager-3152480/assistant-stage-manager-5525654/?utm_campaign=google_jobs_apply&utm_source=google_jobs_apply&utm_medium=organic,"","2026-04-27"
0,"","Stagehand","Summit Music Hall","United States","","18.29–20.00 an hour",serpapi_google_jobs,https://www.entertainmentcareers.net/summit-music-hall/stagehand/job/502405/?utm_campaign=google_jobs_apply&utm_source=google_jobs_apply&utm_medium=organic,"",""
0,"","Stage Manager at The Spark Boulder","The Spark Boulder","United States","","",serpapi_google_jobs,https://www.coloradotheatreguild.org/job/the-spark-boulder-boulder-33-stage-manager-at-the-spark-boulder/?utm_campaign=google_jobs_apply&utm_source=google_jobs_apply&utm_medium=organic,"","2026-04-08"
0,"","Dynamic Touring Assistant Stage Manager","Playbill, Inc.","United States","","",serpapi_google_jobs,https://talents.vaia.com/companies/playbill-inc/colorado-springs/dynamic-touring-assistant-stage-manager-73573489/?utm_campaign=google_jobs_apply&utm_source=google_jobs_apply&utm_medium=organic,"",""
0,"","Entry Level Production Technician","Oculus Inc","United States","","21–23 an hour",serpapi_google_jobs,https://bebee.com/us/jobs/entry-level-production-technician-oculus-inc-lakewood-co--theirstack-665389371?utm_campaign=google_jobs_apply&utm_source=google_jobs_apply&utm_medium=organic,"","2026-04-22"
0,"","Stagehand- Summit","Live Nation","United States","","18.29–20.00 an hour",serpapi_google_jobs,https://salutemyjob.com/jobs/stagehand-summit-denver-colorado/2739667151-2/?utm_campaign=google_jobs_apply&utm_source=google_jobs_apply&utm_medium=organic,"",""
0,"","Civic Center Stagehand (Part Time)","CITY OF CHEYENNE","United States","","15.00–18.50 an hour",serpapi_google_jobs,https://www.paycomonline.net/v4/ats/web.php/portal/C6E4DB03F6E598E0CD3297D232112011/jobs/185594?utm_campaign=google_jobs_apply&utm_source=google_jobs_apply&utm_medium=organic,"",""
0,"","Stage Manager - Theater for Kids Until Filled Denver, CO at Connect The Arts Denver, CO","Connect The Arts","United States","","",serpapi_google_jobs,https://denahaffner.com/apply/job/stage-manager-theater-for-kids-until-filled-denver-co-at-connect-the-arts-denver-co-cDNqd25CS3N2UDhPbmhoSmtISTRFWG5YNUE9PQ==?utm_campaign=google_jobs_apply&utm_source=google_jobs_apply&utm_medium=organic,"","2026-04-28"
0,"","Broadcast Operations Technician — Studio & Control","AAJA24","Chicago, Illinois","","",serpapi_google_jobs,https://talents.vaia.com/companies/aaja24/milwaukee/broadcast-operations-technician-studio-control-75412224/?utm_campaign=google_jobs_apply&utm_source=google_jobs_apply&utm_medium=organic,"",""
0,"","Broadcast Operations Technician","Hearst Television","Chicago, Illinois","","",serpapi_google_jobs,https://www.entertainmentcareers.net/hearst-television/broadcast-operations-technician/job/518640/?utm_campaign=google_jobs_apply&utm_source=google_jobs_apply&utm_medium=organic,"","2026-04-19"
0,"","Broadcast Maintenance Technician","Paramount","Chicago, Illinois","","91,447–130,102 a year",serpapi_google_jobs,https://www.dayonejobs.com/jobs/public/1897116604?utm_campaign=google_jobs_apply&utm_source=google_jobs_apply&utm_medium=organic,"",""
0,"","Remote Sound Technicians and Broadcast Technicians – USA","Highbrow Technology Inc","Anywhere","","",serpapi_google_jobs,https://talents.vaia.com/companies/highbrow-technology-inc/remote-sound-technicians-and-broadcast-technicians-usa-44776130/?utm_campaign=google_jobs_apply&utm_source=google_jobs_apply&utm_medium=organic,"",""
0,"","M365 Copilot Studio Engineer","Zurich North America","Chicago, Illinois","","",serpapi_google_jobs,https://bebee.com/us/jobs/m365-copilot-studio-engineer-zurich-north-america-schaumburg-il--theirstack-638874773?utm_campaign=google_jobs_apply&utm_source=google_jobs_apply&utm_medium=organic,"",""
0,"","Studio Engineer (AI & Generative Workflows)","Ford Motor Company","Chicago, Illinois","","",serpapi_google_jobs,https://www.careers.ford.com/job/dearborn/studio-engineer-ai-and-generative-workflows/48560/94299672160?utm_campaign=google_jobs_apply&utm_source=google_jobs_apply&utm_medium=organic,"","2026-04-22"
0,"","Part-Time Field Broadcast Technician — Remote Site Support","Sarkes Tarzian","Chicago, Illinois","","",serpapi_google_jobs,https://www.jobleads.com/us/job/part-time-field-broadcast-technician-remote-site-support--fort-wayne--eb1839f6987ff7bc28bd2469b8e1707e9?utm_campaign=google_jobs_apply&utm_source=google_jobs_apply&utm_medium=organic,"","2026-04-25"
0,"","Broadcast Engineer, Maintenance","Nexstar Media Group","Chicago, Illinois","","",serpapi_google_jobs,https://www.mediabistro.com/jobs/3062349110-broadcast-engineer-maintenance?utm_campaign=google_jobs_apply&utm_source=google_jobs_apply&utm_medium=organic,"",""
0,"","Broadcast Operations Operator","Primary Talent Partners","United States","","18–22 an hour",serpapi_google_jobs,https://www.linkedin.com/jobs/view/broadcast-operations-operator-at-primary-talent-partners-4408040657?utm_campaign=google_jobs_apply&utm_source=google_jobs_apply&utm_medium=organic,"","2026-04-28"
0,"","Media Broadcast Technician","Phaxis","United States","","19.00–24.04 an hour",serpapi_google_jobs,https://jobs.phaxis.com/jb/Media-Broadcast-Technician-Jobs-in-Centennial-CO/14045257?utm_campaign=google_jobs_apply&utm_source=google_jobs_apply&utm_medium=organic,"","2026-04-27"
0,"","Technician – Broadcast Operations","DISH Network","United States","","34K–54K a year",serpapi_google_jobs,https://www.jobzmall.com/dish-network/job/technician-broadcast-operations?utm_campaign=google_jobs_apply&utm_source=google_jobs_apply&utm_medium=organic,"",""
0,"","Broadcast Engineer","Kroenke Sports & Entertainment","United States","","",serpapi_google_jobs,https://www.teamworkonline.com/multiple-properties/kroenkesportsjobs/kroenke-sports---entertainment/broadcast-engineer-2126149?utm_campaign=google_jobs_apply&utm_source=google_jobs_apply&utm_medium=organic,"",""
0,"","Broadcast Operations Specialist - $24 p/hour","AppleOne Employment Services","United States","","20–24 an hour",serpapi_google_jobs,https://aerojobs.co.com/jobs/ramp-agent-tarmac-operations-specialist-4f14ae.html?utm_campaign=google_jobs_apply&utm_source=google_jobs_apply&utm_medium=organic,"","2026-04-29"
0,"","Broadcast Engineering","JotForm Inc","United States","","",serpapi_google_jobs,https://jooble.org/rjdp/5049022502620282713?utm_campaign=google_jobs_apply&utm_source=google_jobs_apply&utm_medium=organic,"","2026-04-25"
0,"","Broadcast Operations Center Engineer","CCB iHeartMedia + Entertainment, Inc. | MPG","Anywhere","","",serpapi_google_jobs,https://iheartmedia.wd5.myworkdayjobs.com/ihm_programming_operations_site/job/virtual-tx/broadcast-operations-center-engineer_req38201-1/apply?utm_campaign=google_jobs_apply&utm_source=google_jobs_apply&utm_medium=organic,"",""
0,"","Studio Engineer","Vonmod","United States","","60K–90K a year",serpapi_google_jobs,https://www.indeed.com/viewjob?jk=47219adefa3a78a8&utm_campaign=google_jobs_apply&utm_source=google_jobs_apply&utm_medium=organic,"",""
0,"","Production Technician - Ford","Dynamic Manufacturing","Hillside, IL","","18.00–21.50 an hour",serpapi_google_jobs,https://bebee.com/us/jobs/production-technician-ford-dynamic-manufacturing-inc-hillside-il--theirstack-668187394?utm_campaign=google_jobs_apply&utm_source=google_jobs_apply&utm_medium=organic,"",""
0,"","Production Technician - All Shifts","Dynamic Manufacturing","Hillside, IL","","18.00–21.50 an hour",serpapi_google_jobs,https://www.tealhq.com/job/production-technician_7ea1a9538e09f32d1c381ebd141633540f085?utm_campaign=google_jobs_apply&utm_source=google_jobs_apply&utm_medium=organic,"",""
0,"","Bensenville, IL – Utilities Division Production Technician I","Village of Bensenville","Bensenville, IL","","",serpapi_google_jobs,https://www.govhrusa.com/job/village-of-bensenville-bensenville-55-utilities-division-production-technician-i/?utm_campaign=google_jobs_apply&utm_source=google_jobs_apply&utm_medium=organic,"","2026-04-09"
0,"","Production Technician","Panduit","Orland Park, IL","","20.50 an hour",serpapi_google_jobs,https://www.oriontalent.com/search-jobs/career/11603314/production-technician-illinois-il-orland-park?utm_source=rss&utm_medium=rss&utm_campaign=rss&utm_campaign=google_jobs_apply&utm_source=google_jobs_apply&utm_medium=organic,"","2026-04-28"
0,"","Future Opportunities - Join Our Talent Pipeline for Production Technician I, II, III (Multiple Shifts)","AbbVie","North Chicago, IL","","",serpapi_google_jobs,https://jobs.smartrecruiters.com/AbbVie/3743990012828942-future-opportunities-join-our-talent-pipeline-for-production-technician-i-ii-iii-multiple-shifts-?utm_campaign=google_jobs_apply&utm_source=google_jobs_apply&utm_medium=organic,"","2026-04-27"
0,"","Production Technician I (12-Hour Overnight Shift)","Fresenius Kabi","Melrose Park, IL","","",serpapi_google_jobs,https://www.tealhq.com/job/production-technician-i_7ea1a7f81db19ab7d5e7470990ac140e85769?utm_campaign=google_jobs_apply&utm_source=google_jobs_apply&utm_medium=organic,"","2026-04-13"
0,"","Quari - Ice Production Technician (Ice Artisan)","Quari Ice","Chicago, IL","","2,947 a month",serpapi_google_jobs,https://bebee.com/us/jobs/quari-ice-production-technician-ice-artisan-quari-ice-chicago-il--theirstack-672297895?utm_campaign=google_jobs_apply&utm_source=google_jobs_apply&utm_medium=organic,"","2026-04-27"
0,"","Production Technician 2nd Shift","Plastipak Careers","Alsip, IL","","",serpapi_google_jobs,https://www.tealhq.com/job/production-technician_7ea1a1048ed77ae7f6351b612a22041f33d57?utm_campaign=google_jobs_apply&utm_source=google_jobs_apply&utm_medium=organic,"","2026-04-02"
0,"","Production Technician","Trossen Robotics","Downers Grove, IL","","50K–55K a year",serpapi_google_jobs,https://bebee.com/us/jobs/production-technician-trossen-robotics-downers-grove-illinois-united-states--appcast-10440_4400780656?utm_campaign=google_jobs_apply&utm_source=google_jobs_apply&utm_medium=organic,"","2026-04-14"
0,"","PRODUCTION TECHNICIAN","EVG Extracts","United States","","",serpapi_google_jobs,https://www.tealhq.com/job/production-technician_7ea1ad70b502c77b94a9e8ed6973e1770e800?utm_campaign=google_jobs_apply&utm_source=google_jobs_apply&utm_medium=organic,"","2026-04-07"
0,"","Production Technician","FIRST RF","United States","","20–35 an hour",serpapi_google_jobs,https://bebee.com/us/jobs/production-technician-golden-aluminum-boulder--lensa-7428_45928dddd0f511a36d27675611d0aed972109393a3a3d39304001e3b9ccca5ba?utm_campaign=google_jobs_apply&utm_source=google_jobs_apply&utm_medium=organic,"",""
0,"","Production Technician","Spherion","United States","","22 an hour",serpapi_google_jobs,https://www.spherion.com/jobs/production-technician_aurora_46805452/?utm_campaign=google_jobs_apply&utm_source=google_jobs_apply&utm_medium=organic,"","2026-04-28"
0,"","Production Technician","Cargill","United States","","23 an hour",serpapi_google_jobs,https://www.jobzmall.com/cargill/job/production-technician-jifldzhfti?utm_campaign=google_jobs_apply&utm_source=google_jobs_apply&utm_medium=organic,"","2026-04-26"
0,"","Media Technician (This is for the 26/27 School Year)","Adams 12 Five Star Schools","United States","","19.87–24.00 an hour",serpapi_google_jobs,https://www.adzuna.com/details/5714220041?utm_campaign=google_jobs_apply&utm_source=google_jobs_apply&utm_medium=organic,"","2026-04-30"
0,"","Production Technician","Lightship","United States","","17–25 an hour",serpapi_google_jobs,https://staging.lightshiprv.com/careers/ce7a215a-4d06-49d6-b12a-8f15918d24eb?utm_campaign=google_jobs_apply&utm_source=google_jobs_apply&utm_medium=organic,"",""
0,"","Production Technician","Proximity Malt","United States","","20–25 an hour",serpapi_google_jobs,https://www.glassdoor.com/job-listing/production-technician-proximity-malt-JV_IC1148031_KO0,21_KE22,36.htm?jl=1009907343481&utm_campaign=google_jobs_apply&utm_source=google_jobs_apply&utm_medium=organic,"","2026-04-13"
0,"","Media Technician","Green River College","United States","","",serpapi_google_jobs,https://main.hercjobs.org/jobs/22208754/media-technician?utm_campaign=google_jobs_apply&utm_source=google_jobs_apply&utm_medium=organic,"","2026-04-18"
0,"","RF Technician","WR Systems","United States","","",serpapi_google_jobs,https://www.jobleads.com/us/job/rf-technician--norfolk--eb65316be73a95d4591c8dcf19e61762e?utm_campaign=google_jobs_apply&utm_source=google_jobs_apply&utm_medium=organic,"","2026-04-29"
0,"","RF Technician","WR Systems","Anywhere","","",serpapi_google_jobs,https://www.tealhq.com/job/rf-technician_7ea1a621c0350e13974b566fd766be1285b40?utm_campaign=google_jobs_apply&utm_source=google_jobs_apply&utm_medium=organic,"","2026-04-28"
0,"","RF Technician","Technology Service Corporation (TSC)","United States","","",serpapi_google_jobs,https://www.tealhq.com/job/rf-technician_7ea1a39125ecb39ae033956224c5af537f65a?utm_campaign=google_jobs_apply&utm_source=google_jobs_apply&utm_medium=organic,"","2026-04-23"
0,"","RF Technician, Calibration Specialist","Agile Calibration","United States","","",serpapi_google_jobs,https://salutemyjob.com/jobs/rf-technician-calibration-specialist-east-stroudsburg-pennsylvania/2735447503-2/?utm_campaign=google_jobs_apply&utm_source=google_jobs_apply&utm_medium=organic,"","2026-04-20"
0,"","RF Technician","MICRO PRECISION CALIBRATION INC","United States","","",serpapi_google_jobs,https://www.jobtarget.com/jobs/jt-0b15q7uoga/rf-technician-lenexa-kansas?utm_campaign=google_jobs_apply&utm_source=google_jobs_apply&utm_medium=organic,"","2026-04-13"
0,"","Wireless RF Technician I","GCI Communication Corp","United States","","40K–60K a year",serpapi_google_jobs,https://www.jobleads.com/us/job/wireless-rf-technician-i-juneau-ak--juneau--ed2dd4b7cf062bc798aca7b03e3ea854f?utm_campaign=google_jobs_apply&utm_source=google_jobs_apply&utm_medium=organic,"","2026-04-27"
0,"","Rf Technician","Actalent","United States","","30 an hour",serpapi_google_jobs,https://careers.actalentservices.com/us/en/job/JP-005974069/Rf-Technician?utm_campaign=google_jobs_apply&utm_source=google_jobs_apply&utm_medium=organic,"","2026-04-26"
0,"","RF Technician","Duotech Services LLC","United States","","",serpapi_google_jobs,https://recruiting.paylocity.com/recruiting/jobs/Details/2286666/Duotech-Services-LLC/RF-Technician?source=Indeed_Feed&utm_campaign=google_jobs_apply&utm_source=google_jobs_apply&utm_medium=organic,"",""
0,"","Radio Frequency (RF) Technician III - PNW","HetNet Wireless","United States","","45–50 an hour",serpapi_google_jobs,https://jobs.towardsai.net/job/pacific-northwest-national-laboratory-senior-data-scientist-iii-ai-for-radio-frequency-rf-signals-processing-iu91?utm_campaign=google_jobs_apply&utm_source=google_jobs_apply&utm_medium=organic,"","2026-04-02"
0,"","RF Technician","INDUSTRIAL COMMUNICATIONS","United States","","",serpapi_google_jobs,https://us.trabajo.org/job-4023-9d5b8ffd299286e4a922cc1894271760?utm_campaign=google_jobs_apply&utm_source=google_jobs_apply&utm_medium=organic,"","2026-04-15"
0,"","AV Installer","Top Prospect Consulting","United States","","20–30 an hour",serpapi_google_jobs,https://www.indeed.com/viewjob?jk=537bab3951eddb5c&utm_campaign=google_jobs_apply&utm_source=google_jobs_apply&utm_medium=organic,"","2026-04-27"
0,"","Low Voltage Technician","High Point Systems Integration, LLC","United States","","18–24 an hour",serpapi_google_jobs,https://recruiterflow.com/rolincstaffing/jobs/13447?utm_campaign=google_jobs_apply&utm_source=google_jobs_apply&utm_medium=organic,"","2026-04-21"
0,"","Audio/Video and Low Voltage Technician","High Country Low Voltage","United States","","25–45 an hour",serpapi_google_jobs,https://www.indeed.com/viewjob?jk=504bfde95d018900&utm_campaign=google_jobs_apply&utm_source=google_jobs_apply&utm_medium=organic,"",""
0,"","Low Voltage Technician","Ontivity LLC","United States","","",serpapi_google_jobs,https://trabajos.univision.com/empleo/23-14660_13D7B1304F42F287F8EB29A22B3458A5?utm_campaign=google_jobs_apply&utm_source=google_jobs_apply&utm_medium=organic,"","2026-04-21"
0,"","Low Voltage Technician","Peoria Communications","United States","","20–26 an hour",serpapi_google_jobs,https://bebee.com/us/jobs/low-voltage-technician-peoria-communications-longmont-co--theirstack-646865067?utm_campaign=google_jobs_apply&utm_source=google_jobs_apply&utm_medium=organic,"",""
0,"","Maintenance Low Voltage Technician","CML Security","United States","","25–50 an hour",serpapi_google_jobs,https://talents.vaia.com/companies/cml-security/maintenance-low-voltage-technician-21820482/?utm_campaign=google_jobs_apply&utm_source=google_jobs_apply&utm_medium=organic,"","2026-04-08"
0,"","Entry Level Field Low Voltage Technician","TEKsystems c/o Allegis Group","United States","","60K–80K a year",serpapi_google_jobs,https://www.jobleads.com/us/job/entry-level-field-low-voltage-technician--colorado-springs--eb7c848da448738f61954911842cccb07?utm_campaign=google_jobs_apply&utm_source=google_jobs_apply&utm_medium=organic,"","2026-04-23"
0,"","Low Voltage Technician/Custom Installer","Audiosmith","United States","","20–30 an hour",serpapi_google_jobs,https://www.workonward.com/en/job-search/detail/5a9edba4-ae11-481a-97fa-5071c935e65e?utm_campaign=google_jobs_apply&utm_source=google_jobs_apply&utm_medium=organic,"","2026-04-09"
0,"",""Entry Level" Field Low Voltage Technician","TEKsystems","United States","","41,600–47,840 a month",serpapi_google_jobs,https://bebee.com/us/jobs/entry-level-field-low-voltage-technician-teksystems-colorado-springs-co--theirstack-650965930?utm_campaign=google_jobs_apply&utm_source=google_jobs_apply&utm_medium=organic,"",""
0,"","Low Voltage Technician","Walmart","United States","","80,080 a year",serpapi_google_jobs,https://tallo.com/talent/job/technology/cyber-or-information-security-engineer-or-analyst/co/grand-junction/low-voltage-technician-34a2d77b?utm_campaign=google_jobs_apply&utm_source=google_jobs_apply&utm_medium=organic,"",""
0,"","Venue Technician","Warner Bros Discovery","United States","","42K–60K a year",serpapi_google_jobs,https://talents.vaia.com/companies/warner-bros-discovery/venue-technician-82136076/?utm_campaign=google_jobs_apply&utm_source=google_jobs_apply&utm_medium=organic,"",""
0,"","Broadcast Liaison Replay Operator","NASCAR Event Management, LLC","United States","","",serpapi_google_jobs,https://nascar.wd1.myworkdayjobs.com/en-US/NASCAR/job/Broadcast-Liaison-Replay-Operator_JR14091?utm_campaign=google_jobs_apply&utm_source=google_jobs_apply&utm_medium=organic,"",""
0,"","Venue Technician – Las Vegas","F1 Arcade","Las Vegas, NM","","",serpapi_google_jobs,https://talents.vaia.com/companies/f1-arcade/venue-technician-las-vegas-32726622/?utm_campaign=google_jobs_apply&utm_source=google_jobs_apply&utm_medium=organic,"",""
0,"","Venue Technician - Opening Team!","Level99 Entertainment","United States","","",serpapi_google_jobs,https://us.jobsora.com/job-48380926287?utm_campaign=google_jobs_apply&utm_source=google_jobs_apply&utm_medium=organic,"","2026-04-09"
0,"","Master Electrician","JF","United States","","",serpapi_google_jobs,https://www.whatjobs.com/jobs/master-electrician/louisville-colorado?id=2659869161&utm_campaign=google_jobs_apply&utm_source=google_jobs_apply&utm_medium=organic,"","2026-04-26"
0,"","Master Electrician - Field Services","Crusoe","United States","","",serpapi_google_jobs,https://jobs.ashbyhq.com/crusoe/5f803496-8968-44bf-ae78-531567fbe2f9?utm_campaign=google_jobs_apply&utm_source=google_jobs_apply&utm_medium=organic,"",""
0,"","Travel Electrician - Journeyman or Master Electrician","Fuze HR Solutions Inc.","United States","","30–45 an hour",serpapi_google_jobs,https://myavionte.com/sonar/api/jobpost/gJob?jobArgs=Tmt8jXaE8XIvKHtv-u14vA&utm_campaign=google_jobs_apply&utm_source=google_jobs_apply&utm_medium=organic,"","2026-04-01"
0,"","Master Electrician","UCHealth","United States","","",serpapi_google_jobs,https://jobs.stevenagefc.com/jobs/master-electrician-parker-colorado/2742997925-2/?utm_campaign=google_jobs_apply&utm_source=google_jobs_apply&utm_medium=organic,"","2026-04-27"
0,"","Site Master Electrician","140 Pfizer Inc","United States","","",serpapi_google_jobs,https://pfizer.wd1.myworkdayjobs.com/de-DE/PfizerCareers/job/Site-Master-Electrician_4952665-2?utm_campaign=google_jobs_apply&utm_source=google_jobs_apply&utm_medium=organic,"","2026-04-20"
0,"","Master Electrician","Mister Sparky of Colorado Springs, CO","United States","","35–50 an hour",serpapi_google_jobs,https://www.ihireconstruction.com/jobs/view/504923493?utm_campaign=google_jobs_apply&utm_source=google_jobs_apply&utm_medium=organic,"",""
0,"","Master Electrician (Silent-Aire)","Johnson Controls, Inc.","United States","","",serpapi_google_jobs,https://talents.vaia.com/companies/johnson-controls-inc/master-electrician-silent-aire-41359894/?utm_campaign=google_jobs_apply&utm_source=google_jobs_apply&utm_medium=organic,"",""
0,"","Master Electrician (Dallas Water Utilities - Civil Service) in , United States","Energy Jobline ATTB","United States","","",serpapi_google_jobs,https://www.energyjobline.com/job/master-electrician-dallas-water-utilities-civil-service-united-states-30296408?utm_campaign=google_jobs_apply&utm_source=google_jobs_apply&utm_medium=organic,"","2026-04-27"
0,"","Licensed Master Electrician","Patriot Enterprises","United States","","120K a year",serpapi_google_jobs,https://www.tradesmenup.com/jobs/230481699-licensed-master-electrician?utm_campaign=google_jobs_apply&utm_source=google_jobs_apply&utm_medium=organic,"",""
0,"","Senior Data Science & Insights Manager, APAC, Bloomberg Media","Bloomberg","","Tier 2 — Finance","",career_page,https://bloomberg.avature.net/careers/JobDetail/Senior-Data-Science-Insights-Manager-APAC-Bloomberg-Media/18911,"",""
0,"","Audiovisual Support Technician","Fast Track Solutions II","Chicago, Illinois","","$25 - $30 (hourly)",jobspy_indeed,https://www.indeed.com/viewjob?jk=84c8df6ca7603d55,"","2026-04-29"
0,"","Event Production Assistant – Audio/DJ Support","DAZZLE EVENTS","Chicago, Illinois","","$25 - $45 (hourly)",jobspy_indeed,https://www.indeed.com/viewjob?jk=f73d5e2a9dd16cff,"","2026-04-28"
0,"","AudioVisual Event Technician - Part-Time (North Michigan Ave) Chicago, IL (88)","Five-Star Audio Visual","Chicago, Illinois","","$18 - $22 (hourly)",jobspy_indeed,https://www.indeed.com/viewjob?jk=79fb0be5b2c061aa,"","2026-04-27"
0,"","AUDIO VISUAL TECHNICIAN (ON CALL)","Eurest","Chicago, Illinois","","$25 - $40 (hourly)",jobspy_indeed,https://www.indeed.com/viewjob?jk=5d3b4791f4b2ac1e,"","2026-04-23"
0,"","Outdoor A/V Movie Technician","Premiere Outdoor Movies","New York, New York","","$20 - $30 (hourly)",jobspy_indeed,https://www.indeed.com/viewjob?jk=4c7337a7320c1349,"","2026-04-28"
0,"","Audio Video Technician","Distinctive Technologies Pvt. Ltd","New York, New York","","$25 - $45 (hourly)",jobspy_indeed,https://www.indeed.com/viewjob?jk=b12a9f089f3ad3f4,"","2026-04-28"
0,"","Event Technician, Audio Visual Part Time Casual - Westin, Jersey City","Encore Global","New York, New York","","$17 - $22 (hourly)",jobspy_indeed,https://www.indeed.com/viewjob?jk=a0ce32662d49df3e,"","2026-04-24"
0,"","Hotel Audio Visual Event Technician","Markey's","New York, New York","","$20 - $30 (hourly)",jobspy_indeed,https://www.indeed.com/viewjob?jk=b393e689f03da493,"","2026-04-24"
0,"","Senior AV Installation Technician","FORTÉ","New York, New York","","$35 - $48 (hourly)",jobspy_indeed,https://www.indeed.com/viewjob?jk=0bb774eea9e86786,"","2026-04-24"
0,"","Live Event Audio/Visual Specialist","NYU Langone Health","New York, New York","","$70,481 - $91,339 (yearly)",jobspy_indeed,https://www.indeed.com/viewjob?jk=a6ad3112c55f7b28,"","2026-04-24"
0,"","Sound Supervisor","McCarter Theatre Center","New York, New York","","",jobspy_indeed,https://www.indeed.com/viewjob?jk=64817917f2d38156,"","2026-04-23"
0,"","Senior Audio Visual (AV) Technician","Shopify","New York, New York","","$86,500 - $150,900 (yearly)",jobspy_indeed,https://www.indeed.com/viewjob?jk=36bd505e90e5b685,"","2026-04-23"
0,"","Embedded Drivers Engineer, Audio & Media Technologies","Apple","San Francisco, California","","$126,800 - $220,900 (yearly)",jobspy_indeed,https://www.indeed.com/viewjob?jk=5bfa48db98b23e00,"","2026-04-30"
0,"","Deposition Officer - Legal Audio / Visual Technician","Planet Depos","San Francisco, California","","$26 - $28 (hourly)",jobspy_indeed,https://www.indeed.com/viewjob?jk=b31800675159542d,"","2026-04-29"
0,"","Project Engineer - Audio/Visual","BEI Construction","San Francisco, California","","$36 - $43 (hourly)",jobspy_indeed,https://www.indeed.com/viewjob?jk=de2509b61e87a5d6,"","2026-04-28"
0,"","Audiovisual Archives Technician (contract)","Wells Fargo","San Francisco, California","","$30 - $35 (hourly)",jobspy_indeed,https://www.indeed.com/viewjob?jk=8529d0b9077522be,"","2026-04-28"
0,"","Freelance AV Install Technician","nan","San Francisco, California","","$35 - $45 (hourly)",jobspy_indeed,https://www.indeed.com/viewjob?jk=28f4c570abc1b5aa,"","2026-04-28"
0,"","Senior Software Performance Engineer - AV Platform","NVIDIA","San Francisco, California","","$224,000 - $431,250 (yearly)",jobspy_indeed,https://www.indeed.com/viewjob?jk=03886425a3559c6b,"","2026-04-27"
0,"","Software Engineer, Connected Audio, Sensing & Connectivity","Apple","San Francisco, California","","$147,400 - $272,100 (yearly)",jobspy_indeed,https://www.indeed.com/viewjob?jk=62570ca48e192d80,"","2026-04-27"
0,"","Sr Audio QA Engineer","Apple","San Francisco, California","","$172,100 - $305,600 (yearly)",jobspy_indeed,https://www.indeed.com/viewjob?jk=d5f65d952a9db229,"","2026-04-27"
0,"","Audio Quality Engineer, Audio & Media Technologies","Apple","San Francisco, California","","$141,800 - $258,600 (yearly)",jobspy_indeed,https://www.indeed.com/viewjob?jk=f8c828e1cef79877,"","2026-04-27"
0,"","Software Engineer II - Middleware - AV Labs","Uber","San Francisco, California","","$171,000 - $190,000 (yearly)",jobspy_indeed,https://www.indeed.com/viewjob?jk=7ec38eb034762535,"","2026-04-26"
0,"","Software Engineer II, Mobile Engineer","Uber","San Francisco, California","","$171,000 - $190,000 (yearly)",jobspy_indeed,https://www.indeed.com/viewjob?jk=22220d1bebf19572,"","2026-04-23"
0,"","AV Technology Specialist","creatv","San Francisco, California","","$33 - $39 (hourly)",jobspy_indeed,https://www.indeed.com/viewjob?jk=7d299459f188ab64,"","2026-04-24"
0,"","Senior Software Engineer - Maps & Localization - AV Labs","Uber","San Francisco, California","","$202,000 - $224,000 (yearly)",jobspy_indeed,https://www.indeed.com/viewjob?jk=f06f8ff8ca6757aa,"","2026-04-24"
0,"","Event Technician, Audio Visual - Hyatt Regency San Francisco Embarcadero","Encore Global","San Francisco, California","","$22 - $24 (hourly)",jobspy_indeed,https://www.indeed.com/viewjob?jk=98c257e5d2f3e6aa,"","2026-04-23"
0,"","Audio Video Field Engineer","Infinite Networks Inc.","San Francisco, California","","$45 - $75 (hourly)",jobspy_indeed,https://www.indeed.com/viewjob?jk=203bebc8a7164369,"","2026-04-23"
0,"","AV & IT Support Engineer","Amazon.com","San Francisco, California","","$70,400 - $122,200 (yearly)",jobspy_indeed,https://www.indeed.com/viewjob?jk=d2d7982967f7e3c2,"","2026-04-22"
0,"","Full-Time Board Operator","Cumulus Media","San Francisco, California","","$45,000 - $56,000 (yearly)",jobspy_indeed,https://www.indeed.com/viewjob?jk=a685c715f36abd86,"","2026-04-17"
0,"","ENGINEER-MECHANICAL, ELECTRICAL, ACOUSTIC","Celeris Systems Inc.","Seattle, Washington","","$50,000 - $80,000 (yearly)",jobspy_indeed,https://www.indeed.com/viewjob?jk=1c5c7065012f8580,"","2026-04-23"
0,"","Livestream and Off Campus Event Engineer, Event Productions","Amazon.com","Seattle, Washington","","$25 - $41 (hourly)",jobspy_indeed,https://www.indeed.com/viewjob?jk=97cf59d99ce18774,"","2026-04-14"
0,"","AV Install Technician","CB20","Boston, Massachusetts","","$30 - $35 (hourly)",jobspy_indeed,https://www.indeed.com/viewjob?jk=593f55fe7042ef26,"","2026-04-29"
0,"","DSP Engineer - Audio Tech","Bose","Boston, Massachusetts","","$97,600 - $134,200 (yearly)",jobspy_indeed,https://www.indeed.com/viewjob?jk=fdc7c9ff55a3f058,"","2026-04-29"
0,"","Principal Acoustic Systems Engineer","Draper","Boston, Massachusetts","","$95,000 - $245,000 (yearly)",jobspy_indeed,https://www.indeed.com/viewjob?jk=585a3d460e918127,"","2026-04-28"
0,"","Acoustic Signal Processing Engineer","Draper","Boston, Massachusetts","","$75,000 - $150,000 (yearly)",jobspy_indeed,https://www.indeed.com/viewjob?jk=51136d6bc54bdef6,"","2026-04-27"
0,"","Audio Tools Software Engineer","Bose","Boston, Massachusetts","","$97,200 - $133,650 (yearly)",jobspy_indeed,https://www.indeed.com/viewjob?jk=837019363e1e50f6,"","2026-04-24"
0,"","Freelance Audio Visual Technician","Bright AV","Boston, Massachusetts","","$300 - $1,000 (daily)",jobspy_indeed,https://www.indeed.com/viewjob?jk=409edaf8f853416e,"","2026-04-23"
0,"","MULTIMEDIA AUDIO VISUAL TECHNICIAN","Waveguide","Boston, Massachusetts","","$60,000 - $70,000 (yearly)",jobspy_indeed,https://www.indeed.com/viewjob?jk=95256905c6302fdf,"","2026-02-28"
0,"","Operations A/V Technician","JLL","Los Angeles, California","","$62,400 - $83,200 (yearly)",jobspy_indeed,https://www.indeed.com/viewjob?jk=90a6cd1d01a07557,"","2026-04-29"
0,"","403(g) Technician","CBS News and Stations","Los Angeles, California","","",jobspy_indeed,https://www.indeed.com/viewjob?jk=086c955fff832851,"","2026-04-29"
0,"","Audio Visual Director","Aldersgate United Methodist Church","Los Angeles, California","","$24 - $28 (hourly)",jobspy_indeed,https://www.indeed.com/viewjob?jk=9080cd6fb3fde8fb,"","2026-04-29"
0,"","Lead Technician – Audio/Video & Low Voltage Systems","Wyredreams","Los Angeles, California","","",jobspy_indeed,https://www.indeed.com/viewjob?jk=26156f74fc12562e,"","2026-04-29"
0,"","AV Installation Technician (Creston, Savant, Low Voltage","CW Techologies, Inc.","Los Angeles, California","","$27 - $40 (hourly)",jobspy_indeed,https://www.indeed.com/viewjob?jk=5d6fe5c7b36d29b5,"","2026-04-29"
0,"","Board Operator","Audacy, Inc.","Los Angeles, California","","",jobspy_indeed,https://www.indeed.com/viewjob?jk=85084f0787a31f13,"","2026-04-28"
0,"","Lead AV Technician","Amplify People","Los Angeles, California","","$28 - $38 (hourly)",jobspy_indeed,https://www.indeed.com/viewjob?jk=80c0e8e151270978,"","2026-04-28"
0,"","TV Production Audio Engineer (2026)","University of La Verne","Los Angeles, California","","",jobspy_indeed,https://www.indeed.com/viewjob?jk=c66b9ea072c2b13a,"","2026-04-28"
0,"","Junior Assistant (Part-Time)","nan","Los Angeles, California","","",jobspy_indeed,https://www.indeed.com/viewjob?jk=16cac055a317f8ae,"","2026-04-28"
0,"","Worship Tech Director","The Church at Green Hills","Los Angeles, California","","$23 - $26 (hourly)",jobspy_indeed,https://www.indeed.com/viewjob?jk=2809a405e92f62e1,"","2026-04-28"
0,"","Warehouse AV Support Technician","Vision Staffing Solutions LLC","Los Angeles, California","","$20 - $22 (hourly)",jobspy_indeed,https://www.indeed.com/viewjob?jk=d08c4353e0ede1d6,"","2026-04-28"
0,"","Installation and Service Technician (Low Voltage/Fire/Security/AV)","Barton Integration","Los Angeles, California","","$75,000 - $95,000 (yearly)",jobspy_indeed,https://www.indeed.com/viewjob?jk=79d7365eb373f61e,"","2026-04-27"
0,"","AV Tech II","Whalar","Los Angeles, California","","",jobspy_indeed,https://www.indeed.com/viewjob?jk=1aa8fcd5ee6dda9d,"","2026-04-27"
0,"","Studio Intern","nuumusic studio","Los Angeles, California","","",jobspy_indeed,https://www.indeed.com/viewjob?jk=bf9d8967c30d50b8,"","2026-04-25"
0,"","Dialogue Editor (Contingent)","PlayStation","Los Angeles, California","","$51 - $64 (hourly)",jobspy_indeed,https://www.indeed.com/viewjob?jk=c97505f833088ff8,"","2026-04-24"
0,"","Audio Visual Technician","AV Spaces, Inc.","Los Angeles, California","","$28 - $45 (hourly)",jobspy_indeed,https://www.indeed.com/viewjob?jk=387e4982c9bf3eec,"","2026-04-24"
0,"","Broadcast Maintenance Engineer (Level A)","Fox Corporation","Los Angeles, California","","",jobspy_indeed,https://www.indeed.com/viewjob?jk=93121df1793f3099,"","2026-04-24"
0,"","AV Service Technician/Engineer","Presentation Products Inc","Los Angeles, California","","$42 - $50 (hourly)",jobspy_indeed,https://www.indeed.com/viewjob?jk=8804de53b4ddd96c,"","2026-04-24"
0,"","AV Service Technician (Junior to Experienced)","Casaplex, LLC","Washington, DC","","",jobspy_indeed,https://www.indeed.com/viewjob?jk=b10e774bdbdd4bc7,"","2026-04-30"
0,"","AV Field Engineer","Salas O'Brien","Washington, DC","","$85,000 - $115,000 (yearly)",jobspy_indeed,https://www.indeed.com/viewjob?jk=1d5f21ebf4fab236,"","2026-04-29"
0,"","Event Operations Supervisor, Audio Visual - Washington Hilton","Encore Global","Washington, DC","","$22 - $29 (hourly)",jobspy_indeed,https://www.indeed.com/viewjob?jk=60ec611e089ef389,"","2026-04-28"
0,"","Event Technical Lead, Audio Visual - Marriott Marquis","Encore Global","Washington, DC","","$18 - $24 (hourly)",jobspy_indeed,https://www.indeed.com/viewjob?jk=05f030f89cd19c7f,"","2026-04-28"
0,"","Event Technical Lead - Washington Marriott Georgetown","Encore Global","Washington, DC","","$18 - $24 (hourly)",jobspy_indeed,https://www.indeed.com/viewjob?jk=97e045907854e5da,"","2026-04-23"
0,"","HQ AV Deskside Technician","DMI","Washington, DC","","",jobspy_indeed,https://www.indeed.com/viewjob?jk=f733add3349f3a52,"","2026-04-28"
0,"","Sr Human Centered Design Strategist, SME","DMI","Washington, DC","","",jobspy_indeed,https://www.indeed.com/viewjob?jk=1de941f7c2441b53,"","2026-04-29"
0,"","R1 Part-Time Mixer","Radio One","Washington, DC","","$15 - $18 (hourly)",jobspy_indeed,https://www.indeed.com/viewjob?jk=0bc82904a8fed83b,"","2026-04-28"
0,"","Broadcast Audio Engineer","Christ Church","Washington, DC","","",jobspy_indeed,https://www.indeed.com/viewjob?jk=ae640aebee65be76,"","2026-04-28"
0,"","MULTIMEDIA AUDIO VISUAL TECHNICIAN","Waveguide","Washington, DC","","",jobspy_indeed,https://www.indeed.com/viewjob?jk=55e1e39367082daf,"","2026-04-27"
0,"","AudioVisual Technician Jr.","nan","Washington, DC","","$29 - $30 (hourly)",jobspy_indeed,https://www.indeed.com/viewjob?jk=da0748093637b4ba,"","2026-04-27"
0,"","Broadcast Operations Technician - Freelance","C-SPAN","Washington, DC","","$53,000 - $84,500 (yearly)",jobspy_indeed,https://www.indeed.com/viewjob?jk=008b4d3fb07c0c3e,"","2026-04-27"
0,"","Event Operations Supervisor, Hilton Baltimore","Encore Global","Washington, DC","","$20 - $27 (hourly)",jobspy_indeed,https://www.indeed.com/viewjob?jk=240c9b74102eb4ea,"","2026-04-24"
0,"","AV Technical Lead","Grace Community Church","Washington, DC","","$53,000 - $65,000 (yearly)",jobspy_indeed,https://www.indeed.com/viewjob?jk=72a56db585868b6c,"","2026-04-24"
0,"","Part Time Sports Board-Op","iHeartMedia","United States","","",jobspy_indeed,https://www.indeed.com/viewjob?jk=e153cdcdcb107cf7,"","2026-04-30"
0,"","Regional Engineer","iHeartMedia","United States","","",jobspy_indeed,https://www.indeed.com/viewjob?jk=1a0918401f4a1ef9,"","2026-04-28"
0,"","Lead Audio Video Smart Home Installation Technician","Colorstripp Integration","United States","","$22 - $40 (hourly)",jobspy_indeed,https://www.indeed.com/viewjob?jk=dd55cfb498f0953d,"","2026-04-30"
0,"","Video Systems Engineer","Tennessee Titans","United States","","",jobspy_indeed,https://www.indeed.com/viewjob?jk=b669b91bdf85ab92,"","2026-04-30"
0,"","Coordinator, AV & Stadium Production","Tennessee Titans","United States","","",jobspy_indeed,https://www.indeed.com/viewjob?jk=5ece6b02feb0926a,"","2026-04-30"
0,"","Staff Media Applications Engineer, Audio & Media Technologies","Apple","United States","","$171,600 - $302,200 (yearly)",jobspy_indeed,https://www.indeed.com/viewjob?jk=2c04e5c028767add,"","2026-04-30"
0,"","Entertainment Technician - Entertainment Ops","Seminole Gaming","United States","","",jobspy_indeed,https://www.indeed.com/viewjob?jk=8ba1056aebee9585,"","2026-04-30"
0,"","Board Operator (PT)","Cumulus Media","United States","","",jobspy_indeed,https://www.indeed.com/viewjob?jk=4b75941f5e3548cd,"","2026-03-05"
0,"","Board Operator/Producer","Cumulus Media","United States","","",jobspy_indeed,https://www.indeed.com/viewjob?jk=a085ea2016411167,"","2026-03-02"
0,"","Engineer","Cumulus Media","United States","","",jobspy_indeed,https://www.indeed.com/viewjob?jk=e48471d5834df68e,"","2026-01-20"
0,"","Morning Show Phone Op/Board Op","Cumulus Media","United States","","",jobspy_indeed,https://www.indeed.com/viewjob?jk=e612c517c984ded9,"","2026-01-06"
0,"","AV Service Technician","AVI-SPL","United States","","",jobspy_indeed,https://www.indeed.com/viewjob?jk=9c1cfc62e46251e2,"","2026-04-29"
0,"","Production Technician","nan","United States","","$18 - $22 (hourly)",jobspy_indeed,https://www.indeed.com/viewjob?jk=c2591fb91b3c3cf8,"","2026-04-29"
0,"","Audio Engineer","Faith Church","United States","","",jobspy_indeed,https://www.indeed.com/viewjob?jk=1d569fb604c99be2,"","2026-04-29"
0,"","Audiovisual Support Engineer","Samaritan's Purse","United States","","",jobspy_indeed,https://www.indeed.com/viewjob?jk=fb100307bfeddd71,"","2026-04-29"
0,"","Senior AV Support Services Technician","Diversified","United States","","$40 - $45 (hourly)",jobspy_indeed,https://www.indeed.com/viewjob?jk=2bd34dc6fdb138d9,"","2026-04-29"
0,"","Executive Audio/Video and Production Assistant","Cumulus Media","United States","","$34,748 - $43,435 (yearly)",jobspy_indeed,https://www.indeed.com/viewjob?jk=235f16d2f459fbd4,"","2026-04-24"
0,"","Sound Designer and Composer","nan","Remote","","",jobspy_indeed,https://www.indeed.com/viewjob?jk=61c851153093aab4,"","2026-04-29"
0,"","Mixing and Mastering Engineer","Zesu Production","Remote","","$40,000 - $60,000 (yearly)",jobspy_indeed,https://www.indeed.com/viewjob?jk=3cf982f30a876c1b,"","2026-04-25"
0,"","Engineer In Charge","NEP GROUP","Remote","","",jobspy_indeed,https://www.indeed.com/viewjob?jk=249bab3a67609331,"","2026-03-18"
0,"","Manager - Regional Design Engineering - AV and Media","Diversified","New York, New York","","$118,500 - $170,500 (yearly)",jobspy_indeed,https://www.indeed.com/viewjob?jk=73c0cd21b73c834d,"","2026-04-29"
0,"","L1 Lighting Engineer, Live Event Production","Convene","New York, New York","","",jobspy_indeed,https://www.indeed.com/viewjob?jk=65a184d00d256cdd,"","2026-04-29"
0,"","Jr. Network Infrastucture Engineer","Legrand","New York, New York","","",jobspy_indeed,https://www.indeed.com/viewjob?jk=c0701cc7182cb581,"","2026-04-29"
0,"","Senior Audio Visual Support Specialist","Alvarez & Marsal","New York, New York","","$90,000 - $130,000 (yearly)",jobspy_indeed,https://www.indeed.com/viewjob?jk=92a9fae955af3cc5,"","2026-04-28"
0,"","Advanced Technical Support Group Engineer- Remote","Crestron Electronics","New York, New York","","$77,000 - $110,000 (yearly)",jobspy_indeed,https://www.indeed.com/viewjob?jk=675c7e3a75f1f1d1,"","2026-04-28"
0,"","Audiovisual Associate Design Consultant","Shen Milsom & Wilke, LLC","New York, New York","","$90,000 - $115,000 (yearly)",jobspy_indeed,https://www.indeed.com/viewjob?jk=9f96b442d8c66cb1,"","2026-04-27"
0,"","Technology Meeting Engineer","Cooley LLP","New York, New York","","$115,000 - $160,000 (yearly)",jobspy_indeed,https://www.indeed.com/viewjob?jk=45af91c5bf2cf935,"","2026-04-24"
0,"","Executive Briefing Specialst","New Relic","San Francisco, California","","$77,000 - $112,000 (yearly)",jobspy_indeed,https://www.indeed.com/viewjob?jk=ac176eaee5c4baec,"","2026-04-30"
0,"","Mechatronics and Robotics Technician","Xpath","San Francisco, California","","$80,000 - $130,000 (yearly)",jobspy_indeed,https://www.indeed.com/viewjob?jk=a90dcbac239a6a9c,"","2026-04-30"
0,"","IT Operations Engineer","Atomic Machines","San Francisco, California","","$150,000 - $180,000 (yearly)",jobspy_indeed,https://www.indeed.com/viewjob?jk=bb8329c58b08ac31,"","2026-04-29"
0,"","Senior Software Engineer, Internal Tooling","Waymo","San Francisco, California","","$204,000 - $259,000 (yearly)",jobspy_indeed,https://www.indeed.com/viewjob?jk=99f28e9b3a0600cf,"","2026-04-29"
0,"","Technical Project Manager","EOS IT Solutions","San Francisco, California","","$155,000 - $165,000 (yearly)",jobspy_indeed,https://www.indeed.com/viewjob?jk=f6d69382bd96d948,"","2026-04-29"
0,"","Sr. Manager - AV System Validation","Uber","San Francisco, California","","$212,000 - $235,500 (yearly)",jobspy_indeed,https://www.indeed.com/viewjob?jk=cac29b2e670c64b1,"","2026-04-29"
0,"","Workplace Experience, Operations Manager","Anthropic","San Francisco, California","","$145,600 - $185,000 (yearly)",jobspy_indeed,https://www.indeed.com/viewjob?jk=30220655618c7df6,"","2026-04-28"
0,"","IT Engineer II","Quince","San Francisco, California","","$100,000 - $180,000 (yearly)",jobspy_indeed,https://www.indeed.com/viewjob?jk=babd4999712d4918,"","2026-04-27"
0,"","Senior Technology Support","Walmart","San Francisco, California","","$91,000 - $169,000 (yearly)",jobspy_indeed,https://www.indeed.com/viewjob?jk=d7078898955d3839,"","2026-04-24"
0,"","Office Coordinator","nan","San Francisco, California","","$67,000 - $82,000 (yearly)",jobspy_indeed,https://www.indeed.com/viewjob?jk=4d715e5a2e78337b,"","2026-04-24"
0,"","Principal Software Engineer - Waymo Driver Post Training","Waymo","San Francisco, California","","$349,000 - $431,000 (yearly)",jobspy_indeed,https://www.indeed.com/viewjob?jk=065b6d3a6f13800d,"","2026-04-23"
0,"","Litigation Counsel","Waymo","San Francisco, California","","$251,000 - $310,000 (yearly)",jobspy_indeed,https://www.indeed.com/viewjob?jk=9a14d8e635d27e81,"","2026-04-23"
0,"","Quality Technician, Specialist","AeroVironment","San Francisco, California","","$31 - $44 (hourly)",jobspy_indeed,https://www.indeed.com/viewjob?jk=759453f5ffbd3e3b,"","2026-04-23"
0,"","Senior Data Engineer","TeraWatt Infrastructure","San Francisco, California","","$125,000 - $180,000 (yearly)",jobspy_indeed,https://www.indeed.com/viewjob?jk=3cf13a405f291139,"","2026-04-06"
0,"","Low Voltage/Fire Alarm/Security Estimator","Wachter","San Francisco, California","","$25 - $37 (hourly)",jobspy_indeed,https://www.indeed.com/viewjob?jk=f33df418a9e1f5c0,"","2026-03-23"
0,"","Project Manager","EOS IT Solutions","Seattle, Washington","","$120,000 - $150,000 (yearly)",jobspy_indeed,https://www.indeed.com/viewjob?jk=815d91159469b116,"","2026-04-27"
0,"","Senior Manager, Security Platform Engineering (Hybrid - Seattle)","Nordstrom","Seattle, Washington","","$191,000 - $297,000 (yearly)",jobspy_indeed,https://www.indeed.com/viewjob?jk=156be301d2a223e2,"","2026-04-13"
0,"","Manager - Regional Design Engineering - AV and Media","Diversified","Boston, Massachusetts","","$118,500 - $170,500 (yearly)",jobspy_indeed,https://www.indeed.com/viewjob?jk=09ae59ef520d8106,"","2026-04-29"
0,"","IT Support/Desktop Support Engineer(L1/L2) – Boston – Massachusetts","Axiom Technologies","Boston, Massachusetts","","",jobspy_indeed,https://www.indeed.com/viewjob?jk=93676c8c9723a6e5,"","2026-04-29"
0,"","Accounts Payable Manager","Motional","Boston, Massachusetts","","$109,000 - $142,000 (yearly)",jobspy_indeed,https://www.indeed.com/viewjob?jk=3b545c3658ddc87f,"","2026-04-29"
0,"","Project Manager","Allied Universal Technology Services","Boston, Massachusetts","","$100,000 - $120,000 (yearly)",jobspy_indeed,https://www.indeed.com/viewjob?jk=580c9944bf46edce,"","2026-04-27"
0,"","Senior Help Desk Analyst (Tier 2/3) - Hybrid Work Environment","RG Vanderweil.com","Boston, Massachusetts","","",jobspy_indeed,https://www.indeed.com/viewjob?jk=e9775ff7e5066f7c,"","2026-04-23"
0,"","IT Service Desk Analyst","CarGurus","Boston, Massachusetts","","$62,000 - $78,000 (yearly)",jobspy_indeed,https://www.indeed.com/viewjob?jk=d824c196ce4e9469,"","2026-04-23"
0,"","AV Commissioning Manager","Rosendin Electric","Los Angeles, California","","$148,100 - $222,200 (yearly)",jobspy_indeed,https://www.indeed.com/viewjob?jk=0f964a0ab49476de,"","2026-04-30"
0,"","Project Engineer II","AVI-SPL","Los Angeles, California","","$95,000 - $120,000 (yearly)",jobspy_indeed,https://www.indeed.com/viewjob?jk=8490d1b4f4d00cd3,"","2026-04-28"
0,"","Maintenance Manager","Abbott","Los Angeles, California","","$114,000 - $228,000 (yearly)",jobspy_indeed,https://www.indeed.com/viewjob?jk=5e615f95f0d84ac1,"","2026-04-28"
0,"","Low Voltage/Technology Designer/RCDD/BICSI","PBS Engineers, Inc.","Los Angeles, California","","$100,000 - $125,000 (yearly)",jobspy_indeed,https://www.indeed.com/viewjob?jk=0a17dfd6a261b893,"","2026-04-28"
0,"","Low Voltage AutoCAD Drafter","Barton Integration","Los Angeles, California","","$24 - $26 (hourly)",jobspy_indeed,https://www.indeed.com/viewjob?jk=3ed365d7e1462e1b,"","2026-04-27"
0,"","Autonomous Vehicle Safety Driver - Local candidates only MUST HAVE A VALID US PASSPORT and CLEAN DMV","VWGoA - ADMT","Los Angeles, California","","",jobspy_indeed,https://www.indeed.com/viewjob?jk=fffd6e0eb3872def,"","2026-04-27"
0,"","Sr. Electrical Engineer - Space Technologies","AeroVironment","Los Angeles, California","","",jobspy_indeed,https://www.indeed.com/viewjob?jk=3153c99b58849f02,"","2026-04-25"
0,"","Test Engineer","Acuity Inc.","Los Angeles, California","","$73,400 - $132,000 (yearly)",jobspy_indeed,https://www.indeed.com/viewjob?jk=bdfc91d3e4c7d75c,"","2026-04-23"
0,"","Q-SYS Technical Trainer","Acuity Inc.","Los Angeles, California","","$73,400 - $132,000 (yearly)",jobspy_indeed,https://www.indeed.com/viewjob?jk=bfcd1d506ee0e594,"","2026-04-28"
0,"","Low Voltage/Fire Alarm/Security Estimator","Wachter","Los Angeles, California","","$25 - $37 (hourly)",jobspy_indeed,https://www.indeed.com/viewjob?jk=08b8249fc21ec23c,"","2026-03-23"
0,"","Engineer - IT Infrastructure","Maximus","Washington, DC","","$83,520 - $125,280 (yearly)",jobspy_indeed,https://www.indeed.com/viewjob?jk=f7aba15221aa6f09,"","2026-04-30"
0,"","LED Display Technician","The Agam Group, Ltd.","Washington, DC","","",jobspy_indeed,https://www.indeed.com/viewjob?jk=8b21911695ed9b0b,"","2026-04-30"
0,"","Manager - Regional Design Engineering - AV and Media","Diversified","Washington, DC","","$118,500 - $170,500 (yearly)",jobspy_indeed,https://www.indeed.com/viewjob?jk=8365d7bb21ecdc9c,"","2026-04-29"
0,"","Sr. Systems Engineer","AeroVironment","Washington, DC","","$102,000 - $160,650 (yearly)",jobspy_indeed,https://www.indeed.com/viewjob?jk=2eaf022b32afbc33,"","2026-04-29"
0,"","Project Leader 1 - Tysons, VA","M.C. Dean, Inc.","Washington, DC","","",jobspy_indeed,https://www.indeed.com/viewjob?jk=df5f7dd3594af88b,"","2026-04-28"
0,"","Senior Check Point Firewall Engineer","nan","Washington, DC","","$130,000 - $150,000 (yearly)",jobspy_indeed,https://www.indeed.com/viewjob?jk=4a79347fcd027a34,"","2026-04-28"
0,"","Help Desk Manager / Project Manager","LCG Inc.","Washington, DC","","$100,000 - $140,000 (yearly)",jobspy_indeed,https://www.indeed.com/viewjob?jk=d6ca6621438da912,"","2026-04-27"
0,"","Sr. Electrical Engineer - Space Technologies","AeroVironment","Washington, DC","","",jobspy_indeed,https://www.indeed.com/viewjob?jk=9ecaf3ba8616cc77,"","2026-04-25"
0,"","Senior System Administrator","AeroVironment","Washington, DC","","$170,000 - $250,000 (yearly)",jobspy_indeed,https://www.indeed.com/viewjob?jk=647ecc03f27e06b8,"","2026-04-24"
0,"","Principal Digital Signal Processing Engineer","AeroVironment","Washington, DC","","$133,500 - $189,525 (yearly)",jobspy_indeed,https://www.indeed.com/viewjob?jk=3e5748cbc53159ca,"","2026-04-24"
0,"","Electrical Engineer II","AeroVironment","Washington, DC","","$85,500 - $121,275 (yearly)",jobspy_indeed,https://www.indeed.com/viewjob?jk=5d7b9c3940d00860,"","2026-04-23"
0,"","Exploitation Analyst (EA)","AeroVironment","Washington, DC","","$75,000 - $90,000 (yearly)",jobspy_indeed,https://www.indeed.com/viewjob?jk=06b6fc8b07e1ea40,"","2026-04-23"
0,"","Experienced Desktop/Onsite Support Engineer","VeeRteq Solutions Inc.","Washington, DC","","",jobspy_indeed,https://www.indeed.com/viewjob?jk=8d49f5f7c9d73dd3,"","2026-04-17"
0,"","Senior Specialist, Security Research Engineer","L3Harris","United States","","$97,000 - $207,500 (yearly)",jobspy_indeed,https://www.indeed.com/viewjob?jk=fc47bbcd93210fdd,"","2026-04-30"
0,"","Project Manager (High-End Resi AV, Lighting, Shading, Control)","nan","United States","","$85,000 - $110,800 (yearly)",jobspy_indeed,https://www.indeed.com/viewjob?jk=4f369a067afa77cb,"","2026-04-30"
0,"","Autonomous Vehicle General Manager","Moove","United States","","",jobspy_indeed,https://www.indeed.com/viewjob?jk=6abf7e13c453b0ba,"","2026-04-29"
0,"","Manager - Regional Design Engineering - AV and Media","Diversified","Remote","","$118,500 - $170,500 (yearly)",jobspy_indeed,https://www.indeed.com/viewjob?jk=5095d0e6a583b71d,"","2026-04-29"
0,"","Sr. BIM Specialist","TEECOM","Remote","","$110,000 - $130,000 (yearly)",jobspy_indeed,https://www.indeed.com/viewjob?jk=8be4bfa1ceed3ff9,"","2026-04-29"
0,"","Associate - Audiovisual","TEECOM","Remote","","$110,000 - $140,000 (yearly)",jobspy_indeed,https://www.indeed.com/viewjob?jk=c9ad5c61627605a2,"","2026-04-28"
0,"","Field Engineer II","Level 3 Audiovisual","Remote","","",jobspy_indeed,https://www.indeed.com/viewjob?jk=e48a37a69f0a1926,"","2026-04-29"
0,"","Sr. Corporate Sales Engineer (Remote)","CrowdStrike","Remote","","$100,000 - $140,000 (yearly)",jobspy_indeed,https://www.indeed.com/viewjob?jk=dafcd75b193e959a,"","2026-04-29"
0,"","Home Experience Designer","Bravas","Remote","","",jobspy_indeed,https://www.indeed.com/viewjob?jk=0e27797dc89550be,"","2026-04-24"
0,"","Accounts Receivable Specialist","Bravas","Remote","","",jobspy_indeed,https://www.indeed.com/viewjob?jk=14f5c1759b9f70b0,"","2026-04-27"
0,"","NetSuite Administrator","Bravas","Remote","","",jobspy_indeed,https://www.indeed.com/viewjob?jk=44de8fa3a89a1503,"","2026-04-24"
0,"","Staff Software Development Engineer","CVS Health","Chicago, Illinois","","$118,450 - $284,280 (yearly)",jobspy_indeed,https://www.indeed.com/viewjob?jk=bb80df7fb160d1b0,"","2026-04-29"
0,"","Staff Software Development Engineer","CVS Health","New York, New York","","$118,450 - $284,280 (yearly)",jobspy_indeed,https://www.indeed.com/viewjob?jk=ff905076f04999a3,"","2026-04-29"
0,"","Senior Power Electronics Engineer","TDK Corporation","New York, New York","","$120,000 - $150,000 (yearly)",jobspy_indeed,https://www.indeed.com/viewjob?jk=3f368c108a51dbd1,"","2026-04-27"
0,"","Principal Engineer Network Design and Engineering","PARAMOUNT","New York, New York","","$175,000 - $215,000 (yearly)",jobspy_indeed,https://www.indeed.com/viewjob?jk=54a744eb7585cf20,"","2026-04-27"
0,"","Project Engineer - MEP","CMTA Consulting Engineers","New York, New York","","",jobspy_indeed,https://www.indeed.com/viewjob?jk=916a13d448e1fdc0,"","2026-04-24"
0,"","Senior Manager, Network Product Engineering & Operations","The Walt Disney Company","New York, New York","","$197,400 - $264,700 (yearly)",jobspy_indeed,https://www.indeed.com/viewjob?jk=3860b559723fe06e,"","2026-04-24"
0,"","Principal PMT, Supply Yield, Prime Video Advertising","Amazon.com","New York, New York","","$197,900 - $267,800 (yearly)",jobspy_indeed,https://www.indeed.com/viewjob?jk=05b038720b0efbe7,"","2026-03-13"
0,"","Principal Product Manager - Tech, Amazon Games GenAI & Strategic Initiatives","Amazon.com","New York, New York","","$197,900 - $267,800 (yearly)",jobspy_indeed,https://www.indeed.com/viewjob?jk=673dafd43faeb030,"","2026-03-24"
0,"","Sr. Mgr, Product Mgmt Tech, Fire TV Experience","Amazon.com","San Francisco, California","","$197,900 - $307,900 (yearly)",jobspy_indeed,https://www.indeed.com/viewjob?jk=8abd05d2010b5a4c,"","2026-03-07"
0,"","Software Dev Engineer III , Amazon Interactive Video Service (IVS)","Amazon.com","San Francisco, California","","$193,300 - $261,500 (yearly)",jobspy_indeed,https://www.indeed.com/viewjob?jk=a61daee2bb61f56d,"","2026-02-12"
0,"","Senior Software Engineer, Android","Amazon.com","San Francisco, California","","$193,300 - $261,500 (yearly)",jobspy_indeed,https://www.indeed.com/viewjob?jk=d6d9a3ad29c735de,"","2026-03-25"
0,"","Sr. Software Development Engineer, Frontier AI & Robotics","Amazon.com","San Francisco, California","","$193,300 - $261,500 (yearly)",jobspy_indeed,https://www.indeed.com/viewjob?jk=24c2103e1c4cc7b1,"","2026-03-10"
0,"","Blockchain - Lead Security Engineer","JPMorganChase","Seattle, Washington","","$152,000 - $215,000 (yearly)",jobspy_indeed,https://www.indeed.com/viewjob?jk=10d00974f399995a,"","2026-04-29"
0,"","Software Engineer (Starlink)","SpaceX","Seattle, Washington","","$125,000 - $175,000 (yearly)",jobspy_indeed,https://www.indeed.com/viewjob?jk=1b79beb8e3942dc2,"","2026-04-29"
0,"","Software Development Engineer","Amazon.com","Seattle, Washington","","$143,700 - $213,800 (yearly)",jobspy_indeed,https://www.indeed.com/viewjob?jk=98535c0b7711f8fa,"","2025-12-19"
0,"","Software Development Manager, Prime Video - Linear Experience","Amazon.com","Seattle, Washington","","$184,900 - $250,200 (yearly)",jobspy_indeed,https://www.indeed.com/viewjob?jk=9ef1c5af3d8b2e4b,"","2026-04-10"
0,"","Sr. Mgr, Product Mgmt Tech, Fire TV Experience","Amazon.com","Seattle, Washington","","$197,900 - $307,900 (yearly)",jobspy_indeed,https://www.indeed.com/viewjob?jk=cfdbd5f7b3afdc73,"","2026-03-07"
0,"","Software Dev Engineer III , Amazon Interactive Video Service (IVS)","Amazon.com","Seattle, Washington","","$193,300 - $261,500 (yearly)",jobspy_indeed,https://www.indeed.com/viewjob?jk=2094849c42a7347f,"","2026-02-12"
0,"","Senior Software Engineer, Android","Amazon.com","Seattle, Washington","","$193,300 - $261,500 (yearly)",jobspy_indeed,https://www.indeed.com/viewjob?jk=8fe71a314720dbad,"","2026-03-25"
0,"","Sr. Software Development Engineer, Frontier AI & Robotics","Amazon.com","Seattle, Washington","","$193,300 - $261,500 (yearly)",jobspy_indeed,https://www.indeed.com/viewjob?jk=e291dec9d9fda4f2,"","2026-03-10"
0,"","Staff Software Development Engineer","CVS Health","Boston, Massachusetts","","$118,450 - $284,280 (yearly)",jobspy_indeed,https://www.indeed.com/viewjob?jk=d747045b2f3b5117,"","2026-04-29"
0,"","Systems Engineer, Senior - TS","DCS Corp","Boston, Massachusetts","","$90,220 - $160,000 (yearly)",jobspy_indeed,https://www.indeed.com/viewjob?jk=80d8b4253383241b,"","2026-04-28"
0,"","Senior Network Engineer","The Kraft Group","Boston, Massachusetts","","$129,147 - $131,000 (yearly)",jobspy_indeed,https://www.indeed.com/viewjob?jk=d00d4bc2405f6c0f,"","2026-04-23"
0,"","Manager, Network Engineer Operations","The Walt Disney Company","Los Angeles, California","","$155,700 - $208,700 (yearly)",jobspy_indeed,https://www.indeed.com/viewjob?jk=5495abca824e7f4c,"","2026-04-28"
0,"","Senior Manager, Network Engineering","Fox Corporation","Los Angeles, California","","$143,000 - $190,000 (yearly)",jobspy_indeed,https://www.indeed.com/viewjob?jk=000dc1fdcac021ff,"","2026-04-27"
0,"","Video Test Engineer","Broadata Communications","Los Angeles, California","","$80,000 - $120,000 (yearly)",jobspy_indeed,https://www.indeed.com/viewjob?jk=3d8577ec513dbcbf,"","2026-04-23"
0,"","Project Manager, BPS","National Association of Broadcasters","Washington, DC","","$75,000 - $90,000 (yearly)",jobspy_indeed,https://www.indeed.com/viewjob?jk=88138a343815e4b0,"","2026-04-28"
0,"","Principal PMT, Supply Yield, Prime Video Advertising","Amazon.com","Washington, DC","","$197,900 - $267,800 (yearly)",jobspy_indeed,https://www.indeed.com/viewjob?jk=3db7cf9c9210dd30,"","2026-03-13"
0,"","Maintenance Technician","CBS News and Stations","United States","","",jobspy_indeed,https://www.indeed.com/viewjob?jk=08a292b701607873,"","2026-04-29"
0,"","Engineer Broadcast IT","Nexstar Media Group, Inc.","United States","","",jobspy_indeed,https://www.indeed.com/viewjob?jk=6ea187e7d2e5b88d,"","2026-04-29"
0,"","CHIEF ENGINEER - WHNS","GRAY MEDIA","United States","","",jobspy_indeed,https://www.indeed.com/viewjob?jk=e12c597c97d6a9b0,"","2026-04-29"
0,"","Live Audio Engineer","Hay Creek Entertainment","United States","","",jobspy_indeed,https://www.indeed.com/viewjob?jk=57dbdf0c446da4f0,"","2026-04-29"
0,"","Principal Product Manager, Artificial Intelligence & Computer Vision","GoFan","United States","","",jobspy_indeed,https://www.indeed.com/viewjob?jk=106f51dbca2f6c8e,"","2026-04-29"
0,"","Lead Software Engineer - Databricks/Spark/AWS","JPMorganChase","United States","","",jobspy_indeed,https://www.indeed.com/viewjob?jk=9cd071eff60be7eb,"","2026-04-29"
0,"","Lead Software Engineer - Databricks, Spark, AWS","JPMorganChase","United States","","$152,000 - $215,000 (yearly)",jobspy_indeed,https://www.indeed.com/viewjob?jk=9830f78c7704ec49,"","2026-04-29"
0,"","SummerFest 2026 Recording Assistant","La Jolla Music Society","United States","","",jobspy_indeed,https://www.indeed.com/viewjob?jk=5cb1d1f6384a6611,"","2026-04-28"
0,"","Broadcast Engineer","Cumulus Media","United States","","$64,000 - $80,000 (yearly)",jobspy_indeed,https://www.indeed.com/viewjob?jk=c3d4829f0441a8d8,"","2026-02-06"
0,"","Onsite Maintenance Technician","AVI-SPL","Chicago, Illinois","","$27 - $34 (hourly)",jobspy_indeed,https://www.indeed.com/viewjob?jk=c905ece2bb27dfad,"","2026-04-29"
0,"","Onsite Support Technician","AVI-SPL","Chicago, Illinois","","$26 - $35 (hourly)",jobspy_indeed,https://www.indeed.com/viewjob?jk=e03a396837bad4d0,"","2026-04-24"
0,"","Electronics Technician 4 (M) - Chicago, IL","M.C. Dean, Inc.","Chicago, Illinois","","$36 - $60 (hourly)",jobspy_indeed,https://www.indeed.com/viewjob?jk=e216aa1368b8e485,"","2026-04-23"
0,"","Nursing Technical Simulation Operations Coordinator (aHEO)","City University of New York","New York, New York","","$72,236 - $77,269 (yearly)",jobspy_indeed,https://www.indeed.com/viewjob?jk=12003aa710f3e1c0,"","2026-04-30"
0,"","Installation Technician I","AVI-SPL","Washington, DC","","",jobspy_indeed,https://www.indeed.com/viewjob?jk=ea5fc1a04958b530,"","2026-04-29"
0,"","Safety Professional 2","M.C. Dean, Inc.","Washington, DC","","$90,640 - $135,960 (yearly)",jobspy_indeed,https://www.indeed.com/viewjob?jk=1c3e477a8bac5c3d,"","2026-04-29"
0,"","Network Administrator 2 - Annapolis Junction, MD","M.C. Dean, Inc.","Washington, DC","","$90,640 - $135,960 (yearly)",jobspy_indeed,https://www.indeed.com/viewjob?jk=b6f541eef9db16d9,"","2026-04-23"
0,"","Network Administrator 3 - Annapolis Junction, MD","M.C. Dean, Inc.","Washington, DC","","$104,240 - $156,360 (yearly)",jobspy_indeed,https://www.indeed.com/viewjob?jk=d6ffd0828c715608,"","2026-04-28"
0,"","Technical Director - Academy of the Holy Cross - Kensington Maryland","Archdiocese of Washington","Washington, DC","","",jobspy_indeed,https://www.indeed.com/viewjob?jk=0c10f5a923488fb5,"","2026-04-28"
0,"","Mechanical Operations & Engineering Manager - Washington, DC","M.C. Dean, Inc.","Washington, DC","","$125,120 - $145,000 (yearly)",jobspy_indeed,https://www.indeed.com/viewjob?jk=40e8c92bcde60b89,"","2026-04-27"
0,"","BAS Control Technician 3 - Washington, DC","M.C. Dean, Inc.","Washington, DC","","$38 - $50 (hourly)",jobspy_indeed,https://www.indeed.com/viewjob?jk=ed2bb120c652138f,"","2026-04-27"
0,"","BAS Control Technician 4 - Washington, DC","M.C. Dean, Inc.","Washington, DC","","$51 - $62 (hourly)",jobspy_indeed,https://www.indeed.com/viewjob?jk=07e73fdee58b6e6a,"","2026-04-27"
0,"","IT Technician","Sunrise Senior Living","Washington, DC","","$18 - $23 (hourly)",jobspy_indeed,https://www.indeed.com/viewjob?jk=e191fa7ff3e3dbc1,"","2026-04-24"
0,"","Senior End User Technician","CACI International","Washington, DC","","$70,800 - $148,600 (yearly)",jobspy_indeed,https://www.indeed.com/viewjob?jk=56a7173c7391a368,"","2026-01-21"
0,"","Video Specialist","CACI International","Washington, DC","","$70,800 - $148,600 (yearly)",jobspy_indeed,https://www.indeed.com/viewjob?jk=d15e5efa265f020a,"","2026-01-21"
0,"","Lead Low Voltage Technician","nan","United States","","$30 - $35 (hourly)",jobspy_indeed,https://www.indeed.com/viewjob?jk=7b04a15c8b0d142a,"","2026-04-30"
0,"","Senior Deskside Support Technician","Safelite","United States","","",jobspy_indeed,https://www.indeed.com/viewjob?jk=73dbf4ae28bff8c2,"","2026-04-29"
0,"","Skilled Maintenance Technician II - Construction","City of Colorado Springs, CO","United States","","$28 - $34 (hourly)",jobspy_indeed,https://www.indeed.com/viewjob?jk=578e2d434f25cefd,"","2026-04-29"
0,"","Commissioning Technician 1","M.C. Dean, Inc.","United States","","",jobspy_indeed,https://www.indeed.com/viewjob?jk=1755ce02c542b366,"","2026-04-29"
0,"","Electronics Technician 1 - Charlottesville, VA","M.C. Dean, Inc.","United States","","",jobspy_indeed,https://www.indeed.com/viewjob?jk=443fd33b70bda8d9,"","2026-04-29"
0,"","Industrial Low Voltage Technician - TWIC Card Required","Electra Link Inc","United States","","",jobspy_indeed,https://www.indeed.com/viewjob?jk=1d1739a57621dab5,"","2026-04-29"
0,"","Media Maintenance Technician 3","Central Washington University","United States","","$50,592 - $67,992 (yearly)",jobspy_indeed,https://www.indeed.com/viewjob?jk=06bae5f17f25d784,"","2026-04-29"
0,"","Audio Visual Integration Technician - TOL/MIL","CTI","United States","","$20 - $35 (hourly)",jobspy_indeed,https://www.indeed.com/viewjob?jk=10859bec43129e97,"","2026-04-29"
0,"","Audio Video Technician","nan","United States","","$25 - $35 (hourly)",jobspy_indeed,https://www.indeed.com/viewjob?jk=e8e8c8875aa86d5a,"","2026-04-29"
0,"","EMS Training Coordinator","Caldwell County Government","United States","","$56,062 - $85,521 (yearly)",jobspy_indeed,https://www.indeed.com/viewjob?jk=2f9d884d2c335e0d,"","2026-04-29"
0,"","Audiovisual Technician","nan","United States","","$400 - $800 (daily)",jobspy_indeed,https://www.indeed.com/viewjob?jk=eebb088a8f5fea13,"","2026-04-29"
0,"","Event Technician, Audio Visual - The Westin Jekyll Island","Encore Global","United States","","$15 - $20 (hourly)",jobspy_indeed,https://www.indeed.com/viewjob?jk=0868cc9bc0ca2c39,"","2026-04-28"
0,"","Production Coordinator","PRA Business Events","Chicago, Illinois","","$50,000 - $60,000 (yearly)",jobspy_indeed,https://www.indeed.com/viewjob?jk=5f808a28e1516b7b,"","2026-04-23"
0,"","IT Ops Technician II","Brex","New York, New York","","$96,400 - $120,500 (yearly)",jobspy_indeed,https://www.indeed.com/viewjob?jk=1187f7702dc27a1e,"","2026-04-24"
0,"","Production Coordinator","PRA Business Events","New York, New York","","$50,000 - $60,000 (yearly)",jobspy_indeed,https://www.indeed.com/viewjob?jk=b6f84acea765f67a,"","2026-04-23"
0,"","IT Ops Technician II","Brex","Seattle, Washington","","$96,400 - $120,500 (yearly)",jobspy_indeed,https://www.indeed.com/viewjob?jk=88701c787318d4fd,"","2026-04-24"
0,"","Facilities Technician","SoLa Impact","Los Angeles, California","","",jobspy_indeed,https://www.indeed.com/viewjob?jk=0246236f71b9b5a4,"","2026-04-23"
0,"","Project Manager I","Henkels & McCoy","Washington, DC","","",jobspy_indeed,https://www.indeed.com/viewjob?jk=16da33e7883aaf1d,"","2026-04-23"
0,"","Project Manager I","MasTec Inc","Washington, DC","","",jobspy_indeed,https://www.indeed.com/viewjob?jk=c05a454794c8b4fe,"","2026-04-23"
0,"","AV Technician/Installer","Vox Audio Visual","United States","","",jobspy_indeed,https://www.indeed.com/viewjob?jk=49fa8627b417fd06,"","2026-04-29"
0,"","Installer/Technician","Central Technologies, Inc.","United States","","$18 - $26 (hourly)",jobspy_indeed,https://www.indeed.com/viewjob?jk=30e6f7783664c7c7,"","2026-04-29"
0,"","Residential Installation Technician Level I or II","nan","United States","","$20 - $32 (hourly)",jobspy_indeed,https://www.indeed.com/viewjob?jk=90113393d1853e6e,"","2026-04-29"
0,"","Audio Visual Technician II","IES Communications","United States","","$25 - $28 (hourly)",jobspy_indeed,https://www.indeed.com/viewjob?jk=1339775c0a8ef1a5,"","2026-04-28"
0,"","Audio Video Technician","Quest4 Electronics","United States","","$20 - $30 (hourly)",jobspy_indeed,https://www.indeed.com/viewjob?jk=115bff7c386f0057,"","2026-04-28"
0,"","Lead AV Technician","Nashville Audio Visual","United States","","$23 - $30 (hourly)",jobspy_indeed,https://www.indeed.com/viewjob?jk=2dd65adb64fdcdaf,"","2026-04-28"
0,"","AV Technician","On Services","United States","","$21 - $23 (hourly)",jobspy_indeed,https://www.indeed.com/viewjob?jk=7b970eeb4f3fa9be,"","2026-04-27"
0,"","Audiovisual Installation Technician","Jereco Studios","United States","","$28 - $33 (hourly)",jobspy_indeed,https://www.indeed.com/viewjob?jk=1c95b426b1f7e08a,"","2026-04-27"
0,"","Audiovisual Technician","SiteWise","United States","","$24 - $36 (hourly)",jobspy_indeed,https://www.indeed.com/viewjob?jk=8b19f033c8b4a68b,"","2026-04-26"
0,"","AV Service Support Specialist Site Lead","Diversified","United States","","$36 - $40 (hourly)",jobspy_indeed,https://www.indeed.com/viewjob?jk=0bc1f52cc344e757,"","2026-04-25"
0,"","Onsite AV Service Technician","Diversified","United States","","$32 - $35 (hourly)",jobspy_indeed,https://www.indeed.com/viewjob?jk=841f5c219b296cba,"","2026-04-25"
0,"","Cybersecurity/IT Support Technician","Advanced Integration Technology","United States","","",jobspy_indeed,https://www.indeed.com/viewjob?jk=7588517d11c3f0e9,"","2026-04-24"
0,"","Senior, GTM Strategy - Connect, WW GTM & Business Development, Connect","Amazon Web Services","Chicago, Illinois","","$176,100 - $262,000 (yearly)",jobspy_indeed,https://www.indeed.com/viewjob?jk=b021faf75d6464f1,"","2026-04-23"
0,"","Principal Infrastructure Migration & Modernization Specialist, Worldwide Specialist Organization","Amazon Web Services","Chicago, Illinois","","$176,100 - $238,200 (yearly)",jobspy_indeed,https://www.indeed.com/viewjob?jk=3c498f271e4f33ce,"","2026-02-18"
0,"","Senior AI Innovation & GTM Programs Lead, Applied AI Solutions","Amazon Web Services","Chicago, Illinois","","$148,700 - $231,400 (yearly)",jobspy_indeed,https://www.indeed.com/viewjob?jk=4a590ad7eb8e0257,"","2026-04-22"
0,"","AI Specialist Solutions Architect, AGS US Specialist SA, FSI","Amazon Web Services","Chicago, Illinois","","$124,700 - $204,300 (yearly)",jobspy_indeed,https://www.indeed.com/viewjob?jk=3cb26ec8ed2cfea8,"","2026-04-22"
0,"","Fintech Sr. Account Manager","Amazon Web Services","Chicago, Illinois","","$142,800 - $212,600 (yearly)",jobspy_indeed,https://www.indeed.com/viewjob?jk=b3abc40dad7a5280,"","2026-04-17"
0,"","Sr. Partner Sales Manager, Partner Sales Retail Restaurants and CPG","Amazon Web Services","Chicago, Illinois","","$142,800 - $212,500 (yearly)",jobspy_indeed,https://www.indeed.com/viewjob?jk=90282a0a6a550aac,"","2026-04-09"
0,"","Senior Sales Specialist - Storage, Auto & Mfg","Amazon Web Services","Chicago, Illinois","","$142,800 - $193,200 (yearly)",jobspy_indeed,https://www.indeed.com/viewjob?jk=4f19d5f3b381c169,"","2026-03-11"
0,"","Senior Delivery Practice Manager, Emerging Tech","Amazon Web Services","Chicago, Illinois","","$201,000 - $299,200 (yearly)",jobspy_indeed,https://www.indeed.com/viewjob?jk=255b72a387549b65,"","2026-04-15"
0,"","Principal Applied AI Solutions Architect, Amazon Connect","Amazon Web Services","Chicago, Illinois","","$201,000 - $272,000 (yearly)",jobspy_indeed,https://www.indeed.com/viewjob?jk=28e21d0cf0619515,"","2026-04-10"
0,"","Sr Manager, Solutions Architecture, SAP, AI Self Managed Infrastructure, AGS-US Specialists","Amazon Web Services","Chicago, Illinois","","$201,000 - $272,000 (yearly)",jobspy_indeed,https://www.indeed.com/viewjob?jk=17bc1ff404bfe9e7,"","2026-04-02"
0,"","Senior Leader, ProServe AI/GenAI/Agentic Specialists, Healthcare and Life Sciences","Amazon Web Services","Chicago, Illinois","","$201,000 - $299,200 (yearly)",jobspy_indeed,https://www.indeed.com/viewjob?jk=75f9ae48394d6937,"","2026-01-28"
0,"","Sr. Analytics & AI Specialist Solutions Architect, AGS US Specialist SA, FSI","Amazon Web Services","Chicago, Illinois","","$153,600 - $207,800 (yearly)",jobspy_indeed,https://www.indeed.com/viewjob?jk=0ae7e5131962ca5e,"","2026-03-04"
0,"","Sr. Specialist Solutions Architect, Databases, US Specialist Solutions Architects","Amazon Web Services","Chicago, Illinois","","$153,600 - $207,800 (yearly)",jobspy_indeed,https://www.indeed.com/viewjob?jk=a09344fd8d46f0bb,"","2026-03-06"
0,"","Senior Engagement Manager, ProServe Shared Delivery Team Engagement Management , AWS Professional Services","Amazon Web Services","Chicago, Illinois","","$153,600 - $207,700 (yearly)",jobspy_indeed,https://www.indeed.com/viewjob?jk=aca26b84289424d7,"","2026-03-02"
0,"","Senior Worldwide Partner Specialist Solutions Architect, Amazon Connect","Amazon Web Services","Chicago, Illinois","","$153,600 - $207,800 (yearly)",jobspy_indeed,https://www.indeed.com/viewjob?jk=321d819fb33dddd2,"","2026-01-05"
0,"","Sr. Solutions Architect - Applied AI for Supply Chain, AWS Solutions","Amazon Web Services","Chicago, Illinois","","$153,600 - $207,800 (yearly)",jobspy_indeed,https://www.indeed.com/viewjob?jk=bba7a046c1d62db7,"","2025-11-11"
0,"","Sr. Worldwide Specialist - Amazon Bedrock, Amazon Bedrock","Amazon Web Services","Chicago, Illinois","","$147,900 - $200,100 (yearly)",jobspy_indeed,https://www.indeed.com/viewjob?jk=b9dd9f35739a93aa,"","2026-04-04"
0,"","Worldwide Field Activation Lead, Applied AI Solutions","Amazon Web Services","Chicago, Illinois","","$147,900 - $200,100 (yearly)",jobspy_indeed,https://www.indeed.com/viewjob?jk=6b7558450d21ab29,"","2026-03-30"
0,"","Senior GTM Specialist - Semiconductor Partners, Core and Advanced Compute","Amazon Web Services","Chicago, Illinois","","$147,900 - $200,100 (yearly)",jobspy_indeed,https://www.indeed.com/viewjob?jk=bf32565e51224267,"","2026-03-26"
0,"","Manager, Business Development Team, Auto & Manufacturing","Amazon Web Services","Chicago, Illinois","","$193,700 - $262,000 (yearly)",jobspy_indeed,https://www.indeed.com/viewjob?jk=049c6a17c9e81445,"","2026-03-19"
0,"","Senior Partner Solutions Architect, End User Computing, Applied AI Solutions Partner GTM","Amazon Web Services","New York, New York","","$153,600 - $207,800 (yearly)",jobspy_indeed,https://www.indeed.com/viewjob?jk=50ea1966e318bed8,"","2026-04-01"
0,"","Sr. Security Services SA, AWS Security Services SA - North America","Amazon Web Services","New York, New York","","$153,600 - $207,800 (yearly)",jobspy_indeed,https://www.indeed.com/viewjob?jk=84a7897280d35541,"","2026-03-31"
0,"","Sr. Specialist Solutions Architect, Databases, US Specialist Solutions Architects","Amazon Web Services","New York, New York","","$153,600 - $239,000 (yearly)",jobspy_indeed,https://www.indeed.com/viewjob?jk=d418f1867b4d79d9,"","2026-03-26"
0,"","Senior Solutions Developer, Prototyping and Customer Engineering (PACE)","Amazon Web Services","New York, New York","","$153,600 - $207,800 (yearly)",jobspy_indeed,https://www.indeed.com/viewjob?jk=726401052d156f01,"","2026-03-19"
0,"","Senior Engagement Manager, ProServe Shared Delivery Team Engagement Management , AWS Professional Services","Amazon Web Services","New York, New York","","$153,600 - $207,700 (yearly)",jobspy_indeed,https://www.indeed.com/viewjob?jk=7e7e8d1420c68dc4,"","2026-03-02"
0,"","Senior Worldwide Partner Specialist Solutions Architect, Amazon Connect","Amazon Web Services","New York, New York","","$153,600 - $207,800 (yearly)",jobspy_indeed,https://www.indeed.com/viewjob?jk=2e20da61a4e9fbf7,"","2026-01-05"
0,"","Senior Customer Success Specialist - GenAI, AWS Specialist and Partner Organization","Amazon Web Services","New York, New York","","$153,600 - $239,000 (yearly)",jobspy_indeed,https://www.indeed.com/viewjob?jk=585fe9fda7cd9429,"","2025-11-26"
0,"","Sr. Solutions Architect - Applied AI for Supply Chain, AWS Solutions","Amazon Web Services","New York, New York","","$153,600 - $207,800 (yearly)",jobspy_indeed,https://www.indeed.com/viewjob?jk=a699dd4067d09ec1,"","2025-11-11"
0,"","Principal GenAI Partner Dev Mgr, AMER Tech Partners - GenAI ISVs Team","Amazon Web Services","New York, New York","","$176,100 - $238,200 (yearly)",jobspy_indeed,https://www.indeed.com/viewjob?jk=c20bc0c5e4294a3b,"","2026-03-31"
0,"","Principal Business Development Specialist for Quantum Technologies, Worldwide Go-To-Market team for Amazon Braket","Amazon Web Services","New York, New York","","$176,100 - $238,200 (yearly)",jobspy_indeed,https://www.indeed.com/viewjob?jk=572920ecaf916d01,"","2026-02-03"
0,"","Worldwide Field Activation Lead, Applied AI Solutions","Amazon Web Services","New York, New York","","$147,900 - $200,100 (yearly)",jobspy_indeed,https://www.indeed.com/viewjob?jk=d99782db6b4fc1f2,"","2026-03-30"
0,"","Sr. Partner Development Specialist, Financial Services Industry – Banking and Payments, AMER Industry & Partner Solutions","Amazon Web Services","New York, New York","","$147,900 - $200,100 (yearly)",jobspy_indeed,https://www.indeed.com/viewjob?jk=58f0bda3ef6ce711,"","2026-02-23"
0,"","Field Sales Operations Lead, US Specialist Org, NAMER Sales Operations","Amazon Web Services","New York, New York","","$88,100 - $169,500 (yearly)",jobspy_indeed,https://www.indeed.com/viewjob?jk=67eaa328e57fce59,"","2026-03-10"
0,"","Principal Solutions Developer , Prototyping and Customer Engineering (PACE)","Amazon Web Services","New York, New York","","$182,800 - $272,000 (yearly)",jobspy_indeed,https://www.indeed.com/viewjob?jk=a44d4432fa33dece,"","2026-02-20"
0,"","Senior Leader, ProServe AI/GenAI/Agentic Specialists, Healthcare and Life Sciences","Amazon Web Services","New York, New York","","$201,000 - $299,200 (yearly)",jobspy_indeed,https://www.indeed.com/viewjob?jk=24c29ee861db35f6,"","2026-01-28"
0,"","Senior ProServe Sales Leader, North America, Healthcare and Life Sciences","Amazon Web Services","New York, New York","","$205,700 - $278,200 (yearly)",jobspy_indeed,https://www.indeed.com/viewjob?jk=619015198c90d1a5,"","2026-01-28"
0,"","Senior Executive Communications Leader, Partner Strategy & Engagement","Amazon Web Services","New York, New York","","$192,800 - $260,800 (yearly)",jobspy_indeed,https://www.indeed.com/viewjob?jk=d06a3fcdb381c4a5,"","2025-12-16"
0,"","Security Officer Patrol Driver Specialist","Allied Universal","San Francisco, California","","",jobspy_indeed,https://www.indeed.com/viewjob?jk=2a09881238f3ce16,"","2026-04-29"
0,"","Senior Robotics Engineer, Datacenter Robotic Products & Services","Amazon.com","San Francisco, California","","$136,600 - $212,800 (yearly)",jobspy_indeed,https://www.indeed.com/viewjob?jk=d4a1b0dcac2918ea,"","2026-03-16"
0,"","Senior Connectivity Engineer, Network Product Development","Amazon.com","San Francisco, California","","$159,200 - $247,600 (yearly)",jobspy_indeed,https://www.indeed.com/viewjob?jk=ba590662f10e3206,"","2026-03-12"
0,"","Senior Hardware Engineer, NPD Hardware","Amazon.com","San Francisco, California","","$159,200 - $247,600 (yearly)",jobspy_indeed,https://www.indeed.com/viewjob?jk=37750126c0e1554c,"","2026-02-03"
0,"","Sr. Supply Chain Product Manager, Electrical Assemblies","Amazon.com","San Francisco, California","","$147,900 - $200,100 (yearly)",jobspy_indeed,https://www.indeed.com/viewjob?jk=3b4f3cfdadb2a77b,"","2026-03-04"
0,"","Sr. Supply Chain Product Manager, Amazon Custom Modules - Power / Mechanical / Thermal","Amazon.com","San Francisco, California","","$147,900 - $200,100 (yearly)",jobspy_indeed,https://www.indeed.com/viewjob?jk=28e3c36fb5174702,"","2026-03-03"
0,"","Senior Global Category Manager, Amazon Custom Modules","Amazon.com","San Francisco, California","","$147,900 - $200,100 (yearly)",jobspy_indeed,https://www.indeed.com/viewjob?jk=ddebc69638b67c3f,"","2026-02-27"
0,"","Senior Engagement Manager, ProServe Shared Delivery Team Engagement Management , AWS Professional Services","Amazon Web Services","San Francisco, California","","$153,600 - $207,700 (yearly)",jobspy_indeed,https://www.indeed.com/viewjob?jk=872fef3f037fc553,"","2026-03-02"
0,"","Senior Worldwide Partner Specialist Solutions Architect, Amazon Connect","Amazon Web Services","San Francisco, California","","$153,600 - $207,800 (yearly)",jobspy_indeed,https://www.indeed.com/viewjob?jk=c3d1a4b63bd06a67,"","2026-01-05"
0,"","Senior Customer Success Specialist - GenAI, AWS Specialist and Partner Organization","Amazon Web Services","San Francisco, California","","$153,600 - $239,000 (yearly)",jobspy_indeed,https://www.indeed.com/viewjob?jk=c202bacf59a1f04e,"","2025-11-26"
0,"","Connectivity Engineer, AWS Data Center","Amazon.com","San Francisco, California","","$109,700 - $185,000 (yearly)",jobspy_indeed,https://www.indeed.com/viewjob?jk=470aa6169c0eaa48,"","2026-02-26"
0,"","Sr. Systems Development Engineer (AWS Generative AI & ML Servers), AWS HW Engineering","Amazon Web Services","San Francisco, California","","$151,200 - $204,600 (yearly)",jobspy_indeed,https://www.indeed.com/viewjob?jk=2badb347d73e2348,"","2026-02-23"
0,"","Sr Software Engineer - BIOS, AWS Hardware Engineering, Firmware Development","Amazon Web Services","San Francisco, California","","$168,100 - $227,400 (yearly)",jobspy_indeed,https://www.indeed.com/viewjob?jk=04f1ad10a2c06ba5,"","2026-01-15"
0,"","Senior Executive Communications Leader, Partner Strategy & Engagement","Amazon Web Services","San Francisco, California","","$192,800 - $260,800 (yearly)",jobspy_indeed,https://www.indeed.com/viewjob?jk=4e09057c7ca9d4d1,"","2025-12-16"
0,"","Embedded Software Development Engineer II, AWS Hardware Engineering Services","Amazon.com","San Francisco, California","","$143,700 - $223,600 (yearly)",jobspy_indeed,https://www.indeed.com/viewjob?jk=93442db19f4048d0,"","2025-11-14"
0,"","Senior Global Category Manager, Amazon Custom Modules","Amazon Web Services","San Francisco, California","","$133,200 - $220,200 (yearly)",jobspy_indeed,https://www.indeed.com/viewjob?jk=9b342d10857b5036,"","2025-10-06"
0,"","Sr. Mech Product Manager-Tech, DCE - Mechanical Products & Services (MPS)","Amazon.com","Seattle, Washington","","$151,200 - $204,600 (yearly)",jobspy_indeed,https://www.indeed.com/viewjob?jk=4d166b6e9aff8dbd,"","2026-02-19"
0,"","Sr. Supply Chain Product Manager, Electrical Assemblies","Amazon.com","Seattle, Washington","","$147,900 - $200,100 (yearly)",jobspy_indeed,https://www.indeed.com/viewjob?jk=ff319096eb9719e2,"","2026-03-04"
0,"","Sr. Supply Chain Product Manager, Amazon Custom Modules - Power / Mechanical / Thermal","Amazon.com","Seattle, Washington","","$147,900 - $200,100 (yearly)",jobspy_indeed,https://www.indeed.com/viewjob?jk=93475fadad440040,"","2026-03-03"
0,"","Senior Engagement Manager, ProServe Shared Delivery Team Engagement Management , AWS Professional Services","Amazon Web Services","Seattle, Washington","","$153,600 - $207,700 (yearly)",jobspy_indeed,https://www.indeed.com/viewjob?jk=98ac6650f4a79983,"","2026-03-02"
0,"","Senior Worldwide Partner Specialist Solutions Architect, Amazon Connect","Amazon Web Services","Seattle, Washington","","$153,600 - $207,800 (yearly)",jobspy_indeed,https://www.indeed.com/viewjob?jk=79d3e65a2e333c86,"","2026-01-05"
0,"","Senior Customer Success Specialist - GenAI, AWS Specialist and Partner Organization","Amazon Web Services","Seattle, Washington","","$153,600 - $239,000 (yearly)",jobspy_indeed,https://www.indeed.com/viewjob?jk=6782d71d5d64369f,"","2025-11-26"
0,"","Manufacturing Test TPM, Amazon Infrastructure Service - Manufacturing Operation","Amazon.com","Seattle, Washington","","$148,700 - $201,200 (yearly)",jobspy_indeed,https://www.indeed.com/viewjob?jk=9f7026116ad72b95,"","2026-02-27"
0,"","Senior Technical Program Management - Mechanical Systems, DCE - Mechanical Products & Services","Amazon.com","Seattle, Washington","","$148,700 - $201,200 (yearly)",jobspy_indeed,https://www.indeed.com/viewjob?jk=7041c8c89bf98735,"","2026-02-25"
0,"","Sr. Technical Program Manager , Prime Video Sports Linear and News","Amazon.com","Seattle, Washington","","$148,700 - $201,200 (yearly)",jobspy_indeed,https://www.indeed.com/viewjob?jk=a324338ea0a430fb,"","2026-01-09"
0,"","Senior Material Engineer, Data Center Mechanical Solutions","Amazon.com","Seattle, Washington","","$136,600 - $184,800 (yearly)",jobspy_indeed,https://www.indeed.com/viewjob?jk=e7e68710e1571be6,"","2026-02-27"
0,"","Sr. Plumbing/Fire Protection Engineer, Data Center Engineering","Amazon.com","Seattle, Washington","","$136,600 - $184,800 (yearly)",jobspy_indeed,https://www.indeed.com/viewjob?jk=688f2d290f54815b,"","2026-03-29"
0,"","Sr. Security Systems Engineer, DCE Security Products and Services","Amazon.com","Seattle, Washington","","$136,600 - $184,800 (yearly)",jobspy_indeed,https://www.indeed.com/viewjob?jk=8d10bd10684e948d,"","2026-03-09"
0,"","Sr. Mechanical Controls Engineer, Data Center Engineering","Amazon.com","Seattle, Washington","","$136,600 - $184,800 (yearly)",jobspy_indeed,https://www.indeed.com/viewjob?jk=6bf2f37c639e9dab,"","2026-03-27"
0,"","Demand Planning Mgr, Spares, AIS-SC IPS","Amazon.com","Seattle, Washington","","$79,500 - $139,100 (yearly)",jobspy_indeed,https://www.indeed.com/viewjob?jk=991dbde8adefced6,"","2026-02-26"
0,"","Network Development Engineer, Network Fabric Engineering","Amazon.com","Seattle, Washington","","$159,100 - $215,300 (yearly)",jobspy_indeed,https://www.indeed.com/viewjob?jk=872eb7e9960d3808,"","2026-02-25"
0,"","Sr. Systems Development Engineer (AWS Generative AI & ML Servers), AWS HW Engineering","Amazon Web Services","Seattle, Washington","","$151,200 - $204,600 (yearly)",jobspy_indeed,https://www.indeed.com/viewjob?jk=bdb8481627932de1,"","2026-02-23"
0,"","Principal Solutions Developer , Prototyping and Customer Engineering (PACE)","Amazon Web Services","Seattle, Washington","","$182,800 - $272,000 (yearly)",jobspy_indeed,https://www.indeed.com/viewjob?jk=9d9fc9f493cf138e,"","2026-02-20"
0,"","Principal Networking Specialist Solutions Architect, AWS Industries Customer Acceleration Team","Amazon Web Services","Seattle, Washington","","$182,800 - $247,300 (yearly)",jobspy_indeed,https://www.indeed.com/viewjob?jk=7a6919aa553f51df,"","2026-02-20"
0,"","Product Lifecycle Mechanical Engineer, DCE - Mechanical Products & Services (MPS)","Amazon.com","Seattle, Washington","","$116,800 - $160,000 (yearly)",jobspy_indeed,https://www.indeed.com/viewjob?jk=721b40b82f08dc72,"","2026-02-19"
0,"","Electrical BIM Designer, DC Design Engineering","Amazon.com","Seattle, Washington","","$116,800 - $160,000 (yearly)",jobspy_indeed,https://www.indeed.com/viewjob?jk=9ef1b0ebe3540d66,"","2026-03-12"
0,"","Electrical Design Engineer, HV/MV Engineering","Amazon.com","Seattle, Washington","","$116,800 - $160,000 (yearly)",jobspy_indeed,https://www.indeed.com/viewjob?jk=259e36f430fdadfd,"","2026-03-26"
0,"","Mechanical Design Engineer, Data Center Design Engineering","Amazon.com","Seattle, Washington","","$116,800 - $160,000 (yearly)",jobspy_indeed,https://www.indeed.com/viewjob?jk=c9c4472aef25b8e3,"","2026-03-23"
0,"","Senior Hardware Engineer, NPD Hardware","Amazon.com","Seattle, Washington","","$159,200 - $247,600 (yearly)",jobspy_indeed,https://www.indeed.com/viewjob?jk=6b0b02d51c71151a,"","2026-02-03"
0,"","Sr Software Engineer - BIOS, AWS Hardware Engineering, Firmware Development","Amazon Web Services","Seattle, Washington","","$168,100 - $227,400 (yearly)",jobspy_indeed,https://www.indeed.com/viewjob?jk=e9119041308dcc29,"","2026-01-15"
0,"","Sr Construction Scheduler, Global Build Services","Amazon.com","Seattle, Washington","","$139,300 - $208,000 (yearly)",jobspy_indeed,https://www.indeed.com/viewjob?jk=6ba00cd97eea94b6,"","2025-12-31"
0,"","Senior Executive Communications Leader, Partner Strategy & Engagement","Amazon Web Services","Seattle, Washington","","$192,800 - $260,800 (yearly)",jobspy_indeed,https://www.indeed.com/viewjob?jk=6ee7d79689f4475d,"","2025-12-16"
0,"","Principal GTM Strategy, Connect Specialist, WW GTM & Business Development, Connect","Amazon Web Services","Boston, Massachusetts","","$176,100 - $262,000 (yearly)",jobspy_indeed,https://www.indeed.com/viewjob?jk=f0fca3087f2c28bc,"","2026-04-24"
0,"","Principal Business Development Specialist for Quantum Technologies, Worldwide Go-To-Market team for Amazon Braket","Amazon Web Services","Boston, Massachusetts","","$176,100 - $238,200 (yearly)",jobspy_indeed,https://www.indeed.com/viewjob?jk=841caf7aabbf30c9,"","2026-02-03"
0,"","Senior Solutions Architect Google Cloud, Market Intel, Cloud Intelligence","Amazon Web Services","Boston, Massachusetts","","$153,600 - $207,800 (yearly)",jobspy_indeed,https://www.indeed.com/viewjob?jk=4bf974ec94a18e63,"","2026-04-23"
0,"","Sr. Analytics & AI Specialist Solutions Architect, AGS-NAMER-US-COV-SPEC-SA-Data&AI-Analytics","Amazon Web Services","Boston, Massachusetts","","$153,600 - $239,000 (yearly)",jobspy_indeed,https://www.indeed.com/viewjob?jk=65effa4272985f4d,"","2026-04-01"
0,"","Senior Solutions Developer, Prototyping and Customer Engineering (PACE)","Amazon Web Services","Boston, Massachusetts","","$153,600 - $207,800 (yearly)",jobspy_indeed,https://www.indeed.com/viewjob?jk=5cb16ae678c82647,"","2026-03-19"
0,"","Specialist Solutions Architect, Containers, ASPI HCLS Specialist","Amazon Web Services","Boston, Massachusetts","","$153,600 - $228,600 (yearly)",jobspy_indeed,https://www.indeed.com/viewjob?jk=9c06e0c961a4a212,"","2026-02-27"
0,"","Sr. Banking Partner Solutions Architect, AMER Partner Industry & Solutions","Amazon Web Services","Boston, Massachusetts","","$153,600 - $228,600 (yearly)",jobspy_indeed,https://www.indeed.com/viewjob?jk=369e9fff8f2a8711,"","2026-01-14"
0,"","Senior Customer Success Specialist - GenAI, AWS Specialist and Partner Organization","Amazon Web Services","Boston, Massachusetts","","$153,600 - $239,000 (yearly)",jobspy_indeed,https://www.indeed.com/viewjob?jk=dfcac6aea0a334f9,"","2025-11-26"
0,"","Sr. Solutions Architect - Applied AI for Supply Chain, AWS Solutions","Amazon Web Services","Boston, Massachusetts","","$153,600 - $207,800 (yearly)",jobspy_indeed,https://www.indeed.com/viewjob?jk=e30201d67fb4ed27,"","2025-11-11"
0,"","AI Specialist Solutions Architect, AGS US Specialist SA, FSI","Amazon Web Services","Boston, Massachusetts","","$124,700 - $204,300 (yearly)",jobspy_indeed,https://www.indeed.com/viewjob?jk=c919c1ea92703dc5,"","2026-04-22"
0,"","Sr Manager, Partner Success Specialists, AWS Specialist and Partner Organization","Amazon Web Services","Boston, Massachusetts","","$201,000 - $312,800 (yearly)",jobspy_indeed,https://www.indeed.com/viewjob?jk=c9613cb600fe627c,"","2026-04-16"
0,"","AWS Sr Account Manager, ISV","Amazon Web Services","Boston, Massachusetts","","$142,800 - $212,600 (yearly)",jobspy_indeed,https://www.indeed.com/viewjob?jk=17d2e6fc5e481e59,"","2026-04-13"
0,"","Sr. Partner Sales Manager, Partner Sales Retail Restaurants and CPG","Amazon Web Services","Boston, Massachusetts","","$142,800 - $212,500 (yearly)",jobspy_indeed,https://www.indeed.com/viewjob?jk=00334a518d4de120,"","2026-04-09"
0,"","Senior Sales Specialist - Storage, Auto & Mfg","Amazon Web Services","Boston, Massachusetts","","$142,800 - $193,200 (yearly)",jobspy_indeed,https://www.indeed.com/viewjob?jk=e8e032cf233de55c,"","2026-03-11"
0,"","AV-ADAS Technical GTM Specialist, WWSO HPC Team","Amazon Web Services","Boston, Massachusetts","","$147,900 - $200,100 (yearly)",jobspy_indeed,https://www.indeed.com/viewjob?jk=eeab0a53b8614477,"","2026-04-10"
0,"","Senior GTM Specialist - Semiconductor Partners, Core and Advanced Compute","Amazon Web Services","Boston, Massachusetts","","$147,900 - $200,100 (yearly)",jobspy_indeed,https://www.indeed.com/viewjob?jk=616f96152552a154,"","2026-03-26"
0,"","Senior Partner Development Specialist, Generative AI & Data, Americas Specialist Partner Team","Amazon Web Services","Boston, Massachusetts","","$147,900 - $200,100 (yearly)",jobspy_indeed,https://www.indeed.com/viewjob?jk=d38dc7c410367f98,"","2026-02-26"
0,"","Sr Mgr, Storage Solution Architecture, WW Storage Specialists","Amazon Web Services","Boston, Massachusetts","","$191,000 - $272,000 (yearly)",jobspy_indeed,https://www.indeed.com/viewjob?jk=bbd44b2947d3aa7b,"","2026-04-08"
0,"","Sales Operations Support, AWS Investments","Amazon Web Services","Boston, Massachusetts","","$96,900 - $169,500 (yearly)",jobspy_indeed,https://www.indeed.com/viewjob?jk=f899b91618c47472,"","2026-04-08"
0,"","Security Engineer, Corporate Services Security","Amazon.com","Boston, Massachusetts","","$159,300 - $202,400 (yearly)",jobspy_indeed,https://www.indeed.com/viewjob?jk=9ca3825bcc4d321e,"","2026-02-26"
0,"","Principal Security Specialist Solutions Architect, AWS Industries","Amazon Web Services","Boston, Massachusetts","","$182,800 - $247,300 (yearly)",jobspy_indeed,https://www.indeed.com/viewjob?jk=be706b5e2e781bea,"","2026-02-24"
0,"","Outreach, Recruitment, and Orientation Analyst (Administrative Analyst/Specialist - Exempt I)","California State University","Los Angeles, California","","",jobspy_indeed,https://www.indeed.com/viewjob?jk=7c55a69f83034bfb,"","2026-04-30"
0,"","Customer Support Specialist - Bilingual","Uline","Los Angeles, California","","$28 - $33 (hourly)",jobspy_indeed,https://www.indeed.com/viewjob?jk=34b07f3643b8ec0b,"","2026-04-30"
0,"","Sr. Sales Specialist - Storage, Retail, Restaurants, and Consumer Packaged Goods","Amazon Web Services","Los Angeles, California","","$142,800 - $212,600 (yearly)",jobspy_indeed,https://www.indeed.com/viewjob?jk=72587af78d9550ac,"","2026-04-29"
0,"","Sr. Account Manager, Life Sciences","Amazon Web Services","Los Angeles, California","","$142,800 - $212,600 (yearly)",jobspy_indeed,https://www.indeed.com/viewjob?jk=a393b9ffdbfd621d,"","2026-04-23"
0,"","Sr. Partner Sales Manager, Partner Sales Retail Restaurants and CPG","Amazon Web Services","Los Angeles, California","","$142,800 - $212,500 (yearly)",jobspy_indeed,https://www.indeed.com/viewjob?jk=bdc4d485e42b8966,"","2026-04-09"
0,"","Senior Account Manager, Games, Games","Amazon Web Services","Los Angeles, California","","$142,800 - $212,600 (yearly)",jobspy_indeed,https://www.indeed.com/viewjob?jk=9f53b143a8e7962d,"","2026-03-25"
0,"","Sr. Specialist Sales Rep , ISV GenAI/ML","Amazon Web Services","Los Angeles, California","","$142,800 - $212,600 (yearly)",jobspy_indeed,https://www.indeed.com/viewjob?jk=cecdf8a20175fdac,"","2026-03-25"
0,"","Senior Solutions Architect Google Cloud, Market Intel, Cloud Intelligence","Amazon Web Services","Los Angeles, California","","$153,600 - $207,800 (yearly)",jobspy_indeed,https://www.indeed.com/viewjob?jk=fbb53f568e2b4dbf,"","2026-04-23"
0,"","Sr. Worldwide Specialist Solutions Architect, GameLift, AWS Games","Amazon Web Services","Los Angeles, California","","$153,600 - $207,800 (yearly)",jobspy_indeed,https://www.indeed.com/viewjob?jk=b7a335f2e46ecd91,"","2026-04-21"
0,"","Senior Specialist Solutions Architect GenAI/ML, AGS Specialist Solutions Architects","Amazon Web Services","Los Angeles, California","","$153,600 - $207,800 (yearly)",jobspy_indeed,https://www.indeed.com/viewjob?jk=e4c7705c48ca4d41,"","2026-04-14"
0,"","Senior Specialist Solution Architect, Migration & Modernization, ASPI AutoMfg","Amazon Web Services","Los Angeles, California","","$153,600 - $207,800 (yearly)",jobspy_indeed,https://www.indeed.com/viewjob?jk=27b3d9b84dd7a0ac,"","2026-02-20"
0,"","Senior AI Innovation & GTM Programs Lead, Applied AI Solutions","Amazon Web Services","Los Angeles, California","","$148,700 - $231,400 (yearly)",jobspy_indeed,https://www.indeed.com/viewjob?jk=a252e7aa208129f8,"","2026-04-22"
0,"","Worldwide Field Activation Lead, Applied AI Solutions","Amazon Web Services","Los Angeles, California","","$147,900 - $200,100 (yearly)",jobspy_indeed,https://www.indeed.com/viewjob?jk=4a0b2c04aec50612,"","2026-03-30"
0,"","Sr Partner Development Specialist - Games, AMER Industry and Solutions","Amazon Web Services","Los Angeles, California","","$147,900 - $200,100 (yearly)",jobspy_indeed,https://www.indeed.com/viewjob?jk=5f2f16eff5e03516,"","2026-03-07"
0,"","Solutions Architect, Games","Amazon Web Services","Los Angeles, California","","$131,300 - $204,300 (yearly)",jobspy_indeed,https://www.indeed.com/viewjob?jk=e239b846bd62f250,"","2026-03-27"
0,"","Sr Partner Development Manager, COE Technology Partnerships, Horizontal Business Applications","Amazon Web Services","Los Angeles, California","","$193,700 - $262,000 (yearly)",jobspy_indeed,https://www.indeed.com/viewjob?jk=ca94f6b9bfceb949,"","2026-03-18"
0,"","Principal Account Exec, AWS Enterprise Games, Games","Amazon Web Services","Los Angeles, California","","$170,000 - $230,000 (yearly)",jobspy_indeed,https://www.indeed.com/viewjob?jk=7d3ee84600fae43e,"","2026-03-05"
0,"","Data Center Operations Manager","Amazon.com","Los Angeles, California","","$78,400 - $137,300 (yearly)",jobspy_indeed,https://www.indeed.com/viewjob?jk=bd5dfdbcc6c5c775,"","2026-02-13"
0,"","Structural Engineer, FSE-CSA - Field Remediation Engineering, Civil Architectural Structural","Amazon.com","Washington, DC","","$116,800 - $160,000 (yearly)",jobspy_indeed,https://www.indeed.com/viewjob?jk=91e28d9bc4fa7f14,"","2026-02-27"
0,"","Commissioning Engineer, AWS Infrastructure Services","Amazon.com","Washington, DC","","$116,800 - $160,000 (yearly)",jobspy_indeed,https://www.indeed.com/viewjob?jk=b07cb31f4c0887a9,"","2026-02-13"
0,"","Electrical BIM Designer, DC Design Engineering","Amazon.com","Washington, DC","","$116,800 - $160,000 (yearly)",jobspy_indeed,https://www.indeed.com/viewjob?jk=05431405cf36f4b3,"","2026-03-12"
0,"","Security Systems Engineer, DCE Security Solutions Engineering","Amazon.com","Washington, DC","","$116,800 - $160,000 (yearly)",jobspy_indeed,https://www.indeed.com/viewjob?jk=887d406af6caaac5,"","2026-03-04"
0,"","Electrical Design Engineer, HVMV Engineering","Amazon.com","Washington, DC","","$116,800 - $160,000 (yearly)",jobspy_indeed,https://www.indeed.com/viewjob?jk=a02d33e115e42585,"","2026-03-19"
0,"","Electrical Design Engineer, Data Center Design Engineering","Amazon.com","Washington, DC","","$116,800 - $160,000 (yearly)",jobspy_indeed,https://www.indeed.com/viewjob?jk=0352c7cef05d2614,"","2026-03-24"
0,"","Connectivity Engineer, AWS Data Center","Amazon.com","Washington, DC","","$109,700 - $185,000 (yearly)",jobspy_indeed,https://www.indeed.com/viewjob?jk=8a8a8d722cfc1257,"","2026-02-26"
0,"","Network Development Engineer, Network Fabric Engineering","Amazon.com","Washington, DC","","$159,100 - $215,300 (yearly)",jobspy_indeed,https://www.indeed.com/viewjob?jk=2baaaa49b9bf6f91,"","2026-02-25"
0,"","Water Strategy Manager, AWS Water Team","Amazon.com","Washington, DC","","$92,400 - $160,000 (yearly)",jobspy_indeed,https://www.indeed.com/viewjob?jk=48928b45a0febf95,"","2026-02-23"
0,"","Director, WW Public Sector Global System Integrators Sales, WWPS Partners","Amazon Web Services","Washington, DC","","$224,400 - $303,500 (yearly)",jobspy_indeed,https://www.indeed.com/viewjob?jk=70f71ac52575d567,"","2026-01-31"
0,"","Senior Leader, ProServe AI/GenAI/Agentic Specialists, Healthcare and Life Sciences","Amazon Web Services","Washington, DC","","$201,000 - $299,200 (yearly)",jobspy_indeed,https://www.indeed.com/viewjob?jk=3f99a0cc0f18b225,"","2026-01-28"
0,"","Data Center Engineering Operations Technician","Amazon.com","Washington, DC","","$37 - $65 (hourly)",jobspy_indeed,https://www.indeed.com/viewjob?jk=643273782f670321,"","2026-03-16"
0,"","Data Center Water Services Technician","Amazon.com","Washington, DC","","$37 - $65 (hourly)",jobspy_indeed,https://www.indeed.com/viewjob?jk=105a6856fe2be7fb,"","2026-04-24"
0,"","Engineering Operations Technician, DCC Communities","Amazon.com","Washington, DC","","$31 - $55 (hourly)",jobspy_indeed,https://www.indeed.com/viewjob?jk=78e0c1b2e5fcbda5,"","2026-01-26"
0,"","Senior Worldwide Partner Specialist Solutions Architect, Amazon Connect","Amazon Web Services","Washington, DC","","$153,600 - $207,800 (yearly)",jobspy_indeed,https://www.indeed.com/viewjob?jk=cf57745fc8b8874c,"","2026-01-05"
0,"","Sr Construction Scheduler, Global Build Services","Amazon.com","Washington, DC","","$139,300 - $208,000 (yearly)",jobspy_indeed,https://www.indeed.com/viewjob?jk=e5f474ee68dcae93,"","2025-12-31"
0,"","Senior Executive Communications Leader, Partner Strategy & Engagement","Amazon Web Services","Washington, DC","","$192,800 - $260,800 (yearly)",jobspy_indeed,https://www.indeed.com/viewjob?jk=5b21d0d186e985aa,"","2025-12-16"
0,"","ADC Technical Customer Service Specialist , Amazon Dedicate Cloud (ADC) Customer Service","Amazon Web Services","Washington, DC","","$24 - $43 (hourly)",jobspy_indeed,https://www.indeed.com/viewjob?jk=a1fd968e7a32df7e,"","2025-11-21"
0,"","Onboarding Specialist","nan","United States","","",jobspy_indeed,https://www.indeed.com/viewjob?jk=3e369f9d132568c7,"","2026-04-30"
0,"","Precision Manufacturing Systems Engineer (Tooling & Fixtures)","nan","United States","","",jobspy_indeed,https://www.indeed.com/viewjob?jk=ea1bb5d245a44616,"","2026-04-29"
0,"","Lead Disguise Operator","nan","United States","","",jobspy_indeed,https://www.indeed.com/viewjob?jk=0f16648f0fd64686,"","2025-10-23"
0,"","Disguise Programmer","nan","United States","","",jobspy_indeed,https://www.indeed.com/viewjob?jk=baf1ce186d031ab5,"","2025-10-23"
0,"","AVIONICS TECHNICIAN I","nan","United States","","",jobspy_indeed,https://www.indeed.com/viewjob?jk=9850abc28f938e6f,"","2026-04-29"
0,"","Electrical Supervisor","nan","United States","","",jobspy_indeed,https://www.indeed.com/viewjob?jk=7ffccaa7db4ca67d,"","2026-04-29"
0,"","Journeyman or Master Electrician","nan","United States","","",jobspy_indeed,https://www.indeed.com/viewjob?jk=2eb0a1c64173c5e1,"","2026-04-29"
0,"","Production Associate- Part Time","nan","United States","","",jobspy_indeed,https://www.indeed.com/viewjob?jk=4c5ebe3b019d9333,"","2026-04-27"
0,"","Bobst Operator","nan","United States","","",jobspy_indeed,https://www.indeed.com/viewjob?jk=b010200770e1ff7a,"","2026-04-30"
0,"","Sheetfed Press Helper","nan","United States","","",jobspy_indeed,https://www.indeed.com/viewjob?jk=02210c09312c0717,"","2026-04-30"
0,"","Environmental Health & Safety (EHS) Specialist-","nan","United States","","",jobspy_indeed,https://www.indeed.com/viewjob?jk=2087313f87eeadb8,"","2026-04-30"
0,"","Carpenter","nan","United States","","",jobspy_indeed,https://www.indeed.com/viewjob?jk=6e995097e41a5ff1,"","2026-04-27"
0,"","Sales Manager Protem","Brookdale Senior Living","United States","","",jobspy_indeed,https://www.indeed.com/viewjob?jk=7d66c8c377d24c2a,"","2026-04-30"
0,"","Cyber Analysis Support Specialist (Senior)","Pine Point Group","United States","","",jobspy_indeed,https://www.indeed.com/viewjob?jk=b1071230138521a9,"","2026-04-30"
0,"","Learning Spaces Technical Associate","Villanova University","United States","","$59,100 - $65,700 (yearly)",jobspy_indeed,https://www.indeed.com/viewjob?jk=05e314d306d20703,"","2026-04-22"
0,"","Engineering Operations Technician, DCC Communities","Amazon.com","United States","","$36 - $63 (hourly)",jobspy_indeed,https://www.indeed.com/viewjob?jk=5ddffcdea613295e,"","2026-01-28"
0,"","Data Center Engineering Operations Technician","Amazon.com","United States","","$36 - $63 (hourly)",jobspy_indeed,https://www.indeed.com/viewjob?jk=91f5cadc30b9d6d4,"","2026-01-27"
0,"","Field & Event Marketing Specialist","REECO","Remote","","",jobspy_indeed,https://www.indeed.com/viewjob?jk=50f77dedd24e90a7,"","2026-04-30"
0,"","Lead Product Manager – Clinical Decision Support","CenterWell","Remote","","$126,300 - $173,700 (yearly)",jobspy_indeed,https://www.indeed.com/viewjob?jk=8605b047c7b2bdd0,"","2026-04-29"
0,"","Remote Agile Schedule Specialist (VA ESOM)","Kentro","Remote","","",jobspy_indeed,https://www.indeed.com/viewjob?jk=6d2686e39e5b8561,"","2026-04-29"
0,"","Site Project Specialist II","FieldCore","Remote","","",jobspy_indeed,https://www.indeed.com/viewjob?jk=0bc51ac3c41d83eb,"","2026-04-29"
0,"","Pre-Sales Representative Sr Lead, Solutions Specialist","FIS","Remote","","$152,280 - $258,890 (yearly)",jobspy_indeed,https://www.indeed.com/viewjob?jk=d2a769af4696077b,"","2026-04-29"
0,"","Director, Marketing Automation","Curriculum Associates","Remote","","$110,500 - $196,500 (yearly)",jobspy_indeed,https://www.indeed.com/viewjob?jk=8cf4292503248c60,"","2026-04-29"
0,"","Naval Combat Systems / C4I Technician","ICI Services","Remote","","",jobspy_indeed,https://www.indeed.com/viewjob?jk=0df6f16dee251afe,"","2026-04-29"
0,"","Customer Service Escalation Specialist","Factual Data","Remote","","$20 - $21 (hourly)",jobspy_indeed,https://www.indeed.com/viewjob?jk=023124f0dcdab13c,"","2026-04-29"
0,"","Licensed Life Insurance Sales Agent","Ethos Life","Remote","","$70,000 - $200,000 (yearly)",jobspy_indeed,https://www.indeed.com/viewjob?jk=20ee46094ecd7d0e,"","2026-04-29"
0,"","Robotic Integration Specialist - Clinical Account Manager","Neocis Inc","Remote","","",jobspy_indeed,https://www.indeed.com/viewjob?jk=d56cba942f19a972,"","2026-04-29"
0,"","Consultant, FedRAMP Assessment","Coalfire","Remote","","$71,000 - $122,689 (yearly)",jobspy_indeed,https://www.indeed.com/viewjob?jk=d0f2fb7af70ebd29,"","2026-04-29"
0,"","Business Development Manager – Rare Earth Metals | Mining & Industrial Sales (B2B)","nan","Remote","","$50,000 - $110,215 (yearly)",jobspy_indeed,https://www.indeed.com/viewjob?jk=b9685e7ebbe0d5fc,"","2026-04-29"
0,"","Vice President of Product Strategy","Heraeus","Remote","","",jobspy_indeed,https://www.indeed.com/viewjob?jk=a4196e72a59a7e1a,"","2026-04-29"
0,"","Clinical Specialist (Sonographer) - Nashville, TN","FujiFilm","Remote","","$90,000 - $125,000 (yearly)",jobspy_indeed,https://www.indeed.com/viewjob?jk=d9fea2b9edc08fc4,"","2026-04-28"
0,"","Freelance Marketing & GTM Consultants","The Channel Company","Remote","","",jobspy_indeed,https://www.indeed.com/viewjob?jk=52214cac9fcaba30,"","2026-04-28"
0,"","Solution Specialist - Networking","CDW","Remote","","$52,000 - $95,300 (yearly)",jobspy_indeed,https://www.indeed.com/viewjob?jk=009c412c9697b667,"","2026-04-28"
0,"","Advisor Marketing Specialist","Wealth Enhancement Group","Remote","","$67,300 - $97,600 (yearly)",jobspy_indeed,https://www.indeed.com/viewjob?jk=87cefe8e28ea375d,"","2026-04-28"
0,"","Senior FP&A Analyst","Pax8","Remote","","$94,000 - $100,000 (yearly)",jobspy_indeed,https://www.indeed.com/viewjob?jk=d804193590411a22,"","2026-04-28"
0,"","Director of Accounting Global Revenue and COGS","Pax8","Remote","","$179,187 - $199,097 (yearly)",jobspy_indeed,https://www.indeed.com/viewjob?jk=fb03c0dc3e68044c,"","2026-04-28"
0,"","Partner Marketing Specialist","Avalara","Remote","","$111,300 - $215,400 (yearly)",jobspy_indeed,https://www.indeed.com/viewjob?jk=93e2c1eb840134b8,"","2026-04-28"
0,"","Director of Content and Creative","Teramind","Remote","","",jobspy_indeed,https://www.indeed.com/viewjob?jk=4cc16babe95c7f54,"","2026-04-28"
0,"","Business Development Specialist","Quantum Health","Remote","","",jobspy_indeed,https://www.indeed.com/viewjob?jk=9068fcf57548ecd7,"","2026-04-28"
0,"","Surrogate Engagement Nurse","CONCEIVEABILITIES","Remote","","",jobspy_indeed,https://www.indeed.com/viewjob?jk=0c5c2d76e4e58fdc,"","2026-04-28"
0,"","Customer Experience Manager","Visual Comfort & Co","Chicago, Illinois","","$100,000 - $110,000 (yearly)",jobspy_indeed,https://www.indeed.com/viewjob?jk=09ec9f0c17225d22,"","2026-04-29"
0,"","International Customer Experience Representative","Visual Comfort & Co","Chicago, Illinois","","$28 - $32 (hourly)",jobspy_indeed,https://www.indeed.com/viewjob?jk=7e2ac0d151ac4987,"","2026-04-29"
0,"","Emergency Vehicle Technician","Federal Signal Corporation","Chicago, Illinois","","$44,311 - $63,302 (yearly)",jobspy_indeed,https://www.indeed.com/viewjob?jk=56f4459f9e1c8500,"","2026-04-28"
0,"","Designer","Crate and Barrel","Chicago, Illinois","","$16 - $36 (hourly)",jobspy_indeed,https://www.indeed.com/viewjob?jk=915fb14297eef13f,"","2026-04-28"
0,"","Electrical Engineering Manager - Healthcare","Farnsworth Group","Chicago, Illinois","","$120,000 - $171,000 (yearly)",jobspy_indeed,https://www.indeed.com/viewjob?jk=96825a9185b49816,"","2026-04-27"
0,"","Design Assistant","Lightscape, Inc.","Chicago, Illinois","","$30,000 - $45,000 (yearly)",jobspy_indeed,https://www.indeed.com/viewjob?jk=dc1f130624f5cceb,"","2026-04-27"
0,"","Graphic/Web Designer","Foodstuffs Gourmet Foods & Catering","Chicago, Illinois","","$55,000 - $60,000 (yearly)",jobspy_indeed,https://www.indeed.com/viewjob?jk=eaaa791bbab7d234,"","2026-04-27"
0,"","Outside Sales – selling lighting & architectural lighting to developers, owners and designers!","EL Design","Chicago, Illinois","","$65,000 - $85,000 (yearly)",jobspy_indeed,https://www.indeed.com/viewjob?jk=5b893854c02e9176,"","2026-04-27"
0,"","Senior Manager Accounts Payable","Visual Comfort & Co","Chicago, Illinois","","$140,000 - $150,000 (yearly)",jobspy_indeed,https://www.indeed.com/viewjob?jk=46505189ca8ac626,"","2026-04-24"
0,"","Marketing Analytics Manager","Visual Comfort & Co","Chicago, Illinois","","$120,000 - $130,000 (yearly)",jobspy_indeed,https://www.indeed.com/viewjob?jk=7c93f52832d1f0d3,"","2026-04-24"
0,"","Designer - Interiors - Education","Gensler","Chicago, Illinois","","$68,000 - $80,000 (yearly)",jobspy_indeed,https://www.indeed.com/viewjob?jk=a12b93efc9ee79f6,"","2026-04-24"
0,"","Set Builder, Scenic Carpenter","Crate and Barrel","Chicago, Illinois","","$20 - $25 (hourly)",jobspy_indeed,https://www.indeed.com/viewjob?jk=21e12b4838eaeb56,"","2026-04-23"
0,"","Sales Associate","Visual Comfort & Co","Chicago, Illinois","","$31 - $33 (hourly)",jobspy_indeed,https://www.indeed.com/viewjob?jk=1a3d5f8ce79be2df,"","2026-04-23"
0,"","Multi-Brand Marketing Coordinator / Marketing Manager","LTF Technology","Chicago, Illinois","","",jobspy_indeed,https://www.indeed.com/viewjob?jk=00e2352edee5b035,"","2026-04-23"
0,"","Kitchen Designer","Urban homes","New York, New York","","$90,000 - $180,000 (yearly)",jobspy_indeed,https://www.indeed.com/viewjob?jk=4cdbf9ec40ffbd05,"","2026-04-30"
0,"","AV Designer","Sourcing Unicorns","New York, New York","","$90,000 - $110,000 (yearly)",jobspy_indeed,https://www.indeed.com/viewjob?jk=e8bdd03bc8de6cdd,"","2026-04-30"
0,"","AV Designer","Moment Factory","New York, New York","","$90,000 - $110,000 (yearly)",jobspy_indeed,https://www.indeed.com/viewjob?jk=e18abd8e674aedcf,"","2026-04-30"
0,"","Manufacturing Engineering Intern","Humanscale","New York, New York","","",jobspy_indeed,https://www.indeed.com/viewjob?jk=1b0e81cf28063a90,"","2026-04-29"
0,"","Senior Bridge Design Engineer","Stantec","New York, New York","","$134,900 - $202,500 (yearly)",jobspy_indeed,https://www.indeed.com/viewjob?jk=5ea3168b3910fd09,"","2026-04-29"
0,"","New Development Real Estate Manager","REAL New York","New York, New York","","$75,000 - $85,000 (yearly)",jobspy_indeed,https://www.indeed.com/viewjob?jk=33f6bd15eeb3986e,"","2026-04-29"
0,"","Freelance Videographer","Sound Collective","New York, New York","","$26 - $30 (hourly)",jobspy_indeed,https://www.indeed.com/viewjob?jk=c41db3745f41dc98,"","2026-04-29"
0,"","Kitchen & Bath Designer","nan","New York, New York","","$64,839 - $78,086 (yearly)",jobspy_indeed,https://www.indeed.com/viewjob?jk=807260e6ae8e3449,"","2026-04-28"
0,"","Design Engineer","Allied Maker","New York, New York","","$90,000 - $115,000 (yearly)",jobspy_indeed,https://www.indeed.com/viewjob?jk=1689bfa54d044105,"","2026-04-28"
0,"","Photographer / Art Director","Allied Maker","New York, New York","","$115,000 - $150,000 (yearly)",jobspy_indeed,https://www.indeed.com/viewjob?jk=52a78f77732e6fb7,"","2026-04-28"
0,"","Client Experience Coordinator","Allied Maker","New York, New York","","$65,000 - $72,000 (yearly)",jobspy_indeed,https://www.indeed.com/viewjob?jk=020893ca9aac8a92,"","2026-04-28"
0,"","Pre-Production Coordinator","Allied Maker","New York, New York","","$55,000 - $70,000 (yearly)",jobspy_indeed,https://www.indeed.com/viewjob?jk=a7383b3632339045,"","2026-04-28"
0,"","Manufacturing Engineer","Allied Maker","New York, New York","","$95,000 - $120,000 (yearly)",jobspy_indeed,https://www.indeed.com/viewjob?jk=eea7b5bb4f95728d,"","2026-04-28"
0,"","Systems Engineer","Allied Maker","New York, New York","","$100,000 - $130,000 (yearly)",jobspy_indeed,https://www.indeed.com/viewjob?jk=0a72cf9214f16f90,"","2026-04-28"
0,"","Junior Procurement Coordinator","Allied Maker","New York, New York","","$55,000 - $68,000 (yearly)",jobspy_indeed,https://www.indeed.com/viewjob?jk=14de7ece66fdbdb7,"","2026-04-28"
0,"","Project Manager - Fabrication & Retail Construction","Bednark Studio","New York, New York","","$85,000 - $120,000 (yearly)",jobspy_indeed,https://www.indeed.com/viewjob?jk=8b36fa5000216f36,"","2026-04-28"
0,"","Pre-Production II: Assembly Kit Coordinator","Allied Maker","New York, New York","","$60,000 - $75,000 (yearly)",jobspy_indeed,https://www.indeed.com/viewjob?jk=4d95b96ac4550093,"","2026-04-28"
0,"","Sales Account Executive","Bona Fide Masks","New York, New York","","$65,000 - $85,000 (yearly)",jobspy_indeed,https://www.indeed.com/viewjob?jk=27bbba74afb240b9,"","2026-04-28"
0,"","Quality Control Engineer","Allied Maker","New York, New York","","$75,000 - $95,000 (yearly)",jobspy_indeed,https://www.indeed.com/viewjob?jk=9805e0b10084e2ee,"","2026-04-27"
0,"","Interior Design CAD Drafter","ECID Interior Design","New York, New York","","$25 - $28 (hourly)",jobspy_indeed,https://www.indeed.com/viewjob?jk=0c3386aef19f4622,"","2026-04-27"
0,"","Interior Designer (Commercial)","Apple Ridge Assisted Living","New York, New York","","",jobspy_indeed,https://www.indeed.com/viewjob?jk=9a682b8101eaaa95,"","2026-04-26"
0,"","Bath and Kitchen Designer","Advanced Home Remodeling","New York, New York","","$57,200 - $72,800 (yearly)",jobspy_indeed,https://www.indeed.com/viewjob?jk=01caee9fe135e4f4,"","2026-04-25"
0,"","VP of Design","On Board Experiential","New York, New York","","",jobspy_indeed,https://www.indeed.com/viewjob?jk=4353c720fb2d44b6,"","2026-04-25"
0,"","Production Manager","RWS Global","New York, New York","","$70,000 - $75,000 (yearly)",jobspy_indeed,https://www.indeed.com/viewjob?jk=574e5e53cdde324c,"","2026-04-24"
0,"","Creative Director CGI, Devices Brand Studio","Amazon.com","New York, New York","","$141,000 - $210,300 (yearly)",jobspy_indeed,https://www.indeed.com/viewjob?jk=3186b93408c1f578,"","2026-02-24"
0,"","Engineer II","Rosendin Electric","San Francisco, California","","$111,700 - $146,600 (yearly)",jobspy_indeed,https://www.indeed.com/viewjob?jk=e63ae9486494371f,"","2026-04-29"
0,"","SALE CONSULTANT -STUDIO BELMONT DECORATIVE PLUMBING & HARDWARE","nan","San Francisco, California","","$23 - $28 (hourly)",jobspy_indeed,https://www.indeed.com/viewjob?jk=b229b951311c978a,"","2026-04-28"
0,"","Technical Program Manager, Facility Operations","FluidStack","San Francisco, California","","$200,000 - $275,000 (yearly)",jobspy_indeed,https://www.indeed.com/viewjob?jk=ebb5239f4c8d7cd1,"","2026-04-28"
0,"","Software Engineer, Infrastructure Platform","FluidStack","San Francisco, California","","$200,000 - $250,000 (yearly)",jobspy_indeed,https://www.indeed.com/viewjob?jk=6a0e7673cf9fd64d,"","2026-04-28"
0,"","Senior Software Engineer - Graph Node Ecosystem (3D)","Adobe","San Francisco, California","","$159,200 - $301,600 (yearly)",jobspy_indeed,https://www.indeed.com/viewjob?jk=d04a08e8ca31ab15,"","2026-04-27"
0,"","Photo Editor & Client Experience Designer","Fem Boudoir Studio","San Francisco, California","","",jobspy_indeed,https://www.indeed.com/viewjob?jk=fe13992baaae8a97,"","2026-04-27"
0,"","3D Game Artist - Platform Architecture","Apple","San Francisco, California","","$181,100 - $318,400 (yearly)",jobspy_indeed,https://www.indeed.com/viewjob?jk=8b6e1a672af5d156,"","2026-04-25"
0,"","Location Operations Manager — Smart Home Integration","BRAVAS | Home Experience Design","San Francisco, California","","$140,000 - $200,000 (yearly)",jobspy_indeed,https://www.indeed.com/viewjob?jk=266bb7bc64eb8c5d,"","2026-04-25"
0,"","4107: Virtual Production Studio Associate","Accenture","San Francisco, California","","$50,800 - $150,400 (yearly)",jobspy_indeed,https://www.indeed.com/viewjob?jk=a65142ac13c1346e,"","2026-04-23"
0,"","Sales Representative – Designtex","Steelcase","San Francisco, California","","",jobspy_indeed,https://www.indeed.com/viewjob?jk=b643178a6e74f63a,"","2026-04-23"
0,"","Exterior Designer And Salesperson","Maisy Railing","Seattle, Washington","","$210,000 - $350,000 (yearly)",jobspy_indeed,https://www.indeed.com/viewjob?jk=1c62be56e5ed267a,"","2026-04-30"
0,"","Lead Professional, Electrical Engineering","WSP","Seattle, Washington","","$98,300 - $175,230 (yearly)",jobspy_indeed,https://www.indeed.com/viewjob?jk=43054d8e4599bb57,"","2026-04-29"
0,"","Senior Civil, QC, Inspectors, CM's / Resident Engineers","ProDims","Seattle, Washington","","$55 - $65 (hourly)",jobspy_indeed,https://www.indeed.com/viewjob?jk=c8235502a87dd998,"","2026-04-28"
0,"","Electrical BIM Designer, DC Design Engineering","Amazon Web Services","Seattle, Washington","","$116,800 - $160,000 (yearly)",jobspy_indeed,https://www.indeed.com/viewjob?jk=61fa651ea77f2525,"","2026-04-24"
0,"","Physical Secuity-ICT BIM Designer, Design Services","Amazon Web Services","Seattle, Washington","","$116,800 - $160,000 (yearly)",jobspy_indeed,https://www.indeed.com/viewjob?jk=c161bf9a2e365552,"","2026-04-24"
0,"","Home Staging Designer","S.H Home Staging & Design","Seattle, Washington","","$28 - $32 (hourly)",jobspy_indeed,https://www.indeed.com/viewjob?jk=dc18ddebd5ef3fb6,"","2026-04-24"
0,"","Creative Director CGI, Devices Brand Studio","Amazon.com","Seattle, Washington","","$141,000 - $210,300 (yearly)",jobspy_indeed,https://www.indeed.com/viewjob?jk=6275dc207bf95d9d,"","2026-02-24"
0,"","Senior PCB Designer","Excelitas Technologies","Boston, Massachusetts","","$93,500 - $124,000 (yearly)",jobspy_indeed,https://www.indeed.com/viewjob?jk=dcc6e0dda8f169c5,"","2026-04-29"
0,"","Project Engineer","Visual Comfort & Co","Boston, Massachusetts","","",jobspy_indeed,https://www.indeed.com/viewjob?jk=c79b59244d11659c,"","2026-04-29"
0,"","Interior Design Assistant","Great Spaces Inc.","Boston, Massachusetts","","$22 - $26 (hourly)",jobspy_indeed,https://www.indeed.com/viewjob?jk=c0fa622d1b8ac717,"","2026-04-29"
0,"","IT/ICT/Security Design Consultant","NV5","Boston, Massachusetts","","",jobspy_indeed,https://www.indeed.com/viewjob?jk=392dd97570a2d3f1,"","2026-04-28"
0,"","Kitchen Cabinet Designer/measure tech -2020 experienced","SV CUSTOM CABINETS","Boston, Massachusetts","","$60,000 - $90,000 (yearly)",jobspy_indeed,https://www.indeed.com/viewjob?jk=694b72abdfcbb20c,"","2026-04-28"
0,"","Building Automation Controls Designer","Johnson Controls","Boston, Massachusetts","","$33 - $48 (hourly)",jobspy_indeed,https://www.indeed.com/viewjob?jk=207398bd9a3e224f,"","2026-04-27"
0,"","Electrical Designer","Arora Engineers, Inc.","Boston, Massachusetts","","$90,000 - $95,000 (yearly)",jobspy_indeed,https://www.indeed.com/viewjob?jk=7c3c720e4d09174d,"","2026-04-27"
0,"","Associate Highway Engineer","Parsons","Boston, Massachusetts","","$26 - $46 (hourly)",jobspy_indeed,https://www.indeed.com/viewjob?jk=94f0b5c73409ef5b,"","2026-04-24"
0,"","Journeyman Electrician","Reframe Systems","Boston, Massachusetts","","",jobspy_indeed,https://www.indeed.com/viewjob?jk=862b7c18cb64cb15,"","2026-04-24"
0,"","SENIOR DESIGNER SALES REP","AZZARO HOME","Los Angeles, California","","$50,000 - $75,000 (yearly)",jobspy_indeed,https://www.indeed.com/viewjob?jk=19611c7d27647208,"","2026-04-30"
0,"","Designer","Crate and Barrel","Los Angeles, California","","$16 - $36 (hourly)",jobspy_indeed,https://www.indeed.com/viewjob?jk=58c8b46b2305869d,"","2026-04-29"
0,"","Director of Construction","The h.wood Group","Los Angeles, California","","$150,000 - $180,000 (yearly)",jobspy_indeed,https://www.indeed.com/viewjob?jk=cb28e5b61ce83bd7,"","2026-04-29"
0,"","Substation Physical Engineer - REMOTE","ICF","Los Angeles, California","","$89,261 - $183,610 (yearly)",jobspy_indeed,https://www.indeed.com/viewjob?jk=8967eda05042b992,"","2026-04-29"
0,"","Insomniac - Project Manager, Production & Operations","Live Nation","Los Angeles, California","","$75,000 - $90,000 (yearly)",jobspy_indeed,https://www.indeed.com/viewjob?jk=c568393105fa980a,"","2026-04-29"
0,"","DreamWorks TV - Visual Development Artist","NBCUniversal","Los Angeles, California","","$89,752 - $135,000 (yearly)",jobspy_indeed,https://www.indeed.com/viewjob?jk=e794ba94e4ef5ff4,"","2026-04-29"
0,"","Smart Home and AV Integrator","Totally Wired Electric","Los Angeles, California","","$30 - $45 (hourly)",jobspy_indeed,https://www.indeed.com/viewjob?jk=60ccab19860a8bee,"","2026-04-29"
0,"","Junior Architectural Designer/ Lighting Designer","RKV Design ","Los Angeles, California","","$35 - $45 (hourly)",jobspy_indeed,https://www.indeed.com/viewjob?jk=144c2596a0354d23,"","2026-04-29"
0,"","Residential-Focused Landscape Senior Project Designer/Director","Rios Inc","Los Angeles, California","","",jobspy_indeed,https://www.indeed.com/viewjob?jk=ba7a6dc299716fb7,"","2026-04-29"
0,"","Video & Photo Creative Production Lead","TP-LINK","Los Angeles, California","","$140,000 - $210,000 (yearly)",jobspy_indeed,https://www.indeed.com/viewjob?jk=4a330d3b10214106,"","2026-04-29"
0,"","Interior Designer","DT Professional Services","Los Angeles, California","","$33 - $37 (hourly)",jobspy_indeed,https://www.indeed.com/viewjob?jk=36c784745b969cdf,"","2026-04-28"
0,"","Events & Merchandise Coordinator","Rocket Lab USA","Los Angeles, California","","$32 - $40 (hourly)",jobspy_indeed,https://www.indeed.com/viewjob?jk=3d13b2c237518fb3,"","2026-04-28"
0,"","Electrical Engineer - 2+ years experience","AECOM","Los Angeles, California","","$76,000 - $90,000 (yearly)",jobspy_indeed,https://www.indeed.com/viewjob?jk=1c4668120814e4d2,"","2026-04-28"
0,"","IT Business Analyst","Ardmore Home Design","Los Angeles, California","","$75,000 - $95,000 (yearly)",jobspy_indeed,https://www.indeed.com/viewjob?jk=a61d50ede90ba8b0,"","2026-04-28"
0,"","Staff Lighting Design & Release Engineer","Rivian","Los Angeles, California","","",jobspy_indeed,https://www.indeed.com/viewjob?jk=cdaf0a29e3476c72,"","2026-04-27"
0,"","Digital Designer","Paramount","Los Angeles, California","","$64,800 - $90,000 (yearly)",jobspy_indeed,https://www.indeed.com/viewjob?jk=0ff93ee3470b1b1e,"","2026-04-26"
0,"","Sr. Manager, Lead Concept Artist","Disney Experiences","Los Angeles, California","","$145,900 - $225,000 (yearly)",jobspy_indeed,https://www.indeed.com/viewjob?jk=84e588d76a574b85,"","2026-04-26"
0,"","Chief Engineer","WINDSOR CAPITAL GROUP","Los Angeles, California","","",jobspy_indeed,https://www.indeed.com/viewjob?jk=7699bab95c505070,"","2026-04-25"
0,"","Production Artist Graphic Designer","LED Lighting","Los Angeles, California","","",jobspy_indeed,https://www.indeed.com/viewjob?jk=cc9ec4b41ffc9791,"","2026-04-24"
0,"","Senior Graphic Designer (Creative Lead)","LED Lighting","Los Angeles, California","","",jobspy_indeed,https://www.indeed.com/viewjob?jk=111b2850409bf575,"","2026-04-24"
0,"","Assembly Technician","LED Lighting","Los Angeles, California","","",jobspy_indeed,https://www.indeed.com/viewjob?jk=2ec54f180023ad50,"","2026-04-24"
0,"","Sr. Manager, Lead Concept Artist","The Walt Disney Company","Los Angeles, California","","$145,900 - $225,000 (yearly)",jobspy_indeed,https://www.indeed.com/viewjob?jk=2f7fe74026b76e68,"","2026-04-24"
0,"","Creative Director CGI, Devices Brand Studio","Amazon.com","Los Angeles, California","","$141,000 - $210,300 (yearly)",jobspy_indeed,https://www.indeed.com/viewjob?jk=1e8c3433edfeccc0,"","2026-02-24"
0,"","Fire Protection Engineer PE","Johnson, Mirmiran & Thompson","Washington, DC","","$48 - $52 (hourly)",jobspy_indeed,https://www.indeed.com/viewjob?jk=71253b9de2fb093c,"","2026-04-30"
0,"","Electrical Engineering Internship – Summer 2026","Moffatt & Nichol","Washington, DC","","$27 - $31 (hourly)",jobspy_indeed,https://www.indeed.com/viewjob?jk=64585715ea6767dc,"","2026-04-28"
0,"","Designer","MOI, Inc","Washington, DC","","$65,800 - $80,000 (yearly)",jobspy_indeed,https://www.indeed.com/viewjob?jk=039beafc131a18b4,"","2026-04-28"
0,"","Design Software Support Agent","Johnson, Mirmiran & Thompson","Washington, DC","","$24 - $34 (hourly)",jobspy_indeed,https://www.indeed.com/viewjob?jk=a0d1825f9e80ff14,"","2026-04-28"
0,"","Kitchen & Bath Designer/Sales","Sarokey Kitchen & Bath","Washington, DC","","$60,000 - $70,000 (yearly)",jobspy_indeed,https://www.indeed.com/viewjob?jk=afee398db51dd0fd,"","2026-04-27"
0,"","Electrical BIM Designer, DC Design Engineering","Amazon Web Services","Washington, DC","","$116,800 - $160,000 (yearly)",jobspy_indeed,https://www.indeed.com/viewjob?jk=5da415c4b860af75,"","2026-04-24"
0,"","Physical Secuity-ICT BIM Designer, Design Services","Amazon Web Services","Washington, DC","","$116,800 - $160,000 (yearly)",jobspy_indeed,https://www.indeed.com/viewjob?jk=9868bf13df9f835b,"","2026-04-24"
0,"","Design Coordinator","Crate and Barrel","Washington, DC","","",jobspy_indeed,https://www.indeed.com/viewjob?jk=175d3049706bb09d,"","2026-04-24"
0,"","Cert Interior Designer II - Senior Living","Hord Coplan Macht, Inc.","Washington, DC","","$85,000 - $115,000 (yearly)",jobspy_indeed,https://www.indeed.com/viewjob?jk=dc2e3b2636bc0a87,"","2026-04-14"
0,"","Designer & Selection Coordinator","MJ Brown Renovations, LLC","United States","","$30,000 - $50,000 (yearly)",jobspy_indeed,https://www.indeed.com/viewjob?jk=16b105e4cb06a22f,"","2026-04-30"
0,"","Senior Sales Executive","ETC Florida","United States","","$75,000 - $200,000 (yearly)",jobspy_indeed,https://www.indeed.com/viewjob?jk=ad31dae93d9f1f71,"","2026-04-30"
0,"","Architect III - Registered Architect","Johnson, Mirmiran & Thompson","United States","","",jobspy_indeed,https://www.indeed.com/viewjob?jk=d2ea33901526169f,"","2026-04-30"
0,"","Insomniac - CAD Designer","Live Nation","United States","","",jobspy_indeed,https://www.indeed.com/viewjob?jk=dfbe4c6e48de47db,"","2026-04-29"
0,"","Senior Substation Physical Designer 2 - Grid","Sargent & Lundy","United States","","$82,120 - $128,570 (yearly)",jobspy_indeed,https://www.indeed.com/viewjob?jk=283c0b48d18c44d0,"","2026-04-29"
0,"","Electrical BIM Designer, DC Design Engineering","Amazon Web Services","United States","","$116,800 - $160,000 (yearly)",jobspy_indeed,https://www.indeed.com/viewjob?jk=741339b3bb02e688,"","2026-04-24"
0,"","AV/IT CONSTRUCTION CONSULTANT (REMOTE - DALLAS PREFERRED)","Waveguide","United States","","$82,500 - $95,000 (yearly)",jobspy_indeed,https://www.indeed.com/viewjob?jk=2ee4d6789ef859a3,"","2026-03-01"
0,"","Interior Design Procurement Manager","Dedicated virtual Professional Services LLC","Remote","","$25 - $35 (hourly)",jobspy_indeed,https://www.indeed.com/viewjob?jk=586e35e907a83e9e,"","2026-04-29"
0,"","Building Performance Engineer (Post Sales)","Integrated Environmental Solutions","Remote","","",jobspy_indeed,https://www.indeed.com/viewjob?jk=4d07750b091c03f2,"","2026-04-24"
0,"","Electrical Engineer (Remote/Hybrid)","Amentum","Remote","","$90,000 - $160,000 (yearly)",jobspy_indeed,https://www.indeed.com/viewjob?jk=e1340d891dbe180d,"","2026-04-23"
0,"","Electrical Designer (Remote/Hybrid)","Amentum","Remote","","$30 - $50 (hourly)",jobspy_indeed,https://www.indeed.com/viewjob?jk=32a0faba43734e04,"","2026-04-23"
0,"","General Maintenance Technician","C&W Services","Chicago, Illinois","","$25 - $30 (hourly)",jobspy_indeed,https://www.indeed.com/viewjob?jk=a4aaa0c44d13c509,"","2026-04-30"
0,"","Senior Building Automation Systems Technician","JLL","Chicago, Illinois","","$72,000 - $82,000 (yearly)",jobspy_indeed,https://www.indeed.com/viewjob?jk=229ca757009fb2ec,"","2026-04-29"
0,"","Electro-Mechanical Technician (Electrician)","Ferrero","Chicago, Illinois","","",jobspy_indeed,https://www.indeed.com/viewjob?jk=01353ca4437154b1,"","2026-04-29"
0,"","Maintenance Tech","Pearl Healthcare","Chicago, Illinois","","",jobspy_indeed,https://www.indeed.com/viewjob?jk=0c5fc9713119964f,"","2026-04-29"
0,"","Diesel Mechanic","Dayton Freight","Chicago, Illinois","","$30 - $34 (hourly)",jobspy_indeed,https://www.indeed.com/viewjob?jk=aef0f1e8e33a07d6,"","2026-04-28"
0,"","Electrical Panel Technician","Panelshop.net Inc.","Chicago, Illinois","","$22 - $28 (hourly)",jobspy_indeed,https://www.indeed.com/viewjob?jk=6e065cb32ea99e39,"","2026-04-28"
0,"","Electronics Technician","Total Safety","Chicago, Illinois","","",jobspy_indeed,https://www.indeed.com/viewjob?jk=dcad4ed10135a54c,"","2026-04-28"
0,"","APPRENTICE 12 Volt Vehicle Installation Technician","MPC Communications & Lighting, Inc.","Chicago, Illinois","","$18 - $20 (hourly)",jobspy_indeed,https://www.indeed.com/viewjob?jk=24e0b04e33443004,"","2026-04-28"
0,"","Maintenance Mechanic - 3rd Shift","Haribo of America","Chicago, Illinois","","$39 - $41 (hourly)",jobspy_indeed,https://www.indeed.com/viewjob?jk=3630b5fae8750251,"","2026-04-27"
0,"","Finishing Technician","Stratus","Chicago, Illinois","","$17 - $19 (hourly)",jobspy_indeed,https://www.indeed.com/viewjob?jk=8c9d4870927a0aa1,"","2026-04-24"
0,"","Facility Maintenance Technician - 2nd Shift","Cresco Labs","Chicago, Illinois","","",jobspy_indeed,https://www.indeed.com/viewjob?jk=58d91395fa6bfa49,"","2026-04-24"
0,"","Multi-Skilled Maintenance Technician","Equity Property Management","Chicago, Illinois","","$22 - $24 (hourly)",jobspy_indeed,https://www.indeed.com/viewjob?jk=24b5f406b5e23aa1,"","2026-04-24"
0,"","Maintenance Technician - Clarendon Hills, IL. Must live within 15 min.","Forest Hill Apartments","Chicago, Illinois","","$22 - $28 (hourly)",jobspy_indeed,https://www.indeed.com/viewjob?jk=cfaa7ddc74c4d7e1,"","2026-04-24"
0,"","Facilities Technician","Pepper Construction","Chicago, Illinois","","",jobspy_indeed,https://www.indeed.com/viewjob?jk=50d6e74a46d32d59,"","2026-04-23"
0,"","Stagehand (per diem)","CBS News and Stations","Chicago, Illinois","","",jobspy_indeed,https://www.indeed.com/viewjob?jk=bb4ecca2a00838d8,"","2026-04-23"
0,"","In Shop Trailer Technician / Mechanic","All Fleet Inc","Chicago, Illinois","","$15 - $17 (hourly)",jobspy_indeed,https://www.indeed.com/viewjob?jk=8c4ee90d5b1c1c6d,"","2026-04-23"
0,"","Truck and Van Outfitting (Backyard Mechanic)","All Fleet Inc","Chicago, Illinois","","$22 - $25 (hourly)",jobspy_indeed,https://www.indeed.com/viewjob?jk=79a1104b4b1b1a70,"","2026-04-23"
0,"","Operations Maintenance Technician (Door Installer/ Carpenter)","American Dream","New York, New York","","",jobspy_indeed,https://www.indeed.com/viewjob?jk=24c1e256b3889876,"","2026-04-29"
0,"","Facilities Supervisor","Baldor Specialty Foods","New York, New York","","$75,000 - $80,000 (yearly)",jobspy_indeed,https://www.indeed.com/viewjob?jk=8aec4c3dae1f5922,"","2026-04-29"
0,"","Facilities Manager","Parched Hospitality Group","New York, New York","","$75,000 - $80,000 (yearly)",jobspy_indeed,https://www.indeed.com/viewjob?jk=d86846f77cfa709f,"","2026-04-29"
0,"","Maintenance Technician","The Alpert Group LLC","New York, New York","","",jobspy_indeed,https://www.indeed.com/viewjob?jk=db5db4ad91bba843,"","2026-04-28"
0,"","Operating Engineer","ABM Industries Inc.","New York, New York","","",jobspy_indeed,https://www.indeed.com/viewjob?jk=cf3bb99b2f1d82cf,"","2026-04-28"
0,"","Facilities Technician","Flynn Group","New York, New York","","",jobspy_indeed,https://www.indeed.com/viewjob?jk=4e1579b92fcf5607,"","2026-04-28"
0,"","12 Volt Technician","Central Sight and Sound","New York, New York","","$18 - $45 (hourly)",jobspy_indeed,https://www.indeed.com/viewjob?jk=c38cf1e70284be3b,"","2026-04-28"
0,"","Maintenance Technician","Life Time","New York, New York","","$28 - $37 (hourly)",jobspy_indeed,https://www.indeed.com/viewjob?jk=b1cf47c19010a5c3,"","2026-04-27"
0,"","Electro Mechanical Technician- Weekends","Church & Dwight Co.","New York, New York","","",jobspy_indeed,https://www.indeed.com/viewjob?jk=f819e999244b7126,"","2026-04-27"
0,"","Maintenance Technician","Brookfield Properties","New York, New York","","$22 - $32 (hourly)",jobspy_indeed,https://www.indeed.com/viewjob?jk=ea8233bd508ae7a3,"","2026-04-27"
0,"","Building Maintenance","Tyler Distribution Centers","New York, New York","","$26 - $28 (hourly)",jobspy_indeed,https://www.indeed.com/viewjob?jk=1640a44a67d2a75c,"","2026-04-27"
0,"","12 Volt Technician (Trainer, Instructor, Teacher, Manager)","Mobile Technical Training","New York, New York","","$28 - $33 (hourly)",jobspy_indeed,https://www.indeed.com/viewjob?jk=86e537770226d774,"","2026-04-25"
0,"","Landscape Lighting Technician / General Labor","NY Landscape Lighting","New York, New York","","",jobspy_indeed,https://www.indeed.com/viewjob?jk=4c2df7283aaf5dff,"","2026-04-24"
0,"","Electronics Assembler 2","GE Aerospace","New York, New York","","$20 - $25 (hourly)",jobspy_indeed,https://www.indeed.com/viewjob?jk=545f952fad689a45,"","2026-04-24"
0,"","Parking lot sweeping","Spotless Mobile Wash inc","New York, New York","","$2,800 - $3,500 (monthly)",jobspy_indeed,https://www.indeed.com/viewjob?jk=4a7d8f40c2cf63f4,"","2026-04-24"
0,"","Electrical Technician","Owens Corning","New York, New York","","",jobspy_indeed,https://www.indeed.com/viewjob?jk=2e56f9892be3b401,"","2026-04-23"
0,"","Facilities Maintenance Technician","nan","New York, New York","","$72,000 - $93,000 (yearly)",jobspy_indeed,https://www.indeed.com/viewjob?jk=b3ca34471d120f9c,"","2026-04-23"
0,"","Maintenance Worker","Green Leaf Pet Resort","New York, New York","","",jobspy_indeed,https://www.indeed.com/viewjob?jk=9a48a7fc625273d3,"","2026-04-23"
0,"","Service Technician","Noble Fueling Solutions","New York, New York","","$26 - $32 (hourly)",jobspy_indeed,https://www.indeed.com/viewjob?jk=a0e7fc4537959197,"","2026-02-03"
0,"","Building Engineer/Maintenance Technician","M5 Services","San Francisco, California","","$45 - $65 (hourly)",jobspy_indeed,https://www.indeed.com/viewjob?jk=2fffeccf3d243b91,"","2026-04-29"
0,"","Maintenance Technician I","Veolia","San Francisco, California","","$27 - $32 (hourly)",jobspy_indeed,https://www.indeed.com/viewjob?jk=43ca7451d426c02c,"","2026-04-29"
0,"","Mobile Facilities Maintenance Tech","ABM Industries Inc.","San Francisco, California","","$33 - $40 (hourly)",jobspy_indeed,https://www.indeed.com/viewjob?jk=62c1ef25f14a68ba,"","2026-04-29"
0,"","Cafe Engineer","Roblox","San Francisco, California","","$117,770 - $145,630 (yearly)",jobspy_indeed,https://www.indeed.com/viewjob?jk=301e3c53bec01e8e,"","2026-04-29"
0,"","Maintenance Technician","Brookfield Properties","San Francisco, California","","$24 - $33 (hourly)",jobspy_indeed,https://www.indeed.com/viewjob?jk=eb9697bfc18edd3c,"","2026-04-29"
0,"","Maintenance Technician","PEP Housing","San Francisco, California","","$23 - $25 (hourly)",jobspy_indeed,https://www.indeed.com/viewjob?jk=f805f1d6466da337,"","2026-04-28"
0,"","Maintenance Technician - TEMP","PEP Housing","San Francisco, California","","",jobspy_indeed,https://www.indeed.com/viewjob?jk=9b246da80f826b85,"","2026-04-28"
0,"","Journeyman Electrician - Residential","Gridwise Electric","San Francisco, California","","$60 - $70 (hourly)",jobspy_indeed,https://www.indeed.com/viewjob?jk=693d279eb41d0771,"","2026-04-28"
0,"","Traffic Control Signal Technician I/II","City Of Fairfield","San Francisco, California","","$87,561 - $106,433 (yearly)",jobspy_indeed,https://www.indeed.com/viewjob?jk=f3cb30e701a999a0,"","2026-04-27"
0,"","Union Mobile Engineer","JLL","San Francisco, California","","$151,694 - $151,694 (yearly)",jobspy_indeed,https://www.indeed.com/viewjob?jk=baf8a52981d60670,"","2026-04-27"
0,"","Commercial HVAC Installer - Denver, CO","Kelso Industries","San Francisco, California","","",jobspy_indeed,https://www.indeed.com/viewjob?jk=924472dbdfc9c89b,"","2026-04-27"
0,"","Diesel Technician III","A&A Concrete Supply","San Francisco, California","","$34 - $41 (hourly)",jobspy_indeed,https://www.indeed.com/viewjob?jk=5a915d5a0219b726,"","2026-04-24"
0,"","Director, Base Building Maintenance","JLL","San Francisco, California","","$143,600 - $191,000 (yearly)",jobspy_indeed,https://www.indeed.com/viewjob?jk=8a84e305ec171b91,"","2026-04-24"
0,"","Senior Media Systems Specialist","Santa Clara University","San Francisco, California","","",jobspy_indeed,https://www.indeed.com/viewjob?jk=8d7753e3f9469576,"","2026-04-23"
0,"","Chiller Technician, Commercial HVAC","ABM Industries Inc.","San Francisco, California","","$65 - $100 (hourly)",jobspy_indeed,https://www.indeed.com/viewjob?jk=35e561f218e81411,"","2026-04-23"
0,"","Facilities Maintenance Technician I","Reyes Coca-Cola Bottling","San Francisco, California","","",jobspy_indeed,https://www.indeed.com/viewjob?jk=00564ab27abb9032,"","2026-04-22"
0,"","Maintenance Technician 1 - Downtown Seattle Rack","Nordstrom","Seattle, Washington","","$19 - $33 (hourly)",jobspy_indeed,https://www.indeed.com/viewjob?jk=87c7cf2bc4d514dc,"","2026-04-29"
0,"","Electrical Service Technician","As You Wish Electric","Seattle, Washington","","$175,000 - $250,000 (yearly)",jobspy_indeed,https://www.indeed.com/viewjob?jk=9b92e009c0275b2a,"","2026-04-29"
0,"","Maintenance Technician","HOAMCO","Seattle, Washington","","$26 - $30 (hourly)",jobspy_indeed,https://www.indeed.com/viewjob?jk=15a9e818dfd87a82,"","2026-04-27"
0,"","Facility Tec","JLL","Seattle, Washington","","",jobspy_indeed,https://www.indeed.com/viewjob?jk=b0565d009da88338,"","2026-04-24"
0,"","Mobile Mechanic","Southwest Trailer Service","Seattle, Washington","","$28 - $38 (hourly)",jobspy_indeed,https://www.indeed.com/viewjob?jk=1bdab08f3f9da6d4,"","2026-04-23"
0,"","Maintenance Technician 1 - Bellevue Square","Nordstrom","Seattle, Washington","","$22 - $33 (hourly)",jobspy_indeed,https://www.indeed.com/viewjob?jk=7797dc0fc5cad640,"","2026-04-17"
0,"","BUILDING AUTOMATION CONTROLS ENGINEER, Facilities Management & Planning","Boston University","Boston, Massachusetts","","",jobspy_indeed,https://www.indeed.com/viewjob?jk=9178b8d97f62db6d,"","2026-04-30"
0,"","Lead Maintenance Technician","Saint Francis House","Boston, Massachusetts","","$29 - $32 (hourly)",jobspy_indeed,https://www.indeed.com/viewjob?jk=7fb1016830b3c16b,"","2026-04-29"
0,"","Handyman / Maintenance Technician","Biszko Building Systems Inc.","Boston, Massachusetts","","",jobspy_indeed,https://www.indeed.com/viewjob?jk=e1628ff73c76e703,"","2026-04-29"
0,"","Fabrication & Finishing Technician","Globe Composite Solutions","Boston, Massachusetts","","$23 - $25 (hourly)",jobspy_indeed,https://www.indeed.com/viewjob?jk=5a852be16df68316,"","2026-04-29"
0,"","Seasonal Studio Technician","NESN","Boston, Massachusetts","","$19 - $24 (hourly)",jobspy_indeed,https://www.indeed.com/viewjob?jk=8694194075b3329d,"","2026-04-28"
0,"","Manufacturing Technician","nan","Boston, Massachusetts","","$25 - $28 (hourly)",jobspy_indeed,https://www.indeed.com/viewjob?jk=3ebacfa61065fca2,"","2026-04-28"
0,"","Maintenance Lead","The Scion Group","Boston, Massachusetts","","$30 - $33 (hourly)",jobspy_indeed,https://www.indeed.com/viewjob?jk=e4eeef3861c434f4,"","2026-04-28"
0,"","Specialist, Automation Systems","Ricoh","Boston, Massachusetts","","",jobspy_indeed,https://www.indeed.com/viewjob?jk=19f185dd03746826,"","2026-04-27"
0,"","Maintenance Technician","Molex","Boston, Massachusetts","","$26 - $32 (hourly)",jobspy_indeed,https://www.indeed.com/viewjob?jk=4823c99cd3ef686d,"","2026-04-27"
0,"","Maintenance Aide","Beth Israel Lahey Health","Boston, Massachusetts","","$19 - $25 (hourly)",jobspy_indeed,https://www.indeed.com/viewjob?jk=b7f47ff129a986a1,"","2026-04-27"
0,"","Fire Extinguisher Technician – UniFirst First Aid+ Safety","UniFirst","Boston, Massachusetts","","$55,000 - $65,000 (yearly)",jobspy_indeed,https://www.indeed.com/viewjob?jk=2b85cad473a6a55a,"","2026-04-26"
0,"","Maintenance Technician","Exeter Hospital","Boston, Massachusetts","","",jobspy_indeed,https://www.indeed.com/viewjob?jk=5a21f9d92a69560d,"","2026-04-24"
0,"","1st Shift Maintenance Technician - $31.50/hour","Stanley Black & Decker","Boston, Massachusetts","","",jobspy_indeed,https://www.indeed.com/viewjob?jk=bce12f4e7b5234cc,"","2026-04-24"
0,"","Traveling Building Automation Systems Specialist","Siemens","Boston, Massachusetts","","$58,976 - $101,102 (yearly)",jobspy_indeed,https://www.indeed.com/viewjob?jk=001dad3b2c5f4675,"","2026-04-22"
0,"","Maintenance Tech 1 - Burlington","Nordstrom","Boston, Massachusetts","","$19 - $33 (hourly)",jobspy_indeed,https://www.indeed.com/viewjob?jk=c1ad83969c8f095e,"","2026-04-09"
0,"","Lube Technician","CalPortland","Los Angeles, California","","",jobspy_indeed,https://www.indeed.com/viewjob?jk=e595d72278134735,"","2026-04-29"
0,"","Facilities Technician","UG2","Los Angeles, California","","$35 - $38 (hourly)",jobspy_indeed,https://www.indeed.com/viewjob?jk=d65396162cbb490c,"","2026-04-29"
0,"","Technician, Facilities","DrinkPAK I, LLC","Los Angeles, California","","$28 - $32 (hourly)",jobspy_indeed,https://www.indeed.com/viewjob?jk=fed78d5d0b88bda3,"","2026-04-29"
0,"","Facilities Technician-Electrical","Orange County Transportation Authority","Los Angeles, California","","$34 - $48 (hourly)",jobspy_indeed,https://www.indeed.com/viewjob?jk=6c00ff821ac51120,"","2026-04-29"
0,"","Maintenance Technician 1 - Brea Mall","Nordstrom","Los Angeles, California","","$19 - $33 (hourly)",jobspy_indeed,https://www.indeed.com/viewjob?jk=2bc54d6889a741d4,"","2026-04-29"
0,"","Lead Field Technician","Am-Tec Total Security, Inc.","Los Angeles, California","","$25 - $35 (hourly)",jobspy_indeed,https://www.indeed.com/viewjob?jk=0bc899471fe1a25a,"","2026-04-29"
0,"","Maintenance Technician","Brookfield Properties","Los Angeles, California","","$21 - $30 (hourly)",jobspy_indeed,https://www.indeed.com/viewjob?jk=03b9e09e1aa1782a,"","2026-04-29"
0,"","Maintenance Technician","Mariman & Co","Los Angeles, California","","$25 - $27 (hourly)",jobspy_indeed,https://www.indeed.com/viewjob?jk=138e9416404ff601,"","2026-04-29"
0,"","Facilities Technician","The Willows Community School","Los Angeles, California","","$21 - $23 (hourly)",jobspy_indeed,https://www.indeed.com/viewjob?jk=fdc9ee89554846fe,"","2026-04-28"
0,"","Diesel Technician","CR England","Los Angeles, California","","$33 - $38 (hourly)",jobspy_indeed,https://www.indeed.com/viewjob?jk=2f656f840c9fb5f5,"","2026-04-28"
0,"","Maintenance Technician","Eaton","Los Angeles, California","","",jobspy_indeed,https://www.indeed.com/viewjob?jk=50715ec1324e1410,"","2026-04-28"
0,"","Apprentice Fire Safety Specialist - UniFirst First Aid + Safety","UniFirst","Los Angeles, California","","",jobspy_indeed,https://www.indeed.com/viewjob?jk=87b904205b87d9b6,"","2026-04-28"
0,"","Maintenance Technician","Greenbrier Mobile Estates","Los Angeles, California","","$20 - $25 (hourly)",jobspy_indeed,https://www.indeed.com/viewjob?jk=9287ea0639463326,"","2026-04-27"
0,"","Technical Manager","Chuck E. Cheese","Los Angeles, California","","$17 - $21 (hourly)",jobspy_indeed,https://www.indeed.com/viewjob?jk=76241638b4c0fae3,"","2026-04-27"
0,"","Cable Harness Technician","Amsco US","Los Angeles, California","","$20 - $40 (hourly)",jobspy_indeed,https://www.indeed.com/viewjob?jk=abf167b1f77da4d8,"","2026-04-27"
0,"","Technician, Building Maintenance","Sunkist Growers","Los Angeles, California","","$54,000 - $64,000 (yearly)",jobspy_indeed,https://www.indeed.com/viewjob?jk=664c0af2e64ef2b5,"","2026-04-25"
0,"","Service Technician - Class A & B","Lithia & Driveway","Los Angeles, California","","$25 - $60 (hourly)",jobspy_indeed,https://www.indeed.com/viewjob?jk=8cdc438464e3c507,"","2026-04-24"
0,"","Lightbulb Installer","Healthy Light Services","Los Angeles, California","","$25 - $30 (hourly)",jobspy_indeed,https://www.indeed.com/viewjob?jk=85f9a41896c39f11,"","2026-04-24"
0,"","AIR CONDITIONING TECHNICIAN - GENERAL SERVICES","City of Riverside","Los Angeles, California","","$75,516 - $91,800 (yearly)",jobspy_indeed,https://www.indeed.com/viewjob?jk=c4f09dd93f1ace97,"","2026-04-23"
0,"","Controls Service Technician","Johnson Controls","Washington, DC","","$34 - $51 (hourly)",jobspy_indeed,https://www.indeed.com/viewjob?jk=071bde9420242b6c,"","2026-04-30"
0,"","Auto Mechanic Tech","ADESA","Washington, DC","","",jobspy_indeed,https://www.indeed.com/viewjob?jk=10f0802e067bebc5,"","2026-04-29"
0,"","Senior PBX/VOIP Technician (Contingent Upon Award)","All Native Group","Washington, DC","","",jobspy_indeed,https://www.indeed.com/viewjob?jk=bd73801852554088,"","2026-04-29"
0,"","State Inspection Technician, MD","WHIP","Washington, DC","","$30 - $40 (hourly)",jobspy_indeed,https://www.indeed.com/viewjob?jk=ac418d1ad070a1a6,"","2026-04-29"
0,"","Chief Engineer","Pritchard Industries","Washington, DC","","$48 - $55 (hourly)",jobspy_indeed,https://www.indeed.com/viewjob?jk=c05c30271273c6aa,"","2026-04-29"
0,"","Master Mechanic","Green Bay Packaging","Washington, DC","","",jobspy_indeed,https://www.indeed.com/viewjob?jk=65278010e5841965,"","2026-04-29"
0,"","2nd Shift Maintenance Technician","EMCOR","Washington, DC","","$25 - $30 (hourly)",jobspy_indeed,https://www.indeed.com/viewjob?jk=9974673f3f77b374,"","2026-04-28"
0,"","Lead Electrician","Hyp-Tro Building Services","Washington, DC","","",jobspy_indeed,https://www.indeed.com/viewjob?jk=408cd871107c21fd,"","2026-04-28"
0,"","Master Electrician","Hyp-Tro Building Services","Washington, DC","","",jobspy_indeed,https://www.indeed.com/viewjob?jk=068bad9b6c925ffe,"","2026-04-28"
0,"","Journeyman Electrician","Hyp-Tro Building Services","Washington, DC","","",jobspy_indeed,https://www.indeed.com/viewjob?jk=6fd5b91e147ab7ad,"","2026-04-28"
0,"","Stage Technician","City of Frederick","Washington, DC","","",jobspy_indeed,https://www.indeed.com/viewjob?jk=55edb1afd03b9d31,"","2026-04-28"
0,"","Maintenance Technician","ISS Facility Services","Washington, DC","","$24 - $26 (hourly)",jobspy_indeed,https://www.indeed.com/viewjob?jk=2c70d8da1397153f,"","2026-04-28"
0,"","Electrical Electronics Technician (EET) - 2nd/B Shift","McCormick & Company","Washington, DC","","$30 - $45 (hourly)",jobspy_indeed,https://www.indeed.com/viewjob?jk=8675c19115604a87,"","2026-04-28"
0,"","Maintenance Technician","Pozez Jewish Community Center","Washington, DC","","$45,000 - $50,000 (yearly)",jobspy_indeed,https://www.indeed.com/viewjob?jk=b555e78e3dd3e96b,"","2026-04-28"
0,"","Engineer","Transwestern","Washington, DC","","$70,000 - $76,000 (yearly)",jobspy_indeed,https://www.indeed.com/viewjob?jk=09763811e9e6038f,"","2026-04-28"
0,"","Maintenance Technician","nan","Washington, DC","","$45,000 - $50,000 (yearly)",jobspy_indeed,https://www.indeed.com/viewjob?jk=11914d913d54f6e6,"","2026-04-28"
0,"","Electrician and Automation Technician","Dreyer's Grand Ice Cream","Washington, DC","","$42 - $49 (hourly)",jobspy_indeed,https://www.indeed.com/viewjob?jk=bcdff1ff9f84585a,"","2026-04-28"
0,"","Mobile HVAC/ Maintenance Technician","JLL","Washington, DC","","$70,720 - $79,040 (yearly)",jobspy_indeed,https://www.indeed.com/viewjob?jk=afeaa90e073b7433,"","2026-04-28"
0,"","Controls Technician","Smart Building Technologies","Washington, DC","","",jobspy_indeed,https://www.indeed.com/viewjob?jk=3b2577d5b06a3853,"","2026-04-28"
0,"","Multi-Site Maintenance Technician","Avenue5 Residential","Washington, DC","","$23 - $25 (hourly)",jobspy_indeed,https://www.indeed.com/viewjob?jk=178e40534e405571,"","2026-04-27"
0,"","Potomac Electrical & Mechanical Maintenance Manager","WSSC Water","Washington, DC","","$108,056 - $183,987 (yearly)",jobspy_indeed,https://www.indeed.com/viewjob?jk=f15041e0a1d0184f,"","2026-04-27"
0,"","Technical Manager","Chuck E. Cheese","Washington, DC","","",jobspy_indeed,https://www.indeed.com/viewjob?jk=ec1979bb876d7069,"","2026-04-27"
0,"","Diesel Technician","Casella Waste Systems, Inc.","Washington, DC","","",jobspy_indeed,https://www.indeed.com/viewjob?jk=54b493bee9bb2380,"","2026-04-24"
0,"","Commercial Fleet Mechanic / Technician","Light Action, Inc.","United States","","",jobspy_indeed,https://www.indeed.com/viewjob?jk=8d3a591cc08a0a72,"","2026-04-30"
0,"","Multifamily Maintenance Technician (D423)","Oldham Goodwin Group, LLC","United States","","",jobspy_indeed,https://www.indeed.com/viewjob?jk=b66caeda03371cf7,"","2026-04-30"
0,"","Facilities Maintenance & Custodial Technician","YWCA Canton","United States","","$20 - $24 (hourly)",jobspy_indeed,https://www.indeed.com/viewjob?jk=cbd09077cb5aa24d,"","2026-04-30"
0,"","Multi-Site Facilities Maintenance & Custodial Technician","YWCA Canton","United States","","$25 - $28 (hourly)",jobspy_indeed,https://www.indeed.com/viewjob?jk=6681689b64d685a2,"","2026-04-30"
0,"","Facilities Maintenance Engineer/Technician","Stowers Institute","United States","","",jobspy_indeed,https://www.indeed.com/viewjob?jk=942de30154939d4b,"","2026-04-30"
0,"","Facilities Technician","Big State Electric - Facilities Department","United States","","$23 - $27 (hourly)",jobspy_indeed,https://www.indeed.com/viewjob?jk=ab6a76206e2bcb43,"","2026-04-30"
0,"","General Maintenance Technician","J&J Machine Inc.","United States","","$20 - $40 (hourly)",jobspy_indeed,https://www.indeed.com/viewjob?jk=f1d54ca9d5a81450,"","2026-04-30"
0,"","Mobile Maintenance Technician","C&W Services","United States","","$27 - $32 (hourly)",jobspy_indeed,https://www.indeed.com/viewjob?jk=862c9ad107f4466c,"","2026-04-30"
0,"","Hardscape Crew Leader","David J. Frank Landscape","United States","","",jobspy_indeed,https://www.indeed.com/viewjob?jk=9e26dd34e24d741a,"","2026-04-30"
0,"","Facilities Maintenance Tech I (Days & Nights)","Shamrock Foods Company","United States","","",jobspy_indeed,https://www.indeed.com/viewjob?jk=aeb5453d36b47eb6,"","2026-04-30"
0,"","Maintenance Technician","Broken Sound Master Association","United States","","$20 - $22 (hourly)",jobspy_indeed,https://www.indeed.com/viewjob?jk=b2d1404bd6ab5ecb,"","2026-04-30"
0,"","General Trades Technician","CGL Companies","United States","","",jobspy_indeed,https://www.indeed.com/viewjob?jk=c7440b4c948bec74,"","2026-04-30"
0,"","Mobile Building Technician","Cushman & Wakefield","United States","","$29 - $35 (hourly)",jobspy_indeed,https://www.indeed.com/viewjob?jk=54772253e4616c2b,"","2026-04-30"
0,"","Facilities Maintenance Technician","LA Fitness (Esporta Fitness/Fitness International)","United States","","$22 - $25 (hourly)",jobspy_indeed,https://www.indeed.com/viewjob?jk=84108252654409f6,"","2026-04-30"
0,"","Heavy Equipment Mechanic I/II","Stanislaus County","United States","","$66,414 - $80,745 (yearly)",jobspy_indeed,https://www.indeed.com/viewjob?jk=fe31fd3fd5cb5414,"","2026-04-29"
0,"","Retail Field, POS & Network Technicians","MTI Global Services","United States","","$19 - $23 (hourly)",jobspy_indeed,https://www.indeed.com/viewjob?jk=a8a948fe5dbc84d3,"","2026-04-29"
0,"","Maintenance Technician","Life Time","United States","","",jobspy_indeed,https://www.indeed.com/viewjob?jk=badbb9055c5902a7,"","2026-04-28"
0,"","Garage Technician Level I - Refrigeration","Dot Foods, Inc.","United States","","$22 - $27 (hourly)",jobspy_indeed,https://www.indeed.com/viewjob?jk=6cbd353a668c20e6,"","2026-03-31"
0,"","PLC Field Technician","Divcon Controls","Remote","","",jobspy_indeed,https://www.indeed.com/viewjob?jk=649ce5fb1f0793d8,"","2026-04-24"
0,"","Lead Controls Technician","Divcon Controls","Remote","","",jobspy_indeed,https://www.indeed.com/viewjob?jk=570bd378246d4a89,"","2026-04-23"
0,"","Senior Project Engineer","W.E. O'Neil Construction Company","Chicago, Illinois","","",jobspy_indeed,https://www.indeed.com/viewjob?jk=b19ef9d32325a2c9,"","2026-04-29"
0,"","Sr Engineer Electrical","Zachry Group","Chicago, Illinois","","",jobspy_indeed,https://www.indeed.com/viewjob?jk=207ee82c5556ca4e,"","2026-04-29"
0,"","Generative AI Architect","Cognizant","Chicago, Illinois","","$130,000 - $150,000 (yearly)",jobspy_indeed,https://www.indeed.com/viewjob?jk=e46287ef5de28ce6,"","2026-04-29"
0,"","DevOps Engineer with AI — Automation & Integration","Cognizant","Chicago, Illinois","","$74,000 - $84,000 (yearly)",jobspy_indeed,https://www.indeed.com/viewjob?jk=46d3f0efdad21a15,"","2026-04-29"
0,"","Senior Manager-Facilities Engineering & Maintenance","S&C Electric Company","Chicago, Illinois","","$154,968 - $205,332 (yearly)",jobspy_indeed,https://www.indeed.com/viewjob?jk=00dd1417ea19740e,"","2026-04-29"
0,"","Lead Design Engineer","Eaton","Chicago, Illinois","","$97,000 - $143,000 (yearly)",jobspy_indeed,https://www.indeed.com/viewjob?jk=940e651faeb179cd,"","2026-04-28"
0,"","VDC Engineer","Ryan Companies US, Inc.","Chicago, Illinois","","$75,400 - $94,300 (yearly)",jobspy_indeed,https://www.indeed.com/viewjob?jk=4f477025d94dde7f,"","2026-04-28"
0,"","Field Application Engineer","Traffic Control Products, Inc.","Chicago, Illinois","","",jobspy_indeed,https://www.indeed.com/viewjob?jk=0424d97036cb5ca3,"","2026-04-28"
0,"","NPD Project Engineer III","G&W Electric Company","Chicago, Illinois","","$85,963 - $111,783 (yearly)",jobspy_indeed,https://www.indeed.com/viewjob?jk=282319c6a4a97b40,"","2026-04-28"
0,"","GD&T Specialist","G&W Electric Company","Chicago, Illinois","","$85,963 - $111,783 (yearly)",jobspy_indeed,https://www.indeed.com/viewjob?jk=7f93c575e4858d57,"","2026-04-27"
0,"","Technology & Facilities Manager - Chicago","F1 Arcade","Chicago, Illinois","","",jobspy_indeed,https://www.indeed.com/viewjob?jk=57ddc26de6b7a00f,"","2026-04-28"
0,"","Principal Software Architect, Platform Engineering","Chamberlain Group","Chicago, Illinois","","$159,490 - $267,742 (yearly)",jobspy_indeed,https://www.indeed.com/viewjob?jk=868f75740adb651e,"","2026-04-28"
0,"","Sr. Cloud Engineer- Python/Go & Distributed Systems","Comcast","Chicago, Illinois","","$129,515 - $203,525 (yearly)",jobspy_indeed,https://www.indeed.com/viewjob?jk=bf7913e8f90bfa76,"","2026-04-27"
0,"","Tech Ops Engineer","WAND","Chicago, Illinois","","$100,000 - $140,000 (yearly)",jobspy_indeed,https://www.indeed.com/viewjob?jk=0896e9e91e5f1d6c,"","2026-04-27"
0,"","Trainer and Applications Specialist","Miller","Chicago, Illinois","","$85,000 - $110,000 (yearly)",jobspy_indeed,https://www.indeed.com/viewjob?jk=1f1e811706ff6ef3,"","2026-04-24"
0,"","Senior Physical Security Engineer","Kirkland & Ellis","Chicago, Illinois","","$100,000 - $138,000 (yearly)",jobspy_indeed,https://www.indeed.com/viewjob?jk=808893d3f59ebda6,"","2026-04-24"
0,"","Sr Engineer – Anhydrous Ammonia Specialist","Albertsons","Chicago, Illinois","","$32 - $45 (hourly)",jobspy_indeed,https://www.indeed.com/viewjob?jk=e9075a96f3a8415c,"","2026-04-24"
0,"","Manager, Electrical Engineering","Life Fitness / Hammer Strength","Chicago, Illinois","","$109,400 - $153,800 (yearly)",jobspy_indeed,https://www.indeed.com/viewjob?jk=5db7823299d96cad,"","2026-04-24"
0,"","Sr. Java FSE - Hybrid","Cognizant","Chicago, Illinois","","$65,000 - $114,000 (yearly)",jobspy_indeed,https://www.indeed.com/viewjob?jk=01345d3b018f9dc3,"","2026-04-24"
0,"","AIA Principal Architect - Technology","Cognizant","Chicago, Illinois","","",jobspy_indeed,https://www.indeed.com/viewjob?jk=53bf6e8557498338,"","2026-04-23"
0,"","Mechanical Engineer 2","Savoye North America, Inc.","Chicago, Illinois","","$85,000 - $105,000 (yearly)",jobspy_indeed,https://www.indeed.com/viewjob?jk=d9dc68f258a74d49,"","2026-04-23"
0,"","Sr. Quality Engineer","Inspira Financial","Chicago, Illinois","","$91,000 - $111,000 (yearly)",jobspy_indeed,https://www.indeed.com/viewjob?jk=a76507e316deae59,"","2026-04-16"
0,"","Product & Process Engineer","Scigon","Chicago, Illinois","","$86,250 - $115,000 (yearly)",jobspy_indeed,https://www.indeed.com/viewjob?jk=65361214034ebc15,"","2026-02-16"
0,"","Security Senior Service Technician","Allied Universal Technology Services","New York, New York","","$35 - $50 (hourly)",jobspy_indeed,https://www.indeed.com/viewjob?jk=a9e45faaa2c9f6cc,"","2026-04-30"
0,"","Senior Program Manager, Accessibility","Amazon.com","New York, New York","","$142,400 - $192,600 (yearly)",jobspy_indeed,https://www.indeed.com/viewjob?jk=021199b1764c29c4,"","2026-04-03"
0,"","Software Development Engineer, AWS SDE Centralized Team","Amazon.com","New York, New York","","$143,700 - $213,800 (yearly)",jobspy_indeed,https://www.indeed.com/viewjob?jk=44f5f8b59f4c3f01,"","2026-04-02"
0,"","Sr. Applied Scientist, Prime Video - Personalization and Discovery Science","Amazon.com","New York, New York","","$183,800 - $260,000 (yearly)",jobspy_indeed,https://www.indeed.com/viewjob?jk=412205e6899d1660,"","2026-03-27"
0,"","Senior Software Engineer, Android","Amazon.com","New York, New York","","$193,300 - $261,500 (yearly)",jobspy_indeed,https://www.indeed.com/viewjob?jk=b0971fd38bfc9155,"","2026-03-25"
0,"","Applied Scientist II, Prime Video Personalization and Discovery Science","Amazon.com","New York, New York","","$142,800 - $223,400 (yearly)",jobspy_indeed,https://www.indeed.com/viewjob?jk=fa139466bd8c91fb,"","2026-03-25"
0,"","Sr. Software Development Manager, Engagement Growth","Amazon.com","New York, New York","","$203,400 - $287,700 (yearly)",jobspy_indeed,https://www.indeed.com/viewjob?jk=083825489f98cb11,"","2026-03-20"
0,"","Sr Technical Content Creator, Developer Marketing","Amazon Web Services","New York, New York","","$138,000 - $265,600 (yearly)",jobspy_indeed,https://www.indeed.com/viewjob?jk=cf5dc79b1bbe02e6,"","2026-03-18"
0,"","Principal Engineer, Amazon | Multiple Locations, USA, Global Specialty Recruiting Team","Amazon.com","New York, New York","","$200,100 - $297,700 (yearly)",jobspy_indeed,https://www.indeed.com/viewjob?jk=3fb8fb4043ce6b33,"","2026-02-19"
0,"","Head of Developer Education, Kiro","Amazon.com","New York, New York","","$180,600 - $330,500 (yearly)",jobspy_indeed,https://www.indeed.com/viewjob?jk=c4847bb64a536893,"","2026-02-17"
0,"","Security Engineering Manager, Stores AppSec","Amazon.com","New York, New York","","$175,100 - $260,500 (yearly)",jobspy_indeed,https://www.indeed.com/viewjob?jk=3ad82f5d8a68570b,"","2026-02-05"
0,"","Sr Technical Program Manager, Device Ad Products & Personalization","Amazon.com","New York, New York","","$171,000 - $231,400 (yearly)",jobspy_indeed,https://www.indeed.com/viewjob?jk=14e3cd58aadb40f0,"","2026-01-17"
0,"","Applied Scientist II, Prime Video - Personalization and Discovery Science, Personalization and Discovery Science","Amazon.com","New York, New York","","$136,000 - $223,400 (yearly)",jobspy_indeed,https://www.indeed.com/viewjob?jk=ab2536c144875d73,"","2025-10-01"
0,"","Sr. MLE, Prime Video - Personalization and Discovery","Amazon.com","New York, New York","","$184,900 - $250,200 (yearly)",jobspy_indeed,https://www.indeed.com/viewjob?jk=e2212aef5bc07cc1,"","2025-08-28"
0,"","Sr. Applied Scientist, Amazon Advertising","Amazon.com","New York, New York","","$150,400 - $260,000 (yearly)",jobspy_indeed,https://www.indeed.com/viewjob?jk=68cad7b92a66d25c,"","2025-07-14"
0,"","Senior Applied Scientist, Delivery Foundation Model","Amazon.com","New York, New York","","$150,400 - $260,000 (yearly)",jobspy_indeed,https://www.indeed.com/viewjob?jk=e9081ec2f868446b,"","2025-05-30"
0,"","Product Manager, Cloud Agents","CURSOR","San Francisco, California","","",jobspy_indeed,https://www.indeed.com/viewjob?jk=4698a0f0f926a90d,"","2026-04-30"
0,"","Sr. Software Development Manager, Engagement Growth","Amazon.com","San Francisco, California","","$203,400 - $287,700 (yearly)",jobspy_indeed,https://www.indeed.com/viewjob?jk=60cc30013ed8afa4,"","2026-03-20"
0,"","Principal Product Manager Technical, ART19","Amazon.com","San Francisco, California","","$206,900 - $279,900 (yearly)",jobspy_indeed,https://www.indeed.com/viewjob?jk=a58afbc78f8b980f,"","2026-03-20"
0,"","Applied Scientist, Prime Video - Personalization and Discovery Science","Amazon.com","San Francisco, California","","$142,800 - $222,200 (yearly)",jobspy_indeed,https://www.indeed.com/viewjob?jk=055722418d2bfb61,"","2026-03-04"
0,"","Applied Scientist, Delivery Foundation Model","Amazon.com","San Francisco, California","","$142,800 - $222,200 (yearly)",jobspy_indeed,https://www.indeed.com/viewjob?jk=b4256acc925a5d93,"","2025-12-19"
0,"","Senior Applied Scientist, GEM","Amazon.com","San Francisco, California","","$167,100 - $260,000 (yearly)",jobspy_indeed,https://www.indeed.com/viewjob?jk=a0b63bfe258d2e62,"","2026-03-03"
0,"","Senior Applied Scientist, Delivery Foundation Model","Amazon.com","San Francisco, California","","$167,100 - $260,000 (yearly)",jobspy_indeed,https://www.indeed.com/viewjob?jk=d1d844ffb9a5bb05,"","2025-05-30"
0,"","Principal Engineer, Amazon | Multiple Locations, USA, Global Specialty Recruiting Team","Amazon.com","San Francisco, California","","$200,100 - $297,700 (yearly)",jobspy_indeed,https://www.indeed.com/viewjob?jk=9f9b439cdeb0d8d7,"","2026-02-19"
0,"","Head of Developer Education, Kiro","Amazon.com","San Francisco, California","","$180,600 - $330,500 (yearly)",jobspy_indeed,https://www.indeed.com/viewjob?jk=88a0b78405be1ee4,"","2026-02-17"
0,"","Director, Software Development, Alexa Connections","Amazon.com","San Francisco, California","","$264,100 - $350,000 (yearly)",jobspy_indeed,https://www.indeed.com/viewjob?jk=cf0b8982f66cf71b,"","2026-02-13"
0,"","Sr Technical Program Manager, Device Ad Products & Personalization","Amazon.com","San Francisco, California","","$171,000 - $231,400 (yearly)",jobspy_indeed,https://www.indeed.com/viewjob?jk=ef605772d51f598e,"","2026-01-17"
0,"","Software Engineer II, Android","Amazon.com","San Francisco, California","","$129,300 - $223,600 (yearly)",jobspy_indeed,https://www.indeed.com/viewjob?jk=33fda6a975e3309a,"","2025-12-05"
0,"","Applied Scientist II, Prime Video - Personalization and Discovery Science, Personalization and Discovery Science","Amazon.com","San Francisco, California","","$136,000 - $223,400 (yearly)",jobspy_indeed,https://www.indeed.com/viewjob?jk=e947c4bb30666d8c,"","2025-10-01"
0,"","Sr. Applied Scientist, Prime Video - Personalization and Discovery Science","Amazon.com","San Francisco, California","","$150,400 - $260,000 (yearly)",jobspy_indeed,https://www.indeed.com/viewjob?jk=51302a925e75f838,"","2025-08-13"
0,"","Sr. Applied Scientist, Amazon Advertising","Amazon.com","San Francisco, California","","$150,400 - $260,000 (yearly)",jobspy_indeed,https://www.indeed.com/viewjob?jk=ef22e0e76d6a3c85,"","2025-07-14"
0,"","Sr. Software Development Manager, Engagement Growth","Amazon.com","Seattle, Washington","","$203,400 - $287,700 (yearly)",jobspy_indeed,https://www.indeed.com/viewjob?jk=9796bc62b6482b9d,"","2026-03-20"
0,"","Sr Technical Content Creator, Developer Marketing","Amazon Web Services","Seattle, Washington","","$138,000 - $265,600 (yearly)",jobspy_indeed,https://www.indeed.com/viewjob?jk=14ba631e4b7a0e05,"","2026-03-18"
0,"","Mgr SecEng, AGI/AI Security","Amazon.com","Seattle, Washington","","$175,100 - $236,900 (yearly)",jobspy_indeed,https://www.indeed.com/viewjob?jk=1ccd840a6d773916,"","2026-03-16"
0,"","Senior UX Designer, Digital Acceleration","Amazon.com","Seattle, Washington","","$137,800 - $186,400 (yearly)",jobspy_indeed,https://www.indeed.com/viewjob?jk=efcbcdf2c1281e2f,"","2026-03-11"
0,"","Sr. UX Designer, Prime Video Experience Design","Amazon.com","Seattle, Washington","","$137,800 - $186,400 (yearly)",jobspy_indeed,https://www.indeed.com/viewjob?jk=6bb86f1231b9e263,"","2026-04-07"
0,"","Applied Scientist, Prime Video - Personalization and Discovery Science","Amazon.com","Seattle, Washington","","$142,800 - $222,200 (yearly)",jobspy_indeed,https://www.indeed.com/viewjob?jk=1d6a48e654912319,"","2026-03-04"
0,"","Applied Scientist, Delivery Foundation Model","Amazon.com","Seattle, Washington","","$142,800 - $222,200 (yearly)",jobspy_indeed,https://www.indeed.com/viewjob?jk=d511e3f99ce7bb37,"","2025-12-19"
0,"","Senior Applied Scientist, GEM","Amazon.com","Seattle, Washington","","$167,100 - $260,000 (yearly)",jobspy_indeed,https://www.indeed.com/viewjob?jk=29340740bdcb09f2,"","2026-03-03"
0,"","Senior Applied Scientist, Delivery Foundation Model","Amazon.com","Seattle, Washington","","$167,100 - $260,000 (yearly)",jobspy_indeed,https://www.indeed.com/viewjob?jk=2bc42480ba0e27c8,"","2025-05-30"
0,"","Principal Engineer, Amazon | Multiple Locations, USA, Global Specialty Recruiting Team","Amazon.com","Seattle, Washington","","$200,100 - $297,700 (yearly)",jobspy_indeed,https://www.indeed.com/viewjob?jk=5f53d3c6bb9051e2,"","2026-02-19"
0,"","Director, Software Development, Alexa Connections","Amazon.com","Seattle, Washington","","$264,100 - $350,000 (yearly)",jobspy_indeed,https://www.indeed.com/viewjob?jk=c1a9cd45115dd726,"","2026-02-13"
0,"","Software Engineer II, Android","Amazon.com","Seattle, Washington","","$129,300 - $223,600 (yearly)",jobspy_indeed,https://www.indeed.com/viewjob?jk=a75e0f12feb88a3e,"","2025-12-05"
0,"","Applied Scientist II, Prime Video - Personalization and Discovery Science, Personalization and Discovery Science","Amazon.com","Seattle, Washington","","$136,000 - $223,400 (yearly)",jobspy_indeed,https://www.indeed.com/viewjob?jk=0a855713afef29b0,"","2025-10-01"
0,"","Sr. Applied Scientist, Prime Video - Personalization and Discovery Science","Amazon.com","Seattle, Washington","","$150,400 - $260,000 (yearly)",jobspy_indeed,https://www.indeed.com/viewjob?jk=e2d1cf5cf55ba704,"","2025-08-13"
0,"","Sr. Applied Scientist, Amazon Advertising","Amazon.com","Seattle, Washington","","$150,400 - $260,000 (yearly)",jobspy_indeed,https://www.indeed.com/viewjob?jk=8d4d64263fa41dfa,"","2025-07-14"
0,"","Technical Training Designer","Analogic Corporation","Boston, Massachusetts","","",jobspy_indeed,https://www.indeed.com/viewjob?jk=b3d7eb486f28d861,"","2026-04-30"
0,"","Solutions Engineer","Axis Communications","Boston, Massachusetts","","$125,000 - $135,000 (yearly)",jobspy_indeed,https://www.indeed.com/viewjob?jk=c5ec0ad4aaf36ec5,"","2026-04-29"
0,"","Senior Staff Manufacturing Engineer","Boston Dynamics","Boston, Massachusetts","","$135,000 - $160,000 (yearly)",jobspy_indeed,https://www.indeed.com/viewjob?jk=a83c7832f8e51250,"","2026-04-29"
0,"","Quality Technician - 2nd Shift","Eaton","Boston, Massachusetts","","",jobspy_indeed,https://www.indeed.com/viewjob?jk=960c80a0a3152a09,"","2026-04-29"
0,"","Software Engineering Roles — Front-End, Full Stack, Edge & Infrastructure — Boston","QUARTERMASTER","Boston, Massachusetts","","$120,000 - $160,000 (yearly)",jobspy_indeed,https://www.indeed.com/viewjob?jk=fe06f74f87bd5b58,"","2026-04-29"
0,"","Handy Man - Full Time","Giri Hotel Management","Boston, Massachusetts","","",jobspy_indeed,https://www.indeed.com/viewjob?jk=67ce77488d3cc8c7,"","2026-04-29"
0,"","Quality Technician","nan","Boston, Massachusetts","","$26 - $28 (hourly)",jobspy_indeed,https://www.indeed.com/viewjob?jk=1cb0aaff67f0e3b8,"","2026-04-29"
0,"","DevEx Team Lead","ERGO NEXT","Boston, Massachusetts","","$127,000 - $171,000 (yearly)",jobspy_indeed,https://www.indeed.com/viewjob?jk=622ffb116582189d,"","2026-04-29"
0,"","Backend Engineer- DevEx Team","Münchener Rückversicherungs-Gesellschaft","Boston, Massachusetts","","$112,000 - $151,000 (yearly)",jobspy_indeed,https://www.indeed.com/viewjob?jk=83154bf57b0afce2,"","2026-04-29"
0,"","SLA Print Optimization Intern (Fall 2026)","Formlabs","Boston, Massachusetts","","$1,425 - $1,750 (monthly)",jobspy_indeed,https://www.indeed.com/viewjob?jk=22d30a294743d694,"","2026-04-29"
0,"","Software Test Engineer","Motorola Solutions","Boston, Massachusetts","","",jobspy_indeed,https://www.indeed.com/viewjob?jk=710458c3cde1fd5b,"","2026-04-29"
0,"","Backend Engineer- DevEx Team","Next Insurance","Boston, Massachusetts","","$112,000 - $151,000 (yearly)",jobspy_indeed,https://www.indeed.com/viewjob?jk=cb1f6181ab641897,"","2026-04-29"
0,"","DevEx Team Lead","Next Insurance","Boston, Massachusetts","","$127,000 - $171,000 (yearly)",jobspy_indeed,https://www.indeed.com/viewjob?jk=e477c26e3f75b857,"","2026-04-29"
0,"","Senior Software Engineer","Alarm.com","Boston, Massachusetts","","$145,000 - $155,000 (yearly)",jobspy_indeed,https://www.indeed.com/viewjob?jk=fca326d953f4ba9d,"","2026-04-28"
0,"","Quality Engineer","Prysmian Group","Boston, Massachusetts","","$80,000 - $114,000 (yearly)",jobspy_indeed,https://www.indeed.com/viewjob?jk=51aa9d0638c95801,"","2026-04-28"
0,"","Safety Engineer","Elevenlabs","Boston, Massachusetts","","",jobspy_indeed,https://www.indeed.com/viewjob?jk=1d60162b4558c9be,"","2026-04-28"
0,"","SECURITY TECHNOLOGY ENGINEER","DraftKings","Boston, Massachusetts","","$62,400 - $78,000 (yearly)",jobspy_indeed,https://www.indeed.com/viewjob?jk=e1993c1fc728be9f,"","2026-04-27"
0,"","Senior Applied Scientist, Entertainment Devices & Grocery Experiences (EDGE) Ads","Amazon.com","Boston, Massachusetts","","$183,800 - $248,700 (yearly)",jobspy_indeed,https://www.indeed.com/viewjob?jk=47f56eb65241997a,"","2026-04-07"
0,"","Hardware Support Engineer, Robotics Technical Services","Amazon.com","Boston, Massachusetts","","$90,400 - $158,200 (yearly)",jobspy_indeed,https://www.indeed.com/viewjob?jk=68f5f4e89c79819f,"","2026-03-04"
0,"","Principal Engineer, Amazon | Multiple Locations, USA, Global Specialty Recruiting Team","Amazon.com","Boston, Massachusetts","","$200,100 - $297,700 (yearly)",jobspy_indeed,https://www.indeed.com/viewjob?jk=daf25aab58e6eb22,"","2026-02-19"
0,"","Senior / Staff Software Engineer","Multiply Labs","Boston, Massachusetts","","$160,000 - $210,000 (yearly)",jobspy_indeed,https://www.indeed.com/viewjob?jk=953a2d47a5456897,"","2025-12-22"
0,"","Product Manager (AI-Powered Media Buying)","TubeScience","Los Angeles, California","","$100,000 - $140,000 (yearly)",jobspy_indeed,https://www.indeed.com/viewjob?jk=431173209f45d6e3,"","2026-04-30"
0,"","Engineer II, Backend APIs","Magnite","Los Angeles, California","","$115,000 - $135,000 (yearly)",jobspy_indeed,https://www.indeed.com/viewjob?jk=863c34a754a9ca20,"","2026-04-30"
0,"","Senior System Test & Automation Engineer","Motorola Solutions","Los Angeles, California","","$130,000 - $180,000 (yearly)",jobspy_indeed,https://www.indeed.com/viewjob?jk=d0c73f22c3f0ff5d,"","2026-04-30"
0,"","Senior Animator I, Gameplay - Overwatch | Irvine, CA","Blizzard Entertainment","Los Angeles, California","","$80,800 - $149,400 (yearly)",jobspy_indeed,https://www.indeed.com/viewjob?jk=7190fa86c97382cd,"","2026-04-29"
0,"","Sr. Backend Engineer - Xumo","Comcast","Los Angeles, California","","$141,860 - $189,147 (yearly)",jobspy_indeed,https://www.indeed.com/viewjob?jk=cdc64164f3382667,"","2026-04-28"
0,"","Sr. Hardware FA Engineer, FQSE","Amazon.com","Los Angeles, California","","$137,300 - $185,700 (yearly)",jobspy_indeed,https://www.indeed.com/viewjob?jk=4e71b03587c69b7d,"","2026-04-09"
0,"","Sr. UX Designer, Prime Video Experience Design","Amazon.com","Los Angeles, California","","$137,800 - $186,400 (yearly)",jobspy_indeed,https://www.indeed.com/viewjob?jk=d5061cdea491f450,"","2026-04-07"
0,"","Senior Program Manager, Accessibility","Amazon.com","Los Angeles, California","","$142,400 - $192,600 (yearly)",jobspy_indeed,https://www.indeed.com/viewjob?jk=989f91f9a99e3299,"","2026-04-03"
0,"","Sr Manager, UX Research, Prime Video Experience Design (PVXD)","Amazon.com","Los Angeles, California","","$219,100 - $296,500 (yearly)",jobspy_indeed,https://www.indeed.com/viewjob?jk=a04e5eeff8ff9f57,"","2026-04-03"
0,"","Senior Software Engineer, Android","Amazon.com","Los Angeles, California","","$193,300 - $261,500 (yearly)",jobspy_indeed,https://www.indeed.com/viewjob?jk=73e99927b220a621,"","2026-03-25"
0,"","Principal Product Manager - Tech, Viewer Experience, Prime Video Global App Experience","Amazon.com","Los Angeles, California","","$179,900 - $243,400 (yearly)",jobspy_indeed,https://www.indeed.com/viewjob?jk=03f3906727517ce1,"","2026-02-05"
0,"","Principal Product Manager - Tech, Amazon Games GenAI & Strategic Initiatives","Amazon.com","Los Angeles, California","","$197,900 - $267,800 (yearly)",jobspy_indeed,https://www.indeed.com/viewjob?jk=a825e093737fa90c,"","2026-03-24"
0,"","Sr. Software Development Manager, Engagement Growth","Amazon.com","Los Angeles, California","","$203,400 - $287,700 (yearly)",jobspy_indeed,https://www.indeed.com/viewjob?jk=04d1c666838abc95,"","2026-03-20"
0,"","Principal Product Manager Technical, ART19","Amazon.com","Los Angeles, California","","$206,900 - $279,900 (yearly)",jobspy_indeed,https://www.indeed.com/viewjob?jk=29dcba8e26593ae6,"","2026-03-20"
0,"","Principal UX Designer, Prime Video","Amazon.com","Los Angeles, California","","$164,000 - $221,800 (yearly)",jobspy_indeed,https://www.indeed.com/viewjob?jk=63ce87d673fb04c4,"","2026-03-20"
0,"","Sr. Technical Program Manager , Prime Video Sports Linear and News","Amazon.com","Los Angeles, California","","$148,700 - $201,200 (yearly)",jobspy_indeed,https://www.indeed.com/viewjob?jk=3a5df5f0b5a6d390,"","2026-01-09"
0,"","Software Engineer II, Android","Amazon.com","Los Angeles, California","","$129,300 - $223,600 (yearly)",jobspy_indeed,https://www.indeed.com/viewjob?jk=7e4b3c751f1be845,"","2025-12-05"
0,"","Senior Design Technologist, Prime Video","Amazon.com","Los Angeles, California","","$154,200 - $239,900 (yearly)",jobspy_indeed,https://www.indeed.com/viewjob?jk=baf2664fc99b8227,"","2025-11-24"
0,"","Sr. Applied Scientist, Amazon Advertising","Amazon.com","Los Angeles, California","","$150,400 - $260,000 (yearly)",jobspy_indeed,https://www.indeed.com/viewjob?jk=08350f2770ffc4e6,"","2025-07-14"
0,"","Account Executive - Security Technology","Allied Universal Technology Services","Washington, DC","","$75,000 - $105,000 (yearly)",jobspy_indeed,https://www.indeed.com/viewjob?jk=7b1f6d0456e909ba,"","2026-04-30"
0,"","Network Engineer Level 3","Jovian Concepts","Washington, DC","","",jobspy_indeed,https://www.indeed.com/viewjob?jk=230b15627daf5187,"","2026-04-30"
0,"","Software Development Engineer, AWS SDE Centralized Team","Amazon.com","Washington, DC","","$143,700 - $213,800 (yearly)",jobspy_indeed,https://www.indeed.com/viewjob?jk=cb39d03394828ac8,"","2026-04-02"
0,"","Creative Producer, AWS Professional Services","Amazon Web Services","Washington, DC","","$120,500 - $163,000 (yearly)",jobspy_indeed,https://www.indeed.com/viewjob?jk=58b4829d99becd58,"","2026-04-15"
0,"","Design Technologist, D3 (Design, Development & Delivery) Team","Amazon Web Services","Washington, DC","","$131,800 - $178,300 (yearly)",jobspy_indeed,https://www.indeed.com/viewjob?jk=072364570a1833bf,"","2026-04-14"
0,"","Network Development Engineer","Amazon.com","Washington, DC","","$136,000 - $184,000 (yearly)",jobspy_indeed,https://www.indeed.com/viewjob?jk=09896b007cb715b8,"","2026-03-30"
0,"","Hardware Support Engineer, Robotics Technical Services","Amazon.com","Washington, DC","","$74,700 - $130,700 (yearly)",jobspy_indeed,https://www.indeed.com/viewjob?jk=ad7485587148d0f1,"","2026-03-20"
0,"","Sr. Security Systems Engineer, DCE Security Products and Services","Amazon.com","Washington, DC","","$136,600 - $184,800 (yearly)",jobspy_indeed,https://www.indeed.com/viewjob?jk=826c34266a120691,"","2026-03-09"
0,"","Sr. Plumbing/Fire Protection Engineer, Data Center Engineering","Amazon.com","Washington, DC","","$136,600 - $184,800 (yearly)",jobspy_indeed,https://www.indeed.com/viewjob?jk=edf704f0764ea996,"","2026-03-29"
0,"","Sr. Mechanical Controls Engineer, Data Center Engineering","Amazon.com","Washington, DC","","$136,600 - $184,800 (yearly)",jobspy_indeed,https://www.indeed.com/viewjob?jk=e1a1ad40210950ed,"","2026-03-27"
0,"","Sr. Technical Program Manager , Prime Video Sports Linear and News","Amazon.com","Washington, DC","","$148,700 - $201,200 (yearly)",jobspy_indeed,https://www.indeed.com/viewjob?jk=ba2b177483192fed,"","2026-01-09"
0,"","Sr. Applied Scientist, Amazon Advertising","Amazon.com","Washington, DC","","$150,400 - $260,000 (yearly)",jobspy_indeed,https://www.indeed.com/viewjob?jk=859303738586953f,"","2025-07-14"
0,"","Infrastructure Edge Strategy, TPM, Strategy and Planning","Amazon.com","Washington, DC","","$114,400 - $205,500 (yearly)",jobspy_indeed,https://www.indeed.com/viewjob?jk=03d84748d9d32997,"","2025-05-14"
0,"","CCTV Installer","C2 Technology Group","United States","","$16 - $20 (hourly)",jobspy_indeed,https://www.indeed.com/viewjob?jk=371af92b59d39878,"","2026-04-30"
0,"","Precision Machine Design Engineer","KLA","United States","","$97,000 - $164,900 (yearly)",jobspy_indeed,https://www.indeed.com/viewjob?jk=8900696d07f07851,"","2026-04-30"
0,"","Controls Engineer (Omron/Keyence)","Fustis LLC","United States","","$55 - $65 (hourly)",jobspy_indeed,https://www.indeed.com/viewjob?jk=e1904c75ce11528b,"","2026-04-30"
0,"","Senior Regional Sales Manager - Midwest","Genea Energy Partners","Remote","","$150,000 - $244,000 (yearly)",jobspy_indeed,https://www.indeed.com/viewjob?jk=53d43ee36ee6cc0a,"","2026-04-30"
0,"","Software QA Engineer L3","Frontdoor","Remote","","$72,000 - $100,000 (yearly)",jobspy_indeed,https://www.indeed.com/viewjob?jk=30b8bb663704aaf7,"","2026-04-29"
0,"","AI Solutions Architect (contract)","Microsoft","Remote","","$67 - $76 (hourly)",jobspy_indeed,https://www.indeed.com/viewjob?jk=a505aa0ef2acf1cb,"","2026-04-29"
0,"","Journeyman Telecommunications Engineering Specialist, Unified Communications","MANTECH","Remote","","",jobspy_indeed,https://www.indeed.com/viewjob?jk=28f0885f40a645dd,"","2026-04-29"
0,"","Customer Support Engineer (Remote)","Files.com","Remote","","$95,000 - $150,000 (yearly)",jobspy_indeed,https://www.indeed.com/viewjob?jk=a1409e5014d1a436,"","2026-04-29"
0,"","Software Engineer (Robotics)","micro1","Remote","","$130,000 - $225,000 (yearly)",jobspy_indeed,https://www.indeed.com/viewjob?jk=51e76d0e42135632,"","2026-04-29"
0,"","Dam Safety Project Engineer","Colliers Engineering & Design","Remote","","",jobspy_indeed,https://www.indeed.com/viewjob?jk=de4e2cbdb67b9200,"","2026-04-28"
0,"","Mass Market Solutions Engineer","Zoom Communications","Remote","","$131,200 - $262,400 (yearly)",jobspy_indeed,https://www.indeed.com/viewjob?jk=11fb956c65d5f989,"","2026-04-28"
0,"","Staff Network Engineer, Catalyst","Orbis Operations","Remote","","$170,000 - $200,000 (yearly)",jobspy_indeed,https://www.indeed.com/viewjob?jk=9d20f44873b0486d,"","2026-04-28"
0,"","Senior Network Engineer, Catalyst","Orbis Operations","Remote","","$130,000 - $180,000 (yearly)",jobspy_indeed,https://www.indeed.com/viewjob?jk=049dcd3066965f30,"","2026-04-28"
0,"","Solutions Engineer, Associate","North.","Remote","","$70,000 - $80,000 (yearly)",jobspy_indeed,https://www.indeed.com/viewjob?jk=6dc54c79ce56dd59,"","2026-04-28"
0,"","Fractional CFO","Weekly Accounting","Remote","","$72,000 - $138,486 (yearly)",jobspy_indeed,https://www.indeed.com/viewjob?jk=399a23ad2ac1f798,"","2026-04-28"
0,"","Account Executive","Mavenoid AB","Remote","","",jobspy_indeed,https://www.indeed.com/viewjob?jk=58e08fdf98d5eb98,"","2026-04-28"
0,"","Lead Marketing Web Engineer/Developer","Pindrop","Remote","","$145,000 - $175,000 (yearly)",jobspy_indeed,https://www.indeed.com/viewjob?jk=d8dadcaf06ff7e1f,"","2026-04-28"
0,"","Software QA Engineer L4","Frontdoor","Remote","","$103,000 - $120,000 (yearly)",jobspy_indeed,https://www.indeed.com/viewjob?jk=0501b051a975b26e,"","2026-04-27"
0,"","Senior AI Performance Engineer","Pro Integrate Consulting","Remote","","$80 - $85 (hourly)",jobspy_indeed,https://www.indeed.com/viewjob?jk=57ddc472948be5bf,"","2026-04-27"
0,"","Staff Product Designer","Xsolla","Remote","","",jobspy_indeed,https://www.indeed.com/viewjob?jk=125fa8725ac76cc7,"","2026-04-27"
0,"","Digital Content Specialist","321 Web Marketing","Remote","","$60,000 - $70,000 (yearly)",jobspy_indeed,https://www.indeed.com/viewjob?jk=120787df5eaaa3b1,"","2026-04-27"
0,"","Staff Backend Engineer - Databases Tempo | US | Remote","Grafana Labs","Remote","","$174,986 - $209,983 (yearly)",jobspy_indeed,https://www.indeed.com/viewjob?jk=4387e15e70479110,"","2026-04-27"
0,"","Senior Planning Engineer","Lumen","Remote","","$91,266 - $121,688 (yearly)",jobspy_indeed,https://www.indeed.com/viewjob?jk=ed4508d85340fdea,"","2026-04-24"
0,"","Field Sales Engineer","Volm Companies","Remote","","",jobspy_indeed,https://www.indeed.com/viewjob?jk=a6055365759a82dc,"","2026-03-11"
0,"","Structural Engineer","Stanley Consultants","Remote","","",jobspy_indeed,https://www.indeed.com/viewjob?jk=e0deba9695d10e08,"","2026-01-30"
0,"","Senior Application Engineer","Field Fastener Supply Company","Remote","","$100,000 - $110,000 (yearly)",jobspy_indeed,https://www.indeed.com/viewjob?jk=59fe290f414a4dd1,"","2026-01-09"
0,"","Registered Behavior Technician (RBT)","In2great Pediatric Therapy","Chicago, Illinois","","$18 - $25 (hourly)",jobspy_indeed,https://www.indeed.com/viewjob?jk=e22a96ff24033c39,"","2026-04-30"
0,"","Maintenance Tech II","TD SYNNEX","Chicago, Illinois","","$26 - $30 (hourly)",jobspy_indeed,https://www.indeed.com/viewjob?jk=c5513182a19e069f,"","2026-04-29"
0,"","Wildlife Nuisance Technician","Smithereen Pest Management","Chicago, Illinois","","$20 - $22 (hourly)",jobspy_indeed,https://www.indeed.com/viewjob?jk=a735c894607bfe34,"","2026-04-29"
0,"","Veterinary Assistant","BARRINGTON SQUARE ANIMAL HOSPITAL","Chicago, Illinois","","$20 - $23 (hourly)",jobspy_indeed,https://www.indeed.com/viewjob?jk=cc70b25319ded272,"","2026-04-29"
0,"","Warehouse Cleaning Technician","Citron Hygiene","Chicago, Illinois","","",jobspy_indeed,https://www.indeed.com/viewjob?jk=3700c6f08f33c9b5,"","2026-04-29"
0,"","Training Specialist","Gotion, Inc.","Chicago, Illinois","","$75,000 - $90,000 (yearly)",jobspy_indeed,https://www.indeed.com/viewjob?jk=48560af7a6a64c10,"","2026-04-29"
0,"","E-Bike Mechanic and Service Technician","Four Star Family Cyclery","Chicago, Illinois","","$19 - $25 (hourly)",jobspy_indeed,https://www.indeed.com/viewjob?jk=25509bd70a9a6233,"","2026-04-29"
0,"","Technician I - Clean and Check","Oncourse Home Solutions","Chicago, Illinois","","$19 - $27 (hourly)",jobspy_indeed,https://www.indeed.com/viewjob?jk=262440df75054e12,"","2026-04-29"
0,"","Board Certified Behavior Analyst (BCBA)","nan","Chicago, Illinois","","$88,000 - $95,000 (yearly)",jobspy_indeed,https://www.indeed.com/viewjob?jk=54743d161fb1faf7,"","2026-04-29"
0,"","Emergency Veterinarian","Emergency Veterinary Care Center","Chicago, Illinois","","",jobspy_indeed,https://www.indeed.com/viewjob?jk=7e27c433af58efe7,"","2026-04-28"
0,"","Licensed Aesthetician / Laser Technician","Dermatique Laser and Skin","Chicago, Illinois","","$25 - $35 (hourly)",jobspy_indeed,https://www.indeed.com/viewjob?jk=a11aebd324f38af7,"","2026-04-28"
0,"","Service Youth Apprentice","JX Enterprises","Chicago, Illinois","","$15 - $17 (hourly)",jobspy_indeed,https://www.indeed.com/viewjob?jk=bdca42f1ee965a6f,"","2026-04-28"
0,"","Process Engineering Technician, Bilingual (English/Spanish preferred)","viaPhoton Inc","Chicago, Illinois","","$60,000 - $70,000 (yearly)",jobspy_indeed,https://www.indeed.com/viewjob?jk=d503e94ca2c6bfc6,"","2026-04-27"
0,"","Head of Technical University","Kraft Heinz","Chicago, Illinois","","$164,200 - $205,200 (yearly)",jobspy_indeed,https://www.indeed.com/viewjob?jk=8312a5dc3b7d2618,"","2026-04-27"
0,"","Veterinary Receptionist","Roscoe Village Animal Hospital","Chicago, Illinois","","$18 - $20 (hourly)",jobspy_indeed,https://www.indeed.com/viewjob?jk=4b38e60db4b47bc5,"","2026-04-27"
0,"","Critical Environments (CE) Technical Trainer","Microsoft","Chicago, Illinois","","$76,800 - $168,000 (yearly)",jobspy_indeed,https://www.indeed.com/viewjob?jk=6a264768ba422e65,"","2026-04-20"
0,"","Behavior technician /RBT Mid afternoon hours","RightWay ABA","New York, New York","","$24 - $35 (hourly)",jobspy_indeed,https://www.indeed.com/viewjob?jk=353ea87460a50b91,"","2026-04-30"
0,"","AI Systems Lab- Test Technician","AMD","New York, New York","","",jobspy_indeed,https://www.indeed.com/viewjob?jk=7e4ca69be19134cd,"","2026-04-29"
0,"","Overnight Veterinary Assistant","PetVet Care Centers","New York, New York","","$18 - $20 (hourly)",jobspy_indeed,https://www.indeed.com/viewjob?jk=a0ebe5570d76a5de,"","2026-04-29"
0,"","Overnight ER/ICU Technician","PetVet Care Centers","New York, New York","","$24 - $40 (hourly)",jobspy_indeed,https://www.indeed.com/viewjob?jk=21e64a7c5171c43d,"","2026-04-29"
0,"","Specialty Surgical Credentialed Veterinary Technician - Upper Manhattan - 62nd Street","Bond Vet","New York, New York","","$37 - $44 (hourly)",jobspy_indeed,https://www.indeed.com/viewjob?jk=e0e736ee85934ea1,"","2026-04-29"
0,"","IT Support Technician - Temporary","Theradex Oncology","New York, New York","","$30 - $45 (hourly)",jobspy_indeed,https://www.indeed.com/viewjob?jk=2757ead6134d0b36,"","2026-04-28"
0,"","Rehabilitation Technician","B.W. Furlong & Associates","New York, New York","","",jobspy_indeed,https://www.indeed.com/viewjob?jk=ca5983b1823543f3,"","2026-04-28"
0,"","Credentialed Veterinary Technician - Upper Manhattan - E86th","Bond Vet","New York, New York","","$27 - $40 (hourly)",jobspy_indeed,https://www.indeed.com/viewjob?jk=46d71831145ad9b4,"","2026-04-28"
0,"","Clinic Manager - Brooklyn - Park Slope","Bond Vet","New York, New York","","$75,000 - $90,000 (yearly)",jobspy_indeed,https://www.indeed.com/viewjob?jk=bbbf84d3faf03379,"","2026-04-28"
0,"","Phlebotomist FLOAT - Clinical Lab","Summit Health","New York, New York","","$17 - $21 (hourly)",jobspy_indeed,https://www.indeed.com/viewjob?jk=1b30f8fe1bcc4d78,"","2026-04-28"
0,"","Phlebotomist - Outpatient Lab","Summit Health","New York, New York","","$17 - $21 (hourly)",jobspy_indeed,https://www.indeed.com/viewjob?jk=bb82393f334503d4,"","2026-04-28"
0,"","Patient Care Technician I, Full Time, Gastroenterology, Morristown","Atlantic Health","New York, New York","","",jobspy_indeed,https://www.indeed.com/viewjob?jk=d4c4cee1c1a217b1,"","2026-04-28"
0,"","Behavior technician / RBT afterschool hours","RightWay ABA","New York, New York","","",jobspy_indeed,https://www.indeed.com/viewjob?jk=04dc18c34d301e31,"","2026-04-28"
0,"","Licensed Veterinary Technician","Banfield Pet Hospital","New York, New York","","$25 - $36 (hourly)",jobspy_indeed,https://www.indeed.com/viewjob?jk=7f9175a427434a97,"","2026-04-27"
0,"","Veterinary Receptionist","Richmond Valley Veterinary Practice","New York, New York","","$17 - $22 (hourly)",jobspy_indeed,https://www.indeed.com/viewjob?jk=198dbef1238916fc,"","2026-04-27"
0,"","Field Service Technician","Motivate","New York, New York","","$25 - $26 (hourly)",jobspy_indeed,https://www.indeed.com/viewjob?jk=018c0bea7f3bd008,"","2026-04-27"
0,"","Sterile Processing Dept Tech - Certified - Ambulatory Surgery Center","Summit Health","New York, New York","","$20 - $25 (hourly)",jobspy_indeed,https://www.indeed.com/viewjob?jk=31e604e05360e105,"","2026-04-27"
0,"","Automotive B Technician","Hyundai Motor Company","New York, New York","","$25 - $35 (hourly)",jobspy_indeed,https://www.indeed.com/viewjob?jk=77df23f0c02429dc,"","2026-04-27"
0,"","Maintenance Technician","Precision CastParts","New York, New York","","$23 - $45 (hourly)",jobspy_indeed,https://www.indeed.com/viewjob?jk=b177a12af189e37a,"","2026-04-27"
0,"","Lean Leader, Asset Maintenance Enabler","MAERSK","New York, New York","","$91,700 - $130,000 (yearly)",jobspy_indeed,https://www.indeed.com/viewjob?jk=4509fedb0d9679fe,"","2026-03-13"
0,"","Lean Leader, Asset Maintenance Enabler","APM Terminals","New York, New York","","$91,700 - $130,000 (yearly)",jobspy_indeed,https://www.indeed.com/viewjob?jk=32c2ae425739f2d0,"","2026-03-13"
0,"","NDT X-Ray Tech - Lvl 1 - 2nd Shift (Tue - Sat)","Precision CastParts","San Francisco, California","","$26 - $32 (hourly)",jobspy_indeed,https://www.indeed.com/viewjob?jk=5195e28ca47914a5,"","2026-04-29"
0,"","Auto Body Technician","Crash Champions Collision Repair Team","San Francisco, California","","$73,255 - $180,000 (yearly)",jobspy_indeed,https://www.indeed.com/viewjob?jk=510d7c6de2e70fb1,"","2026-04-29"
0,"","Kennel Assistant","PetVet Care Centers","San Francisco, California","","$18 - $22 (hourly)",jobspy_indeed,https://www.indeed.com/viewjob?jk=1281ae159792f975,"","2026-04-29"
0,"","Emergency Veterinary Nursing Trainer - San Jose, CA","VEG ER for Pets","San Francisco, California","","$27 - $56 (hourly)",jobspy_indeed,https://www.indeed.com/viewjob?jk=c5aa81332e237ffc,"","2026-04-28"
0,"","CPT Certified Phlebotomist/Medical Assistant- Concierge Medicine","Private Medical","San Francisco, California","","",jobspy_indeed,https://www.indeed.com/viewjob?jk=d2ef7e3161a22c28,"","2026-04-28"
0,"","Registered Veterinary Technician","South Park Animal Hospital","San Francisco, California","","$32 - $40 (hourly)",jobspy_indeed,https://www.indeed.com/viewjob?jk=5e0fe65ff63f7f7c,"","2026-04-28"
0,"","Veterinary Assistant","South Park Animal Hospital","San Francisco, California","","$25 - $35 (hourly)",jobspy_indeed,https://www.indeed.com/viewjob?jk=9d9b1b3b1e14adcb,"","2026-04-27"
0,"","HVAC Technician-Fremont","CBRE","San Francisco, California","","$26 - $52 (hourly)",jobspy_indeed,https://www.indeed.com/viewjob?jk=6d09e2479bec4a2d,"","2026-04-24"
0,"","Manufacturing Engineer – Capital - Pleasanton, CA","Calyxo","San Francisco, California","","$125,000 - $135,000 (yearly)",jobspy_indeed,https://www.indeed.com/viewjob?jk=19e0bad36eb720f4,"","2026-04-23"
0,"","Service Administrator","Pape' Machinery Inc","San Francisco, California","","$24 - $35 (hourly)",jobspy_indeed,https://www.indeed.com/viewjob?jk=f2afdfdd42018b01,"","2026-04-23"
0,"","Medication Technician","nan","San Francisco, California","","",jobspy_indeed,https://www.indeed.com/viewjob?jk=601bf29c843df99e,"","2026-04-23"
0,"","Night Shift Engineering Operations Technician","Amazon.com","San Francisco, California","","$37 - $66 (hourly)",jobspy_indeed,https://www.indeed.com/viewjob?jk=05c0cea9241cdea2,"","2026-04-17"
0,"","Applied Science Manager, Center for Quantum Computing","Amazon Web Services","San Francisco, California","","$211,400 - $286,000 (yearly)",jobspy_indeed,https://www.indeed.com/viewjob?jk=88c5b2217464beff,"","2026-04-07"
0,"","Network Install Technician","Amazon.com","San Francisco, California","","$27 - $56 (hourly)",jobspy_indeed,https://www.indeed.com/viewjob?jk=0d74d22b21265c8c,"","2026-01-20"
0,"","Sterilization/Records Technician","Ben White Orthodontics","Seattle, Washington","","$20 - $25 (hourly)",jobspy_indeed,https://www.indeed.com/viewjob?jk=c50d9129abdd6376,"","2026-04-29"
0,"","Journeyman Shop Technician","Pape' Machinery Inc","Seattle, Washington","","$32 - $50 (hourly)",jobspy_indeed,https://www.indeed.com/viewjob?jk=15c9f28cb3abff73,"","2026-04-28"
0,"","Journeyman Field Technician / Mechanic","Pape' Machinery Inc","Seattle, Washington","","$37 - $55 (hourly)",jobspy_indeed,https://www.indeed.com/viewjob?jk=6f9ba1494bf345d3,"","2026-04-28"
0,"","Senior Managed Services Engineer & Technical Lead","Olympia Computer","Seattle, Washington","","$52,074 - $82,713 (yearly)",jobspy_indeed,https://www.indeed.com/viewjob?jk=4628f1f1a44b0b21,"","2026-04-28"
0,"","Certified Behavior Technician","SpringHealth Behavioral Health and Integrated Care","Seattle, Washington","","$21 - $25 (hourly)",jobspy_indeed,https://www.indeed.com/viewjob?jk=30b8cfa20d18aa8d,"","2026-04-28"
0,"","Maintenance Supervisor- Site Services","Community Roots Housing","Seattle, Washington","","$29 - $32 (hourly)",jobspy_indeed,https://www.indeed.com/viewjob?jk=5256dd3e27e79eee,"","2026-04-28"
0,"","Learning Management System (LMS) Coordinator","Chenega Corporation","Seattle, Washington","","",jobspy_indeed,https://www.indeed.com/viewjob?jk=a213278861dbbe36,"","2026-04-27"
0,"","Mental Health Technician (MHT)","Smokey Point Behavioral Hospital","Seattle, Washington","","$19 - $23 (hourly)",jobspy_indeed,https://www.indeed.com/viewjob?jk=1c8d6fcde0eded95,"","2026-04-27"
0,"","Collision Estimator","Crash Champions Collision Repair Team","Seattle, Washington","","$69,615 - $155,000 (yearly)",jobspy_indeed,https://www.indeed.com/viewjob?jk=95b87dbd2bc63380,"","2026-04-27"
0,"","Auto Body Technician","Crash Champions Collision Repair Team","Seattle, Washington","","$69,615 - $180,000 (yearly)",jobspy_indeed,https://www.indeed.com/viewjob?jk=54ce6c1c6b2fefa9,"","2026-04-27"
0,"","Veterinary Assistant","nan","Seattle, Washington","","$22 - $29 (hourly)",jobspy_indeed,https://www.indeed.com/viewjob?jk=458fd661294f5754,"","2026-04-25"
0,"","Veterinary Receptionist","nan","Seattle, Washington","","$18 - $25 (hourly)",jobspy_indeed,https://www.indeed.com/viewjob?jk=8722b59106708f33,"","2026-04-25"
0,"","Optical Technician","Fresh Consulting","Seattle, Washington","","$40 - $45 (hourly)",jobspy_indeed,https://www.indeed.com/viewjob?jk=3342d073c0eede94,"","2026-04-24"
0,"","Technician 1 - Gas","Hydromax USA","Seattle, Washington","","$22 - $24 (hourly)",jobspy_indeed,https://www.indeed.com/viewjob?jk=26b3e5b1fc79cfb3,"","2026-04-24"
0,"","Infrastructure Technical Program Manager, Global Connectivity Infrastructure Delivery, Fiber Deployment, GCID-FD","Amazon.com","Seattle, Washington","","$127,100 - $171,900 (yearly)",jobspy_indeed,https://www.indeed.com/viewjob?jk=cb0ddacf8bf04dbe,"","2026-04-22"
0,"","Technical Infrastructure Program Manager, Data Center Planning and Delivery","Amazon.com","Seattle, Washington","","$127,100 - $171,900 (yearly)",jobspy_indeed,https://www.indeed.com/viewjob?jk=64758922ffb19927,"","2026-04-03"
0,"","Licensed Veterinary Technician","Seatown Veterinary Care","Seattle, Washington","","$35 - $42 (hourly)",jobspy_indeed,https://www.indeed.com/viewjob?jk=b4c49b4efdafc9a5,"","2026-04-21"
0,"","Veterinary Assistant","Seatown Veterinary Care","Seattle, Washington","","$22 - $26 (hourly)",jobspy_indeed,https://www.indeed.com/viewjob?jk=c6a964d34f686bf0,"","2026-04-21"
0,"","Maintenance Technician","CBRE","Seattle, Washington","","$50,000 - $70,000 (yearly)",jobspy_indeed,https://www.indeed.com/viewjob?jk=e01680e31ee8d570,"","2026-04-20"
0,"","Parts Manager","Crash Champions Collision Repair Team","Seattle, Washington","","$17 - $30 (hourly)",jobspy_indeed,https://www.indeed.com/viewjob?jk=e383dc78ac36943e,"","2026-04-20"
0,"","NW Deployment Planner I, GND - Planning, Implementation, Coordination (PIC) Team","Amazon.com","Seattle, Washington","","$30 - $54 (hourly)",jobspy_indeed,https://www.indeed.com/viewjob?jk=cbc21eea0a5409b8,"","2026-03-12"
0,"","Behavior Analyst (BCBA) - Hybrid","Autism Learning Partners","Boston, Massachusetts","","$82,000 - $93,000 (yearly)",jobspy_indeed,https://www.indeed.com/viewjob?jk=ced204b0828bb534,"","2026-04-29"
0,"","Pediatric Registered Dietitian II- Cardiac/PECAN (Part-time) - Temp","Boston Children's Hospital","Boston, Massachusetts","","$44,007 - $70,426 (yearly)",jobspy_indeed,https://www.indeed.com/viewjob?jk=bde46b58f76af332,"","2026-04-29"
0,"","Behavior Technician","ANNA (Allied Network for Neurodevelopmental Advancement)","Boston, Massachusetts","","$24 - $26 (hourly)",jobspy_indeed,https://www.indeed.com/viewjob?jk=739bdbaa2e875811,"","2026-04-28"
0,"","Sterile Processing Technician","nan","Boston, Massachusetts","","$22 - $31 (hourly)",jobspy_indeed,https://www.indeed.com/viewjob?jk=154f913bfbc5cd44,"","2026-04-27"
0,"","Program Manager (PM)","Autism Learning Partners","Boston, Massachusetts","","$25 - $29 (hourly)",jobspy_indeed,https://www.indeed.com/viewjob?jk=8841a0b36b358754,"","2026-04-27"
0,"","Sales & Service Technician","Groundworks","Boston, Massachusetts","","$17 - $23 (hourly)",jobspy_indeed,https://www.indeed.com/viewjob?jk=aad7e571f51a8af5,"","2026-04-25"
0,"","Credentialed Veterinary Technician","Banfield Pet Hospital","Boston, Massachusetts","","$24 - $34 (hourly)",jobspy_indeed,https://www.indeed.com/viewjob?jk=d92ece590f60ed6c,"","2026-04-25"
0,"","ABA Clinical Supervisor (Sr. Program Manager)","Autism Learning Partners","Boston, Massachusetts","","$30 - $36 (hourly)",jobspy_indeed,https://www.indeed.com/viewjob?jk=081eec4e6b662c67,"","2026-04-24"
0,"","SOC Analyst","Mainstay Technologies","Boston, Massachusetts","","",jobspy_indeed,https://www.indeed.com/viewjob?jk=0452963523cac72d,"","2026-04-24"
0,"","Technician (Assistant Rigger)","SAFE HARBOR MARINAS","Boston, Massachusetts","","",jobspy_indeed,https://www.indeed.com/viewjob?jk=36870658fe4fe1f6,"","2026-04-24"
0,"","Veterinary Assistant","nan","Boston, Massachusetts","","$22 - $24 (hourly)",jobspy_indeed,https://www.indeed.com/viewjob?jk=aba4b7ec0944c13d,"","2026-04-23"
0,"","Behavior Analyst (BCBA) - WFH Days & Flex Scheduling!","Autism Learning Partners","Boston, Massachusetts","","$80,000 - $97,000 (yearly)",jobspy_indeed,https://www.indeed.com/viewjob?jk=3966ff19a1772159,"","2026-04-23"
0,"","Medical Assistant, Internal Medicine","Mass General Brigham","Boston, Massachusetts","","$17 - $24 (hourly)",jobspy_indeed,https://www.indeed.com/viewjob?jk=09fa8b851ebe8a9b,"","2026-04-23"
0,"","Utility Inspection Technician (Indoor Inspections)","Reconn Utility Services","Boston, Massachusetts","","",jobspy_indeed,https://www.indeed.com/viewjob?jk=0bf61c3833581a17,"","2026-04-23"
0,"","Contract Licensed Psychologist","ICBD","Boston, Massachusetts","","",jobspy_indeed,https://www.indeed.com/viewjob?jk=f5611e33908ac5b8,"","2026-04-23"
0,"","Consumable Engineering Technician, Group Lead","Nova Biomedical","Boston, Massachusetts","","$43 - $47 (hourly)",jobspy_indeed,https://www.indeed.com/viewjob?jk=f060bbe7d612fcca,"","2026-04-06"
0,"","Auto Body Technician","Crash Champions Collision Repair Team","Los Angeles, California","","$69,680 - $180,000 (yearly)",jobspy_indeed,https://www.indeed.com/viewjob?jk=b37e549342aede23,"","2026-04-30"
0,"","Civil Design Technician","Kimley-Horn","Los Angeles, California","","$32 - $35 (hourly)",jobspy_indeed,https://www.indeed.com/viewjob?jk=2ada34cdbbb5542b,"","2026-04-29"
0,"","Medical Assistant","Golden State Dermatology","Los Angeles, California","","$23 - $28 (hourly)",jobspy_indeed,https://www.indeed.com/viewjob?jk=5a1b7a8c3033a31d,"","2026-04-29"
0,"","ABA Program Manager (Clinical Supervisor)","Autism Learning Partners","Los Angeles, California","","$24 - $28 (hourly)",jobspy_indeed,https://www.indeed.com/viewjob?jk=6e3cb7ace85dd43a,"","2026-04-29"
0,"","Field Technician","Pape' Machinery Inc","Los Angeles, California","","$33 - $49 (hourly)",jobspy_indeed,https://www.indeed.com/viewjob?jk=4ba31a7a1ce3715f,"","2026-04-29"
0,"","Additive Technician","nan","Los Angeles, California","","$35 - $45 (hourly)",jobspy_indeed,https://www.indeed.com/viewjob?jk=ed3716e8f1b0015a,"","2026-04-29"
0,"","Automation & Controls Technician","nan","Los Angeles, California","","$35 - $45 (hourly)",jobspy_indeed,https://www.indeed.com/viewjob?jk=8f67f4235b14d8c9,"","2026-04-28"
0,"","Part Time Emergency Veterinarian","PetVet Care Centers","Los Angeles, California","","$225,000 - $250,000 (yearly)",jobspy_indeed,https://www.indeed.com/viewjob?jk=43683d03f4a08897,"","2026-04-29"
0,"","Veterinary Assistant","AmeriVet Veterinary Partners","Los Angeles, California","","$17 - $22 (hourly)",jobspy_indeed,https://www.indeed.com/viewjob?jk=8a1f4cf3dfb84b69,"","2026-04-29"
0,"","Antenna Engineer (Automation)","nan","Los Angeles, California","","$105,000 - $135,000 (yearly)",jobspy_indeed,https://www.indeed.com/viewjob?jk=e406046ab4a478f9,"","2026-04-28"
0,"","Ultrasound Technician - Long Beach, CA","Prime Physicians","Los Angeles, California","","",jobspy_indeed,https://www.indeed.com/viewjob?jk=8046544edc71813f,"","2026-04-28"
0,"","Behavior Analyst (BCBA) - Hybrid","Autism Learning Partners","Los Angeles, California","","$82,000 - $90,000 (yearly)",jobspy_indeed,https://www.indeed.com/viewjob?jk=9b630e4725a57b59,"","2026-04-28"
0,"","Audi Service Advisor","Fletcher Jones Automotive Group","Los Angeles, California","","$122,000 - $218,600 (yearly)",jobspy_indeed,https://www.indeed.com/viewjob?jk=dbff6e677afaa507,"","2026-04-28"
0,"","Emergency Medical Technician (EMT) – Studio Set Operations","GSG Protective Services","Los Angeles, California","","",jobspy_indeed,https://www.indeed.com/viewjob?jk=c62e4d5ee8f4ce22,"","2026-04-28"
0,"","Pressroom Supervisor","Veritiv","Los Angeles, California","","",jobspy_indeed,https://www.indeed.com/viewjob?jk=13b338d800fc7f3c,"","2026-04-28"
0,"","ABA Clinical Supervisor (Sr. Program Manager)","Autism Learning Partners","Los Angeles, California","","$30 - $35 (hourly)",jobspy_indeed,https://www.indeed.com/viewjob?jk=70025c4b420e605b,"","2026-04-28"
0,"","Network Install Technician, Infrastructure Delivery","Amazon.com","Washington, DC","","$29 - $52 (hourly)",jobspy_indeed,https://www.indeed.com/viewjob?jk=33ca029cf1a0b151,"","2026-01-27"
0,"","Controls Technician, DCC Communities","Amazon.com","Washington, DC","","$61,700 - $138,100 (yearly)",jobspy_indeed,https://www.indeed.com/viewjob?jk=c34dd323a964083c,"","2025-10-29"
0,"","Behavioral Health Technician (BHT)","NeuroSPACE ABA","United States","","$18 - $21 (hourly)",jobspy_indeed,https://www.indeed.com/viewjob?jk=db49fad764a9499d,"","2026-04-30"
0,"","Medical Records Technician (Coder In/Out)","US Department of Veterans Affairs","Remote","","$36,409 - $72,644 (yearly)",jobspy_indeed,https://www.indeed.com/viewjob?jk=cfb59ce32e935d93,"","2026-04-28"
0,"","Remote Supervising Gastroenterologist (Board-Certified GI Physician)","FirstVitals Health and Wellness","Remote","","",jobspy_indeed,https://www.indeed.com/viewjob?jk=faae8f77be2b720e,"","2026-04-27"
0,"","Technical Trainer - Electrical & Switchgear","Industrial Electric Manufacturing","Remote","","$110,000 - $150,000 (yearly)",jobspy_indeed,https://www.indeed.com/viewjob?jk=de96db21529ce0ae,"","2026-04-24"
0,"","Multi-Vendor Siemens X-ray Technical Support Engineer","GE HealthCare","Remote","","$94,400 - $141,600 (yearly)",jobspy_indeed,https://www.indeed.com/viewjob?jk=ffe6e2df552ceb8d,"","2026-04-23"
0,"","CMM Programmer (1st Shift M-F 6AM- 2:30PM)","Woodward, Inc.","Chicago, Illinois","","$17 - $38 (hourly)",jobspy_indeed,https://www.indeed.com/viewjob?jk=2bdc26015d320d74,"","2026-04-23"
0,"","Clinical Business Analyst Lv 2","NYC Health + Hospitals","New York, New York","","$74,288 - $97,000 (yearly)",jobspy_indeed,https://www.indeed.com/viewjob?jk=578027efb0cdf74b,"","2026-04-27"
0,"","CNC Machinist","Harold R Henrich","New York, New York","","$25 - $33 (hourly)",jobspy_indeed,https://www.indeed.com/viewjob?jk=321314ddb3a7aa28,"","2026-04-27"
0,"","Computer Support Specialist II","Kaas Tailored","Seattle, Washington","","$28 - $37 (hourly)",jobspy_indeed,https://www.indeed.com/viewjob?jk=6062486e03ade08a,"","2026-04-24"
0,"","CNC Programmer & Setter -- Mastercam 2026-- 11-Axis Mill-Turn, Live Tooling","location d'outils GM","Los Angeles, California","","$45 - $55 (hourly)",jobspy_indeed,https://www.indeed.com/viewjob?jk=6890fca0194bda2b,"","2026-04-28"
0,"","Senior Associate - Financial Institution Advisory","Berkeley Research Group, LLC","Washington, DC","","$85,000 - $115,000 (yearly)",jobspy_indeed,https://www.indeed.com/viewjob?jk=553da5664cdc1450,"","2026-04-29"
0,"","Automation Programmer/Operator","The Ruth Theater","United States","","$20 - $28 (hourly)",jobspy_indeed,https://www.indeed.com/viewjob?jk=c093908b23d90c09,"","2026-04-28"
0,"","Industrial Journeyperson Electrician, Automation & Process","Re:Build Manufacturing","United States","","$27 - $55 (hourly)",jobspy_indeed,https://www.indeed.com/viewjob?jk=d68e23b33a5624db,"","2026-04-28"
0,"","Junior PLC Programmer","Serve Electric","United States","","$36 - $48 (hourly)",jobspy_indeed,https://www.indeed.com/viewjob?jk=53e0677ec4b1d2ba,"","2026-04-28"
0,"","Analyst Programmer 2/3/4","State of Alaska","United States","","$30 - $40 (hourly)",jobspy_indeed,https://www.indeed.com/viewjob?jk=22224ea38a12c41d,"","2026-04-27"
0,"","Automation Specialist - ITS3","State of Minnesota - Minnesota IT Services","United States","","$33 - $54 (hourly)",jobspy_indeed,https://www.indeed.com/viewjob?jk=9e284a1bf750e3f4,"","2026-04-25"
0,"","CNC Programmer","Spectrum Industries, Inc.","United States","","",jobspy_indeed,https://www.indeed.com/viewjob?jk=efe3c5ec52a04b15,"","2026-04-25"
0,"","Elite AV Technician / Programmer - High-End Residential","WH TECHNOLOGIES","United States","","$35 - $45 (hourly)",jobspy_indeed,https://www.indeed.com/viewjob?jk=82795386d85c11f2,"","2026-04-24"
0,"","Part-Time Stage Hands","Penn State University","United States","","",jobspy_indeed,https://www.indeed.com/viewjob?jk=45df0105d0a82c4a,"","2026-04-28"
0,"","Stagehand","Spokane Tribe Resort & Casino","United States","","",jobspy_indeed,https://www.indeed.com/viewjob?jk=6f7e73872b8f93be,"","2026-04-28"
0,"","Stagehand | Part-Time | Sandler Center for the Performing Arts","Oak View Group","United States","","",jobspy_indeed,https://www.indeed.com/viewjob?jk=4500f8db720da830,"","2026-04-27"
0,"","AV Production Technician – Event Setup & Breakdown (April 29–30) with option for other events too","Blue Steel","United States","","$25 - $35 (hourly)",jobspy_indeed,https://www.indeed.com/viewjob?jk=5e4295bdd1c1d09d,"","2026-04-24"
0,"","Stage Crew NY","Rhino Staging","United States","","$30 - $35 (hourly)",jobspy_indeed,https://www.indeed.com/viewjob?jk=169b2f75fdc7ad0c,"","2026-04-23"
0,"","Stage Hand - Utah","Upstage Crew Services","United States","","$20 - $25 (hourly)",jobspy_indeed,https://www.indeed.com/viewjob?jk=12b487a22e2a98a3,"","2026-04-01"
0,"","Stage Hand - Arizona - Seasonal","Upstage Crew Services","United States","","",jobspy_indeed,https://www.indeed.com/viewjob?jk=28f507973daede67,"","2026-04-01"
0,"","Integration Technician - Arizona","Upstage Crew Services","United States","","",jobspy_indeed,https://www.indeed.com/viewjob?jk=e7a430ef21a54c54,"","2026-04-01"
0,"","Facilities Maintenance Technician","Viant Medical","Chicago, Illinois","","$21 - $24 (hourly)",jobspy_indeed,https://www.indeed.com/viewjob?jk=f47949a839d5f1c4,"","2026-04-24"
0,"","Senior Maintenance Supervisor","Perrigo","New York, New York","","",jobspy_indeed,https://www.indeed.com/viewjob?jk=a8b7cbca57bb180f,"","2026-04-26"
0,"","Unified Comms/Collab Technician","NBCUniversal","New York, New York","","$70,000 - $85,000 (hourly)",jobspy_indeed,https://www.indeed.com/viewjob?jk=a69820af3b1dbff4,"","2026-04-24"
0,"","Senior IT Event Operations and Executive Support","Unity Technologies","San Francisco, California","","$117,400 - $154,150 (yearly)",jobspy_indeed,https://www.indeed.com/viewjob?jk=ab5e4352407073ea,"","2026-04-28"
0,"","Residence Life Tech Specialist - Amenities","University Of Washington","Seattle, Washington","","",jobspy_indeed,https://www.indeed.com/viewjob?jk=3d081c6a18fdc344,"","2026-04-29"
0,"","Dining Operations Marketing Specialist (Temporary)","University Of Washington","Seattle, Washington","","",jobspy_indeed,https://www.indeed.com/viewjob?jk=866ea7499a818523,"","2026-04-29"
0,"","Security Systems Administrator","Evergreen Fire & Security","Seattle, Washington","","$79,000 - $96,000 (yearly)",jobspy_indeed,https://www.indeed.com/viewjob?jk=a6e26929314dac89,"","2026-04-27"
0,"","Event Producer, Event Productions, Event Productions","Amazon.com","Seattle, Washington","","$82,700 - $129,800 (yearly)",jobspy_indeed,https://www.indeed.com/viewjob?jk=be94b4715854d03c,"","2026-04-21"
0,"","Engineering Manager, Mansfield","Integra LifeSciences","Boston, Massachusetts","","$109,250 - $149,500 (yearly)",jobspy_indeed,https://www.indeed.com/viewjob?jk=efb05bc1c042b29e,"","2026-04-30"
0,"","Engineer Manufacturing","Northrop Grumman","Los Angeles, California","","$83,400 - $125,200 (yearly)",jobspy_indeed,https://www.indeed.com/viewjob?jk=999d212b458ad060,"","2026-04-27"
0,"","Low voltage Communications Foreman","VectorUSA","Los Angeles, California","","",jobspy_indeed,https://www.indeed.com/viewjob?jk=77417ea8b2422a75,"","2026-04-24"
0,"","Unified Comms/Collab Technician","NBCUniversal","Los Angeles, California","","$70,000 - $85,000 (hourly)",jobspy_indeed,https://www.indeed.com/viewjob?jk=579981711685c8ba,"","2026-04-24"
0,"","Middle School Theater Technician (Part-Time)","Harvard-Westlake School","Los Angeles, California","","$32 - $40 (hourly)",jobspy_indeed,https://www.indeed.com/viewjob?jk=495a55afaa2d1b70,"","2026-04-23"
0,"","I&E Technician - Dulles, VA","Interstates Companies","Washington, DC","","",jobspy_indeed,https://www.indeed.com/viewjob?jk=558cdfcc6f23ec9b,"","2026-04-29"
0,"","Production Technician I - Nights","AstraZeneca","Washington, DC","","",jobspy_indeed,https://www.indeed.com/viewjob?jk=0a440c5d4003e63f,"","2026-04-23"
0,"","Maintenance","TreeHouse Foods","United States","","$30 - $32 (hourly)",jobspy_indeed,https://www.indeed.com/viewjob?jk=3cac8d8925b6f156,"","2026-04-30"
0,"","Donor Center Technician 1","Octapharma","United States","","",jobspy_indeed,https://www.indeed.com/viewjob?jk=70ee62dabca5a65d,"","2026-04-30"
0,"","Processing Technician, MS PM","LifeNet Health","United States","","",jobspy_indeed,https://www.indeed.com/viewjob?jk=523db485280c3b9e,"","2026-04-30"
0,"","Processing Technician, OB/Demin, Weekday ON","LifeNet Health","United States","","",jobspy_indeed,https://www.indeed.com/viewjob?jk=66d581fefb53e5ff,"","2026-04-29"
0,"","Overnight Emergency Veterinarian","BluePearl Pet Hospital","United States","","",jobspy_indeed,https://www.indeed.com/viewjob?jk=970a91ed6e709986,"","2026-04-29"
0,"","Veterinary Medical Director","BluePearl Pet Hospital","United States","","",jobspy_indeed,https://www.indeed.com/viewjob?jk=86b15f563780ccf6,"","2026-04-29"
0,"","Part Time Emergency Veterinarian","BluePearl Pet Hospital","United States","","",jobspy_indeed,https://www.indeed.com/viewjob?jk=1fe9ca3c2e814d4a,"","2026-04-29"
0,"","Microbiology Technician","Nucleus RadioPharma","United States","","$23 - $34 (hourly)",jobspy_indeed,https://www.indeed.com/viewjob?jk=01d4a0d13f6c39e5,"","2026-04-29"
0,"","Sound Technician","Dynamic Sound & Lighting","United States","","",jobspy_indeed,https://www.indeed.com/viewjob?jk=9cb0c1ffd314d616,"","2026-04-29"
0,"","Warehouse Manager: Event Production","Mapache Entertainment","United States","","",jobspy_indeed,https://www.indeed.com/viewjob?jk=855785c33fe44640,"","2026-04-29"
0,"","Silver Dollar City - Entertainment & Events, Audio Technician IV (Full-Time Seasonal, 2026)","Silver Dollar City","United States","","",jobspy_indeed,https://www.indeed.com/viewjob?jk=ed03aa3ad59c44ac,"","2026-04-29"
0,"","Overhaul Test Technician","Solar Turbines","United States","","$51,674 - $77,510 (yearly)",jobspy_indeed,https://www.indeed.com/viewjob?jk=9216f1b05d6f2c53,"","2026-04-29"
0,"","Journeyman Maintenance Technician","Curia","United States","","",jobspy_indeed,https://www.indeed.com/viewjob?jk=a07987be4f0f3b68,"","2026-04-29"
0,"","Journeyman Plumber","MD Anderson Cancer Center","United States","","$69,000 - $103,000 (yearly)",jobspy_indeed,https://www.indeed.com/viewjob?jk=63a4909f8c677558,"","2026-04-28"
0,"","Audio Visual Technician (Entry - Level)","New Life Fellowship","United States","","",jobspy_indeed,https://www.indeed.com/viewjob?jk=8eb3ba2ece7368b8,"","2026-04-28"
0,"","Crew Operations Coordinator","Live Events","United States","","",jobspy_indeed,https://www.indeed.com/viewjob?jk=4e4f1a341000a3cd,"","2026-04-20"
0,"","Art Director - Experiential","Advoc8","Remote","","",jobspy_indeed,https://www.indeed.com/viewjob?jk=0af37a532d6dffe4,"","2026-04-24"
0,"","T Mobile Tiger Team","Wireless Horizon Inc.","Chicago, Illinois","","$23 - $34 (hourly)",jobspy_indeed,https://www.indeed.com/viewjob?jk=e65f81b79cf0a2a0,"","2026-04-28"
0,"","Internet Installer","Opiquad","Chicago, Illinois","","$22 - $24 (hourly)",jobspy_indeed,https://www.indeed.com/viewjob?jk=fd1b2543c7fa6d98,"","2026-04-24"
0,"","SCA Engineering Technician 3","Northrop Grumman","Chicago, Illinois","","",jobspy_indeed,https://www.indeed.com/viewjob?jk=71fd117d7dbf79d3,"","2026-04-22"
0,"","Field Calibration Technician","Tektronix","Chicago, Illinois","","$23 - $43 (hourly)",jobspy_indeed,https://www.indeed.com/viewjob?jk=8b0caf31ce11e810,"","2026-04-09"
0,"","RF/Digital Engineer","Stellant Systems, Inc.","New York, New York","","$95,000 - $115,000 (yearly)",jobspy_indeed,https://www.indeed.com/viewjob?jk=09ee5c8c793137fd,"","2026-04-29"
0,"","Foreman","SQUAN","New York, New York","","",jobspy_indeed,https://www.indeed.com/viewjob?jk=e339db01cd35996f,"","2026-04-29"
0,"","Senior Advanced Engineering Technician","General Dynamics Mission Systems","New York, New York","","$40 - $43 (hourly)",jobspy_indeed,https://www.indeed.com/viewjob?jk=748975baae1e80c7,"","2026-04-28"
0,"","Field Service Technician - Nassau County, NY","Motorola Solutions","New York, New York","","$65,000 - $80,000 (yearly)",jobspy_indeed,https://www.indeed.com/viewjob?jk=5214a488c7b60a61,"","2026-04-24"
0,"","Calibration Technician - Level 2","Trescal","New York, New York","","$25 - $37 (hourly)",jobspy_indeed,https://www.indeed.com/viewjob?jk=26398949b9d81250,"","2026-04-24"
0,"","Test Engineer","MACOM Technology Solutions","New York, New York","","$26 - $37 (hourly)",jobspy_indeed,https://www.indeed.com/viewjob?jk=b6ff5ac38a23b0db,"","2026-04-23"
0,"","Quote Technician 1st shift - 90 Day Increase Eligible","TTM Technologies","San Francisco, California","","$49,928 - $78,919 (yearly)",jobspy_indeed,https://www.indeed.com/viewjob?jk=2dd4ca1ea1ae9375,"","2026-04-29"
0,"","Semiconductor Equipment Support Technologist / Senior Semiconductor Equipment Support Technologist","Lawrence Livermore National Laboratory","San Francisco, California","","$43 - $63 (hourly)",jobspy_indeed,https://www.indeed.com/viewjob?jk=f6ef380e04e2ea7c,"","2026-04-27"
0,"","Engineering Technician 4","Skyworks Solutions","San Francisco, California","","$29 - $52 (hourly)",jobspy_indeed,https://www.indeed.com/viewjob?jk=6dc794d422031490,"","2026-04-24"
0,"","Electrical Engineer 5","Lam Research","San Francisco, California","","$125,000 - $270,000 (yearly)",jobspy_indeed,https://www.indeed.com/viewjob?jk=d1a76b4b04f4d26a,"","2026-04-23"
0,"","Electronics Engineering Technician","Ondas Inc.","San Francisco, California","","$105,000 - $125,000 (yearly)",jobspy_indeed,https://www.indeed.com/viewjob?jk=0854bdc96f496b20,"","2026-04-01"
0,"","Cold Test Technician (RF/Electronics)","Schneller","San Francisco, California","","$32 - $35 (hourly)",jobspy_indeed,https://www.indeed.com/viewjob?jk=6f6476b814d4af78,"","2026-03-29"
0,"","Satellite Test Hardware Engineer, Integrated Vehicle Test Team","Amazon.com","Seattle, Washington","","$129,200 - $174,800 (yearly)",jobspy_indeed,https://www.indeed.com/viewjob?jk=7f42c2846a7bd3d1,"","2026-04-29"
0,"","System Development Engineer, GSE Automation, Amazon Leo","Amazon.com","Seattle, Washington","","$129,200 - $174,800 (yearly)",jobspy_indeed,https://www.indeed.com/viewjob?jk=859d24f8c7a97109,"","2026-04-03"
0,"","SAP Procure to Pay Functional, Amazon Leo","Amazon.com","Seattle, Washington","","$129,200 - $174,800 (yearly)",jobspy_indeed,https://www.indeed.com/viewjob?jk=a47a7987a2242518,"","2026-02-23"
0,"","Radio Frequency (RF) Test & Evaluation Lab Tech (Associate or Experienced)","Boeing","Seattle, Washington","","$56,950 - $92,000 (yearly)",jobspy_indeed,https://www.indeed.com/viewjob?jk=6fc3fb5898729f03,"","2026-04-27"
0,"","Senior Electrical Design & Verification Engineer (DVE), Leo Optical ISL Development","Amazon.com","Seattle, Washington","","$137,300 - $185,700 (yearly)",jobspy_indeed,https://www.indeed.com/viewjob?jk=498521db9070a445,"","2026-04-23"
0,"","Technician C Electro - Mechanical","Massachusetts Institute of Technology","Boston, Massachusetts","","",jobspy_indeed,https://www.indeed.com/viewjob?jk=a07ebc6e89c3d8c3,"","2026-04-29"
0,"","Radar Hardware Engineer","Umass Lowell","Boston, Massachusetts","","",jobspy_indeed,https://www.indeed.com/viewjob?jk=a883a0ca475b4943,"","2026-04-28"
0,"","Broadband Technician I","Astound","Boston, Massachusetts","","$22 - $24 (hourly)",jobspy_indeed,https://www.indeed.com/viewjob?jk=f45c0f26344fae4a,"","2026-04-28"
0,"","Sr Electrical Engineer - Test Equipment Maintenance Support","Raytheon","Boston, Massachusetts","","$86,800 - $165,200 (yearly)",jobspy_indeed,https://www.indeed.com/viewjob?jk=296d3e334ef3278c,"","2026-04-28"
0,"","Field Engineer","Structural Components, LLC","Boston, Massachusetts","","$60,000 - $65,000 (yearly)",jobspy_indeed,https://www.indeed.com/viewjob?jk=cec902e7caa51196,"","2026-04-27"
0,"","Signal Integrity Lab Technician (Mon-Fri 3pm to 11:30pm)","Amphenol","Boston, Massachusetts","","",jobspy_indeed,https://www.indeed.com/viewjob?jk=cbdebdcd97f4c8bb,"","2026-04-27"
0,"","Mechanical Integrity Technician","Amphenol","Boston, Massachusetts","","",jobspy_indeed,https://www.indeed.com/viewjob?jk=8503eaea928a31c2,"","2026-04-27"
0,"","Test Engineering Manager- High Speed Cable Products","Amphenol","Boston, Massachusetts","","",jobspy_indeed,https://www.indeed.com/viewjob?jk=497883cdd601dd2d,"","2026-04-27"
0,"","Engineering Technician IV - R&D","Applied Materials","Boston, Massachusetts","","$29 - $39 (hourly)",jobspy_indeed,https://www.indeed.com/viewjob?jk=53eae7e7ab5c5b9e,"","2026-04-27"
0,"","R&D Engineering Technician III (1st & 2nd Shift) - Gloucester, MA","Applied Materials","Boston, Massachusetts","","$25 - $34 (hourly)",jobspy_indeed,https://www.indeed.com/viewjob?jk=476f3921562153e1,"","2026-04-24"
0,"","Technician B (Elec)","MIT Lincoln Laboratory","Boston, Massachusetts","","$33 - $37 (hourly)",jobspy_indeed,https://www.indeed.com/viewjob?jk=8abf123f1c954444,"","2026-04-23"
0,"","RF Engineer III","Mercury Systems","Boston, Massachusetts","","$75,000 - $177,000 (yearly)",jobspy_indeed,https://www.indeed.com/viewjob?jk=18a5d3d1c8509f48,"","2026-03-19"
0,"","RF Product Technician, EW","Anduril","Los Angeles, California","","$113,000 - $135,000 (yearly)",jobspy_indeed,https://www.indeed.com/viewjob?jk=981f2bff01909f45,"","2026-04-29"
0,"","Senior Electronics Quality Technician I","Motorola Solutions","Los Angeles, California","","$35 - $37 (hourly)",jobspy_indeed,https://www.indeed.com/viewjob?jk=699e022436159940,"","2026-04-28"
0,"","Electronics Quality Technician III","Motorola Solutions","Los Angeles, California","","$32 - $34 (hourly)",jobspy_indeed,https://www.indeed.com/viewjob?jk=0443a455ef3cff56,"","2026-04-28"
0,"","Senior Electronics Quality Technician III","Motorola Solutions","Los Angeles, California","","$41 - $44 (hourly)",jobspy_indeed,https://www.indeed.com/viewjob?jk=42713848ffa11d4a,"","2026-04-28"
0,"","Electronics Quality Technician I","Motorola Solutions","Los Angeles, California","","$26 - $28 (hourly)",jobspy_indeed,https://www.indeed.com/viewjob?jk=68cbcaa759cb4dc0,"","2026-04-28"
0,"","Electronics Quality Technician II","Motorola Solutions","Los Angeles, California","","$29 - $31 (hourly)",jobspy_indeed,https://www.indeed.com/viewjob?jk=9a9221b971bce349,"","2026-04-28"
0,"","RF Test Technician 2nd Shift","Stellant Systems, Inc.","Los Angeles, California","","$31 - $41 (hourly)",jobspy_indeed,https://www.indeed.com/viewjob?jk=25e7f906f6d4701b,"","2026-04-28"
0,"","Experienced Telecom Technicians","InSite Telecom, Inc.","Los Angeles, California","","",jobspy_indeed,https://www.indeed.com/viewjob?jk=d3f0a98f81a83e90,"","2026-04-28"
0,"","Integration & Test Technician","CHAOS Industries","Los Angeles, California","","$30 - $48 (hourly)",jobspy_indeed,https://www.indeed.com/viewjob?jk=b34a008ea33f104f,"","2026-04-28"
0,"","Microwave Radio Technician III","MasTec Communications Group","Los Angeles, California","","$31 - $34 (hourly)",jobspy_indeed,https://www.indeed.com/viewjob?jk=ac776aa152c45e58,"","2026-04-27"
0,"","Microwave Radio Technician III","MasTec Inc","Los Angeles, California","","$31 - $34 (hourly)",jobspy_indeed,https://www.indeed.com/viewjob?jk=e8614505a3d2c558,"","2026-04-27"
0,"","Engineering Technician","Teledyne FLIR","Los Angeles, California","","$45,300 - $60,400 (yearly)",jobspy_indeed,https://www.indeed.com/viewjob?jk=3150787d9f0ab38d,"","2026-04-27"
0,"","Electrical Engineer","California Institute of Technology","Los Angeles, California","","$97,000 - $136,900 (yearly)",jobspy_indeed,https://www.indeed.com/viewjob?jk=60615ca7f8aff509,"","2026-04-24"
0,"","Microsection Lab Technician - 2nd shift","TTM Technologies","Los Angeles, California","","$49,673 - $78,516 (yearly)",jobspy_indeed,https://www.indeed.com/viewjob?jk=94b9de06470cf0da,"","2026-04-24"
0,"","Field Service Technician","Leidos","Washington, DC","","$59,150 - $106,925 (yearly)",jobspy_indeed,https://www.indeed.com/viewjob?jk=251c94c3836eeeff,"","2026-04-27"
0,"","Electromechanical Engineering Technician","Northrop Grumman","Washington, DC","","$91,800 - $137,600 (yearly)",jobspy_indeed,https://www.indeed.com/viewjob?jk=4280c2fa296a90fb,"","2026-04-22"
0,"","Associate Electromechanical Engineering Technician","Northrop Grumman","Washington, DC","","$76,200 - $114,400 (yearly)",jobspy_indeed,https://www.indeed.com/viewjob?jk=d9ad68e6fe2c31f9,"","2026-04-22"
0,"","Engineering Technician C","L3Harris","United States","","",jobspy_indeed,https://www.indeed.com/viewjob?jk=8e107e2340418cbe,"","2026-04-30"
0,"","Electromagnetics Laboratory Internship","Astrion","United States","","",jobspy_indeed,https://www.indeed.com/viewjob?jk=fa3701303a5efa09,"","2026-04-29"
0,"","Field Service Engineer, Advanced","Keysight Technologies","United States","","$90,790 - $151,320 (yearly)",jobspy_indeed,https://www.indeed.com/viewjob?jk=4af121acabfb35a2,"","2026-04-29"
0,"","Senior RF and Antenna Subsystem Engineer","Raytheon","United States","","$86,800 - $165,200 (yearly)",jobspy_indeed,https://www.indeed.com/viewjob?jk=efbb9b6a83edc147,"","2026-04-29"
0,"","SCA Engineering Technician VI","SAIC","United States","","",jobspy_indeed,https://www.indeed.com/viewjob?jk=1a981755391d598b,"","2026-04-29"
0,"","Senior Electronics Techncian","Parks Medical Electronics Inc","United States","","",jobspy_indeed,https://www.indeed.com/viewjob?jk=0d0e49203bcd90ba,"","2026-04-29"
0,"","Junior Electronics Technician","Parks Medical Electronics Inc","United States","","",jobspy_indeed,https://www.indeed.com/viewjob?jk=749d8c4e39370d14,"","2026-04-29"
0,"","Fixed & Mobile Threat System Electronic Technician(G)","TDX Corporation","United States","","",jobspy_indeed,https://www.indeed.com/viewjob?jk=b40c653dc8283768,"","2026-04-29"
0,"","SCA-ELECTRONICS TECHNICIANS II, FAA","Parsons","United States","","",jobspy_indeed,https://www.indeed.com/viewjob?jk=0d857ac294954347,"","2026-04-29"
0,"","Technician III","General Atomics","United States","","$56,180 - $83,518 (yearly)",jobspy_indeed,https://www.indeed.com/viewjob?jk=6f94946d980fc22c,"","2026-04-29"
0,"","Field Service Technician I - (Wasilla, AK)","GCI","United States","","",jobspy_indeed,https://www.indeed.com/viewjob?jk=8c2dcd418c2548ce,"","2026-04-29"
0,"","Technician - Technician Data Communication","Spencer Technologies","United States","","$24 - $35 (hourly)",jobspy_indeed,https://www.indeed.com/viewjob?jk=b4912dd54ff467d3,"","2026-04-29"
0,"","Electronics Technician I (Non-Travel)","Akima","United States","","",jobspy_indeed,https://www.indeed.com/viewjob?jk=2ceab5736165649f,"","2026-04-29"
0,"","Construction Technician - Sioux Falls, SD","Midco","United States","","",jobspy_indeed,https://www.indeed.com/viewjob?jk=7d4f599a333c0ac5,"","2026-04-29"
0,"","Network Technician","nan","United States","","$52,812 - $59,000 (yearly)",jobspy_indeed,https://www.indeed.com/viewjob?jk=fa529f90810eff7b,"","2026-04-29"
0,"","RF/Electrical Calibration Technician (Tescom)","Accredited Labs","United States","","",jobspy_indeed,https://www.indeed.com/viewjob?jk=35414dffe7f91520,"","2026-04-29"
0,"","Inventory Coordinator II - 1st Shift","Thermo Fisher Scientific","Chicago, Illinois","","$14 - $21 (hourly)",jobspy_indeed,https://www.indeed.com/viewjob?jk=6061ee6ad543fd46,"","2026-04-29"
0,"","Shipping & Receiving Associate","IPG","Chicago, Illinois","","$18 - $21 (hourly)",jobspy_indeed,https://www.indeed.com/viewjob?jk=da295f467295d7ce,"","2026-04-28"
0,"","Warehouse Associate","Diversified","New York, New York","","$19 - $24 (hourly)",jobspy_indeed,https://www.indeed.com/viewjob?jk=3f2f022b1d46ca62,"","2026-04-29"
0,"","Inventory Control Coordinator","OneSource Distributors","San Francisco, California","","$20 - $27 (hourly)",jobspy_indeed,https://www.indeed.com/viewjob?jk=ca76a91863622c89,"","2026-04-26"
0,"","Technical Support Specialist (Project Management Analyst 2)","HII","Seattle, Washington","","$63,808 - $80,000 (yearly)",jobspy_indeed,https://www.indeed.com/viewjob?jk=34fd5c2c72f866e4,"","2026-04-28"
0,"","Retail Stockroom Coordinator","Pendleton Woolen Mills","Seattle, Washington","","$18 - $19 (hourly)",jobspy_indeed,https://www.indeed.com/viewjob?jk=234802c8ea776a7d,"","2026-04-24"
0,"","Receiving Coordinator","PARR","Seattle, Washington","","$23 - $25 (hourly)",jobspy_indeed,https://www.indeed.com/viewjob?jk=c2cec6469e96baad,"","2026-04-22"
0,"","Customer Experience & Digital Marketing Coordinator","RF Venue, Inc.","Boston, Massachusetts","","$60,000 - $70,000 (yearly)",jobspy_indeed,https://www.indeed.com/viewjob?jk=36ddca2e392e1790,"","2026-04-29"
0,"","Inventory Control Coordinator, 1st Shift","Cardinal Health","Los Angeles, California","","$20 - $33 (hourly)",jobspy_indeed,https://www.indeed.com/viewjob?jk=feb3ce2a84da4775,"","2026-04-23"
0,"","Retail Coordinator - Soccer 90","FC Dallas","United States","","",jobspy_indeed,https://www.indeed.com/viewjob?jk=a04e8c22895a6a0f,"","2026-04-29"
0,"","Driver","Bosch-HomeComfort","United States","","",jobspy_indeed,https://www.indeed.com/viewjob?jk=8cf1e05931e7857b,"","2026-04-29"
0,"","Product Success Operations Coordinator","AeroVironment","United States","","$64,500 - $91,350 (yearly)",jobspy_indeed,https://www.indeed.com/viewjob?jk=ad6b125639687fbe,"","2026-04-29"
0,"","Distribution Clerk (2nd Shift)","Essilor and Subsidiaries","United States","","$17 - $22 (hourly)",jobspy_indeed,https://www.indeed.com/viewjob?jk=17f075326f38f06e,"","2026-04-29"
0,"","Distribution Associate - Small Pack (2nd Shift)","CooperCompanies","United States","","",jobspy_indeed,https://www.indeed.com/viewjob?jk=93d187fdf5d6b13c,"","2026-04-29"
0,"","Distribution Associate - QIC (3rd Shift)","CooperCompanies","United States","","",jobspy_indeed,https://www.indeed.com/viewjob?jk=c63051fd6c94ffa3,"","2026-04-29"
0,"","Materials Coordinator","DHL","United States","","",jobspy_indeed,https://www.indeed.com/viewjob?jk=9da25394816264fd,"","2026-04-28"
0,"","Yard Coordinator","Mountainland Supply Company","United States","","$18 - $24 (hourly)",jobspy_indeed,https://www.indeed.com/viewjob?jk=c25f7d5089838303,"","2026-04-28"
0,"","Warehouse Coordinator - 1st Shift- 7:00am - 3:30pm - Monday - Friday","Allen Distribution","United States","","",jobspy_indeed,https://www.indeed.com/viewjob?jk=c81de2e1a3a3494d,"","2026-04-28"
0,"","Senior Director, Capture Proposal Excellence","TTM Technologies","United States","","",jobspy_indeed,https://www.indeed.com/viewjob?jk=e81ffef379b2fc65,"","2026-04-28"
0,"","Mechanical Engineer","MM Solutions","United States","","$34 - $38 (hourly)",jobspy_indeed,https://www.indeed.com/viewjob?jk=f0d6f915d1d86a45,"","2026-04-28"
0,"","Local Construction Coordinator","Van Meter Inc","United States","","",jobspy_indeed,https://www.indeed.com/viewjob?jk=bfebed05b14d6c65,"","2026-04-28"
0,"","Supervisor, Supply Chain 1st shift","Lassonde","United States","","$77,962 - $107,942 (yearly)",jobspy_indeed,https://www.indeed.com/viewjob?jk=eefd40b5af7dd4f7,"","2026-04-27"
0,"","Install Coordinator","SafelyYou","United States","","",jobspy_indeed,https://www.indeed.com/viewjob?jk=2f7f10ed4696ed47,"","2026-04-27"
0,"","Shipping Coordinator - 2nd Shift","Eaton","United States","","",jobspy_indeed,https://www.indeed.com/viewjob?jk=337520ca0e1ab446,"","2026-04-27"
0,"","Warehouse Coordinator II","Levi Strauss","United States","","",jobspy_indeed,https://www.indeed.com/viewjob?jk=8fd088ad966d8de2,"","2026-04-27"
0,"","Technical Project Coordinator","Amphenol","United States","","",jobspy_indeed,https://www.indeed.com/viewjob?jk=bc63929268f3f3f6,"","2026-04-27"
0,"","Distribution Material Handler","Owens Corning","United States","","",jobspy_indeed,https://www.indeed.com/viewjob?jk=11f1ca61d1de86ad,"","2026-04-27"
0,"","Low Voltage Foreman","Pierson Wireless","United States","","",jobspy_indeed,https://www.indeed.com/viewjob?jk=3d2f9c281d34fe14,"","2026-04-27"
0,"","OTT Test Engineer","Inabia Software & Consulting Inc.","New York, New York","","$43 - $53 (hourly)",jobspy_indeed,https://www.indeed.com/viewjob?jk=96bb39a9045a9076,"","2026-04-29"
0,"","Sr. Software Engineer","NBCUniversal","New York, New York","","$120,000 - $170,000 (yearly)",jobspy_indeed,https://www.indeed.com/viewjob?jk=a7511ba976ccd562,"","2026-04-29"
0,"","Senior System Software Engineer - Video","NVIDIA","San Francisco, California","","$184,000 - $356,500 (yearly)",jobspy_indeed,https://www.indeed.com/viewjob?jk=d77e8d36b2c7871e,"","2026-04-27"
0,"","Senior Software Engineer - Video","Roblox","San Francisco, California","","$243,290 - $295,250 (yearly)",jobspy_indeed,https://www.indeed.com/viewjob?jk=177ec1bf27d6849b,"","2026-04-27"
0,"","Product Manager, YouTube Shorts on TV","Youtube","San Francisco, California","","$163,000 - $237,000 (yearly)",jobspy_indeed,https://www.indeed.com/viewjob?jk=433d258538f45438,"","2026-04-24"
0,"","C++ Software Engineer, Amazon Music, App Foundry","Amazon.com","San Francisco, California","","$165,200 - $223,600 (yearly)",jobspy_indeed,https://www.indeed.com/viewjob?jk=67e014b1f73b67cc,"","2026-04-22"
0,"","Senior Design Technologist, Prime Video","Amazon.com","San Francisco, California","","$154,200 - $239,900 (yearly)",jobspy_indeed,https://www.indeed.com/viewjob?jk=091139e681f6980c,"","2025-11-24"
0,"","Staff Enterprise Application Engineer","GE Vernova","Seattle, Washington","","",jobspy_indeed,https://www.indeed.com/viewjob?jk=9574215835ffb31c,"","2026-04-27"
0,"","Member of Technical Staff - Media","Xai","Seattle, Washington","","$180,000 - $440,000 (yearly)",jobspy_indeed,https://www.indeed.com/viewjob?jk=88213e3b2c1f8c7f,"","2026-04-23"
0,"","Principal Product Manager - Tech, Viewer Experience, Prime Video Global App Experience","Amazon.com","Seattle, Washington","","$179,900 - $243,400 (yearly)",jobspy_indeed,https://www.indeed.com/viewjob?jk=7f02ede773fd9560,"","2026-02-05"
0,"","Senior Design Technologist, Prime Video","Amazon.com","Seattle, Washington","","$154,200 - $239,900 (yearly)",jobspy_indeed,https://www.indeed.com/viewjob?jk=70967a4ea044687b,"","2025-11-24"
0,"","Senior Mechanical Engineer","nan","Los Angeles, California","","$110,000 - $125,000 (yearly)",jobspy_indeed,https://www.indeed.com/viewjob?jk=44b860fa8f97ecd6,"","2026-04-28"
0,"","Senior Tracking Software Engineer, Space","Anduril","Los Angeles, California","","$191,000 - $253,000 (yearly)",jobspy_indeed,https://www.indeed.com/viewjob?jk=2a5988abd50a758f,"","2026-04-27"
0,"","Senior Software Engineer (Java) in Test","Paramount","Los Angeles, California","","$110,000 - $145,000 (yearly)",jobspy_indeed,https://www.indeed.com/viewjob?jk=06b6b6a5ce025320,"","2026-04-24"
0,"","Sr Streaming Media Operator","nan","Los Angeles, California","","$76,800 - $118,300 (yearly)",jobspy_indeed,https://www.indeed.com/viewjob?jk=8d70a0c21fd63937,"","2026-04-24"
0,"","Sr. Software Dev Engineer, Production and Post Production Technology","Amazon.com","Los Angeles, California","","$168,100 - $227,400 (yearly)",jobspy_indeed,https://www.indeed.com/viewjob?jk=4ef26199ab161458,"","2026-04-13"
0,"","Human Centered Design Strategist","TriTech Enterprise Systems, Inc.","Washington, DC","","",jobspy_indeed,https://www.indeed.com/viewjob?jk=e52492326a9c7a1c,"","2026-04-29"
0,"","Human Centered Design Strategists","Matrix Systems & Technologies","Washington, DC","","$85,000 - $100,000 (yearly)",jobspy_indeed,https://www.indeed.com/viewjob?jk=983370f34a1ebeef,"","2026-04-29"
0,"","Senior Human-Centered Design (HCD) Strategist– Baltimore, MD","Creative Information Technology India","Washington, DC","","",jobspy_indeed,https://www.indeed.com/viewjob?jk=4530254dc0279427,"","2026-04-28"
0,"","Senior Engineer","Native American Technology Corporation","Washington, DC","","",jobspy_indeed,https://www.indeed.com/viewjob?jk=693bd0a07b7120fc,"","2026-04-24"
0,"","Embedded Engineer","Inabia Software & Consulting Inc.","United States","","$40 - $50 (hourly)",jobspy_indeed,https://www.indeed.com/viewjob?jk=9023259b3fa06358,"","2026-04-29"
0,"","Engineer, Telematics Accessories","Slate Auto","United States","","",jobspy_indeed,https://www.indeed.com/viewjob?jk=3ddf857f13320369,"","2026-04-29"
0,"","Senior DSP Engineer","Alethia Software Solutions","United States","","$125,511 - $180,067 (yearly)",jobspy_indeed,https://www.indeed.com/viewjob?jk=e040c9d2f2283a08,"","2026-04-29"
0,"","Senior Low Voltage Foreman","Topaz HR Advisory","New York, New York","","$40 - $50 (hourly)",jobspy_indeed,https://www.indeed.com/viewjob?jk=76ad8bc6357a953c,"","2026-04-27"
0,"","Associate Field Service Technician","Network Right","San Francisco, California","","$55,000 - $65,000 (yearly)",jobspy_indeed,https://www.indeed.com/viewjob?jk=af4e4af0491790b7,"","2026-04-28"
0,"","Low Voltage Cabling Foreman","Total Systems and Communications","Washington, DC","","$23 - $37 (hourly)",jobspy_indeed,https://www.indeed.com/viewjob?jk=a64dab4c58371192,"","2026-04-24"
0,"","Audio Visual Lead Technician","Focus Audio Visual","United States","","$25 - $35 (hourly)",jobspy_indeed,https://www.indeed.com/viewjob?jk=aed8f803d9cbafc2,"","2026-04-29"
0,"","Installer","Instrata Technologies, LLC.","United States","","",jobspy_indeed,https://www.indeed.com/viewjob?jk=1452ea2bb2e1d43a,"","2026-04-28"
0,"","Sr Account Manager - Pro AV","ADI Global Distribution","United States","","$65,173 - $110,971 (yearly)",jobspy_indeed,https://www.indeed.com/viewjob?jk=3945f3f2b3ee752d,"","2026-04-28"
0,"","Experienced Installer (TVs, Alarms, Cameras, Wi-Fi) 3+ years experience required","Planet Secure","United States","","$25 - $30 (hourly)",jobspy_indeed,https://www.indeed.com/viewjob?jk=a99ac1b142770b65,"","2026-04-28"
0,"","Level 3 Installer: Lead AV Systems Integrator","Audio Video Experts","United States","","$32 - $40 (hourly)",jobspy_indeed,https://www.indeed.com/viewjob?jk=88ebef6f565fc5d8,"","2026-04-28"
0,"","Level 1 Installer: AV Technician","Audio Video Experts","United States","","$20 - $25 (hourly)",jobspy_indeed,https://www.indeed.com/viewjob?jk=92149602ed0bd1ed,"","2026-04-28"
0,"","Level 2 Installer: Integrated Systems Technician","Audio Video Experts","United States","","$25 - $32 (hourly)",jobspy_indeed,https://www.indeed.com/viewjob?jk=8c2c665be76a1f3b,"","2026-04-28"
0,"","Home Theater Installer","Summit Sound & Security, Ltd.","United States","","$18 - $35 (hourly)",jobspy_indeed,https://www.indeed.com/viewjob?jk=1b3d60cdbd7be747,"","2026-04-28"
0,"","Project Coordinator","Visual Sound Inc","United States","","",jobspy_indeed,https://www.indeed.com/viewjob?jk=a49de7274562726e,"","2026-04-27"
0,"","Audio Video Technician/Installer","Taiv","United States","","$22 - $32 (hourly)",jobspy_indeed,https://www.indeed.com/viewjob?jk=d9f85786e844b0a7,"","2026-04-27"
0,"","Lead Technician – Residential Smart Home Integration","BRAVAS | Home Experience Design","United States","","$36 - $42 (hourly)",jobspy_indeed,https://www.indeed.com/viewjob?jk=a694836b4d35f26d,"","2026-04-24"
0,"","Lead Technician – Residential Smart Home Integration","Bravas","United States","","",jobspy_indeed,https://www.indeed.com/viewjob?jk=06e04b85322ba06a,"","2026-04-24"
0,"","Journeyman Electrician / Low-Volt Technician","Entertainment Technology Inc.","United States","","$19 - $24 (hourly)",jobspy_indeed,https://www.indeed.com/viewjob?jk=ad0b8746b647b5d9,"","2026-04-24"
0,"","AV Installation Tech","UnifiedCommunications.com","United States","","",jobspy_indeed,https://www.indeed.com/viewjob?jk=6a847d87e1325fa4,"","2026-04-23"
0,"","AV Integration Engineer","UnifiedCommunications.com","United States","","",jobspy_indeed,https://www.indeed.com/viewjob?jk=f1f69c97565640d0,"","2026-04-23"
0,"","AV Support Technician","UnifiedCommunications.com","United States","","",jobspy_indeed,https://www.indeed.com/viewjob?jk=b4232f76710163da,"","2026-04-23"
0,"","Structured Cabling Installer","CS Erickson","United States","","",jobspy_indeed,https://www.indeed.com/viewjob?jk=a0d0130d10fe7809,"","2026-04-23"
0,"","Field Service Technician USA","A B Graphic International","Chicago, Illinois","","$60,000 - $90,000 (yearly)",jobspy_indeed,https://www.indeed.com/viewjob?jk=9685440bfb4058dd,"","2026-04-30"
0,"","Low Voltage Technician","Ozinga","Chicago, Illinois","","$44,380 - $50,000 (yearly)",jobspy_indeed,https://www.indeed.com/viewjob?jk=7e5eac494993eb01,"","2026-04-29"
0,"","Traveling Install Technician - CCTV & Access Control (Chicago)","Tec-Tel Communications","Chicago, Illinois","","$25 - $40 (hourly)",jobspy_indeed,https://www.indeed.com/viewjob?jk=15cd7e41fa2f99bd,"","2026-04-29"
0,"","Security Alarm Technician Level II","Active Security","Chicago, Illinois","","$24 - $30 (hourly)",jobspy_indeed,https://www.indeed.com/viewjob?jk=db7172bd0a53e170,"","2026-04-29"
0,"","Sr. Field Service Technician","SDI Presence","Chicago, Illinois","","$28 - $33 (hourly)",jobspy_indeed,https://www.indeed.com/viewjob?jk=b8633e982e54754e,"","2026-04-28"
0,"","Field Service Power Generation Technician","Cummins","Chicago, Illinois","","$34 - $39 (hourly)",jobspy_indeed,https://www.indeed.com/viewjob?jk=5c58926aed59789d,"","2026-04-28"
0,"","Locksmith","Waukegan Safe&Lock","Chicago, Illinois","","",jobspy_indeed,https://www.indeed.com/viewjob?jk=352ac1dd265c4c1e,"","2026-04-28"
0,"","Technician I - Alarm System Test & Inspect","Chicago Metropolitan Fire Prevention Company","Chicago, Illinois","","$19 - $21 (hourly)",jobspy_indeed,https://www.indeed.com/viewjob?jk=33b05eeefdaebadc,"","2026-04-28"
0,"","Maintenance Technician","Hunter Search Group","Chicago, Illinois","","$31 - $36 (hourly)",jobspy_indeed,https://www.indeed.com/viewjob?jk=c156b768ddc4179b,"","2026-04-24"
0,"","Alarm Service Technician","Brinks Home","Chicago, Illinois","","",jobspy_indeed,https://www.indeed.com/viewjob?jk=1b8389d30c371ee9,"","2026-04-23"
0,"","Low Voltage Technician","Per Mar Security Services","Chicago, Illinois","","$20 - $35 (hourly)",jobspy_indeed,https://www.indeed.com/viewjob?jk=b4115fa85688ef3c,"","2026-04-23"
0,"","Field Control Systems Technician","AB Graphic International","Chicago, Illinois","","$70,000 - $90,000 (yearly)",jobspy_indeed,https://www.indeed.com/viewjob?jk=33be6f5a91fbf50f,"","2026-04-23"
0,"","Structured Cabling Technician","Quick Copper Technologies","New York, New York","","$50,000 - $65,000 (yearly)",jobspy_indeed,https://www.indeed.com/viewjob?jk=5d4563595c8a0d9a,"","2026-04-30"
0,"","HVAC Technician, Installer, Jr. Mechanic & Helper","Blue Sky Mechanical Inc.","New York, New York","","$25 - $50 (hourly)",jobspy_indeed,https://www.indeed.com/viewjob?jk=bf06d6c7fd92a73a,"","2026-04-29"
0,"","Low Voltage Technician","Younity","New York, New York","","$90,000 - $145,000 (yearly)",jobspy_indeed,https://www.indeed.com/viewjob?jk=6f184913d3fdb60d,"","2026-04-29"
0,"","Low Voltage Technician/Installer","Distinctive Voice and Data LLC","New York, New York","","$20 - $30 (hourly)",jobspy_indeed,https://www.indeed.com/viewjob?jk=f0062bd9d137c084,"","2026-04-29"
0,"","Electrical/plumbing residential homes","BBB HVAC","New York, New York","","$29 - $45 (hourly)",jobspy_indeed,https://www.indeed.com/viewjob?jk=85bd519a1b6790ad,"","2026-04-29"
0,"","Mechanical Installation Field Supervisor","Parkplus","New York, New York","","$45 - $50 (hourly)",jobspy_indeed,https://www.indeed.com/viewjob?jk=7b701081e3799432,"","2026-04-29"
0,"","Low Voltage Technician","EquipmentShare","New York, New York","","$20 - $30 (hourly)",jobspy_indeed,https://www.indeed.com/viewjob?jk=0a10a2fe90f685b5,"","2026-04-28"
0,"","GE Service Engineer","Cardiac Imaging, Inc.","New York, New York","","$110,000 - $120,000 (yearly)",jobspy_indeed,https://www.indeed.com/viewjob?jk=b96730c8fa2d62ed,"","2026-04-28"
0,"","Field Technician - Electrical","TAMA TECHNOLOGIES","New York, New York","","$18 - $45 (hourly)",jobspy_indeed,https://www.indeed.com/viewjob?jk=badd516c52b9638f,"","2026-04-27"
0,"","Metering Technician","Veolia","New York, New York","","$29 - $33 (hourly)",jobspy_indeed,https://www.indeed.com/viewjob?jk=7a0997b8fe4c04f7,"","2026-04-27"
0,"","Cable Technician Contractor","nan","New York, New York","","$1,200 - $2,500 (weekly)",jobspy_indeed,https://www.indeed.com/viewjob?jk=5f84f41b999c9824,"","2026-04-27"
0,"","Low Voltage Technician","Sentry Communications & Security","New York, New York","","$28 - $35 (hourly)",jobspy_indeed,https://www.indeed.com/viewjob?jk=26ab7d9590615e28,"","2026-04-27"
0,"","Maintenance Technician, Now Hiring in Jersey City, NJ!","ESCFederal","New York, New York","","",jobspy_indeed,https://www.indeed.com/viewjob?jk=815620bbe04dc741,"","2026-04-25"
0,"","Maintenance Tech III -The Edge at Main","EDGEWOOD PROPERTIES","New York, New York","","",jobspy_indeed,https://www.indeed.com/viewjob?jk=62b46e48989c68c2,"","2026-04-24"
0,"","Maintenance Tech III -Brookside Commons","EDGEWOOD PROPERTIES","New York, New York","","",jobspy_indeed,https://www.indeed.com/viewjob?jk=a070e15106d3dd46,"","2026-04-24"
0,"","Fire Alarm Technician","United Fire Protection Corporation","New York, New York","","$30 - $50 (hourly)",jobspy_indeed,https://www.indeed.com/viewjob?jk=9802d9e61f1212a8,"","2026-04-24"
0,"","Helpers & Technicians needed!","Atlantic","New York, New York","","$17 - $50 (hourly)",jobspy_indeed,https://www.indeed.com/viewjob?jk=73c8e37d08ea5f30,"","2026-04-23"
0,"","Field Service Technician -Training Provided (Low Voltage Preferred)","Dave's Lock Service","San Francisco, California","","$25 - $32 (hourly)",jobspy_indeed,https://www.indeed.com/viewjob?jk=612a11951fdac8f6,"","2026-04-29"
0,"","Senior Security Systems Install/Service Technician and Programmer","Microbiz Security Company","San Francisco, California","","$30 - $45 (hourly)",jobspy_indeed,https://www.indeed.com/viewjob?jk=a8859940a430b3cb,"","2026-04-28"
0,"","Preaction and Sprinkler Inspection Technician","HCI Systems","San Francisco, California","","$40 - $45 (hourly)",jobspy_indeed,https://www.indeed.com/viewjob?jk=b721c9bc5ddadb08,"","2026-04-27"
0,"","Electronics Technician","Sorrento Networks Inc.","San Francisco, California","","",jobspy_indeed,https://www.indeed.com/viewjob?jk=655ba256c170e9cc,"","2026-04-27"
0,"","Fire Alarm / Access Control / Burglary & Security Technician","Access Cabling","San Francisco, California","","$30 - $40 (hourly)",jobspy_indeed,https://www.indeed.com/viewjob?jk=3a8d3cbe5068f83b,"","2026-04-24"
0,"","Maintenance Technician 2- Bay Area Racks","Nordstrom","San Francisco, California","","$25 - $43 (hourly)",jobspy_indeed,https://www.indeed.com/viewjob?jk=4a21bca42e51b266,"","2026-04-17"
0,"","Maintenance Technician 3 - Broadway Plaza","Nordstrom","San Francisco, California","","$33 - $54 (hourly)",jobspy_indeed,https://www.indeed.com/viewjob?jk=1b2bc0664a7caad5,"","2026-04-10"
0,"","HVAC Installer","Elevation Heating & Cooling","Seattle, Washington","","$25 - $40 (hourly)",jobspy_indeed,https://www.indeed.com/viewjob?jk=2b7e505f114b7ac6,"","2026-04-29"
0,"","HVAC Install Helpers","South West Plumbing, Heating, Air & Electric","Seattle, Washington","","$22 - $25 (hourly)",jobspy_indeed,https://www.indeed.com/viewjob?jk=36bc3df0776af8dc,"","2026-04-29"
0,"","Traveling Electronic Security Systems Technician","Evergreen Fire & Security","Seattle, Washington","","$30 - $45 (hourly)",jobspy_indeed,https://www.indeed.com/viewjob?jk=f0a7f0f833bc2f5f,"","2026-04-28"
0,"","Maintenance Supervisor","PINNACLE INTERNATIONAL","Seattle, Washington","","",jobspy_indeed,https://www.indeed.com/viewjob?jk=5c7e3454a9b47ea4,"","2026-04-27"
0,"","Low Voltage Service Technician","Wachter","Seattle, Washington","","$25 - $30 (hourly)",jobspy_indeed,https://www.indeed.com/viewjob?jk=ec32e08ed1fce555,"","2026-04-24"
0,"","Utility Technician - Plant Operations","Providence","Seattle, Washington","","$46 - $58 (hourly)",jobspy_indeed,https://www.indeed.com/viewjob?jk=d7b0612d6fc31693,"","2026-04-23"
0,"","Maintenance Technician - Day Shift","GXO Logistics","Seattle, Washington","","",jobspy_indeed,https://www.indeed.com/viewjob?jk=36e2c1cda5c9f052,"","2026-04-23"
0,"","Low Voltage Technician","KCI Telecommunication","Seattle, Washington","","$30 - $40 (hourly)",jobspy_indeed,https://www.indeed.com/viewjob?jk=d077e0c0bf2304f7,"","2026-04-21"
0,"","Security Low Voltage Technician","The General Hospital Corporation","Boston, Massachusetts","","$31 - $47 (hourly)",jobspy_indeed,https://www.indeed.com/viewjob?jk=a85141396e2be51b,"","2026-04-30"
0,"","Maintenance Technician III","Highline Warren","Boston, Massachusetts","","",jobspy_indeed,https://www.indeed.com/viewjob?jk=4d46c0717635bbb5,"","2026-04-29"
0,"","Facilities Technician","Alcami","Boston, Massachusetts","","$21 - $25 (hourly)",jobspy_indeed,https://www.indeed.com/viewjob?jk=496d573efffa6eed,"","2026-04-28"
0,"","Security Service Technician","Pavion","Boston, Massachusetts","","",jobspy_indeed,https://www.indeed.com/viewjob?jk=4185dae2bbb04fab,"","2026-04-28"
0,"","Security Installation Technician II","Allied Universal Technology Services","Boston, Massachusetts","","$38 - $42 (hourly)",jobspy_indeed,https://www.indeed.com/viewjob?jk=fedaed812050fdb1,"","2026-04-27"
0,"","Security Installation Technician III","Allied Universal Technology Services","Boston, Massachusetts","","$42 - $50 (hourly)",jobspy_indeed,https://www.indeed.com/viewjob?jk=90ed0152886a6036,"","2026-04-27"
0,"","Cable Technician","North Cable USA","Boston, Massachusetts","","$2,300 - $3,700 (weekly)",jobspy_indeed,https://www.indeed.com/viewjob?jk=0b5de22bf5eba325,"","2026-04-27"
0,"","Field Service Technician - South Carolina","Merck KGaA","Boston, Massachusetts","","$29 - $45 (hourly)",jobspy_indeed,https://www.indeed.com/viewjob?jk=a974a2e13e4f27b1,"","2026-04-24"
0,"","Field Service Technician","Rizonet Consulting","Boston, Massachusetts","","",jobspy_indeed,https://www.indeed.com/viewjob?jk=0fe93aeb27e2aab1,"","2026-04-23"
0,"","Industrial Maintenance Technician","Casella Waste Systems, Inc.","Boston, Massachusetts","","$26 - $50 (hourly)",jobspy_indeed,https://www.indeed.com/viewjob?jk=d1e12b5edba56440,"","2026-04-23"
0,"","Manufacturing Maintenance Manager","People's California","Los Angeles, California","","$100,000 - $135,000 (yearly)",jobspy_indeed,https://www.indeed.com/viewjob?jk=4a91144b7ccfcf70,"","2026-04-30"
0,"","Field Service Technician (Access Control) Los Angeles Metro Area","Parabit Systems","Los Angeles, California","","$25 - $33 (hourly)",jobspy_indeed,https://www.indeed.com/viewjob?jk=02a34b4e13203e5b,"","2026-04-30"
0,"","Service Technician I","nan","Los Angeles, California","","$32 - $45 (hourly)",jobspy_indeed,https://www.indeed.com/viewjob?jk=d214e1646126ff30,"","2026-04-29"
0,"","Fire Systems Inspector Level II","Fortis Fire & Safety","Los Angeles, California","","$28 - $30 (hourly)",jobspy_indeed,https://www.indeed.com/viewjob?jk=f2008d5dcb84d16d,"","2026-04-29"
0,"","Access Control and CCTV Technician/Installer","Crimson IT","Los Angeles, California","","$45,000 - $55,000 (yearly)",jobspy_indeed,https://www.indeed.com/viewjob?jk=81fd87e5d40d56df,"","2026-04-28"
0,"","Field Avionics Technician IV","General Atomics","Los Angeles, California","","$87,070 - $132,963 (yearly)",jobspy_indeed,https://www.indeed.com/viewjob?jk=24f1158cdb0d97c3,"","2026-04-28"
0,"","Lead Low Voltage Technician","Endless Communications","Los Angeles, California","","$30 - $35 (hourly)",jobspy_indeed,https://www.indeed.com/viewjob?jk=1e649dc65576e6b7,"","2026-04-28"
0,"","Security Installer/Technician","Superior Alarm Systems","Los Angeles, California","","",jobspy_indeed,https://www.indeed.com/viewjob?jk=b5e0b72b7c9d4133,"","2026-04-27"
0,"","Fire Life Safety Installer/Technician","Superior Alarm Systems","Los Angeles, California","","",jobspy_indeed,https://www.indeed.com/viewjob?jk=de88089204455f7f,"","2026-04-27"
0,"","Service Technician","AUTOMATED GATE SERVICES","Los Angeles, California","","",jobspy_indeed,https://www.indeed.com/viewjob?jk=a7b6d98ed16acaf5,"","2026-04-25"
0,"","Security Alarm Technician","nan","Los Angeles, California","","$23 - $27 (hourly)",jobspy_indeed,https://www.indeed.com/viewjob?jk=a30e62cb8da362a1,"","2026-04-24"
0,"","Security Senior Service Technician","Allied Universal Technology Services","Los Angeles, California","","$35 - $45 (hourly)",jobspy_indeed,https://www.indeed.com/viewjob?jk=bdd4dc187f78110d,"","2026-04-24"
0,"","Maintenance Technician Supervisor","Hyatt","Los Angeles, California","","$23 - $25 (hourly)",jobspy_indeed,https://www.indeed.com/viewjob?jk=b40730c89d5c665b,"","2026-04-24"
0,"","Fire Alarm / Access Control / Burglary & Security Technician","Access Cabling","Los Angeles, California","","$30 - $40 (hourly)",jobspy_indeed,https://www.indeed.com/viewjob?jk=15db43ad7a3ad539,"","2026-04-24"
0,"","Low Voltage Technician/helper","Sprxntz LLC","Los Angeles, California","","$23 - $26 (hourly)",jobspy_indeed,https://www.indeed.com/viewjob?jk=2f46cf12773202c5,"","2026-04-24"
0,"","Maintenance Technician","Advanced Ground Systems Engineering","Los Angeles, California","","$30 - $35 (hourly)",jobspy_indeed,https://www.indeed.com/viewjob?jk=3ee92ce27f1996e3,"","2026-04-24"
0,"","Factory Systems Maintenance Lead (Mechatronics)","nan","Los Angeles, California","","$30 - $40 (hourly)",jobspy_indeed,https://www.indeed.com/viewjob?jk=8cb30c5766c32065,"","2026-04-23"
0,"","Low Voltage Lead Technician","Pacific Coast Cabling","Los Angeles, California","","$25 - $35 (hourly)",jobspy_indeed,https://www.indeed.com/viewjob?jk=2e5147ab7c72f985,"","2026-04-23"
0,"","Controls Technician, Data Center Capacity Delivery","Amazon.com","Washington, DC","","$32 - $57 (hourly)",jobspy_indeed,https://www.indeed.com/viewjob?jk=36ced7edbdd6aae5,"","2026-03-13"
0,"","Security Alarm / AV Technician","Arqai","United States","","$30 - $35 (hourly)",jobspy_indeed,https://www.indeed.com/viewjob?jk=55ad0817306e91d2,"","2026-04-30"
0,"","POS Restaurant Technician (Must have 2+ year of POS Restaurant)","Piper Tech","United States","","$21 - $25 (hourly)",jobspy_indeed,https://www.indeed.com/viewjob?jk=f2c0383d9cce2412,"","2026-04-30"
0,"","On-Site Fire Protection Technician - Mining","HILLER COMPANIES","United States","","",jobspy_indeed,https://www.indeed.com/viewjob?jk=99db253807f38e4f,"","2026-04-30"
0,"","FIRE ALARM INSPECTOR","Morristown Automatic Sprinkler Company","United States","","",jobspy_indeed,https://www.indeed.com/viewjob?jk=af75a52ba85e25bd,"","2026-04-30"
0,"","Lead & Entry Level Low Voltage Technician","Cabling Solutions Inc.","United States","","$20 - $35 (hourly)",jobspy_indeed,https://www.indeed.com/viewjob?jk=3ec8574dd4418764,"","2026-04-30"
0,"","Fire Technician","Total Safety","United States","","$22 - $29 (hourly)",jobspy_indeed,https://www.indeed.com/viewjob?jk=ca302581cbf40b08,"","2026-04-30"
0,"","Senior Fire Alarm Service Technician","Denver Fire Alarm","United States","","$27 - $32 (hourly)",jobspy_indeed,https://www.indeed.com/viewjob?jk=bcc958199fee1833,"","2026-04-30"
0,"","Installation Tech - Upfit","MacQueen","United States","","$20 - $31 (hourly)",jobspy_indeed,https://www.indeed.com/viewjob?jk=439a979db371e5e1,"","2026-04-30"
0,"","Cinema Projection Systems Engineer","Deluxe Media","Los Angeles, California","","",jobspy_indeed,https://www.indeed.com/viewjob?jk=4d01400f4e0ed9a1,"","2026-04-28"
0,"","Sales Engineer, Public Safety & Defense","Vitec Videocom","Los Angeles, California","","$100,000 - $120,000 (monthly)",jobspy_indeed,https://www.indeed.com/viewjob?jk=2a8b3c9d62398e47,"","2026-04-27"
0,"","Onsite Transportation Monitoring Operator/Call Center","AECOM","Washington, DC","","",jobspy_indeed,https://www.indeed.com/viewjob?jk=940a895e60f96702,"","2026-04-30"
0,"","Traffic Monitoring Operator - Virginia Beach","AECOM","United States","","",jobspy_indeed,https://www.indeed.com/viewjob?jk=886816c2160cd86c,"","2026-04-29"
0,"","Regional Broadcast Engineer","iHeartMedia","United States","","$32 - $41 (hourly)",jobspy_indeed,https://www.indeed.com/viewjob?jk=7eb8390e6652d4c3,"","2026-04-28"
0,"","MICR Engineer - Big Ten Network","Fox Corporation","United States","","$74,000 - $90,000 (yearly)",jobspy_indeed,https://www.indeed.com/viewjob?jk=8fd02da59e7cd877,"","2026-04-28"
0,"","Engineer","State of Ohio","United States","","",jobspy_indeed,https://www.indeed.com/viewjob?jk=53cfe0a0ae97e35e,"","2026-04-28"
0,"","Broadcast/World Feed Production Engineering Associate (External Agency)","National Football League","United States","","$2,500 - $4,000 (monthly)",jobspy_indeed,https://www.indeed.com/viewjob?jk=16fed763a9d28b6a,"","2026-04-28"
0,"","Audio Video Engineer","Zen Community Outreach","United States","","$23 - $27 (hourly)",jobspy_indeed,https://www.indeed.com/viewjob?jk=332de8cfe40e2202,"","2026-04-28"
0,"","Electrical Engineer, Junior","KAIROS, Inc.","United States","","$68,000 - $85,000 (yearly)",jobspy_indeed,https://www.indeed.com/viewjob?jk=833fdadcfd464288,"","2026-04-28"
0,"","Legal Engineer, Chicago","HARVEY","Chicago, Illinois","","$270,000 - $320,000 (yearly)",jobspy_indeed,https://www.indeed.com/viewjob?jk=2642bd2255191459,"","2026-04-30"
0,"","Mid Market Sales Manager, Chicago","HARVEY","Chicago, Illinois","","$340,000 - $475,000 (yearly)",jobspy_indeed,https://www.indeed.com/viewjob?jk=a6ce5b3dd9e77a42,"","2026-04-30"
0,"","Commercial Counsel, Chicago","HARVEY","Chicago, Illinois","","$200,000 - $270,000 (yearly)",jobspy_indeed,https://www.indeed.com/viewjob?jk=eaa3fa38f4d77ca2,"","2026-04-30"
0,"","Legal Engineer - Product Specialist, Chicago","HARVEY","Chicago, Illinois","","$210,000 - $240,000 (yearly)",jobspy_indeed,https://www.indeed.com/viewjob?jk=c03d29fa1191c7dd,"","2026-04-30"
0,"","[UNION] Operating Engineer","Cushman & Wakefield","Chicago, Illinois","","$42 - $49 (hourly)",jobspy_indeed,https://www.indeed.com/viewjob?jk=309247e3cc85c432,"","2026-04-30"
0,"","Data Engineer","Cushman & Wakefield","Chicago, Illinois","","$114,750 - $135,000 (yearly)",jobspy_indeed,https://www.indeed.com/viewjob?jk=50c8fd04a6331b7e,"","2026-04-30"
0,"","AI Engineer Lead","Allstate Insurance","Chicago, Illinois","","$151,700 - $221,675 (yearly)",jobspy_indeed,https://www.indeed.com/viewjob?jk=7655ef1811ad45d7,"","2026-04-30"
0,"","Applications Engineer","Herrmann Ultrasonics Inc","Chicago, Illinois","","",jobspy_indeed,https://www.indeed.com/viewjob?jk=62050576d18538dd,"","2026-04-30"
0,"","Estimator","41 North Contractors, LLC","Chicago, Illinois","","$100,000 - $135,000 (yearly)",jobspy_indeed,https://www.indeed.com/viewjob?jk=68f7b71a99d28c4b,"","2026-04-30"
0,"","Engineering Project Manager","Motorola Solutions","Chicago, Illinois","","$98,100 - $156,200 (yearly)",jobspy_indeed,https://www.indeed.com/viewjob?jk=6f3e59cb250c47df,"","2026-04-29"
0,"","Engineer I - Manufacturing","Cadrex Manufacturing Solutions","Chicago, Illinois","","$70,000 - $86,000 (yearly)",jobspy_indeed,https://www.indeed.com/viewjob?jk=0e3096a54ca0e248,"","2026-04-29"
0,"","Hotel Chief Engineer","The Forester Hotel, a Hyatt Place Hotel","Chicago, Illinois","","$67,000 - $73,000 (yearly)",jobspy_indeed,https://www.indeed.com/viewjob?jk=83b38fbf19194cdc,"","2026-04-29"
0,"","Software Quality Assurance Analyst","Belvedere Trading","Chicago, Illinois","","$70,000 - $100,000 (yearly)",jobspy_indeed,https://www.indeed.com/viewjob?jk=4927872d0a81af9f,"","2026-04-29"
0,"","Service and Controls Technician","Power House Tool Inc","Chicago, Illinois","","$60,000 - $100,000 (yearly)",jobspy_indeed,https://www.indeed.com/viewjob?jk=85d47f7029d01f2e,"","2026-04-29"
0,"","Senior Office Administrator","Landmarc Environmental Systems","Chicago, Illinois","","$60,000 - $80,000 (yearly)",jobspy_indeed,https://www.indeed.com/viewjob?jk=101064f6bb863c68,"","2026-04-28"
0,"","Structural Engineer Intern","Thornton Tomasetti","Chicago, Illinois","","$25 - $35 (hourly)",jobspy_indeed,https://www.indeed.com/viewjob?jk=6577c6c3491adfee,"","2026-04-28"
0,"","Process Engineer","The Visual Pak Companies","Chicago, Illinois","","$28 - $43 (hourly)",jobspy_indeed,https://www.indeed.com/viewjob?jk=48e4d204b49a4d37,"","2026-04-28"
0,"","Mechanical Engineer","Snap-on","Chicago, Illinois","","$80,000 - $90,000 (yearly)",jobspy_indeed,https://www.indeed.com/viewjob?jk=ad93cd4bbc219afa,"","2026-04-28"
0,"","Project Manager I - Lisle","ISEC","Chicago, Illinois","","$91,724 - $115,758 (yearly)",jobspy_indeed,https://www.indeed.com/viewjob?jk=beb4aa9c65a5167b,"","2026-04-28"
0,"","Software Engineer II","McDonald's","Chicago, Illinois","","$104,482 - $130,602 (yearly)",jobspy_indeed,https://www.indeed.com/viewjob?jk=76e3170672b6a90f,"","2026-04-28"
0,"","Field Service Engineer 2","RSA LLC","Chicago, Illinois","","$110,000 - $120,000 (yearly)",jobspy_indeed,https://www.indeed.com/viewjob?jk=8d95b58f877fcff2,"","2026-04-28"
0,"","Telecommunications Engineer II","Endeavor Health","Chicago, Illinois","","$41 - $64 (hourly)",jobspy_indeed,https://www.indeed.com/viewjob?jk=00fd0903610eca96,"","2026-04-28"
0,"","Production Support Engineer","Beyond Finance","Chicago, Illinois","","$90,000 - $110,000 (yearly)",jobspy_indeed,https://www.indeed.com/viewjob?jk=4f0f922d0762af8a,"","2026-04-28"
0,"","Estimator","Clayco","Chicago, Illinois","","$80,000 - $90,000 (yearly)",jobspy_indeed,https://www.indeed.com/viewjob?jk=62e8df1813c372d7,"","2020-09-09"
0,"","Structural Engineer in Training","PVE, LLC","New York, New York","","$80,000 - $115,000 (yearly)",jobspy_indeed,https://www.indeed.com/viewjob?jk=f5304e42b47f221c,"","2026-04-30"
0,"","Software Engineer III - Full Stack","Rent the Runway","New York, New York","","$100,000 - $145,000 (yearly)",jobspy_indeed,https://www.indeed.com/viewjob?jk=5b883f71b8ebe7d3,"","2026-04-30"
0,"","Senior Construction Manager","Metropolitan Transportation Authority","New York, New York","","$105,575 - $131,969 (yearly)",jobspy_indeed,https://www.indeed.com/viewjob?jk=058e4390456ad696,"","2026-04-30"
0,"","Senior Copywriter","Back Market","New York, New York","","$130,000 - $160,000 (yearly)",jobspy_indeed,https://www.indeed.com/viewjob?jk=3242700925328234,"","2026-04-30"
0,"","iOS engineer","Rent the Runway","New York, New York","","$116,000 - $145,000 (yearly)",jobspy_indeed,https://www.indeed.com/viewjob?jk=f2655cc5b6594153,"","2026-04-30"
0,"","Lead Legal Engineer","Legora AB","New York, New York","","$285,000 - $372,000 (yearly)",jobspy_indeed,https://www.indeed.com/viewjob?jk=2700895754fd1f9c,"","2026-04-29"
0,"","Overnight Operations Manager","Extell","New York, New York","","$80,000 - $90,000 (yearly)",jobspy_indeed,https://www.indeed.com/viewjob?jk=ffb959b5b4829177,"","2026-04-29"
0,"","AWS Certified Welding Inspector","AEIS LLC","New York, New York","","$48 - $50 (hourly)",jobspy_indeed,https://www.indeed.com/viewjob?jk=b0a5abf107cbdb80,"","2026-04-29"
0,"","Staff Packaging Engineer","Kenvue","New York, New York","","$127,075 - $179,400 (yearly)",jobspy_indeed,https://www.indeed.com/viewjob?jk=34b2274c9b52fd78,"","2026-04-29"
0,"","Senior Corporate Legal Counsel","Solstice Health","New York, New York","","$230,000 - $270,000 (yearly)",jobspy_indeed,https://www.indeed.com/viewjob?jk=d998480c3202ae3c,"","2026-04-29"
0,"","Client Platform Engineer","Tapestry","New York, New York","","$145,000 - $160,000 (yearly)",jobspy_indeed,https://www.indeed.com/viewjob?jk=2ac96cd43af4e9f3,"","2026-04-29"
0,"","Information Security Analyst II","Datadog","New York, New York","","$123,000 - $157,000 (yearly)",jobspy_indeed,https://www.indeed.com/viewjob?jk=a99910efa58ade29,"","2026-04-29"
0,"","Senior Application Security Engineer","Datadog","New York, New York","","$187,000 - $240,000 (yearly)",jobspy_indeed,https://www.indeed.com/viewjob?jk=abb21ee6829feddf,"","2026-04-29"
0,"","Java/AWS Engineer","Fidelity TalentSource","New York, New York","","$70 - $100 (hourly)",jobspy_indeed,https://www.indeed.com/viewjob?jk=f9d820d6e842f77f,"","2026-04-29"
0,"","Distributed Systems Engineer 5 - Decisioning & Optimization","Netflix","New York, New York","","$388,000 - $619,000 (yearly)",jobspy_indeed,https://www.indeed.com/viewjob?jk=b69d31586b7b880c,"","2026-04-29"
0,"","GTS Service Technician I","Packaging Technologies & Inspection, LLC","New York, New York","","$60,000 - $80,000 (yearly)",jobspy_indeed,https://www.indeed.com/viewjob?jk=682ff178df45de8f,"","2026-04-29"
0,"","Security Engineer II - Vulnerability Lifecycle","Datadog","New York, New York","","$130,000 - $300,000 (yearly)",jobspy_indeed,https://www.indeed.com/viewjob?jk=02c190a9c80ac357,"","2026-04-29"
0,"","Plumbing Inspector","DEPARTMENT OF BUILDINGS","New York, New York","","$62,244 - $71,581 (yearly)",jobspy_indeed,https://www.indeed.com/viewjob?jk=f7098a73317e362a,"","2026-04-29"
0,"","IT Support Engineer I, Ops Tech Solutions (OTS)","Amazon.com","New York, New York","","$25 - $41 (hourly)",jobspy_indeed,https://www.indeed.com/viewjob?jk=dbdd2395431f32cf,"","2026-03-30"
0,"","AI Tutor, Rufus, Amazon Rufus","Amazon.com","New York, New York","","$19 - $33 (hourly)",jobspy_indeed,https://www.indeed.com/viewjob?jk=7f560f7575f18818,"","2026-03-03"
0,"","SAP Procure to Pay Functional, Amazon Leo","Amazon.com","New York, New York","","$129,200 - $174,800 (yearly)",jobspy_indeed,https://www.indeed.com/viewjob?jk=1571f3a77fdadf18,"","2026-02-23"
0,"","Sr. Principal Scientist, Secure Work Enablement","Amazon Web Services","New York, New York","","$240,100 - $350,000 (yearly)",jobspy_indeed,https://www.indeed.com/viewjob?jk=a49c880c2d88b9a1,"","2025-10-03"
0,"","Commercial Counsel","LaunchDarkly","San Francisco, California","","$116,000 - $187,000 (yearly)",jobspy_indeed,https://www.indeed.com/viewjob?jk=730ea89bf0515787,"","2026-04-30"
0,"","Software Engineering 5 - Ads Media Planning","Netflix","San Francisco, California","","$388,000 - $558,000 (yearly)",jobspy_indeed,https://www.indeed.com/viewjob?jk=a8ec15f11c0f29ae,"","2026-04-29"
0,"","Clinical Specialist, Pelvic Health - San Francisco","Medtronic","San Francisco, California","","$76,000 - $114,000 (yearly)",jobspy_indeed,https://www.indeed.com/viewjob?jk=cff63803e0549532,"","2026-04-29"
0,"","Senior Manufacturing Design Engineer","Peak Energy","San Francisco, California","","$125,000 - $185,000 (yearly)",jobspy_indeed,https://www.indeed.com/viewjob?jk=4461adcbd9dc48cf,"","2026-04-29"
0,"","Guidance, Navigation & Control (GNC)/Flight Dynamics Software Developer","Lawrence Livermore National Laboratory","San Francisco, California","","$146,340 - $222,564 (yearly)",jobspy_indeed,https://www.indeed.com/viewjob?jk=32f323713adc2616,"","2026-04-29"
0,"","Senior Robotics Engineer","Tata Consultancy Services (TCS)","San Francisco, California","","$90,000 - $150,000 (yearly)",jobspy_indeed,https://www.indeed.com/viewjob?jk=afa2bde86844deb8,"","2026-04-29"
0,"","Senior NPI Engineer – Electrical Engineering","Trackonomy","San Francisco, California","","",jobspy_indeed,https://www.indeed.com/viewjob?jk=fc5d69a1765a8fb2,"","2026-04-29"
0,"","Development Operations (DevOps) Engineer","Lawrence Livermore National Laboratory","San Francisco, California","","$99,648 - $222,564 (yearly)",jobspy_indeed,https://www.indeed.com/viewjob?jk=c3038491bdc42b94,"","2026-04-29"
0,"","ML Research Engineer - Research","Achira","San Francisco, California","","",jobspy_indeed,https://www.indeed.com/viewjob?jk=7a529cd38c607f89,"","2026-04-29"
0,"","Technical Sourcer, Software Engineering","Tesla","San Francisco, California","","$64,000 - $168,000 (yearly)",jobspy_indeed,https://www.indeed.com/viewjob?jk=732cd44ed177cd70,"","2026-04-29"
0,"","Technical Product Support (TPS) Engineer III","Applied Materials","San Francisco, California","","$92,000 - $126,500 (yearly)",jobspy_indeed,https://www.indeed.com/viewjob?jk=06656ebe1fad5980,"","2026-04-29"
0,"","3D Character Artist","2K Games","San Francisco, California","","$38 - $56 (hourly)",jobspy_indeed,https://www.indeed.com/viewjob?jk=bd97e665a21c3fa0,"","2026-04-29"
0,"","Test Engineering Intern","Lunar Energy","San Francisco, California","","$25 - $40 (hourly)",jobspy_indeed,https://www.indeed.com/viewjob?jk=526e3e9a480d55ea,"","2026-04-28"
0,"","Principal Software Engineer - Storage Cache","Roblox","San Francisco, California","","$295,250 - $345,040 (yearly)",jobspy_indeed,https://www.indeed.com/viewjob?jk=f19ab2787ced8390,"","2026-04-28"
0,"","Chief Engineer","ABM Industries Inc.","San Francisco, California","","",jobspy_indeed,https://www.indeed.com/viewjob?jk=eed6fb827ae1ecfc,"","2026-04-28"
0,"","Senior Front End Development Manager (FEDM) – On Prem","Prologis","San Francisco, California","","$157,000 - $216,000 (yearly)",jobspy_indeed,https://www.indeed.com/viewjob?jk=abc60e517b0b7187,"","2026-04-28"
0,"","Principal Firmware Engineer","Logitech","San Francisco, California","","$168,000 - $231,000 (yearly)",jobspy_indeed,https://www.indeed.com/viewjob?jk=0f2f83d1b1c75491,"","2026-04-28"
0,"","Assistant Engineer II - Instrumentation & Controls (Experienced)","HAZEN AND SAWYER","San Francisco, California","","$100,000 - $120,000 (yearly)",jobspy_indeed,https://www.indeed.com/viewjob?jk=826150cdcbc65d71,"","2026-04-28"
0,"","Lead Software Engineer, Middleware Reliability Engineering","Visa","San Francisco, California","","$192,300 - $307,600 (yearly)",jobspy_indeed,https://www.indeed.com/viewjob?jk=3a2f02d2fcb0a963,"","2026-04-28"
0,"","Wireless System Engineer Intern - Summer 2026","NXP Semiconductors","San Francisco, California","","$64,480 - $107,500 (yearly)",jobspy_indeed,https://www.indeed.com/viewjob?jk=400817db6d65e490,"","2026-04-28"
0,"","Robotics Software Engineer II","Multiply Labs","San Francisco, California","","$130,000 - $170,000 (yearly)",jobspy_indeed,https://www.indeed.com/viewjob?jk=54b59a83fb0b7fa3,"","2026-04-13"
0,"","Mechanical Engineer - Consumables","Multiply Labs","San Francisco, California","","$125,000 - $140,000 (yearly)",jobspy_indeed,https://www.indeed.com/viewjob?jk=23cd8e6ffda2cc72,"","2026-01-22"
0,"","GROUP LEAD - ELECTRICAL SYSTEMS","AeroTEC","Seattle, Washington","","$146,000 - $174,000 (yearly)",jobspy_indeed,https://www.indeed.com/viewjob?jk=85e6844b5f66ac2e,"","2026-04-29"
0,"","Digital Delivery Lead","PAE Consulting Engineers Inc.","Seattle, Washington","","$92,000 - $121,300 (yearly)",jobspy_indeed,https://www.indeed.com/viewjob?jk=17512459243ed736,"","2026-04-29"
0,"","GIS Analyst","Environmental Science Associates","Seattle, Washington","","$74,000 - $92,000 (yearly)",jobspy_indeed,https://www.indeed.com/viewjob?jk=65eba876a3d3c88b,"","2026-04-29"
0,"","Technical Recruiter (Redmond)","SpaceX","Seattle, Washington","","$80,000 - $115,000 (yearly)",jobspy_indeed,https://www.indeed.com/viewjob?jk=6580c3674498b601,"","2026-04-29"
0,"","Principal Systems Architect - Salesforce","T-Mobile","Seattle, Washington","","$123,800 - $223,300 (yearly)",jobspy_indeed,https://www.indeed.com/viewjob?jk=c2df2303eff99e79,"","2026-04-29"
0,"","Business Intel Engineer II, ORBIT","Amazon.com","Seattle, Washington","","$99,500 - $160,000 (yearly)",jobspy_indeed,https://www.indeed.com/viewjob?jk=c1f9fb126be0d84e,"","2026-04-08"
0,"","Sr. Electrical Controls Engineer, Data Center Engineering","Amazon Web Services","Seattle, Washington","","$136,600 - $184,800 (yearly)",jobspy_indeed,https://www.indeed.com/viewjob?jk=e629f5fced13a990,"","2026-03-27"
0,"","Corporate Counsel, Amazon Leo for Government, Legal","Amazon.com","Seattle, Washington","","$153,900 - $208,200 (yearly)",jobspy_indeed,https://www.indeed.com/viewjob?jk=dc4768c847ade1d3,"","2026-03-26"
0,"","Transmission System Manager, AWS Energy Team","Amazon.com","Seattle, Washington","","$92,400 - $160,000 (yearly)",jobspy_indeed,https://www.indeed.com/viewjob?jk=883a170254276cfd,"","2026-03-20"
0,"","Product Development Engineer - Automation, OneMHS","Amazon.com","Seattle, Washington","","$111,500 - $160,000 (yearly)",jobspy_indeed,https://www.indeed.com/viewjob?jk=dfb0045012e8ef8b,"","2026-03-08"
0,"","AI Tutor, Rufus, Amazon Rufus","Amazon.com","Seattle, Washington","","$19 - $33 (hourly)",jobspy_indeed,https://www.indeed.com/viewjob?jk=7e26d606f706e6e6,"","2026-03-03"
0,"","Principal Data Engineer, Intelligent Talent Acquisition","Amazon.com","Seattle, Washington","","$184,000 - $248,900 (yearly)",jobspy_indeed,https://www.indeed.com/viewjob?jk=61821af4006ad7b6,"","2026-02-17"
0,"","Sr. Principal Scientist, Secure Work Enablement","Amazon Web Services","Seattle, Washington","","$240,100 - $350,000 (yearly)",jobspy_indeed,https://www.indeed.com/viewjob?jk=3eef776438281ccd,"","2025-10-03"
0,"","Data Engineer","Cushman & Wakefield","Boston, Massachusetts","","$114,750 - $135,000 (yearly)",jobspy_indeed,https://www.indeed.com/viewjob?jk=0d1b80f557e20026,"","2026-04-30"
0,"","Mechanical Design Engineer","Formulatrix, Inc.","Boston, Massachusetts","","$80,000 - $110,000 (yearly)",jobspy_indeed,https://www.indeed.com/viewjob?jk=1503e7734feaf458,"","2026-04-30"
0,"","Forward Deployed Data Engineer","ZoomInfo","Boston, Massachusetts","","$171,500 - $269,500 (yearly)",jobspy_indeed,https://www.indeed.com/viewjob?jk=7ec8472cce09dc4a,"","2026-04-29"
0,"","Lead Network Engineer - Roxbury Community College","Roxbury Community College","Boston, Massachusetts","","$105,000 - $125,000 (yearly)",jobspy_indeed,https://www.indeed.com/viewjob?jk=0c12ce0554a63b6d,"","2026-04-29"
0,"","Systems Integration and Test Engineer","GeoLogics Corporation","Boston, Massachusetts","","",jobspy_indeed,https://www.indeed.com/viewjob?jk=9372829db5a2fa3f,"","2026-04-28"
0,"","Welder - Second Shift","Commonwealth Fusion Systems","Boston, Massachusetts","","$30 - $41 (hourly)",jobspy_indeed,https://www.indeed.com/viewjob?jk=d10100dd96f056fe,"","2026-04-28"
0,"","Quality Engineer","nan","Boston, Massachusetts","","",jobspy_indeed,https://www.indeed.com/viewjob?jk=5945601305cb50f8,"","2026-04-28"
0,"","Director, Strategic Finance","Formlabs","Boston, Massachusetts","","$155,000 - $185,000 (yearly)",jobspy_indeed,https://www.indeed.com/viewjob?jk=ad1013700d929b96,"","2026-04-28"
0,"","Utility Plant Operator (Electrician II)","Massachusetts College of Art and Design","Boston, Massachusetts","","",jobspy_indeed,https://www.indeed.com/viewjob?jk=5427daec14ad5799,"","2026-04-28"
0,"","Utility Plant Operator (Electrician II)","Commonwealth of Massachusetts","Boston, Massachusetts","","",jobspy_indeed,https://www.indeed.com/viewjob?jk=e5f6254965df7783,"","2026-04-28"
0,"","Microbiologist I","Commonwealth of Massachusetts","Boston, Massachusetts","","$69,138 - $100,652 (yearly)",jobspy_indeed,https://www.indeed.com/viewjob?jk=3752daacb3c69380,"","2026-04-28"
0,"","Sr. Scientist, AI/ML Biologics","Takeda Pharmaceuticals","Boston, Massachusetts","","$137,000 - $215,270 (yearly)",jobspy_indeed,https://www.indeed.com/viewjob?jk=ae4064859df00aa0,"","2026-04-28"
0,"","Senior Director, Manufacturing Project Manager","Elektrofi","Boston, Massachusetts","","$214,000 - $299,250 (yearly)",jobspy_indeed,https://www.indeed.com/viewjob?jk=b985e23ea5a2298d,"","2026-04-28"
0,"","Senior Civil Engineer","Harriman Associates","Boston, Massachusetts","","",jobspy_indeed,https://www.indeed.com/viewjob?jk=41d41055b08b8b68,"","2026-04-28"
0,"","SUE Manager","Colliers Engineering & Design","Boston, Massachusetts","","$110,400 - $162,610 (yearly)",jobspy_indeed,https://www.indeed.com/viewjob?jk=d49a80be0b3576e7,"","2026-04-27"
0,"","Analytics Engineer","nan","Boston, Massachusetts","","$145,000 - $190,000 (yearly)",jobspy_indeed,https://www.indeed.com/viewjob?jk=274402195fe3daf4,"","2026-04-27"
0,"","Senior Mechanical Engineer, RDPI","Amazon.com","Boston, Massachusetts","","$137,300 - $185,700 (yearly)",jobspy_indeed,https://www.indeed.com/viewjob?jk=fc187028bbc4965c,"","2026-04-07"
0,"","Product Development Engineer - Automation, OneMHS","Amazon.com","Boston, Massachusetts","","$111,500 - $160,000 (yearly)",jobspy_indeed,https://www.indeed.com/viewjob?jk=aa01c54438c1377b,"","2026-03-08"
0,"","Application Builder, Device Software Product Builders","Amazon.com","Boston, Massachusetts","","$143,700 - $194,400 (yearly)",jobspy_indeed,https://www.indeed.com/viewjob?jk=27f1ace2c328f8a9,"","2026-02-26"
0,"","Application Builder, Mobile Applications","Amazon.com","Boston, Massachusetts","","$143,700 - $194,400 (yearly)",jobspy_indeed,https://www.indeed.com/viewjob?jk=e9ccd28e8a357a09,"","2025-12-03"
0,"","Mobile Builder, Ring Software Product Builders","Amazon.com","Boston, Massachusetts","","$143,700 - $194,400 (yearly)",jobspy_indeed,https://www.indeed.com/viewjob?jk=5beadb69de548530,"","2025-10-10"
0,"","Licensed Civil Engineer - MUST HAVE A P.E. LICENSE","Macro-Z-Technology","Los Angeles, California","","$100,000 - $130,000 (yearly)",jobspy_indeed,https://www.indeed.com/viewjob?jk=4c39e34deda56f41,"","2026-04-30"
0,"","Principal Optical Systems Engineer","K2 Space","Los Angeles, California","","$190,000 - $280,000 (yearly)",jobspy_indeed,https://www.indeed.com/viewjob?jk=855ebe4428ff8750,"","2026-04-29"
0,"","Senior Product Quality Engineer","Epirus","Los Angeles, California","","$113,600 - $130,800 (yearly)",jobspy_indeed,https://www.indeed.com/viewjob?jk=696a933ffde249c5,"","2026-04-29"
0,"","Senior Solar Design Engineer","K2 Space","Los Angeles, California","","$140,000 - $175,000 (yearly)",jobspy_indeed,https://www.indeed.com/viewjob?jk=ad52d47679be13cf,"","2026-04-29"
0,"","Solar Design Engineer","K2 Space","Los Angeles, California","","$100,000 - $140,000 (yearly)",jobspy_indeed,https://www.indeed.com/viewjob?jk=bd234cb665c30931,"","2026-04-29"
0,"","Senior Engineering Technician, Welding & Fabrication","RADIANT INDUSTRIES","Los Angeles, California","","$45 - $61 (hourly)",jobspy_indeed,https://www.indeed.com/viewjob?jk=2a6a249943844a71,"","2026-04-28"
0,"","Dynamics Engineer","Vast","Los Angeles, California","","$85,000 - $240,100 (yearly)",jobspy_indeed,https://www.indeed.com/viewjob?jk=f17f5a7d6c0b5dd3,"","2026-04-28"
0,"","SENIOR ENGINEER (OPERATIONS ENGINEERING)","Los Angeles County Metropolitan Transportation Authority","Los Angeles, California","","$104,249 - $156,374 (yearly)",jobspy_indeed,https://www.indeed.com/viewjob?jk=a1add4e75ed2f382,"","2026-04-28"
0,"","Network Engineer","Fitness International, LLC","Los Angeles, California","","$37 - $44 (hourly)",jobspy_indeed,https://www.indeed.com/viewjob?jk=ff8e89cab54b9ab1,"","2026-04-28"
0,"","SENIOR ENGINEER (OPERATIONS ENGINEERING)","nan","Los Angeles, California","","$104,249 - $156,374 (yearly)",jobspy_indeed,https://www.indeed.com/viewjob?jk=fda084a7058dc7ec,"","2026-04-28"
0,"","Assistant Engineer II - Instrumentation & Controls (Experienced)","HAZEN AND SAWYER","Los Angeles, California","","$100,000 - $120,000 (yearly)",jobspy_indeed,https://www.indeed.com/viewjob?jk=31115add6139cd59,"","2026-04-28"
0,"","Welding Specialist","Radiant","Los Angeles, California","","$45 - $61 (hourly)",jobspy_indeed,https://www.indeed.com/viewjob?jk=98dba1e49e6a5ffb,"","2026-04-28"
0,"","Interior Designer: Workplace","Lpa, Inc.","Los Angeles, California","","$62,000 - $82,000 (yearly)",jobspy_indeed,https://www.indeed.com/viewjob?jk=710dce97e08c7fca,"","2026-04-28"
0,"","Plant Engineer PRN","Riverside Community Hospital","Los Angeles, California","","$44 - $52 (hourly)",jobspy_indeed,https://www.indeed.com/viewjob?jk=8b40ba2bbbb7318a,"","2026-04-28"
0,"","Field Service Engineer","CBRE","Los Angeles, California","","$100,000 - $130,000 (yearly)",jobspy_indeed,https://www.indeed.com/viewjob?jk=7d4935347afc9d74,"","2026-04-27"
0,"","Hands-On Facilities Manager","Selvin Property Management","Los Angeles, California","","",jobspy_indeed,https://www.indeed.com/viewjob?jk=f91b5ef54dec33cd,"","2026-04-27"
0,"","Power Electronics Engineer","Harbinger Motors Inc.","Los Angeles, California","","$160,000 - $220,000 (yearly)",jobspy_indeed,https://www.indeed.com/viewjob?jk=9814b2ac48dd525f,"","2026-04-27"
0,"","Senior Applied Scientist","Crunchyroll","Los Angeles, California","","$185,000 - $245,000 (yearly)",jobspy_indeed,https://www.indeed.com/viewjob?jk=477da1729e9d65a9,"","2026-04-27"
0,"","Engineer | Palihotel Hollywood","Palisociety","Los Angeles, California","","$22 - $23 (hourly)",jobspy_indeed,https://www.indeed.com/viewjob?jk=edcd4f54cead85fc,"","2026-03-19"
0,"","Application Builder, Device Software Product Builders","Amazon.com","Los Angeles, California","","$143,700 - $194,400 (yearly)",jobspy_indeed,https://www.indeed.com/viewjob?jk=50a84531fe724318,"","2026-02-26"
0,"","Application Builder, Mobile Applications","Amazon.com","Los Angeles, California","","$143,700 - $194,400 (yearly)",jobspy_indeed,https://www.indeed.com/viewjob?jk=e193d69a70eb235f,"","2025-12-03"
0,"","Mobile Builder, Ring Software Product Builders","Amazon.com","Los Angeles, California","","$143,700 - $194,400 (yearly)",jobspy_indeed,https://www.indeed.com/viewjob?jk=deb09e6f5c452b30,"","2025-10-10"
0,"","Data Engineer","Cushman & Wakefield","Washington, DC","","$114,750 - $135,000 (yearly)",jobspy_indeed,https://www.indeed.com/viewjob?jk=61effc7351e9d267,"","2026-04-30"
0,"","Development Associate/Manager","The Tower Companies","Washington, DC","","$100,000 - $150,000 (yearly)",jobspy_indeed,https://www.indeed.com/viewjob?jk=5fa7645a9d929d1f,"","2026-04-29"
0,"","Sr. Network Engineer - Network Platforms and Automation","Visa","Washington, DC","","$110,700 - $171,800 (yearly)",jobspy_indeed,https://www.indeed.com/viewjob?jk=0825a5c54c08c730,"","2026-04-29"
0,"","Stationary Engineer, Variable Part-Time Rotating Shifts, Plant Operations","Adventist HealthCare","Washington, DC","","$27 - $40 (hourly)",jobspy_indeed,https://www.indeed.com/viewjob?jk=1e75c87e8f763391,"","2026-04-29"
0,"","Senior Strategist II","American Federation of State, County and Municipal Employees","Washington, DC","","$95,038 - $142,567 (yearly)",jobspy_indeed,https://www.indeed.com/viewjob?jk=2d9eec1464916109,"","2026-04-29"
0,"","Financial Forecast Analyst","BAE Systems USA","Washington, DC","","$56,401 - $95,881 (yearly)",jobspy_indeed,https://www.indeed.com/viewjob?jk=b28b280a73806326,"","2026-04-29"
0,"","Mechanical Design & Operations Engineer (Entry-Level)","TPC Racing","Washington, DC","","$63,805 - $76,841 (yearly)",jobspy_indeed,https://www.indeed.com/viewjob?jk=cdd40848935f5658,"","2026-04-29"
0,"","Senior Counsel, Intellectual Property - Bethesda, MD (HYBRID)","GEICO","Washington, DC","","$166,050 - $260,350 (yearly)",jobspy_indeed,https://www.indeed.com/viewjob?jk=4edab9db5a567e31,"","2026-04-29"
0,"","Interior Design (Space Management Specialist)","CGI","Washington, DC","","",jobspy_indeed,https://www.indeed.com/viewjob?jk=3b35890fc3e3df90,"","2026-04-29"
0,"","Sr. Electrical Controls Engineer, Data Center Engineering","Amazon Web Services","Washington, DC","","$136,600 - $184,800 (yearly)",jobspy_indeed,https://www.indeed.com/viewjob?jk=85f1916d85582a32,"","2026-03-27"
0,"","Corporate Counsel, Amazon Leo for Government, Legal","Amazon.com","Washington, DC","","$153,900 - $208,200 (yearly)",jobspy_indeed,https://www.indeed.com/viewjob?jk=0434471ffdd86b6d,"","2026-03-26"
0,"","Principal Data Engineer, Intelligent Talent Acquisition","Amazon.com","Washington, DC","","$184,000 - $248,900 (yearly)",jobspy_indeed,https://www.indeed.com/viewjob?jk=15000fbcb22cf3f0,"","2026-02-17"
0,"","Process Engineer (0-2 yrs exp)","VME Process, Inc.","United States","","",jobspy_indeed,https://www.indeed.com/viewjob?jk=ee330071c86373cf,"","2026-04-30"
0,"","Director of Engineering and Energy Management","Villanova University","United States","","$160,000 - $176,900 (yearly)",jobspy_indeed,https://www.indeed.com/viewjob?jk=819c526a7048a854,"","2026-04-30"
0,"","Electrical Design Engineer, Data Center Design Engineering","Amazon.com","United States","","$116,800 - $160,000 (yearly)",jobspy_indeed,https://www.indeed.com/viewjob?jk=343f1ac08220a207,"","2026-03-24"
0,"","Transmission System Manager, AWS Energy Team","Amazon.com","United States","","$92,400 - $160,000 (yearly)",jobspy_indeed,https://www.indeed.com/viewjob?jk=83c1ab27c7648315,"","2026-03-20"
0,"","Software Engineer - Product Security","Allstate Insurance","Remote","","$90,700 - $195,700 (yearly)",jobspy_indeed,https://www.indeed.com/viewjob?jk=af9221056d3996fe,"","2026-04-25"
0,"","Sitecore Engineer, Lead Consultant- Remote","Allstate Insurance","Remote","","$98,100 - $167,850 (yearly)",jobspy_indeed,https://www.indeed.com/viewjob?jk=f63f9c89a747a187,"","2026-04-30"
0,"","Sr. Construction Estimator","Trugrid","Remote","","",jobspy_indeed,https://www.indeed.com/viewjob?jk=3cf8d253a2eb6a29,"","2026-04-29"
0,"","Startup Community Connector","nan","Remote","","$10,000 - $20,000 (yearly)",jobspy_indeed,https://www.indeed.com/viewjob?jk=b34e8a10c3f78914,"","2026-04-29"
0,"","Platform/Infrastucture Engineer (DevOps/Hosting/Systems/Server Engineer)","Kirk Automations","Remote","","$15 - $85 (hourly)",jobspy_indeed,https://www.indeed.com/viewjob?jk=c0fc3d9964ea4015,"","2026-04-29"
0,"","AI Support Engineer II","DataRobot","Remote","","",jobspy_indeed,https://www.indeed.com/viewjob?jk=0b87394dac6e16ec,"","2026-04-28"
0,"","Managing Engineer - Security","Allstate Insurance","Remote","","$120,000 - $195,000 (yearly)",jobspy_indeed,https://www.indeed.com/viewjob?jk=3819dda06701b5e6,"","2026-04-25"
0,"","Senior CADD Designer/Design Manager - Highways & Traffic","Colliers Engineering & Design","Remote","","$40 - $51 (hourly)",jobspy_indeed,https://www.indeed.com/viewjob?jk=4a197546da4306cf,"","2026-04-24"
0,"","Director, Care Management","Sana Benefits","Remote","","$155,000 - $175,000 (yearly)",jobspy_indeed,https://www.indeed.com/viewjob?jk=54305c478acf042b,"","2026-04-24"
0,"","Product Engineer Java Spring Boot","Allstate Insurance","Remote","","$85,000 - $145,075 (yearly)",jobspy_indeed,https://www.indeed.com/viewjob?jk=394852826d8eba52,"","2026-04-24"
0,"","First Party Casualty Design Lead Consultant - Remote","Allstate Insurance","Remote","","$85,000 - $145,075 (yearly)",jobspy_indeed,https://www.indeed.com/viewjob?jk=979f0e112747acc6,"","2026-04-23"
0,"","Legal Engineer - Product Specialist, Remote West Coast","HARVEY","Remote","","$210,000 - $240,000 (yearly)",jobspy_indeed,https://www.indeed.com/viewjob?jk=13d6640bc16d40ae,"","2026-04-24"
0,"","Autodesk Civil 3D Designer","EquipmentShare","Remote","","",jobspy_indeed,https://www.indeed.com/viewjob?jk=75496331d26d1f51,"","2026-04-23"
0,"","Associate General Counsel, Privacy","Shopify","Remote","","",jobspy_indeed,https://www.indeed.com/viewjob?jk=3c9717e6741f11d1,"","2026-04-23"
0,"","Tech Recruiter","HighArc","Remote","","",jobspy_indeed,https://www.indeed.com/viewjob?jk=3c7c017421472e70,"","2026-04-23"
0,"","Principal Nuclear Protection & Controls Engineer","ENERCON SERVICES, INC","Remote","","$120,000 - $192,000 (yearly)",jobspy_indeed,https://www.indeed.com/viewjob?jk=d4a7b2e900f42daa,"","2026-04-13"
0,"","Brand Copywriter","Maleda Tech","Remote","","$65 - $75 (hourly)",jobspy_indeed,https://www.indeed.com/viewjob?jk=c2d92f4a8afa1330,"","2026-04-01"
0,"","Lead Software Engineer","US Service Animals","Remote","","$150,000 - $180,000 (yearly)",jobspy_indeed,https://www.indeed.com/viewjob?jk=02fca55f53516c59,"","2026-04-01"
0,"","Senior Backend Software Engineer","Megaport","Remote","","",jobspy_indeed,https://www.indeed.com/viewjob?jk=cf57846708144906,"","2025-11-17"
0,"","Cleaning Technician","A Clean Mindset, LLC","Chicago, Illinois","","$18 - $22 (hourly)",jobspy_indeed,https://www.indeed.com/viewjob?jk=01e57f7a91199c13,"","2026-04-30"
0,"","Paramedic Special Events","Superior Air-Ground Ambulance Service","Chicago, Illinois","","$25 - $34 (hourly)",jobspy_indeed,https://www.indeed.com/viewjob?jk=c2ac6ed49a7cb3c9,"","2026-04-24"
0,"","Gaming Service Technician","Lucky Lincoln Gaming, LLC","Chicago, Illinois","","",jobspy_indeed,https://www.indeed.com/viewjob?jk=1296437fdf6c76ad,"","2026-04-24"
0,"","Building Engineer","Chelsea Piers New York","New York, New York","","$70,000 - $90,000 (yearly)",jobspy_indeed,https://www.indeed.com/viewjob?jk=4ca5bdab15e2276c,"","2026-04-29"
0,"","Sampling Program Specialist","Stony Brook University","New York, New York","","",jobspy_indeed,https://www.indeed.com/viewjob?jk=353f616ecf86d83b,"","2026-04-28"
0,"","Arcade Attendant","nan","New York, New York","","$19 - $20 (hourly)",jobspy_indeed,https://www.indeed.com/viewjob?jk=cd5048117dd6b446,"","2026-04-26"
0,"","Canine Handler - Explosive Detection","Allied Universal Enhanced Protection Services","New York, New York","","",jobspy_indeed,https://www.indeed.com/viewjob?jk=aca24874a33a0510,"","2026-04-25"
0,"","Maintenance Technician","Old Tappan Manor","New York, New York","","$50,000 - $60,000 (yearly)",jobspy_indeed,https://www.indeed.com/viewjob?jk=b8dfad5ade6bbc9b,"","2026-04-24"
0,"","Beamline Engineering Group Leader - SSRL Materials Science Division","SLAC National Accelerator Laboratory","San Francisco, California","","$167,740 - $203,787 (yearly)",jobspy_indeed,https://www.indeed.com/viewjob?jk=9b6917cbc69fdde9,"","2026-04-27"
0,"","Associate/Senior Civil Engineer","City of Petaluma, CA","San Francisco, California","","$119,912 - $160,347 (yearly)",jobspy_indeed,https://www.indeed.com/viewjob?jk=598c461b48649943,"","2026-04-24"
0,"","Golf Course Spray Technician","nan","San Francisco, California","","$19 - $23 (hourly)",jobspy_indeed,https://www.indeed.com/viewjob?jk=eeca4b31ccacc081,"","2026-04-23"
0,"","Canine Handler - Explosive Detection","Allied Universal Enhanced Protection Services","Seattle, Washington","","",jobspy_indeed,https://www.indeed.com/viewjob?jk=124fc066aa81af0b,"","2026-04-28"
0,"","Maintenance Technician - SEATAC - Seattle Tacoma Airport - Full-Time","Smarte Carte","Seattle, Washington","","",jobspy_indeed,https://www.indeed.com/viewjob?jk=06c423d066f96c08,"","2026-04-27"
0,"","Beer Draft Technician","The Odom Corporation","Seattle, Washington","","$23 - $27 (hourly)",jobspy_indeed,https://www.indeed.com/viewjob?jk=de4e9ce2b19148ca,"","2026-04-27"
0,"","Systems Engineer","Leidos","Seattle, Washington","","$87,100 - $157,450 (yearly)",jobspy_indeed,https://www.indeed.com/viewjob?jk=f2feb7baabbec38d,"","2026-04-23"
0,"","Facilities Maintenance Technician II - Natick","Jordan's Furniture","Boston, Massachusetts","","$27 - $29 (hourly)",jobspy_indeed,https://www.indeed.com/viewjob?jk=c07af901431c6cdb,"","2026-04-27"
0,"","DoubleTree Boston North Shore - Engineer Supervisor","Aimbridge Hospitality","Boston, Massachusetts","","$25 - $30 (hourly)",jobspy_indeed,https://www.indeed.com/viewjob?jk=4bb40e97748c522f,"","2026-03-28"
0,"","SENIOR PSYCHIATRIC TECHNICIAN (SAFETY)","California State Personnel Board","Los Angeles, California","","$6,638 - $8,733 (monthly)",jobspy_indeed,https://www.indeed.com/viewjob?jk=ea84e0d5acc2c01b,"","2026-04-29"
0,"","Floor Cleaner Technician","ABM Industries Inc.","Washington, DC","","",jobspy_indeed,https://www.indeed.com/viewjob?jk=8af07fc086720188,"","2026-04-30"
0,"","Custodial Line Manager","ABM Industries Inc.","Washington, DC","","",jobspy_indeed,https://www.indeed.com/viewjob?jk=96190ab38e106e0a,"","2026-04-28"
0,"","Medical Assistant","MedStar Health","Washington, DC","","$19 - $34 (hourly)",jobspy_indeed,https://www.indeed.com/viewjob?jk=09054d2ed9b16000,"","2026-04-15"
0,"","Supply Chain Manager","Avis Budget Group","Washington, DC","","",jobspy_indeed,https://www.indeed.com/viewjob?jk=71b4c857ab5223af,"","2026-04-28"
0,"","Per-Diem Medical Assistant - DC Urgent Cares","MedStar Health","Washington, DC","","$19 - $33 (hourly)",jobspy_indeed,https://www.indeed.com/viewjob?jk=5bb09c3d93bfecf8,"","2026-04-06"
0,"","House Technician","The Andrews Group","United States","","",jobspy_indeed,https://www.indeed.com/viewjob?jk=5e9b68caa4a1b26e,"","2026-04-30"
0,"","Housekeeper I - Full Time Second Shift","Monadnock Community Hospital","United States","","$18 - $23 (hourly)",jobspy_indeed,https://www.indeed.com/viewjob?jk=62ba80d2629d94c4,"","2026-04-30"
0,"","Maintenance Supervisor","AC Hotel Raleigh North Hills","United States","","",jobspy_indeed,https://www.indeed.com/viewjob?jk=4e7aab516d4e3bba,"","2026-04-30"
0,"","Sandbox Social Technician","Sandbox Social","United States","","$14 - $16 (hourly)",jobspy_indeed,https://www.indeed.com/viewjob?jk=76ed8000e9bc5cb2,"","2026-04-30"
0,"","Gas Lift Field Service Technician","Endurance Lift Solutions","United States","","",jobspy_indeed,https://www.indeed.com/viewjob?jk=0f01d7dce9670132,"","2026-04-30"
0,"","Window Tech","ABM Industries Inc.","United States","","",jobspy_indeed,https://www.indeed.com/viewjob?jk=ec3452f8b4c18e04,"","2026-04-30"
0,"","FLOOR TECHNICIAN","ABM Industries Inc.","United States","","",jobspy_indeed,https://www.indeed.com/viewjob?jk=a3c01ad780fb4a3b,"","2026-04-30"
0,"","Supervisor for Strategic Initiatives and District Partnership","West Chester Area School District","United States","","",jobspy_indeed,https://www.indeed.com/viewjob?jk=43a1fc2860bccaa0,"","2026-04-29"
0,"","Field Service Technician NETA II","ABM Industries Inc.","United States","","$30 - $45 (hourly)",jobspy_indeed,https://www.indeed.com/viewjob?jk=dcf4c33c684c2517,"","2026-04-29"
0,"","Senior Field Service Technician","ABM Industries Inc.","United States","","$60 - $80 (hourly)",jobspy_indeed,https://www.indeed.com/viewjob?jk=b868a5b757a312f6,"","2026-04-29"
0,"","Pharmacy Compliance Coordinator","Onvida Health","United States","","$27 - $41 (hourly)",jobspy_indeed,https://www.indeed.com/viewjob?jk=0e4491eefc793df9,"","2026-04-29"
0,"","Project Manager - Electronic Security","Diversified","Remote","","$83,600 - $120,300 (yearly)",jobspy_indeed,https://www.indeed.com/viewjob?jk=f30e1c0eb02ad0e4,"","2026-04-24"
0,"","Electrical Engineer","Wieland Group","Chicago, Illinois","","$81,000 - $97,800 (yearly)",jobspy_indeed,https://www.indeed.com/viewjob?jk=d332c61d7ba28d01,"","2026-04-28"
0,"","New Jersey Licensed Electrical Qualifier / Responsible Electrician (Part-Time / Consulting)","Vikta Energy","New York, New York","","",jobspy_indeed,https://www.indeed.com/viewjob?jk=f80da9cc43d0d109,"","2026-04-29"
0,"","Lead Operating Engineer (94)","Cushman & Wakefield","New York, New York","","$49 - $57 (hourly)",jobspy_indeed,https://www.indeed.com/viewjob?jk=f7f00523685f8c08,"","2026-04-28"
0,"","Master Electrician","Mister Sparky","San Francisco, California","","$40 - $50 (hourly)",jobspy_indeed,https://www.indeed.com/viewjob?jk=93dee9a98551c034,"","2026-04-30"
0,"","Assistant Chief Engineer","Cushman & Wakefield","San Francisco, California","","$51 - $60 (hourly)",jobspy_indeed,https://www.indeed.com/viewjob?jk=6cf3e1fde7f85712,"","2026-04-28"
0,"","Operating Engineer","Cushman & Wakefield","Seattle, Washington","","$49 - $57 (hourly)",jobspy_indeed,https://www.indeed.com/viewjob?jk=cad8782c1c259856,"","2026-04-23"
0,"","Electrician II","Catholic Medical Center","Boston, Massachusetts","","",jobspy_indeed,https://www.indeed.com/viewjob?jk=c0aec517143f7ac1,"","2026-04-29"
0,"","Electrician II","Commonwealth of Massachusetts","Boston, Massachusetts","","$69,480 - $98,102 (yearly)",jobspy_indeed,https://www.indeed.com/viewjob?jk=73e40df62ae3074b,"","2026-04-27"
0,"","Facilities and Maintenance Electrician","Commonwealth Fusion Systems","Boston, Massachusetts","","$30 - $48 (hourly)",jobspy_indeed,https://www.indeed.com/viewjob?jk=6b86b36f797d3652,"","2026-04-27"
0,"","Lead Engineer","C&W Services","Boston, Massachusetts","","$51 - $60 (hourly)",jobspy_indeed,https://www.indeed.com/viewjob?jk=22ffa5b880781ab4,"","2026-04-27"
0,"","Electrician","Loudoun County Public Schools","Washington, DC","","$31 - $59 (hourly)",jobspy_indeed,https://www.indeed.com/viewjob?jk=edd55c62e2bc3716,"","2026-04-29"
0,"","Electrical Crew Leader - Manassas, VA","M.C. Dean, Inc.","Washington, DC","","$47 - $51 (hourly)",jobspy_indeed,https://www.indeed.com/viewjob?jk=ac815c68b01fdd80,"","2026-04-29"
0,"","Senior Multi-Site Maintenance Manager (Lease-up)","Comstock Companies","Washington, DC","","",jobspy_indeed,https://www.indeed.com/viewjob?jk=0fd03f45854b007c,"","2026-04-29"
0,"","Chief Engineer (Luxury Residences)","Comstock Companies","Washington, DC","","",jobspy_indeed,https://www.indeed.com/viewjob?jk=bb52c19abac0c698,"","2026-04-27"
0,"","Lead Engineer","Transwestern","Washington, DC","","$85,000 - $92,000 (yearly)",jobspy_indeed,https://www.indeed.com/viewjob?jk=a840461ca1e8f887,"","2026-04-28"
0,"","Master Electrician (Licensed)","Beauflor USA","Washington, DC","","",jobspy_indeed,https://www.indeed.com/viewjob?jk=1df6dd7ed28f4b9c,"","2026-04-28"
0,"","Sr. Electrical Preventative Maintenance Technician","Leidos","Washington, DC","","",jobspy_indeed,https://www.indeed.com/viewjob?jk=b16c032ca0c1e505,"","2026-04-27"
0,"","Residential Electrician","C.D. Shanahan’s Heating & Cooling, LLC.","Washington, DC","","$29 - $42 (hourly)",jobspy_indeed,https://www.indeed.com/viewjob?jk=8ba9b3eebe1f1733,"","2026-04-26"
0,"","Industrial Electrician 11 (Journeyman) - (26-MS-811003-135)","DC Water","Washington, DC","","",jobspy_indeed,https://www.indeed.com/viewjob?jk=00a40fc6850eb4da,"","2026-04-24"
0,"","Senior Electrician","George Washington University","Washington, DC","","$28 - $44 (hourly)",jobspy_indeed,https://www.indeed.com/viewjob?jk=8ddbd68817fcce24,"","2026-04-23"
0,"","Operating Engineer","Cushman & Wakefield","Washington, DC","","$36 - $42 (hourly)",jobspy_indeed,https://www.indeed.com/viewjob?jk=b9581b638b68aa5d,"","2026-04-23"
0,"","Assistant Chief Engineer","Transwestern","Washington, DC","","$52 - $54 (hourly)",jobspy_indeed,https://www.indeed.com/viewjob?jk=4faa3799d0440cea,"","2026-04-23"
0,"","Maintenance Technician -Level 4","Northrop Grumman","Washington, DC","","$72,600 - $121,000 (yearly)",jobspy_indeed,https://www.indeed.com/viewjob?jk=cd546f25b5da4db5,"","2026-04-16"
0,"","Electrician II","MedStar Health","Washington, DC","","",jobspy_indeed,https://www.indeed.com/viewjob?jk=10e70a24f78669eb,"","2026-02-13"
0,"","High-Voltage Electrician / Electrical Superintendent","V2X","Washington, DC","","",jobspy_indeed,https://www.indeed.com/viewjob?jk=1d69de046eb2e99e,"","2024-12-18"
0,"","Electrical Foreman with Industrial experience needed","Loveland Electric Inc","United States","","$38 - $45 (hourly)",jobspy_indeed,https://www.indeed.com/viewjob?jk=02cc7f6faa8f94f4,"","2026-04-30"
0,"","Electrician - 2nd Shift","Columbia Forest Products","United States","","",jobspy_indeed,https://www.indeed.com/viewjob?jk=db28f9d0be73ae3d,"","2026-04-30"
0,"","Electrician - 1st Shift","Columbia Forest Products","United States","","",jobspy_indeed,https://www.indeed.com/viewjob?jk=b48f2ce4da4bac57,"","2026-04-30"
0,"","High Voltage Electrician","Commonwealth of Pennsylvania","United States","","$69,203 - $90,211 (yearly)",jobspy_indeed,https://www.indeed.com/viewjob?jk=db36ac9cd85370fd,"","2026-04-30"
0,"","Electrical Foreman/Superintendent - DFW Metro (No Travel)","Williams Electric & HVAC","United States","","$80,000 - $115,000 (yearly)",jobspy_indeed,https://www.indeed.com/viewjob?jk=108f806fe9132aa7,"","2026-04-30"
0,"","Facilities Supervisor Electrical","Ochsner Health","United States","","",jobspy_indeed,https://www.indeed.com/viewjob?jk=ce460606f3fbe82d,"","2026-04-29"
0,"","Electrical Foreman","ABM Industries Inc.","United States","","$42 - $45 (hourly)",jobspy_indeed,https://www.indeed.com/viewjob?jk=efc68d4606c5f5de,"","2026-04-29"
0,"","Master Electrician","Padnos","United States","","",jobspy_indeed,https://www.indeed.com/viewjob?jk=1f83cb3269d45f72,"","2026-04-29"
0,"","Electrician","Power Design, Inc.","United States","","",jobspy_indeed,https://www.indeed.com/viewjob?jk=3d4eef7c690f136d,"","2026-04-29"
0,"","Civil Engineer Support Equipment (CESE) Maintenance Electrician","Stratitia","United States","","",jobspy_indeed,https://www.indeed.com/viewjob?jk=a0b6c87d188fc818,"","2026-04-29"
0,"","Electrical Superintendent","City of Houston, TX","United States","","$6,421 - $7,632 (monthly)",jobspy_indeed,https://www.indeed.com/viewjob?jk=1e2cc728a63aa086,"","2026-04-29"
0,"","Lead Electrician","Alliance Group","United States","","",jobspy_indeed,https://www.indeed.com/viewjob?jk=e292156df6038406,"","2026-04-29"
0,"","Licensed Electrician","Alliance Group","United States","","$30 - $40 (hourly)",jobspy_indeed,https://www.indeed.com/viewjob?jk=00eb641865f0f0d1,"","2026-04-29"
0,"","Electrician, Solar Cells (Starlink) - Day Shift","SpaceX","United States","","",jobspy_indeed,https://www.indeed.com/viewjob?jk=cddafa47d9ac5b3b,"","2026-04-29"
0,"","NH Journeyman/Master Electrician","J&S Technical Electric LLC","United States","","$36 - $40 (hourly)",jobspy_indeed,https://www.indeed.com/viewjob?jk=4f6f03a6a8b74ec4,"","2026-04-29"
0,"","ELECTRICIAN II G120 Facilities Maintenance","Columbus Consolidated Government","United States","","",jobspy_indeed,https://www.indeed.com/viewjob?jk=3edd147e8e1f9d02,"","2026-04-22"
0,"","Washington Electrical Administrator (EL01)","HVAC & Appliance Repair Guys","Remote","","",jobspy_indeed,https://www.indeed.com/viewjob?jk=6cde23d25da35ac5,"","2026-04-27"
0,"","Attendant - EVS - Part Time","None","Chicago, Illinois","","",jobspy_indeed,https://www.indeed.com/viewjob?jk=c8e570d83634972a,"","2026-04-24"
0,"","AVP, Transactions Advisory, Traffic & Revenue Forecasting","Steer","New York, New York","","$120,000 - $180,000 (yearly)",jobspy_indeed,https://www.indeed.com/viewjob?jk=6cdc41b33ca6ff98,"","2026-04-28"
0,"","Data Collection Operator (2nd Shift)","ALTEN","San Francisco, California","","",jobspy_indeed,https://www.indeed.com/viewjob?jk=7625ca71eda01245,"","2026-04-24"
0,"","Sales and Events Operations Specialist","Also","Seattle, Washington","","$120,000 - $126,000 (yearly)",jobspy_indeed,https://www.indeed.com/viewjob?jk=114463252cbaa7e0,"","2026-04-23"
0,"","AVP, Transactions Advisory, Traffic & Revenue Forecasting","Steer","Boston, Massachusetts","","$120,000 - $180,000 (yearly)",jobspy_indeed,https://www.indeed.com/viewjob?jk=5b33451b76a9ece2,"","2026-04-28"
0,"","AVP, Transactions Advisory, Traffic & Revenue Forecasting","Steer","Los Angeles, California","","$120,000 - $180,000 (yearly)",jobspy_indeed,https://www.indeed.com/viewjob?jk=93f02e86728f8e57,"","2026-04-28"
0,"","AVP, Transactions Advisory, Traffic & Revenue Forecasting","Steer","Washington, DC","","$120,000 - $180,000 (yearly)",jobspy_indeed,https://www.indeed.com/viewjob?jk=a2dfdc9e6a3b8506,"","2026-04-28"
0,"","Command Center Supervisor","UT Southwestern Medical Center","United States","","",jobspy_indeed,https://www.indeed.com/viewjob?jk=dac72bd4789d1773,"","2026-04-30"
0,"","Material Handler","Panasonic","United States","","",jobspy_indeed,https://www.indeed.com/viewjob?jk=86d341596a418005,"","2026-04-28"
0,"","Director, Remote Productions","Warner Bros. Discovery","United States","","",jobspy_indeed,https://www.indeed.com/viewjob?jk=54c04bc1e18d7fcb,"","2026-04-28"
0,"","VP of Vehicle Operations (Austin, TX)","Recell EV","United States","","$100,000 - $120,000 (yearly)",jobspy_indeed,https://www.indeed.com/viewjob?jk=b3fc922582149bed,"","2026-04-28"
0,"","General Manager 2 - Multi-Service","Sodexo","United States","","$90,015 - $116,490 (yearly)",jobspy_indeed,https://www.indeed.com/viewjob?jk=e5e56d9f80401c5d,"","2026-04-24"
0,"","Process Development Engineer","Qorvo","United States","","",jobspy_indeed,https://www.indeed.com/viewjob?jk=15a5a1ea4e70c6ec,"","2026-04-24"
0,"","Process Performance Engineer","ALTEN","United States","","$80,000 - $85,000 (yearly)",jobspy_indeed,https://www.indeed.com/viewjob?jk=1315e7c0960d0b96,"","2026-04-24"
0,"","Security Communication Specialist","Mercy","United States","","",jobspy_indeed,https://www.indeed.com/viewjob?jk=83e6edfb33498a03,"","2026-04-24"
0,"","Lodge Casino - Casino Manager","Jacobs Entertainment Inc.","United States","","$65,000 - $70,000 (yearly)",jobspy_indeed,https://www.indeed.com/viewjob?jk=4bbbc02b72525fa9,"","2026-04-23"
0,"","Senior Manager, Public Fleet Sales & State Policy","Rivian","United States","","",jobspy_indeed,https://www.indeed.com/viewjob?jk=38f7344176ee43b5,"","2026-04-22"
0,"","ROUTE DRIVER (SMARTSERVICE) (PART TIME)","Crothall Healthcare","United States","","",jobspy_indeed,https://www.indeed.com/viewjob?jk=dd7d3756c91239a0,"","2026-02-27"
0,"","Director of AV & Experience Systems","The Range Nyc Llc","New York, New York","","",jobspy_indeed,https://www.indeed.com/viewjob?jk=f592836861f4f36b,"","2026-04-27"
0,"","Software Engineer","None","Seattle, Washington","","$120,000 - $180,000 (yearly)",jobspy_indeed,https://www.indeed.com/viewjob?jk=22ad474abdb9ef95,"","2026-04-24"
0,"","Associate Real-Time Software Engineer","Boeing","United States","","$106,250 - $143,750 (yearly)",jobspy_indeed,https://www.indeed.com/viewjob?jk=57354095e8109cc4,"","2026-04-29"
0,"","Senior Fullstack Developer (Backend)","Accelint","United States","","$100,000 - $150,000 (yearly)",jobspy_indeed,https://www.indeed.com/viewjob?jk=4a2a9ed64fb0823a,"","2026-04-23"
0,"","Video Producer/Editor","Montgomery Broadcasting","United States","","$35,000 - $40,000 (yearly)",jobspy_indeed,https://www.indeed.com/viewjob?jk=7a022f279f52a7dc,"","2026-04-23"
0,"","Feeder Operator","Graphic Packaging International","Chicago, Illinois","","",jobspy_indeed,https://www.indeed.com/viewjob?jk=73bf0ee2de5bf46d,"","2026-04-29"
0,"","Bottom Stacker - 2nd Shift","Pratt Industries","Chicago, Illinois","","",jobspy_indeed,https://www.indeed.com/viewjob?jk=f6dd46e57c30f57c,"","2026-04-29"
0,"","Prelim/Prepress Operator 3","RR Donnelley","Chicago, Illinois","","$57,000 - $66,000 (yearly)",jobspy_indeed,https://www.indeed.com/viewjob?jk=5b046899b4ef5cc3,"","2026-04-28"
0,"","Print Operator","nan","Chicago, Illinois","","$22 - $27 (hourly)",jobspy_indeed,https://www.indeed.com/viewjob?jk=15eea16531d4cf94,"","2026-04-28"
0,"","Operator, Prepress","The Imagine Group","Chicago, Illinois","","$21 - $26 (hourly)",jobspy_indeed,https://www.indeed.com/viewjob?jk=9755ad6410e6ec8d,"","2026-04-27"
0,"","Machine / Forklift Operator","Sun Chemical","Chicago, Illinois","","$19 - $21 (hourly)",jobspy_indeed,https://www.indeed.com/viewjob?jk=c825638ad64ea8d9,"","2026-04-24"
0,"","Print Operator","National Tax Pros","Chicago, Illinois","","$22 - $27 (hourly)",jobspy_indeed,https://www.indeed.com/viewjob?jk=baa9905842134ce0,"","2026-04-24"
0,"","Director Business Marketing, Rise","QUAD","Chicago, Illinois","","$190,000 - $220,000 (yearly)",jobspy_indeed,https://www.indeed.com/viewjob?jk=50e94c91fdc5434a,"","2026-04-23"
0,"","Fabrication Technician","Mittera Group","Chicago, Illinois","","",jobspy_indeed,https://www.indeed.com/viewjob?jk=5e67f14312b57ff8,"","2026-04-23"
0,"","Marketing Project & Outreach Coordinator","The Law Office of Barry E. Janay, P.C.","New York, New York","","$2,000 - $5,000 (monthly)",jobspy_indeed,https://www.indeed.com/viewjob?jk=a45f70fdae2009c4,"","2026-04-30"
0,"","Junior Creative Strategist","Lume Deodorant","New York, New York","","$90,800 - $113,500 (yearly)",jobspy_indeed,https://www.indeed.com/viewjob?jk=cc279f4e4e2c1967,"","2026-04-29"
0,"","Junior Creative Strategist","Mammoth Brands","New York, New York","","$90,800 - $113,500 (yearly)",jobspy_indeed,https://www.indeed.com/viewjob?jk=3fe8809031b7ab41,"","2026-04-29"
0,"","Screen Printing Operator","Blank Workshop LLC","New York, New York","","$20 - $24 (hourly)",jobspy_indeed,https://www.indeed.com/viewjob?jk=81aee70894289c31,"","2026-04-29"
0,"","Software Engineer","Albireo Energy","New York, New York","","$90,000 - $120,000 (yearly)",jobspy_indeed,https://www.indeed.com/viewjob?jk=115a8963f832f57a,"","2026-04-29"
0,"","Tabbing Machine Operator","Gobind Graphics","New York, New York","","$25 - $30 (hourly)",jobspy_indeed,https://www.indeed.com/viewjob?jk=ba264bda33031c8f,"","2026-04-25"
0,"","Wide Format - Press Operator","Sandy Alexander","New York, New York","","$25 - $35 (hourly)",jobspy_indeed,https://www.indeed.com/viewjob?jk=ba66502a62bcc9f0,"","2026-04-24"
0,"","Experienced Analyst, Multifamily Asset Management","Tishman Speyer","New York, New York","","$90,000 - $110,000 (yearly)",jobspy_indeed,https://www.indeed.com/viewjob?jk=920a347ddbe85cca,"","2026-04-24"
0,"","Principal Design Lead","Intuit","San Francisco, California","","$218,000 - $295,000 (yearly)",jobspy_indeed,https://www.indeed.com/viewjob?jk=cdeab894823b4322,"","2026-04-29"
0,"","Equipment Maintenance Technician - Back End Nights (BEN)","FujiFilm","San Francisco, California","","$30 - $40 (hourly)",jobspy_indeed,https://www.indeed.com/viewjob?jk=835853d589c17ab4,"","2026-04-28"
0,"","Equipment Maintenance Technician - Back End Nights (BEN)","FUJIFILM Dimatix","San Francisco, California","","$30 - $40 (hourly)",jobspy_indeed,https://www.indeed.com/viewjob?jk=b4bee7858b1a2321,"","2026-04-28"
0,"","SoC Product Architect, Telecom AI RAN","NVIDIA","San Francisco, California","","$272,000 - $431,250 (yearly)",jobspy_indeed,https://www.indeed.com/viewjob?jk=f23b023cedf61d02,"","2026-04-28"
0,"","Solutions Architect, Data Processing - New College Grad 2026","NVIDIA","San Francisco, California","","$124,000 - $241,500 (yearly)",jobspy_indeed,https://www.indeed.com/viewjob?jk=9680b5cbb158468d,"","2026-04-24"
0,"","Executive Producer, Studio and Broadcast","Intuit","San Francisco, California","","$205,000 - $277,500 (yearly)",jobspy_indeed,https://www.indeed.com/viewjob?jk=3d360d998d5b5b98,"","2026-04-24"
0,"","Permit Facilitator (San Francisco)","ENTRUST Solutions Group","San Francisco, California","","$68,640 - $76,960 (yearly)",jobspy_indeed,https://www.indeed.com/viewjob?jk=494069e9a57b07f5,"","2026-04-23"
0,"","Community Corrections Officer 2 (Or CCO1 In-Training) - Special Assault Unit South - Tacoma","State of Washington","Seattle, Washington","","$4,603 - $7,540 (monthly)",jobspy_indeed,https://www.indeed.com/viewjob?jk=1d41f21cb4950a31,"","2026-04-27"
0,"","Controls Operating Engineer I/II","Fred Hutchinson Cancer Center","Seattle, Washington","","$37 - $40 (hourly)",jobspy_indeed,https://www.indeed.com/viewjob?jk=158dec556c9abb69,"","2026-04-27"
0,"","Print Production Operator","FedEx Office","Seattle, Washington","","$20 - $24 (hourly)",jobspy_indeed,https://www.indeed.com/viewjob?jk=2217f8a312367166,"","2026-04-27"
0,"","Screen Printing Operator","Bay State Specialty Co.","Boston, Massachusetts","","$17 - $20 (hourly)",jobspy_indeed,https://www.indeed.com/viewjob?jk=8d45dea90650c034,"","2026-04-29"
0,"","Forklift Operator / Warehouse help Mansfield, MA","Packaging Exchange","Boston, Massachusetts","","$23 - $24 (hourly)",jobspy_indeed,https://www.indeed.com/viewjob?jk=2d352a326fd023ec,"","2026-04-29"
0,"","Digital Press Operator","Rand Whitney","Boston, Massachusetts","","$19 - $25 (hourly)",jobspy_indeed,https://www.indeed.com/viewjob?jk=d403fc58a6af22f3,"","2026-04-27"
0,"","Production Specialist","Visual Edge IT","Boston, Massachusetts","","$95,000 - $105,000 (yearly)",jobspy_indeed,https://www.indeed.com/viewjob?jk=e76532325dee5fe2,"","2026-04-27"
0,"","AI Video Producer Creator, Editor& Graphic Designer","Gravity Defyer","Los Angeles, California","","$61,437 - $75,946 (yearly)",jobspy_indeed,https://www.indeed.com/viewjob?jk=9861bf83e7654303,"","2026-04-30"
0,"","Marketing Operator","Kings Dental Group","Los Angeles, California","","$3,000 - $5,000 (monthly)",jobspy_indeed,https://www.indeed.com/viewjob?jk=5013978149f02a84,"","2026-04-29"
0,"","Production Assistant Internship","MomentIQ Productions Inc","Los Angeles, California","","$16 - $19 (hourly)",jobspy_indeed,https://www.indeed.com/viewjob?jk=5312fd0cd934703a,"","2026-04-28"
0,"","IRL Studio Line Producer","nan","Los Angeles, California","","$80,000 - $135,000 (yearly)",jobspy_indeed,https://www.indeed.com/viewjob?jk=36a5cabaf38de36c,"","2026-04-27"
0,"","Associate Project Manager, Mastering","The Walt Disney Studios","Los Angeles, California","","$90,300 - $116,800 (yearly)",jobspy_indeed,https://www.indeed.com/viewjob?jk=af8e0ad3385d1d6f,"","2026-04-26"
0,"","Associate Project Manager, Mastering","The Walt Disney Company","Los Angeles, California","","$90,300 - $116,800 (yearly)",jobspy_indeed,https://www.indeed.com/viewjob?jk=22b568376696180e,"","2026-04-24"
0,"","Senior Manager, Partnerships & Activation","Lendistry","Los Angeles, California","","$125,000 - $130,000 (yearly)",jobspy_indeed,https://www.indeed.com/viewjob?jk=1eb0777e3e663e35,"","2026-04-24"
0,"","Head of Content & Social Media","XYRX","Los Angeles, California","","$150,000 - $175,000 (yearly)",jobspy_indeed,https://www.indeed.com/viewjob?jk=2eedb2dcf5edde8c,"","2026-04-24"
0,"","Unity & UX/UI Developer","The Aerospace Corporation","Los Angeles, California","","$86,600 - $129,800 (yearly)",jobspy_indeed,https://www.indeed.com/viewjob?jk=3c4c6f05351f1121,"","2026-04-23"
0,"","Packaging Operator","Blaze Life, LLC.","Los Angeles, California","","$24 - $26 (hourly)",jobspy_indeed,https://www.indeed.com/viewjob?jk=b9371760ed67510c,"","2026-04-23"
0,"","Customer Service Representative","ABC Imaging","Los Angeles, California","","$20 - $22 (hourly)",jobspy_indeed,https://www.indeed.com/viewjob?jk=f6ae45333df0f217,"","2026-04-01"
0,"","Senior Front-End Developer","Maximus","Washington, DC","","$125,000 - $150,000 (yearly)",jobspy_indeed,https://www.indeed.com/viewjob?jk=e75e0b4aba8ad0f0,"","2026-04-30"
0,"","Multimedia Specialist, DOT","Organizational Development Resource Gp","Washington, DC","","$60,000 - $65,000 (yearly)",jobspy_indeed,https://www.indeed.com/viewjob?jk=9f32c3c14c26b44a,"","2026-04-30"
0,"","WEB DEVELOPER (WEBMASTER II)","nan","Washington, DC","","$80,541 - $101,283 (yearly)",jobspy_indeed,https://www.indeed.com/viewjob?jk=5fb78ad27791f222,"","2026-04-29"
0,"","Technical Writer","Textron Systems","Washington, DC","","$71,400 - $107,000 (yearly)",jobspy_indeed,https://www.indeed.com/viewjob?jk=ee733dc6bf4c41d3,"","2026-04-29"
0,"","Multi-Media Assistant (Active Public Trust Clearance)","Advanced Decision Vectors, LLC","Washington, DC","","",jobspy_indeed,https://www.indeed.com/viewjob?jk=536a25e4df989004,"","2026-04-28"
0,"","Front End Developer - Mid-level","Maximus","Washington, DC","","$100,000 - $130,000 (yearly)",jobspy_indeed,https://www.indeed.com/viewjob?jk=74cc2077af5bfffd,"","2026-04-25"
0,"","Digital Media Communications Lead","Tyto Athene","Washington, DC","","$95,000 - $115,000 (yearly)",jobspy_indeed,https://www.indeed.com/viewjob?jk=6451ee870b937671,"","2026-04-23"
0,"","Senior Full Stack Software Engineer","Vantor","Washington, DC","","$137,000 - $228,000 (yearly)",jobspy_indeed,https://www.indeed.com/viewjob?jk=c3f436db1d071551,"","2026-04-23"
0,"","Senior UI/UX Designer","Vantor","Washington, DC","","$137,000 - $228,000 (yearly)",jobspy_indeed,https://www.indeed.com/viewjob?jk=230ea3e9d0a28e21,"","2026-04-23"
0,"","Forklift Operator","Pratt Industries","United States","","",jobspy_indeed,https://www.indeed.com/viewjob?jk=0b5bf0ddfc2bb22a,"","2026-04-30"
0,"","6P-6A Maintenance Mechanic","Pratt Industries","United States","","",jobspy_indeed,https://www.indeed.com/viewjob?jk=aaee6edb0d313aeb,"","2026-04-30"
0,"","Shipping Clerk 1st Shift","Pratt Industries","United States","","",jobspy_indeed,https://www.indeed.com/viewjob?jk=e71780ddd8256a88,"","2026-04-30"
0,"","Jacket Machine Operator","Coral Graphic Services, Inc.","United States","","",jobspy_indeed,https://www.indeed.com/viewjob?jk=e63d4d363feff897,"","2026-04-30"
0,"","Sakurai & Lamination Operator","Coral Graphic Services, Inc.","United States","","",jobspy_indeed,https://www.indeed.com/viewjob?jk=a1133447e1be2959,"","2026-04-30"
0,"","Experienced Binder Operator","Berryville Graphics, Inc.","United States","","",jobspy_indeed,https://www.indeed.com/viewjob?jk=3c086c6e7704d69a,"","2026-04-30"
0,"","Analytical Lab Operator","Futurefuel Chemical Company","United States","","$20 - $27 (hourly)",jobspy_indeed,https://www.indeed.com/viewjob?jk=d1d795258220d4a8,"","2026-04-30"
0,"","Fire Alarm Systems - Lead Field Service Technician","Honeywell","United States","","",jobspy_indeed,https://www.indeed.com/viewjob?jk=8639f2b882365afa,"","2026-04-30"
0,"","Forklift Driver/Warehouse Assistant","Chemtrusion, Inc.","United States","","",jobspy_indeed,https://www.indeed.com/viewjob?jk=f23f8257c9096225,"","2026-04-30"
0,"","Performance Marketing Manager","SOJOS Capital LLC","United States","","$68,290 - $82,242 (yearly)",jobspy_indeed,https://www.indeed.com/viewjob?jk=685ef34b51c71b26,"","2026-04-30"
0,"","Production Machine Operator – Laser & Print Equipment – Manufacturing - Training Provided","Awards Unlimited","United States","","",jobspy_indeed,https://www.indeed.com/viewjob?jk=838ad72acb0ebce6,"","2026-04-30"
0,"","Printing Technician - 1st Shift","Milwaukee Tool","United States","","",jobspy_indeed,https://www.indeed.com/viewjob?jk=2a898049bb58b8e8,"","2026-04-30"
0,"","Critical Facilities Controls Support Engineer","ServerFarm","United States","","$80,000 - $100,000 (yearly)",jobspy_indeed,https://www.indeed.com/viewjob?jk=2c9e37da3fc0a33b,"","2026-04-30"
0,"","BAS Controls Technician","Yates Company, LLC","United States","","",jobspy_indeed,https://www.indeed.com/viewjob?jk=56bbbcd549761b20,"","2026-04-30"
0,"","Occupational Therapist - 2026-27","Rockingham County Schools","United States","","",jobspy_indeed,https://www.indeed.com/viewjob?jk=ff536a8cbac88f3c,"","2026-04-29"
0,"","Fishery Biologist 2 - White Sturgeon Surveys","PACIFIC STATES MARINE FISHERIES COMMISSION","United States","","",jobspy_indeed,https://www.indeed.com/viewjob?jk=a82513903203deba,"","2026-04-29"
0,"","Trailer Wrap Technician","SE Independent Delivery Services","United States","","",jobspy_indeed,https://www.indeed.com/viewjob?jk=040bd51382b8cae3,"","2026-04-29"
0,"","Senior Product Manager","Konami Gaming","United States","","",jobspy_indeed,https://www.indeed.com/viewjob?jk=0909d2731baf4e19,"","2026-04-29"
0,"","Senior Controls Deployment Engineer","ServerFarm","Remote","","$140,000 - $180,000 (yearly)",jobspy_indeed,https://www.indeed.com/viewjob?jk=d54fd2c11f2e0baf,"","2026-04-23"
0,"","Partner Operations Lead","Slate Auto","Remote","","",jobspy_indeed,https://www.indeed.com/viewjob?jk=a75d2b32f341caa0,"","2026-04-23"
0,"","Part Time Carpenter","Extraordinary","Washington, DC","","$35 - $45 (hourly)",jobspy_indeed,https://www.indeed.com/viewjob?jk=e261284cf6d5d1d5,"","2026-04-29"
0,"","Carpenter","BRDG Studios","United States","","",jobspy_indeed,https://www.indeed.com/viewjob?jk=3b6b42ba44ff3e0b,"","2026-04-29"
0,"","Scenic Carpenter - Haunt","nan","United States","","$28 - $33 (hourly)",jobspy_indeed,https://www.indeed.com/viewjob?jk=db2602809c68b579,"","2026-04-29"
0,"","Scenic Carpenter","Plague Productions","United States","","$22 - $28 (hourly)",jobspy_indeed,https://www.indeed.com/viewjob?jk=0da696f31b72de82,"","2026-04-29"
0,"","Scenic Carpenter","Sight & Sound Ministries, Inc.","United States","","",jobspy_indeed,https://www.indeed.com/viewjob?jk=165dbd0c68982d14,"","2026-04-23"
0,"","Event Rigging Supervisor, Audio Visual – Marriott Marquis","Encore Global","Washington, DC","","$44 - $44 (hourly)",jobspy_indeed,https://www.indeed.com/viewjob?jk=53e21f217edd171d,"","2026-04-28"
0,"","Service Technician Apprentice","MarineMax","United States","","",jobspy_indeed,https://www.indeed.com/viewjob?jk=953244c9a8284e89,"","2026-04-29"
0,"","Event Production Crew","Rhino Staging","United States","","$23 - $24 (hourly)",jobspy_indeed,https://www.indeed.com/viewjob?jk=370a2d88a436aff6,"","2026-04-24"
0,"","Maintenance Supervisor","Precinmac","United States","","$85,000 - $100,000 (yearly)",jobspy_indeed,https://www.indeed.com/viewjob?jk=36e5c381804d4481,"","2026-04-24"
0,"","Rigging Supervisor - Loews Arlington Hotel","Encore Global","United States","","$27 - $36 (hourly)",jobspy_indeed,https://www.indeed.com/viewjob?jk=3ea01d894f15e6d1,"","2026-04-23"
