score,verdict,title,company,location,tier,salary,source,url,reasoning,date_posted
0,"","Audio Engineer - Studio Technician (Part Time)","SAE Institute","Chicago, IL","","",serpapi_google_jobs,https://bebee.com/us/jobs/audio-engineer-studio-technician-part-time-sae-institute-chicago-il--theirstack-658087535?utm_campaign=google_jobs_apply&utm_source=google_jobs_apply&utm_medium=organic,"",""
0,"","Audio Engineer","Theo Ubique Cabaret Theatre","Evanston, IL","","",serpapi_google_jobs,https://jobs.leagueofchicagotheatres.org/job/theo-ubique-cabaret-theatre-chicago-contract-audio-engineer-2/?utm_campaign=google_jobs_apply&utm_source=google_jobs_apply&utm_medium=organic,"","2026-05-02"
0,"","Freelance Audio Visual Technician","A-V Services, Inc.","Chicago, IL","","",serpapi_google_jobs,https://tallo.com/talent/job/design-and-media/audio-or-visual-technician/il/chicago/freelance-audio-visual-technic-1ec977dc?utm_campaign=google_jobs_apply&utm_source=google_jobs_apply&utm_medium=organic,"","2026-05-26"
0,"","AV Residential Install Tech - Chicago","Premiere Systems","Chicago, IL","","27–40 an hour",serpapi_google_jobs,https://www.indeed.com/viewjob?jk=6273e50cc8bf483d&utm_campaign=google_jobs_apply&utm_source=google_jobs_apply&utm_medium=organic,"",""
0,"","Conference AV Technician — Meetings & Tech Support","Waveguide LLC","Anywhere","","",serpapi_google_jobs,https://www.mediabistro.com/jobs/3539528532-conference-av-technician-meetings-tech-support?utm_campaign=google_jobs_apply&utm_source=google_jobs_apply&utm_medium=organic,"","2026-05-27"
0,"","Freelance AV Technician - Audio, Video & Lighting (Chicago Area)","MDM Entertainment","Chicago, IL","","",serpapi_google_jobs,https://talents.vaia.com/companies/mdm-entertainment/chicago/freelance-av-technician-audio-video-lighting-chicago-area-109595970/?utm_campaign=google_jobs_apply&utm_source=google_jobs_apply&utm_medium=organic,"","2026-05-17"
0,"","AV Technician","Amplify People","Northbrook, IL","","",serpapi_google_jobs,https://www.tealhq.com/job/av-technician_7ea1aa9c58148a40c0fd5be9cf78b54e1c994?utm_campaign=google_jobs_apply&utm_source=google_jobs_apply&utm_medium=organic,"",""
0,"","Assistant Audio Engineer","Broadcast Management Group","Chicago, IL","","",serpapi_google_jobs,https://www.tealhq.com/job/assistant-audio-engineer_7ea1ae1788c5143ccf92076cf2fc1c7c82459?utm_campaign=google_jobs_apply&utm_source=google_jobs_apply&utm_medium=organic,"","2026-05-02"
0,"","Broadcast Engineer","Broadcast Management Group","Chicago, IL","","",serpapi_google_jobs,https://www.jobleads.com/us/job/broadcast-engineer--chicago--ebac525d716e912396872cba6710dddfa?utm_campaign=google_jobs_apply&utm_source=google_jobs_apply&utm_medium=organic,"","2026-05-22"
0,"","Live Event AV Technician — Growth, Training & Benefits","ACE Chicago Events","Chicago, IL","","",serpapi_google_jobs,https://www.jobleads.com/us/job/live-event-av-technician-growth-training-benefits--chicago--e84df4035ea8a34ff78d4de153be143fb?utm_campaign=google_jobs_apply&utm_source=google_jobs_apply&utm_medium=organic,"","2026-05-26"
0,"","Corporate AV Technician, Meetings & Events","Convene","Chicago, IL","","",serpapi_google_jobs,https://career.io/job/technical-directorproduction-manager-business-meetings-live-chicago-kemper-associates-4313a91553c653a690523821a33dac4a?utm_campaign=google_jobs_apply&utm_source=google_jobs_apply&utm_medium=organic,"",""
0,"","AV Technician","AV Workshop","Yonkers, NY","","25–65 an hour",serpapi_google_jobs,https://tallo.com/talent/job/design-and-media/audio-or-visual-technician/ny/yonkers/av-technician-bc15c904?utm_campaign=google_jobs_apply&utm_source=google_jobs_apply&utm_medium=organic,"","2026-05-27"
0,"","AV Technician Tier 2","EOS","New York, NY","","73K–76K a year",serpapi_google_jobs,https://www.tealhq.com/job/av-technician-tier-2_7ea1a208cbb61d58d1ba0074935cff301bbe7?utm_campaign=google_jobs_apply&utm_source=google_jobs_apply&utm_medium=organic,"","2026-05-27"
0,"","Audio Engineer/ AudioTech Assistant","Jambox Entertainment Studios","New York, NY","","",serpapi_google_jobs,https://www.entertainmentcareers.net/jambox-entertainment-studios/audio-engineer-audiotech-assistant/job/519709/?utm_campaign=google_jobs_apply&utm_source=google_jobs_apply&utm_medium=organic,"","2026-05-02"
0,"","Remote Broadcast & AV Technician","Turing Inc","New York, NY","","",serpapi_google_jobs,https://bebee.com/us/jobs/remote-broadcast-av-technician-turing-inc-new-york-ny-united-states--appcast-7428_7f9b884205f27308ea9e58d937ee93cea146d5334667182f9f2a22f6747a3d25?utm_campaign=google_jobs_apply&utm_source=google_jobs_apply&utm_medium=organic,"","2026-05-30"
0,"","Audio Visual AV Technician","Stern School of Business Information Technology","New York, NY","","",serpapi_google_jobs,https://www.wayup.com/i-Education-j-Audio-Visual-AV-Technician-Stern-School-of-Business-Information-Technology-110342304152003/?utm_campaign=google_jobs_apply&utm_source=google_jobs_apply&utm_medium=organic,"","2026-05-11"
0,"","Assistant Audio Engineer","New York Racing Association","Ozone Park, NY","","",serpapi_google_jobs,https://salutemyjob.com/jobs/assistant-audio-engineer-ozone-park-new-york/2795058360-2/?utm_campaign=google_jobs_apply&utm_source=google_jobs_apply&utm_medium=organic,"","2026-05-30"
0,"","Remote Voiceover & Dubbing Audio Engineer","Crossing Hurdles","New York, NY","","",serpapi_google_jobs,https://bebee.com/us/jobs/remote-voiceover-dubbing-audio-engineer-crossing-hurdles-new-york--lensa-7428_c0c2f9e2348f31b431b9525cb74125717c16f9b76b5e56a213acfebbc2c95df7?utm_campaign=google_jobs_apply&utm_source=google_jobs_apply&utm_medium=organic,"","2026-05-25"
0,"","AV Technician/Preparator","New Museum of Contemporary Art","New York, NY","","38 an hour",serpapi_google_jobs,https://bebee.com/us/jobs/av-technician-preparator-new-museum-of-contemporary-art-new-york--fj-2139129630?utm_campaign=google_jobs_apply&utm_source=google_jobs_apply&utm_medium=organic,"","2026-05-04"
0,"","21GRAMS -Audio Engineer, Sound Innovation","Real Chemistry","New York, NY","","",serpapi_google_jobs,https://podwires.com/jobs/audio-engineer-sound-innovation-real-chemistry/?utm_campaign=google_jobs_apply&utm_source=google_jobs_apply&utm_medium=organic,"","2026-05-26"
0,"","AV Technician","The Rockridge Group","South San Francisco, CA, Estados Unidos","","",serpapi_google_jobs,https://www.ziprecruiter.com/c/Rockridge-Group/Job/AV-Technician/-in-South-San-Francisco,CA?jid=87465d3c19083bd9&utm_campaign=google_jobs_apply&utm_source=google_jobs_apply&utm_medium=organic,"",""
0,"","AV Technician II","Astreya Partners, LLC","São Francisco, CA, Estados Unidos","","",serpapi_google_jobs,https://astreya.wd5.myworkdayjobs.com/life-at-astreya-opportunities/job/san-francisco-ca/av-technician-ii_r0015618?utm_campaign=google_jobs_apply&utm_source=google_jobs_apply&utm_medium=organic,"","há 18 dias"
0,"","AV Technician - Part-Time","Astreya","São Francisco, CA, Estados Unidos","","",serpapi_google_jobs,https://bebee.com/us/jobs/av-technician-part-time-astreya-san-francisco--dc-E4C6AC658E37C4F26B870E96977041EC?utm_campaign=google_jobs_apply&utm_source=google_jobs_apply&utm_medium=organic,"","há 11 dias"
0,"","Junior AV Technician","Trident Consulting","São Francisco, CA, Estados Unidos","","",serpapi_google_jobs,https://bebee.com/us/jobs/junior-av-technician-trident-consulting-san-francisco-ca--theirstack-688346293?utm_campaign=google_jobs_apply&utm_source=google_jobs_apply&utm_medium=organic,"","há 12 dias"
0,"","AV Technician","AV Technician — Corporate AV & IT Installations","San José, CA, Estados Unidos (+1)","","",serpapi_google_jobs,https://avixa.careerwebsite.com/job/av-technician/84216346/?utm_campaign=google_jobs_apply&utm_source=google_jobs_apply&utm_medium=organic,"","há 18 dias"
0,"","Audio Video (AV) Engineer – AVIXA Certified @CA, MA & RI (onsite)","AceStack","Boston, MA, Estados Unidos","","",serpapi_google_jobs,https://bebee.com/us/jobs/audio-video-av-engineer-avixa-certified-ca-ma-ri-onsite-acestack-boston-ma--theirstack-695147269?utm_campaign=google_jobs_apply&utm_source=google_jobs_apply&utm_medium=organic,"","há 3 dias"
0,"","Senior AV Engineer (7355U), Haas School of Business - 65478","University of California, Berkeley","São Francisco, CA, Estados Unidos","","",serpapi_google_jobs,https://careers.insidehighered.com/job/3094228/senior-av-engineer-7355u-haas-school-of-business-65478/?utm_campaign=google_jobs_apply&utm_source=google_jobs_apply&utm_medium=organic,"",""
0,"","Audio Visual Engineer (AV Engineer) with Security Clearance","TLI Enterprises, LLC","Williamsburg, VA, Estados Unidos","","",serpapi_google_jobs,https://bebee.com/us/jobs/audio-visual-engineer-av-engineer-with-security-clearance-tli-enterprises-llc-williamsburg-va-united--oneredce-8340_8820397?utm_campaign=google_jobs_apply&utm_source=google_jobs_apply&utm_medium=organic,"","há 2 dias"
0,"","Audiovisual (AV) Technician - II","Avidex Industries LLC","Lake Forest, CA, Estados Unidos","","US$ 27 a US$ 35 por hora",serpapi_google_jobs,https://www.whatjobs.com/jobs/audiovisual-av-technician-ii/lake-forest-california?id=2740711360&utm_campaign=google_jobs_apply&utm_source=google_jobs_apply&utm_medium=organic,"",""
0,"","Junior AV Engineer","IGI","Los Alamitos, CA, Estados Unidos","","",serpapi_google_jobs,https://www.werigi.com/junior-av-engineer-los-alamitos-ca?utm_campaign=google_jobs_apply&utm_source=google_jobs_apply&utm_medium=organic,"",""
0,"","Audio Visual Technician","Astreya","Seattle, WA","","",serpapi_google_jobs,https://lensa.com/job-v1/cti/seattle-wa/av-technician/63036389401074ef008ff5c89743d84d?utm_campaign=google_jobs_apply&utm_source=google_jobs_apply&utm_medium=organic,"","2026-05-20"
0,"","Seattle WA Freelance A/V Technician -1099","Churchill Group LLC","Seattle, WA","","30–60 an hour",serpapi_google_jobs,https://lensa.com/job-v1/blue-danube-productions/seattle-wa/av-technician-contractor/36155e0952faa51be857efb0554d49b1?utm_campaign=google_jobs_apply&utm_source=google_jobs_apply&utm_medium=organic,"",""
0,"","On-Site AV Technician | Install, Troubleshoot & Train","AVI-SPL","Seattle, WA","","",serpapi_google_jobs,https://www.whatjobs.com/jobs/on-site-av-technician-install/seattle-washington?id=2644360187&utm_campaign=google_jobs_apply&utm_source=google_jobs_apply&utm_medium=organic,"","2026-05-28"
0,"","AV Engineer - Zoom Room Deployment Specialist","EPAM Systems","Seattle, WA","","45K–69K a month",serpapi_google_jobs,https://bebee.com/us/jobs/av-engineer-zoom-room-deployment-specialist-epam-systems-seattle-wa--theirstack-676561056?utm_campaign=google_jobs_apply&utm_source=google_jobs_apply&utm_medium=organic,"","2026-05-03"
0,"","Audio Engineer - Pro Tools","Alignerr","Seattle, WA","","",serpapi_google_jobs,https://lensa.com/job-v1/alignerr/seattle-wa/audio-engineer/53f04054d22714b1e82141b58d398026?utm_campaign=google_jobs_apply&utm_source=google_jobs_apply&utm_medium=organic,"",""
0,"","AV Technician","LeadStack Inc.","Seattle, WA","","",serpapi_google_jobs,https://bebee.com/us/jobs/av-technician-leadstack-inc-seattle--lensa-2365_d439a8bba4a12d060df4b2b7cf717eda8ae67e944f9cf6a436be969575ac5cf2?utm_campaign=google_jobs_apply&utm_source=google_jobs_apply&utm_medium=organic,"","2026-05-27"
0,"","Lead Live Audio Engineer — On-Site Studio","Mighty Media Studios","Bellevue, WA","","",serpapi_google_jobs,https://talents.vaia.com/companies/mighty-media-studios/bellevue/lead-live-audio-engineer-on-site-studio-103696499/?utm_campaign=google_jobs_apply&utm_source=google_jobs_apply&utm_medium=organic,"","2026-05-03"
0,"","06 Lead AV Technician","Topa Group, Inc.","Bellevue, WA","","90K–110K a year",serpapi_google_jobs,https://www.career.com/job/topa-group-inc/06-lead-av-technician/j202601240831236548519?utm_campaign=google_jobs_apply&utm_source=google_jobs_apply&utm_medium=organic,"","2026-05-11"
0,"","AV Technician","Boston Technology Corporation","Boston, MA","","",serpapi_google_jobs,https://bebee.com/us/jobs/av-technician-teksystems-c-o-allegis-group-boston--techmap_us_c231a6a2-d0ad-41c5-9475-6892ca6999a9?utm_campaign=google_jobs_apply&utm_source=google_jobs_apply&utm_medium=organic,"","2026-05-12"
0,"","AV Technician - Freelance - Boston","Crunchy Tech","Boston, MA","","",serpapi_google_jobs,https://www.career.com/job/crunchy-tech/av-technician-freelance-boston/j202311210157076401427?utm_campaign=google_jobs_apply&utm_source=google_jobs_apply&utm_medium=organic,"","2026-05-29"
0,"","Video and Audio Engineer","EMD Millipore Corporation","Burlington, MA","","",serpapi_google_jobs,https://careers.merckgroup.com/br/pt/job/298147/Video-and-Audio-Engineer?utm_campaign=google_jobs_apply&utm_source=google_jobs_apply&utm_medium=organic,"","2026-05-20"
0,"","Freelance Audio Engineer (Studio / Live Sound)","John Kind Studios LLC","Boston, MA","","",serpapi_google_jobs,https://tallo.com/talent/job/design-and-media/sound-engineering-technician/ma/boston/freelance-audio-engineer-stud-5bf5ce09?utm_campaign=google_jobs_apply&utm_source=google_jobs_apply&utm_medium=organic,"","2026-05-05"
0,"","Audio Engineer, Sound Innovation","Real Chemistry","Boston, MA","","",serpapi_google_jobs,https://www.theladders.com/job/audio-engineer-sound-innovation-realchemistry-boston-ma_86553425?utm_campaign=google_jobs_apply&utm_source=google_jobs_apply&utm_medium=organic,"",""
0,"","Freelance AV Technician","Marcus Evans Group","Boston, MA","","",serpapi_google_jobs,https://talents.vaia.com/companies/marcus-evans-group/freelance-av-technician-34128634/?utm_campaign=google_jobs_apply&utm_source=google_jobs_apply&utm_medium=organic,"","2026-05-20"
0,"","AV Technician – Meeting","Voya Financial","Boston, MA","","79,620–132,720 a year",serpapi_google_jobs,https://us.trabajo.org/job-4023-024f73304871b45bdba6a918d982e53a?utm_campaign=google_jobs_apply&utm_source=google_jobs_apply&utm_medium=organic,"","2026-05-15"
0,"","Entertainment Production Services/AV Technician (Part - Time)","Encore Boston Harbor","Everett, MA","","",serpapi_google_jobs,https://talents.vaia.com/companies/encore-boston-harbor/entertainment-production-services-av-technician-part-time-31206115/?utm_campaign=google_jobs_apply&utm_source=google_jobs_apply&utm_medium=organic,"",""
0,"","Audio Engineer","Sofar Sounds","Los Angeles, CA, United States","","",serpapi_google_jobs,https://www.entertainmentcareers.net/livenation/audio-engineer/job/510863/?utm_campaign=google_jobs_apply&utm_source=google_jobs_apply&utm_medium=organic,"",""
0,"","Audio Engineer - (Part Time - On Call) - Los Angeles","Side","Los Angeles, CA, United States","","",serpapi_google_jobs,https://apply.workable.com/sideinc/j/AC65EE6E96?utm_campaign=google_jobs_apply&utm_source=google_jobs_apply&utm_medium=organic,"",""
0,"","AV Technician – Executive Events & Collaboration Technology","Kinly","Los Angeles, CA, United States","","US$70K–US$85K a year",serpapi_google_jobs,https://careers.kinly.com/o/av-technician-executive-events-collaboration-technology?utm_campaign=google_jobs_apply&utm_source=google_jobs_apply&utm_medium=organic,"","2026-05-14"
0,"","Audiovisual (AV) Technician","INA Display","Los Angeles County, CA, United States","","US$7,583–US$8,667 a month",serpapi_google_jobs,https://bebee.com/us/jobs/audiovisual-av-technician-ina-display-norwalk-ca--theirstack-669337067?utm_campaign=google_jobs_apply&utm_source=google_jobs_apply&utm_medium=organic,"",""
0,"","AV Technician","Anduril Industries","Costa Mesa, CA, United States","","US$22.60–US$30.29 an hour",serpapi_google_jobs,https://www.tealhq.com/job/av-technician_7ea1a6cc99937fb0070aa5c0466ef05207604?utm_campaign=google_jobs_apply&utm_source=google_jobs_apply&utm_medium=organic,"","2026-05-13"
0,"","Perceptual Audio Engineer (Research)","HARMAN International","Los Angeles, CA, United States","","",serpapi_google_jobs,https://earnbetter.com/app/job/01KJV8F3G3S34Q4WFH355SRY3Y/?utm_campaign=google_jobs_apply&utm_source=google_jobs_apply&utm_medium=organic,"","2026-05-27"
0,"","Temporary - Assistant Production Manager & Audio Engineer","PCE (Pacific Coast Entertainment)","Huntington Beach, CA, United States","","",serpapi_google_jobs,https://bebee.com/us/jobs/temporary-assistant-production-manager-audio-engineer-pce-pacific-coast-entertainment-huntington-bea--theirstack-665921496?utm_campaign=google_jobs_apply&utm_source=google_jobs_apply&utm_medium=organic,"",""
0,"","Lead AV Technician (Laramie, Wyoming)","Inter Technologies Corporation","Laramie, WY","","",serpapi_google_jobs,https://talents.vaia.com/companies/inter-technologies-corporation/laramie/lead-av-technician-laramie-wyoming-laramie-84086032/?utm_campaign=google_jobs_apply&utm_source=google_jobs_apply&utm_medium=organic,"","2026-06-01"
0,"","AV Technician","Xssentials","Aspen, CO","","25–45 an hour",serpapi_google_jobs,https://www.jobleads.com/us/job/av-technician--aspen--e783e15319dab75d044fd5cf46c3ab62c?utm_campaign=google_jobs_apply&utm_source=google_jobs_apply&utm_medium=organic,"",""
0,"","Level 1 Installer: AV Technician","Audio Video Experts","Grand Junction, CO","","20–25 an hour",serpapi_google_jobs,https://lensa.com/job-v1/audio-video-experts/grand-junction-co/av-technician/7bc1d802bff87990de9bb84bc7829860?utm_campaign=google_jobs_apply&utm_source=google_jobs_apply&utm_medium=organic,"",""
0,"","AV Technician","St. Timothy's Episcopal Church, Centennial","Centennial, CO","","60 an hour",serpapi_google_jobs,https://andrewhudsonsjobslist.com/jobs/av-technician-in-centennial-colorado-us/?utm_campaign=google_jobs_apply&utm_source=google_jobs_apply&utm_medium=organic,"","2026-05-10"
0,"","AV Technician Apprentice","Amplify People","Carbondale, CO","","",serpapi_google_jobs,https://www.tealhq.com/job/av-technician-apprentice_7ea1a9edc3351f18f662132ff5a88fd225eba?utm_campaign=google_jobs_apply&utm_source=google_jobs_apply&utm_medium=organic,"",""
0,"","Remote Broadcast & AV Technician - 50902","Turing","Anywhere","","",serpapi_google_jobs,https://bebee.com/us/jobs/remote-broadcast-av-technician-50902-turing--theirstack-672169633?utm_campaign=google_jobs_apply&utm_source=google_jobs_apply&utm_medium=organic,"",""
0,"","Audio Visual Engineer","Peake","United States","","100K–150K a year",serpapi_google_jobs,https://lensa.com/job-v1/peake/millersville-md/audio-visual-engineer/f2fe1f06b6390e98f5fa4410d39b7127?utm_campaign=google_jobs_apply&utm_source=google_jobs_apply&utm_medium=organic,"",""
0,"","Level 1 Installer AV Technician","Audio Video Experts","Grand Junction, CO","","",serpapi_google_jobs,https://www.jobleads.com/us/job/level-1-installer-av-technician--grand-junction--e830a58a538841d73a21700c293433bc2?utm_campaign=google_jobs_apply&utm_source=google_jobs_apply&utm_medium=organic,"","2026-05-25"
0,"","Senior AV Technician","Encore Electric","Fort Collins, CO","","72K–104K a year",serpapi_google_jobs,https://www.theladders.com/job/senior-av-technician-encore-electric-fort-collins-co_82387977?utm_campaign=google_jobs_apply&utm_source=google_jobs_apply&utm_medium=organic,"",""
0,"","Event AV Technician","Boulder County Communications","Boulder, CO","","55K–65K a year",serpapi_google_jobs,https://bebee.com/us/jobs/event-av-technician-boulder-county-communications-boulder-co-united-states--appcast-7428_457bf16d3cd74620bd7fe686fa14f0c808d9d8fee69ecadc3a796366127fbe1b?utm_campaign=google_jobs_apply&utm_source=google_jobs_apply&utm_medium=organic,"","2026-05-12"
0,"","Production Engineer","LHH","Bensenville, IL","","100K–125K a year",serpapi_google_jobs,https://www.jobleads.com/us/job/production-engineer--bensenville--ed86afc2cf8d79dff9cea3d14adf0fa95?utm_campaign=google_jobs_apply&utm_source=google_jobs_apply&utm_medium=organic,"","2026-05-05"
0,"","Production Engineer","Stepan Company","Elwood, IL","","67.4K–87.3K a year",serpapi_google_jobs,https://www.tealhq.com/job/production-engineer_7ea1a814889a06655b0c96cd02635db2cc18a?utm_campaign=google_jobs_apply&utm_source=google_jobs_apply&utm_medium=organic,"",""
0,"","Production Engineer | Chicago, IL","Michael Page","Chicago, IL","","80K–100K a year",serpapi_google_jobs,https://www.michaelpage.com/job-detail/production-engineer-chicago-il/ref/jn-042026-7004348?utm_campaign=google_jobs_apply&utm_source=google_jobs_apply&utm_medium=organic,"",""
0,"","Senior Production Engineer (IC4)","Ontrac Solutions","Chicago, IL","","",serpapi_google_jobs,https://www.tealhq.com/job/senior-production-engineer_7ea1a1774d7d50755b4a4700773d262ddc682?utm_campaign=google_jobs_apply&utm_source=google_jobs_apply&utm_medium=organic,"","2026-05-28"
0,"","Production Engineer","RHI Magnesita","Hammond, IN","","",serpapi_google_jobs,https://talents.vaia.com/companies/rhi-magnesita-n-v/hammond/production-engineer-94789634/?utm_campaign=google_jobs_apply&utm_source=google_jobs_apply&utm_medium=organic,"",""
0,"","Production Engineer","Storm Search","Elmhurst, IL","","7,500–9,583 a month",serpapi_google_jobs,https://bebee.com/us/jobs/production-engineer-storm-search-elmhurst-il--theirstack-679701262?utm_campaign=google_jobs_apply&utm_source=google_jobs_apply&utm_medium=organic,"","2026-05-08"
0,"","Production Engineer","Nouryon","Morris, IL","","",serpapi_google_jobs,https://www.nouryon.com/vacancies/2026-united-states-morris-engineering-all-roles-production-engineer-n0014096/?utm_campaign=google_jobs_apply&utm_source=google_jobs_apply&utm_medium=organic,"","2026-05-04"
0,"","Broadcast Production Engineer — Master Control & Live News","Dormont Manufacturing Co","Milwaukee, WI","","",serpapi_google_jobs,https://www.jobleads.com/us/job/broadcast-production-engineer-master-control-live-news--milwaukee--e2d31f41246556d6c8124361b0afb47d8?utm_campaign=google_jobs_apply&utm_source=google_jobs_apply&utm_medium=organic,"","2026-05-26"
0,"","Broadcast Engineer","Milwaukee Bucks, LLC.","Milwaukee, WI","","75K–80K a year",serpapi_google_jobs,https://www.workinsports.com/jobs/view/517788932?utm_campaign=google_jobs_apply&utm_source=google_jobs_apply&utm_medium=organic,"",""
0,"","Production/ Broadcast Engineer - NBC Sports","NBCUniversal","New York, NY","","",serpapi_google_jobs,https://www.builtinnyc.com/job/production-broadcast-engineer-nbc-sports/9174679?utm_campaign=google_jobs_apply&utm_source=google_jobs_apply&utm_medium=organic,"","2026-05-23"
0,"","𝗗𝗲𝘀𝗸 𝗣𝗿𝗼𝗱𝘂𝗰𝘁𝗶𝗼𝗻 𝗘𝗻𝗴𝗶𝗻𝗲𝗲𝗿 — 𝗖𝗼𝗻𝗳𝗶𝗱𝗲𝗻𝘁𝗶𝗮𝗹 𝗧𝗿𝗮𝗱𝗶𝗻𝗴 𝗙𝗶𝗿𝗺 — 𝗡𝗬𝗖","NJF Global Holdings Ltd","New York, NY","","200K–250K a year",serpapi_google_jobs,https://www.linkedin.com/jobs/view/%F0%9D%97%97%F0%9D%97%B2%F0%9D%98%80%F0%9D%97%B8-%F0%9D%97%A3%F0%9D%97%BF%F0%9D%97%BC%F0%9D%97%B1%F0%9D%98%82%F0%9D%97%B0%F0%9D%98%81%F0%9D%97%B6%F0%9D%97%BC%F0%9D%97%BB-%F0%9D%97%98%F0%9D%97%BB%F0%9D%97%B4%F0%9D%97%B6%F0%9D%97%BB%F0%9D%97%B2%F0%9D%97%B2%F0%9D%97%BF-%E2%80%94-%F0%9D%97%96%F0%9D%97%BC%F0%9D%97%BB%F0%9D%97%B3%F0%9D%97%B6%F0%9D%97%B1%F0%9D%97%B2%F0%9D%97%BB%F0%9D%98%81%F0%9D%97%B6%F0%9D%97%AE%F0%9D%97%B9-%F0%9D%97%A7%F0%9D%97%BF%F0%9D%97%AE%F0%9D%97%B1%F0%9D%97%B6%F0%9D%97%BB%F0%9D%97%B4-%F0%9D%97%99%F0%9D%97%B6%F0%9D%97%BF%F0%9D%97%BA-%E2%80%94-%F0%9D%97%A1%F0%9D%97%AC%F0%9D%97%96-at-njf-global-holdings-ltd-4421806704?utm_campaign=google_jobs_apply&utm_source=google_jobs_apply&utm_medium=organic,"","2026-06-01"
0,"","Broadcast Production Engineer","Insight Global","Anywhere","","",serpapi_google_jobs,https://www.mediabistro.com/jobs/3539267370-broadcast-production-engineer?utm_campaign=google_jobs_apply&utm_source=google_jobs_apply&utm_medium=organic,"","2026-05-20"
0,"","Broadcast Engineer, Replay Job at Major League Baseball in New York","Major League Baseball","Anywhere","","80K–92.5K a year",serpapi_google_jobs,https://www.mediabistro.com/jobs/3539554949-broadcast-engineer-replay-job-at-major-league-baseball-in-new-york?utm_campaign=google_jobs_apply&utm_source=google_jobs_apply&utm_medium=organic,"","2026-05-28"
0,"","Production/ Broadcast Engineer [Stamford]","NBC Sports","Stamford, CT","","",serpapi_google_jobs,https://www.showbizjobs.com/jobs/nbc-sports-production-broadcast-engineer-in-stamford/jid-wpnvyy?utm_campaign=google_jobs_apply&utm_source=google_jobs_apply&utm_medium=organic,"",""
0,"","Broadcast Engineer","Cuez","New York, NY","","",serpapi_google_jobs,https://www.tealhq.com/job/broadcast-engineer_7ea1a1ce264d33948476f07e93d8cfbeaaa55?utm_campaign=google_jobs_apply&utm_source=google_jobs_apply&utm_medium=organic,"","2026-05-04"
0,"","Broadcast Engineer","Legends Global","Brooklyn, NY","","",serpapi_google_jobs,https://www.teamworkonline.com/arenas-facilities-jobs/asm-global-jobs/asm-global-jobs/broadcast-engineer-2164253?utm_campaign=google_jobs_apply&utm_source=google_jobs_apply&utm_medium=organic,"",""
0,"","NOC Live Production Engineer","Sony Electronics Inc","Paramus, NJ","","101,007–134,675 a year",serpapi_google_jobs,https://www.milwaukeejobs.com/job/detail/86744243/NOC-Live-Production-Engineer?keywords=Medical%2Bor%2BSurgical%2BInstrument%2BMaker&utm_campaign=google_jobs_apply&utm_source=google_jobs_apply&utm_medium=organic,"",""
0,"","Junior Broadcast Engineer at Gravity Media Kings County, NY","Gravity Media","Brooklyn, NY","","",serpapi_google_jobs,https://themilestonesinternational.com/gig/job/junior-broadcast-engineer-at-gravity-media-kings-county-ny-aEVaUkFQcUtDbzZYM1gyS1lMZk1Gb05PTUE9PQ==?utm_campaign=google_jobs_apply&utm_source=google_jobs_apply&utm_medium=organic,"","2026-05-23"
0,"","Lead Mobile Broadcast Engineer Job at Game Creek Video in New York","Game Creek Video","Anywhere","","",serpapi_google_jobs,https://www.mediabistro.com/jobs/3539376691-lead-mobile-broadcast-engineer-job-at-game-creek-video-in-new-york?utm_campaign=google_jobs_apply&utm_source=google_jobs_apply&utm_medium=organic,"","2026-05-23"
0,"","Media Production Broadcast Engineer / Architect","Autodesk","San Francisco, CA","","",serpapi_google_jobs,https://www.mediabistro.com/jobs/3539552314-media-production-broadcast-engineer-architect?utm_campaign=google_jobs_apply&utm_source=google_jobs_apply&utm_medium=organic,"",""
0,"","Broadcast Engineer","CBS","San Francisco, CA","","80K–95K a year",serpapi_google_jobs,https://www.entertainmentcareers.net/cbs/broadcast-engineer/job/517632/?utm_campaign=google_jobs_apply&utm_source=google_jobs_apply&utm_medium=organic,"","2026-05-10"
0,"","Specialty Production Broadcast Engineer","Fntech","Menlo Park, CA","","100K–140K a year",serpapi_google_jobs,https://www.tealhq.com/job/specialty-production-broadcast-engineer_7ea1a4ec959cdfc1aa845c2bc83abbb3b7c64?utm_campaign=google_jobs_apply&utm_source=google_jobs_apply&utm_medium=organic,"",""
0,"","Production Engineer","The Boldt Company","San Francisco, CA","","",serpapi_google_jobs,https://app.welcometothejungle.com/jobs/ZvPl_Ff9?utm_campaign=google_jobs_apply&utm_source=google_jobs_apply&utm_medium=organic,"","2026-05-29"
0,"","Media Production Broadcast Engineer​/Architect","Autodesk, Inc.","San Francisco, CA","","109,400–176,880 a year",serpapi_google_jobs,https://www.learn4good.com/jobs/san-francisco/california/info_technology/4994277570/e/?utm_campaign=google_jobs_apply&utm_source=google_jobs_apply&utm_medium=organic,"",""
0,"","Cal State University (CSU) San Francisco","Cal State University (CSU) San Francisco","San Francisco, CA","","",serpapi_google_jobs,https://www.careersingovernment.com/job/1009199/broadcast-and-studio-engineer-broadcast-engineer/?utm_campaign=google_jobs_apply&utm_source=google_jobs_apply&utm_medium=organic,"",""
0,"","NABET On-Call TV Production Engineer","KQED","San Francisco, CA","","",serpapi_google_jobs,https://jobs.ashbyhq.com/Crusoe/d8019cfe-995a-40c3-bce0-97f368f3d454/application?urlHash=NLxf&utm_campaign=google_jobs_apply&utm_source=google_jobs_apply&utm_medium=organic,"","2026-05-10"
0,"","Production Engineer","Centific","Redmond, WA","","",serpapi_google_jobs,https://www.iitjobs.com/job/production-engineer-redmond-washington-usa-267754?utm_campaign=google_jobs_apply&utm_source=google_jobs_apply&utm_medium=organic,"","2026-05-03"
0,"","Senior IT Production Engineer","King County","Seattle, WA","","123,947.20–157,110.10 a year",serpapi_google_jobs,https://www.governmentjobs.com/careers/kingcounty/jobs/5350604/senior-it-production-engineer?utm_campaign=google_jobs_apply&utm_source=google_jobs_apply&utm_medium=organic,"","2026-05-25"
0,"","Production Engineer","Meta","Bellevue, WA (+2 others)","","",serpapi_google_jobs,https://www.metacareers.com/profile/job_details/1512065736047495/?utm_campaign=google_jobs_apply&utm_source=google_jobs_apply&utm_medium=organic,"",""
0,"","Staff Production Engineer","CoreWeave","Bellevue, WA","","188K–275K a year",serpapi_google_jobs,https://builtin.com/job/staff-production-engineer/8191916?utm_campaign=google_jobs_apply&utm_source=google_jobs_apply&utm_medium=organic,"",""
0,"","Broadcast Engineer","Sirius XM Radio","Seattle, WA","","68K–108K a year",serpapi_google_jobs,https://www.jobzmall.com/sirius-xm-radio/job/broadcast-engineer-32?utm_campaign=google_jobs_apply&utm_source=google_jobs_apply&utm_medium=organic,"",""
0,"","Travel-Ready Mobile Broadcast Engineer","Creative Technology UK","Seattle, WA","","",serpapi_google_jobs,https://www.whatjobs.com/jobs/travel-ready-mobile-broadcast-engineer/seattle-washington?id=2640630764&utm_campaign=google_jobs_apply&utm_source=google_jobs_apply&utm_medium=organic,"","2026-05-19"
0,"","Mobile Broadcast Engineer — On‑Site & Global Travel","NEP Group","Anywhere","","",serpapi_google_jobs,https://www.mediabistro.com/jobs/3539212693-mobile-broadcast-engineer-on-site-and-global-travel?utm_campaign=google_jobs_apply&utm_source=google_jobs_apply&utm_medium=organic,"","2026-05-17"
0,"","Senior Production Engineer","CoreWeave","Bellevue, WA","","165K–242K a year",serpapi_google_jobs,https://www.builtinseattle.com/job/production-engineer/6266271?utm_campaign=google_jobs_apply&utm_source=google_jobs_apply&utm_medium=organic,"",""
0,"","Scale & Performance Production Engineer","Ieeerusb","Bellevue, WA","","",serpapi_google_jobs,https://jobs.digitalhire.com/job-listing/opening/6HO5gPJv2HFXjWcagVxLpD?utm_campaign=google_jobs_apply&utm_source=google_jobs_apply&utm_medium=organic,"","2026-06-01"
0,"","Production Engineer","Nominal","Seattle, WA","","150K–265K a year",serpapi_google_jobs,https://www.jobleads.com/us/job/production-engineer--seattle--ecea9529b2414c0249fb273e7a6e6d194?utm_campaign=google_jobs_apply&utm_source=google_jobs_apply&utm_medium=organic,"","2026-05-22"
0,"","Production Engineer","Meta","Boston, MA","","120K–160K a year",serpapi_google_jobs,https://www.theladders.com/job/production-engineer-meta-boston-ma_84609302?utm_campaign=google_jobs_apply&utm_source=google_jobs_apply&utm_medium=organic,"",""
0,"","Broadcast Engineer","Sirius XM Radio","Boston, MA","","53K–83K a year",serpapi_google_jobs,https://www.jobzmall.com/sirius-xm-radio/job/broadcast-engineer-30?utm_campaign=google_jobs_apply&utm_source=google_jobs_apply&utm_medium=organic,"",""
0,"","8.4. Production Engineer II - Burlington","Phoenix Tailings","Burlington, MA","","",serpapi_google_jobs,https://jobs.lever.co/PhoenixTailings/1ee7a053-7fe8-418a-af5a-d2a9f8781a5a?utm_campaign=google_jobs_apply&utm_source=google_jobs_apply&utm_medium=organic,"",""
0,"","Broadcast Engineer","Ross Video","Wallingford, CT","","",serpapi_google_jobs,https://www.jobleads.com/us/job/broadcast-engineer--wallingford--ebacc57b55f010f75c6c59e559a6c9e38?utm_campaign=google_jobs_apply&utm_source=google_jobs_apply&utm_medium=organic,"","2026-05-07"
0,"","Senior Production Engineer - Automation","Placements24","Boston, MA","","",serpapi_google_jobs,https://www.whatjobs.com/jobs/senior-production-engineer-automation/boston-massachusetts?id=2751032582&utm_campaign=google_jobs_apply&utm_source=google_jobs_apply&utm_medium=organic,"","2026-05-26"
0,"","AI Production Engineer","Acceler8 Talent","Boston, MA","","90K–130K a year",serpapi_google_jobs,https://www.jobleads.com/us/job/ai-production-engineer--boston--ef32e7b13e91ac1cf94a7dead01ffbf1b?utm_campaign=google_jobs_apply&utm_source=google_jobs_apply&utm_medium=organic,"","2026-05-29"
0,"","Broadcast Engineer, Burbank, California","Evertz Microsystems Limited","Burbank, CA","","",serpapi_google_jobs,https://www.experteer.co.uk/career/view-jobs/broadcast-engineer-burbank-california-burbank-ca-usa-57536065?signup_hook=lo_job_title&utm_campaign=google_jobs_apply&utm_source=google_jobs_apply&utm_medium=organic,"","2026-05-11"
0,"","IS&T Services AV & Broadcast Engineer, Employee Experience & Productivity Job at","Apple Inc.","Anywhere","","",serpapi_google_jobs,https://www.mediabistro.com/jobs/3539503874-ist-services-av-broadcast-engineer-employee-experience-productivity-job-at?utm_campaign=google_jobs_apply&utm_source=google_jobs_apply&utm_medium=organic,"","2026-05-27"
0,"","Broadcast Engineer - Spectrum News","Spectrum","El Segundo, CA","","81.8K–157K a year",serpapi_google_jobs,https://www.builtinla.com/job/broadcast-engineer-spectrum-news/9392925?utm_campaign=google_jobs_apply&utm_source=google_jobs_apply&utm_medium=organic,"","2026-05-15"
0,"","Production Engineer","iHealth Manufacturing","Irwindale, CA","","68K–83K a year",serpapi_google_jobs,https://bebee.com/us/jobs/production-engineer-ihealth-manufacturing-irwindale-ca--theirstack-689495141?utm_campaign=google_jobs_apply&utm_source=google_jobs_apply&utm_medium=organic,"","2026-05-20"
0,"","Production Engineer","Fujifilm","Santa Ana, CA","","",serpapi_google_jobs,https://uscareers-fujifilm.icims.com/jobs/37891/production-engineer/job?utm_campaign=google_jobs_apply&utm_source=google_jobs_apply&utm_medium=organic,"","2026-05-28"
0,"","Broadcast Engineer - Replay (Part-Time)","Major League Baseball (MLB)","El Segundo, CA","","",serpapi_google_jobs,https://www.ihirebroadcasting.com/jobs/view/515134997?utm_campaign=google_jobs_apply&utm_source=google_jobs_apply&utm_medium=organic,"","2026-05-30"
0,"","Production Engineer","Rangeview Inc.","El Segundo, CA","","85K–154K a year",serpapi_google_jobs,https://www.theladders.com/job/production-engineer-rangeview-inc-el-segundo-ca_84338977?utm_campaign=google_jobs_apply&utm_source=google_jobs_apply&utm_medium=organic,"",""
0,"","Charter Communications is hiring: Broadcast Engineer - Spectrum News in El Segun","Charter Communications","El Segundo, CA","","",serpapi_google_jobs,https://www.mediabistro.com/jobs/3539424287-charter-communications-is-hiring-broadcast-engineer-spectrum-news-in-el-segun?utm_campaign=google_jobs_apply&utm_source=google_jobs_apply&utm_medium=organic,"","2026-05-25"
0,"","Broadcast Engineer","KPBS","San Diego, CA","","",serpapi_google_jobs,https://careers.aises.org/job/broadcast-engineer/84365843/?utm_campaign=google_jobs_apply&utm_source=google_jobs_apply&utm_medium=organic,"","2026-05-21"
0,"","Broadcast Engineer","Reach Media LLC","Washington, DC","","87K–110K a year",serpapi_google_jobs,https://www.theladders.com/job/broadcast-engineer-teampeople-washington-dc_87038649?utm_campaign=google_jobs_apply&utm_source=google_jobs_apply&utm_medium=organic,"","2026-05-21"
0,"","Chief Broadcast Engineer","NewsMax Broadcasting LLC","Washington, DC","","145K–185K a year",serpapi_google_jobs,https://www.tealhq.com/job/chief-broadcast-engineer_7ea1a94b095876d9a5298cbf339d94443c9cf?utm_campaign=google_jobs_apply&utm_source=google_jobs_apply&utm_medium=organic,"","2026-05-28"
0,"","Broadcast Engineer","Sinclair Broadcast Group","Arlington, VA","","",serpapi_google_jobs,https://www.tealhq.com/job/broadcast-engineer_7ea1a1f4b919dade0635a5cf0dde843c55846?utm_campaign=google_jobs_apply&utm_source=google_jobs_apply&utm_medium=organic,"",""
0,"","Broadcast Engineer in Charge","Maslow Media Group, Inc.","Clarksburg, MD","","80K–110K a year",serpapi_google_jobs,https://www.ziprecruiter.com/c/Maslow-Media-Group/Job/Broadcast-Engineer-in-Charge/-in-Clarksburg,MD?jid=add7fe887b5f256b&utm_campaign=google_jobs_apply&utm_source=google_jobs_apply&utm_medium=organic,"",""
0,"","Broadcast Engineer Job at PARTNERS Staffing in washington","PARTNERS Staffing","Washington, DC","","",serpapi_google_jobs,https://www.mediabistro.com/jobs/3539549979-broadcast-engineer-job-at-partners-staffing-in-washington?utm_campaign=google_jobs_apply&utm_source=google_jobs_apply&utm_medium=organic,"","2026-05-28"
0,"","Senior Broadcast Engineer","FTS, Inc.","Washington, DC","","110K–140K a year",serpapi_google_jobs,https://www.linkedin.com/jobs/view/senior-broadcast-engineer-at-fts-inc-4409937171?utm_campaign=google_jobs_apply&utm_source=google_jobs_apply&utm_medium=organic,"","2026-05-06"
0,"","Production Engineer","Iron Fabrication Services Inc","Annapolis Junction, MD","","",serpapi_google_jobs,https://recruiting.paylocity.com/recruiting/jobs/Details/3998951/Iron-Fabrication-Services-Inc/Production-Engineer?utm_campaign=google_jobs_apply&utm_source=google_jobs_apply&utm_medium=organic,"",""
0,"","Broadcast Engineer","Kroenke Sports & Entertainment","Centennial, CO","","",serpapi_google_jobs,https://www.teamworkonline.com/multiple-properties/kroenkesportsjobs/kroenke-sports---entertainment/broadcast-engineer-2126149?utm_campaign=google_jobs_apply&utm_source=google_jobs_apply&utm_medium=organic,"",""
0,"","Production Engineer II","Hach","Loveland, CO","","86,000–97,750 a year",serpapi_google_jobs,https://www.tealhq.com/job/production-engineer-ii_7ea1aa91e03128ea551338a46fdb0f24e32f2?utm_campaign=google_jobs_apply&utm_source=google_jobs_apply&utm_medium=organic,"","2026-05-13"
0,"","Broadcast Engineer","Ball Arena","Colorado","","25–32 an hour",serpapi_google_jobs,https://www.mediabistro.com/jobs/3539401419-broadcast-engineer?utm_campaign=google_jobs_apply&utm_source=google_jobs_apply&utm_medium=organic,"","2026-05-19"
0,"","Production Engineer","Wanco","Aurora, CO","","",serpapi_google_jobs,https://career.io/job/production-engineer-aurora-nutrien-2536ac3ddb91cbf2190193a172dc2a18?utm_campaign=google_jobs_apply&utm_source=google_jobs_apply&utm_medium=organic,"","2026-06-01"
0,"","Production Engineer (II or III)","True Anomaly","Denver, CO","","",serpapi_google_jobs,https://startup.jobs/production-engineer-ii-or-iii-true-anomaly-7649067?utm_campaign=google_jobs_apply&utm_source=google_jobs_apply&utm_medium=organic,"","2026-05-26"
0,"","Broadcast Engineer","GCS Recruitment","Fort Collins, CO","","",serpapi_google_jobs,https://www.gcstechtalent.com/job-search/1386/broadcast-engineer/it-support-infrastructure/fort-collins/job?utm_campaign=google_jobs_apply&utm_source=google_jobs_apply&utm_medium=organic,"","2026-05-28"
0,"","Broadcast Engineer, KMGH","The E.W. Scripps Company","Denver, CO","","",serpapi_google_jobs,https://www.tealhq.com/job/broadcast-engineer_7ea1a132c9aff77af965f73adcf20bff4cae0?utm_campaign=google_jobs_apply&utm_source=google_jobs_apply&utm_medium=organic,"",""
0,"","Broadcast Engineer","AEG Presents","Greenwood Village, CO","","",serpapi_google_jobs,https://lensa.com/job-v1/aeg-presents/greenwood-village-co/broadcast-engineer/9471e8e5d01cd64b44f17496d88b7382?utm_campaign=google_jobs_apply&utm_source=google_jobs_apply&utm_medium=organic,"",""
0,"","KSL Broadcast Engineer (Full time)","Bonneville International Corporation","United States","","",serpapi_google_jobs,https://deseretmanagement.wd1.myworkdayjobs.com/en-US/BonSaltLake/job/KSL-Broadcast-Engineer--Full-time-_R8036?utm_campaign=google_jobs_apply&utm_source=google_jobs_apply&utm_medium=organic,"",""
0,"","Production Engineer","Elk Petroleum","Cortez, CO","","",serpapi_google_jobs,https://bebee.com/us/jobs/production-engineer-elk-petroleum-cortez-co--theirstack-664197471?utm_campaign=google_jobs_apply&utm_source=google_jobs_apply&utm_medium=organic,"",""
0,"","Specialist: Conference Services Events","Mayer Brown LLP","Chicago, IL","","72K–96K a year",serpapi_google_jobs,https://usjobs-mayerbrown.icims.com/jobs/5786/specialist%3A-conference-services-events/job?utm_campaign=google_jobs_apply&utm_source=google_jobs_apply&utm_medium=organic,"",""
0,"","Event Services Supervisor - Audio Visual, Event Technology","Pinnacle Live","Chicago, IL","","",serpapi_google_jobs,https://talents.vaia.com/companies/pinnacle-live/event-services-supervisor-audio-visual-event-technology-37709569/?utm_campaign=google_jobs_apply&utm_source=google_jobs_apply&utm_medium=organic,"",""
0,"","Conference Services & Events Assistant","Skadden, Arps, Slate, Meagher & Flom LLP & Affiliates","Chicago, IL","","55K–60K a year",serpapi_google_jobs,https://www.builtinchicago.org/job/conference-services-events-assistant/9056606?utm_campaign=google_jobs_apply&utm_source=google_jobs_apply&utm_medium=organic,"",""
0,"","Specialist, IT & Event Technology","CHICAGO EVENT MANAGEMENT","Chicago, IL","","60K–84K a year",serpapi_google_jobs,https://talents.vaia.com/companies/chicago-event-management/specialist-it-event-technology-36595723/?utm_campaign=google_jobs_apply&utm_source=google_jobs_apply&utm_medium=organic,"",""
0,"","Audio Visual (AV) Event Specialist","McHenry County College","Crystal Lake, IL","","",serpapi_google_jobs,https://talents.vaia.com/companies/mchenry-county-college/crystal-lake/audio-visual-av-event-specialist-74528799/?utm_campaign=google_jobs_apply&utm_source=google_jobs_apply&utm_medium=organic,"",""
0,"","Event Technology Specialist - CVENT","McDermott Will & Schulte LLP","Chicago, IL","","",serpapi_google_jobs,https://mwe.wd5.myworkdayjobs.com/en-US/mwe_careers/job/Event-Technology-Specialist---CVENT_R-100769-1?utm_campaign=google_jobs_apply&utm_source=google_jobs_apply&utm_medium=organic,"",""
0,"","Hybrid AV Specialist - Part-Time Live Stream & Events","Freeman Company","Chicago, IL","","",serpapi_google_jobs,https://www.whatjobs.com/jobs/hybrid-av-specialist-part-time/chicago-illinois?id=2737567608&utm_campaign=google_jobs_apply&utm_source=google_jobs_apply&utm_medium=organic,"","2026-05-19"
0,"","Event Technology Sales Associate: Close Small-Event Deals","Encore Global","Schiller Park, IL","","42K–56K a year",serpapi_google_jobs,https://www.jobleads.com/us/job/event-technology-sales-associate-close-small-event-deals--schiller-park--e3d30c4052ae50bca5f231a303ade2af9?utm_campaign=google_jobs_apply&utm_source=google_jobs_apply&utm_medium=organic,"","2026-05-29"
0,"","Conference Services Set Up - Full Time","Q Center","St. Charles, IL","","",serpapi_google_jobs,https://careers.hireology.com/q-center/2774040/description?utm_campaign=google_jobs_apply&utm_source=google_jobs_apply&utm_medium=organic,"",""
0,"","Event Technology Specialist CVENT","McDermott Will & Schulte","Chicago, IL","","93K–142K a year",serpapi_google_jobs,https://www.jobleads.com/us/job/event-technology-specialist-cvent--chicago--ec884ce02f53f4f17439dfd79f0ccb7ef?utm_campaign=google_jobs_apply&utm_source=google_jobs_apply&utm_medium=organic,"","2026-05-24"
0,"","Onsite AV Specialist","Diversified","New York, NY","","29.27–35.00 an hour",serpapi_google_jobs,https://diversityjobs.com/career/16601439/Onsite-Av-Specialist-New-York-New-York?utm_campaign=google_jobs_apply&utm_source=google_jobs_apply&utm_medium=organic,"",""
0,"","Manager - AV & Event Technology Operations","GMSC","New York, NY","","80K–120K a year",serpapi_google_jobs,https://career.io/job/manager-av-event-technology-new-york-gmsc-operations-technology-8088c66762953c3821bdc49cf23add89?utm_campaign=google_jobs_apply&utm_source=google_jobs_apply&utm_medium=organic,"",""
0,"","White-Glove Conference Center AV Specialist","Kirkland & Ellis","Brooklyn, NY","","",serpapi_google_jobs,https://talents.vaia.com/companies/kirkland-ellis/east-new-york/white-glove-conference-center-av-specialist-66625677/?utm_campaign=google_jobs_apply&utm_source=google_jobs_apply&utm_medium=organic,"",""
0,"","Manager of AV and Event Technology","The Connors Group","New York, NY","","110K–120K a year",serpapi_google_jobs,https://theconnorsgroup.com/job/9374-manager-of-av-and-event-technology/?utm_campaign=google_jobs_apply&utm_source=google_jobs_apply&utm_medium=organic,"","2026-05-15"
0,"","Event Services Technician - Audio Visual, Event Technology","Pinnacle Live","Brooklyn, NY","","",serpapi_google_jobs,https://us.thebigjobsite.com/details/B3228DC695D00FFD9AF791E41FBD88C8/event-services-technician---audio-visual--event-technology?utm_campaign=google_jobs_apply&utm_source=google_jobs_apply&utm_medium=organic,"","2026-05-20"
0,"","Events and Conference Services","Cravath, Swaine & Moore LLP","New York, NY","","70K–85K a year",serpapi_google_jobs,https://tallo.com/talent/job/administrative/office-or-administrative-assistant/ny/harrison/administrative-assistant-even-de6f585b?utm_campaign=google_jobs_apply&utm_source=google_jobs_apply&utm_medium=organic,"",""
0,"","Conference Services Manager","Hard Rock Hotel New York","New York, NY","","87.5K–112K a year",serpapi_google_jobs,https://www.tealhq.com/job/conference-services-manager_7ea1a413947f905ba80c93015116e128b8fc8?utm_campaign=google_jobs_apply&utm_source=google_jobs_apply&utm_medium=organic,"","2026-05-22"
0,"","Conference Services Support","Sullivan & Cromwell","New York, NY","","",serpapi_google_jobs,https://www.jobleads.com/us/job/conference-services-support--new-york--ebbc18a03f074ad5261f40bd2df4eea02?utm_campaign=google_jobs_apply&utm_source=google_jobs_apply&utm_medium=organic,"",""
0,"","Fort Lee On-Site AV Specialist - Training & Event Support","nLogic","Fort Lee, NJ","","60K–80K a year",serpapi_google_jobs,https://www.learn4good.com/jobs/fort-lee/new-jersey/info_technology/5129976514/e/?utm_campaign=google_jobs_apply&utm_source=google_jobs_apply&utm_medium=organic,"","2026-05-28"
0,"","CONFERENCE SERVICES ATTENDANT (FULL TIME)","Compass Group","New York, NY","","",serpapi_google_jobs,https://careers.compass-usa.com/conference-services-attendant-full-time/job/E2E81D67B925C39DC1BE062A4A3A62C5?utm_campaign=google_jobs_apply&utm_source=google_jobs_apply&utm_medium=organic,"",""
0,"","Event Services Technician - Event Technology, Audio Visual","Pinnacle Live","San Francisco, CA","","25.92–27.70 an hour",serpapi_google_jobs,https://jobs.jobvite.com/pinnaclelive/job/onjcAfwc?utm_campaign=google_jobs_apply&utm_source=google_jobs_apply&utm_medium=organic,"","2026-05-29"
0,"","Collaboration AV Specialist — Video & Meeting Support","Gibson Dunn","San Francisco, CA","","80K–90K a year",serpapi_google_jobs,https://www.jobleads.com/us/job/collaboration-av-specialist-video-meeting-support--san-francisco--e97b042b5e744daadc82edb3857b049d9?utm_campaign=google_jobs_apply&utm_source=google_jobs_apply&utm_medium=organic,"","2026-05-28"
0,"","CONFERENCE SERVICES ATTENDANT (FULL TIME)","Compass Group","San Francisco, CA","","",serpapi_google_jobs,https://careers.compass-usa.com/conference-services-attendant-full-time/job/002BE52A45025C6683CAD911F9548EBC?utm_campaign=google_jobs_apply&utm_source=google_jobs_apply&utm_medium=organic,"","2026-05-29"
0,"","Operations Manager - Audio Visual, Event Technology","Pinnacle Live","Burlingame, CA","","",serpapi_google_jobs,https://jobs.jobvite.com/pinnaclelive/job/oIl5zfwr?utm_campaign=google_jobs_apply&utm_source=google_jobs_apply&utm_medium=organic,"","2026-05-04"
0,"","Conference Services Manager","Four Seasons","San Francisco, CA","","80K–82.4K a year",serpapi_google_jobs,https://www.tealhq.com/job/conference-services-manager_7ea1a3f564513f15e5e9de7b082855b8d686a?utm_campaign=google_jobs_apply&utm_source=google_jobs_apply&utm_medium=organic,"",""
0,"","IT Site Support and AV Specialist","Ropes & Gray","San Francisco, CA","","",serpapi_google_jobs,https://careers-ropesgray.icims.com/jobs/9023/it-site-support-and-av-specialist/job?utm_campaign=google_jobs_apply&utm_source=google_jobs_apply&utm_medium=organic,"",""
0,"","Event Technology Specialist CVENT","McDermott Will & Schulte","San Francisco, CA","","93K–142K a year",serpapi_google_jobs,https://www.jobleads.com/us/job/event-technology-specialist-cvent--san-francisco--e702a0afcea6eaa4216eedebcfbbd8347?utm_campaign=google_jobs_apply&utm_source=google_jobs_apply&utm_medium=organic,"","2026-05-21"
0,"","Sr Event Technology Specialist","Paramount Pictures","San Francisco, CA","","60K a year",serpapi_google_jobs,https://www.learn4good.com/jobs/san-francisco/california/entertainment/5133397683/e/?utm_campaign=google_jobs_apply&utm_source=google_jobs_apply&utm_medium=organic,"","2026-05-29"
0,"","Event Technology Manager","McDermott Will & Emery LLP","San Francisco, CA","","",serpapi_google_jobs,https://talents.vaia.com/companies/mcdermott-will-emery-llp/san-francisco/event-technology-manager-74894612/?utm_campaign=google_jobs_apply&utm_source=google_jobs_apply&utm_medium=organic,"",""
0,"","Head of Event Technology","Atlassian","Mountain View, CA","","",serpapi_google_jobs,https://www.theladders.com/job/head-of-event-technology-atlassian-mountain-view-ca_86770013?source=similar&utm_campaign=google_jobs_apply&utm_source=google_jobs_apply&utm_medium=organic,"","2026-05-26"
0,"","Event Services Technician - Event Technology, Audio Visual","Pinnacle Live","Seattle, WA","","",serpapi_google_jobs,https://jobs.jobvite.com/pinnaclelive/job/oa1Uzfwo?utm_campaign=google_jobs_apply&utm_source=google_jobs_apply&utm_medium=organic,"",""
0,"","AV Specialist","EOS","Seattle, WA","","80K–90K a year",serpapi_google_jobs,https://builtin.com/job/av-specialist/9369704?utm_campaign=google_jobs_apply&utm_source=google_jobs_apply&utm_medium=organic,"","2026-05-14"
0,"","Event Services Technician - Audio Visual, Event Technology","Pinnacle Live","Woodinville, WA","","",serpapi_google_jobs,https://talents.vaia.com/companies/pinnacle-live/event-services-technician-audio-visual-event-technology-32994776/?utm_campaign=google_jobs_apply&utm_source=google_jobs_apply&utm_medium=organic,"",""
0,"","Director, Event Technology","Encore","Seattle, WA","","56K–74K a year",serpapi_google_jobs,https://www.jobleads.com/us/job/director-event-technology-sne-hotel-services-the-edgewater-hotel--seattle--e3a603ec21f5a7ac255f87c52f6d4b9c4?utm_campaign=google_jobs_apply&utm_source=google_jobs_apply&utm_medium=organic,"","2026-05-26"
0,"","Full Stack Principal Software Engineer - Event Technology","Salesforce","Seattle, WA","","197K–345K a year",serpapi_google_jobs,https://www.theladders.com/job/principal-full-stack-software-engineer-ad-experiences-thewaltdisneycompany-seattle-wa_84190734?utm_campaign=google_jobs_apply&utm_source=google_jobs_apply&utm_medium=organic,"",""
0,"","Strategic Event Technology Manager","Snowflake","Bellevue, WA","","",serpapi_google_jobs,https://diversityjobs.com/career/16892952/Strategic-Event-Technology-Manager-Washington-Bellevue?utm_campaign=google_jobs_apply&utm_source=google_jobs_apply&utm_medium=organic,"","2026-05-13"
0,"","Event Technology Manager","First Global Management Services","Redmond, WA","","",serpapi_google_jobs,https://bandana.com/jobs/a5481175-93c8-4113-9e32-557fc0ba3c74?utm_campaign=google_jobs_apply&utm_source=google_jobs_apply&utm_medium=organic,"","2026-05-04"
0,"","Principal Software Engineer - Event Technology","Salesforce","Seattle, WA","","",serpapi_google_jobs,https://www.tealhq.com/job/principal-software-engineer-event-technology_7ea1a204ac1478e89ac8eada504aac66513dd?utm_campaign=google_jobs_apply&utm_source=google_jobs_apply&utm_medium=organic,"",""
0,"","Full Stack Principal Software Engineer - Event Technology","100 Salesforce, Inc.","Anywhere","","",serpapi_google_jobs,https://salesforce.wd12.myworkdayjobs.com/External_Career_Site/job/Washington---Seattle/Principal-Software-Engineer---Event-Technology_JR328543/apply?utm_campaign=google_jobs_apply&utm_source=google_jobs_apply&utm_medium=organic,"",""
0,"","Senior Global Event Technology Lead","Snowflake","Bellevue, WA","","112K–147K a year",serpapi_google_jobs,https://www.jobleads.com/us/job/senior-global-event-technology-lead--bellevue--ee27476b716b3cb0e1fa18db8c76b11ab?utm_campaign=google_jobs_apply&utm_source=google_jobs_apply&utm_medium=organic,"","2026-05-25"
0,"","Event Services Technician - Audio Visual, Event Technology","Pinnacle Live","Boston, MA","","",serpapi_google_jobs,https://jobs.jobvite.com/pinnaclelive/job/oaU0zfwn?utm_campaign=google_jobs_apply&utm_source=google_jobs_apply&utm_medium=organic,"",""
0,"","AV & Event Tech Concierge — Elevate Live Experiences","Pinnacle Live","Boston, MA","","",serpapi_google_jobs,https://www.jobleads.com/us/job/av-event-tech-concierge-elevate-live-experiences--boston--eb5487e169c2a64d589993479abcf9afe?utm_campaign=google_jobs_apply&utm_source=google_jobs_apply&utm_medium=organic,"","2026-05-25"
0,"","AV & Event Technology Operations Manager","Pinnacle Live","Boston, MA","","",serpapi_google_jobs,https://us.jobrapido.com/jobpreview/4460034114082308096?utm_campaign=google_jobs_apply&utm_source=google_jobs_apply&utm_medium=organic,"","2026-05-16"
0,"","AV Specialist","Legends Global","Boston, MA","","",serpapi_google_jobs,https://www.jobleads.com/us/job/av-specialist--boston--eee2cd9b6b999a591e8a1da4e6632c9d7?utm_campaign=google_jobs_apply&utm_source=google_jobs_apply&utm_medium=organic,"",""
0,"","Event Services Concierge - Audio Visual, Event Technology","Pinnacle Live","Massachusetts","","16.75–21.75 an hour",serpapi_google_jobs,https://oysterlink.com/job-posting/event-services-concierge-audio-visual-event-technology-5/?utm_campaign=google_jobs_apply&utm_source=google_jobs_apply&utm_medium=organic,"","2026-05-21"
0,"","Conference Services & Events Assistant","Skadden, Arps, Slate, Meagher & Flom LLP & Affiliates","Boston, MA","","58K–65K a year",serpapi_google_jobs,https://www.tealhq.com/job/conference-services-events-assistant_7ea1a84583b2b2f13dcc905c7a51613938cbd?utm_campaign=google_jobs_apply&utm_source=google_jobs_apply&utm_medium=organic,"","2026-05-14"
0,"","Conference Services Manager","Seaport Hotel","Boston, MA","","75K a year",serpapi_google_jobs,https://careers-coraltreehospitality.icims.com/jobs/12709/conference-services-manager/job?utm_campaign=google_jobs_apply&utm_source=google_jobs_apply&utm_medium=organic,"","2026-05-29"
0,"","Conference Services Manage","Seaport Hotel","Boston, MA","","",serpapi_google_jobs,https://www.tealhq.com/job/conference-services-co-op_7ea1a723ae2582ad2c7e11ad7e6eaa982a99a?utm_campaign=google_jobs_apply&utm_source=google_jobs_apply&utm_medium=organic,"","2026-05-28"
0,"","Event Technology Internship (Fall 2024) - Boston, MA","Encore Canada","Dedham, MA","","",serpapi_google_jobs,https://www.mediabistro.com/jobs/3539527803-event-technology-internship-fall-2024-boston-ma?utm_campaign=google_jobs_apply&utm_source=google_jobs_apply&utm_medium=organic,"","2026-05-27"
0,"","ATTN: Recent & Soon-to-Be College Grads - National College Leadership Program Northeast- Mid Atlantic","PSAV","Dedham, MA","","",serpapi_google_jobs,https://jobs.smartrecruiters.com/PSAV/743999698595523-attn-recent-soon-to-be-college-grads-national-college-leadership-program-northeast-mid-atlantic?utm_campaign=google_jobs_apply&utm_source=google_jobs_apply&utm_medium=organic,"",""
0,"","Venue Director I - Audio Visual, Event Technology","Pinnacle Live","Pasadena, CA","","",serpapi_google_jobs,https://jobs.jobvite.com/pinnaclelive/job/oAQ8zfwR?utm_campaign=google_jobs_apply&utm_source=google_jobs_apply&utm_medium=organic,"","2026-05-14"
0,"","AV Specialist — Meetings & Event Support (Healthcare)","Insight Global","Orange, CA","","50K–70K a year",serpapi_google_jobs,https://www.jobleads.com/us/job/av-specialist-meetings-event-support-healthcare--orange--e292b835ea130998bdf4cf7b8f3c2e657?utm_campaign=google_jobs_apply&utm_source=google_jobs_apply&utm_medium=organic,"","2026-05-22"
0,"","Event Services Technician - Event Technology, Audio Visual","Pinnacle Live","Costa Mesa, CA","","",serpapi_google_jobs,https://bebee.com/us/jobs/event-services-technician-event-technology-audio-visual-pinnacle-live-costa-mesa-ca--jooble--8119510713411255046?utm_campaign=google_jobs_apply&utm_source=google_jobs_apply&utm_medium=organic,"","2026-05-06"
0,"","Conference Services and Program Coordinator - Whittier, CA","Whittier College","Whittier, CA","","25.72–28.60 an hour",serpapi_google_jobs,https://oysterlink.com/job-posting/conference-services-and-program-coordinator/?utm_campaign=google_jobs_apply&utm_source=google_jobs_apply&utm_medium=organic,"","2026-05-26"
0,"","Live Event AV Specialist – Onsite Production","Covestic Inc","East Los Angeles, CA","","",serpapi_google_jobs,https://talents.vaia.com/companies/covestic-inc/east-los-angeles/live-event-av-specialist-onsite-production-70468649/?utm_campaign=google_jobs_apply&utm_source=google_jobs_apply&utm_medium=organic,"",""
0,"","Conference Services and Program Coordinator","Whittier College","Whittier, CA","","",serpapi_google_jobs,https://www.higheredjobs.com/admin/details.cfm?JobCode=179430140&utm_campaign=google_jobs_apply&utm_source=google_jobs_apply&utm_medium=organic,"",""
0,"","AV Specialist — Meetings & Event Support; Healthcare","Insight Global","Orange, CA","","60K–80K a year",serpapi_google_jobs,https://www.learn4good.com/jobs/orange/california/design_and_multimedia/5108535034/e/?utm_campaign=google_jobs_apply&utm_source=google_jobs_apply&utm_medium=organic,"","2026-05-19"
0,"","Venue Manager - Audio Visual, Event Technology","Pinnacle Live","Los Angeles, CA","","",serpapi_google_jobs,https://jobs.jobvite.com/pinnaclelive/job/oLN9Afw1?utm_campaign=google_jobs_apply&utm_source=google_jobs_apply&utm_medium=organic,"","2026-05-18"
0,"","Director, Event Technology (OEM), Hotel Services - Los Angeles","Encore Global","Los Angeles, CA","","66,571.70–86,559.20 a year",serpapi_google_jobs,https://lensa.com/job-v1/encore/los-angeles-ca/director-of-events/97a09f802b3bf5243cb587bfdb73d897?utm_campaign=google_jobs_apply&utm_source=google_jobs_apply&utm_medium=organic,"","2026-05-05"
0,"","Director, Event Technology (OEM), Hotel Services - Los Angeles","Encore Global","Alhambra, CA","","66,571.70–86,559.20 a year",serpapi_google_jobs,https://oysterlink.com/job-posting/director-event-technology-oem-hotel-services-los-angeles/?utm_campaign=google_jobs_apply&utm_source=google_jobs_apply&utm_medium=organic,"","2026-05-26"
0,"","AV Specialist","VSSI","Gambrills, MD","","",serpapi_google_jobs,https://www.indeed.com/viewjob?jk=a99cf9b544c02d4f&utm_campaign=google_jobs_apply&utm_source=google_jobs_apply&utm_medium=organic,"",""
0,"","AV Specialist","TechDigital Corporation","Washington, DC","","",serpapi_google_jobs,https://bebee.com/us/jobs/av-specialist-sunrise-systems-inc-washington-dc--theirstack-680484720?utm_campaign=google_jobs_apply&utm_source=google_jobs_apply&utm_medium=organic,"",""
0,"","Event Services Technician - Audio Visual, Event Technology","Pinnacle Live","Arlington, VA","","",serpapi_google_jobs,https://talents.vaia.com/companies/pinnacle-live/event-services-technician-audio-visual-event-technology-32594255/?utm_campaign=google_jobs_apply&utm_source=google_jobs_apply&utm_medium=organic,"",""
0,"","AV Specialist- 3607337","AMS Staffing Inc.","Washington, DC","","40–45 an hour",serpapi_google_jobs,https://us.trabajo.org/job-4023-b0aa1416d43adc1a9735ed03ab0b71f4?utm_campaign=google_jobs_apply&utm_source=google_jobs_apply&utm_medium=organic,"","2026-05-28"
0,"","Lead Event Technology Specialist; AV​/Lighting","Encore","Gaithersburg, MD","","60K–80K a year",serpapi_google_jobs,https://www.learn4good.com/jobs/gaithersburg/maryland/creative_arts_and_media/5122537268/e/?utm_campaign=google_jobs_apply&utm_source=google_jobs_apply&utm_medium=organic,"","2026-05-25"
0,"","AV Specialist-- SARDC5799822","Compunnel Inc.","Washington, DC","","",serpapi_google_jobs,https://bebee.com/us/jobs/av-specialist-sardc5799822-compunnel-inc-washington-dc--theirstack-683105357?utm_campaign=google_jobs_apply&utm_source=google_jobs_apply&utm_medium=organic,"","2026-05-13"
0,"","Lead Event Technology Specialist","Encore","Baltimore, MD","","27–36 an hour",serpapi_google_jobs,https://talents.vaia.com/companies/encore/baltimore/lead-event-technology-specialist-av-lighting-89739791/?utm_campaign=google_jobs_apply&utm_source=google_jobs_apply&utm_medium=organic,"",""
0,"","Head of Catering & Conference Services","DHS Brand","Hagerstown, MD","","100K–125K a year",serpapi_google_jobs,https://www.learn4good.com/jobs/hagerstown/maryland/hospitality/5135654451/e/?utm_campaign=google_jobs_apply&utm_source=google_jobs_apply&utm_medium=organic,"","2026-05-30"
0,"","Onsite AV Specialist — Classroom & Events Tech Lead","Yakshna Solutions","Herndon, VA","","90K–105K a year",serpapi_google_jobs,https://talents.vaia.com/companies/yakshna-solutions/herndon/onsite-av-specialist-classroom-events-tech-lead-87515453/?utm_campaign=google_jobs_apply&utm_source=google_jobs_apply&utm_medium=organic,"",""
0,"","Audio Visual (AV) Specialist","GDIT","Arlington, VA","","72,250–97,750 a year",serpapi_google_jobs,https://www.jobilize.com/job/us-va-arlington-audio-visual-av-specialist-general-dynamics-information?utm_campaign=google_jobs_apply&utm_source=google_jobs_apply&utm_medium=organic,"","2026-05-22"
0,"","Event Services Technician - Event Technology, Audio Visual","Pinnacle Live","United States","","",serpapi_google_jobs,https://www.tealhq.com/job/event-services-technician_7ea1a0f3345681b62ec22d888ab8ad464f5a0?utm_campaign=google_jobs_apply&utm_source=google_jobs_apply&utm_medium=organic,"",""
0,"","Venue Director I – Audio Visual, Event Technology","Pinnacle Live","United States","","",serpapi_google_jobs,https://talents.vaia.com/companies/pinnacle-live/venue-director-i-audio-visual-event-technology-50701075/?utm_campaign=google_jobs_apply&utm_source=google_jobs_apply&utm_medium=organic,"",""
0,"","Onsite AV Specialist","Diversified","United States","","",serpapi_google_jobs,https://www.linkedin.com/jobs/view/onsite-av-specialist-at-diversified-4404002738?utm_campaign=google_jobs_apply&utm_source=google_jobs_apply&utm_medium=organic,"","2026-05-11"
0,"","AV Specialist","Legends Attractions, LLC","United States","","",serpapi_google_jobs,https://asmglobal.wd1.myworkdayjobs.com/en-US/careers/job/AV-Specialist_R100121607?utm_campaign=google_jobs_apply&utm_source=google_jobs_apply&utm_medium=organic,"",""
0,"","General Dynamics Information Technology is hiring: Audio Visual (AV) Specialist","General Dynamics Information Technology","Anywhere","","",serpapi_google_jobs,https://www.mediabistro.com/jobs/3539421002-general-dynamics-information-technology-is-hiring-audio-visual-av-specialist?utm_campaign=google_jobs_apply&utm_source=google_jobs_apply&utm_medium=organic,"","2026-05-25"
0,"","Onsite Senior AV Specialist for Exec Meetings - C2H","Zones IT Solutions","United States","","",serpapi_google_jobs,https://talents.vaia.com/companies/zones-it-solutions/onsite-senior-av-specialist-for-exec-meetings-c2h-107975492/?utm_campaign=google_jobs_apply&utm_source=google_jobs_apply&utm_medium=organic,"","2026-05-15"
0,"","Event Technology Project Manager","Opus Agency","Beaverton, OR (+2 others)","","",serpapi_google_jobs,https://jobs.jobvite.com/theopusgroup/job/oDRSzfwF?utm_campaign=google_jobs_apply&utm_source=google_jobs_apply&utm_medium=organic,"",""
0,"","Product Owner, Event Technology","Project Management Institute","Anywhere","","132K–161K a year",serpapi_google_jobs,https://www.showbizjobs.com/jobs/paramount--sr-live-event-technology-specialist-in-new-york/jid-bxn28x?utm_campaign=google_jobs_apply&utm_source=google_jobs_apply&utm_medium=organic,"",""
0,"","Director of Event Technology II- Vail, CO","Encore Global","Vail, CO","","64,506–83,858 a year",serpapi_google_jobs,https://www.theladders.com/job/director-of-event-technology-ii-vail-co-encore-us-vail-co_86449556?utm_campaign=google_jobs_apply&utm_source=google_jobs_apply&utm_medium=organic,"",""
0,"","Director of Event Technology","Encore","Vail, CO","","64K–84K a year",serpapi_google_jobs,https://www.jobleads.com/us/job/director-of-event-technology-ii-vail-co--vail--ef592fc92b6bf59227da8f1abb91a6240?utm_campaign=google_jobs_apply&utm_source=google_jobs_apply&utm_medium=organic,"","2026-05-27"
0,"","Audio Visual Installation Technician","Commercial AV/IT installation company","Chicago, IL","","45K–75K a year",serpapi_google_jobs,https://us.jobrapido.com/jobpreview/8310498356807860224?utm_campaign=google_jobs_apply&utm_source=google_jobs_apply&utm_medium=organic,"","2026-05-22"
0,"","Audiovisual Technician","Gowithlive","Chicago, IL","","50K–70K a year",serpapi_google_jobs,https://talents.vaia.com/companies/gowithlive/chicago/audiovisual-technician-live-events-96685338/?utm_campaign=google_jobs_apply&utm_source=google_jobs_apply&utm_medium=organic,"",""
0,"","Audiovisual Technician - Live Events","L!VE Technologies and 3dx","Chicago, IL","","",serpapi_google_jobs,https://bebee.com/us/jobs/audiovisual-technician-live-events-lve-technologies-and-3dx-chicago--lensa-2365_7f20a1d511a93e2489c42dc4d9c20ec41b3ccb2c8fc941de77c8f08abd9b9093?utm_campaign=google_jobs_apply&utm_source=google_jobs_apply&utm_medium=organic,"","2026-05-26"
0,"","AV Commissioning Technician - Videoboards","Musco Sports Lighting","Chicago, IL","","",serpapi_google_jobs,https://career.io/job/av-technician-chicago-chicago-premiere-systems-af0b373d5d3b6a3e8bdf49145b642106?utm_campaign=google_jobs_apply&utm_source=google_jobs_apply&utm_medium=organic,"","2026-05-15"
0,"","Audiovisual Technician","United Methodist Church of Geneva","Geneva, IL","","15–20 an hour",serpapi_google_jobs,https://bebee.com/us/jobs/audiovisual-technician-united-methodist-church-of-geneva-geneva-il--theirstack-690419988?utm_campaign=google_jobs_apply&utm_source=google_jobs_apply&utm_medium=organic,"","2026-05-21"
0,"","Audiovisual Engineer (Open to All Dykema Locations)","Dykema","Chicago, IL","","105K–130K a year",serpapi_google_jobs,https://talents.vaia.com/companies/dykema/chicago/audiovisual-engineer-open-to-all-dykema-locations-82612667/?utm_campaign=google_jobs_apply&utm_source=google_jobs_apply&utm_medium=organic,"",""
0,"","AV Systems Engineer","Davita Inc.","Evanston, IL","","",serpapi_google_jobs,https://talents.vaia.com/companies/davita-inc/av-systems-engineer-34244394/?utm_campaign=google_jobs_apply&utm_source=google_jobs_apply&utm_medium=organic,"",""
0,"","Audiovisual Technician","Gowithlive","Gurnee, IL","","45K–60K a year",serpapi_google_jobs,https://talents.vaia.com/companies/gowithlive/gurnee/audiovisual-technician-live-events-98893413/?utm_campaign=google_jobs_apply&utm_source=google_jobs_apply&utm_medium=organic,"",""
0,"","Entry Level AV Technician - Start Your Career in Tech! at Frequency Audio Visual Services Inc Elk Grove Village, IL","Frequency Audio Visual Services Inc","Elk Grove Village, IL","","",serpapi_google_jobs,https://susieskarford.com/office/job/entry-level-av-technician-start-your-career-in-tech-at-frequency-audio-visual-services-inc-elk-grove-village-il-ZjBmZmZzc3VXNUZGOUlFWjJaeXVKMlJwU1E9PQ==?utm_campaign=google_jobs_apply&utm_source=google_jobs_apply&utm_medium=organic,"","2026-05-14"
0,"","Audiovisual Technician I","Bradley University","Peoria, IL","","",serpapi_google_jobs,https://www.breakroom.cc/en-us/jobs/listing/37758281-bradley-university-audiovisual-technician-i-peoria-illinois?utm_campaign=google_jobs_apply&utm_source=google_jobs_apply&utm_medium=organic,"","2026-05-12"
0,"","Audio Visual Engineer","A-V Services, Inc.","New York, NY","","",serpapi_google_jobs,https://www.jobzmall.com/franklin-templeton-investments/job/associate-audio-visual-engineer?utm_campaign=google_jobs_apply&utm_source=google_jobs_apply&utm_medium=organic,"","2026-05-26"
0,"","Audio/Visual (A/V) Technician (Onsite - New York, NY)","Stage 4 Solutions","New York, NY","","",serpapi_google_jobs,https://bebee.com/us/jobs/audio-visual-a-v-technician-onsite-new-york-ny-stage-4-solutions-new-york-ny--theirstack-687653948?utm_campaign=google_jobs_apply&utm_source=google_jobs_apply&utm_medium=organic,"","2026-05-18"
0,"","Audiovisual Technician","Astreya Partners","New York, NY","","3,640–5,720 a month",serpapi_google_jobs,https://bebee.com/us/jobs/audiovisual-technician-astreya-partners-new-york-ny--theirstack-667986670?utm_campaign=google_jobs_apply&utm_source=google_jobs_apply&utm_medium=organic,"",""
0,"","Audiovisual Engineer","METRIX IT SOLUTIONS INC","New City, NY","","110K–120K a year",serpapi_google_jobs,https://us.trabajo.org/job-4112-95844d2fef1a43cc023d669d0565a126?utm_campaign=google_jobs_apply&utm_source=google_jobs_apply&utm_medium=organic,"","2026-05-27"
0,"","AudioVisual Technician","Ask IT consulting","Pearl River, NY","","",serpapi_google_jobs,https://bandana.com/jobs/d9f2877c-1bd5-464a-9405-9f6dfdfca025?utm_campaign=google_jobs_apply&utm_source=google_jobs_apply&utm_medium=organic,"",""
0,"","Lead Audiovisual Technician","Vivo Technologies","New York, NY","","65K–75K a year",serpapi_google_jobs,https://www.indeed.com/viewjob?jk=4cd174790f9e1d1f&utm_campaign=google_jobs_apply&utm_source=google_jobs_apply&utm_medium=organic,"","2026-05-19"
0,"","In-house hotel audiovisual technician – M/F","Morgan & Mallet International","New York, NY","","5.4K a month",serpapi_google_jobs,https://hospitality-staffing.agency/jobs/0007-pam-audio-visual-technician-nyc/?utm_campaign=google_jobs_apply&utm_source=google_jobs_apply&utm_medium=organic,"",""
0,"","Audiovisual Technician","Technical Video Inc.","Latham, NY","","25–50 an hour",serpapi_google_jobs,https://bebee.com/us/jobs/audiovisual-technician-technical-video-inc-latham-ny--theirstack-692297409?utm_campaign=google_jobs_apply&utm_source=google_jobs_apply&utm_medium=organic,"","2026-05-24"
0,"","Enterprise AV Systems Engineer - Meetings & Collaboration","Insight Global","New York, NY","","",serpapi_google_jobs,https://us.jobrapido.com/jobpreview/804717809304076288?utm_campaign=google_jobs_apply&utm_source=google_jobs_apply&utm_medium=organic,"","2026-05-21"
0,"","Junior Audiovisual Technician","JL Entertainment Designs","Malvern, PA","","20–25 an hour",serpapi_google_jobs,https://www.iitjobs.com/job/junior-it-security-malvern-uk-200604?utm_campaign=google_jobs_apply&utm_source=google_jobs_apply&utm_medium=organic,"","2026-05-11"
0,"","Audio Visual Specialist","Astreya","San Francisco, CA","","",serpapi_google_jobs,https://www.jobleads.com/us/job/audio-visual-specialist--san-francisco--e240ab6e3a46bcb58a036e2b4a86457a5?utm_campaign=google_jobs_apply&utm_source=google_jobs_apply&utm_medium=organic,"","2026-05-05"
0,"","Audiovisual Technician","HCL Technologies Limited - Business Services","Sunnyvale, CA","","49K–88K a year",serpapi_google_jobs,https://www.glassdoor.com/job-listing/audiovisual-technician-hcltech-JV_IC1147442_KO0,22_KE23,30.htm?jl=1009977437385&utm_campaign=google_jobs_apply&utm_source=google_jobs_apply&utm_medium=organic,"","2026-05-07"
0,"","Audiovisual Technician (Concord, CA)","Experis","Concord, CA","","",serpapi_google_jobs,https://bebee.com/us/jobs/audiovisual-technician-concord-ca-experis-concord-ca--theirstack-673235011?utm_campaign=google_jobs_apply&utm_source=google_jobs_apply&utm_medium=organic,"",""
0,"","Audiovisual Technician","Lucid Motors","Newark, CA","","",serpapi_google_jobs,https://workingreen.jobs/offers/audiovisual-technician-at-lucid-motors-newark-ca?utm_campaign=google_jobs_apply&utm_source=google_jobs_apply&utm_medium=organic,"",""
0,"","Audiovisual Specialist","Hoover Institution, Stanford University","Stanford, CA","","40.24–46.05 an hour",serpapi_google_jobs,https://bebee.com/us/jobs/audiovisual-specialist-hoover-institution-stanford-university-stanford-ca--theirstack-678829505?utm_campaign=google_jobs_apply&utm_source=google_jobs_apply&utm_medium=organic,"","2026-05-06"
0,"","Audio Visual Engineer","Roblox","San Mateo, CA","","",serpapi_google_jobs,https://gamecompanies.com/jobs/audio-visual-engineer-ep7xcubrdzs86z8u074g939wb?utm_campaign=google_jobs_apply&utm_source=google_jobs_apply&utm_medium=organic,"",""
0,"","Hybrid A/V Systems Engineer for Global Collaboration","Uber","San Francisco, CA","","153K–170K a year",serpapi_google_jobs,https://www.jobleads.com/us/job/hybrid-a-v-systems-engineer-for-global-collaboration--san-francisco--ee73f8b87c263d8a48e8457943b927a48?utm_campaign=google_jobs_apply&utm_source=google_jobs_apply&utm_medium=organic,"","2026-05-28"
0,"","IT Engineering - Audiovisual Engineer at Anthropic San Francisco, CA","Anthropic","San Francisco, CA","","",serpapi_google_jobs,https://efesfilo.com/library/job/it-engineering-audiovisual-engineer-at-anthropic-san-francisco-ca-aXJiVnhXenF1eEk4L3BnYXpnOWZXWXd4?utm_campaign=google_jobs_apply&utm_source=google_jobs_apply&utm_medium=organic,"","2026-05-09"
0,"","Mid Level AV Programmer/Field Engineer","Key Code Media, Inc.","Union City, CA","","85K–125K a year",serpapi_google_jobs,https://bebee.com/us/jobs/mid-level-av-programmer-field-engineer-key-code-media-inc-union-city-ca--theirstack-696371096?utm_campaign=google_jobs_apply&utm_source=google_jobs_apply&utm_medium=organic,"","2026-05-29"
0,"","Audio Visual Specialist","AVI-SPL","Santa Clara, CA","","",serpapi_google_jobs,https://careers.avispl.com/jobs/11559?lang=en-us&utm_campaign=google_jobs_apply&utm_source=google_jobs_apply&utm_medium=organic,"","2026-05-27"
0,"","AV Systems Engineer - Shape Live Art & Hybrid Events","Seattle Art Museum","Seattle, WA","","",serpapi_google_jobs,https://talents.vaia.com/companies/seattle-art-museum/seattle/av-systems-engineer-shape-live-art-hybrid-events-86132274/?utm_campaign=google_jobs_apply&utm_source=google_jobs_apply&utm_medium=organic,"",""
0,"","Tier 2 Audio Visual Field Technician","EOS","Seattle, WA","","32–41 an hour",serpapi_google_jobs,https://career.io/job/tier-2-audio-visual-field-technician-seattle-eos-70fcfd689dd5eb02235e010d8e26a0d6?utm_campaign=google_jobs_apply&utm_source=google_jobs_apply&utm_medium=organic,"",""
0,"","Lead Audio Visual Field Technician","EOS","Seattle, WA","","80K–110K a year",serpapi_google_jobs,https://career.io/job/lead-audio-visual-field-technician-seattle-eos-26fe129ef36a94dc0010af743a7411fb?utm_campaign=google_jobs_apply&utm_source=google_jobs_apply&utm_medium=organic,"",""
0,"","AV Systems Engineer – Onsite Support & System Optimization","WideNet Consulting Group","Bellevue, WA","","",serpapi_google_jobs,https://talents.vaia.com/companies/widenet-consulting-group/bellevue/av-systems-engineer-onsite-support-system-optimization-70261682/?utm_campaign=google_jobs_apply&utm_source=google_jobs_apply&utm_medium=organic,"",""
0,"","AV Tech Coordinator","Oregon Museum of Science and Industry (OMSI)","Portland, OR","","24.53 an hour",serpapi_google_jobs,https://www.tealhq.com/job/av-tech-coordinator_7ea1a0c9e62b8947e10805996efa89c3ed73e?utm_campaign=google_jobs_apply&utm_source=google_jobs_apply&utm_medium=organic,"","2026-05-26"
0,"","Audio Visual Engineer","Jobs via Dice","Boston, MA","","",serpapi_google_jobs,https://www.tealhq.com/job/sr-audio-visual-engineer_7ea1a5355212a8daa0c521f9c5572b5a05368?utm_campaign=google_jobs_apply&utm_source=google_jobs_apply&utm_medium=organic,"","2026-05-29"
0,"","Installation Technician – Audio Visual","TRITECH Communications","Boston, MA","","",serpapi_google_jobs,https://bebee.com/us/jobs/installation-technician-audio-visual-tritech-communications-boston-ma--theirstack-668303453?utm_campaign=google_jobs_apply&utm_source=google_jobs_apply&utm_medium=organic,"",""
0,"","AUDIO VISUAL TECHNICIAN","Compass Group","Boston, MA","","30–40 an hour",serpapi_google_jobs,https://www.breakroom.cc/en-us/jobs/listing/33346612-compass-group-audio-visual-technician-boston-massachusetts?utm_campaign=google_jobs_apply&utm_source=google_jobs_apply&utm_medium=organic,"","2026-05-28"
0,"","AV Install Technician","cb20","Boston, MA","","30–35 an hour",serpapi_google_jobs,https://bebee.com/us/jobs/av-install-technician-cb20-managed-it-av-services-boston--lensa-2365_b17fa2d29c0fa078afb63da1a4d4841e8d2afe68c9721e302a6e54f57df4b7a3?utm_campaign=google_jobs_apply&utm_source=google_jobs_apply&utm_medium=organic,"",""
0,"","Classroom AV & Video Recording Technician","Harvard University","Massachusetts","","40K–60K a year",serpapi_google_jobs,https://www.jobleads.com/us/job/classroom-av-video-recording-technician--cambridge--e0ad8750a5aada0be2fca37c6df5c55fe?utm_campaign=google_jobs_apply&utm_source=google_jobs_apply&utm_medium=organic,"","2026-05-26"
0,"","Lead ADAS/AV Systems Engineer","Exponent","Natick, MA","","181K–211K a year",serpapi_google_jobs,https://www.jobleads.com/us/job/lead-adas-av-systems-engineer--natick--ea68b720f4c09c9fe88422a2ff4ace81e?utm_campaign=google_jobs_apply&utm_source=google_jobs_apply&utm_medium=organic,"","2026-05-27"
0,"","AUDIO VIDEO TECHNICIAN","AUDIOVISIONS","Irvine, CA","","",serpapi_google_jobs,https://bebee.com/us/jobs/audio-video-technician-audiovisions-irvine-ca--theirstack-678195429?utm_campaign=google_jobs_apply&utm_source=google_jobs_apply&utm_medium=organic,"","2026-05-05"
0,"","AV Systems Engineer","Visual Sound Inc","Cypress, CA","","43.2K–72K a year",serpapi_google_jobs,https://talents.vaia.com/companies/visual-sound-inc/cypress/av-systems-engineer-82825313/?utm_campaign=google_jobs_apply&utm_source=google_jobs_apply&utm_medium=organic,"",""
0,"","Audiovisual Technician","EIDIM Group, Inc.","Fullerton, CA","","4,507–5,373 a month",serpapi_google_jobs,https://bebee.com/us/jobs/audiovisual-technician-eidim-group-inc-fullerton-ca--theirstack-667713685?utm_campaign=google_jobs_apply&utm_source=google_jobs_apply&utm_medium=organic,"",""
0,"","AudioVisual Event Technician - Part-Time - Downtown Santa Monica, CA (132)","Five-Star AudioVisual","Santa Monica, CA","","21–26 an hour",serpapi_google_jobs,https://tallo.com/talent/job/design-and-media/audio-or-visual-technician/ca/santa-monica/audiovisual-event-technician-664d35a7?utm_campaign=google_jobs_apply&utm_source=google_jobs_apply&utm_medium=organic,"",""
0,"","Audiovisual Technician","Darvik Productions","Ventura, CA","","16.90–21.00 an hour",serpapi_google_jobs,https://www.indeed.com/viewjob?jk=3b82089edb65c898&utm_campaign=google_jobs_apply&utm_source=google_jobs_apply&utm_medium=organic,"","2026-05-10"
0,"","Audiovisual Technician","Loma Linda University Health","Loma Linda, CA","","23.00–26.12 an hour",serpapi_google_jobs,https://egln.fa.us2.oraclecloud.com/hcmUI/CandidateExperience/en/sites/CX/job/14766?utm_campaign=google_jobs_apply&utm_source=google_jobs_apply&utm_medium=organic,"","2026-05-10"
0,"","Audiovisual Engineer (Open to All Dykema Locations)","Dykema","Los Angeles, CA","","115K–130K a year",serpapi_google_jobs,https://www.theladders.com/job/audiovisual-engineer-open-to-all-dykema-locations-dykema-los-angeles-ca_85683755?utm_campaign=google_jobs_apply&utm_source=google_jobs_apply&utm_medium=organic,"",""
0,"","Audiovisual Technician","Associated Students UCLA","Los Angeles, CA","","17.90 an hour",serpapi_google_jobs,https://bandana.com/jobs/59d8d724-7c5b-40bd-9ba6-4a88dae410fc?utm_campaign=google_jobs_apply&utm_source=google_jobs_apply&utm_medium=organic,"",""
0,"","Audio Visual Technician (Part-time)","Safety NetAccess Inc","Oceanside, CA","","",serpapi_google_jobs,https://lensa.com/job-v1/safety-netaccess-inc/oceanside-ca/av-technician-part-time/dc551d0c7a887ae352ea0346a031a994?utm_campaign=google_jobs_apply&utm_source=google_jobs_apply&utm_medium=organic,"",""
0,"","Audiovisual Technician","George Washington University","Washington, DC","","28.78–43.31 an hour",serpapi_google_jobs,https://career.io/job/audiovisual-technician-washington-futronorporated-cacee061672b7ac8e1b0462c2c845bda?utm_campaign=google_jobs_apply&utm_source=google_jobs_apply&utm_medium=organic,"",""
0,"","Audiovisual Technician (Counterintelligence Polygraph)","Boeing","Reston, VA","","",serpapi_google_jobs,https://talents.vaia.com/companies/boeing/audiovisual-technician-counterintelligence-polygraph-31565478/?utm_campaign=google_jobs_apply&utm_source=google_jobs_apply&utm_medium=organic,"",""
0,"","Audiovisual Engineer (TS/SCI FSP)","Zachary Piper","Herndon, VA","","",serpapi_google_jobs,https://careers.zacharypiper.com/details/166295/audiovisual_engineer_tssci_fsp?utm_campaign=google_jobs_apply&utm_source=google_jobs_apply&utm_medium=organic,"","2026-05-17"
0,"","Audiovisual Engineer (TS/SCI FSP) Jobs","Zachary Piper Solutions, LLC","Herndon, VA","","150K–200K a year",serpapi_google_jobs,https://www.clearancejobs.com/jobs/8920716/audiovisual-engineer-tssci-fsp?utm_campaign=google_jobs_apply&utm_source=google_jobs_apply&utm_medium=organic,"","2026-05-18"
0,"","Audiovisual Technician","Glenshaw Presbyterian Church","Glenshaw, PA","","",serpapi_google_jobs,https://bebee.com/us/jobs/audiovisual-technician-glenshaw-presbyterian-church-glenshaw-pa--theirstack-694989200?utm_campaign=google_jobs_apply&utm_source=google_jobs_apply&utm_medium=organic,"","2026-05-28"
0,"","TS/SCI Audiovisual Engineer: Government AV Systems","The Boeing Company","Herndon, VA","","",serpapi_google_jobs,https://talents.vaia.com/companies/the-boeing-company/herndon/ts-sci-audiovisual-engineer-government-av-systems-68446514/?utm_campaign=google_jobs_apply&utm_source=google_jobs_apply&utm_medium=organic,"",""
0,"","Audio Visual Technician","National Capitol Contracting LLC","Washington, DC","","",serpapi_google_jobs,https://veterans.usnlx.com/washington-dc/audio-visual-technician/36EDECD7152A49AFBC9FF35C607BB15A/job/?utm_campaign=google_jobs_apply&utm_source=google_jobs_apply&utm_medium=organic,"",""
0,"","Audio Visual Engineer","Zachary Piper Solutions","Herndon, VA","","",serpapi_google_jobs,https://bebee.com/us/jobs/audio-visual-engineer-zachary-piper-solutions-herndon-va--theirstack-674076372?utm_campaign=google_jobs_apply&utm_source=google_jobs_apply&utm_medium=organic,"",""
0,"","Audiovisual Technician","Y-Axis","Herndon, VA","","",serpapi_google_jobs,https://talents.vaia.com/companies/y-axis/herndon/audiovisual-technician-75953238/?utm_campaign=google_jobs_apply&utm_source=google_jobs_apply&utm_medium=organic,"",""
0,"","Senior Live Event AV Technician","The Chronicle Of Higher Education, Inc.","Baltimore, MD","","",serpapi_google_jobs,https://www.jobleads.com/us/job/senior-live-event-av-technician--baltimore--e2a0f0a9b87280281c858330d750620a5?utm_campaign=google_jobs_apply&utm_source=google_jobs_apply&utm_medium=organic,"","2026-05-26"
0,"","Audiovisual Technician","Pivot Solutions LLC","Wheat Ridge, CO","","80K–110K a year",serpapi_google_jobs,https://www.tradesmenup.com/jobs/395758710-audiovisual-technician?utm_campaign=google_jobs_apply&utm_source=google_jobs_apply&utm_medium=organic,"",""
0,"","AV Systems Engineer","Bosch Building Technologies LLC","Arvada, CO","","85K–110K a year",serpapi_google_jobs,https://talents.vaia.com/companies/climatec-llc/arvada/av-systems-engineer-91354060/?utm_campaign=google_jobs_apply&utm_source=google_jobs_apply&utm_medium=organic,"",""
0,"","Audiovisual Technician","Image Audiovisuals, Inc,","Steamboat Springs, CO","","20–26 an hour",serpapi_google_jobs,https://bebee.com/us/jobs/audiovisual-technician-image-audiovisuals-inc-steamboat-springs-co--theirstack-679650260?utm_campaign=google_jobs_apply&utm_source=google_jobs_apply&utm_medium=organic,"","2026-05-06"
0,"","Audio Visual Technician","National Capitol Contracting LLC","Denver, CO","","",serpapi_google_jobs,https://www.jobleads.com/us/job/audio-visual-technician--denver--e1e728214b96d2cf4394b51d081e441a1?utm_campaign=google_jobs_apply&utm_source=google_jobs_apply&utm_medium=organic,"",""
0,"","Audio Visual Specialist","Keystone Resort","Keystone, CO","","22.32 an hour",serpapi_google_jobs,https://searcheuropeanjobs.com/role/audio-visual-specialist-keystone-vail-resorts-27f56131ed2a4e949576ece80097fb2a105-united-states/?utm_campaign=google_jobs_apply&utm_source=google_jobs_apply&utm_medium=organic,"",""
0,"","Audiovisual Engineer and Acoustics Specialist","Contour Audio & Acoustics","Westminster, CO","","",serpapi_google_jobs,https://us.trabajo.org/job-4112-bfae3ceefa3e4037b73bcdda70bb4143?utm_campaign=google_jobs_apply&utm_source=google_jobs_apply&utm_medium=organic,"","2026-05-19"
0,"","Senior Audio Visual (AV) Design Engineer","CCS Colorado | Wyoming","Denver, CO","","90K–120K a year",serpapi_google_jobs,https://www.jobleads.com/us/job/senior-audio-visual-av-design-engineer--denver--e4401169675d21c5bb3b6756d6a9a716b?utm_campaign=google_jobs_apply&utm_source=google_jobs_apply&utm_medium=organic,"","2026-05-02"
0,"","Audio Visual Installation Technician III","Team LINX","Denver, CO","","20–32 an hour",serpapi_google_jobs,https://www.tealhq.com/job/audio-visual-installation-technician-iii_7ea1a478d817e688829ddb75ecb72380685ca?utm_campaign=google_jobs_apply&utm_source=google_jobs_apply&utm_medium=organic,"","2026-05-20"
0,"","AV Systems Engineer - Production & Network Infra","Christ Fellowship","United States","","",serpapi_google_jobs,https://talents.vaia.com/companies/christ-fellowship/florida/av-systems-engineer-production-network-infra-106653810/?utm_campaign=google_jobs_apply&utm_source=google_jobs_apply&utm_medium=organic,"","2026-05-13"
0,"","AV Systems Engineer I – Secure IT & Python Specialist","Chugach Alaska Corporation","Colorado Springs, CO","","",serpapi_google_jobs,https://www.whatjobs.com/jobs/av-systems-engineer-i/colorado-springs-colorado?id=2647268114&utm_campaign=google_jobs_apply&utm_source=google_jobs_apply&utm_medium=organic,"","2026-05-19"
0,"","Associate Lighting Designer","EXP","شيكاغو, IL، الولايات المتحدة","","",serpapi_google_jobs,https://www.theladders.com/job/associate-lighting-designer-expcom-chicago-il_87121960?utm_campaign=google_jobs_apply&utm_source=google_jobs_apply&utm_medium=organic,"","قبل ٤ أيام"
0,"","BRAVO - Lighting Designer","Oak Park Elementary School District 97","أوك بارك, IL، الولايات المتحدة","","‏١٫٥ ألف US$ في الأسبوع",serpapi_google_jobs,https://www.k12jobspot.com/Job/5364916?utm_campaign=google_jobs_apply&utm_source=google_jobs_apply&utm_medium=organic,"",""
0,"","Architectural Lighting Designer","Lightology LLC","شيكاغو, IL، الولايات المتحدة","","‏٥٠ ألف US$–‏٧٠ ألف US$ في العام",serpapi_google_jobs,https://recruiting.paylocity.com/recruiting/jobs/Details/4157115/Lightology-LLC/Architectural-Lighting-Designer?utm_campaign=google_jobs_apply&utm_source=google_jobs_apply&utm_medium=organic,"","قبل ٢٤ يومًا"
0,"","Lighting Designer - Electrician","The Denver Center for the Performing Arts","دنفر, CO، الولايات المتحدة","","",serpapi_google_jobs,https://bebee.com/us/jobs/lighting-designer-electrician-the-denver-center-for-the-performing-arts-denver--techmap_us_50068537369?utm_campaign=google_jobs_apply&utm_source=google_jobs_apply&utm_medium=organic,"","قبل ٥ أيام"
0,"","Lighting Designer and Programmer for Events Production","McNally Enterprises","آناهايم, CA، الولايات المتحدة","","‏٣٠ US$–‏٣٥ US$ في الساعة",serpapi_google_jobs,https://www.get.it/job/lighting-designer-and-programmer-for-events-production-in-anaheim-ca-at-mcnally-enterprises-ga_621919131817476105?utm_campaign=google_jobs_apply&utm_source=google_jobs_apply&utm_medium=organic,"","قبل يوم واحد"
0,"","Lighting Designer / Opperator","Chapin Stage Hecksher Park Huntington","هنتنغتون, NY، الولايات المتحدة","","‏١٦ US$–‏٢٢ US$ في الساعة",serpapi_google_jobs,https://bebee.com/us/jobs/lighting-designer-opperator-chapin-stage-hecksher-park-huntington-huntington-ny--theirstack-697834644?utm_campaign=google_jobs_apply&utm_source=google_jobs_apply&utm_medium=organic,"","قبل يومين"
0,"","Lighting Technician","LBL","كاليفورنيا، الولايات المتحدة","","",serpapi_google_jobs,https://bebee.com/us/jobs/lighting-technician-lbl--techmap_us_lbl_7487?utm_campaign=google_jobs_apply&utm_source=google_jobs_apply&utm_medium=organic,"","قبل ٦ أيام"
0,"","Exterior Lighting Designer","Ford Motor Company","ديربورن, MI، الولايات المتحدة","","",serpapi_google_jobs,https://www.careers.ford.com/en/job/dearborn/exterior-lighting-designer/48560/94868003712?utm_campaign=google_jobs_apply&utm_source=google_jobs_apply&utm_medium=organic,"","قبل ٢٥ يومًا"
0,"","Associate Lighting Designer","EXP","ميتلاند, FL، الولايات المتحدة","","‏٩٠ ألف US$–‏١٢٠ ألف US$ في العام",serpapi_google_jobs,https://www.theladders.com/job/associate-lighting-designer-expcom-maitland-fl_87121969?utm_campaign=google_jobs_apply&utm_source=google_jobs_apply&utm_medium=organic,"","قبل يومين"
0,"","Senior Lighting Designer","Arup","كاليفورنيا، الولايات المتحدة","","",serpapi_google_jobs,https://bebee.com/us/jobs/senior-lighting-designer-arup--techmap_us_arupjobs_33025?utm_campaign=google_jobs_apply&utm_source=google_jobs_apply&utm_medium=organic,"","قبل ٦ أيام"
0,"","Lighting Designer","AE Design","Denver, CO","","87,842.52–99,300.24 a year",serpapi_google_jobs,https://www.jobleads.com/us/job/lighting-designer--denver--e10e9cea7a80dc3eb83f8fad1999c6997?utm_campaign=google_jobs_apply&utm_source=google_jobs_apply&utm_medium=organic,"","2026-05-14"
0,"","Lighting Technician","FACILITY SOLUTIONS GROUP INC","Denver, CO","","38–42 an hour",serpapi_google_jobs,https://lensa.com/job-v1/facility-solutions-group/denver-co/lighting-technician/adc1c53e25ec958d8871afde68f8c815?utm_campaign=google_jobs_apply&utm_source=google_jobs_apply&utm_medium=organic,"","2026-05-29"
0,"","Campus Master Electrician - National Western Center","National Western Center","Brighton, CO (+1 other)","","",serpapi_google_jobs,https://www.talent.com/view?id=621407081593573519&utm_campaign=google_jobs_apply&utm_source=google_jobs_apply&utm_medium=organic,"","2026-05-28"
0,"","Lighting Technician- Savannah, GA","M.C. Dean, Inc","United States","","",serpapi_google_jobs,https://www.tealhq.com/job/lighting-technician_7ea1a0688b64e90b9bfdaa076944745b46059?utm_campaign=google_jobs_apply&utm_source=google_jobs_apply&utm_medium=organic,"","2026-05-15"
0,"","Electronics Technician 2 (M) - Atlanta, GA","M.C. Dean, Inc.","United States","","",jobspy_indeed,https://www.indeed.com/viewjob?jk=27ae2c7ec1ecdb2d,"","2026-05-29"
0,"","Lighting Technician","Lindquist Outdoor Lighting","Johnstown, CO","","3,987 a month",serpapi_google_jobs,https://bebee.com/us/jobs/lighting-technician-lindquist-outdoor-lighting-johnstown-co--theirstack-658812281?utm_campaign=google_jobs_apply&utm_source=google_jobs_apply&utm_medium=organic,"",""
0,"","Lighting Designer and Instructor","Red Rocks Community College","Lakewood, CO","","30.05 an hour",serpapi_google_jobs,https://www.coloradotheatreguild.org/job/red-rocks-community-college-red-rocks-community-college-13300-w-6th-ave-lakewood-co-80228-33-lighting-designer-and-instructor/?utm_campaign=google_jobs_apply&utm_source=google_jobs_apply&utm_medium=organic,"","2026-05-14"
0,"","Permanent Lighting Technician","Ambia Solar","Aurora, CO","","",serpapi_google_jobs,https://talents.vaia.com/companies/ambia-solar/permanent-lighting-technician-49745331/?utm_campaign=google_jobs_apply&utm_source=google_jobs_apply&utm_medium=organic,"",""
0,"","Lighting Designer","Vail Valley Foundation","Avon, CO","","68K–72K a year",serpapi_google_jobs,https://talents.vaia.com/companies/vail-valley-foundation/avon/lighting-designer-vilar-105320138/?utm_campaign=google_jobs_apply&utm_source=google_jobs_apply&utm_medium=organic,"","2026-05-09"
0,"","Lighting Technician; L2","Inspire","Colorado Springs, CO","","25–27 an hour",serpapi_google_jobs,https://www.learn4good.com/jobs/colorado-springs/colorado/creative_arts_and_media/5138871448/e/?utm_campaign=google_jobs_apply&utm_source=google_jobs_apply&utm_medium=organic,"","2026-05-30"
0,"","Video Engineer","AV Chicago","Maywood, IL","","",serpapi_google_jobs,https://www.indeed.com/viewjob?jk=da107cdc734a7efc&utm_campaign=google_jobs_apply&utm_source=google_jobs_apply&utm_medium=organic,"",""
0,"","Video Engineer","Epic","Chicago, IL","","",serpapi_google_jobs,https://www.jobleads.com/us/job/video-engineer--chicago--e426b68097c2c26494edd15cfabd7ad45?utm_campaign=google_jobs_apply&utm_source=google_jobs_apply&utm_medium=organic,"","2026-05-30"
0,"","Video Engineer - Live AV for Healthcare (Madison)","Epic","Chicago, IL","","50K–80K a year",serpapi_google_jobs,https://www.jobleads.com/us/job/video-engineer-live-av-for-healthcare-madison--chicago--e9e8d400ce62d6aefbc4997509cb4e325?utm_campaign=google_jobs_apply&utm_source=google_jobs_apply&utm_medium=organic,"","2026-05-27"
0,"","AV / Live Video Engineer","Jobs via Dice","East Peoria, IL","","",serpapi_google_jobs,https://bebee.com/us/jobs/av-live-video-engineer-jobs-via-dice-east-peoria-il--theirstack-666218397?utm_campaign=google_jobs_apply&utm_source=google_jobs_apply&utm_medium=organic,"",""
0,"","City of St. Louis is hiring: Video Engineer (Per Performance) in St. Louis","City of St. Louis","Anywhere","","",serpapi_google_jobs,https://www.mediabistro.com/jobs/3539366419-city-of-st-louis-is-hiring-video-engineer-per-performance-in-st-louis?utm_campaign=google_jobs_apply&utm_source=google_jobs_apply&utm_medium=organic,"","2026-05-23"
0,"","V1 Video Engineer","Convene Hospitality Group","New York, NY","","55 an hour",serpapi_google_jobs,https://www.builtinnyc.com/job/freelance-v1-video-engineer/9517772?utm_campaign=google_jobs_apply&utm_source=google_jobs_apply&utm_medium=organic,"","2026-05-26"
0,"","Video Engineer","Epic","Madison, WI","","",serpapi_google_jobs,https://www.jobleads.com/us/job/video-engineer--madison--e1b5bfced01bc96e3c3fe44dd1627782b?utm_campaign=google_jobs_apply&utm_source=google_jobs_apply&utm_medium=organic,"","2026-05-08"
0,"","Video Engineer","Regent University","Virginia","","",serpapi_google_jobs,https://careers.regent.edu/jobs/video-engineer-va-united-states?utm_campaign=google_jobs_apply&utm_source=google_jobs_apply&utm_medium=organic,"",""
0,"","Audio/Video Engineer (Livestreaming & Soundboard at a Church)","First Presbyterian Church Fort Worth","Fort Worth, TX","","4,333 a month",serpapi_google_jobs,https://bebee.com/us/jobs/audio-video-engineer-livestreaming-soundboard-at-a-church-first-presbyterian-church-fort-worth-fort---theirstack-695187711?utm_campaign=google_jobs_apply&utm_source=google_jobs_apply&utm_medium=organic,"","2026-05-28"
0,"","Video Engineer","Epic","Massachusetts","","",serpapi_google_jobs,https://www.linkedin.com/jobs/view/video-engineer-at-epic-4415975098?utm_campaign=google_jobs_apply&utm_source=google_jobs_apply&utm_medium=organic,"","2026-05-19"
0,"","Video Engineer/ (V1)","Stagedge","Tewksbury, MA","","",serpapi_google_jobs,https://talents.vaia.com/companies/stagedge/video-engineer-v1-25725461/?utm_campaign=google_jobs_apply&utm_source=google_jobs_apply&utm_medium=organic,"",""
0,"","Lighting & Projection Technician","Dollywood Parks & Resorts","Pigeon Forge, TN","","",serpapi_google_jobs,https://www.jobleads.com/us/job/dolly-parton-experience-lighting-projection-technician-dollywood-theme-park-full-time-yea--pigeon-forge--e6a276a13160dfece65d46c1d4f130537?utm_campaign=google_jobs_apply&utm_source=google_jobs_apply&utm_medium=organic,"","2026-05-24"
0,"","Audio Video Engineer","Futran Tech Solutions Pvt. Ltd.","Berkeley Heights, NJ","","",serpapi_google_jobs,https://www.jobtrees.com/postid/ef56bdf5-85d0-4c75-9719-39673bccd053?utm_campaign=google_jobs_apply&utm_source=google_jobs_apply&utm_medium=organic,"","2026-05-30"
0,"","LED Technician","Astound Group LLC","Las Vegas, NV","","",serpapi_google_jobs,https://bebee.com/us/jobs/led-technician-e-lite-semiconductor-llc-las-vegas-nv--theirstack-680768740?utm_campaign=google_jobs_apply&utm_source=google_jobs_apply&utm_medium=organic,"",""
0,"","Projection Technician — Digital Cinema Maintenance","Cinema West Inc.","El Segundo, CA","","",serpapi_google_jobs,https://www.whatjobs.com/jobs/projection-technician-digital-cinema/el-segundo-california?id=2627886494&utm_campaign=google_jobs_apply&utm_source=google_jobs_apply&utm_medium=organic,"","2026-05-19"
0,"","Video Engineer","Epic","Amarillo, TX","","",serpapi_google_jobs,https://www.linkedin.com/jobs/view/video-engineer-at-epic-4415978021?utm_campaign=google_jobs_apply&utm_source=google_jobs_apply&utm_medium=organic,"","2026-05-19"
0,"","Live Events Tech Director: Onsite Leadership & Innovation","System One","United States","","",serpapi_google_jobs,https://talents.vaia.com/companies/system-one/live-events-tech-director-onsite-leadership-innovation-74173872/?utm_campaign=google_jobs_apply&utm_source=google_jobs_apply&utm_medium=organic,"",""
0,"","Technical Director - Theatre & Live Events","Illinois Park and Recreation Association","United States","","60K–68K a year",serpapi_google_jobs,https://talents.vaia.com/companies/illinois-park-and-recreation-association/technical-director-theatre-live-events-77292823/?utm_campaign=google_jobs_apply&utm_source=google_jobs_apply&utm_medium=organic,"",""
0,"","Live Events Technical Manager (Live Studio Production & Broadcast - Sports & Entertainment)","Turner Services Inc.","Anywhere","","",serpapi_google_jobs,https://warnerbros.wd5.myworkdayjobs.com/en-US/global/job/Live-Events-Technical-Manager---Live-Studio-Production---Broadcast---Sports---Entertainment-_R000105169-1?utm_campaign=google_jobs_apply&utm_source=google_jobs_apply&utm_medium=organic,"","2026-05-20"
0,"","Technical Director / Production Technician","WeatherNation TV","Englewood, CO","","3,467–4,333 a month",serpapi_google_jobs,https://bebee.com/us/jobs/technical-director-production-technician-weathernation-tv-englewood-co--theirstack-668155814?utm_campaign=google_jobs_apply&utm_source=google_jobs_apply&utm_medium=organic,"",""
0,"","Product Assurance Specialist - Live Event Control","Electronic Theatre Controls","United States","","",serpapi_google_jobs,https://bebee.com/us/jobs/live-event-permitting-specialist-image-engineering-curtis-bay-md--theirstack-672316766?utm_campaign=google_jobs_apply&utm_source=google_jobs_apply&utm_medium=organic,"","2026-05-11"
0,"","Assistant Technical Manager","ATG Entertainment USA","United States","","",serpapi_google_jobs,https://talents.vaia.com/companies/atg-entertainment-usa/assistant-technical-manager-92051511/?utm_campaign=google_jobs_apply&utm_source=google_jobs_apply&utm_medium=organic,"",""
0,"","WAE- Live Events Broadcast Operations/SEC Network Operations","Louisiana State University","United States","","",serpapi_google_jobs,https://www.adzuna.com/details/5624827477?utm_campaign=google_jobs_apply&utm_source=google_jobs_apply&utm_medium=organic,"",""
0,"","Freelance Show Director (R50026603)","Fox Corporation","United States","","",serpapi_google_jobs,https://talents.vaia.com/companies/fox-corporation/freelance-show-director-r50026603-26743575/?utm_campaign=google_jobs_apply&utm_source=google_jobs_apply&utm_medium=organic,"",""
0,"","Stage Manager","Melody Musical Theater Group","Westminster, CO","","",serpapi_google_jobs,https://www.coloradotheatreguild.org/job/melody-musical-theater-group-joanna-ramsey-theater-at-wesminster-public-high-school-33-stage-manager/?utm_campaign=google_jobs_apply&utm_source=google_jobs_apply&utm_medium=organic,"",""
0,"","Stagehand","Summit Music Hall","Denver, CO","","18.29–20.00 an hour",serpapi_google_jobs,https://www.entertainmentcareers.net/summit-music-hall/stagehand/job/502405/?utm_campaign=google_jobs_apply&utm_source=google_jobs_apply&utm_medium=organic,"","2026-05-03"
0,"","Dynamic Touring Assistant Stage Manager","Playbill, Inc.","Colorado Springs, CO","","",serpapi_google_jobs,https://talents.vaia.com/companies/playbill-inc/colorado-springs/dynamic-touring-assistant-stage-manager-73573489/?utm_campaign=google_jobs_apply&utm_source=google_jobs_apply&utm_medium=organic,"",""
0,"","Stagehand- Summit","Live Nation","Denver, CO","","18.29–20.00 an hour",serpapi_google_jobs,https://www.showbizjobs.com/jobs/live-nation-stagehand-summit-in-denver/jid-k22o6q?utm_campaign=google_jobs_apply&utm_source=google_jobs_apply&utm_medium=organic,"",""
0,"","Stage Manager - Radio City","Madison Square Garden Entertainment Corp.","United States","","",serpapi_google_jobs,https://www.tealhq.com/job/pre-op-account-manager_7ea1a2a2a9786a74a4e62ea6c2c6263ee95c3?utm_campaign=google_jobs_apply&utm_source=google_jobs_apply&utm_medium=organic,"","2026-05-27"
0,"","Stage Manager","Nexstar Media Inc.","United States","","",serpapi_google_jobs,https://nexstar.wd5.myworkdayjobs.com/en-US/nexstar/job/Stage-Manager_REQ-41202?utm_campaign=google_jobs_apply&utm_source=google_jobs_apply&utm_medium=organic,"",""
0,"","Production Technician","Contents Professionals","Denver, CO","","21–23 an hour",serpapi_google_jobs,https://www.wayup.com/i-j-Production-Technician-Contents-Professionals-730582901086284/?utm_campaign=google_jobs_apply&utm_source=google_jobs_apply&utm_medium=organic,"","2026-05-12"
0,"","Stagehand - RockForce - Denver, CO","Rockforce","Denver, CO","","",serpapi_google_jobs,https://www.jobget.com/jobs/job/ats_applicantpro_4-3934836?utm_campaign=google_jobs_apply&utm_source=google_jobs_apply&utm_medium=organic,"","2026-05-23"
0,"","Stage Manager - Theater for Kids Until Filled Denver, CO at Connect The Arts Denver, CO","Connect The Arts","Denver, CO","","",serpapi_google_jobs,https://denahaffner.com/apply/job/stage-manager-theater-for-kids-until-filled-denver-co-at-connect-the-arts-denver-co-cDNqd25CS3N2UDhPbmhoSmtISTRFWG5YNUE9PQ==?utm_campaign=google_jobs_apply&utm_source=google_jobs_apply&utm_medium=organic,"","2026-05-29"
0,"","Freelance Stage Manager, The Will Cain Show","FOXNEW Fox News Network, LLC","Anywhere","","",serpapi_google_jobs,https://fox.wd1.myworkdayjobs.com/en-US/Domestic/job/Freelance-Stage-Manager--The-Will-Cain-Show_R50031248?utm_campaign=google_jobs_apply&utm_source=google_jobs_apply&utm_medium=organic,"","2026-05-26"
0,"","AES Broadcast Technician","Aggreko","Chicago, IL","","89,280–89,640 a year",serpapi_google_jobs,https://www.theladders.com/job/aes-broadcast-technician-aggreko-chicago-il_87134741?utm_campaign=google_jobs_apply&utm_source=google_jobs_apply&utm_medium=organic,"","2026-05-31"
0,"","Part-Time Broadcast Ops Technician - On-Air & Studio Expert","Wisconsin Broadcasters Association","Anywhere","","",serpapi_google_jobs,https://www.mediabistro.com/jobs/3539416235-part-time-broadcast-ops-technician-on-air-and-studio-expert?utm_campaign=google_jobs_apply&utm_source=google_jobs_apply&utm_medium=organic,"","2026-05-24"
0,"","Podcast Studio Engineer & Editor (Full-Time, Chicago)","Chicago Podcast Studio","Chicago, IL","","",serpapi_google_jobs,https://trabajos.univision.com/job/23-14660_B0150852471296B4748E6FA4A5482557?utm_campaign=google_jobs_apply&utm_source=google_jobs_apply&utm_medium=organic,"","2026-05-26"
0,"","Broadcast Operations Technician — Studio & Control","AAJA24","Milwaukee, WI","","",serpapi_google_jobs,https://talents.vaia.com/companies/aaja24/milwaukee/broadcast-operations-technician-studio-control-75412224/?utm_campaign=google_jobs_apply&utm_source=google_jobs_apply&utm_medium=organic,"",""
0,"","Broadcast Operations Technician","Hearst Television","Milwaukee, WI","","",serpapi_google_jobs,https://www.entertainmentcareers.net/hearst-television/broadcast-operations-technician/job/521235/?utm_campaign=google_jobs_apply&utm_source=google_jobs_apply&utm_medium=organic,"","2026-05-20"
0,"","Part-Time Broadcast Ops Technician - On-Air & Studio Expert","Wisconsin Broadcasters Association","Milwaukee, WI","","",serpapi_google_jobs,https://www.jobleads.com/us/job/part-time-broadcast-ops-technician-on-air-studio-expert--milwaukee--eb2af3edbe82102e177d6ad4cef77e45c?utm_campaign=google_jobs_apply&utm_source=google_jobs_apply&utm_medium=organic,"","2026-05-27"
0,"","M365 Copilot Studio Engineer","Zurich Insurance","Schaumburg, IL","","",serpapi_google_jobs,https://talents.vaia.com/companies/zurich-insurance/schaumburg/m365-copilot-studio-engineer-70407273/?utm_campaign=google_jobs_apply&utm_source=google_jobs_apply&utm_medium=organic,"",""
0,"","Associate Studio Engineer","Whirlpool","Benton Harbor, MI","","",serpapi_google_jobs,https://jobs.whirlpool.com/careers/job/34401512192?utm_campaign=google_jobs_apply&utm_source=google_jobs_apply&utm_medium=organic,"","2026-05-18"
0,"","AES Broadcast Technician","Aggreko","Detroit, MI","","",serpapi_google_jobs,https://www.workinsports.com/jobs/view/522978155?utm_campaign=google_jobs_apply&utm_source=google_jobs_apply&utm_medium=organic,"","2026-05-28"
0,"","Broadcast and Technology Technician","WFYI Public Media","Indianapolis, IN","","",serpapi_google_jobs,https://jobs.movecollective.uk/jobs/broadcast-and-technology-technician-indianapolis-indiana/2780664922-2/?utm_campaign=google_jobs_apply&utm_source=google_jobs_apply&utm_medium=organic,"","2026-05-04"
0,"","AES Broadcast Technician","Aggreko","Denver, CO","","",serpapi_google_jobs,https://www.theladders.com/job/aes-broadcast-technician-aggreko-denver-co_87134732?utm_campaign=google_jobs_apply&utm_source=google_jobs_apply&utm_medium=organic,"","2026-05-28"
0,"","Broadcast Operations Technician","SiriusXM Radio, Inc.","United States","","74.5K–97.9K a year",serpapi_google_jobs,https://talents.vaia.com/companies/siriusxm-radio-inc/broadcast-operations-technician-24-7-studio-support-104300833/?utm_campaign=google_jobs_apply&utm_source=google_jobs_apply&utm_medium=organic,"","2026-05-05"
0,"","Technician – Broadcast Operations","DISH Network","Cheyenne, WY","","34K–54K a year",serpapi_google_jobs,https://www.jobzmall.com/dish-network/job/technician-broadcast-operations?utm_campaign=google_jobs_apply&utm_source=google_jobs_apply&utm_medium=organic,"",""
0,"","Television Broadcast Technician","TCT Network","Akron, CO","","",serpapi_google_jobs,https://www.whatjobs.com/jobs/television-broadcast-technician/akron-colorado?id=2742949786&utm_campaign=google_jobs_apply&utm_source=google_jobs_apply&utm_medium=organic,"","2026-05-27"
0,"","Broadcast Technician","TVWAGA WAGA","United States","","",serpapi_google_jobs,https://fox.wd1.myworkdayjobs.com/en-US/FOXTVST_EAST/job/Broadcast-Technician_R50032448-1?utm_campaign=google_jobs_apply&utm_source=google_jobs_apply&utm_medium=organic,"",""
0,"","Media Broadcast Technician","Phaxis","Centennial, CO","","",serpapi_google_jobs,https://bebee.com/us/jobs/media-broadcast-technician-phaxis-centennial-co--theirstack-674079982?utm_campaign=google_jobs_apply&utm_source=google_jobs_apply&utm_medium=organic,"",""
0,"","Production Technician","SUN METALON","Wood Dale, IL, Estados Unidos","","US$ 3.467 a US$ 3.813 por mês",serpapi_google_jobs,https://bebee.com/us/jobs/production-technician-sun-metalon-wood-dale-il--theirstack-678609158?utm_campaign=google_jobs_apply&utm_source=google_jobs_apply&utm_medium=organic,"","há 26 dias"
0,"","Production Technician - Fruit by the Foot and Gushers","General Mills","Geneva, IL, Estados Unidos","","",serpapi_google_jobs,https://careers.generalmills.com/na/jobs/39140?lang=en-us&utm_campaign=google_jobs_apply&utm_source=google_jobs_apply&utm_medium=organic,"","há 14 dias"
0,"","Production Technician 1","Molson Coors","Trenton, OH, Estados Unidos","","",serpapi_google_jobs,https://careers.molsoncoors.com/cz/cs/job/38844/Production-Technician-1?utm_campaign=google_jobs_apply&utm_source=google_jobs_apply&utm_medium=organic,"","há 19 horas"
0,"","Production Technician (Maintenance Focused) – Nutraceutical Manufacturing (Startup Environment)","ET Products LLC","Wood Dale, IL, Estados Unidos","","US$ 5.833 por mês",serpapi_google_jobs,https://bebee.com/us/jobs/production-technician-maintenance-focused-nutraceutical-manufacturing-startup-environment-et-product--theirstack-667656781?utm_campaign=google_jobs_apply&utm_source=google_jobs_apply&utm_medium=organic,"",""
0,"","Production Technician","Dupont","Valley View, OH, Estados Unidos","","",serpapi_google_jobs,https://careers.dupont.com/br/pt/job/248398W/Production-Technician?utm_campaign=google_jobs_apply&utm_source=google_jobs_apply&utm_medium=organic,"","há 6 dias"
0,"","Production Technician I/II/III -Nights","AstraZeneca","Frederick, MD, Estados Unidos","","",serpapi_google_jobs,https://astrazeneca.wd3.myworkdayjobs.com/en-US/Careers/job/Production-Technician-I-II-III--Nights_R-253189?utm_campaign=google_jobs_apply&utm_source=google_jobs_apply&utm_medium=organic,"","há 6 dias"
0,"","Media Engineer, Social","Vercel","Qualquer lugar","","",serpapi_google_jobs,https://umd.wd1.myworkdayjobs.com/en-US/UMCP/job/Universities-at-Shady-Grove/Social-Media-Coordinator--USG_JR103820/apply?utm_campaign=google_jobs_apply&utm_source=google_jobs_apply&utm_medium=organic,"","há 4 dias"
0,"","Production Technician","Corteva Agriscience","St. Joseph, IL, Estados Unidos","","",serpapi_google_jobs,https://apply.corteva.com/careers/job/893394423192?utm_campaign=google_jobs_apply&utm_source=google_jobs_apply&utm_medium=organic,"",""
0,"","Production Technician I","Keurig Dr Pepper","Ottumwa, IA, Estados Unidos","","",serpapi_google_jobs,https://careers.keurigdrpepper.com/en/job/ottumwa/production-technician-i/42849/95642010672?utm_campaign=google_jobs_apply&utm_source=google_jobs_apply&utm_medium=organic,"","há 6 dias"
0,"","Production Technician - Canvys","Richardson Electronics Ltd","Massachusetts, Estados Unidos","","",serpapi_google_jobs,https://bebee.com/us/jobs/production-technician-canvys-richardson-electronics-ltd-ma--appcast-13509_98246355?utm_campaign=google_jobs_apply&utm_source=google_jobs_apply&utm_medium=organic,"","há 2 dias"
0,"","Media Technician","Adams 12 Five Star Schools","Brighton, CO (+1 other)","","",serpapi_google_jobs,https://www.jobilize.com/job/us-co-brighton-media-technician-adams-schools-hiring-now-job-immediately?utm_campaign=google_jobs_apply&utm_source=google_jobs_apply&utm_medium=organic,"","2026-06-01"
0,"","Entry Level Production Technician","Oculus Inc","Lakewood, CO","","21–23 an hour",serpapi_google_jobs,https://bebee.com/us/jobs/entry-level-production-technician-oculus-inc-lakewood-co--theirstack-665389371?utm_campaign=google_jobs_apply&utm_source=google_jobs_apply&utm_medium=organic,"",""
0,"","Production Technician","Cargill","Sterling, CO","","",serpapi_google_jobs,https://www.jobzmall.com/cargill/job/production-technician-jifldzhfti?utm_campaign=google_jobs_apply&utm_source=google_jobs_apply&utm_medium=organic,"","2026-05-29"
0,"","Production Technician","FIRST RF","Boulder, CO","","20–35 an hour",serpapi_google_jobs,https://bebee.com/us/jobs/production-technician-liberty-puzzles-boulder-co--theirstack-682144888?utm_campaign=google_jobs_apply&utm_source=google_jobs_apply&utm_medium=organic,"",""
0,"","Production Technician","Glass to Glass Denver","Broomfield, CO","","",serpapi_google_jobs,https://www.tealhq.com/job/production-technician_7ea1a4953879bfe9f005fa2b4f0bd18ddaf94?utm_campaign=google_jobs_apply&utm_source=google_jobs_apply&utm_medium=organic,"",""
0,"","Production Technician","Ball","Golden, CO","","",serpapi_google_jobs,https://jobs.ball.com/corp_packaging/job/Golden-Production-Technician-CO-80403/1389057100/?utm_campaign=google_jobs_apply&utm_source=google_jobs_apply&utm_medium=organic,"","2026-05-06"
0,"","Media Technician","NextGen Global Resources","Denver, CO","","20–28 an hour",serpapi_google_jobs,https://www.ziprecruiter.com/c/NextGen-Global-Resources/Job/Media-Technician/-in-Denver,CO?jid=eeca5e0bfe362e20&utm_campaign=google_jobs_apply&utm_source=google_jobs_apply&utm_medium=organic,"","2026-06-01"
0,"","Production Technician","Purem Novi Inc","Lafayette, CO","","",serpapi_google_jobs,https://bebee.com/us/jobs/production-technician-purem-by-eberspacher-lafayette-co--theirstack-677775117?utm_campaign=google_jobs_apply&utm_source=google_jobs_apply&utm_medium=organic,"","2026-05-05"
0,"","Production Technician- $18-30/hr","PSG Global Solutions","Longmont, CO","","",serpapi_google_jobs,https://www.whatjobs.com/jobs/production-technician-18-30-hr/longmont-colorado?id=2745925744&utm_campaign=google_jobs_apply&utm_source=google_jobs_apply&utm_medium=organic,"","2026-05-25"
0,"","Production Technician | .50/hr DOE + Shift | Multiple Shifts Available","Nexus Staffing LLC","United States","","24–26 an hour",serpapi_google_jobs,https://bebee.com/us/jobs/production-technician-50-hr-doe-shift-multiple-shifts-available-nexus-staffing-llc-co--appcast-13509_99640374?utm_campaign=google_jobs_apply&utm_source=google_jobs_apply&utm_medium=organic,"","2026-05-30"
0,"","RF Technician","Renaissance Electronics & Communications, LLC","Harvard, MA","","25–30 an hour",serpapi_google_jobs,https://recruiting.paylocity.com/recruiting/jobs/Details/4206054/Renaissance-Electronics-Communications-LLC/RF-Technician?utm_campaign=google_jobs_apply&utm_source=google_jobs_apply&utm_medium=organic,"","2026-05-29"
0,"","RF Technician","Frequency Electronics, Inc.","Old Field, NY","","",serpapi_google_jobs,https://www.jobleads.com/us/job/rf-technician--village-of-old-field--e6b336ab131cd76f4844c6049c8c31643?utm_campaign=google_jobs_apply&utm_source=google_jobs_apply&utm_medium=organic,"","2026-05-06"
0,"","RF Technician I","Apex Site Solutions Inc","Elk Grove, CA","","25–28 an hour",serpapi_google_jobs,https://bebee.com/us/jobs/rf-technician-i-apex-site-solutions-elk-grove-ca--theirstack-695287011?utm_campaign=google_jobs_apply&utm_source=google_jobs_apply&utm_medium=organic,"","2026-05-28"
0,"","RF Technician","Randstad USA","Sparks Glencoe, MD","","70K–83K a year",serpapi_google_jobs,https://www.randstadusa.com/jobs/141/1108767/rf-technician_sparks-glencoe/?utm_campaign=google_jobs_apply&utm_source=google_jobs_apply&utm_medium=organic,"","2026-05-28"
0,"","Wireless RF Technician Trainee - (Fairbanks, AK)","GCI","Fairbanks, AK","","",serpapi_google_jobs,https://jobs.broadbandnation.org/job/454964/wireless-rf-technician-trainee-fairbanks-ak/?utm_campaign=google_jobs_apply&utm_source=google_jobs_apply&utm_medium=organic,"","2026-05-26"
0,"","RF Technician, Calibration Specialist","Amplitude","East Stroudsburg, PA","","6,667–8,333 a month",serpapi_google_jobs,https://bebee.com/us/jobs/rf-technician-calibration-specialist-amplitude-east-stroudsburg-pa--theirstack-690446179?utm_campaign=google_jobs_apply&utm_source=google_jobs_apply&utm_medium=organic,"","2026-05-22"
0,"","RF Technician","U.S. Dynamics Corporation","Amityville, NY","","72K–115K a year",serpapi_google_jobs,https://recruiting.paylocity.com/recruiting/jobs/Details/3687045/US-Dynamics-Corporation/RF-Technician?utm_campaign=google_jobs_apply&utm_source=google_jobs_apply&utm_medium=organic,"",""
0,"","RF Technician","INDUSTRIAL COMMUNICATIONS","Marshfield, MA","","",serpapi_google_jobs,https://us.trabajo.org/job-4023-bee9825bc36ecabcb3e6371018b0755f?utm_campaign=google_jobs_apply&utm_source=google_jobs_apply&utm_medium=organic,"",""
0,"","RF Technician","MI-WAVE Millimeter Wave Products Inc.","St. Petersburg, FL","","",serpapi_google_jobs,https://www.linkedin.com/jobs/view/rf-technician-at-mi-wave-millimeter-wave-products-inc-4311979137?position=17&pageNum=0&refId=Yzj9YQSAC18vpbUl9N7w7w%3D%3D&trackingId=gR9Lr7rQ4gLiSnIBF92mDQ%3D%3D&utm_campaign=google_jobs_apply&utm_source=google_jobs_apply&utm_medium=organic,"",""
0,"","RF Technician","Bering Straits Native Corporation","Anchorage, AK","","",serpapi_google_jobs,https://salutemyjob.com/jobs/rf-technician-anchorage-alaska/2795590906-2/?utm_campaign=google_jobs_apply&utm_source=google_jobs_apply&utm_medium=organic,"",""
0,"","Low Voltage Technician","Cornerstone Computer Solutions","Centennial, CO","","23–27 an hour",serpapi_google_jobs,https://bebee.com/us/jobs/low-voltage-technician-cornerstone-computer-solutions-inc-centennial-co--theirstack-693279690?utm_campaign=google_jobs_apply&utm_source=google_jobs_apply&utm_medium=organic,"","2026-05-26"
0,"","Low Voltage Technician","Aerotek","Westminster, CO","","22–28 an hour",serpapi_google_jobs,https://jobs.aerotek.com/us/en/job/JP-006050412/Low-Voltage-Technician?utm_campaign=google_jobs_apply&utm_source=google_jobs_apply&utm_medium=organic,"","2026-05-25"
0,"","Low Voltage Technician","Western States Fire Protection Company","Fort Collins, CO","","25–40 an hour",serpapi_google_jobs,https://bebee.com/us/jobs/low-voltage-technician-bluguard-fort-collins-co--theirstack-670283675?utm_campaign=google_jobs_apply&utm_source=google_jobs_apply&utm_medium=organic,"","2026-05-14"
0,"","Low Voltage Technician","Security and Sound Design","Windsor, CO","","20–30 an hour",serpapi_google_jobs,https://lifeworq.com/job/1059b2dd-ba57-4477-a9b4-69b49758bbf3?utm_campaign=google_jobs_apply&utm_source=google_jobs_apply&utm_medium=organic,"",""
0,"","Audio​/Video and Low Voltage Technician","High Country Low Voltage","Westminster, CO","","25–45 an hour",serpapi_google_jobs,https://www.learn4good.com/jobs/westminster/colorado/skilled_labor/5136658374/e/?utm_campaign=google_jobs_apply&utm_source=google_jobs_apply&utm_medium=organic,"","2026-05-30"
0,"","Low Voltage Technician","Aerotek","Castle Rock, CO","","22–28 an hour",serpapi_google_jobs,https://jobs.aerotek.com/ca/fr/job/JP-006059573/Low-Voltage-Technician?utm_campaign=google_jobs_apply&utm_source=google_jobs_apply&utm_medium=organic,"","2026-05-30"
0,"","Low Voltage Technician","Ontivity LLC","Aurora, CO","","20–28 an hour",serpapi_google_jobs,https://lensa.com/job-v1/ontivity-llc/aurora-co/low-voltage-technician/937ddd6959e1861b42b3eac4472b81e0?utm_campaign=google_jobs_apply&utm_source=google_jobs_apply&utm_medium=organic,"","2026-05-05"
0,"","Low Voltage Technician","Premier Trade Services","Colorado Springs, CO","","22–28 an hour",serpapi_google_jobs,https://www.whatjobs.com/jobs/low-voltage-technician/colorado-springs-colorado?id=2716939520&utm_campaign=google_jobs_apply&utm_source=google_jobs_apply&utm_medium=organic,"","2026-05-14"
0,"","Low Voltage Technician","IntelliSource","Grand Junction, CO","","26–51 an hour",serpapi_google_jobs,https://tallo.com/talent/job/technology/cyber-or-information-security-engineer-or-analyst/co/grand-junction/low-voltage-technician-34a2d77b?utm_campaign=google_jobs_apply&utm_source=google_jobs_apply&utm_medium=organic,"","2026-05-29"
0,"","Venue Technician","F1® Arcade","Denver, CO","","",serpapi_google_jobs,https://www.jobleads.com/us/job/venue-technician-denver--denver--e31d6fab14bf2abdca0f35989947334fb?utm_campaign=google_jobs_apply&utm_source=google_jobs_apply&utm_medium=organic,"","2026-05-27"
0,"","Replay Operator (Seasonal)","Major League Baseball (MLB)","United States","","",serpapi_google_jobs,https://talents.vaia.com/companies/lamb-weston-latam/seasonal-harvest-operator-pea-harvest-equipment-93361126/?utm_campaign=google_jobs_apply&utm_source=google_jobs_apply&utm_medium=organic,"","2026-05-21"
0,"","Venue Technician","Warner Bros. Discovery","United States","","42K–60K a year",serpapi_google_jobs,https://talents.vaia.com/companies/warner-bros-discovery/venue-technician-82136076/?utm_campaign=google_jobs_apply&utm_source=google_jobs_apply&utm_medium=organic,"",""
0,"","Broadcast Liaison Replay Operator","NASCAR Event Management, LLC","United States","","",serpapi_google_jobs,https://nascar.wd1.myworkdayjobs.com/en-US/NASCAR/job/Broadcast-Liaison-Replay-Operator_JR14091?utm_campaign=google_jobs_apply&utm_source=google_jobs_apply&utm_medium=organic,"",""
0,"","Venue Technician","Casa Bonita Denver","Lakewood, CO","","31–35 an hour",serpapi_google_jobs,https://www.learn4good.com/jobs/lakewood/colorado/entertainment/5119453847/e/?utm_campaign=google_jobs_apply&utm_source=google_jobs_apply&utm_medium=organic,"","2026-05-24"
0,"","Experienced Media Replay Operator I, Studio Operations – Live and Pre-Recorded Productions, Video and Audio Quality Assurance, and Technical Support Specialist","remotepromsp","Anywhere","","",serpapi_google_jobs,https://www.mysmartpros.com/remotepro/job/1087776?utm_campaign=google_jobs_apply&utm_source=google_jobs_apply&utm_medium=organic,"","2026-05-27"
0,"","Venue Tech & AV Support Specialist","F1 Arcade","Denver, CO","","40K–55K a year",serpapi_google_jobs,https://www.jobleads.com/us/job/venue-tech-av-support-specialist--denver--e31521db8a8d71c8e3e531f713c7da848?utm_campaign=google_jobs_apply&utm_source=google_jobs_apply&utm_medium=organic,"","2026-05-26"
0,"","**Experienced Media Replay Operator I – Studio Operations at arenaflex**","Gusto","Anywhere","","18–27 an hour",serpapi_google_jobs,https://jobspawn.liveblog365.com/job/experienced-media-replay-operator-i-studio-operations-at-arenaflex-2?utm_campaign=google_jobs_apply&utm_source=google_jobs_apply&utm_medium=organic,"","2026-05-25"
0,"","Master Electrician","Patriot Pros","Castle Rock, CO","","55,373.86 a year",serpapi_google_jobs,https://bebee.com/us/jobs/master-electrician-patriot-pros-castle-rock-co--theirstack-693477591?utm_campaign=google_jobs_apply&utm_source=google_jobs_apply&utm_medium=organic,"","2026-05-26"
0,"","Master Electrician","Crusoe","Brighton, CO","","45–49 an hour",serpapi_google_jobs,https://jobs.ashbyhq.com/Crusoe/a4059884-8ed8-4903-9819-465ccb58c47f?utm_campaign=google_jobs_apply&utm_source=google_jobs_apply&utm_medium=organic,"","2026-05-13"
0,"","Master Electrician","Mister Sparky","Manitou Springs, CO","","35–50 an hour",serpapi_google_jobs,https://bebee.com/us/jobs/master-electrician-mister-sparky-manitou-springs--lensa-2365_1705770101ea15efab951f14d8eeba31e38bc024bb1b9029e30133d59308fa43?utm_campaign=google_jobs_apply&utm_source=google_jobs_apply&utm_medium=organic,"",""
0,"","Master Electrician","University of Denver","Denver, CO","","",serpapi_google_jobs,https://careers.insidehighered.com/job/3506231/master-electrician/?utm_campaign=google_jobs_apply&utm_source=google_jobs_apply&utm_medium=organic,"","2026-05-20"
0,"","Master Electrician","HomeServe Energy Services","Englewood, CO","","",serpapi_google_jobs,https://www.breakroom.cc/en-us/jobs/listing/37132326-home-instead-master-electrician-6675-s-kenton-st-englewood?utm_campaign=google_jobs_apply&utm_source=google_jobs_apply&utm_medium=organic,"","2026-05-07"
0,"","Journeyman and Master Electrician needed!","That's Fine, LLC","Welby, CO","","70K–130K a year",serpapi_google_jobs,https://bebee.com/us/jobs/journeyman-and-master-electrician-needed-thats-fine-welby-co--theirstack-683775512?utm_campaign=google_jobs_apply&utm_source=google_jobs_apply&utm_medium=organic,"","2026-05-13"
0,"","Master Electrician (Residential or Commercial Service) 10K Sign on Bonus!!!","Hutchinson","Burlington, CO","","30–45 an hour",serpapi_google_jobs,https://www.whatjobs.com/jobs/master-electrician-residential-or-commercial/burlington-vermont?id=2746076225&utm_campaign=google_jobs_apply&utm_source=google_jobs_apply&utm_medium=organic,"","2026-05-25"
0,"","Master Electrician","Home Instead Senior Care","Greenwood Village, CO","","",serpapi_google_jobs,https://bebee.com/us/jobs/master-electrician-home-instead-senior-care-greenwood-village--lensa-2365_e6f6ff1edec960fc08e567f15c981dc6a7546d3ac7f6ca73e6203ca029de4ec7?utm_campaign=google_jobs_apply&utm_source=google_jobs_apply&utm_medium=organic,"","2026-05-24"
0,"","Master Electrician","UCHealth","Woodland Park, CO","","",serpapi_google_jobs,https://medicalhirings.talentrushhq.com/joblistingpage/arhct3090b7w-30bf-45326848475866d888782ec36fcf?utm_campaign=google_jobs_apply&utm_source=google_jobs_apply&utm_medium=organic,"","2026-05-13"
0,"","AES Broadcast Technician","Aggreko","Chicago, Illinois","","",jobspy_indeed,https://www.indeed.com/viewjob?jk=1e363bcb8d6217cd,"","2026-05-28"
0,"","Sound Technician","The Comedy Vault","Chicago, Illinois","","",jobspy_indeed,https://www.indeed.com/viewjob?jk=1af03fba11d6cc52,"","2026-05-27"
0,"","Audio Visual Technician","chicago history society","Chicago, Illinois","","$28 - $40 (hourly)",jobspy_indeed,https://www.indeed.com/viewjob?jk=c4be15fbc7da501f,"","2026-05-26"
0,"","Senior AV Technician","York Telecom Corporation","New York, New York","","$55,000 - $63,000 (yearly)",jobspy_indeed,https://www.indeed.com/viewjob?jk=3d07c27bb47a3329,"","2026-05-29"
0,"","AV Technician","York Telecom Corporation","New York, New York","","$48,000 - $55,000 (yearly)",jobspy_indeed,https://www.indeed.com/viewjob?jk=ef7188a26d267af3,"","2026-05-29"
0,"","Senior AV Technician","Yorktel","New York, New York","","",jobspy_indeed,https://www.indeed.com/viewjob?jk=832a9dbb9b938aa2,"","2026-05-29"
0,"","Audio Visual Tech","The Garden City Hotel","New York, New York","","",jobspy_indeed,https://www.indeed.com/viewjob?jk=83d88bb66adf0be5,"","2026-05-29"
0,"","LEGOLAND® NY | Show Technician","RWS Global","New York, New York","","",jobspy_indeed,https://www.indeed.com/viewjob?jk=83410b04e6cf90c9,"","2026-05-29"
0,"","Theater & Audio-Visual Technician","Stony Brook University","New York, New York","","$20 - $24 (hourly)",jobspy_indeed,https://www.indeed.com/viewjob?jk=97cb4208658b0f8a,"","2026-05-29"
0,"","Installation Technician (Audio Visual) New Jersey","Cenero","New York, New York","","$21 - $31 (hourly)",jobspy_indeed,https://www.indeed.com/viewjob?jk=28eac5b38f7c7c99,"","2026-05-29"
0,"","Coordinator, Music Programming","SiriusXM","New York, New York","","$50,000 - $52,100 (yearly)",jobspy_indeed,https://www.indeed.com/viewjob?jk=8c2ac6b26c21da98,"","2026-05-28"
0,"","AES Broadcast Technician","Aggreko","New York, New York","","",jobspy_indeed,https://www.indeed.com/viewjob?jk=ad2013f4c1f675e6,"","2026-05-28"
0,"","Digital Workplace, Executive Support and Audiovisual AV Support Engineer","Guardian Life","New York, New York","","$103,450 - $169,960 (yearly)",jobspy_indeed,https://www.indeed.com/viewjob?jk=593ed81b23583950,"","2026-05-28"
0,"","Coordinator, Music Programming","adswizz","New York, New York","","$50,000 - $52,100 (yearly)",jobspy_indeed,https://www.indeed.com/viewjob?jk=f1739a9b76d324b3,"","2026-05-28"
0,"","AV Technician Tier 2","EOS IT Solutions","New York, New York","","$73,000 - $76,000 (yearly)",jobspy_indeed,https://www.indeed.com/viewjob?jk=8063eb66b6f70057,"","2026-05-27"
0,"","AV Technician","AV Workshop","New York, New York","","$25 - $65 (hourly)",jobspy_indeed,https://www.indeed.com/viewjob?jk=e2fb0fa1e41a1678,"","2026-05-27"
0,"","Audio Visual / Unified Communications Engineer (Level 3)","Orange Crew","New York, New York","","",jobspy_indeed,https://www.indeed.com/viewjob?jk=d63c0365c88088cb,"","2026-05-27"
0,"","Broadcast Studio Maintenance Engineer","Jetwave Wireless LLC","New York, New York","","$100,000 - $150,000 (yearly)",jobspy_indeed,https://www.indeed.com/viewjob?jk=8f7444298530d85f,"","2026-05-27"
0,"","Audio/Video Technician/ Programmer","Home Theater of Long Island","New York, New York","","$25 - $40 (hourly)",jobspy_indeed,https://www.indeed.com/viewjob?jk=0eec606bd1812ac2,"","2026-05-27"
0,"","Audio Visual Technician II","Hospital for Special Surgery","New York, New York","","$30 - $46 (hourly)",jobspy_indeed,https://www.indeed.com/viewjob?jk=3bff903a1a4bf1bf,"","2026-05-26"
0,"","TECHNICIAN, MULTIMEDIA","Waveguide","New York, New York","","$68,000 - $68,640 (yearly)",jobspy_indeed,https://www.indeed.com/viewjob?jk=884cd7503375010a,"","2026-05-19"
0,"","TECHNICIAN, MULTIMEDIA LEAD","Waveguide","New York, New York","","$75,000 - $75,920 (yearly)",jobspy_indeed,https://www.indeed.com/viewjob?jk=4b10dc54f8428bb1,"","2026-05-19"
0,"","Onsite AV Support Engineer","AVI-SPL","New York, New York","","$39 - $49 (hourly)",jobspy_indeed,https://www.indeed.com/viewjob?jk=2993e029070e5a9f,"","2026-05-08"
0,"","Sr. Events Engineer, Executive Productions & Event Technology","AVI-SPL","New York, New York","","$36 - $46 (hourly)",jobspy_indeed,https://www.indeed.com/viewjob?jk=beadb8f2e973d497,"","2026-05-08"
0,"","AV Field Service Technician","Electrosonic","San Francisco, California","","$35 - $40 (hourly)",jobspy_indeed,https://www.indeed.com/viewjob?jk=fbbef3e3f5ead2fc,"","2026-06-01"
0,"","Senior Electrical Engineer - AV Labs","Uber","San Francisco, California","","$180,000 - $200,000 (yearly)",jobspy_indeed,https://www.indeed.com/viewjob?jk=b9819434f1486aed,"","2026-05-30"
0,"","Mid Level AV Programmer/Field Engineer","Key Code Media, Inc","San Francisco, California","","$85,000 - $125,000 (yearly)",jobspy_indeed,https://www.indeed.com/viewjob?jk=05da766336ea4721,"","2026-05-29"
0,"","Event Services Technician - Event Technology, Audio Visual","Pinnacle Live","San Francisco, California","","$25 - $27 (hourly)",jobspy_indeed,https://www.indeed.com/viewjob?jk=4a20258e9ec09132,"","2026-05-28"
0,"","AES Broadcast Technician","Aggreko","San Francisco, California","","",jobspy_indeed,https://www.indeed.com/viewjob?jk=911901eacc9c72ac,"","2026-05-28"
0,"","Internship, Robotics Audio Integration Engineer, Optimus (Fall 2026)","Tesla","San Francisco, California","","$20 - $55 (hourly)",jobspy_indeed,https://www.indeed.com/viewjob?jk=0a7d9a493bb1b6a3,"","2026-05-28"
0,"","AV/VC Onsite Support Technician","Milestone Technologies","San Francisco, California","","",jobspy_indeed,https://www.indeed.com/viewjob?jk=7ffca0a853156455,"","2026-05-28"
0,"","Machine Learning Engineer II - AV Foundation, AV Labs","Uber","San Francisco, California","","$171,000 - $190,000 (yearly)",jobspy_indeed,https://www.indeed.com/viewjob?jk=fe7339956057091a,"","2026-05-28"
0,"","Software Engineer III, Audio Processing","Google","San Francisco, California","","$147,000 - $211,000 (yearly)",jobspy_indeed,https://www.indeed.com/viewjob?jk=0a474946f1158fa7,"","2026-05-27"
0,"","Software Engineer III, AI/ML Recommendations, Rankings, Predictions, Google Ads","Google","San Francisco, California","","$147,000 - $211,000 (yearly)",jobspy_indeed,https://www.indeed.com/viewjob?jk=2840d71300f76884,"","2026-06-01"
0,"","Principal System Software Engineer - AV Platform","NVIDIA","San Francisco, California","","$272,000 - $431,250 (yearly)",jobspy_indeed,https://www.indeed.com/viewjob?jk=ae1d77a8990060ab,"","2026-05-27"
0,"","Principal Architect, System Software - Orbital Data Center","NVIDIA","San Francisco, California","","$272,000 - $431,250 (yearly)",jobspy_indeed,https://www.indeed.com/viewjob?jk=b41a21127c7665de,"","2026-06-01"
0,"","Studio Technician","Gravity Media","San Francisco, California","","$75,000 - $82,000 (yearly)",jobspy_indeed,https://www.indeed.com/viewjob?jk=28e3286b2a8666ea,"","2026-05-27"
0,"","Acoustics Transducer Engineer","Apple","San Francisco, California","","$147,400 - $272,100 (yearly)",jobspy_indeed,https://www.indeed.com/viewjob?jk=07095183c31f7a4e,"","2026-05-25"
0,"","Algorithm Engineer, Home and Audio Devices","Apple","San Francisco, California","","$147,400 - $272,100 (yearly)",jobspy_indeed,https://www.indeed.com/viewjob?jk=4efe4bd2b91201a6,"","2026-04-16"
0,"","Acoustic Engineer - iPad, Mac & Home Acoustics","Apple","San Francisco, California","","$147,400 - $272,100 (yearly)",jobspy_indeed,https://www.indeed.com/viewjob?jk=bd2475750d76ae20,"","2026-04-07"
0,"","Software Engineer, Audio & Media Technologies","Apple","San Francisco, California","","$147,400 - $272,100 (yearly)",jobspy_indeed,https://www.indeed.com/viewjob?jk=ab7eea48db3311fe,"","2025-09-25"
0,"","Acoustic Engineer - AirPods","Apple","San Francisco, California","","$147,400 - $272,100 (yearly)",jobspy_indeed,https://www.indeed.com/viewjob?jk=8b28ae13b150535d,"","2026-03-15"
0,"","Embedded Software Engineer, Audio & Media Technologies","Apple","San Francisco, California","","$147,400 - $272,100 (yearly)",jobspy_indeed,https://www.indeed.com/viewjob?jk=4139339d9023dba8,"","2025-10-02"
0,"","AI Engineer - Multimodal Intelligence","Apple","San Francisco, California","","$147,400 - $272,100 (yearly)",jobspy_indeed,https://www.indeed.com/viewjob?jk=82c7430493e842d5,"","2026-05-27"
0,"","iOS Engineer-Apple TV","Apple","San Francisco, California","","$147,400 - $272,100 (yearly)",jobspy_indeed,https://www.indeed.com/viewjob?jk=5d9ab7f1894e38c0,"","2026-02-05"
0,"","Audio PD Engineer","Apple","San Francisco, California","","$212,000 - $318,400 (yearly)",jobspy_indeed,https://www.indeed.com/viewjob?jk=58db383199a08891,"","2026-04-12"
0,"","CVML Engineer - 3D Reconstruction","Apple","San Francisco, California","","$212,000 - $318,400 (yearly)",jobspy_indeed,https://www.indeed.com/viewjob?jk=55aa41b4a4fb6a57,"","2026-05-27"
0,"","Wi-Fi System Design and Integration Engineer","Apple","San Francisco, California","","$212,000 - $386,300 (yearly)",jobspy_indeed,https://www.indeed.com/viewjob?jk=da1319f4dbf473a7,"","2026-05-27"
0,"","Software Engineer, Connected Audio, Sensing & Connectivity","Apple","San Francisco, California","","$181,100 - $318,400 (yearly)",jobspy_indeed,https://www.indeed.com/viewjob?jk=16b7483223c6e237,"","2026-03-26"
0,"","Cartography and Display Tools Engineer","Apple","San Francisco, California","","$181,100 - $318,400 (yearly)",jobspy_indeed,https://www.indeed.com/viewjob?jk=cd632c722c8a873c,"","2026-02-24"
0,"","Senior Software Engineer, Apple Services Engineering","Apple","San Francisco, California","","$181,100 - $318,400 (yearly)",jobspy_indeed,https://www.indeed.com/viewjob?jk=400990c0630fb004,"","2026-05-28"
0,"","Performance & Automation Test Engineer, Creativity Apps","Apple","San Francisco, California","","$181,100 - $272,100 (yearly)",jobspy_indeed,https://www.indeed.com/viewjob?jk=b7de9dec9eba9942,"","2026-05-28"
0,"","Machine Learning Engineer, Video Engineering","Apple","San Francisco, California","","$181,100 - $318,400 (yearly)",jobspy_indeed,https://www.indeed.com/viewjob?jk=575f98357dbe9735,"","2026-05-27"
0,"","Sr. Media Applications Engineer, Media, Graphics & Compute Technologies","Apple","San Francisco, California","","$181,100 - $318,400 (yearly)",jobspy_indeed,https://www.indeed.com/viewjob?jk=15cb749b66186eb1,"","2026-04-09"
0,"","Research Engineer - Video Tone Mapping","Apple","San Francisco, California","","$181,100 - $318,400 (yearly)",jobspy_indeed,https://www.indeed.com/viewjob?jk=237f7250d9c4a8c4,"","2025-11-10"
0,"","Sr. Video and Imaging Software Engineer, Vision Products Group","Apple","San Francisco, California","","$181,100 - $318,400 (yearly)",jobspy_indeed,https://www.indeed.com/viewjob?jk=ae390f57f598717e,"","2025-10-22"
0,"","On-Device ML Infrastructure Engineer (CoreML Runtime), Graphics, Games and Machine Learning","Apple","San Francisco, California","","$181,100 - $318,400 (yearly)",jobspy_indeed,https://www.indeed.com/viewjob?jk=fc4542c36772d351,"","2026-04-16"
0,"","Acoustic Testing and Tuning Engineer - Hearing Health","Apple","San Francisco, California","","$126,797 - $220,900 (yearly)",jobspy_indeed,https://www.indeed.com/viewjob?jk=e75a0d115a0578ac,"","2026-02-08"
0,"","Advanced Manufacturing Engineer - Audio","Apple","San Francisco, California","","$107,800 - $193,800 (yearly)",jobspy_indeed,https://www.indeed.com/viewjob?jk=a8317a6b70e40b6e,"","2026-02-05"
0,"","Embedded Drivers Engineer, Audio & Media Technologies","Apple","San Francisco, California","","$126,800 - $220,900 (yearly)",jobspy_indeed,https://www.indeed.com/viewjob?jk=6d59b984b48e5015,"","2026-01-12"
0,"","AR/VR Applications Engineer - Photos, Vision Products Software","Apple","San Francisco, California","","$126,800 - $220,900 (yearly)",jobspy_indeed,https://www.indeed.com/viewjob?jk=9f2444ace9b53e18,"","2026-05-27"
0,"","Audio Software Test Engineer - Airpods","Apple","San Francisco, California","","$118,500 - $244,100 (yearly)",jobspy_indeed,https://www.indeed.com/viewjob?jk=8604d37bddec778a,"","2025-12-02"
0,"","Seatown Pottery: Instructor / Studio Tech","24Hr Pottery","Seattle, Washington","","$23 - $32 (hourly)",jobspy_indeed,https://www.indeed.com/viewjob?jk=0f6539e7355f722e,"","2026-05-30"
0,"","Principal Software Engineer, Alexa Audio","Amazon.com","Seattle, Washington","","$200,100 - $270,600 (yearly)",jobspy_indeed,https://www.indeed.com/viewjob?jk=e79754394603a050,"","2026-05-22"
0,"","Acoustic Design Engineer, DC Design Engineering","Amazon.com","Seattle, Washington","","$134,300 - $185,000 (yearly)",jobspy_indeed,https://www.indeed.com/viewjob?jk=d602ab602a2aebf9,"","2026-05-21"
0,"","AIML - Machine Learning Engineer - Computer Vision & Audio, MIND","Apple","Seattle, Washington","","$139,500 - $258,100 (yearly)",jobspy_indeed,https://www.indeed.com/viewjob?jk=14e12c6791a08cc1,"","2026-03-16"
0,"","AES Broadcast Technician","Aggreko","Boston, Massachusetts","","",jobspy_indeed,https://www.indeed.com/viewjob?jk=bebcbd769dd81895,"","2026-05-28"
0,"","Multimedia Technician","Harvard University","Boston, Massachusetts","","",jobspy_indeed,https://www.indeed.com/viewjob?jk=c9348c3d36422bd5,"","2026-05-28"
0,"","Manager, Event & Media Production Coordination","Harvard University","Boston, Massachusetts","","",jobspy_indeed,https://www.indeed.com/viewjob?jk=9d554a29e8cfab9c,"","2026-05-27"
0,"","Fire Electrician","Harvard University","Boston, Massachusetts","","",jobspy_indeed,https://www.indeed.com/viewjob?jk=25af9d76ceaa047e,"","2026-05-26"
0,"","Sr. Engineer - ADAS/EV/AV (MS/PhD)","Exponent","Boston, Massachusetts","","$135,000 - $175,000 (yearly)",jobspy_indeed,https://www.indeed.com/viewjob?jk=9d251287a29af6f3,"","2026-05-27"
0,"","Onsite AV Support Technician","AVI-SPL","Boston, Massachusetts","","$26 - $37 (hourly)",jobspy_indeed,https://www.indeed.com/viewjob?jk=f2b5c38d2f94009b,"","2026-05-18"
0,"","AUDIO VISUAL TECHNICIAN (ON CALL)","Eurest","Boston, Massachusetts","","$30 - $40 (hourly)",jobspy_indeed,https://www.indeed.com/viewjob?jk=db7168d7a980cb29,"","2026-04-01"
0,"","Vehicle Engineer, ADAS/AV (MS/PhD)","Exponent","Boston, Massachusetts","","$130,500 - $155,000 (yearly)",jobspy_indeed,https://www.indeed.com/viewjob?jk=2ee51b305cfee859,"","2026-03-19"
0,"","Audio and visual technician","nan","Los Angeles, California","","",jobspy_indeed,https://www.indeed.com/viewjob?jk=ab2b1fd9ce6d4ba1,"","2026-06-01"
0,"","IT Coordinator - Technology Project Coordinator (TPC)","nan","Los Angeles, California","","",jobspy_indeed,https://www.indeed.com/viewjob?jk=e7c06250f8ffa0a5,"","2026-05-27"
0,"","Live Sales Specialist E-commerce","nan","Los Angeles, California","","",jobspy_indeed,https://www.indeed.com/viewjob?jk=00c9908ded41519a,"","2026-06-01"
0,"","AV Installer","nan","Los Angeles, California","","",jobspy_indeed,https://www.indeed.com/viewjob?jk=b4563c1675904f82,"","2026-05-28"
0,"","Studio Assistant - Part Time/As-needed","Union Recording Studio","Los Angeles, California","","",jobspy_indeed,https://www.indeed.com/viewjob?jk=cbd68474daadfc6a,"","2026-05-31"
0,"","403(g) Technician","CBS News and Stations","Los Angeles, California","","",jobspy_indeed,https://www.indeed.com/viewjob?jk=6247c08399c77ad5,"","2026-05-29"
0,"","Audio Visual Technician","STERIS","Los Angeles, California","","$61,412 - $79,475 (yearly)",jobspy_indeed,https://www.indeed.com/viewjob?jk=ba52a2bd51b06d2c,"","2026-05-29"
0,"","AES Broadcast Technician","Aggreko","Los Angeles, California","","",jobspy_indeed,https://www.indeed.com/viewjob?jk=c21f676ffd876bec,"","2026-05-28"
0,"","Audio/Video Technician","nan","Los Angeles, California","","$25 - $45 (hourly)",jobspy_indeed,https://www.indeed.com/viewjob?jk=93aba0d7b4ee7ed6,"","2026-05-28"
0,"","Residential AV Lead Technician","Bravas","Los Angeles, California","","$40 - $50 (hourly)",jobspy_indeed,https://www.indeed.com/viewjob?jk=a6e184d9226cdaef,"","2026-05-28"
0,"","AV Technician II","VectorUSA","Los Angeles, California","","$35 - $40 (hourly)",jobspy_indeed,https://www.indeed.com/viewjob?jk=7571dbe79e372dbd,"","2026-05-27"
0,"","Audio Production Internship (Recording Studio)","Room Key Studios","Los Angeles, California","","",jobspy_indeed,https://www.indeed.com/viewjob?jk=ad4ab45c971df098,"","2026-05-27"
0,"","Acoustics DSP Engineer","Apple","Los Angeles, California","","$139,500 - $258,100 (yearly)",jobspy_indeed,https://www.indeed.com/viewjob?jk=f62b52a09f3ac3b2,"","2026-04-07"
0,"","Sr Live Stream Broadcast Systems Engineer - AppleTV","Apple","Los Angeles, California","","$171,600 - $302,200 (yearly)",jobspy_indeed,https://www.indeed.com/viewjob?jk=0909ee074c4d5a34,"","2026-03-26"
0,"","Part-Time Event Production Coordinator","George Mason University","Washington, DC","","",jobspy_indeed,https://www.indeed.com/viewjob?jk=06922b3c010df50e,"","2026-06-01"
0,"","Tier 1 AV Technician","Virginia Tech","Washington, DC","","",jobspy_indeed,https://www.indeed.com/viewjob?jk=77eed1416cdee827,"","2026-05-29"
0,"","AES Broadcast Technician","Aggreko","Washington, DC","","",jobspy_indeed,https://www.indeed.com/viewjob?jk=1faf7a71573fc7f9,"","2026-05-28"
0,"","Chief Broadcast Engineer","NewsMax Media, Inc.","Washington, DC","","$145,000 - $185,000 (yearly)",jobspy_indeed,https://www.indeed.com/viewjob?jk=7e6ab67217e8db01,"","2026-05-28"
0,"","AV Technician","Digital Consultants","Washington, DC","","",jobspy_indeed,https://www.indeed.com/viewjob?jk=3f76e17ab940b879,"","2026-05-27"
0,"","A/V VTC Support Engineer","Koniag Government Services","Washington, DC","","$135,000 - $150,000 (yearly)",jobspy_indeed,https://www.indeed.com/viewjob?jk=82ae01e2519fe8ee,"","2026-05-27"
0,"","A/V & Security Systems Technician","JAC Communications","Washington, DC","","$28 - $38 (hourly)",jobspy_indeed,https://www.indeed.com/viewjob?jk=7efa1b4010588ea4,"","2026-05-27"
0,"","A/V Installation & Integration Technician","nan","Washington, DC","","",jobspy_indeed,https://www.indeed.com/viewjob?jk=5931015a85291cb6,"","2026-05-27"
0,"","Theatre Teaching Artists","nan","Washington, DC","","",jobspy_indeed,https://www.indeed.com/viewjob?jk=5c658d282bf07b3c,"","2026-05-28"
0,"","Field Service Technician FSR3","nan","Washington, DC","","",jobspy_indeed,https://www.indeed.com/viewjob?jk=8c2eefa99cba85a7,"","2026-06-01"
0,"","Senior Mechanical Engineer","nan","Washington, DC","","",jobspy_indeed,https://www.indeed.com/viewjob?jk=0edd105da9ffecc2,"","2026-06-01"
0,"","Field Service Technician II - RF/Acoustic","Obsidian Solutions Group","Washington, DC","","",jobspy_indeed,https://www.indeed.com/viewjob?jk=7b3a928fc4433112,"","2026-05-27"
0,"","Hospitality Live AV Professionals","Scott Brown Media Group","Washington, DC","","",jobspy_indeed,https://www.indeed.com/viewjob?jk=c7f178cd9cd83ac1,"","2026-05-27"
0,"","Event Sr. Technical Lead, Audio Visual - Hyatt Regency Capitol Hill","Encore Global","Washington, DC","","$20 - $26 (hourly)",jobspy_indeed,https://www.indeed.com/viewjob?jk=d6aaea92375d9fd2,"","2026-05-26"
0,"","Event Operations Supervisor, Audio Visual – Westin Annapolis","Encore Global","Washington, DC","","$22 - $29 (hourly)",jobspy_indeed,https://www.indeed.com/viewjob?jk=76af2e77876c132a,"","2026-05-26"
0,"","Systems Engineer (AV/VTC)","Metrostar Systems","Washington, DC","","$85,000 - $97,000 (yearly)",jobspy_indeed,https://www.indeed.com/viewjob?jk=18d32d2e71c57b1b,"","2026-05-26"
0,"","Recurring A1, A2, A3, Sunday Contractor Positions","Audio Assurance","Washington, DC","","$40 - $50 (hourly)",jobspy_indeed,https://www.indeed.com/viewjob?jk=7e9abd11fac74ac6,"","2026-05-26"
0,"","Audio Visual Technician","National Capitol Contracting (NCC)","Washington, DC","","$55,000 - $60,000 (yearly)",jobspy_indeed,https://www.indeed.com/viewjob?jk=2b5af2730009d2f3,"","2026-05-26"
0,"","Part Time Sound Engineer","VCMI - Bowie Campus","Washington, DC","","$40 - $45 (hourly)",jobspy_indeed,https://www.indeed.com/viewjob?jk=e6ce4a9c909b0d05,"","2026-05-25"
0,"","MULTIMEDIA AUDIO VISUAL TECHNICIAN - MCLEAN, VA","Waveguide","Washington, DC","","$19 - $20 (hourly)",jobspy_indeed,https://www.indeed.com/viewjob?jk=2f77c73dad36be30,"","2026-05-21"
0,"","Board Operator","Salem Media Group","Washington, DC","","",jobspy_indeed,https://www.indeed.com/viewjob?jk=8397ab8a479d4f41,"","2025-08-07"
0,"","Multimedia Technician I","Roseman University","United States","","",jobspy_indeed,https://www.indeed.com/viewjob?jk=a62d810dde7c4e30,"","2026-06-01"
0,"","Audio/Visual Technician","RPM AVS","United States","","$20 - $25 (hourly)",jobspy_indeed,https://www.indeed.com/viewjob?jk=487ed013cfd90560,"","2026-06-01"
0,"","Audio/Video Rental House Shop Technician LV","SoCal Rentals","United States","","$22 - $25 (hourly)",jobspy_indeed,https://www.indeed.com/viewjob?jk=c5ff6a1fd35c1a26,"","2026-06-01"
0,"","Stage Tech - Light & Sound","The Comedy Barn","United States","","",jobspy_indeed,https://www.indeed.com/viewjob?jk=6e58cf89d71c68a1,"","2026-06-01"
0,"","AV/LV Technician","Sparco.com","United States","","$15 - $16 (hourly)",jobspy_indeed,https://www.indeed.com/viewjob?jk=5bc0d46a5971e669,"","2026-06-01"
0,"","Technical Operator I","Texas A&M University","United States","","",jobspy_indeed,https://www.indeed.com/viewjob?jk=a94f8721a18af79b,"","2026-06-01"
0,"","AV Lead Installation / Service Technician","Show Masters Production Logistics","United States","","$25 - $30 (hourly)",jobspy_indeed,https://www.indeed.com/viewjob?jk=4e2d895dc62bde20,"","2026-06-01"
0,"","Car Audio Tech","Creative Audio","United States","","$45,000 - $55,000 (yearly)",jobspy_indeed,https://www.indeed.com/viewjob?jk=76eb42c36c2b37e0,"","2026-06-01"
0,"","Audio Visual Technician","Master Audio Visual","United States","","$20 - $25 (hourly)",jobspy_indeed,https://www.indeed.com/viewjob?jk=9daf561f26f19ed9,"","2026-06-01"
0,"","Part-Time Technical (AVL) Manager","PROVIDENCE BAPTIST CHURCH Child Development Center","United States","","$25 - $30 (hourly)",jobspy_indeed,https://www.indeed.com/viewjob?jk=108637ca7badf762,"","2026-06-01"
0,"","Broadcast Engineer","TEGNA","United States","","$38 - $42 (hourly)",jobspy_indeed,https://www.indeed.com/viewjob?jk=8f76fe54c9c5cb14,"","2026-06-01"
0,"","Events Technician","Riverbanks Zoo and Garden","United States","","",jobspy_indeed,https://www.indeed.com/viewjob?jk=ebbca997bdf5f204,"","2026-06-01"
0,"","Low-Voltage Service Technician (Access, Security, CCTV, Fire, Audio)","Cornerstone Control Systems","United States","","$25 - $27 (hourly)",jobspy_indeed,https://www.indeed.com/viewjob?jk=6924e1913cf27ccd,"","2026-06-01"
0,"","Equipment Repair Technician I (Audiovisual)","San Diego Unified School District","United States","","$31 - $38 (hourly)",jobspy_indeed,https://www.indeed.com/viewjob?jk=a56a0c6a112215fe,"","2026-05-27"
0,"","Apprentice Technician (AV, Lighting, Shading, Control)","Technology Design Associates","United States","","$18 - $22 (hourly)",jobspy_indeed,https://www.indeed.com/viewjob?jk=6f34d77600d858f9,"","2026-05-22"
0,"","2026-2027 (Annual) Supplemental Contract - Lighting & Sound Technician- LIG SND HHS","West Chester Area School District","United States","","",jobspy_indeed,https://www.indeed.com/viewjob?jk=960fca0a004d44fb,"","2026-05-19"
0,"","Canadian French-English Audio Recording Participant","Productive Playhouse","Remote","","",jobspy_indeed,https://www.indeed.com/viewjob?jk=a396f91084129042,"","2026-05-29"
0,"","AV Technician","Planned Systems International","Remote","","",jobspy_indeed,https://www.indeed.com/viewjob?jk=bb59028f3f81c035,"","2026-05-28"
0,"","Audio Data Collection","Atain","Remote","","$1 - $6 (hourly)",jobspy_indeed,https://www.indeed.com/viewjob?jk=e73688b5502f077a,"","2026-05-26"
0,"","Senior Project Engineer, Broadcast, XTG","AVI-SPL","Remote","","$83,000 - $107,000 (yearly)",jobspy_indeed,https://www.indeed.com/viewjob?jk=7b48c94945676566,"","2026-04-03"
0,"","Sales Engineer, NorthCentral","Axonius","Chicago, Illinois","","$180,000 - $200,000 (yearly)",jobspy_indeed,https://www.indeed.com/viewjob?jk=f5eeadbe563baa62,"","2026-06-01"
0,"","Real Estate Architect","UL Solutions","Chicago, Illinois","","$80,000 - $105,000 (yearly)",jobspy_indeed,https://www.indeed.com/viewjob?jk=c548cecbe6d1a081,"","2026-05-29"
0,"","Digital Broadcast & Video Production Lead","Mars","Chicago, Illinois","","$86,720 - $119,240 (yearly)",jobspy_indeed,https://www.indeed.com/viewjob?jk=768d2afd1ed54067,"","2026-05-29"
0,"","Design Manager, Autonomous Vehicle Infrastructure","Uber","Chicago, Illinois","","$150,000 - $185,500 (yearly)",jobspy_indeed,https://www.indeed.com/viewjob?jk=4fc7cc908b0ec2c1,"","2026-05-29"
0,"","Channel Solutions Engineer -- Nationals","Logitech","Chicago, Illinois","","$125,000 - $260,000 (yearly)",jobspy_indeed,https://www.indeed.com/viewjob?jk=213c8e07cc0811b8,"","2026-05-28"
0,"","Design Engineer","Legrand","New York, New York","","$85,000 - $100,000 (yearly)",jobspy_indeed,https://www.indeed.com/viewjob?jk=a28fc87e0b291031,"","2026-05-29"
0,"","Senior Systems Engineer","Commvault","New York, New York","","$72,250 - $140,300 (yearly)",jobspy_indeed,https://www.indeed.com/viewjob?jk=ae5ba87a4be5a8b7,"","2026-05-29"
0,"","Construction Project Management Director - Towers/Structures","AECOM","New York, New York","","$187,306 - $346,516 (yearly)",jobspy_indeed,https://www.indeed.com/viewjob?jk=dc3e1e58cd73bf56,"","2026-05-29"
0,"","IT Systems Engineer","Covera Health","New York, New York","","$105,000 - $125,000 (yearly)",jobspy_indeed,https://www.indeed.com/viewjob?jk=2fc667e6b8920177,"","2026-05-29"
0,"","Project Manager","Salas O'Brien","New York, New York","","$120,000 - $165,000 (yearly)",jobspy_indeed,https://www.indeed.com/viewjob?jk=55d4a754c10251dd,"","2026-05-29"
0,"","Director, End User Services","COMPASS Pathways","New York, New York","","$210,000 - $260,000 (yearly)",jobspy_indeed,https://www.indeed.com/viewjob?jk=55d7a80ecee095ea,"","2026-05-28"
0,"","Sr. Electrical Engineer","PS&S","New York, New York","","$99,000 - $145,000 (yearly)",jobspy_indeed,https://www.indeed.com/viewjob?jk=9002f750073f3049,"","2026-05-27"
0,"","AV Commissioning Specialist","AVI-SPL","New York, New York","","$40 - $52 (hourly)",jobspy_indeed,https://www.indeed.com/viewjob?jk=1a3725b1fc363656,"","2026-05-15"
0,"","Project Engineer","AVI-SPL","New York, New York","","$80,000 - $110,000 (yearly)",jobspy_indeed,https://www.indeed.com/viewjob?jk=b4fe2b940b78786a,"","2026-04-10"
0,"","Staff Software Engineer, Deep Learning Acceleration","Aurora Innovation","San Francisco, California","","$189,000 - $274,000 (yearly)",jobspy_indeed,https://www.indeed.com/viewjob?jk=666c2d94f0491a15,"","2026-06-01"
0,"","Vehicle Operations Specialist","Becky Daly North Carolina Real Estate LLC","San Francisco, California","","$24 - $30 (hourly)",jobspy_indeed,https://www.indeed.com/viewjob?jk=f5acfdaae6fe6ea6,"","2026-06-01"
0,"","Senior Sales Engineer, California","Axonius","San Francisco, California","","$240,000 - $265,000 (yearly)",jobspy_indeed,https://www.indeed.com/viewjob?jk=f80ec203726ca2d3,"","2026-06-01"
0,"","Entry Level Developer - Simulation Platform (Galileo)","General Motors (GM)","San Francisco, California","","$99,400 - $153,900 (yearly)",jobspy_indeed,https://www.indeed.com/viewjob?jk=0fbe75d978f8404c,"","2026-06-01"
0,"","Software Developer - Simulation Platform (Galileo)","General Motors (GM)","San Francisco, California","","$104,500 - $160,200 (yearly)",jobspy_indeed,https://www.indeed.com/viewjob?jk=6d3552477f4c8d7f,"","2026-06-01"
0,"","Test Technician II","AeroVironment","San Francisco, California","","",jobspy_indeed,https://www.indeed.com/viewjob?jk=cc8ff3d22adc1b95,"","2026-05-30"
0,"","Stock Room/Material Control Specialist III","AeroVironment","San Francisco, California","","",jobspy_indeed,https://www.indeed.com/viewjob?jk=57d994dac0df0e29,"","2026-05-30"
0,"","Senior IT Support Engineer","Lightmatter","San Francisco, California","","$93,000 - $130,000 (yearly)",jobspy_indeed,https://www.indeed.com/viewjob?jk=ba665ff9806fb3f3,"","2026-05-30"
0,"","Senior Software Engineer","General Motors (GM)","San Francisco, California","","$125,000 - $234,100 (yearly)",jobspy_indeed,https://www.indeed.com/viewjob?jk=f6bfe7cec2d7471e,"","2026-05-29"
0,"","Engineering Manager - Autonomy Evaluation","General Motors (GM)","San Francisco, California","","$185,100 - $284,100 (yearly)",jobspy_indeed,https://www.indeed.com/viewjob?jk=56e18edc73cb788b,"","2026-05-29"
0,"","Executive IT Support","PagerDuty","San Francisco, California","","$95,000 - $144,100 (yearly)",jobspy_indeed,https://www.indeed.com/viewjob?jk=bca84c19dc01aaa4,"","2026-05-29"
0,"","Engineering Manager (ML), Perception, Traffic Control Understanding","Waymo","San Francisco, California","","$251,000 - $310,000 (yearly)",jobspy_indeed,https://www.indeed.com/viewjob?jk=76920106ce29f657,"","2026-05-29"
0,"","Venture Capital Technologist (Contract)","nan","San Francisco, California","","",jobspy_indeed,https://www.indeed.com/viewjob?jk=f3e94c4ca863e842,"","2026-05-29"
0,"","Kitchen & Bathr Designer / Showroom Manager","nan","San Francisco, California","","",jobspy_indeed,https://www.indeed.com/viewjob?jk=eb01660bd1a93053,"","2026-05-30"
0,"","Solutions Engineering Manager","nan","San Francisco, California","","",jobspy_indeed,https://www.indeed.com/viewjob?jk=9b1b774e79609d9c,"","2026-05-29"
0,"","Machine Learning Engineering Manager, App SW","Wayve","San Francisco, California","","$336,400 - $381,600 (yearly)",jobspy_indeed,https://www.indeed.com/viewjob?jk=4b0798e9ffcc7f6e,"","2026-05-29"
0,"","Hardware Integration Engineer","DoorDash","San Francisco, California","","$109,500 - $161,000 (yearly)",jobspy_indeed,https://www.indeed.com/viewjob?jk=dfec74f4647d22f5,"","2026-05-28"
0,"","Senior Mechanical Design Engineer — Electric Motors","DoorDash","San Francisco, California","","$109,500 - $161,000 (yearly)",jobspy_indeed,https://www.indeed.com/viewjob?jk=f72548d30ca90268,"","2026-05-28"
0,"","Mechanical Design Engineer — UAV Wire Harness","DoorDash","San Francisco, California","","$109,500 - $161,000 (yearly)",jobspy_indeed,https://www.indeed.com/viewjob?jk=9ea63190923e127f,"","2026-05-28"
0,"","Hardware Prototype Engineering Technician","DoorDash","San Francisco, California","","$44 - $66 (hourly)",jobspy_indeed,https://www.indeed.com/viewjob?jk=19cc191105d80249,"","2026-05-28"
0,"","System Safety Engineer, Humanoid Robotics","Meta","San Francisco, California","","$208,000 - $289,000 (yearly)",jobspy_indeed,https://www.indeed.com/viewjob?jk=50cc7cb948906a3a,"","2026-05-27"
0,"","Robotics Verification & Validation Engineer","Meta","San Francisco, California","","$208,000 - $289,000 (yearly)",jobspy_indeed,https://www.indeed.com/viewjob?jk=dc6ee49c626965fa,"","2026-05-27"
0,"","AV Administrator, Events & Experiences","SpaceX","San Francisco, California","","$105,000 - $125,000 (yearly)",jobspy_indeed,https://www.indeed.com/viewjob?jk=9e677c261c8d42b4,"","2026-05-15"
0,"","Chief Engineer - ML, Physical AI, & Autonomy","Blue Origin","Seattle, Washington","","$253,878 - $355,429 (yearly)",jobspy_indeed,https://www.indeed.com/viewjob?jk=3b35376cf80e10c5,"","2026-06-01"
0,"","Installation Technician II","AVI-SPL","Seattle, Washington","","$26 - $35 (hourly)",jobspy_indeed,https://www.indeed.com/viewjob?jk=e39b35ba7b5d4486,"","2026-02-02"
0,"","Installation Technician III","AVI-SPL","Seattle, Washington","","$28 - $39 (hourly)",jobspy_indeed,https://www.indeed.com/viewjob?jk=b58d1f898cd2af7f,"","2025-12-29"
0,"","Data and Technology Manager","Boston Collegiate Charter School","Boston, Massachusetts","","$67,495 - $75,967 (yearly)",jobspy_indeed,https://www.indeed.com/viewjob?jk=335b81dccaa9887b,"","2026-05-29"
0,"","IT Operations Manager","Shawmut Design and Construction","Boston, Massachusetts","","$158,000 - $197,000 (yearly)",jobspy_indeed,https://www.indeed.com/viewjob?jk=4c7eec54ec6dffef,"","2026-05-29"
0,"","Installation Technician II","AVI-SPL","Boston, Massachusetts","","$27 - $36 (hourly)",jobspy_indeed,https://www.indeed.com/viewjob?jk=38f443714659497b,"","2026-05-13"
0,"","Senior Sales Engineer, California","Axonius","Los Angeles, California","","$240,000 - $265,000 (yearly)",jobspy_indeed,https://www.indeed.com/viewjob?jk=f76ad39f4db2f69a,"","2026-06-01"
0,"","Electrofrorm/Plater & Paint AV","Boeing","Los Angeles, California","","$29 - $47 (hourly)",jobspy_indeed,https://www.indeed.com/viewjob?jk=6c6965721de4467f,"","2026-05-29"
0,"","Infrastructure & Capital Projects – Technology Project Coordinator – Higher Education, ANS","nan","Los Angeles, California","","$118,000 - $130,000 (yearly)",jobspy_indeed,https://www.indeed.com/viewjob?jk=ba2731e1e5af3c17,"","2026-05-27"
0,"","Infrastructure & Capital Projects â€“ Technology Project Coordinator â€“ Higher Education, ANS","Logic, Inc.","Los Angeles, California","","$118,000 - $130,000 (yearly)",jobspy_indeed,https://www.indeed.com/viewjob?jk=11310096848474f4,"","2026-05-26"
0,"","IT Coordinator - Technology Project Coordinator","nan","Los Angeles, California","","$125,000 - $140,000 (yearly)",jobspy_indeed,https://www.indeed.com/viewjob?jk=ce861e6a0caeb064,"","2026-05-26"
0,"","Technical Product Specialist - Lighting","Live Events","Los Angeles, California","","$80,000 - $110,000 (yearly)",jobspy_indeed,https://www.indeed.com/viewjob?jk=371b1181128837fc,"","2026-05-26"
0,"","Training Lead, Autonomous Airpower","Anduril","Los Angeles, California","","$123,000 - $149,000 (yearly)",jobspy_indeed,https://www.indeed.com/viewjob?jk=1fa635dd1b20e5f7,"","2026-05-26"
0,"","Sr. AV Administrator, Events & Experiences","SpaceX","Los Angeles, California","","$110,000 - $140,000 (yearly)",jobspy_indeed,https://www.indeed.com/viewjob?jk=377e174fe9a20bd2,"","2026-04-30"
0,"","Electrical Maintenance Supervisor","SpaceX","Los Angeles, California","","$110,000 - $140,000 (yearly)",jobspy_indeed,https://www.indeed.com/viewjob?jk=2c01934dc3dbbca1,"","2026-05-28"
0,"","Electrical Foreman","SpaceX","Los Angeles, California","","$110,000 - $140,000 (yearly)",jobspy_indeed,https://www.indeed.com/viewjob?jk=9a46a46c6d0901f2,"","2026-05-21"
0,"","Telecommunications Engineer","SpaceX","Los Angeles, California","","$110,000 - $140,000 (yearly)",jobspy_indeed,https://www.indeed.com/viewjob?jk=8f2f18f2ab392198,"","2026-05-28"
0,"","Project Engineer II","AVI-SPL","Los Angeles, California","","$95,000 - $120,000 (yearly)",jobspy_indeed,https://www.indeed.com/viewjob?jk=e937cbe6f64c78a6,"","2026-04-28"
0,"","Field Service Technician III","AeroVironment","Washington, DC","","",jobspy_indeed,https://www.indeed.com/viewjob?jk=dddddde6de50a6f1,"","2026-06-01"
0,"","Electrical Engineer Royal Oak MI","AHU Technologies","Washington, DC","","$60 - $65 (hourly)",jobspy_indeed,https://www.indeed.com/viewjob?jk=f2113152cdd13b0d,"","2026-06-01"
0,"","Engineering Technician III","EMCO Technologies","Washington, DC","","",jobspy_indeed,https://www.indeed.com/viewjob?jk=bdb32c82f32dcaa0,"","2026-05-28"
0,"","Voice/Video Engineer (Active Secret Clearance)","Akima","Washington, DC","","$115,000 - $120,000 (yearly)",jobspy_indeed,https://www.indeed.com/viewjob?jk=ae84dd607a512b3e,"","2026-05-27"
0,"","Multimedia Specialist","Morgan State University","Washington, DC","","$50,000 - $65,000 (yearly)",jobspy_indeed,https://www.indeed.com/viewjob?jk=7b0c46cbbe59178c,"","2026-05-27"
0,"","IT SPECIALIST","Peraton","Washington, DC","","$66,000 - $106,000 (yearly)",jobspy_indeed,https://www.indeed.com/viewjob?jk=a1568f6acc50db59,"","2026-05-26"
0,"","AUDIO VISUAL ENGINEERING, SENIOR ASSOCIATE","Peraton","Washington, DC","","$66,000 - $106,000 (yearly)",jobspy_indeed,https://www.indeed.com/viewjob?jk=a6283a2c1dd6cb7f,"","2026-05-29"
0,"","IT Specialist","nan","Washington, DC","","$50,000 - $60,000 (yearly)",jobspy_indeed,https://www.indeed.com/viewjob?jk=57c01dbb90c07eb4,"","2026-05-01"
0,"","Senior Director, Event Experience Design & Production","Bentley Systems","United States","","",jobspy_indeed,https://www.indeed.com/viewjob?jk=ae0429c94961bf04,"","2026-06-01"
0,"","Enterprise Inside Sales Representative","Bentley Systems","United States","","",jobspy_indeed,https://www.indeed.com/viewjob?jk=3d5734ca0bb0d141,"","2026-06-01"
0,"","Director, Content Strategy and Operations","Bentley Systems","United States","","",jobspy_indeed,https://www.indeed.com/viewjob?jk=1e7c485ad1b434bf,"","2026-06-01"
0,"","Senior Director, Event Operations & Program Management","Bentley Systems","United States","","",jobspy_indeed,https://www.indeed.com/viewjob?jk=adcf4f2db90e3403,"","2026-06-01"
0,"","Account Manager, Enterprise","Bentley Systems","United States","","",jobspy_indeed,https://www.indeed.com/viewjob?jk=8b937dd0f0e2a62a,"","2026-06-01"
0,"","IT Support Specialist","Suvida Healthcare","United States","","",jobspy_indeed,https://www.indeed.com/viewjob?jk=844359f95b682f12,"","2026-06-01"
0,"","JNWC Executive Assistant","AeroVironment","United States","","",jobspy_indeed,https://www.indeed.com/viewjob?jk=a86f42c58a34ee28,"","2026-06-01"
0,"","Modeling and Simulation (M&S) Integration Engineer/Manager","AeroVironment","United States","","$91,000 - $128,888 (yearly)",jobspy_indeed,https://www.indeed.com/viewjob?jk=3f883fef55f81a53,"","2026-06-01"
0,"","Low Voltage / Audio-Video Systems Installer","Crescent Multimedia Solutions","United States","","",jobspy_indeed,https://www.indeed.com/viewjob?jk=8453767af8d8ab21,"","2026-06-01"
0,"","Desktop Support Engineer","ITAZON TECH","United States","","$30 - $35 (hourly)",jobspy_indeed,https://www.indeed.com/viewjob?jk=f8238ce8dfd8e138,"","2026-06-01"
0,"","Senior Sales Engineer, TOLA","Axonius","United States","","$225,000 - $240,000 (yearly)",jobspy_indeed,https://www.indeed.com/viewjob?jk=1d03d4f27197f763,"","2026-06-01"
0,"","Sales Engineer, NorthCentral","Axonius","United States","","$180,000 - $200,000 (yearly)",jobspy_indeed,https://www.indeed.com/viewjob?jk=b0348219b5ad2987,"","2026-06-01"
0,"","Sr. BIM Specialist II","TEECOM","Remote","","$125,000 - $145,000 (yearly)",jobspy_indeed,https://www.indeed.com/viewjob?jk=74076188776441ad,"","2026-05-29"
0,"","Manager, Regional Engineering – Solutions Development","AVI-SPL","Remote","","$123,000 - $156,000 (yearly)",jobspy_indeed,https://www.indeed.com/viewjob?jk=8bce56ecc3340ad9,"","2026-05-28"
0,"","Strategic Marketing Programs Manager","AssetWatch","Remote","","",jobspy_indeed,https://www.indeed.com/viewjob?jk=5b85935296976454,"","2026-05-28"
0,"","Director, Data Science","May Mobility","Remote","","$217,000 - $312,000 (yearly)",jobspy_indeed,https://www.indeed.com/viewjob?jk=52836c43829aa27f,"","2026-05-28"
0,"","Associate Systems Engineer (Midwest)","Net at Work","Remote","","$50,000 - $65,000 (yearly)",jobspy_indeed,https://www.indeed.com/viewjob?jk=9169ddfb9e2516e4,"","2026-05-28"
0,"","Technical Support Engineer - GovCloud (Remote)","CrowdStrike","Remote","","$70,000 - $110,000 (yearly)",jobspy_indeed,https://www.indeed.com/viewjob?jk=b51ed6af9c3314c5,"","2026-05-28"
0,"","Systems Engineer I - Test Automation","TORC Robotics","Remote","","$98,800 - $118,600 (yearly)",jobspy_indeed,https://www.indeed.com/viewjob?jk=52c9d675d791c9fe,"","2026-05-27"
0,"","Software Engineer I - Metrics for Release Implementation","TORC Robotics","Remote","","$114,400 - $137,300 (yearly)",jobspy_indeed,https://www.indeed.com/viewjob?jk=d68bc2318907b16a,"","2026-05-27"
0,"","Information Security Engineer","Cotiviti","Remote","","$108,000 - $139,000 (yearly)",jobspy_indeed,https://www.indeed.com/viewjob?jk=630384cb1263d884,"","2026-05-26"
0,"","Technical Account Director, Automotive","Parallel Domain","Remote","","",jobspy_indeed,https://www.indeed.com/viewjob?jk=d846e5f813eb9507,"","2026-05-26"
0,"","Senior Design Engineer, Broadcast, XTG","AVI-SPL","Remote","","$100,000 - $125,000 (yearly)",jobspy_indeed,https://www.indeed.com/viewjob?jk=c01353167e31bb2d,"","2026-04-03"
0,"","Senior Project Engineer, XTG","AVI-SPL","Remote","","$93,000 - $120,000 (yearly)",jobspy_indeed,https://www.indeed.com/viewjob?jk=0f342de75cdf25ca,"","2026-04-03"
0,"","Senior Project Engineer","AVI-SPL","Remote","","$85,000 - $110,000 (yearly)",jobspy_indeed,https://www.indeed.com/viewjob?jk=37c3946625483794,"","2026-03-10"
0,"","Mgr, Lead Production","AVI-SPL","Remote","","$85,000 - $115,000 (yearly)",jobspy_indeed,https://www.indeed.com/viewjob?jk=a0acbf39de377e48,"","2026-05-21"
0,"","Senior Design Engineer","AVI-SPL","Remote","","",jobspy_indeed,https://www.indeed.com/viewjob?jk=8bc30b5a54f79340,"","2026-03-02"
0,"","Senior Technical Support Engineer","AVI-SPL","Remote","","$36 - $44 (hourly)",jobspy_indeed,https://www.indeed.com/viewjob?jk=2d1f45d4644acfba,"","2026-01-14"
0,"","Network Engineer, Network Infrastructure","Major League Soccer","New York, New York","","$115,000 - $140,000 (yearly)",jobspy_indeed,https://www.indeed.com/viewjob?jk=0698b36156908898,"","2026-05-28"
0,"","CMMS Administrator – Facilities Operations","WWE","New York, New York","","",jobspy_indeed,https://www.indeed.com/viewjob?jk=4b86328e1a7b2c3b,"","2026-05-28"
0,"","Senior Network Engineer","Peloton","New York, New York","","$155,333 - $191,577 (yearly)",jobspy_indeed,https://www.indeed.com/viewjob?jk=1290c61b5667d47c,"","2026-05-19"
0,"","Sr. IT Network Automation Engineer","SpaceX","Seattle, Washington","","$160,000 - $225,000 (yearly)",jobspy_indeed,https://www.indeed.com/viewjob?jk=6b59726b1a0a1dd5,"","2026-05-06"
0,"","Sr. RF Silicon Software Engineer (RFIC Engineering)","SpaceX","Seattle, Washington","","$160,000 - $225,000 (yearly)",jobspy_indeed,https://www.indeed.com/viewjob?jk=23ff7718b411308b,"","2026-04-30"
0,"","Embedded Software Engineer, OS/Platform (Starlink)","SpaceX","Seattle, Washington","","$125,000 - $175,000 (yearly)",jobspy_indeed,https://www.indeed.com/viewjob?jk=aef956b82ccc68cd,"","2026-05-21"
0,"","VP of Technology","NESN","Boston, Massachusetts","","$300,000 - $350,000 (yearly)",jobspy_indeed,https://www.indeed.com/viewjob?jk=076d8251a006543b,"","2026-05-25"
0,"","Senior Associate, Electrical","CMTA Consulting Engineers","Los Angeles, California","","$140,500 - $156,000 (yearly)",jobspy_indeed,https://www.indeed.com/viewjob?jk=6980ad72ed09084c,"","2026-05-30"
0,"","Sr. IT Network Automation Engineer","SpaceX","Los Angeles, California","","$160,000 - $225,000 (yearly)",jobspy_indeed,https://www.indeed.com/viewjob?jk=8ccde018a470089a,"","2026-05-06"
0,"","Sr. IC Package Design Engineer (Silicon Engineering)","SpaceX","Los Angeles, California","","$160,000 - $225,000 (yearly)",jobspy_indeed,https://www.indeed.com/viewjob?jk=5670144e8630f041,"","2026-05-21"
0,"","Sr. Software Engineer, Simulations (Application Software)","SpaceX","Los Angeles, California","","$160,000 - $225,000 (yearly)",jobspy_indeed,https://www.indeed.com/viewjob?jk=02825d1ab45b4327,"","2026-04-30"
0,"","Network Automation Engineer (Starshield)","SpaceX","Los Angeles, California","","$120,000 - $170,000 (yearly)",jobspy_indeed,https://www.indeed.com/viewjob?jk=a6038926dcb456f0,"","2026-04-30"
0,"","Full Stack Web Development Software Engineer","CACI International","Washington, DC","","$94,400 - $198,200 (yearly)",jobspy_indeed,https://www.indeed.com/viewjob?jk=f6594aa769991099,"","2026-01-21"
0,"","Multi-INT Mission Operations Engineer and Tools Trainer","CACI International","Washington, DC","","$94,400 - $198,200 (yearly)",jobspy_indeed,https://www.indeed.com/viewjob?jk=a137b942068787b4,"","2026-01-21"
0,"","Software Test Engineer","CACI International","Washington, DC","","$86,600 - $181,800 (yearly)",jobspy_indeed,https://www.indeed.com/viewjob?jk=2c3a528ed3c7d222,"","2026-01-21"
0,"","Senior Technician, Test & Integration","CACI International","Washington, DC","","$86,600 - $181,800 (yearly)",jobspy_indeed,https://www.indeed.com/viewjob?jk=a63b9e724cf61006,"","2026-01-21"
0,"","Communications Systems Engineer","Lukos","United States","","",jobspy_indeed,https://www.indeed.com/viewjob?jk=90055b416758e499,"","2026-05-31"
0,"","ICT Launch AVI/Broadcast Lead","Stellantis","United States","","",jobspy_indeed,https://www.indeed.com/viewjob?jk=f39451668828f389,"","2026-05-29"
0,"","Full Stack Engineer","iHeartMedia","United States","","$80,000 - $100,000 (yearly)",jobspy_indeed,https://www.indeed.com/viewjob?jk=95fe16b778625efc,"","2026-05-29"
0,"","Video Engineer Flypacks","Solotech","United States","","",jobspy_indeed,https://www.indeed.com/viewjob?jk=552d09420fb7295d,"","2026-05-29"
0,"","Network Engineer I","Texas A&M University","United States","","$4,916 - $59,000 (yearly)",jobspy_indeed,https://www.indeed.com/viewjob?jk=14c495a251b337b4,"","2026-05-29"
0,"","Maintenance Technician","CBS News and Stations","United States","","",jobspy_indeed,https://www.indeed.com/viewjob?jk=cbe604ae33560a5f,"","2026-05-29"
0,"","Part-Time Audio Engineer","nan","United States","","$25 - $27 (hourly)",jobspy_indeed,https://www.indeed.com/viewjob?jk=9d94c8b98f761b91,"","2026-05-29"
0,"","Senior Project Manager, Streaming Intelligence & Data Platform","GoFan","United States","","",jobspy_indeed,https://www.indeed.com/viewjob?jk=07ef4d62557609a3,"","2026-05-29"
0,"","AVL Engineer","NewSpring Church","United States","","",jobspy_indeed,https://www.indeed.com/viewjob?jk=7a52d7931f77ba5a,"","2026-05-29"
0,"","Athletics Production Services Engineer","University of South Florida","United States","","",jobspy_indeed,https://www.indeed.com/viewjob?jk=65d9b06a66bec34b,"","2026-05-29"
0,"","Director Athletics Broadcast Operations","University of South Florida","United States","","",jobspy_indeed,https://www.indeed.com/viewjob?jk=d1b3d8a9864cada5,"","2026-05-29"
0,"","Athletics Assistant- Game Day Worker/Event Management","University of South Florida","United States","","",jobspy_indeed,https://www.indeed.com/viewjob?jk=c1e43be89489a656,"","2026-05-29"
0,"","Part-Time Broadcast Engineer","Nexstar Media Group, Inc.","United States","","",jobspy_indeed,https://www.indeed.com/viewjob?jk=f3e340ecc462608b,"","2026-05-29"
0,"","Chief Engineer","Nexstar Media Group, Inc.","United States","","",jobspy_indeed,https://www.indeed.com/viewjob?jk=714932062c69883f,"","2026-05-28"
0,"","Senior Hardware Engineer","Justice AV Solutions","United States","","$90,000 - $110,000 (yearly)",jobspy_indeed,https://www.indeed.com/viewjob?jk=097b8e2f39ca9d50,"","2026-05-29"
0,"","Build Specialist (Super Heavy Booster)","SpaceX","United States","","",jobspy_indeed,https://www.indeed.com/viewjob?jk=c0d1b6161adcccf5,"","2026-05-25"
0,"","Build Specialist (Starship)","SpaceX","United States","","",jobspy_indeed,https://www.indeed.com/viewjob?jk=6cd9c401f88808b0,"","2026-05-23"
0,"","Sr. Telecommunications Engineer","SpaceX","United States","","",jobspy_indeed,https://www.indeed.com/viewjob?jk=0e7023496e33e3c6,"","2026-05-22"
0,"","Equipment Maintenance Technician, Silicon Assembly (Starlink)","SpaceX","United States","","",jobspy_indeed,https://www.indeed.com/viewjob?jk=c9ef1a984fbcab6f,"","2026-04-30"
0,"","IT Network Infrastructure Technician","SpaceX","United States","","",jobspy_indeed,https://www.indeed.com/viewjob?jk=68e3d0d4ebb2f242,"","2026-04-30"
0,"","Electrical Engineer, Hardware Reliability (Starlink Product)","SpaceX","United States","","",jobspy_indeed,https://www.indeed.com/viewjob?jk=1858fa378a6f3f29,"","2026-04-30"
0,"","RF Test Specialist (Starlink)","SpaceX","United States","","",jobspy_indeed,https://www.indeed.com/viewjob?jk=9c6079a9bba326e3,"","2026-04-30"
0,"","Principal BAW Device Engineer (Starlink/Akoustis)","SpaceX","United States","","",jobspy_indeed,https://www.indeed.com/viewjob?jk=af77bd705a09555c,"","2026-06-01"
0,"","Environmental Health & Safety (Construction Safety)","SpaceX","United States","","",jobspy_indeed,https://www.indeed.com/viewjob?jk=9f4737dc5cd59375,"","2026-04-30"
0,"","Board Operator","Salem Media Group","United States","","",jobspy_indeed,https://www.indeed.com/viewjob?jk=52e35bb3d0c60e04,"","2026-04-16"
0,"","Test Engineering Technician","Digital Design Company","Chicago, Illinois","","$40,000 - $50,000 (yearly)",jobspy_indeed,https://www.indeed.com/viewjob?jk=48fcbfb3a41772c5,"","2026-05-27"
0,"","Onsite Maintenance Technician","AVI-SPL","Chicago, Illinois","","$27 - $34 (hourly)",jobspy_indeed,https://www.indeed.com/viewjob?jk=9e130b78bf46bf04,"","2026-04-29"
0,"","Emergency Services Coordinator - EMS","Stony Brook University Medical Center","New York, New York","","$54,121 - $69,795 (yearly)",jobspy_indeed,https://www.indeed.com/viewjob?jk=6a2603b6bb128fbb,"","2026-05-29"
0,"","Onsite Support Technician","AVI-SPL","New York, New York","","$29 - $31 (hourly)",jobspy_indeed,https://www.indeed.com/viewjob?jk=82b8342b9c8e990e,"","2026-05-06"
0,"","LED Field Technician- Part Time- Levi Stadium","ANC","San Francisco, California","","",jobspy_indeed,https://www.indeed.com/viewjob?jk=e02d41834e1d030b,"","2026-05-27"
0,"","Operations Manager","AVI-SPL","Seattle, Washington","","$135,000 - $175,000 (yearly)",jobspy_indeed,https://www.indeed.com/viewjob?jk=1d4319bc21c3d4b0,"","2026-03-25"
0,"","Onsite Support Technician","AVI-SPL","Boston, Massachusetts","","$26 - $38 (hourly)",jobspy_indeed,https://www.indeed.com/viewjob?jk=7c42be14be15b3be,"","2026-05-14"
0,"","Cabling Technician","Golden Star Technology","Los Angeles, California","","$50,000 - $80,000 (yearly)",jobspy_indeed,https://www.indeed.com/viewjob?jk=9f63bc518f67c056,"","2026-05-28"
0,"","Low Voltage / Structured Cabling Installer","Golden Star Technology","Los Angeles, California","","$50,000 - $80,000 (yearly)",jobspy_indeed,https://www.indeed.com/viewjob?jk=81edaaa6711c99ee,"","2026-05-28"
0,"","Media Specialist - Surgery - Full Time 8 Hour Days (Non-Exempt) (Union)","University of Southern California","Los Angeles, California","","$34 - $58 (hourly)",jobspy_indeed,https://www.indeed.com/viewjob?jk=deeafa49cc58d7ee,"","2026-05-27"
0,"","Media Specialist - Surgery - Full Time 8 Hour Days (Non-Exempt) (Union)","Keck Medicine of USC","Los Angeles, California","","$34 - $58 (hourly)",jobspy_indeed,https://www.indeed.com/viewjob?jk=11be1a109fada0be,"","2026-05-26"
0,"","Field Service Technician","AVI-SPL","Los Angeles, California","","$30 - $37 (hourly)",jobspy_indeed,https://www.indeed.com/viewjob?jk=e9acb8adc0d78b92,"","2025-09-18"
0,"","Mercedes-Benz Technical Instructor","Universal Technical Institute","Los Angeles, California","","$90,000 - $94,000 (yearly)",jobspy_indeed,https://www.indeed.com/viewjob?jk=ea1f1ff2d9eb18ab,"","2026-02-17"
0,"","Electronics Technician 2 - 100% Travel","M.C. Dean, Inc.","Washington, DC","","",jobspy_indeed,https://www.indeed.com/viewjob?jk=f8844f21cc2d7d03,"","2026-05-29"
0,"","Generator Technician 2 - Tysons, VA","M.C. Dean, Inc.","Washington, DC","","",jobspy_indeed,https://www.indeed.com/viewjob?jk=6d4006a4f48ff4d5,"","2026-05-27"
0,"","Electrician - Tysons, VA","M.C. Dean, Inc.","Washington, DC","","",jobspy_indeed,https://www.indeed.com/viewjob?jk=bf43ab2d72d4b5ad,"","2026-05-29"
0,"","Operations Coordinator","Vision Technologies, Inc","Washington, DC","","$55,000 - $70,000 (yearly)",jobspy_indeed,https://www.indeed.com/viewjob?jk=71c177f6d414bc8d,"","2026-05-28"
0,"","Helpdesk Technician - Tier II","CODE PLUS INC","Washington, DC","","",jobspy_indeed,https://www.indeed.com/viewjob?jk=c1d50a636cb46223,"","2026-05-27"
0,"","Ford Dealer Technical Trainer","Universal Technical Institute","Washington, DC","","$83,000 - $85,000 (yearly)",jobspy_indeed,https://www.indeed.com/viewjob?jk=96881e282b5e834c,"","2026-02-04"
0,"","Field Services Technician – CTE Center","Lamar CISD","United States","","",jobspy_indeed,https://www.indeed.com/viewjob?jk=c8c9ba5b6b06d8d1,"","2026-06-01"
0,"","Help Desk Technician Information Technology - Finance Division","Hamilton County, TN","United States","","$43,157 - $53,946 (yearly)",jobspy_indeed,https://www.indeed.com/viewjob?jk=22eb9c179dd1a46a,"","2026-06-01"
0,"","IT Technician","The Dewberry","United States","","",jobspy_indeed,https://www.indeed.com/viewjob?jk=e76fedf17100330e,"","2026-05-30"
0,"","Event Operations Supervisor, Marriott Philadelphia","Encore Global","United States","","",jobspy_indeed,https://www.indeed.com/viewjob?jk=c5ee1d7fafea6c27,"","2026-05-29"
0,"","Part Time Union Riggers- U631 National Tech - Orlando","Encore Global","United States","","",jobspy_indeed,https://www.indeed.com/viewjob?jk=f431b75bb566f080,"","2026-05-26"
0,"","Event Technician, Audio Visual - Part Time Casual Harrahs Waterfront Conference Center","Encore Global","United States","","$15 - $20 (hourly)",jobspy_indeed,https://www.indeed.com/viewjob?jk=622ea1c7ccaa71b4,"","2026-05-29"
0,"","Audiovisual Technician - In-house, Event Production, Event Technology","OPAV","United States","","",jobspy_indeed,https://www.indeed.com/viewjob?jk=fbb74b49f2db9a59,"","2026-05-29"
0,"","Installation Technician III","AVI-SPL","United States","","",jobspy_indeed,https://www.indeed.com/viewjob?jk=d1ce32a77f03d444,"","2026-05-29"
0,"","Onsite AV Support Technician II","AVI-SPL","United States","","",jobspy_indeed,https://www.indeed.com/viewjob?jk=13d400248c552b2e,"","2026-05-15"
0,"","Project Manager-Commercial Audio Visual","Diversified","United States","","$94,300 - $115,000 (yearly)",jobspy_indeed,https://www.indeed.com/viewjob?jk=b52cacc333043c9d,"","2026-05-29"
0,"","Audio-Visual Installation Technician","FORTÉ","United States","","",jobspy_indeed,https://www.indeed.com/viewjob?jk=13c05bfcade7671f,"","2026-05-29"
0,"","Clinical Simulation Lab Equipment Technician","University of Vermont","United States","","",jobspy_indeed,https://www.indeed.com/viewjob?jk=c12b05f1555ceb54,"","2026-05-29"
0,"","Event Support Technician #W3404","nan","United States","","$17 - $20 (hourly)",jobspy_indeed,https://www.indeed.com/viewjob?jk=6b54182fb110f70d,"","2026-05-29"
0,"","Nursing Simulation Operations Technician","University of West Georgia","United States","","",jobspy_indeed,https://www.indeed.com/viewjob?jk=cf3dc69e3dfaebd4,"","2026-05-29"
0,"","Science Equipment Repair Technician","Augustana University","United States","","",jobspy_indeed,https://www.indeed.com/viewjob?jk=19ae8fe1cc17385a,"","2026-05-29"
0,"","Event Technician, Audio Visual (Part Time Casual) - Tampa Convention Center","Encore Global","United States","","$14 - $18 (hourly)",jobspy_indeed,https://www.indeed.com/viewjob?jk=0dd03d13e9af00e4,"","2026-05-28"
0,"","Project Manager-Commercial Audio Visual","Diversified","Remote","","$94,300 - $115,000 (yearly)",jobspy_indeed,https://www.indeed.com/viewjob?jk=f8be1eac5e1548ce,"","2026-05-29"
0,"","AV Events Technician L2","Milestone Technologies","New York, New York","","$31 - $40 (hourly)",jobspy_indeed,https://www.indeed.com/viewjob?jk=a459bb5a11221a9e,"","2026-05-26"
0,"","Sr. Manager, Facilities","d-Matrix","San Francisco, California","","",jobspy_indeed,https://www.indeed.com/viewjob?jk=91d81d77dabf7e9c,"","2026-05-26"
0,"","Workplace Support Technician - Boston onsite","HealthEdge Software, Inc.","Boston, Massachusetts","","$62,000 - $65,000 (yearly)",jobspy_indeed,https://www.indeed.com/viewjob?jk=4548fcb9229cecc7,"","2026-05-19"
0,"","Technical Manager - Commercial AV REQUIRED","IES Communications","United States","","",jobspy_indeed,https://www.indeed.com/viewjob?jk=0d5473b03c4d1be6,"","2026-05-29"
0,"","Security Systems Programmer","IES Communications","United States","","",jobspy_indeed,https://www.indeed.com/viewjob?jk=03a301ce6fc85cd0,"","2026-04-13"
0,"","Facility Technician","Drive Shack","United States","","$17 - $18 (hourly)",jobspy_indeed,https://www.indeed.com/viewjob?jk=4b6ee7df10d915c0,"","2026-05-29"
0,"","Technical Manager - Commercial AV REQUIRED","IES HOLDINGS","United States","","",jobspy_indeed,https://www.indeed.com/viewjob?jk=7d6f95bf5c22b316,"","2026-05-29"
0,"","Help Desk Technician","Loram","United States","","$26 - $36 (hourly)",jobspy_indeed,https://www.indeed.com/viewjob?jk=d3d7269009772c5d,"","2026-05-29"
0,"","Supervisor, Inventory Control","Entertainment Technology Partners","United States","","$49,708 - $59,889 (yearly)",jobspy_indeed,https://www.indeed.com/viewjob?jk=ce8cdac125452081,"","2026-05-29"
0,"","Field Service Technician","SmartSource Rentals","United States","","",jobspy_indeed,https://www.indeed.com/viewjob?jk=703697b134ef3a38,"","2026-05-28"
0,"","Floor Technician","Entertainment Technology Partners","United States","","$16 - $23 (hourly)",jobspy_indeed,https://www.indeed.com/viewjob?jk=7c304c1ead8cdcbe,"","2026-05-28"
0,"","Lead QC Tech - Video","LMG LLC","United States","","$21 - $26 (hourly)",jobspy_indeed,https://www.indeed.com/viewjob?jk=3a042fecfc025b60,"","2026-05-28"
0,"","Technical Trainer","IES Communications","United States","","$85,000 - $100,000 (yearly)",jobspy_indeed,https://www.indeed.com/viewjob?jk=8e2d01f9602915e5,"","2026-05-05"
0,"","IT Support Technician V - Omaha","WarHorse Gaming, LLC","United States","","",jobspy_indeed,https://www.indeed.com/viewjob?jk=d7d0e57c9777563d,"","2026-05-04"
0,"","Corporate AV Support Technician II","AVI-SPL","United States","","$28 - $38 (hourly)",jobspy_indeed,https://www.indeed.com/viewjob?jk=c7a3b7913ea81b72,"","2026-04-17"
0,"","Audio Visual Technician","IES Communications","United States","","$23 - $34 (hourly)",jobspy_indeed,https://www.indeed.com/viewjob?jk=4516aac247c23357,"","2025-06-16"
0,"","ServiceNow - IT Operations Management (ITOM) Manager Consultant - Tech Consulting - Open Location","EY","Chicago, Illinois","","$142,600 - $297,200 (yearly)",jobspy_indeed,https://www.indeed.com/viewjob?jk=240e5da0d64f230c,"","2026-06-01"
0,"","Marketing Services Specialist","Network Distribution","Chicago, Illinois","","",jobspy_indeed,https://www.indeed.com/viewjob?jk=4024f17043675e6e,"","2026-06-01"
0,"","Senior Solution Sales Specialist, Machine Identity- North Central","Palo Alto Networks","Chicago, Illinois","","$264,000 - $363,000 (yearly)",jobspy_indeed,https://www.indeed.com/viewjob?jk=d1d70523daf5f843,"","2026-06-01"
0,"","Sales - Wireless Specialist - Crown Point IN","Russell Cellular","Chicago, Illinois","","$12 - $17 (hourly)",jobspy_indeed,https://www.indeed.com/viewjob?jk=1ff63cc4b469e1da,"","2026-05-31"
0,"","Deli Specialist","The Fresh Market","Chicago, Illinois","","$19 - $20 (hourly)",jobspy_indeed,https://www.indeed.com/viewjob?jk=b14ebcc770ba29ba,"","2026-05-17"
0,"","US E-ES Lead, Paid Media Business Planning, One Paid Media","Deloitte","Chicago, Illinois","","$80,400 - $132,000 (yearly)",jobspy_indeed,https://www.indeed.com/viewjob?jk=e9ffe97724e5b39d,"","2026-05-30"
0,"","SAFETY MANAGER - MIN 3 YEARS TRUCKING EXP REQ","UE LINE INC","Chicago, Illinois","","$75,000 - $95,000 (yearly)",jobspy_indeed,https://www.indeed.com/viewjob?jk=3a3d5bb729a08aba,"","2026-05-30"
0,"","Bose Market Training Specialist","Channel Partners","Chicago, Illinois","","$25 - $27 (hourly)",jobspy_indeed,https://www.indeed.com/viewjob?jk=4458b8a2057cd1d8,"","2026-05-29"
0,"","Senior Payroll Specialist","Veralto","Chicago, Illinois","","$70,000 - $90,000 (yearly)",jobspy_indeed,https://www.indeed.com/viewjob?jk=4d61b79b26d4f482,"","2026-05-29"
0,"","Manager, Operations (Weekend shift)","Cboe Global Markets","Chicago, Illinois","","$126,225 - $163,350 (yearly)",jobspy_indeed,https://www.indeed.com/viewjob?jk=b22c5b5f00e50993,"","2026-05-29"
0,"","Technical Senior SEO Strategist - Madrid based","FeverUp","Chicago, Illinois","","",jobspy_indeed,https://www.indeed.com/viewjob?jk=1c52436992872a5c,"","2026-05-29"
0,"","M&A Product Tech Diligence Senior Manager","Deloitte","Chicago, Illinois","","$155,600 - $306,800 (yearly)",jobspy_indeed,https://www.indeed.com/viewjob?jk=5ed371837372dd41,"","2026-05-29"
0,"","ATE Support Services Administrator","Crash Champions Collision Repair Team","Chicago, Illinois","","$55,000 - $65,000 (yearly)",jobspy_indeed,https://www.indeed.com/viewjob?jk=9f8d3bdd8900aa0b,"","2026-05-29"
0,"","ERP ADMIN & DEVELOPER","ORBUS INC","Chicago, Illinois","","$100,000 - $110,000 (yearly)",jobspy_indeed,https://www.indeed.com/viewjob?jk=b6beedd9867a4532,"","2026-05-29"
0,"","NeuroPsych Sales Specialist - Chicago N, IL","Teva Pharmaceuticals","Chicago, Illinois","","$88,000 - $160,000 (yearly)",jobspy_indeed,https://www.indeed.com/viewjob?jk=c342d9370a8e2b0a,"","2026-05-29"
0,"","Human Resources Generalist","Newport Industries, Inc.","Chicago, Illinois","","$65,000 - $80,000 (yearly)",jobspy_indeed,https://www.indeed.com/viewjob?jk=04f6a43372cbed40,"","2026-05-29"
0,"","Target Security Specialist","Target","Chicago, Illinois","","$19 - $28 (hourly)",jobspy_indeed,https://www.indeed.com/viewjob?jk=8259aed3afa678af,"","2026-05-29"
0,"","Molecular Imaging Account Manager, Cardiology - Central","Amplity","Chicago, Illinois","","",jobspy_indeed,https://www.indeed.com/viewjob?jk=826331a307579b79,"","2026-05-29"
0,"","Pediatric Music Therapist","Advocate Aurora Health","Chicago, Illinois","","$26 - $39 (hourly)",jobspy_indeed,https://www.indeed.com/viewjob?jk=2c11c1c2fb0353a8,"","2026-05-29"
0,"","Serology Technician II (Overnight Shift)","Antech Diagnostics","Chicago, Illinois","","",jobspy_indeed,https://www.indeed.com/viewjob?jk=c6cd39349a121b44,"","2026-05-29"
0,"","Director of Technology","Oak Park Elementary School District 97","Chicago, Illinois","","",jobspy_indeed,https://www.indeed.com/viewjob?jk=c5cc2c8a1d8959ee,"","2026-05-29"
0,"","Practice Development Specialist","Seyfarth Shaw LLP","Chicago, Illinois","","$78,000 - $92,000 (yearly)",jobspy_indeed,https://www.indeed.com/viewjob?jk=d7e00b18429eacdb,"","2026-04-06"
0,"","Seasonal Community Outreach Specialist - Part-Time","KIPP Schools","New York, New York","","$21 - $25 (hourly)",jobspy_indeed,https://www.indeed.com/viewjob?jk=e41f867febcb88b0,"","2026-06-01"
0,"","Histology Aide (Overnight)","Antech Diagnostics","New York, New York","","",jobspy_indeed,https://www.indeed.com/viewjob?jk=e38920adb622347d,"","2026-06-01"
0,"","EVP, Jellyfish Creative - US","Jellyfish","New York, New York","","$285,000 - $325,000 (yearly)",jobspy_indeed,https://www.indeed.com/viewjob?jk=9737cb7589970bc1,"","2026-06-01"
0,"","Senior Brand Strategist - Marketing","DOWC","New York, New York","","$90,000 - $95,000 (yearly)",jobspy_indeed,https://www.indeed.com/viewjob?jk=38db56b0ddacb322,"","2026-06-01"
0,"","Simulation Education Coordinator","Stony Brook University","New York, New York","","$77,000 - $100,000 (yearly)",jobspy_indeed,https://www.indeed.com/viewjob?jk=818c5989a2076341,"","2026-06-01"
0,"","Junk Removal Specialists","Authority Brands","New York, New York","","$17 - $20 (hourly)",jobspy_indeed,https://www.indeed.com/viewjob?jk=eca2ec0f8967e2b1,"","2026-06-01"
0,"","Sales - Wireless Specialist, West Islip-NY","Russell Cellular","New York, New York","","$17 - $23 (hourly)",jobspy_indeed,https://www.indeed.com/viewjob?jk=04ece6a0cb09e6f0,"","2026-05-31"
0,"","US E-ES Lead, Paid Media Business Planning, One Paid Media","Deloitte","New York, New York","","$80,400 - $132,000 (yearly)",jobspy_indeed,https://www.indeed.com/viewjob?jk=5574595d0a5f0958,"","2026-05-30"
0,"","SVP, Global HR Process Transformation & Systems","Synchrony","New York, New York","","$200,000 - $330,000 (yearly)",jobspy_indeed,https://www.indeed.com/viewjob?jk=f9cb1f631ff2d586,"","2026-05-30"
0,"","Sales - Wireless Specialist - Montvale, NJ","Russell Cellular","New York, New York","","$16 - $21 (hourly)",jobspy_indeed,https://www.indeed.com/viewjob?jk=bdfb7d19522d1d73,"","2026-05-30"
0,"","Bodily Injury Adjuster I, II or Sr. - National General","National General Insurance","New York, New York","","$50,000 - $117,700 (yearly)",jobspy_indeed,https://www.indeed.com/viewjob?jk=68c2149118d69bcc,"","2026-05-29"
0,"","Area Sales Director","RxSight","New York, New York","","$150,000 - $170,000 (yearly)",jobspy_indeed,https://www.indeed.com/viewjob?jk=32c1dc8ac79997b9,"","2026-05-29"
0,"","Senior Specialist, Marketing","Oscar Health","New York, New York","","$79,488 - $104,328 (yearly)",jobspy_indeed,https://www.indeed.com/viewjob?jk=e418dd6222551ec6,"","2026-05-28"
0,"","Senior Learning Specialist","Oscar Health","New York, New York","","$75,348 - $98,894 (yearly)",jobspy_indeed,https://www.indeed.com/viewjob?jk=b31e719d6304b6d8,"","2026-05-27"
0,"","Director of Crypto Operations","Robinhood","New York, New York","","$230,000 - $270,000 (yearly)",jobspy_indeed,https://www.indeed.com/viewjob?jk=6f82c9aaa2eac535,"","2026-05-22"
0,"","Senior Systems Specialist, Business Development Platforms","Cravath, Swaine & Moore LLP","New York, New York","","$140,000 - $160,000 (yearly)",jobspy_indeed,https://www.indeed.com/viewjob?jk=8facdbd458835eff,"","2026-04-10"
0,"","Senior Specialist, Coding Auditor","Oscar Health","New York, New York","","$58,870 - $85,853 (yearly)",jobspy_indeed,https://www.indeed.com/viewjob?jk=537af72ec14fc839,"","2026-03-31"
0,"","Account Executive Sales","Salem Media Group","New York, New York","","$80,000 - $100,000 (yearly)",jobspy_indeed,https://www.indeed.com/viewjob?jk=2f93f998b76c21f4,"","2026-01-14"
0,"","Sales - Wireless Specialist - Pleasanton CA","Russell Cellular","San Francisco, California","","$16 - $21 (hourly)",jobspy_indeed,https://www.indeed.com/viewjob?jk=66d47b303dce174d,"","2026-06-01"
0,"","People Operations Specialist","FluidStack","San Francisco, California","","$110,000 - $170,000 (yearly)",jobspy_indeed,https://www.indeed.com/viewjob?jk=4f7e99cc304f88af,"","2026-05-31"
0,"","Executive Security Specialist (CCW)","Veterans Covert Protection Group","San Francisco, California","","",jobspy_indeed,https://www.indeed.com/viewjob?jk=8585054c25d56e78,"","2026-05-31"
0,"","Program Coordinator, History of Art Department (Part-time, 4722C) 86570","University of California Berkeley","San Francisco, California","","$30 - $41 (hourly)",jobspy_indeed,https://www.indeed.com/viewjob?jk=28f968a3f2d6f361,"","2026-05-30"
0,"","US E-ES Lead, Paid Media Business Planning, One Paid Media","Deloitte","San Francisco, California","","$80,400 - $132,000 (yearly)",jobspy_indeed,https://www.indeed.com/viewjob?jk=7dae69a416c05577,"","2026-05-30"
0,"","Senior Product Marketer","Hex Technologies","San Francisco, California","","$160,000 - $205,000 (yearly)",jobspy_indeed,https://www.indeed.com/viewjob?jk=daf101d7114b1408,"","2026-05-30"
0,"","Program Specialist - YAWL","Community Youth Center of San Francisco","San Francisco, California","","$26 - $30 (hourly)",jobspy_indeed,https://www.indeed.com/viewjob?jk=f5641fa04eebdd84,"","2026-05-30"
0,"","Part-Time Social Media Content Specialist","Greystar","San Francisco, California","","$35 - $45 (hourly)",jobspy_indeed,https://www.indeed.com/viewjob?jk=e39ae985c067ad0a,"","2026-05-29"
0,"","Area Sales Director","RxSight","San Francisco, California","","$150,000 - $170,000 (yearly)",jobspy_indeed,https://www.indeed.com/viewjob?jk=2d85096d0dba7b7c,"","2026-05-29"
0,"","Marketing Manager - Full Time - Petaluma Headquarters","Friedman's Home Improvement","San Francisco, California","","$106,814 - $131,435 (yearly)",jobspy_indeed,https://www.indeed.com/viewjob?jk=38b1722d8f06e56a,"","2026-05-29"
0,"","Enseignant Spécialisé","Lycée Français de San Francisco (LFSF)","San Francisco, California","","$80,593 - $110,497 (yearly)",jobspy_indeed,https://www.indeed.com/viewjob?jk=5f4eee3eec785c68,"","2026-05-29"
0,"","People and Talent Specialist","LeanData","San Francisco, California","","$75,000 - $100,000 (yearly)",jobspy_indeed,https://www.indeed.com/viewjob?jk=79e17e51b723f4c4,"","2026-05-29"
0,"","M&A Product Tech Diligence Senior Manager","Deloitte","San Francisco, California","","$155,600 - $306,800 (yearly)",jobspy_indeed,https://www.indeed.com/viewjob?jk=eaf901a2a7a11307,"","2026-05-29"
0,"","IT Specialist","Community Youth Center of San Francisco","San Francisco, California","","$30 - $34 (hourly)",jobspy_indeed,https://www.indeed.com/viewjob?jk=ccfc29a4ac435d05,"","2026-05-29"
0,"","Senior Manager, Product Management, Customer Success Intelligence, AWS Specialist and Partner Organization","Amazon Web Services","San Francisco, California","","$197,900 - $294,500 (yearly)",jobspy_indeed,https://www.indeed.com/viewjob?jk=8b011b8f616f8e61,"","2026-05-29"
0,"","Global Live Operations Specialist","DoorDash","San Francisco, California","","$18 - $27 (hourly)",jobspy_indeed,https://www.indeed.com/viewjob?jk=ce68a8cbe2bf057f,"","2026-05-28"
0,"","Partner Specialist SE - Public Sector","Samsara","San Francisco, California","","$198,050 - $233,000 (yearly)",jobspy_indeed,https://www.indeed.com/viewjob?jk=bbe792b40756b74d,"","2026-05-26"
0,"","Partner Solutions Sales Engineer","Samsara","San Francisco, California","","$198,050 - $233,000 (yearly)",jobspy_indeed,https://www.indeed.com/viewjob?jk=dee74d7740047a00,"","2026-05-27"
0,"","Retail Sales Support Specialist - Tommy Hilfiger Mens, Westfield Valley Fair - Part Time","Macy's","San Francisco, California","","$18 - $23 (hourly)",jobspy_indeed,https://www.indeed.com/viewjob?jk=3614dbfa6c6dabab,"","2026-05-25"
0,"","System Development Engineer, AWS Mainstream Compute","Amazon.com","San Francisco, California","","$129,200 - $201,200 (yearly)",jobspy_indeed,https://www.indeed.com/viewjob?jk=092b8b6af968b731,"","2026-05-21"
0,"","Hardware Development Engineer II, AWS Mainstream Compute","Amazon.com","San Francisco, California","","$136,000 - $212,800 (yearly)",jobspy_indeed,https://www.indeed.com/viewjob?jk=58afe33e1e202199,"","2026-05-21"
0,"","Partner Operations Lead, Worldwide AWS Partner Operations","Amazon Web Services","San Francisco, California","","$96,900 - $169,500 (yearly)",jobspy_indeed,https://www.indeed.com/viewjob?jk=34d84e001312358f,"","2026-05-21"
0,"","Marketing Operations - Budget Planning & Analytics Specialist","Everpure","San Francisco, California","","$149,000 - $224,000 (yearly)",jobspy_indeed,https://www.indeed.com/viewjob?jk=84a0e187c8656b07,"","2026-05-06"
0,"","Full Time Luxury Sales Specialist","Ben Bridge Jeweler","Seattle, Washington","","$18 - $21 (hourly)",jobspy_indeed,https://www.indeed.com/viewjob?jk=eaf43f859b28f918,"","2026-06-01"
0,"","Talent Acquisition Specialist","Pegasus Senior Living","Seattle, Washington","","$80,000 - $90,000 (yearly)",jobspy_indeed,https://www.indeed.com/viewjob?jk=4ec46f7f4b53c662,"","2026-06-01"
0,"","US E-ES Lead, Paid Media Business Planning, One Paid Media","Deloitte","Seattle, Washington","","$80,400 - $132,000 (yearly)",jobspy_indeed,https://www.indeed.com/viewjob?jk=012d79202620e14a,"","2026-05-30"
0,"","Senior Specialist - Architecture","LTIMindtree","Seattle, Washington","","$95,000 - $110,000 (yearly)",jobspy_indeed,https://www.indeed.com/viewjob?jk=f56d3eb173ba51fe,"","2026-05-30"
0,"","Support Tech II - Dogfooding Logistics Specialist","Qualitest","Seattle, Washington","","$50,000 - $55,000 (yearly)",jobspy_indeed,https://www.indeed.com/viewjob?jk=2f59be094149e1b6,"","2026-05-30"
0,"","Sr. Global Supply Manager, Amazon Cloud Logistics","Amazon.com","Seattle, Washington","","$147,900 - $200,100 (yearly)",jobspy_indeed,https://www.indeed.com/viewjob?jk=53af27d2e9d0f2e7,"","2026-05-29"
0,"","Safety Ambassador","Plymouth Housing Group","Seattle, Washington","","$29 - $32 (hourly)",jobspy_indeed,https://www.indeed.com/viewjob?jk=36632741c271721b,"","2026-05-29"
0,"","Senior Media Specialist, Developer Led Growth","Okta","Seattle, Washington","","$107,000 - $147,000 (yearly)",jobspy_indeed,https://www.indeed.com/viewjob?jk=5c2996fd75f77bb1,"","2026-05-29"
0,"","Admissions and Enrollment Specialist (Program Specialist 3)","Seattle Colleges District","Seattle, Washington","","$61,512 - $78,864 (yearly)",jobspy_indeed,https://www.indeed.com/viewjob?jk=61f1550ad08d0a39,"","2026-05-29"
0,"","Public Information Specialist","Washington State Convention Center","Seattle, Washington","","$24 - $36 (hourly)",jobspy_indeed,https://www.indeed.com/viewjob?jk=12b4e283eace3b76,"","2026-05-29"
0,"","M&A Product Tech Diligence Senior Manager","Deloitte","Seattle, Washington","","$155,600 - $306,800 (yearly)",jobspy_indeed,https://www.indeed.com/viewjob?jk=093b40f046f14dd1,"","2026-05-29"
0,"","Technical Infrastructure Program Manager, Data Center Planning Delivery","Amazon.com","Seattle, Washington","","$127,100 - $171,900 (yearly)",jobspy_indeed,https://www.indeed.com/viewjob?jk=7fcc8fe13b282c6d,"","2026-05-28"
0,"","Infrastructure Technical Program Manager, Global Connectivity Infrastructure Delivery - Long Haul Fiber Deployment, GCID-FD","Amazon.com","Seattle, Washington","","$127,100 - $171,900 (yearly)",jobspy_indeed,https://www.indeed.com/viewjob?jk=589f3b2f1ac5b856,"","2026-03-04"
0,"","System Development Engineer, AWS Mainstream Compute","Amazon.com","Seattle, Washington","","$129,200 - $201,200 (yearly)",jobspy_indeed,https://www.indeed.com/viewjob?jk=70e5ca43026d90ce,"","2026-05-21"
0,"","Vision System Development Engineer, GSE Automation, Amazon Leo","Amazon.com","Seattle, Washington","","$129,200 - $174,800 (yearly)",jobspy_indeed,https://www.indeed.com/viewjob?jk=9ec158bab962b0a8,"","2026-05-22"
0,"","Hardware Development Engineer II, AWS Mainstream Compute","Amazon.com","Seattle, Washington","","$136,000 - $212,800 (yearly)",jobspy_indeed,https://www.indeed.com/viewjob?jk=c3ae918714ae04fc,"","2026-05-21"
0,"","Strategic Account Representative","Amazon Web Services","Seattle, Washington","","$80,200 - $123,100 (yearly)",jobspy_indeed,https://www.indeed.com/viewjob?jk=d8a6f55ff7915648,"","2026-05-21"
0,"","Partner Operations Lead, Worldwide AWS Partner Operations","Amazon Web Services","Seattle, Washington","","$96,900 - $169,500 (yearly)",jobspy_indeed,https://www.indeed.com/viewjob?jk=f7ddec84e3556790,"","2026-05-21"
0,"","Operations Engineer (Starlink)","SpaceX","Seattle, Washington","","$100,000 - $135,000 (yearly)",jobspy_indeed,https://www.indeed.com/viewjob?jk=d055841ab363ae00,"","2026-04-30"
0,"","New Graduate Engineer, Mechanical (Starlink)","SpaceX","Seattle, Washington","","$100,000 - $115,000 (yearly)",jobspy_indeed,https://www.indeed.com/viewjob?jk=1e9d258e0105d13e,"","2026-05-11"
0,"","Supplier Industrialization Engineer, PCB (Starlink)","SpaceX","Seattle, Washington","","$100,000 - $135,000 (yearly)",jobspy_indeed,https://www.indeed.com/viewjob?jk=fbc8e5239480a020,"","2026-04-30"
0,"","Supply Chain Engineer, PCB (Starlink)","SpaceX","Seattle, Washington","","$100,000 - $135,000 (yearly)",jobspy_indeed,https://www.indeed.com/viewjob?jk=d5d18f33fd6933fa,"","2026-04-30"
0,"","Loads and Dynamics Engineer, Satellites (Starlink)","SpaceX","Seattle, Washington","","$100,000 - $135,000 (yearly)",jobspy_indeed,https://www.indeed.com/viewjob?jk=7a9f1b432c97e929,"","2026-04-30"
0,"","Manufacturing Engineer, Supplier Development (Starlink)","SpaceX","Seattle, Washington","","$100,000 - $135,000 (yearly)",jobspy_indeed,https://www.indeed.com/viewjob?jk=6b1252dd44193468,"","2026-04-30"
0,"","Quality Systems Engineer (Starlink Aviation)","SpaceX","Seattle, Washington","","$100,000 - $135,000 (yearly)",jobspy_indeed,https://www.indeed.com/viewjob?jk=a39f723193066938,"","2026-04-30"
0,"","Starlink Enterprise Account Specialist (Direct Partners)","SpaceX","Seattle, Washington","","$82,000 - $100,000 (yearly)",jobspy_indeed,https://www.indeed.com/viewjob?jk=2bc2645cf1946e70,"","2026-04-30"
0,"","Account Specialist, Starlink Enterprise Account Management (Aviation)","SpaceX","Seattle, Washington","","$82,000 - $100,000 (yearly)",jobspy_indeed,https://www.indeed.com/viewjob?jk=8067138ce05bcc43,"","2026-04-30"
0,"","Data Center Specialist (Starlink)","SpaceX","Seattle, Washington","","$34 - $51 (hourly)",jobspy_indeed,https://www.indeed.com/viewjob?jk=f484cb616b701460,"","2026-04-30"
0,"","Manufacturing Specialist - 2nd Shift","SpaceX","Seattle, Washington","","$34 - $51 (hourly)",jobspy_indeed,https://www.indeed.com/viewjob?jk=6117be76c574a751,"","2026-04-30"
0,"","Lower School Faculty - Language Arts, Grade 5 Teacher","Milton Academy","Boston, Massachusetts","","$50,000 - $120,000 (yearly)",jobspy_indeed,https://www.indeed.com/viewjob?jk=0cca7b414b4534ef,"","2026-06-01"
0,"","Field Support Specialist, Pennsylvania","Eyebot","Boston, Massachusetts","","",jobspy_indeed,https://www.indeed.com/viewjob?jk=7a8987dd4a12312d,"","2026-06-01"
0,"","Web Content Specialist","Redemption Plus","Boston, Massachusetts","","",jobspy_indeed,https://www.indeed.com/viewjob?jk=bb09f099aa25b681,"","2026-06-01"
0,"","Sales - Wireless Specialist - Beverly, MA","Russell Cellular","Boston, Massachusetts","","$15 - $20 (hourly)",jobspy_indeed,https://www.indeed.com/viewjob?jk=ff006649ce794f07,"","2026-05-31"
0,"","Part Time Bridal Sales","David's Bridal","Boston, Massachusetts","","",jobspy_indeed,https://www.indeed.com/viewjob?jk=b00fa66533603abd,"","2026-05-31"
0,"","Retail Sales Support Specialist - Guess Mens and Womens, Square One - Part Time","Macy's","Boston, Massachusetts","","$16 - $22 (hourly)",jobspy_indeed,https://www.indeed.com/viewjob?jk=04463fc5b012d985,"","2026-05-30"
0,"","US E-ES Lead, Paid Media Business Planning, One Paid Media","Deloitte","Boston, Massachusetts","","$80,400 - $132,000 (yearly)",jobspy_indeed,https://www.indeed.com/viewjob?jk=3802f753fd8d82e4,"","2026-05-30"
0,"","Sales - Wireless Specialist - Nashua, NH","Russell Cellular","Boston, Massachusetts","","$12 - $17 (hourly)",jobspy_indeed,https://www.indeed.com/viewjob?jk=8f3ba1d323c4c356,"","2026-05-30"
0,"","Senior Logistics Manager","Odyssey Systems Consulting Group","Boston, Massachusetts","","$140,000 - $150,000 (yearly)",jobspy_indeed,https://www.indeed.com/viewjob?jk=007f86a2ac0c7acd,"","2026-05-29"
0,"","Paramedic","CardioOne","Boston, Massachusetts","","$25 - $31 (hourly)",jobspy_indeed,https://www.indeed.com/viewjob?jk=c5b27ea4169ad085,"","2026-05-29"
0,"","College Pathway Coach","Onward We Learn","Boston, Massachusetts","","$45,000 - $60,000 (yearly)",jobspy_indeed,https://www.indeed.com/viewjob?jk=ff6f5f55850dff08,"","2026-05-29"
0,"","Chief Operating Officer","C3 Wellbeing","Boston, Massachusetts","","",jobspy_indeed,https://www.indeed.com/viewjob?jk=6715aa1b7b78faf5,"","2026-05-29"
0,"","M&A Product Tech Diligence Senior Manager","Deloitte","Boston, Massachusetts","","$155,600 - $306,800 (yearly)",jobspy_indeed,https://www.indeed.com/viewjob?jk=be1bed359b74aa48,"","2026-05-29"
0,"","Sales Development Team Manager","Pattern Energy Group","Boston, Massachusetts","","$90,000 - $110,000 (yearly)",jobspy_indeed,https://www.indeed.com/viewjob?jk=95c4c5b130aaf2dd,"","2026-05-29"
0,"","Senior Logistics Manager","Odyssey Consulting","Boston, Massachusetts","","$140,000 - $150,000 (yearly)",jobspy_indeed,https://www.indeed.com/viewjob?jk=23f7a88bcf34d940,"","2026-05-29"
0,"","Wine Sales Representative – Boston MA Territory","Southern Glazer's Beverage Company","Boston, Massachusetts","","$60,000 - $75,000 (yearly)",jobspy_indeed,https://www.indeed.com/viewjob?jk=52b6c432b64f5983,"","2026-05-29"
0,"","Specialty Sales Representative – Cardiometabolic Rare Disease","Taylor Strategy Partners","Boston, Massachusetts","","$160,000 - $180,000 (yearly)",jobspy_indeed,https://www.indeed.com/viewjob?jk=d6b3a1855c79154d,"","2026-05-28"
0,"","Deli Specialist","The Fresh Market","Boston, Massachusetts","","$18 - $19 (hourly)",jobspy_indeed,https://www.indeed.com/viewjob?jk=bded1f64b702b82b,"","2026-05-19"
0,"","Replay Technical Support Specialist","DVSport","Los Angeles, California","","$60,000 - $85,000 (yearly)",jobspy_indeed,https://www.indeed.com/viewjob?jk=07359b8a186e7125,"","2026-06-01"
0,"","Escrow Business Development Specialist","LH ENTERPRISES","Los Angeles, California","","$7,000 - $15,000 (monthly)",jobspy_indeed,https://www.indeed.com/viewjob?jk=81a027c08d7fc9cf,"","2026-06-01"
0,"","Security Services Director","The J. Paul Getty Trust","Los Angeles, California","","$159,206 - $223,110 (yearly)",jobspy_indeed,https://www.indeed.com/viewjob?jk=16a9043eb9f28d19,"","2026-05-31"
0,"","US E-ES Lead, Paid Media Business Planning, One Paid Media","Deloitte","Los Angeles, California","","$80,400 - $132,000 (yearly)",jobspy_indeed,https://www.indeed.com/viewjob?jk=29e56899c6749a22,"","2026-05-30"
0,"","AV Technology & Media Support Specialist","Loyola Marymount University","Los Angeles, California","","$25 - $32 (hourly)",jobspy_indeed,https://www.indeed.com/viewjob?jk=95f1fdceb2cc11bb,"","2026-05-30"
0,"","PROGRAM TECHNICIAN II","DEPARTMENT OF REHABILITATION","Los Angeles, California","","$3,833 - $4,804 (monthly)",jobspy_indeed,https://www.indeed.com/viewjob?jk=be0313effaac82d9,"","2026-05-30"
0,"","Audio & Multi-Signal Monitoring Specialist","Rapid Response Monitoring","Los Angeles, California","","",jobspy_indeed,https://www.indeed.com/viewjob?jk=03a5d325ef5c35fe,"","2026-05-29"
0,"","Area Sales Director","RxSight","Los Angeles, California","","$150,000 - $170,000 (yearly)",jobspy_indeed,https://www.indeed.com/viewjob?jk=d958e88728f4da46,"","2026-05-29"
0,"","Financial Data, Reporting & Automation Senior Specialist","Southern California Edison","Los Angeles, California","","$114,400 - $171,600 (yearly)",jobspy_indeed,https://www.indeed.com/viewjob?jk=2ed111011a531d05,"","2026-05-29"
0,"","Bose Market Training Specialist","Channel Partners","Los Angeles, California","","$25 - $27 (hourly)",jobspy_indeed,https://www.indeed.com/viewjob?jk=21d6f659afc4a724,"","2026-05-29"
0,"","Assets Protection Specialist","Target","Los Angeles, California","","$24 - $40 (hourly)",jobspy_indeed,https://www.indeed.com/viewjob?jk=08cfd24c6b46f7d3,"","2026-05-29"
0,"","Special Education Teacher","nan","Los Angeles, California","","$79,500 - $100,700 (yearly)",jobspy_indeed,https://www.indeed.com/viewjob?jk=6f0654186785f58e,"","2026-05-29"
0,"","Specialty Sales Representative – Cardiometabolic Rare Disease","Taylor Strategy Partners","Los Angeles, California","","$160,000 - $180,000 (yearly)",jobspy_indeed,https://www.indeed.com/viewjob?jk=6d653c07d364ebc8,"","2026-05-28"
0,"","Learning Operations & Systems Specialist","Envista Holdings","Los Angeles, California","","$79,600 - $97,300 (yearly)",jobspy_indeed,https://www.indeed.com/viewjob?jk=000fe76b5e7b26a1,"","2026-05-27"
0,"","Facilities Specialist","SpaceX","Los Angeles, California","","$80,000 - $115,000 (yearly)",jobspy_indeed,https://www.indeed.com/viewjob?jk=ef8627c242b235d5,"","2026-05-15"
0,"","Starlink Account Specialist (Government)","SpaceX","Los Angeles, California","","$80,000 - $100,000 (yearly)",jobspy_indeed,https://www.indeed.com/viewjob?jk=10123295eae690b7,"","2026-04-30"
0,"","Test Specialist, Avionics (Starshield)","SpaceX","Los Angeles, California","","$33 - $50 (hourly)",jobspy_indeed,https://www.indeed.com/viewjob?jk=4886aafa3325b1f9,"","2026-05-15"
0,"","Systems and Data Integrity Specialist","Jack Kent Cooke Foundation","Washington, DC","","",jobspy_indeed,https://www.indeed.com/viewjob?jk=204fa6b6fdb0d422,"","2026-06-01"
0,"","Seasonal Associate, Cybersecurity Support Specialist (Clearance Required)","ICF","Washington, DC","","$37,855 - $64,354 (yearly)",jobspy_indeed,https://www.indeed.com/viewjob?jk=66b3cdb249ecebba,"","2026-06-01"
0,"","HP PC Sales Representative","2020 Companies","Washington, DC","","",jobspy_indeed,https://www.indeed.com/viewjob?jk=02c1daeadc1b4ecb,"","2026-06-01"
0,"","Loss Control Specialist","Vensure Employer Solutions","Washington, DC","","$80,038 - $85,865 (yearly)",jobspy_indeed,https://www.indeed.com/viewjob?jk=831fe9484eb24107,"","2026-06-01"
0,"","Administrative Support Assistant II, CDL","Community College of Baltimore County","Washington, DC","","$42,360 - $70,013 (yearly)",jobspy_indeed,https://www.indeed.com/viewjob?jk=45f39f1a8a23b63d,"","2026-06-01"
0,"","Human Subject Protection Scientist Operations Specialist","General Dynamics Information Technology","Washington, DC","","$55,806 - $72,450 (yearly)",jobspy_indeed,https://www.indeed.com/viewjob?jk=86bc38eec8417b49,"","2026-06-01"
0,"","Sales - Wireless Specialist - Mt Airy, MD","Russell Cellular","Washington, DC","","",jobspy_indeed,https://www.indeed.com/viewjob?jk=3747d7205969ce98,"","2026-06-01"
0,"","Sales - Wireless Specialist - Warrenton, VA","Russell Cellular","Washington, DC","","",jobspy_indeed,https://www.indeed.com/viewjob?jk=79d90c1b8c9215d6,"","2026-06-01"
0,"","Warehouse Specialist","Vickers & Nolan Enterprises","Washington, DC","","$80,000 - $90,000 (yearly)",jobspy_indeed,https://www.indeed.com/viewjob?jk=46c675b48ac8eca7,"","2026-06-01"
0,"","Deli Specialist","The Fresh Market","Washington, DC","","$18 - $19 (hourly)",jobspy_indeed,https://www.indeed.com/viewjob?jk=4f98fdaf6a40433b,"","2026-05-29"
0,"","Bswift Consultant","NTT DATA","Washington, DC","","$60 - $90 (hourly)",jobspy_indeed,https://www.indeed.com/viewjob?jk=85aa6871302cb704,"","2026-05-29"
0,"","Senior Cyber Defense Incident Responder","AIG Employee Services, Inc.","Washington, DC","","",jobspy_indeed,https://www.indeed.com/viewjob?jk=eda3e468f3f5674b,"","2026-05-27"
0,"","Database Security Engineer","AIG Employee Services, Inc.","Washington, DC","","",jobspy_indeed,https://www.indeed.com/viewjob?jk=78c8297dfe1487ab,"","2026-03-30"
0,"","Events Operations Specialist","Renaissance Learning","United States","","$61,800 - $80,000 (yearly)",jobspy_indeed,https://www.indeed.com/viewjob?jk=6326a93311bc13e7,"","2026-06-01"
0,"","Demand Generation Manager / Specialist","NovaTech","United States","","",jobspy_indeed,https://www.indeed.com/viewjob?jk=84732fa178a05ee8,"","2026-06-01"
0,"","Innovation Automation Specialist","Stantec","United States","","$94,300 - $136,700 (yearly)",jobspy_indeed,https://www.indeed.com/viewjob?jk=6fdf5363a0b8dde7,"","2026-06-01"
0,"","Quality Measurement Specialist","ElringKlinger","United States","","",jobspy_indeed,https://www.indeed.com/viewjob?jk=c00ca3f8899f9ad1,"","2026-06-01"
0,"","Sr. Specialist, IT Business Partner","Scout Motors","United States","","$120,000 - $145,000 (yearly)",jobspy_indeed,https://www.indeed.com/viewjob?jk=135c6f6bef2840cf,"","2026-06-01"
0,"","Senior Network Engineer","Ensono","United States","","$113,000 - $148,000 (yearly)",jobspy_indeed,https://www.indeed.com/viewjob?jk=fbfb11139fc5d315,"","2026-06-01"
0,"","Software Support Specialist","Storable","United States","","$45,000 - $60,000 (yearly)",jobspy_indeed,https://www.indeed.com/viewjob?jk=8f1a6a57fdd2eeb4,"","2026-06-01"
0,"","Office Specialist - Parks and Recreation","City of Lincoln/Lancaster County","United States","","$24 - $29 (hourly)",jobspy_indeed,https://www.indeed.com/viewjob?jk=81defc5e987b356b,"","2026-06-01"
0,"","Senior A&P Mechanic","PHI Air Medical","United States","","",jobspy_indeed,https://www.indeed.com/viewjob?jk=f2ba5ab07e9cccdc,"","2026-06-01"
0,"","Managing Lead A&P Mechanic","PHI Air Medical","United States","","",jobspy_indeed,https://www.indeed.com/viewjob?jk=ef5768e9ac451b66,"","2026-06-01"
0,"","Account Executive","Trapeze","Remote","","",jobspy_indeed,https://www.indeed.com/viewjob?jk=7337f042e8901c05,"","2026-06-01"
0,"","RMO Specialist - IT Service Delivery","Logicalis","Remote","","$42,000 - $52,500 (yearly)",jobspy_indeed,https://www.indeed.com/viewjob?jk=c8aad12f90c2d215,"","2026-06-01"
0,"","SEO & AEO Specialist","GEVME","Remote","","",jobspy_indeed,https://www.indeed.com/viewjob?jk=29800bfeba6765c9,"","2026-06-01"
0,"","Senior SQL Server Database Administrator","NEOGOV","Remote","","",jobspy_indeed,https://www.indeed.com/viewjob?jk=2c92215064375b33,"","2026-06-01"
0,"","Licensing Operations Manager","nan","Remote","","",jobspy_indeed,https://www.indeed.com/viewjob?jk=e5b6b5bb48653faa,"","2026-06-01"
0,"","Job Posting: Remote Signage Project Manager / Installation Coordinator","nan","Remote","","",jobspy_indeed,https://www.indeed.com/viewjob?jk=00178ecb9b8299bd,"","2026-05-26"
0,"","MARKETING & DIGITAL CONTENT SPECIALIST","Linton Robinson & Higgins,LLP","Remote","","$50,000 - $61,000 (yearly)",jobspy_indeed,https://www.indeed.com/viewjob?jk=b438c40e14131039,"","2026-05-31"
0,"","Account Executive, Enterprise (North Texas) - Healthcare","Everpure","Remote","","$130,000 - $208,000 (yearly)",jobspy_indeed,https://www.indeed.com/viewjob?jk=171abe5ed1c619f6,"","2026-05-29"
0,"","Account Executive, Enterprise (South Florida)","Everpure","Remote","","$130,000 - $208,000 (yearly)",jobspy_indeed,https://www.indeed.com/viewjob?jk=3dc68554474b466c,"","2026-05-21"
0,"","Remote AI Engineer (VA ESOM)","Kentro","Remote","","",jobspy_indeed,https://www.indeed.com/viewjob?jk=dacb51cc9d005a37,"","2026-05-29"
0,"","Marketing Success Specialist (Remote)","FMG Suite","Remote","","$50,000 - $55,000 (yearly)",jobspy_indeed,https://www.indeed.com/viewjob?jk=c627e102908c3d74,"","2026-05-29"
0,"","Family Nurse Practitioner - Telehealth","Peach Tree Healthcare","Remote","","$137,280 - $189,280 (yearly)",jobspy_indeed,https://www.indeed.com/viewjob?jk=5f469f94eddc866f,"","2026-05-29"
0,"","Senior Specialist, Network Contracting","Oscar Health","Remote","","$71,539 - $93,895 (yearly)",jobspy_indeed,https://www.indeed.com/viewjob?jk=2c83984420a535ac,"","2026-05-28"
0,"","Sales Specialist, Everpure Protect","Everpure","Remote","","$156,100 - $234,500 (yearly)",jobspy_indeed,https://www.indeed.com/viewjob?jk=527f071117b2f40d,"","2026-05-28"
0,"","Clinical Specialist (Plains & Mountains Region - Denver)","Verathon","Remote","","$80,000 - $95,000 (yearly)",jobspy_indeed,https://www.indeed.com/viewjob?jk=e95d199a9c7397e6,"","2026-05-18"
0,"","Clinical Specialist (Mid-Atlantic Region - Charlotte, NC)","Verathon","Remote","","$80,000 - $95,000 (yearly)",jobspy_indeed,https://www.indeed.com/viewjob?jk=724f09c4b988ff3b,"","2026-05-06"
0,"","Clinical Specialist (Delta Region - Greater Atlanta)","Verathon","Remote","","$80,000 - $95,000 (yearly)",jobspy_indeed,https://www.indeed.com/viewjob?jk=92585063a017aa68,"","2026-02-25"
0,"","Regional Manager - Airway (North Central/IL-WI-MN-IA)","Verathon","Remote","","$143,000 - $291,000 (yearly)",jobspy_indeed,https://www.indeed.com/viewjob?jk=e66ff63aea8ecb8e,"","2026-05-11"
0,"","Regional Manager - Airway (Southwest/Texas)","Verathon","Remote","","$143,000 - $291,000 (yearly)",jobspy_indeed,https://www.indeed.com/viewjob?jk=59e11dcdcec7b482,"","2026-05-11"
0,"","Senior Pre-Sales Systems Engineer, SLED (Iowa / Kansas / Missouri / Nebraska)","Everpure","Remote","","$202,000 - $303,000 (yearly)",jobspy_indeed,https://www.indeed.com/viewjob?jk=48b417a2e785b17c,"","2026-05-06"
0,"","Client Services Assistant","BELAY Solutions","Remote","","$25 - $35 (hourly)",jobspy_indeed,https://www.indeed.com/viewjob?jk=4bc7ab82cfc46c30,"","2026-05-02"
0,"","Data Center Specialist (Starlink)","SpaceX","Remote","","$34 - $51 (hourly)",jobspy_indeed,https://www.indeed.com/viewjob?jk=1e0e8699124e1518,"","2026-04-30"
0,"","Executive Assistant","BELAY Solutions","Remote","","$20 - $23 (hourly)",jobspy_indeed,https://www.indeed.com/viewjob?jk=82e51ebcc7355ecf,"","2026-04-30"
0,"","Senior Specialist, Coding Auditor","Oscar Health","Remote","","$58,870 - $85,853 (yearly)",jobspy_indeed,https://www.indeed.com/viewjob?jk=d565fa2943237ad8,"","2026-03-31"
0,"","Customer Care Specialist II","Verathon","Remote","","$17 - $24 (hourly)",jobspy_indeed,https://www.indeed.com/viewjob?jk=b2f848215919d5ef,"","2026-02-10"
0,"","Senior CAD Detailer (Tradeshow & Events)","Jack Morton Worldwide","Chicago, Illinois","","",jobspy_indeed,https://www.indeed.com/viewjob?jk=1c811664f9b4ffab,"","2026-06-01"
0,"","Cabinet Maker (Trade Shows & Events)","Jack Morton Worldwide","Chicago, Illinois","","",jobspy_indeed,https://www.indeed.com/viewjob?jk=1355716ddd3b82d0,"","2026-05-26"
0,"","Project Manager (High-End Resi AV, Lighting, Shading, Control)","Barrett's Technology Solutions","Chicago, Illinois","","$90,000 - $110,000 (yearly)",jobspy_indeed,https://www.indeed.com/viewjob?jk=ea42d7df42ef199a,"","2026-05-28"
0,"","Technical Designer - Interior Architecture","Gensler","Chicago, Illinois","","$80,000 - $102,000 (yearly)",jobspy_indeed,https://www.indeed.com/viewjob?jk=ca5c2c1a85b72fed,"","2026-05-28"
0,"","Visual Merchandiser","H&M","Chicago, Illinois","","$21 - $24 (hourly)",jobspy_indeed,https://www.indeed.com/viewjob?jk=87abaff8a5faba5b,"","2026-05-28"
0,"","Electrical Designer - Mission Critical","Harley Ellis Devereaux","Chicago, Illinois","","$61,000 - $94,000 (yearly)",jobspy_indeed,https://www.indeed.com/viewjob?jk=abbab2cd6a02872f,"","2026-05-28"
0,"","Transportation Engineer - Roadways","Stantec","Chicago, Illinois","","$100,000 - $145,000 (yearly)",jobspy_indeed,https://www.indeed.com/viewjob?jk=b4e86a1961129da4,"","2026-05-27"
0,"","Senior Civil Engineer, Aviation","EXP","Chicago, Illinois","","$100,000 - $150,000 (yearly)",jobspy_indeed,https://www.indeed.com/viewjob?jk=7e9a10b2b62db853,"","2026-05-27"
0,"","Electrical Engineer - Mission Critical","Harley Ellis Devereaux","Chicago, Illinois","","$80,000 - $190,000 (yearly)",jobspy_indeed,https://www.indeed.com/viewjob?jk=c3be850885fd52e2,"","2026-05-27"
0,"","Sunlight2 Inside sales & Customer service","LTF LLC","Chicago, Illinois","","$50,000 - $60,000 (yearly)",jobspy_indeed,https://www.indeed.com/viewjob?jk=b70d0c1bfdab5865,"","2026-05-27"
0,"","HRIS Analyst II","Visual Comfort & Co","Chicago, Illinois","","$74,000 - $79,000 (yearly)",jobspy_indeed,https://www.indeed.com/viewjob?jk=f6fad830945d2d78,"","2026-05-27"
0,"","ELECTRICAL ENGINEERING DIRECTOR","AAA Engineering","Chicago, Illinois","","",jobspy_indeed,https://www.indeed.com/viewjob?jk=a5c8b9b2d8d1fc2b,"","2026-05-26"
0,"","Warehouse Specialist","Gingko Lighting Corp","Chicago, Illinois","","$18 - $21 (hourly)",jobspy_indeed,https://www.indeed.com/viewjob?jk=6f10afe67d80df34,"","2026-05-26"
0,"","Interior Designer","US Department of Veterans Affairs","Chicago, Illinois","","$68,999 - $108,533 (yearly)",jobspy_indeed,https://www.indeed.com/viewjob?jk=7003383116c1cbc6,"","2026-05-26"
0,"","Freelance Carpenter","Frost","Chicago, Illinois","","$20 - $35 (hourly)",jobspy_indeed,https://www.indeed.com/viewjob?jk=fa727832e05fb13a,"","2026-05-26"
0,"","Project Strategy Director","Luci","Chicago, Illinois","","$115,000 - $140,000 (yearly)",jobspy_indeed,https://www.indeed.com/viewjob?jk=34f378837a9dc843,"","2026-05-01"
0,"","High-End Furniture Buyer (Facebook Marketplace)","Haus","New York, New York","","",jobspy_indeed,https://www.indeed.com/viewjob?jk=52455c19d253b50d,"","2026-06-01"
0,"","Senior CAD Detailer (Tradeshow & Events)","Jack Morton Worldwide","New York, New York","","",jobspy_indeed,https://www.indeed.com/viewjob?jk=bdfd88e3ef626446,"","2026-06-01"
0,"","FREELANCE EXPERIENTIAL DESIGNER / RENDER ARTIST","Holiday Collectiev","New York, New York","","$30 - $60 (hourly)",jobspy_indeed,https://www.indeed.com/viewjob?jk=85798dc72d7ce0af,"","2026-06-01"
0,"","Intermediate Interior Designer","Brianna Scott Interiors","New York, New York","","$65,000 - $80,000 (yearly)",jobspy_indeed,https://www.indeed.com/viewjob?jk=2f4876900bf3becc,"","2026-06-01"
0,"","Lead Architect","Azark Inc.","New York, New York","","$91,739 - $140,481 (yearly)",jobspy_indeed,https://www.indeed.com/viewjob?jk=eb3aa8365da888db,"","2026-06-01"
0,"","Lighting Designer / Opperator","Chapin Stage Hecksher Park Huntington ","New York, New York","","$16 - $22 (hourly)",jobspy_indeed,https://www.indeed.com/viewjob?jk=d25fc358f64e8655,"","2026-05-30"
0,"","Craft Assembler","Allied Maker","New York, New York","","",jobspy_indeed,https://www.indeed.com/viewjob?jk=8ffe17165ce854e2,"","2026-05-30"
0,"","Project Manager, Landscape Construction","Scenic View Landscaping","New York, New York","","$65,000 - $75,000 (yearly)",jobspy_indeed,https://www.indeed.com/viewjob?jk=2df467ebe447ea04,"","2026-05-30"
0,"","Video and Multimedia Designer","Piping Rock Health Products","New York, New York","","$90,000 - $100,000 (yearly)",jobspy_indeed,https://www.indeed.com/viewjob?jk=a5eb972bccc61353,"","2026-05-29"
0,"","Electrical Engineer (Design)","TYLin","New York, New York","","$110,000 - $140,000 (yearly)",jobspy_indeed,https://www.indeed.com/viewjob?jk=cd612316ff4fed3b,"","2026-05-29"
0,"","Electrical Engineer II - III","Syska Hennessy Group","New York, New York","","$66,142 - $109,134 (yearly)",jobspy_indeed,https://www.indeed.com/viewjob?jk=e2f4bb7ec3153034,"","2026-05-29"
0,"","Real Estate Manager","Visual Comfort & Co","New York, New York","","$105,000 - $115,000 (yearly)",jobspy_indeed,https://www.indeed.com/viewjob?jk=26be04110702cff8,"","2026-05-28"
0,"","Senior Designer","BaMO","New York, New York","","$85,000 - $110,000 (yearly)",jobspy_indeed,https://www.indeed.com/viewjob?jk=86584304300d2586,"","2026-05-28"
0,"","Real Estate & Interior Photographer / Inventory Inspector","Aurora Circularity, Inc.","New York, New York","","$25 - $32 (hourly)",jobspy_indeed,https://www.indeed.com/viewjob?jk=ad367154be04b285,"","2026-05-28"
0,"","Art Director","Analog Heart Creative Studio","New York, New York","","$325 - $425 (daily)",jobspy_indeed,https://www.indeed.com/viewjob?jk=1ceedbb0872974fb,"","2026-05-28"
0,"","Customer Service Advocate","ERCO Lighting, Inc","New York, New York","","$55,000 - $65,000 (yearly)",jobspy_indeed,https://www.indeed.com/viewjob?jk=e8b0e6c3cbd57b2c,"","2026-05-28"
0,"","Interior Designer (Commercial)","Apple Ridge Assisted Living","New York, New York","","",jobspy_indeed,https://www.indeed.com/viewjob?jk=852d6f22586a959e,"","2026-05-27"
0,"","Showroom Coordinator","Visual Comfort & Co","New York, New York","","$25 - $28 (hourly)",jobspy_indeed,https://www.indeed.com/viewjob?jk=c2de161e23f6e3d8,"","2026-05-26"
0,"","Visual Merchandiser - SoNo Collection","H&M","New York, New York","","$21 - $24 (hourly)",jobspy_indeed,https://www.indeed.com/viewjob?jk=9c8a0102a8907f98,"","2026-05-26"
0,"","Architectural Designer","BRIDGEPORT TRADING INC","New York, New York","","$150,000 - $200,000 (yearly)",jobspy_indeed,https://www.indeed.com/viewjob?jk=9b17abc0a0755684,"","2026-05-26"
0,"","Interior Designer/Project Manager","House of Design, LLC","New York, New York","","$25 - $30 (hourly)",jobspy_indeed,https://www.indeed.com/viewjob?jk=17395b96e845f8d4,"","2026-05-26"
0,"","Project Strategy Director","Luci","New York, New York","","$135,000 - $160,000 (yearly)",jobspy_indeed,https://www.indeed.com/viewjob?jk=3f23d7c38fc2dfb4,"","2026-05-01"
0,"","Field Service Technician II","Springs Window Fashions","New York, New York","","$60,000 - $80,000 (yearly)",jobspy_indeed,https://www.indeed.com/viewjob?jk=1db778e94460434b,"","2026-04-09"
0,"","Lighting Designer","Arup","San Francisco, California","","$100,000 - $108,000 (yearly)",jobspy_indeed,https://www.indeed.com/viewjob?jk=47f7c7827254132d,"","2026-06-01"
0,"","Electrical Designer","Levitch Design + Construction","San Francisco, California","","$35 - $45 (hourly)",jobspy_indeed,https://www.indeed.com/viewjob?jk=2f093a50fe72de35,"","2026-06-01"
0,"","Junior Associate Lighting Designer","Eric Johnson Associates","San Francisco, California","","$71,000 - $95,000 (yearly)",jobspy_indeed,https://www.indeed.com/viewjob?jk=6aad74dcfc16f630,"","2026-05-29"
0,"","Systems Technician","nan","San Francisco, California","","$35 - $40 (hourly)",jobspy_indeed,https://www.indeed.com/viewjob?jk=f0b28012c6aea763,"","2026-05-29"
0,"","Electrical Engineering Intern","AECOM","San Francisco, California","","$25 - $30 (hourly)",jobspy_indeed,https://www.indeed.com/viewjob?jk=919fd169a7cd7f7b,"","2026-05-29"
0,"","Textile Operations Manager","Jiun Ho Inc.","San Francisco, California","","",jobspy_indeed,https://www.indeed.com/viewjob?jk=06bbae66683c658b,"","2026-05-29"
0,"","Electrical Designer/Drafter","ARMADA","San Francisco, California","","$66,880 - $101,200 (yearly)",jobspy_indeed,https://www.indeed.com/viewjob?jk=b3d2e6fbdb627a5b,"","2026-05-28"
0,"","Interior Designer","Manderley Home LLC","San Francisco, California","","$35 - $45 (hourly)",jobspy_indeed,https://www.indeed.com/viewjob?jk=6382dc39c10290c9,"","2026-05-28"
0,"","Electrical Designer - Mission Critical","Harley Ellis Devereaux","San Francisco, California","","$61,000 - $94,000 (yearly)",jobspy_indeed,https://www.indeed.com/viewjob?jk=438f057c91f0884d,"","2026-05-28"
0,"","Designer II","Rosendin Electric","San Francisco, California","","$41 - $54 (hourly)",jobspy_indeed,https://www.indeed.com/viewjob?jk=057b4f27edddc88f,"","2026-05-27"
0,"","Senior Designer","BaMO","San Francisco, California","","$85,000 - $110,000 (yearly)",jobspy_indeed,https://www.indeed.com/viewjob?jk=d88fe9d225fe81fa,"","2026-05-27"
0,"","Electrical Engineer - Mission Critical","Harley Ellis Devereaux","San Francisco, California","","$80,000 - $190,000 (yearly)",jobspy_indeed,https://www.indeed.com/viewjob?jk=8c5cb46965951556,"","2026-05-27"
0,"","Designer - Lifestyle (Retail & Hospitality) - Mid Level","Gensler","San Francisco, California","","$84,000 - $108,000 (yearly)",jobspy_indeed,https://www.indeed.com/viewjob?jk=7c71c183e9bcb226,"","2026-05-27"
0,"","Designer - Lifestyle (Retail & Hospitality) - Senior","Gensler","San Francisco, California","","$107,000 - $140,000 (yearly)",jobspy_indeed,https://www.indeed.com/viewjob?jk=4593ca2efceb53de,"","2026-05-27"
0,"","Engineer I","Rosendin Electric","San Francisco, California","","$85,200 - $111,900 (yearly)",jobspy_indeed,https://www.indeed.com/viewjob?jk=d812f312508edda5,"","2026-03-27"
0,"","Senior Electrical Engineer","Parametrix, Inc.","Seattle, Washington","","$150,000 - $195,000 (yearly)",jobspy_indeed,https://www.indeed.com/viewjob?jk=a8f68c72fca2d797,"","2026-05-28"
0,"","Electrical Designer/Drafter","ARMADA","Seattle, Washington","","$66,880 - $101,200 (yearly)",jobspy_indeed,https://www.indeed.com/viewjob?jk=b5fb582579981511,"","2026-05-28"
0,"","Electrical Engineer - Transit Design","Kimley-Horn","Seattle, Washington","","$111,000 - $130,000 (yearly)",jobspy_indeed,https://www.indeed.com/viewjob?jk=cddb7a095fd8d96d,"","2026-05-27"
0,"","Lead Decarbonization Engineer","WSP","Seattle, Washington","","$98,300 - $175,230 (yearly)",jobspy_indeed,https://www.indeed.com/viewjob?jk=00ce9a5e807d63e0,"","2026-05-27"
0,"","Senior Electrical Engineer - Buildings","Colliers Engineering & Design","Seattle, Washington","","$106,600 - $140,000 (yearly)",jobspy_indeed,https://www.indeed.com/viewjob?jk=f8cbb3e6283600d4,"","2026-05-20"
0,"","Senior Mechanical Engineer - Buildings","Colliers Engineering & Design","Seattle, Washington","","$106,600 - $140,000 (yearly)",jobspy_indeed,https://www.indeed.com/viewjob?jk=c02e2adbc2f2fbca,"","2026-05-20"
0,"","Senior Electrical Designer - Buildings","Colliers Engineering & Design","Seattle, Washington","","$78,500 - $104,400 (yearly)",jobspy_indeed,https://www.indeed.com/viewjob?jk=8c97c61b7440ac43,"","2026-05-20"
0,"","Media Designer, Learning Design and Development","Amazon.com","Seattle, Washington","","$120,500 - $163,000 (yearly)",jobspy_indeed,https://www.indeed.com/viewjob?jk=443627a8c70b7dc5,"","2026-05-19"
0,"","Gallery Facilities Leader","RH","Boston, Massachusetts","","$85,000 - $95,000 (yearly)",jobspy_indeed,https://www.indeed.com/viewjob?jk=11e0d8c1a8dbabac,"","2026-06-01"
0,"","Interior Designer - 5+ years","Zen Associates","Boston, Massachusetts","","",jobspy_indeed,https://www.indeed.com/viewjob?jk=d36e2eb667ba283e,"","2026-06-01"
0,"","Senior PCB Designer","Excelitas Technologies","Boston, Massachusetts","","$93,500 - $124,000 (yearly)",jobspy_indeed,https://www.indeed.com/viewjob?jk=a49743da6c277266,"","2026-05-29"
0,"","Electrical Designer - Mission Critical","Harley Ellis Devereaux","Boston, Massachusetts","","$61,000 - $94,000 (yearly)",jobspy_indeed,https://www.indeed.com/viewjob?jk=9694ec54ff652016,"","2026-05-28"
0,"","Electrical Engineer - Mission Critical","Harley Ellis Devereaux","Boston, Massachusetts","","$80,000 - $190,000 (yearly)",jobspy_indeed,https://www.indeed.com/viewjob?jk=94fab98f2805cc9a,"","2026-05-27"
0,"","Senior Designer","BaMO","Boston, Massachusetts","","$85,000 - $110,000 (yearly)",jobspy_indeed,https://www.indeed.com/viewjob?jk=442be4b202244cbf,"","2026-05-27"
0,"","Visual Merchandiser - Newbury Street Boston","H&M","Boston, Massachusetts","","$22 - $25 (hourly)",jobspy_indeed,https://www.indeed.com/viewjob?jk=b46e28ae7ba479d5,"","2026-05-26"
0,"","Showroom Coordinator / Customer Service Representative","fashion interiors","Los Angeles, California","","$24 - $29 (hourly)",jobspy_indeed,https://www.indeed.com/viewjob?jk=164b113be3eeb113,"","2026-06-01"
0,"","Designer","Quanta Services","Los Angeles, California","","$28 - $35 (hourly)",jobspy_indeed,https://www.indeed.com/viewjob?jk=f38d90824824b155,"","2026-06-01"
0,"","E-Commerce Graphic Designer, Product Photographer","Caravan Group LLC","Los Angeles, California","","$65,000 - $70,000 (yearly)",jobspy_indeed,https://www.indeed.com/viewjob?jk=9fdd5e60010f8b0b,"","2026-06-01"
0,"","Low Voltage Technician","nan","Los Angeles, California","","$22 - $26 (hourly)",jobspy_indeed,https://www.indeed.com/viewjob?jk=8b12192c26467b62,"","2026-05-31"
0,"","Technical Designer - Space Planning - Mid Level","Gensler","Los Angeles, California","","$85,000 - $100,000 (yearly)",jobspy_indeed,https://www.indeed.com/viewjob?jk=65af3c79bb88cf72,"","2026-05-29"
0,"","Museum Technology Specialist","California Science Center Foundation","Los Angeles, California","","$27 - $29 (hourly)",jobspy_indeed,https://www.indeed.com/viewjob?jk=bd792a3ce7b25615,"","2026-05-29"
0,"","Engineer","Avalon Beverly Hills","Los Angeles, California","","",jobspy_indeed,https://www.indeed.com/viewjob?jk=399c0ac3a0ddd960,"","2026-05-29"
0,"","Landscape Estimator","Liliput","Los Angeles, California","","$90,000 - $110,000 (hourly)",jobspy_indeed,https://www.indeed.com/viewjob?jk=1460e561852b1ab0,"","2026-05-29"
0,"","Associate Electrical Engineer","PacRim Engineering","Los Angeles, California","","$90,000 - $160,000 (yearly)",jobspy_indeed,https://www.indeed.com/viewjob?jk=2c28bf5fa6f91b47,"","2026-05-29"
0,"","Corporate Subcontract Team Lead","Rosendin Electric","Los Angeles, California","","$112,600 - $147,800 (yearly)",jobspy_indeed,https://www.indeed.com/viewjob?jk=486b235150f509f9,"","2026-05-28"
0,"","Junior Designer","Glo Skin Beauty","Los Angeles, California","","$50,000 - $60,000 (yearly)",jobspy_indeed,https://www.indeed.com/viewjob?jk=7e6ee0710c51d7ca,"","2026-05-28"
0,"","Art Director","Analog Heart Creative Studio","Los Angeles, California","","$325 - $425 (daily)",jobspy_indeed,https://www.indeed.com/viewjob?jk=6334747ba99e5848,"","2026-05-28"
0,"","Senior Product Designer (UX/UI) Korrus Apps - AI-First Design","Korrus","Los Angeles, California","","$100 - $140 (hourly)",jobspy_indeed,https://www.indeed.com/viewjob?jk=94be7d905d64c94a,"","2026-05-28"
0,"","Properties Master (Performing Arts Technician I)","California State University","Los Angeles, California","","",jobspy_indeed,https://www.indeed.com/viewjob?jk=fb7c714289ad17ef,"","2026-05-28"
0,"","Electrical Designer - Mission Critical","Harley Ellis Devereaux","Los Angeles, California","","$61,000 - $94,000 (yearly)",jobspy_indeed,https://www.indeed.com/viewjob?jk=5da0c50ab0bdbfda,"","2026-05-28"
0,"","Maintenance Technician II","Amphenol CIT","Los Angeles, California","","$28 - $34 (hourly)",jobspy_indeed,https://www.indeed.com/viewjob?jk=ef5154fdcd3d819a,"","2026-05-27"
0,"","MEP - Director of Electrical Engineering","GreenbergFarrow","Los Angeles, California","","$120,000 - $150,000 (yearly)",jobspy_indeed,https://www.indeed.com/viewjob?jk=5cc0f24a02dc2863,"","2026-05-27"
0,"","Data Center Designer III","Rosendin Electric","Washington, DC","","",jobspy_indeed,https://www.indeed.com/viewjob?jk=a64342afd4fb746c,"","2026-05-31"
0,"","Sr. Data Center Engineering Team Lead","Rosendin Electric","Washington, DC","","",jobspy_indeed,https://www.indeed.com/viewjob?jk=62a0ee92bfa46969,"","2026-05-31"
0,"","Data Center Electrical Engineer III","Rosendin Electric","Washington, DC","","",jobspy_indeed,https://www.indeed.com/viewjob?jk=48d9675242f071d5,"","2026-05-31"
0,"","Corporate Subcontract Team Lead","Rosendin Electric","Washington, DC","","",jobspy_indeed,https://www.indeed.com/viewjob?jk=57a2887676c1d9fa,"","2026-05-28"
0,"","Internship: escape room game technician","A Game of Rooms - Rockville","Washington, DC","","",jobspy_indeed,https://www.indeed.com/viewjob?jk=b49395ceba7ae209,"","2026-05-31"
0,"","Interior Designer","IBD","Washington, DC","","$66,000 - $75,000 (yearly)",jobspy_indeed,https://www.indeed.com/viewjob?jk=aa1416914edfcbab,"","2026-05-30"
0,"","Mission Critical / Data Center - Senior / Lead Electrical Engineers","Henderson Engineers","Washington, DC","","$113,520 - $219,600 (yearly)",jobspy_indeed,https://www.indeed.com/viewjob?jk=d1fe07758888fdc3,"","2026-05-29"
0,"","Commercial Art Installer and Picture Framer","The Chessler Company","Washington, DC","","$18 - $23 (hourly)",jobspy_indeed,https://www.indeed.com/viewjob?jk=49f81e1a8c593d35,"","2026-05-29"
0,"","Senior Engineer (Transportation/Traffic)","Toole Design Group","Washington, DC","","$130,000 - $150,000 (yearly)",jobspy_indeed,https://www.indeed.com/viewjob?jk=358d032e3646422f,"","2026-05-29"
0,"","Senior Electrical Engineer - Design Lead","Michael Baker International","Washington, DC","","$106,577 - $167,874 (yearly)",jobspy_indeed,https://www.indeed.com/viewjob?jk=d9a35dcf965ac993,"","2026-05-28"
0,"","Digital Designer Specialist","Lidl","Washington, DC","","$20 - $25 (hourly)",jobspy_indeed,https://www.indeed.com/viewjob?jk=68e28c8eab60c523,"","2026-05-27"
0,"","Designer II - BGE Electric Distribution Engineering & Standards","Baltimore Gas & Electric","Washington, DC","","",jobspy_indeed,https://www.indeed.com/viewjob?jk=3d4dad7238dc96fc,"","2026-05-27"
0,"","Residential Interior Designer","MJ Design & Build","Washington, DC","","$70,755 - $83,168 (yearly)",jobspy_indeed,https://www.indeed.com/viewjob?jk=d1e552ecff5d3fe1,"","2026-05-26"
0,"","Interior Designer","The Hitch Group LLC","Washington, DC","","$65,000 - $80,000 (yearly)",jobspy_indeed,https://www.indeed.com/viewjob?jk=3abd3cd0d53243da,"","2026-05-26"
0,"","Theatrical Lighting Supervisor","University of Utah","United States","","$55,000 - $60,000 (yearly)",jobspy_indeed,https://www.indeed.com/viewjob?jk=ad4c29ce216f49c5,"","2026-06-01"
0,"","Prepress Graphic Designer","Technomark","United States","","$22 - $24 (hourly)",jobspy_indeed,https://www.indeed.com/viewjob?jk=1fc4c08ba2b8f098,"","2026-06-01"
0,"","Landscape Residential Project Manager","Colleague ","United States","","$75,000 - $95,000 (yearly)",jobspy_indeed,https://www.indeed.com/viewjob?jk=c17c5d577ef1ac51,"","2026-06-01"
0,"","Installation Manager - Custom Furniture & Millwork","Lion Craft","United States","","$60,000 - $65,000 (yearly)",jobspy_indeed,https://www.indeed.com/viewjob?jk=28058bfc64cf2c67,"","2026-06-01"
0,"","Designer I","Hargrove Engineers + Constructors","United States","","",jobspy_indeed,https://www.indeed.com/viewjob?jk=7fc4aabbcdf7a507,"","2026-06-01"
0,"","Bath and Kitchen Designer","Prime Cabinetry","United States","","$40,000 - $50,000 (yearly)",jobspy_indeed,https://www.indeed.com/viewjob?jk=bb014e3e75f82553,"","2026-06-01"
0,"","Interior Designer","nan","United States","","$60,000 - $80,000 (yearly)",jobspy_indeed,https://www.indeed.com/viewjob?jk=f434897eb4b1ca06,"","2026-06-01"
0,"","Electrical Engineer","Bollinger Shipyards","United States","","",jobspy_indeed,https://www.indeed.com/viewjob?jk=8254811253f33d5e,"","2026-06-01"
0,"","Design Assistant","Winstar Contractors LP","United States","","$17 - $20 (hourly)",jobspy_indeed,https://www.indeed.com/viewjob?jk=49ee5958acb24acf,"","2026-06-01"
0,"","Learning Multimedia Specialist","NCM Associates","United States","","",jobspy_indeed,https://www.indeed.com/viewjob?jk=2b018a834c252454,"","2026-06-01"
0,"","Architectural Drafter","Taylor Kline Inc","United States","","$50,000 - $65,000 (yearly)",jobspy_indeed,https://www.indeed.com/viewjob?jk=a084eab830844d78,"","2026-06-01"
0,"","Senior Project Manager","Brookes & Henderson Building Co., LLC","United States","","",jobspy_indeed,https://www.indeed.com/viewjob?jk=9d7b32cbec4e46af,"","2026-06-01"
0,"","Carpenter","Synergy Design Group","United States","","",jobspy_indeed,https://www.indeed.com/viewjob?jk=2fccd35fce2322b0,"","2026-06-01"
0,"","Electrical Engineer (PE) - Battery Energy Storage Systems BESS","HDR","United States","","$82,260 - $121,800 (yearly)",jobspy_indeed,https://www.indeed.com/viewjob?jk=4160c0f9225b31a4,"","2026-06-01"
0,"","Lighting Sales Consultant (remote)","Alcon Lighting","Remote","","$75,000 - $200,000 (yearly)",jobspy_indeed,https://www.indeed.com/viewjob?jk=815cb7a371801f2d,"","2026-05-31"
0,"","AI Training Content Specialist (Video + Written)","CertainPath","Remote","","",jobspy_indeed,https://www.indeed.com/viewjob?jk=7730348d58b3a061,"","2026-05-29"
0,"","Motion Graphics Artist","Daktronics","Remote","","$68,000 - $78,000 (yearly)",jobspy_indeed,https://www.indeed.com/viewjob?jk=30a12df5773739ea,"","2026-05-28"
0,"","Principal, Discipline Lead - Acoustic","TEECOM","Remote","","$170,000 - $240,000 (yearly)",jobspy_indeed,https://www.indeed.com/viewjob?jk=31c898d15427efa9,"","2026-05-28"
0,"","Contract 3D Motion Designer","IRONCLAD Marketing","Remote","","",jobspy_indeed,https://www.indeed.com/viewjob?jk=873d8faacce412fa,"","2026-05-28"
0,"","Senior Manager, Lighting & Show Production","WWE","Remote","","",jobspy_indeed,https://www.indeed.com/viewjob?jk=ec0a19668733957b,"","2026-05-27"
0,"","Arkoslight Regional Sales Manager - West","RBW","Remote","","$135,000 - $150,000 (yearly)",jobspy_indeed,https://www.indeed.com/viewjob?jk=a1c02b13943efc2a,"","2026-05-27"
0,"","Facilities Maintenance Technician","Lemont ATS Company","Chicago, Illinois","","$22 - $25 (hourly)",jobspy_indeed,https://www.indeed.com/viewjob?jk=9d5a155026296467,"","2026-06-01"
0,"","Mobile Diesel Mechanic / Truck Technician (Night Shift)","All Fleet Inc","Chicago, Illinois","","$25 - $50 (hourly)",jobspy_indeed,https://www.indeed.com/viewjob?jk=f4d293b95adacfdc,"","2026-05-30"
0,"","Diesel Technician – Mobile Truck & Trailer Repair","All Fleet Inc","Chicago, Illinois","","$25 - $50 (hourly)",jobspy_indeed,https://www.indeed.com/viewjob?jk=fd9bf0bb1ff17911,"","2026-05-30"
0,"","Truck and Van Outfitting (Backyard Mechanic)","All Fleet Inc","Chicago, Illinois","","$22 - $25 (hourly)",jobspy_indeed,https://www.indeed.com/viewjob?jk=64f0c790fcd7c470,"","2026-05-30"
0,"","In Shop Trailer Technician / Mechanic","All Fleet Inc","Chicago, Illinois","","$15 - $17 (hourly)",jobspy_indeed,https://www.indeed.com/viewjob?jk=69a74e360f70d238,"","2026-05-30"
0,"","Maintenance Technician","Waubonsee Community College","Chicago, Illinois","","$20 - $25 (hourly)",jobspy_indeed,https://www.indeed.com/viewjob?jk=bb180e7000a3f497,"","2026-05-28"
0,"","Slot Technician II","American Place","Chicago, Illinois","","$20 - $33 (hourly)",jobspy_indeed,https://www.indeed.com/viewjob?jk=5b2e0ad5e82a0917,"","2026-05-28"
0,"","Maintenance Technician","Lineage","Chicago, Illinois","","$21 - $36 (hourly)",jobspy_indeed,https://www.indeed.com/viewjob?jk=5f0831bc4c383b71,"","2026-05-28"
0,"","Ammonia Refrigeration Plant Engineer","ABM Industries Inc.","Chicago, Illinois","","",jobspy_indeed,https://www.indeed.com/viewjob?jk=480992c989fabf98,"","2026-05-27"
0,"","Lighting/Bench Technician","Edge Lighting","Chicago, Illinois","","$17 - $24 (hourly)",jobspy_indeed,https://www.indeed.com/viewjob?jk=4388deeebe550d01,"","2026-05-27"
0,"","Mobile Trailer Technician","W&B SERVICE COMPANY","Chicago, Illinois","","",jobspy_indeed,https://www.indeed.com/viewjob?jk=6de35f5046aef94f,"","2026-05-27"
0,"","Maintenance Technician","The Michaels Organization","Chicago, Illinois","","",jobspy_indeed,https://www.indeed.com/viewjob?jk=fcc5581ab589ebce,"","2026-05-26"
0,"","Diesel Mechanic","Dayton Freight","Chicago, Illinois","","$36 - $40 (hourly)",jobspy_indeed,https://www.indeed.com/viewjob?jk=4853d0cafb97c330,"","2026-05-26"
0,"","Temporary MEP (Mechanical, Electrical and Plumbing) Technician","Loyola Academy","Chicago, Illinois","","$20 - $22 (hourly)",jobspy_indeed,https://www.indeed.com/viewjob?jk=c8db03cdb9f7d250,"","2026-05-26"
0,"","Fire Technician - Suppression Systems","Averus Inc.","Chicago, Illinois","","$40,000 - $75,000 (yearly)",jobspy_indeed,https://www.indeed.com/viewjob?jk=d72cb0b8f3650cf2,"","2026-05-26"
0,"","Diesel Truck Maintenance Technician","Heniff Transportation Systems","Chicago, Illinois","","$25 - $37 (hourly)",jobspy_indeed,https://www.indeed.com/viewjob?jk=260acde59e438ddf,"","2026-05-26"
0,"","Electrical Maintenance Technician III","AbbVie","Chicago, Illinois","","$27 - $48 (hourly)",jobspy_indeed,https://www.indeed.com/viewjob?jk=47e6659e2e8b81aa,"","2026-05-26"
0,"","Electrical Maintenance Technician II","AbbVie","Chicago, Illinois","","$23 - $43 (hourly)",jobspy_indeed,https://www.indeed.com/viewjob?jk=5a96bc9d3d48f1cd,"","2026-05-26"
0,"","Diesel Technician I","Mahoney Environmental","Chicago, Illinois","","$25 - $26 (hourly)",jobspy_indeed,https://www.indeed.com/viewjob?jk=57db7499993327ac,"","2026-02-28"
0,"","Assistant Chief Engineer","JLL","New York, New York","","$88,000 - $100,000 (yearly)",jobspy_indeed,https://www.indeed.com/viewjob?jk=a01b8ac8176abf02,"","2026-05-29"
0,"","Operating Engineer S2 - Critical Environments","JLL","New York, New York","","$59,000 - $86,000 (yearly)",jobspy_indeed,https://www.indeed.com/viewjob?jk=e847f3c38cd00808,"","2026-05-29"
0,"","Building Maintenance","Tyler Distribution Centers","New York, New York","","$24 - $26 (hourly)",jobspy_indeed,https://www.indeed.com/viewjob?jk=3ee677ab9b3f2e70,"","2026-05-29"
0,"","Maintenance Handyperson","Fultonex Management","New York, New York","","$19 - $21 (hourly)",jobspy_indeed,https://www.indeed.com/viewjob?jk=dacbb9082561d7db,"","2026-05-29"
0,"","Events and Conference Technology Coordinator (Part-Time)","Passaic County Community College","New York, New York","","",jobspy_indeed,https://www.indeed.com/viewjob?jk=6ad00211d861eb5c,"","2026-05-29"
0,"","Production Manager-Main Stage & Black Box","William Paterson University","New York, New York","","$76,486 - $87,954 (yearly)",jobspy_indeed,https://www.indeed.com/viewjob?jk=80d394738e8ce851,"","2026-05-29"
0,"","Maintenance Technician","Hotels Unlimited, Inc.","New York, New York","","$20 - $25 (hourly)",jobspy_indeed,https://www.indeed.com/viewjob?jk=4b241bcec9f13dea,"","2026-05-28"
0,"","Electrician","One Call Electrical, Heating & Cooling Service","New York, New York","","",jobspy_indeed,https://www.indeed.com/viewjob?jk=f01a6d60351c9544,"","2026-05-28"
0,"","Studio Tech","People Inc.","New York, New York","","$22 - $26 (hourly)",jobspy_indeed,https://www.indeed.com/viewjob?jk=d96b65d7c9231d27,"","2026-05-28"
0,"","Cabling / Low voltage technician","IDR Technology Solutions","New York, New York","","$23 - $35 (hourly)",jobspy_indeed,https://www.indeed.com/viewjob?jk=0e957a93fdefa9fe,"","2026-05-28"
0,"","Irrigation/Sprinkler Technician","Dom's Landscaping Inc.","New York, New York","","$20 - $25 (hourly)",jobspy_indeed,https://www.indeed.com/viewjob?jk=1623ea0b6280cfcd,"","2026-05-28"
0,"","Residential Maintenance Technician","FirstService Residential","New York, New York","","",jobspy_indeed,https://www.indeed.com/viewjob?jk=2ec3d5450ecba8c5,"","2026-05-27"
0,"","Building Automation Controls Technician","EMCOR","New York, New York","","$60,000 - $110,000 (yearly)",jobspy_indeed,https://www.indeed.com/viewjob?jk=713bd6e571b80c32,"","2026-05-27"
0,"","Electronics Assembler","GE Aerospace","New York, New York","","$22 - $25 (hourly)",jobspy_indeed,https://www.indeed.com/viewjob?jk=14225e8d7154cbb8,"","2026-05-27"
0,"","Electrician - Service","Dwyer Services","New York, New York","","",jobspy_indeed,https://www.indeed.com/viewjob?jk=02530efb2e6ae03a,"","2026-05-27"
0,"","Maintenance Technician","The Michaels Organization","New York, New York","","",jobspy_indeed,https://www.indeed.com/viewjob?jk=8de9130ad4477367,"","2026-05-26"
0,"","Engineer","Transwestern","San Francisco, California","","$62 - $77 (hourly)",jobspy_indeed,https://www.indeed.com/viewjob?jk=c2b56fee3cd27e32,"","2026-05-29"
0,"","Senior Instrumentation Technician","City of Santa Rosa","San Francisco, California","","$59 - $64 (hourly)",jobspy_indeed,https://www.indeed.com/viewjob?jk=e75cbf95b3d57878,"","2026-05-28"
0,"","Senior Electrical Technician - Water","City of Santa Rosa","San Francisco, California","","$59 - $64 (hourly)",jobspy_indeed,https://www.indeed.com/viewjob?jk=4c7b1622007e8e12,"","2026-05-28"
0,"","Senior Electrical Technician - Water","City of Santa Rosa, CA","San Francisco, California","","$123,489 - $135,096 (yearly)",jobspy_indeed,https://www.indeed.com/viewjob?jk=484bda8a8458854e,"","2026-05-28"
0,"","Senior Instrumentation Technician","City of Santa Rosa, CA","San Francisco, California","","$123,489 - $135,096 (yearly)",jobspy_indeed,https://www.indeed.com/viewjob?jk=ab98e361ab2340dc,"","2026-05-28"
0,"","Hotel Maintenance Engineer, Kenwood Inn and Spa","Four Sisters Inns","San Francisco, California","","$30 - $34 (hourly)",jobspy_indeed,https://www.indeed.com/viewjob?jk=1d0c039f2edede72,"","2026-05-28"
0,"","Landscape Maintenance Gardener","Equinox Landscape Construction Corporation","San Francisco, California","","$25 - $29 (hourly)",jobspy_indeed,https://www.indeed.com/viewjob?jk=a17adb9149778f75,"","2026-05-27"
0,"","Patient Service Technician - CMV (Delivering Medical Equipment)","Apria Healthcare","San Francisco, California","","$24 - $30 (hourly)",jobspy_indeed,https://www.indeed.com/viewjob?jk=0334280b2c9adc18,"","2026-05-26"
0,"","Lighting Technician","Lawrence Berkeley National Laboratory","San Francisco, California","","",jobspy_indeed,https://www.indeed.com/viewjob?jk=ddc412067e4dac85,"","2026-05-26"
0,"","Junior Mechanic / Fleet & Equipment Associate","Special Events","San Francisco, California","","$17 - $25 (hourly)",jobspy_indeed,https://www.indeed.com/viewjob?jk=2ec69ac31ce15de5,"","2026-05-26"
0,"","Service Technician","DXP Enterprises","San Francisco, California","","",jobspy_indeed,https://www.indeed.com/viewjob?jk=9a645b975f67f19c,"","2026-05-25"
0,"","Part-Time Grounds & Maintenance Associate","Arboreal Management","Seattle, Washington","","$23 - $25 (hourly)",jobspy_indeed,https://www.indeed.com/viewjob?jk=628695d6777632c8,"","2026-05-29"
0,"","EL-06 Journeyman / Lead Installer","AV Smart Solutions","Seattle, Washington","","",jobspy_indeed,https://www.indeed.com/viewjob?jk=42fccf3387db3c89,"","2026-05-29"
0,"","EL-06 Apprentice","AV Smart Solutions","Seattle, Washington","","",jobspy_indeed,https://www.indeed.com/viewjob?jk=fce9f27a69fa60b6,"","2026-05-28"
0,"","Maintenance Technician","JLL","Seattle, Washington","","$75,000 - $104,000 (yearly)",jobspy_indeed,https://www.indeed.com/viewjob?jk=1c852e1405dbda44,"","2026-05-29"
0,"","General Maintenance Engineer","Paramount Hotel Seattle","Seattle, Washington","","",jobspy_indeed,https://www.indeed.com/viewjob?jk=04383e6692baad3f,"","2026-05-28"
0,"","Maintenance Technician","Avenue5 Residential","Seattle, Washington","","$26 - $28 (hourly)",jobspy_indeed,https://www.indeed.com/viewjob?jk=d1520b18ba401b7b,"","2026-05-28"
0,"","Electrician","KMS Solutions, LLC","Seattle, Washington","","$40 - $45 (hourly)",jobspy_indeed,https://www.indeed.com/viewjob?jk=e9ffe99eaaa0336a,"","2026-05-28"
0,"","Maintenance Technician - Uptown Square","HNN Communities","Seattle, Washington","","$22 - $23 (hourly)",jobspy_indeed,https://www.indeed.com/viewjob?jk=4b84df4f3f85005a,"","2026-05-27"
0,"","Maintenance Technician","Brookfield Properties","Seattle, Washington","","$21 - $30 (hourly)",jobspy_indeed,https://www.indeed.com/viewjob?jk=7ace64d74ebd4be1,"","2026-05-27"
0,"","Lead Maintenance Technician - Swiss Gables","TAM Residential, LLC","Seattle, Washington","","",jobspy_indeed,https://www.indeed.com/viewjob?jk=5b83472e5e3f0515,"","2026-05-27"
0,"","Maintenance Technician - Grandview","HNN Communities","Seattle, Washington","","$22 - $26 (hourly)",jobspy_indeed,https://www.indeed.com/viewjob?jk=be28a439f2efe456,"","2026-05-26"
0,"","Maintenance Tech 1 - Southcenter","Nordstrom","Seattle, Washington","","$22 - $33 (hourly)",jobspy_indeed,https://www.indeed.com/viewjob?jk=8d2ba0a6fc7d5ae9,"","2026-05-26"
0,"","Maintenance Technician","Sonesta Select","Seattle, Washington","","",jobspy_indeed,https://www.indeed.com/viewjob?jk=696003a221118491,"","2026-05-26"
0,"","Facilities Technician (Starlink)","SpaceX","Seattle, Washington","","$22 - $37 (hourly)",jobspy_indeed,https://www.indeed.com/viewjob?jk=a56d0b2e7ec27af3,"","2026-04-30"
0,"","Maintenance Aide – Part-time","Beth Israel Lahey Health","Boston, Massachusetts","","$19 - $25 (hourly)",jobspy_indeed,https://www.indeed.com/viewjob?jk=97e75406974873a2,"","2026-05-31"
0,"","Maintenance Tech – Facility Maintenance (1st Shift)","Raw Seafoods, Inc.","Boston, Massachusetts","","$20 - $22 (hourly)",jobspy_indeed,https://www.indeed.com/viewjob?jk=a5b947fb0c9b46af,"","2026-05-29"
0,"","Maintenance Technician II - HVAC","UG2","Boston, Massachusetts","","$40 - $50 (hourly)",jobspy_indeed,https://www.indeed.com/viewjob?jk=8b18c6733cbba355,"","2026-05-29"
0,"","Auto Body Technician","Lucchetti's Complete Auto Center","Boston, Massachusetts","","$30 - $45 (hourly)",jobspy_indeed,https://www.indeed.com/viewjob?jk=58542ccf5fc2f065,"","2026-05-28"
0,"","Maintenance Technician","Hyatt","Boston, Massachusetts","","$22 - $23 (hourly)",jobspy_indeed,https://www.indeed.com/viewjob?jk=de10ef3d820757db,"","2026-05-27"
0,"","Processing Packaging Technician - MA","Ethos Cannabis","Boston, Massachusetts","","",jobspy_indeed,https://www.indeed.com/viewjob?jk=3bce81c989762b06,"","2026-05-27"
0,"","Trailer Repair Technician - Mechanical","Ron's Toy Shop, Inc.","Boston, Massachusetts","","",jobspy_indeed,https://www.indeed.com/viewjob?jk=0978a7cfa461000c,"","2026-05-27"
0,"","Maintenance Technician II","UG2","Boston, Massachusetts","","$35 - $42 (hourly)",jobspy_indeed,https://www.indeed.com/viewjob?jk=cc6b88783c76dcfd,"","2026-05-26"
0,"","Maintenance Technician III","UG2","Boston, Massachusetts","","$30 - $40 (hourly)",jobspy_indeed,https://www.indeed.com/viewjob?jk=cece4fec2cffe940,"","2026-05-26"
0,"","Maintenance Technician II - 2nd shift (Plumbing Experience Required)","UG2","Boston, Massachusetts","","$43 - $45 (hourly)",jobspy_indeed,https://www.indeed.com/viewjob?jk=e151b6626d204626,"","2026-05-08"
0,"","FULL TIME Maintenance Technician","Allmark Property Management, Inc.","Los Angeles, California","","",jobspy_indeed,https://www.indeed.com/viewjob?jk=2838be7ed841b8d2,"","2026-06-01"
0,"","Display Fabrication & Assembly Technician","Westgate Mfg","Los Angeles, California","","$48,000 - $75,000 (yearly)",jobspy_indeed,https://www.indeed.com/viewjob?jk=f0ad18e48c681a26,"","2026-06-01"
0,"","Reefer Mechanic","CR England","Los Angeles, California","","$36 - $46 (hourly)",jobspy_indeed,https://www.indeed.com/viewjob?jk=ec1f8b581a27e492,"","2026-05-29"
0,"","Properties Master (Performing Arts Technician I)","California State University Fullerton","Los Angeles, California","","$3,721 - $4,574 (monthly)",jobspy_indeed,https://www.indeed.com/viewjob?jk=46aa641da837d0ad,"","2026-05-29"
0,"","Maintenance Technician","Avenue5 Residential","Los Angeles, California","","$24 - $25 (hourly)",jobspy_indeed,https://www.indeed.com/viewjob?jk=9392258999d288be,"","2026-05-29"
0,"","Traveling Technician","RiverWoods","Los Angeles, California","","",jobspy_indeed,https://www.indeed.com/viewjob?jk=ce00d8137c74b714,"","2026-05-29"
0,"","Journeyman Electrician","Tri Star Automation","Los Angeles, California","","",jobspy_indeed,https://www.indeed.com/viewjob?jk=3fc9f11eee2d727f,"","2026-05-29"
0,"","Retail Field, POS & Network Technicians","MTI Global Services","Los Angeles, California","","$20 - $25 (hourly)",jobspy_indeed,https://www.indeed.com/viewjob?jk=706852abe8a324eb,"","2026-05-28"
0,"","Facilities Technician III","MESA VERDE COUNTRY CLUB","Los Angeles, California","","$31 - $34 (hourly)",jobspy_indeed,https://www.indeed.com/viewjob?jk=79efc438473172d4,"","2026-05-28"
0,"","Maintenance Technician 1 - The Shops at Mission Viejo","Nordstrom","Los Angeles, California","","$19 - $33 (hourly)",jobspy_indeed,https://www.indeed.com/viewjob?jk=067527abccb46c18,"","2026-05-28"
0,"","Maintenance Technician","Realty Center Management Inc","Los Angeles, California","","$18 - $27 (hourly)",jobspy_indeed,https://www.indeed.com/viewjob?jk=ba300f34edf7d7ad,"","2026-05-28"
0,"","Installation Specialist","Samsara","Los Angeles, California","","$76,160 - $132,480 (yearly)",jobspy_indeed,https://www.indeed.com/viewjob?jk=b6c438cebea5b547,"","2026-05-26"
0,"","Maintenance Technician","SpaceX","Los Angeles, California","","$23 - $38 (hourly)",jobspy_indeed,https://www.indeed.com/viewjob?jk=563062ebe7830c2d,"","2026-04-30"
0,"","Propulsion Technician (Raptor Manufacturing Systems)","SpaceX","Los Angeles, California","","$23 - $38 (hourly)",jobspy_indeed,https://www.indeed.com/viewjob?jk=19a404115cb818fb,"","2026-04-30"
0,"","Facilities Infrastructure Engineer","SpaceX","Los Angeles, California","","$100,000 - $135,000 (yearly)",jobspy_indeed,https://www.indeed.com/viewjob?jk=69e4a8cf99401dc8,"","2026-04-30"
0,"","Avionics Systems Engineer (Starship)","SpaceX","Los Angeles, California","","$100,000 - $135,000 (yearly)",jobspy_indeed,https://www.indeed.com/viewjob?jk=7d8b8aa797282105,"","2026-04-30"
0,"","Supplier Development Engineer, Harnessing (Starshield)","SpaceX","Los Angeles, California","","$100,000 - $140,000 (yearly)",jobspy_indeed,https://www.indeed.com/viewjob?jk=103840b22a8a42d1,"","2026-05-30"
0,"","Automation & Controls Engineer (Asset Engineering)","SpaceX","Los Angeles, California","","$100,000 - $135,000 (yearly)",jobspy_indeed,https://www.indeed.com/viewjob?jk=197c037762fce87c,"","2026-05-08"
0,"","Loads & Dynamics Engineer (Starshield)","SpaceX","Los Angeles, California","","$100,000 - $135,000 (yearly)",jobspy_indeed,https://www.indeed.com/viewjob?jk=bb4c0d08b4e52ba3,"","2026-05-05"
0,"","Manufacturing Engineer, Machining (Starship)","SpaceX","Los Angeles, California","","$100,000 - $135,000 (yearly)",jobspy_indeed,https://www.indeed.com/viewjob?jk=1c24b91af5924e31,"","2026-04-30"
0,"","New Graduate Engineer, Mechanical (Starshield)","SpaceX","Los Angeles, California","","$100,000 - $115,000 (yearly)",jobspy_indeed,https://www.indeed.com/viewjob?jk=a0c97a9bfff9b4e7,"","2026-04-30"
0,"","Building Maintenance Technician – Warehouse Facility","acc","Washington, DC","","",jobspy_indeed,https://www.indeed.com/viewjob?jk=f11b13444d558515,"","2026-06-01"
0,"","Chief Engineer","JLL","Washington, DC","","$100,000 - $136,000 (yearly)",jobspy_indeed,https://www.indeed.com/viewjob?jk=7e4f105292a494c7,"","2026-05-30"
0,"","Maintenance Supervisor","Residential One","Washington, DC","","",jobspy_indeed,https://www.indeed.com/viewjob?jk=d40383f8b4107c80,"","2026-05-28"
0,"","Auto Mechanic Tech","ADESA","Washington, DC","","$25 - $30 (hourly)",jobspy_indeed,https://www.indeed.com/viewjob?jk=289681c66d0f423d,"","2026-05-29"
0,"","Facilities Management Officer","DC PUBLIC LIBRARY","Washington, DC","","$127,030 - $177,839 (yearly)",jobspy_indeed,https://www.indeed.com/viewjob?jk=ee17f9283fc3c654,"","2026-05-29"
0,"","Maintenance Superintendent","The Michaels Organization","Washington, DC","","",jobspy_indeed,https://www.indeed.com/viewjob?jk=9a84391cd5d66f80,"","2026-05-29"
0,"","Mobile HVAC Technician","JLL","Washington, DC","","$70,720 - $74,880 (yearly)",jobspy_indeed,https://www.indeed.com/viewjob?jk=a4d65accabe7da57,"","2026-05-29"
0,"","Service Manager- Cortland Landmark","Cortland","Washington, DC","","",jobspy_indeed,https://www.indeed.com/viewjob?jk=7fc2cacd72e0db3d,"","2026-05-29"
0,"","Electrical Power Technician","Arlington County","Washington, DC","","$67,454 - $120,057 (yearly)",jobspy_indeed,https://www.indeed.com/viewjob?jk=46a3452120130fe5,"","2026-05-29"
0,"","Electrician Operator in Charge (Rotating Shift)","Metropolitan Washington Airports Authority","Washington, DC","","$37 - $48 (hourly)",jobspy_indeed,https://www.indeed.com/viewjob?jk=8bf5fe355c3a174b,"","2026-05-29"
0,"","Maintenance Welder","Constellation Energy","Washington, DC","","$33 - $52 (hourly)",jobspy_indeed,https://www.indeed.com/viewjob?jk=c03b6f1bc584d63e,"","2026-05-28"
0,"","Engineering Maintenance Technician-Part time","Hilton Garden Inn Hotel","Washington, DC","","",jobspy_indeed,https://www.indeed.com/viewjob?jk=343958b6441bfb6d,"","2026-05-28"
0,"","Electrical Technician I-IV","City of Frederick","Washington, DC","","$23 - $27 (hourly)",jobspy_indeed,https://www.indeed.com/viewjob?jk=cf088bf648a86944,"","2026-05-28"
0,"","Maintenance Supervisor - The Corcoran House","Borger Residential","Washington, DC","","",jobspy_indeed,https://www.indeed.com/viewjob?jk=d4b9a4aba81114fa,"","2026-05-28"
0,"","Diesel Mechanic - Fleet Technician - Ready-Mix","Vulcan Materials Company","Washington, DC","","$24 - $37 (hourly)",jobspy_indeed,https://www.indeed.com/viewjob?jk=ae32e10d1a0be481,"","2026-05-28"
0,"","Maintenance Technician","Little Sisters of The Poor","Washington, DC","","",jobspy_indeed,https://www.indeed.com/viewjob?jk=30faca570e7ebd64,"","2026-05-28"
0,"","Engineer","Pritchard Industries","Washington, DC","","$48 - $55 (hourly)",jobspy_indeed,https://www.indeed.com/viewjob?jk=fdb83ac99a8e81f7,"","2026-05-28"
0,"","Facilities and Maintenance Technician II","PharmaCann","Washington, DC","","$32 - $35 (hourly)",jobspy_indeed,https://www.indeed.com/viewjob?jk=a6a6d3c5b11e772a,"","2026-05-28"
0,"","Flex Force Building Automation Systems Specialist","Siemens","Washington, DC","","$49,195 - $84,334 (yearly)",jobspy_indeed,https://www.indeed.com/viewjob?jk=bf6cacf3aa395b06,"","2026-05-27"
0,"","Electrical Technician 4","KCI Technologies","Washington, DC","","$23 - $31 (hourly)",jobspy_indeed,https://www.indeed.com/viewjob?jk=ecc8a47ff0e84040,"","2026-03-26"
0,"","Electrical Technician 2","KCI Technologies","Washington, DC","","$16 - $22 (hourly)",jobspy_indeed,https://www.indeed.com/viewjob?jk=48121bbe465edaa9,"","2026-03-26"
0,"","Tractor Trailer Technician","Old Dominion Freight Line","United States","","",jobspy_indeed,https://www.indeed.com/viewjob?jk=ac5fa0a626972670,"","2026-06-01"
0,"","Electrical Service Technician","BELL BROS. PLUMBING, HEATING & AIR","United States","","$18 - $35 (hourly)",jobspy_indeed,https://www.indeed.com/viewjob?jk=5df2f1221711e8fc,"","2026-06-01"
0,"","Full-Time Maintenance Technician","Integrated Facility Services Hawaii, Inc.","United States","","",jobspy_indeed,https://www.indeed.com/viewjob?jk=c399e68ca0032985,"","2026-06-01"
0,"","Technician, Pipeline (Gonzales, TX)","Enterprise Products","United States","","",jobspy_indeed,https://www.indeed.com/viewjob?jk=e1f7b62210e62d21,"","2026-06-01"
0,"","General Maintenance Senior Technician - Day Shift","James Madison University","United States","","",jobspy_indeed,https://www.indeed.com/viewjob?jk=7aba43aca45c8229,"","2026-06-01"
0,"","Maintenance Technician","SlateUp","United States","","$20 - $25 (hourly)",jobspy_indeed,https://www.indeed.com/viewjob?jk=54fa4eaeddc3cf3b,"","2026-06-01"
0,"","Controls Technician","Magna International","United States","","",jobspy_indeed,https://www.indeed.com/viewjob?jk=fe2cf60d92375122,"","2026-06-01"
0,"","Senior Facilities Technician","Blue Cross & Blue Shield of Mississippi","United States","","$15 - $28 (hourly)",jobspy_indeed,https://www.indeed.com/viewjob?jk=b5966bae3f453761,"","2026-06-01"
0,"","Maintenance Technician","NOV","United States","","",jobspy_indeed,https://www.indeed.com/viewjob?jk=76da3bbce0eb2d6c,"","2026-06-01"
0,"","Maintenance Technician","Stormberg Foods, LLC","United States","","",jobspy_indeed,https://www.indeed.com/viewjob?jk=6bb1192067446e51,"","2026-06-01"
0,"","Facilities Technician | South Portland, ME","InterMed, P.A.","United States","","",jobspy_indeed,https://www.indeed.com/viewjob?jk=101c174133017574,"","2026-06-01"
0,"","Maintenance Technician","Courtyard Stuart","United States","","",jobspy_indeed,https://www.indeed.com/viewjob?jk=e9082267478d2e10,"","2026-06-01"
0,"","Maintenance Technician","Arrowhead Housing Inc","United States","","$24 - $26 (hourly)",jobspy_indeed,https://www.indeed.com/viewjob?jk=e270272926a64bc3,"","2026-06-01"
0,"","Maintenance Engineer II","BALDINI'S CASINO","United States","","$19 - $22 (hourly)",jobspy_indeed,https://www.indeed.com/viewjob?jk=50cce192c5cd6374,"","2026-06-01"
0,"","Maintenance Technician","Douglas Emmett","United States","","$21 - $25 (hourly)",jobspy_indeed,https://www.indeed.com/viewjob?jk=e20d89e36b515fc2,"","2026-06-01"
0,"","Utility Electronics Technician","City of Chesapeake","United States","","$49,373 - $73,442 (yearly)",jobspy_indeed,https://www.indeed.com/viewjob?jk=50bbc75800a7852d,"","2026-05-29"
0,"","IT Systems Administrator","OLIPOP","Chicago, Illinois","","$110,000 - $120,000 (yearly)",jobspy_indeed,https://www.indeed.com/viewjob?jk=04a9c8a06e722998,"","2026-06-01"
0,"","SDET (AI & Next-Gen Automation)","Capgemini","Chicago, Illinois","","$53,580 - $122,400 (yearly)",jobspy_indeed,https://www.indeed.com/viewjob?jk=950ffd42ea5b867f,"","2026-06-01"
0,"","Software Development Engineer in Test (SDET) - Retail","Capgemini","Chicago, Illinois","","$68,911 - $161,544 (yearly)",jobspy_indeed,https://www.indeed.com/viewjob?jk=2ecf64d8510e1969,"","2026-05-31"
0,"","Senior Staff Managing, Mechanical Engineer","Shure","Chicago, Illinois","","$134,000 - $242,000 (yearly)",jobspy_indeed,https://www.indeed.com/viewjob?jk=4ab3ef889c24fb38,"","2026-05-30"
0,"","Safety Manager","W.E. O'Neil Construction Company","Chicago, Illinois","","",jobspy_indeed,https://www.indeed.com/viewjob?jk=90f9f39c208c2e77,"","2026-05-29"
0,"","Product Support Engineer","Pylon","Chicago, Illinois","","$100,000 - $150,000 (yearly)",jobspy_indeed,https://www.indeed.com/viewjob?jk=e15cde56e06ade59,"","2026-05-29"
0,"","Sr. NPD Project Engineer - Mechanical","G&W Electric Company","Chicago, Illinois","","$94,200 - $135,000 (yearly)",jobspy_indeed,https://www.indeed.com/viewjob?jk=c096e374c7c8ae54,"","2026-05-29"
0,"","Principal Customer Engagement Specialist - Midwest Region","Medtronic","Chicago, Illinois","","$112,000 - $168,000 (yearly)",jobspy_indeed,https://www.indeed.com/viewjob?jk=fe4bf1ec152351e3,"","2026-05-28"
0,"","Java Developer","Capgemini","Chicago, Illinois","","$61,087 - $104,364 (yearly)",jobspy_indeed,https://www.indeed.com/viewjob?jk=94729f6ed3786870,"","2026-05-28"
0,"","Mechanical Designer - Mission Critical","Harley Ellis Devereaux","Chicago, Illinois","","$60,000 - $81,000 (yearly)",jobspy_indeed,https://www.indeed.com/viewjob?jk=0f0f2d5bcf737d76,"","2026-05-28"
0,"","Capgemini Invent -Forward Deployed Engineer Managing Consultant","Capgemini","Chicago, Illinois","","$127,500 - $249,350 (yearly)",jobspy_indeed,https://www.indeed.com/viewjob?jk=67b787e222c0b3e7,"","2026-05-27"
0,"","Capgemini Invent- Contextual Systems Engineer Management Consultant","Capgemini","Chicago, Illinois","","$127,500 - $249,350 (yearly)",jobspy_indeed,https://www.indeed.com/viewjob?jk=eb95a9fc406eb040,"","2026-05-27"
0,"","Electrical Engineer Team Lead - Mission Critical","Harley Ellis Devereaux","Chicago, Illinois","","$190,000 - $220,000 (yearly)",jobspy_indeed,https://www.indeed.com/viewjob?jk=97e4b3cd3c137d56,"","2026-05-27"
0,"","Capgemini Invent - AI Solutions Architecture & Engineering Senior Consultant","Capgemini","Chicago, Illinois","","$105,600 - $199,480 (yearly)",jobspy_indeed,https://www.indeed.com/viewjob?jk=03360fa38839eaca,"","2026-05-27"
0,"","Capgemini Invent - Contextual Systems Engineer Senior Consultant","Capgemini","Chicago, Illinois","","$105,600 - $199,480 (yearly)",jobspy_indeed,https://www.indeed.com/viewjob?jk=8b8411be20ae50b6,"","2026-05-27"
0,"","Capgemini Invent - Forward Deployed Engineer Senior Consultant","Capgemini","Chicago, Illinois","","$105,600 - $199,480 (yearly)",jobspy_indeed,https://www.indeed.com/viewjob?jk=ad0714602c869868,"","2026-05-27"
0,"","Welder B","Holman","Chicago, Illinois","","$22 - $29 (hourly)",jobspy_indeed,https://www.indeed.com/viewjob?jk=65ed52e1a1662d2c,"","2026-05-27"
0,"","Print Shop Operator","Holman","Chicago, Illinois","","$22 - $29 (hourly)",jobspy_indeed,https://www.indeed.com/viewjob?jk=dac2fa078644b519,"","2026-05-27"
0,"","Manager, Technical Account Management","Samsara","Chicago, Illinois","","$85,977 - $115,600 (yearly)",jobspy_indeed,https://www.indeed.com/viewjob?jk=a7fd5602aa332b25,"","2026-05-26"
0,"","Design Manager","CoreSite","Chicago, Illinois","","$120,000 - $135,000 (yearly)",jobspy_indeed,https://www.indeed.com/viewjob?jk=4b09ec2dd8086a82,"","2026-05-26"
0,"","Critical Operations Engineer I","CoreSite","Chicago, Illinois","","$39 - $44 (hourly)",jobspy_indeed,https://www.indeed.com/viewjob?jk=89fed2a2d35c4346,"","2026-05-26"
0,"","IT Systems Administrator","OLIPOP","New York, New York","","$110,000 - $120,000 (yearly)",jobspy_indeed,https://www.indeed.com/viewjob?jk=0f13076e2874b734,"","2026-06-01"
0,"","AI Research Engineer, Inference","Hudson River Trading","New York, New York","","$250,000 - $300,000 (yearly)",jobspy_indeed,https://www.indeed.com/viewjob?jk=2b7e168f0b9f542a,"","2026-06-01"
0,"","Engineering Manager - Video Software Engineering","NBCUniversal","New York, New York","","$130,000 - $190,000 (yearly)",jobspy_indeed,https://www.indeed.com/viewjob?jk=67d40fe6ed456cfd,"","2026-06-01"
0,"","Designer, Doodles, Brand Studio","Google","New York, New York","","",jobspy_indeed,https://www.indeed.com/viewjob?jk=b0de90c00743318f,"","2026-06-01"
0,"","Software Engineer III, Speech Production, Infrastructure","Google","New York, New York","","$147,000 - $211,000 (yearly)",jobspy_indeed,https://www.indeed.com/viewjob?jk=b525a398a578c179,"","2026-06-01"
0,"","Senior Software Engineer, Backend","mecka","New York, New York","","$180,000 - $250,000 (yearly)",jobspy_indeed,https://www.indeed.com/viewjob?jk=9c7093b9636e7599,"","2026-06-01"
0,"","Senior Technical Program Manager, Google for Education","Google","New York, New York","","$192,000 - $278,000 (yearly)",jobspy_indeed,https://www.indeed.com/viewjob?jk=2a63062f0a2a7b21,"","2026-06-01"
0,"","Senior Machine Learning Engineer, Content Engineering","Paramount Streaming","New York, New York","","$139,000 - $175,000 (yearly)",jobspy_indeed,https://www.indeed.com/viewjob?jk=20330521a14cf250,"","2026-05-29"
0,"","Senior Applied AI Engineer","Paramount","New York, New York","","$139,000 - $180,000 (yearly)",jobspy_indeed,https://www.indeed.com/viewjob?jk=c3a65fdc259b09f3,"","2026-05-31"
0,"","Lead Software Engineer (Java) in Test","Paramount","New York, New York","","$124,000 - $170,000 (yearly)",jobspy_indeed,https://www.indeed.com/viewjob?jk=d6e8841d1d74bd29,"","2026-05-31"
0,"","Principal Software Engineer","Paramount Streaming","New York, New York","","$203,000 - $260,000 (yearly)",jobspy_indeed,https://www.indeed.com/viewjob?jk=709b567005daabd9,"","2026-05-31"
0,"","Machine Learning Platform Lead Engineer, Training and Inference","Paramount Streaming","New York, New York","","$155,000 - $235,000 (yearly)",jobspy_indeed,https://www.indeed.com/viewjob?jk=a0b32d41eb4225e7,"","2026-05-31"
0,"","Live Operations Associate","Roku","New York, New York","","$80,000 - $90,000 (yearly)",jobspy_indeed,https://www.indeed.com/viewjob?jk=f90119eb4b036ffd,"","2026-05-31"
0,"","Senior Product Manager 2, Acquisition","The Farmer's Dog","New York, New York","","$170,000 - $190,000 (yearly)",jobspy_indeed,https://www.indeed.com/viewjob?jk=095f51a55b6d302f,"","2026-05-30"
0,"","Unified Communications Integration Engineer, Public Safety","Axon","New York, New York","","$141,000 - $188,000 (yearly)",jobspy_indeed,https://www.indeed.com/viewjob?jk=73b1b013d20157b9,"","2026-05-29"
0,"","Manager-Network Services","AT&T","New York, New York","","$96,000 - $154,200 (yearly)",jobspy_indeed,https://www.indeed.com/viewjob?jk=d450da2b955bf419,"","2026-05-29"
0,"","Field Sales Engineer II, Enterprise-Northeast","Samsara","New York, New York","","$198,050 - $233,000 (yearly)",jobspy_indeed,https://www.indeed.com/viewjob?jk=b2be35e35011a640,"","2026-05-26"
0,"","Construction Project Engineer","IPS-Integrated Project Services","New York, New York","","$81,000 - $108,000 (yearly)",jobspy_indeed,https://www.indeed.com/viewjob?jk=1de8a4c324ac9904,"","2026-04-10"
0,"","CQV Engineer II","IPS-Integrated Project Services","New York, New York","","$79,750 - $106,300 (yearly)",jobspy_indeed,https://www.indeed.com/viewjob?jk=296103eb1e62f938,"","2026-04-06"
0,"","Sr. MLE, Prime Video - Personalization and Discovery","Amazon.com","New York, New York","","$184,900 - $250,200 (yearly)",jobspy_indeed,https://www.indeed.com/viewjob?jk=c61aadbba755c577,"","2025-08-28"
0,"","Senior Software Development Engineer","Adobe","San Francisco, California","","$161,700 - $257,550 (yearly)",jobspy_indeed,https://www.indeed.com/viewjob?jk=afa7f8140ffe5c00,"","2026-06-01"
0,"","Staff DevOps Engineer","Zoom Communications","San Francisco, California","","$124,000 - $271,200 (yearly)",jobspy_indeed,https://www.indeed.com/viewjob?jk=3d3e40ef8599a1ee,"","2026-06-01"
0,"","As Built Engineer","Quanta Services","San Francisco, California","","$22 - $28 (hourly)",jobspy_indeed,https://www.indeed.com/viewjob?jk=1a9de9ce89337911,"","2026-06-01"
0,"","Senior Technical Program Manager, Google for Education","Google","San Francisco, California","","$192,000 - $278,000 (yearly)",jobspy_indeed,https://www.indeed.com/viewjob?jk=5aeb72332138d2d5,"","2026-06-01"
0,"","Senior Systems Software Engineer, Windows and Linux Enablement - DGX Station","NVIDIA","San Francisco, California","","$224,000 - $356,500 (yearly)",jobspy_indeed,https://www.indeed.com/viewjob?jk=1b7c0a37aa8d6644,"","2026-06-01"
0,"","Member of Technical Staff - Imagine Safety","Xai","San Francisco, California","","$180,000 - $440,000 (yearly)",jobspy_indeed,https://www.indeed.com/viewjob?jk=ac5a86f5f2648c5c,"","2026-05-31"
0,"","Software Engineer II, AI Platform","Samsara","San Francisco, California","","$127,330 - $214,000 (yearly)",jobspy_indeed,https://www.indeed.com/viewjob?jk=13e304a644a4c83e,"","2026-05-29"
0,"","R&D Technical Artist","Apple","San Francisco, California","","$172,100 - $258,600 (yearly)",jobspy_indeed,https://www.indeed.com/viewjob?jk=9675b705640760ef,"","2026-05-27"
0,"","Senior Software Engineer, Growth","Samsara","San Francisco, California","","$131,792 - $221,500 (yearly)",jobspy_indeed,https://www.indeed.com/viewjob?jk=abd7bad535f10138,"","2026-05-26"
0,"","Sr. Growth Engineer","Samsara","San Francisco, California","","$112,752 - $189,500 (yearly)",jobspy_indeed,https://www.indeed.com/viewjob?jk=4131d082a049cf81,"","2026-05-26"
0,"","Developer Relations Engineer","Box","San Francisco, California","","$165,000 - $206,500 (yearly)",jobspy_indeed,https://www.indeed.com/viewjob?jk=f0fb465e56b8ff19,"","2026-05-18"
0,"","Senior Developer Relations Engineer","Box","San Francisco, California","","$198,500 - $248,000 (yearly)",jobspy_indeed,https://www.indeed.com/viewjob?jk=dfb3033345d36c3d,"","2026-05-18"
0,"","Sr. MLE, Prime Video - Personalization and Discovery","Amazon.com","San Francisco, California","","$184,900 - $250,200 (yearly)",jobspy_indeed,https://www.indeed.com/viewjob?jk=7512ac4a428ccb59,"","2025-08-28"
0,"","Unified Communications Integration Engineer, Public Safety","Axon","Seattle, Washington","","$141,000 - $188,000 (yearly)",jobspy_indeed,https://www.indeed.com/viewjob?jk=92b74f9fff33c4f1,"","2026-05-29"
0,"","Sr. Manager Hardware, Urology Endoscopes","Verathon","Seattle, Washington","","$170,000 - $235,000 (yearly)",jobspy_indeed,https://www.indeed.com/viewjob?jk=c0ab856751e4131b,"","2026-05-29"
0,"","Quality Assurance Engineer II, Prime Tech","Amazon.com","Seattle, Washington","","$113,900 - $160,000 (yearly)",jobspy_indeed,https://www.indeed.com/viewjob?jk=abef027d47e86246,"","2026-05-29"
0,"","Transportation Engineer 2 (In-Training)","State of Washington","Seattle, Washington","","$64,776 - $96,144 (yearly)",jobspy_indeed,https://www.indeed.com/viewjob?jk=9a96f80f064a89be,"","2026-05-29"
0,"","Multimodal Planning Implementation Lead (TPS5)","State of Washington","Seattle, Washington","","$87,048 - $117,120 (yearly)",jobspy_indeed,https://www.indeed.com/viewjob?jk=c966c65010ebb34b,"","2026-05-29"
0,"","Manufacturing Engineer Level 3 - SCM MV","Safran","Seattle, Washington","","$84,730 - $133,140 (yearly)",jobspy_indeed,https://www.indeed.com/viewjob?jk=1503b5eaa48202c3,"","2026-05-29"
0,"","Product Support Engineer","Pylon","Seattle, Washington","","$100,000 - $150,000 (yearly)",jobspy_indeed,https://www.indeed.com/viewjob?jk=5f460e6fd1202422,"","2026-05-29"
0,"","Physical Security Engineering Manager, Data Center Design Engineering, Data Center Design Engineering","Amazon.com","Seattle, Washington","","$150,200 - $203,300 (yearly)",jobspy_indeed,https://www.indeed.com/viewjob?jk=08ad20e1046e4af5,"","2026-05-28"
0,"","Software Development Engineer, CloudFront","Amazon.com","Seattle, Washington","","$143,700 - $194,400 (yearly)",jobspy_indeed,https://www.indeed.com/viewjob?jk=d9ab578b604fd630,"","2026-05-27"
0,"","Principal Product Manager - Tech, Alexa Ads","Amazon.com","Seattle, Washington","","$197,900 - $267,800 (yearly)",jobspy_indeed,https://www.indeed.com/viewjob?jk=82ed58776d6acd0e,"","2026-05-27"
0,"","Applied Science Manager, Prime Video - Content Localization, Understanding & Enrichment","Amazon.com","Seattle, Washington","","$183,800 - $248,700 (yearly)",jobspy_indeed,https://www.indeed.com/viewjob?jk=68d4f3e9337c975b,"","2026-05-27"
0,"","Sr Technical Program Manager, Device Ad Products - Prime Video Display Ads","Amazon.com","Seattle, Washington","","$148,700 - $221,300 (yearly)",jobspy_indeed,https://www.indeed.com/viewjob?jk=62f65449564d926f,"","2026-05-26"
0,"","Member of Technical Staff, Microsoft Robotics (Spatial AI)","Microsoft","Seattle, Washington","","$102,100 - $219,200 (yearly)",jobspy_indeed,https://www.indeed.com/viewjob?jk=41e24337277a6b20,"","2026-05-13"
0,"","Principal Software Engineer","Microsoft","Seattle, Washington","","$165,600 - $331,200 (yearly)",jobspy_indeed,https://www.indeed.com/viewjob?jk=daeba5f654b5c159,"","2026-05-14"
0,"","Senior Product Planner","Verathon","Seattle, Washington","","$142,800 - $177,200 (yearly)",jobspy_indeed,https://www.indeed.com/viewjob?jk=97269e55545427d0,"","2026-05-04"
0,"","Supervisor, IT Network Infrastructure","SpaceX","Seattle, Washington","","$110,000 - $140,000 (yearly)",jobspy_indeed,https://www.indeed.com/viewjob?jk=9b77fe71f23cac17,"","2026-04-30"
0,"","Security Network Engineer","Verathon","Seattle, Washington","","",jobspy_indeed,https://www.indeed.com/viewjob?jk=f717c8c17f27098e,"","2026-03-06"
0,"","Senior System Architect","Verathon","Seattle, Washington","","$162,096 - $187,000 (yearly)",jobspy_indeed,https://www.indeed.com/viewjob?jk=e3b34e2d7e8719a6,"","2026-03-06"
0,"","Manager, Software Engineering","Verathon","Seattle, Washington","","$155,553 - $221,119 (yearly)",jobspy_indeed,https://www.indeed.com/viewjob?jk=5f758c1c9d3bec9e,"","2025-12-04"
0,"","Sr. MLE, Prime Video - Personalization and Discovery","Amazon.com","Seattle, Washington","","$184,900 - $250,200 (yearly)",jobspy_indeed,https://www.indeed.com/viewjob?jk=7fcc65bc95dedfa8,"","2025-08-28"
0,"","Inbound Sales Representative - Luxury Ground Transportation","Met Boston Limo","Boston, Massachusetts","","$24 - $29 (hourly)",jobspy_indeed,https://www.indeed.com/viewjob?jk=1d0479dba21b0a1f,"","2026-06-01"
0,"","Senior Project Manager","Providence Housing Authority","Boston, Massachusetts","","",jobspy_indeed,https://www.indeed.com/viewjob?jk=92ea61e616f9eb59,"","2026-06-01"
0,"","Senior Software Engineer (GO)","Catapult Sports","Boston, Massachusetts","","$112,934 - $225,868 (yearly)",jobspy_indeed,https://www.indeed.com/viewjob?jk=525ac62464de73e8,"","2026-06-01"
0,"","RF Systems Design Engineer","Fustis LLC","Boston, Massachusetts","","",jobspy_indeed,https://www.indeed.com/viewjob?jk=1fc85ebff9b7af1b,"","2026-06-01"
0,"","PROJECT MANAGER (TRANSPORTATION)","Tetra Tech","Boston, Massachusetts","","$100,000 - $150,000 (yearly)",jobspy_indeed,https://www.indeed.com/viewjob?jk=298bc3d5f5592aff,"","2026-05-29"
0,"","Regional Project Service Sales Specialist","Eaton","Boston, Massachusetts","","$143,250 - $210,100 (yearly)",jobspy_indeed,https://www.indeed.com/viewjob?jk=a80b12c497239fb8,"","2026-05-29"
0,"","Senior Product Manager - Billing","Motorola Solutions","Boston, Massachusetts","","",jobspy_indeed,https://www.indeed.com/viewjob?jk=f73adbd64fee618d,"","2026-05-29"
0,"","Product Support Engineer","Pylon","Boston, Massachusetts","","$100,000 - $150,000 (yearly)",jobspy_indeed,https://www.indeed.com/viewjob?jk=168cf8d117230c90,"","2026-05-29"
0,"","Application Engineer, Drone Technology","Re:Build Manufacturing","Boston, Massachusetts","","",jobspy_indeed,https://www.indeed.com/viewjob?jk=a8a76696f3cffe2c,"","2026-05-29"
0,"","Design Manager","CoreSite","Boston, Massachusetts","","",jobspy_indeed,https://www.indeed.com/viewjob?jk=59d3ad041f3113b2,"","2026-05-29"
0,"","Lead, Digital Design Engineer","L3Harris","Boston, Massachusetts","","",jobspy_indeed,https://www.indeed.com/viewjob?jk=983308005610aed9,"","2026-05-28"
0,"","Senior Software Engineer – Live & VOD Video Infrastructure","Roku","Boston, Massachusetts","","",jobspy_indeed,https://www.indeed.com/viewjob?jk=ce7472cbd90cedd5,"","2026-05-28"
0,"","Field Application Scientist, Metabolomics - Lipidomics","Thermo Fisher Scientific","Boston, Massachusetts","","$75,800 - $126,300 (yearly)",jobspy_indeed,https://www.indeed.com/viewjob?jk=b951348bb028dfb9,"","2026-05-28"
0,"","Mechanical Designer - Mission Critical","Harley Ellis Devereaux","Boston, Massachusetts","","$60,000 - $81,000 (yearly)",jobspy_indeed,https://www.indeed.com/viewjob?jk=378cccc2b9866d87,"","2026-05-28"
0,"","Senior Customer Solutions Manager , WWPS HCLS","Amazon Web Services","Boston, Massachusetts","","$153,600 - $207,800 (yearly)",jobspy_indeed,https://www.indeed.com/viewjob?jk=d6abcaee041ce5db,"","2026-05-27"
0,"","Instructional Designer (On-Call)","Northrop Grumman","Boston, Massachusetts","","$28 - $45 (hourly)",jobspy_indeed,https://www.indeed.com/viewjob?jk=7ce2aac2e8160620,"","2026-05-27"
0,"","Mid-Market Sales Engineer - US North East","Samsara","Boston, Massachusetts","","$95,795 - $144,900 (yearly)",jobspy_indeed,https://www.indeed.com/viewjob?jk=c652051b2a24e446,"","2026-05-26"
0,"","DoD Skillbridge Intern","Gilbane","Boston, Massachusetts","","",jobspy_indeed,https://www.indeed.com/viewjob?jk=bdcb3ed71ade25c3,"","2026-05-13"
0,"","Assistant Project Manager - Compliant States","Suffolk Construction","Boston, Massachusetts","","$85,000 - $121,000 (yearly)",jobspy_indeed,https://www.indeed.com/viewjob?jk=bf8b37e46d1de5c1,"","2026-05-13"
0,"","Manager, Innovation Marketing","Suffolk Construction","Boston, Massachusetts","","$115,000 - $162,000 (yearly)",jobspy_indeed,https://www.indeed.com/viewjob?jk=24937a401326f7a4,"","2026-04-25"
0,"","Senior Network Engineer","Astrion","Boston, Massachusetts","","$120,000 - $135,000 (yearly)",jobspy_indeed,https://www.indeed.com/viewjob?jk=10a02bf901a6a147,"","2026-04-20"
0,"","Mechanical Engineer III","IPS-Integrated Project Services","Boston, Massachusetts","","$112,000 - $150,000 (yearly)",jobspy_indeed,https://www.indeed.com/viewjob?jk=0465d9136e496ef9,"","2026-03-27"
0,"","Marketing Assistant Manager","DuBois & King Inc","Boston, Massachusetts","","$58,000 - $78,000 (yearly)",jobspy_indeed,https://www.indeed.com/viewjob?jk=cfb1bf853d53c594,"","2026-01-29"
0,"","IT Systems Administrator","OLIPOP","Los Angeles, California","","$110,000 - $120,000 (yearly)",jobspy_indeed,https://www.indeed.com/viewjob?jk=d978ee834ef789e3,"","2026-06-01"
0,"","UX Designer","nan","Los Angeles, California","","$130,000 - $210,000 (yearly)",jobspy_indeed,https://www.indeed.com/viewjob?jk=fe1fa2dd2a641ab8,"","2026-06-01"
0,"","SUPERVISING COMMUNICATIONS TECHNICIAN","County of Orange","Los Angeles, California","","$88,982 - $119,704 (yearly)",jobspy_indeed,https://www.indeed.com/viewjob?jk=808769ca12744ccf,"","2026-06-01"
0,"","Staff Data Engineer","Crunchyroll","Los Angeles, California","","$210,000 - $255,000 (yearly)",jobspy_indeed,https://www.indeed.com/viewjob?jk=3d675c18e4aa872d,"","2026-06-01"
0,"","Designer, Doodles, Brand Studio","Google","Los Angeles, California","","",jobspy_indeed,https://www.indeed.com/viewjob?jk=ae052769cb207e6b,"","2026-06-01"
0,"","Systems Engineer III - ISR","Voyager Technologies, Inc.","Los Angeles, California","","$100,000 - $196,100 (yearly)",jobspy_indeed,https://www.indeed.com/viewjob?jk=7cfee5b2bd0911c9,"","2026-06-01"
0,"","Systems Engineer IV - ISR","Voyager Technologies, Inc.","Los Angeles, California","","$136,252 - $233,900 (yearly)",jobspy_indeed,https://www.indeed.com/viewjob?jk=6c644c85bdb20bd6,"","2026-06-01"
0,"","Senior Software Engineer","Paramount","Los Angeles, California","","$124,000 - $170,000 (yearly)",jobspy_indeed,https://www.indeed.com/viewjob?jk=65077fec1c61329c,"","2026-06-01"
0,"","Sales Representative — Home Design, Architectural & Structural Engineering Services","Pacific Sands","Los Angeles, California","","$90,000 - $250,000 (yearly)",jobspy_indeed,https://www.indeed.com/viewjob?jk=debad77c24cc8747,"","2026-05-30"
0,"","Sr Product Software Engineer","nan","Los Angeles, California","","$141,900 - $208,400 (yearly)",jobspy_indeed,https://www.indeed.com/viewjob?jk=9ab00f608359b4fd,"","2026-05-30"
0,"","Senior Software Engineer II, Performance (UE5)","Blizzard Entertainment","Los Angeles, California","","$121,500 - $224,880 (yearly)",jobspy_indeed,https://www.indeed.com/viewjob?jk=5e7e4ab7bff6ca76,"","2026-05-29"
0,"","Sr Engineer, AI/Machine Learning","Masimo","Los Angeles, California","","$140,000 - $170,000 (yearly)",jobspy_indeed,https://www.indeed.com/viewjob?jk=0cddf1caab6e6165,"","2026-05-29"
0,"","Solutions Integration Engineer IV","Samsara","Los Angeles, California","","$105,910 - $160,200 (yearly)",jobspy_indeed,https://www.indeed.com/viewjob?jk=865b851048dc7b7f,"","2026-05-26"
0,"","Software Engineer II, AI Platform","Samsara","Los Angeles, California","","$113,645 - $171,900 (yearly)",jobspy_indeed,https://www.indeed.com/viewjob?jk=f281dd26fb75ef2b,"","2026-05-26"
0,"","Solutions Integration Engineer","Samsara","Los Angeles, California","","$87,465 - $132,300 (yearly)",jobspy_indeed,https://www.indeed.com/viewjob?jk=e796fbe4caec89f8,"","2026-05-26"
0,"","Senior Software Engineer, AI Platform","Samsara","Los Angeles, California","","$130,900 - $198,000 (yearly)",jobspy_indeed,https://www.indeed.com/viewjob?jk=71cd4a0ef881859f,"","2026-05-26"
0,"","Sales Engineer - Mid-Market West","Samsara","Los Angeles, California","","$95,795 - $144,900 (yearly)",jobspy_indeed,https://www.indeed.com/viewjob?jk=71d46d819a8472eb,"","2026-05-26"
0,"","Multimedia Specialist","Exponent","Los Angeles, California","","$125,000 - $135,000 (yearly)",jobspy_indeed,https://www.indeed.com/viewjob?jk=5397380732544801,"","2026-03-24"
0,"","Infrastructure & Capital Projects â€“ Heavy Civil Inspector (Structures), ANS","Logic, Inc.","Los Angeles, California","","$50 - $85 (hourly)",jobspy_indeed,https://www.indeed.com/viewjob?jk=a4648f238913d8a9,"","2025-07-29"
0,"","Patent Engineer","Banner & Witcoff","Washington, DC","","$80,000 - $130,000 (yearly)",jobspy_indeed,https://www.indeed.com/viewjob?jk=2dee4dfba44a9941,"","2026-06-01"
0,"","Software Engineer III, Forward Deployed","X-Energy","Washington, DC","","$120,000 - $145,000 (yearly)",jobspy_indeed,https://www.indeed.com/viewjob?jk=eb594fccccc3f2ac,"","2026-06-01"
0,"","Engineer (Civil, Mechanical, Electrical)","MSAG","Washington, DC","","",jobspy_indeed,https://www.indeed.com/viewjob?jk=f5deb2a639512328,"","2026-06-01"
0,"","ICS/SCADA & Critical Infrastructure Engineer","Leidos","Washington, DC","","$87,100 - $157,450 (yearly)",jobspy_indeed,https://www.indeed.com/viewjob?jk=979b86b2137a4fbf,"","2026-05-31"
0,"","System Vulnerability Analyst","National Security Agency","Washington, DC","","$87,362 - $153,082 (yearly)",jobspy_indeed,https://www.indeed.com/viewjob?jk=4fd90dcdfd3e5ea0,"","2026-06-01"
0,"","Junior SCADA/Controls Engineer","Leidos","Washington, DC","","$69,550 - $125,725 (yearly)",jobspy_indeed,https://www.indeed.com/viewjob?jk=9bd85d6ba71f3170,"","2026-05-31"
0,"","Cloud DevSecOps Engineer","General Dynamics Information Technology","Washington, DC","","$142,792 - $172,500 (yearly)",jobspy_indeed,https://www.indeed.com/viewjob?jk=cb1195fc89d5a9cf,"","2026-05-31"
0,"","Unified Communications Integration Engineer, Public Safety","Axon","Washington, DC","","$141,000 - $188,000 (yearly)",jobspy_indeed,https://www.indeed.com/viewjob?jk=4b7e6fc47c97cf73,"","2026-05-29"
0,"","Full Stack Software Engineer","Kastle Systems","Washington, DC","","",jobspy_indeed,https://www.indeed.com/viewjob?jk=e98ccaeac3d533b5,"","2026-05-29"
0,"","Regional Project Service Sales Specialist","Eaton","Washington, DC","","$143,250 - $210,100 (yearly)",jobspy_indeed,https://www.indeed.com/viewjob?jk=1a32c2224fd26989,"","2026-05-29"
0,"","AI Data Engineer","T. Rowe Price","Washington, DC","","$97,000 - $206,000 (yearly)",jobspy_indeed,https://www.indeed.com/viewjob?jk=dc99c4d09fcc8c74,"","2026-05-29"
0,"","Physical Security Engineering Manager, Data Center Design Engineering, Data Center Design Engineering","Amazon.com","Washington, DC","","$150,200 - $203,300 (yearly)",jobspy_indeed,https://www.indeed.com/viewjob?jk=a4edccf08b980984,"","2026-05-28"
0,"","Senior Customer Solutions Manager , WWPS HCLS","Amazon Web Services","Washington, DC","","$153,600 - $207,800 (yearly)",jobspy_indeed,https://www.indeed.com/viewjob?jk=276aa27ab0ad3af1,"","2026-05-27"
0,"","Cisco Unified Communications Manager (CUCM) Administrator - Lead","AMERICAN SYSTEMS","Washington, DC","","$155,000 - $185,000 (yearly)",jobspy_indeed,https://www.indeed.com/viewjob?jk=109e557c1e6502e4,"","2026-04-16"
0,"","Project Manager - Security Camera Infrastructure","KCI Technologies","Washington, DC","","",jobspy_indeed,https://www.indeed.com/viewjob?jk=48a084c33c8b3a83,"","2026-02-06"
0,"","CQV Engineer I","IPS-Integrated Project Services","Washington, DC","","$79,750 - $106,300 (yearly)",jobspy_indeed,https://www.indeed.com/viewjob?jk=0d8a14a97c8cd6b5,"","2026-01-15"
0,"","CQV Project Manager","IPS-Integrated Project Services","Washington, DC","","$107,650 - $143,500 (yearly)",jobspy_indeed,https://www.indeed.com/viewjob?jk=47f64aedee506ceb,"","2026-01-15"
0,"","Network Engineer 3","AMERICAN SYSTEMS","Washington, DC","","$110,000 - $125,000 (yearly)",jobspy_indeed,https://www.indeed.com/viewjob?jk=ca8fe0b52bb15dad,"","2025-10-10"
0,"","Software Engineer","AMERICAN SYSTEMS","Washington, DC","","$125,000 - $150,000 (yearly)",jobspy_indeed,https://www.indeed.com/viewjob?jk=18746c852e55d832,"","2025-10-10"
0,"","2026 NFL Films Fall Internship Program","National Football League","United States","","$22 - $30 (hourly)",jobspy_indeed,https://www.indeed.com/viewjob?jk=fbe6434304d03519,"","2026-06-01"
0,"","Regional Engineer III (Mechanical Flushing Team)","Rain for Rent","United States","","",jobspy_indeed,https://www.indeed.com/viewjob?jk=416e0630ad0c6973,"","2026-06-01"
0,"","Videographer II","Rothe Development, Inc.","United States","","$71,696 - $82,451 (yearly)",jobspy_indeed,https://www.indeed.com/viewjob?jk=418577687ac0b439,"","2026-06-01"
0,"","Senior Water Engineer","Stanley Consultants","United States","","",jobspy_indeed,https://www.indeed.com/viewjob?jk=f927478a1e8bfedf,"","2026-06-01"
0,"","Department Manager - Transportation Roadway","Stanley Consultants","United States","","",jobspy_indeed,https://www.indeed.com/viewjob?jk=da10069944ff2e3e,"","2026-06-01"
0,"","Cloud & DevOps Engineer","First Orion","United States","","",jobspy_indeed,https://www.indeed.com/viewjob?jk=53bbcc678b9b2126,"","2026-06-01"
0,"","Developer Community Manager (US)","Flosum","United States","","",jobspy_indeed,https://www.indeed.com/viewjob?jk=a2d72f7d5edcfccc,"","2026-06-01"
0,"","Highway Engineering Assistant","State of Indiana","United States","","",jobspy_indeed,https://www.indeed.com/viewjob?jk=484256a5079445cc,"","2026-06-01"
0,"","Expert Engineer","CD PROJEKT RED","United States","","$186,900 - $257,000 (yearly)",jobspy_indeed,https://www.indeed.com/viewjob?jk=11cc030c30255f5b,"","2026-06-01"
0,"","Cloud Security Engineer","Security Risk Advisors","United States","","$70,000 - $100,000 (yearly)",jobspy_indeed,https://www.indeed.com/viewjob?jk=706ebaefec9f6a1e,"","2026-06-01"
0,"","Security Systems Engineer","Pro-tec Design","United States","","$80,000 - $120,000 (yearly)",jobspy_indeed,https://www.indeed.com/viewjob?jk=7dcfaeaf7ed5c99a,"","2026-06-01"
0,"","Scientist - Dr. Paul de Figueiredo's Lab","University of Missouri","United States","","$54,000 - $62,000 (yearly)",jobspy_indeed,https://www.indeed.com/viewjob?jk=26a31ee2714d8955,"","2026-06-01"
0,"","Independent Software Engineer -WebRTC & Jitsi Telehealth","eLinx Health, LLC","Remote","","",jobspy_indeed,https://www.indeed.com/viewjob?jk=2a298a99b1cc349e,"","2026-05-31"
0,"","Public Safety Technology Deployment Engineer","Brite","Remote","","$90,000 - $100,000 (yearly)",jobspy_indeed,https://www.indeed.com/viewjob?jk=92be8be26bd19c32,"","2026-05-28"
0,"","Lead Engineer","Canary Technologies","Remote","","",jobspy_indeed,https://www.indeed.com/viewjob?jk=a5feeddcd8315d57,"","2026-05-29"
0,"","Security Architect, Product","College Board","Remote","","$156,000 - $172,000 (yearly)",jobspy_indeed,https://www.indeed.com/viewjob?jk=42f620c48e0eab2f,"","2026-05-29"
0,"","Patient Community Manager - Preferably based in the Northeast or Mid Atlantic Regions","Lumanity","Remote","","",jobspy_indeed,https://www.indeed.com/viewjob?jk=c690541ed45d86b2,"","2026-05-29"
0,"","Brand Communications Intern (Summer 2026)","WD Partners","Remote","","",jobspy_indeed,https://www.indeed.com/viewjob?jk=f835780886a06468,"","2026-05-29"
0,"","QA Engineer","Vector Airport Systems","Remote","","$80,000 - $100,000 (yearly)",jobspy_indeed,https://www.indeed.com/viewjob?jk=f26aaf003fe698db,"","2026-05-29"
0,"","Principle Engineer, Bluebook Platform","College Board","Remote","","$220,000 - $230,000 (yearly)",jobspy_indeed,https://www.indeed.com/viewjob?jk=6da909f3d6f1c1f9,"","2026-05-29"
0,"","Automation Engineer","Renewed Vision","Remote","","",jobspy_indeed,https://www.indeed.com/viewjob?jk=edf47da1b31e0754,"","2026-05-29"
0,"","Director of Channel Sales, North America","LiveU","Remote","","",jobspy_indeed,https://www.indeed.com/viewjob?jk=d1654b91fdfb55ac,"","2026-05-28"
0,"","Senior Release Engineer","HealthEdge Software, Inc.","Remote","","$108,000 - $115,000 (yearly)",jobspy_indeed,https://www.indeed.com/viewjob?jk=a751cf37291de639,"","2026-05-27"
0,"","Microsoft Windows Engineer","Empower AI Inc.","Remote","","",jobspy_indeed,https://www.indeed.com/viewjob?jk=d73bbae59393c409,"","2026-05-08"
0,"","Dam Safety Project Engineer","Colliers Engineering & Design","Remote","","",jobspy_indeed,https://www.indeed.com/viewjob?jk=f06024e138f6a79d,"","2026-04-28"
0,"","Connectivity Engineer, Leased - Data Center Construction","Meta","Remote","","$123,000 - $176,000 (yearly)",jobspy_indeed,https://www.indeed.com/viewjob?jk=075c09b260167376,"","2026-04-22"
0,"","Machine Learning Engineer","HealthEdge Software, Inc.","Remote","","$130,000 - $165,000 (yearly)",jobspy_indeed,https://www.indeed.com/viewjob?jk=c5b2c3c1a81074c4,"","2026-04-03"
0,"","Senior Software Engineer","HealthEdge Software, Inc.","Remote","","$130,000 - $165,000 (yearly)",jobspy_indeed,https://www.indeed.com/viewjob?jk=beee8870674f94b5,"","2026-04-03"
0,"","VDC Piping Detailer","The Haskell Company","Remote","","$70,000 - $125,000 (yearly)",jobspy_indeed,https://www.indeed.com/viewjob?jk=7429c5fb4be377d3,"","2026-03-05"
0,"","AI Engineer","Verathon","Remote","","$115,000 - $231,000 (yearly)",jobspy_indeed,https://www.indeed.com/viewjob?jk=6a97b0d87dd4abbc,"","2026-03-02"
0,"","Rehabilitation Technician - Stretch Therapist","StretchLab - West Loop","Chicago, Illinois","","",jobspy_indeed,https://www.indeed.com/viewjob?jk=ae087170100f7615,"","2026-06-01"
0,"","LVN LPN","Belmont Village","Chicago, Illinois","","",jobspy_indeed,https://www.indeed.com/viewjob?jk=3eabc44abb3578e7,"","2026-05-31"
0,"","AFCAP V: UAE SWA Transient Aircraft Services Technician (Secret Clearance)","KBR","Chicago, Illinois","","",jobspy_indeed,https://www.indeed.com/viewjob?jk=bd763c24daa8fe35,"","2026-05-29"
0,"","Veterinary Assistant","Uptown Animal Hospital","Chicago, Illinois","","$18 - $22 (hourly)",jobspy_indeed,https://www.indeed.com/viewjob?jk=e28c598012b06be7,"","2026-05-28"
0,"","Mental Health Technician (MHT)(Full-time) 2:45p-11:15p","Silver Oaks Behavioral Hospital","Chicago, Illinois","","$18 - $25 (hourly)",jobspy_indeed,https://www.indeed.com/viewjob?jk=0b7c064f0c3fb4df,"","2026-05-28"
0,"","Board Certified Behavior Analyst (BCBA) Lake In The Hills","The Place for Children with Autism","Chicago, Illinois","","$80,000 - $89,000 (yearly)",jobspy_indeed,https://www.indeed.com/viewjob?jk=b81b3ff55ee5b352,"","2026-05-28"
0,"","Veterinary Receptionist","BARRINGTON SQUARE ANIMAL HOSPITAL","Chicago, Illinois","","$16 - $18 (hourly)",jobspy_indeed,https://www.indeed.com/viewjob?jk=8e486f3419263292,"","2026-05-27"
0,"","Mental Health Technician (MHT) - PM","Chicago Behavioral Hospital","Chicago, Illinois","","$18 - $25 (hourly)",jobspy_indeed,https://www.indeed.com/viewjob?jk=63d864ead6751216,"","2026-05-27"
0,"","Engineer- Interiors","United Airlines","Chicago, Illinois","","$83,695 - $109,004 (yearly)",jobspy_indeed,https://www.indeed.com/viewjob?jk=ee88d363b7aec7d9,"","2026-05-27"
0,"","Registered Behavior Technician (RBT) - Cicero","The Place for Children with Autism","Chicago, Illinois","","$17 - $24 (hourly)",jobspy_indeed,https://www.indeed.com/viewjob?jk=5b2d79103c0c5eb4,"","2026-05-27"
0,"","Senior Staff Representative - Fuel Technical Services","United Airlines","Chicago, Illinois","","$81,795 - $106,602 (yearly)",jobspy_indeed,https://www.indeed.com/viewjob?jk=767bb3d04735538a,"","2026-05-27"
0,"","Automotive Instructor- Schaumburg, IL","V2X","Chicago, Illinois","","",jobspy_indeed,https://www.indeed.com/viewjob?jk=a9c16929c50dfb6f,"","2026-05-27"
0,"","Senior Manager - IT Operations","Oncourse Home Solutions","Chicago, Illinois","","$128,240 - $192,360 (yearly)",jobspy_indeed,https://www.indeed.com/viewjob?jk=886502fcbdcfb851,"","2026-05-27"
0,"","RETAIL COMPUTER TECHNICIAN","Micro Center","Chicago, Illinois","","$16 - $35 (hourly)",jobspy_indeed,https://www.indeed.com/viewjob?jk=2335e2d616a3cddb,"","2026-05-27"
0,"","NW Deployment Build Lead I, NW Deployment","Amazon.com","Chicago, Illinois","","$30 - $54 (hourly)",jobspy_indeed,https://www.indeed.com/viewjob?jk=26582ed6b731c1a7,"","2026-05-26"
0,"","Technical Training Manager","Life Fitness / Hammer Strength","Chicago, Illinois","","$93,000 - $135,900 (yearly)",jobspy_indeed,https://www.indeed.com/viewjob?jk=c6f86152f64fac2b,"","2026-05-26"
0,"","Field Service Technician","Grundfos Pumps","Chicago, Illinois","","$26 - $37 (hourly)",jobspy_indeed,https://www.indeed.com/viewjob?jk=fe761434930fd5b8,"","2026-05-26"
0,"","Kennel Assistant Part-Time","BARRINGTON SQUARE ANIMAL HOSPITAL","Chicago, Illinois","","$15 - $16 (hourly)",jobspy_indeed,https://www.indeed.com/viewjob?jk=e3e6e43fe8ffe531,"","2026-05-26"
0,"","ELM Operations Engineer, ELM Program Launch","Amazon.com","Chicago, Illinois","","$76,600 - $114,900 (yearly)",jobspy_indeed,https://www.indeed.com/viewjob?jk=36d05ab6b22b0792,"","2026-05-18"
0,"","Hospital Manager","Glenview Animal Hospital","Chicago, Illinois","","$68,000 - $70,000 (yearly)",jobspy_indeed,https://www.indeed.com/viewjob?jk=f309e39e23e90556,"","2026-05-15"
0,"","Veterinary Receptionist Part-Time","nan","Chicago, Illinois","","$17 - $21 (hourly)",jobspy_indeed,https://www.indeed.com/viewjob?jk=8ee47aeee61ef802,"","2026-05-11"
0,"","Veterinary Receptionist","Duke Animal Hospital","Chicago, Illinois","","$17 - $18 (hourly)",jobspy_indeed,https://www.indeed.com/viewjob?jk=b02670c07baf2318,"","2026-05-11"
0,"","Utility Inspection Technician (Incentive Opportunities!)","Reconn Utility Services","New York, New York","","$21 - $27 (hourly)",jobspy_indeed,https://www.indeed.com/viewjob?jk=de4804c8be5ac66f,"","2026-06-01"
0,"","Veterinarian - Setauket Animal Hospital","PetVet Care Centers","New York, New York","","$130,000 - $150,000 (yearly)",jobspy_indeed,https://www.indeed.com/viewjob?jk=36bffaee69ca7fca,"","2026-06-01"
0,"","Radiology Coordinator","Schwarzman Animal Medical Center","New York, New York","","$23 - $30 (hourly)",jobspy_indeed,https://www.indeed.com/viewjob?jk=ec1637bdb6ef611c,"","2026-05-29"
0,"","Nursing Trainer - Clifton, NJ","VEG ER for Pets","New York, New York","","",jobspy_indeed,https://www.indeed.com/viewjob?jk=2e5e9af75ef85dea,"","2026-05-29"
0,"","Associate Veterinarian at Greenwich Animal Hospital","Greenwich Animal Hospital","New York, New York","","$125,000 - $170,000 (yearly)",jobspy_indeed,https://www.indeed.com/viewjob?jk=a9a0d59c5dc00860,"","2026-05-29"
0,"","Veterinary Receptionist","Berg Animal Hospital","New York, New York","","$18 - $20 (hourly)",jobspy_indeed,https://www.indeed.com/viewjob?jk=0154ac266bb79351,"","2026-05-28"
0,"","Senior Desktop Support Technician - JFK Airport","ESP Global Services","New York, New York","","$55,000 - $58,000 (yearly)",jobspy_indeed,https://www.indeed.com/viewjob?jk=a9d77a04b86b1aa0,"","2026-05-28"
0,"","Veterinary Receptionist, Day Shift (Care Coordinator) - Veterinary Medical Center of Long Island","PetVet Care Centers","New York, New York","","$20 - $23 (hourly)",jobspy_indeed,https://www.indeed.com/viewjob?jk=88aeaa7660be1765,"","2026-05-28"
0,"","Full-Time Veterinary Assistant (Day Shift) - Atlantic Coast New York Veterinary Specialists - Bohemia","Atlantic Coast Veterinary Specialists","New York, New York","","$19 - $23 (hourly)",jobspy_indeed,https://www.indeed.com/viewjob?jk=026f17bf44527d11,"","2026-05-28"
0,"","Phlebotomist FLOAT - Clinical Lab","Summit Health","New York, New York","","$17 - $21 (hourly)",jobspy_indeed,https://www.indeed.com/viewjob?jk=55d7928b7513213e,"","2026-05-28"
0,"","Phlebotomist - Outpatient Lab","Summit Health","New York, New York","","$17 - $21 (hourly)",jobspy_indeed,https://www.indeed.com/viewjob?jk=de87a1f41f319c6c,"","2026-05-28"
0,"","Associate Veterinarian - Williamsburg Veterinary Clinic","Encore Vet Group","New York, New York","","$145,000 - $160,000 (yearly)",jobspy_indeed,https://www.indeed.com/viewjob?jk=d563a3ff040c87e8,"","2026-05-14"
0,"","Medical Director - Route 516 Animal Hospital","Encore Vet Group","New York, New York","","$140,000 - $160,000 (yearly)",jobspy_indeed,https://www.indeed.com/viewjob?jk=d283ecedccfdfb72,"","2026-05-12"
0,"","Associate Veterinarian - West Chelsea Vet","Encore Vet Group","New York, New York","","$130,000 - $170,000 (yearly)",jobspy_indeed,https://www.indeed.com/viewjob?jk=7c065dc4433f9f97,"","2026-05-08"
0,"","Associate Veterinarian - Park Ridge Animal Hospital","Encore Vet Group","New York, New York","","$130,000 - $170,000 (yearly)",jobspy_indeed,https://www.indeed.com/viewjob?jk=9aa8def806f98e8c,"","2026-05-01"
0,"","Boat Painter","SAFE HARBOR MARINAS","San Francisco, California","","$32 - $39 (hourly)",jobspy_indeed,https://www.indeed.com/viewjob?jk=e807c14284486e18,"","2026-06-01"
0,"","Collision Estimator","Crash Champions Collision Repair Team","San Francisco, California","","$71,240 - $155,000 (yearly)",jobspy_indeed,https://www.indeed.com/viewjob?jk=b18610c09c5ba011,"","2026-05-29"
0,"","Physical Therapist","Alliance Physical Therapy Partners","San Francisco, California","","$95,000 - $120,000 (yearly)",jobspy_indeed,https://www.indeed.com/viewjob?jk=0819245ec02f1513,"","2026-05-27"
0,"","Medication Technician","Belmont Village","San Francisco, California","","",jobspy_indeed,https://www.indeed.com/viewjob?jk=299ef970185b90a2,"","2026-05-29"
0,"","LVN Charge Nurse","Belmont Village","San Francisco, California","","",jobspy_indeed,https://www.indeed.com/viewjob?jk=ff9279512bc3350a,"","2026-05-27"
0,"","Field Technician III","Voltyx","San Francisco, California","","$47 - $67 (hourly)",jobspy_indeed,https://www.indeed.com/viewjob?jk=893d561d3b679c52,"","2026-05-28"
0,"","Sr. Relay Technician","Voltyx","San Francisco, California","","$70 - $85 (hourly)",jobspy_indeed,https://www.indeed.com/viewjob?jk=c557e7830276d15d,"","2026-05-28"
0,"","Sr. Relay Technician","EPS","San Francisco, California","","$70 - $85 (hourly)",jobspy_indeed,https://www.indeed.com/viewjob?jk=0ba677bb4149d14d,"","2026-05-28"
0,"","Field Technician III","EPS","San Francisco, California","","$47 - $67 (hourly)",jobspy_indeed,https://www.indeed.com/viewjob?jk=e40bf928e899edd5,"","2026-05-28"
0,"","Field Technician II","EPS","San Francisco, California","","$44 - $66 (hourly)",jobspy_indeed,https://www.indeed.com/viewjob?jk=7d58ac8c8455ecb5,"","2026-05-28"
0,"","Production Board Technician","UST","San Francisco, California","","$48,000 - $72,000 (yearly)",jobspy_indeed,https://www.indeed.com/viewjob?jk=805a9ff736b0dfaf,"","2026-05-28"
0,"","Veterinary Assistant: Primary Care","San Francisco Animal Medical Center (SFAMC)","San Francisco, California","","$21 - $38 (hourly)",jobspy_indeed,https://www.indeed.com/viewjob?jk=d77cddc0d68fbe90,"","2026-05-28"
0,"","CMT Field Technician 1","Atlas Technical Consultants","San Francisco, California","","$25 - $30 (hourly)",jobspy_indeed,https://www.indeed.com/viewjob?jk=b6e1a07f3362f74c,"","2026-05-27"
0,"","OR Scrub Tech Float","US Fertility","San Francisco, California","","$32 - $36 (hourly)",jobspy_indeed,https://www.indeed.com/viewjob?jk=5797c22dd029f48b,"","2026-05-27"
0,"","Veterinary Assistant - Berkeley Dog & Cat Hospital","PetVet Care Centers","San Francisco, California","","$22 - $27 (hourly)",jobspy_indeed,https://www.indeed.com/viewjob?jk=40bfc2258a35cd1a,"","2026-05-27"
0,"","Registered Veterinary Technician - Berkeley Dog & Cat Hospital","PetVet Care Centers","San Francisco, California","","$27 - $33 (hourly)",jobspy_indeed,https://www.indeed.com/viewjob?jk=4c929637cd3c3347,"","2026-05-27"
0,"","Garden Maintenance Technician","Sustain with Me Landscapes LLC","San Francisco, California","","$25 - $30 (hourly)",jobspy_indeed,https://www.indeed.com/viewjob?jk=dcc7b0d4b941495a,"","2026-05-27"
0,"","Behavior Analyst (BCBA) - Remote with travel into Glendale, CA","Autism Learning Partners","San Francisco, California","","$82,000 - $90,000 (yearly)",jobspy_indeed,https://www.indeed.com/viewjob?jk=223ea0965d7827c2,"","2026-05-26"
0,"","Surgery Department Lead - Experienced Veterinary Assistant or RVT!","San Francisco Animal Medical Center (SFAMC)","San Francisco, California","","$35 - $44 (hourly)",jobspy_indeed,https://www.indeed.com/viewjob?jk=cbb9c45c3af1ebcd,"","2026-05-26"
0,"","Engineering Operations Technician, DCC Communities","Amazon.com","San Francisco, California","","$43 - $75 (hourly)",jobspy_indeed,https://www.indeed.com/viewjob?jk=2552c32c785971fe,"","2026-05-12"
0,"","Patient Care Technician - Pulse","MultiCare Health System","Seattle, Washington","","$23 - $39 (hourly)",jobspy_indeed,https://www.indeed.com/viewjob?jk=10e5d8823f44f299,"","2026-05-29"
0,"","Survey Technician - CADD Tech","Atlas Technical Consultants","Seattle, Washington","","$30 - $62 (hourly)",jobspy_indeed,https://www.indeed.com/viewjob?jk=f33367dce2155546,"","2026-05-29"
0,"","Detail Technician","Crash Champions Collision Repair Team","Seattle, Washington","","$21 - $25 (hourly)",jobspy_indeed,https://www.indeed.com/viewjob?jk=978efe91b61e4364,"","2026-05-29"
0,"","Field Service Technician","Burkhart Dental","Seattle, Washington","","$55,000 - $70,000 (yearly)",jobspy_indeed,https://www.indeed.com/viewjob?jk=7ea663802f070c09,"","2026-05-29"
0,"","Infrastructure Planning Mgr, Global Network Deployment","Amazon.com","Seattle, Washington","","$145,400 - $254,500 (yearly)",jobspy_indeed,https://www.indeed.com/viewjob?jk=427e2f30faeaf3df,"","2026-05-28"
0,"","Mental Health Technician","South Sound Behavioral Hospital","Seattle, Washington","","$18 - $25 (hourly)",jobspy_indeed,https://www.indeed.com/viewjob?jk=c5faf6e6badbb1f6,"","2026-05-28"
0,"","Mental Health Technician (MHT)","Smokey Point Behavioral Hospital","Seattle, Washington","","$19 - $23 (hourly)",jobspy_indeed,https://www.indeed.com/viewjob?jk=6c189d7efff4d1b8,"","2026-05-28"
0,"","Registered Behavior Technician","Think","Seattle, Washington","","$20 - $30 (hourly)",jobspy_indeed,https://www.indeed.com/viewjob?jk=45aaf6e524e0f09b,"","2026-05-28"
0,"","Psych Tech - Marc Evaluation & Treatment - On-Call","Compass Health","Seattle, Washington","","",jobspy_indeed,https://www.indeed.com/viewjob?jk=45c7ec1f9cba4fc8,"","2026-05-28"
0,"","Service Manager","nan","Seattle, Washington","","$90,000 - $100,000 (yearly)",jobspy_indeed,https://www.indeed.com/viewjob?jk=e1631027d986b5b3,"","2026-05-28"
0,"","Service Manager","Eco Electric, Plumbing, Heating and Air","Seattle, Washington","","$90,000 - $100,000 (yearly)",jobspy_indeed,https://www.indeed.com/viewjob?jk=ccd92c6cb607fb79,"","2026-05-27"
0,"","Assembly Technician","Puget Systems","Seattle, Washington","","$20 - $24 (hourly)",jobspy_indeed,https://www.indeed.com/viewjob?jk=58e11e9df95cb4f3,"","2026-05-27"
0,"","Veterinary Assistant (Rotating Shift) - Cat Clinic of Seattle","PetVet Care Centers","Seattle, Washington","","$21 - $26 (hourly)",jobspy_indeed,https://www.indeed.com/viewjob?jk=5a9093b3592fb7e7,"","2026-05-27"
0,"","Heavy Equipment Field Technician","Ditch Witch West","Seattle, Washington","","$33 - $50 (hourly)",jobspy_indeed,https://www.indeed.com/viewjob?jk=be3ceb139ca00caa,"","2026-05-26"
0,"","NW Deployment Planner I, GND - Planning, Implementation, Coordination (PIC) Team","Amazon.com","Seattle, Washington","","$30 - $54 (hourly)",jobspy_indeed,https://www.indeed.com/viewjob?jk=51b43712239f1051,"","2026-05-21"
0,"","Receptionist","Seatown Veterinary Care","Seattle, Washington","","$22 - $26 (hourly)",jobspy_indeed,https://www.indeed.com/viewjob?jk=c1c142d6af37f79f,"","2026-05-21"
0,"","Technician - Food Safety and Quality Assurance","Vale Concepts","Seattle, Washington","","$30 - $35 (hourly)",jobspy_indeed,https://www.indeed.com/viewjob?jk=b18b233e39695d7a,"","2026-05-01"
0,"","Groomer","Reber Ranch Veterinary Hospital","Seattle, Washington","","",jobspy_indeed,https://www.indeed.com/viewjob?jk=4af8b2cb6ab768d0,"","2026-03-30"
0,"","Maintenance Technician","Core Spaces","Seattle, Washington","","$28 - $29 (hourly)",jobspy_indeed,https://www.indeed.com/viewjob?jk=ede1f519a61008c8,"","2026-03-10"
0,"","Technician (Painter)","SAFE HARBOR MARINAS","Boston, Massachusetts","","",jobspy_indeed,https://www.indeed.com/viewjob?jk=9e2ab43c02a529f9,"","2026-06-01"
0,"","Registered Nurse (Mental Health)","US Department of Veterans Affairs","Boston, Massachusetts","","$92,959 - $183,145 (yearly)",jobspy_indeed,https://www.indeed.com/viewjob?jk=fcc69edf4cf8b1f1,"","2026-05-29"
0,"","Medical Assistant, Internal Medicine","Mass General Brigham","Boston, Massachusetts","","",jobspy_indeed,https://www.indeed.com/viewjob?jk=72053862196aa25a,"","2026-05-29"
0,"","Research Technician","Northeastern University","Boston, Massachusetts","","$20 - $28 (hourly)",jobspy_indeed,https://www.indeed.com/viewjob?jk=9d8ca287ac19c1c5,"","2026-05-29"
0,"","Patch Restoration Technician","Reconn Utility Services","Boston, Massachusetts","","$24 - $32 (hourly)",jobspy_indeed,https://www.indeed.com/viewjob?jk=1848148f4e2353f3,"","2026-05-28"
0,"","Radiologic Technologist","Mass General Brigham","Boston, Massachusetts","","$37 - $45 (hourly)",jobspy_indeed,https://www.indeed.com/viewjob?jk=257aead1f11849c8,"","2026-05-28"
0,"","Veterinary Receptionist","Putnam Veterinary Clinic","Boston, Massachusetts","","$20 - $22 (hourly)",jobspy_indeed,https://www.indeed.com/viewjob?jk=29d58d53275b648c,"","2026-05-28"
0,"","Veterinary Technician","nan","Boston, Massachusetts","","$27 - $29 (hourly)",jobspy_indeed,https://www.indeed.com/viewjob?jk=9a29472847cd97ff,"","2026-05-27"
0,"","Field Service Technician","Motivate","Boston, Massachusetts","","",jobspy_indeed,https://www.indeed.com/viewjob?jk=b81939bca0f4eea7,"","2026-05-27"
0,"","Research Engineer I Bonded Abrasives","Saint-Gobain","Boston, Massachusetts","","$72,500 - $121,535 (yearly)",jobspy_indeed,https://www.indeed.com/viewjob?jk=918fcd63639010ff,"","2026-05-27"
0,"","Behavior Analyst (BCBA) - Hybrid","Autism Learning Partners","Boston, Massachusetts","","$82,000 - $90,000 (yearly)",jobspy_indeed,https://www.indeed.com/viewjob?jk=362e95398793c70f,"","2026-05-27"
0,"","CNC Field Service Technician - Trainee","nan","Boston, Massachusetts","","$49,000 - $75,000 (yearly)",jobspy_indeed,https://www.indeed.com/viewjob?jk=6d9f1f71b9e486de,"","2026-05-26"
0,"","Experienced Event Installer / Scenic Production Technician","Mr 9 Event Design","Boston, Massachusetts","","$26 - $38 (hourly)",jobspy_indeed,https://www.indeed.com/viewjob?jk=5cce31f36f6e4559,"","2026-05-25"
0,"","Construction Materials Testing Technician / QC Inspector","Atlas Technical Consultants","Boston, Massachusetts","","$23 - $30 (hourly)",jobspy_indeed,https://www.indeed.com/viewjob?jk=5b5531c624ccb7ea,"","2026-05-21"
0,"","ELM Operations Engineer, ELM Program Launch","Amazon.com","Boston, Massachusetts","","$76,600 - $114,900 (yearly)",jobspy_indeed,https://www.indeed.com/viewjob?jk=e679005543917f0b,"","2026-05-18"
0,"","Senior IT Service Desk Technician","Suffolk Construction","Boston, Massachusetts","","$37 - $50 (hourly)",jobspy_indeed,https://www.indeed.com/viewjob?jk=f68258edfa8076e6,"","2026-05-15"
0,"","Gastroenterologist","Gastro Health","Boston, Massachusetts","","$500,000 - $750,000 (yearly)",jobspy_indeed,https://www.indeed.com/viewjob?jk=da8b3de6d934aac9,"","2026-05-01"
0,"","Assembly & Test Technician","Moog, Inc","Los Angeles, California","","",jobspy_indeed,https://www.indeed.com/viewjob?jk=53f0885c20e9e922,"","2026-05-31"
0,"","Parts Driver","Singer Vehicle Design","Los Angeles, California","","$21 - $25 (hourly)",jobspy_indeed,https://www.indeed.com/viewjob?jk=9930efcfb2221949,"","2026-05-30"
0,"","TECHNOLOGY PROFESSIONAL INTERN I- PER SCHOLAS - NC","County of Los Angeles","Los Angeles, California","","",jobspy_indeed,https://www.indeed.com/viewjob?jk=82e77852ab4c94da,"","2026-05-29"
0,"","Maintenance Technician","Precision CastParts","Los Angeles, California","","$28 - $40 (hourly)",jobspy_indeed,https://www.indeed.com/viewjob?jk=f8f770764c94a13b,"","2026-05-29"
0,"","Pharmacy Technician - Per Diem Weekends","Kindred Hospitals","Los Angeles, California","","$23 - $31 (hourly)",jobspy_indeed,https://www.indeed.com/viewjob?jk=22f5929bd4635904,"","2026-05-29"
0,"","Full Time Kennel Assistant (Day Shift) - Veterinary Specialty and Emergency Center of Thousand Oaks","PetVet Care Centers","Los Angeles, California","","$16 - $20 (hourly)",jobspy_indeed,https://www.indeed.com/viewjob?jk=4a18ff60594ae991,"","2026-05-29"
0,"","Composites Technician (2nd Shift)","Impulse Space","Los Angeles, California","","$35 - $45 (hourly)",jobspy_indeed,https://www.indeed.com/viewjob?jk=70cae591978d4c10,"","2026-05-29"
0,"","Lead Registered Veterinary Technician","Marina Hills Animal Hospital","Los Angeles, California","","$32 - $37 (hourly)",jobspy_indeed,https://www.indeed.com/viewjob?jk=0d5a475737be3564,"","2026-05-29"
0,"","Residential Plumbing Technician","Do It Right Plumbers","Los Angeles, California","","$48 - $72 (hourly)",jobspy_indeed,https://www.indeed.com/viewjob?jk=c2dd0e83285a0685,"","2026-05-29"
0,"","Registered Veterinary Technician","Sepulveda Animal Hospital","Los Angeles, California","","$27 - $33 (hourly)",jobspy_indeed,https://www.indeed.com/viewjob?jk=187d8e8f1ade6ae8,"","2026-05-29"
0,"","Behavior Technician (60 College Credits Required)","Coyne & Associates","Los Angeles, California","","$21 - $27 (hourly)",jobspy_indeed,https://www.indeed.com/viewjob?jk=b9a7a3d7489b08ae,"","2026-05-29"
0,"","Master Scheduler","Singer Vehicle Design","Los Angeles, California","","$104,344 - $130,429 (yearly)",jobspy_indeed,https://www.indeed.com/viewjob?jk=6f9cc9203c128b4c,"","2026-05-29"
0,"","Supervisor, Shipping & Logistics","Singer Vehicle Design","Los Angeles, California","","$86,953 - $108,691 (yearly)",jobspy_indeed,https://www.indeed.com/viewjob?jk=4b763d69e6741599,"","2026-05-29"
0,"","Quantum Research Engineer, Quantum Computing","Amazon Web Services","Los Angeles, California","","$142,800 - $193,200 (yearly)",jobspy_indeed,https://www.indeed.com/viewjob?jk=6607de888763d14c,"","2026-05-28"
0,"","Field Technician II","EPS","Los Angeles, California","","$32 - $48 (hourly)",jobspy_indeed,https://www.indeed.com/viewjob?jk=8fe18ac29974bf41,"","2026-05-28"
0,"","Field Technician III","EPS","Los Angeles, California","","$38 - $58 (hourly)",jobspy_indeed,https://www.indeed.com/viewjob?jk=90092dbcb87ee919,"","2026-05-28"
0,"","Calibration Technician II","Transcat","Los Angeles, California","","$28 - $34 (hourly)",jobspy_indeed,https://www.indeed.com/viewjob?jk=f6621d79ede7d134,"","2026-05-28"
0,"","Field Services Technician 1","Cubic Corporation","Los Angeles, California","","",jobspy_indeed,https://www.indeed.com/viewjob?jk=bd8ba2a759e00698,"","2026-05-28"
0,"","Overnight Registered Veterinary Technician","Urgent Care Animal Hospital","Los Angeles, California","","$30 - $35 (hourly)",jobspy_indeed,https://www.indeed.com/viewjob?jk=f69c19624af5e670,"","2026-05-26"
0,"","Veterinarian","Aliso Viejo Animal Hospital","Los Angeles, California","","$130,000 - $180,000 (yearly)",jobspy_indeed,https://www.indeed.com/viewjob?jk=e058881c659b31d9,"","2026-05-13"
0,"","Veterinary Assistant","nan","Los Angeles, California","","$17 - $22 (hourly)",jobspy_indeed,https://www.indeed.com/viewjob?jk=ad977304c33ba17e,"","2026-04-21"
0,"","Registered Behavior Technician (RBT)","Blue Gems ABA","Washington, DC","","$22 - $28 (hourly)",jobspy_indeed,https://www.indeed.com/viewjob?jk=dff74fac1002c885,"","2026-06-01"
0,"","District Operations Supervisor-Boiler Team","SBF Search, LLC","Washington, DC","","$105,000 - $145,000 (yearly)",jobspy_indeed,https://www.indeed.com/viewjob?jk=abda6987b0db0001,"","2026-06-01"
0,"","Hydrogen Ground Systems Liaison","Heven AeroTech","Washington, DC","","$65,000 - $100,000 (yearly)",jobspy_indeed,https://www.indeed.com/viewjob?jk=15cdd506bc260ec4,"","2026-06-01"
0,"","MEDICAL RECORDS TECH (CODER) Auditor (Outpatient)","US Department of Veterans Affairs","Washington, DC","","$70,623 - $91,815 (yearly)",jobspy_indeed,https://www.indeed.com/viewjob?jk=079e6c7699b53f55,"","2026-06-01"
0,"","Commercial Construction Laborer","Furbish Co","Washington, DC","","$21 - $28 (hourly)",jobspy_indeed,https://www.indeed.com/viewjob?jk=0cd6b5c6a554b7c5,"","2026-06-01"
0,"","Board Certified Behavior Analyst","A Plus ABA","Washington, DC","","$80,000 - $125,000 (yearly)",jobspy_indeed,https://www.indeed.com/viewjob?jk=b22417ed293034c3,"","2026-05-31"
0,"","Energy Consultant","Nova Renewables","Washington, DC","","$120,000 - $140,000 (yearly)",jobspy_indeed,https://www.indeed.com/viewjob?jk=dae65ec43e7063ef,"","2026-05-30"
0,"","Licensed Veterinary Technician","nan","Washington, DC","","$20 - $35 (hourly)",jobspy_indeed,https://www.indeed.com/viewjob?jk=4b645053716d0228,"","2026-05-30"
0,"","Electrical Engineer","SimVentions","Washington, DC","","$85,000 - $105,000 (yearly)",jobspy_indeed,https://www.indeed.com/viewjob?jk=e17e4d11075b357f,"","2026-05-29"
0,"","Data Center Controls Tech, Deployment","Amazon.com","Washington, DC","","$32 - $57 (hourly)",jobspy_indeed,https://www.indeed.com/viewjob?jk=0d782e955a2e263a,"","2026-05-29"
0,"","Veterinary Assistant","England Run Veterinary Clinic","Washington, DC","","$19 - $21 (hourly)",jobspy_indeed,https://www.indeed.com/viewjob?jk=d79bb942681050c3,"","2026-05-29"
0,"","Data Center Technician, DCC Communities","Amazon.com","Washington, DC","","$27 - $48 (hourly)",jobspy_indeed,https://www.indeed.com/viewjob?jk=fd344c3457e14c08,"","2026-05-29"
0,"","CNA/CMT","Abic HealthCare Services","Washington, DC","","$16 - $17 (hourly)",jobspy_indeed,https://www.indeed.com/viewjob?jk=8606ab8e9ee7e0c2,"","2026-05-29"
0,"","Registered Behavior Technician (RBT)","Galaxy ABA Therapy","Washington, DC","","$23 - $25 (hourly)",jobspy_indeed,https://www.indeed.com/viewjob?jk=f58ef5730a297af6,"","2026-05-29"
0,"","Infrastructure Planning Mgr, Global Network Deployment","Amazon.com","Washington, DC","","$145,400 - $254,500 (yearly)",jobspy_indeed,https://www.indeed.com/viewjob?jk=488012dbcc425404,"","2026-05-28"
0,"","Senior Manager, Design","Nando's PERi-PERi","Washington, DC","","$100,000 - $140,000 (yearly)",jobspy_indeed,https://www.indeed.com/viewjob?jk=52a1d0ea0fd5fa17,"","2026-05-20"
0,"","Behavior Analyst (BCBA Required) - WFH Days & Flex Scheduling!","Autism Learning Partners","Washington, DC","","$85,000 - $100,000 (yearly)",jobspy_indeed,https://www.indeed.com/viewjob?jk=3fafb5b53759059d,"","2026-05-13"
0,"","Overnight Veterinary Assistant - Tulare-Kings Veterinary Emergency Services","PetVet Care Centers","United States","","$17 - $20 (hourly)",jobspy_indeed,https://www.indeed.com/viewjob?jk=c194283f553ee249,"","2026-06-01"
0,"","Emergency Veterinarian- Northside Emergency Pet Clinic","PetVet Care Centers","United States","","$160,000 - $185,000 (yearly)",jobspy_indeed,https://www.indeed.com/viewjob?jk=08541aaf2116036e,"","2026-06-01"
0,"","Nursing Trainer - Brookhaven, GA","VEG ER for Pets","United States","","",jobspy_indeed,https://www.indeed.com/viewjob?jk=1b7c2f9f93eb50d6,"","2026-06-01"
0,"","Pharmacist Lead","Allina Health","United States","","$68 - $95 (hourly)",jobspy_indeed,https://www.indeed.com/viewjob?jk=9631ff9813b2f84d,"","2026-06-01"
0,"","Board Certified Behavior Analyst - $10,000 Student Loan Repayment!","Ivy Rehab Network","United States","","",jobspy_indeed,https://www.indeed.com/viewjob?jk=549ebd272b281227,"","2026-06-01"
0,"","Registered Behavior Technician (RBT) Spanish Speaking","Blue Gems ABA","United States","","$20 - $26 (hourly)",jobspy_indeed,https://www.indeed.com/viewjob?jk=1e0663a2b170a3df,"","2026-06-01"
0,"","Registered Behavior Technician (RBT)","Blue Gems ABA","United States","","$20 - $25 (hourly)",jobspy_indeed,https://www.indeed.com/viewjob?jk=d26e473344ab8c5f,"","2026-06-01"
0,"","LVN Charge Nurse","Belmont Village","United States","","",jobspy_indeed,https://www.indeed.com/viewjob?jk=fcff3916eaba450b,"","2026-06-01"
0,"","Medication Technician","Belmont Village","United States","","",jobspy_indeed,https://www.indeed.com/viewjob?jk=f26a498abbcb80a0,"","2026-06-01"
0,"","Behavior Technician (BT/RBT)","HealthPRO Heritage","United States","","$22 - $26 (hourly)",jobspy_indeed,https://www.indeed.com/viewjob?jk=f3261db7b20659e5,"","2026-06-01"
0,"","Acute Care Technician - Med Surg Oncology","TriHealth Inc.","United States","","",jobspy_indeed,https://www.indeed.com/viewjob?jk=4dd7a03686c8c122,"","2026-06-01"
0,"","Sterile Processing Supervisor - Twin Cities Orthopedics","Twin Cities Orthopedics","United States","","$27 - $41 (hourly)",jobspy_indeed,https://www.indeed.com/viewjob?jk=f16a334e7cea141f,"","2026-06-01"
0,"","Sterile Processing Technician - Twin Cities Orthopedics","nan","United States","","$20 - $31 (hourly)",jobspy_indeed,https://www.indeed.com/viewjob?jk=469068baf8e9a319,"","2026-06-01"
0,"","Doctor's Technician","Stanton Optical","United States","","",jobspy_indeed,https://www.indeed.com/viewjob?jk=e5006012df834fc0,"","2026-06-01"
0,"","Manufacturing Technician - Wax Injection - 2nd Shift","Precision CastParts","United States","","$18 - $22 (hourly)",jobspy_indeed,https://www.indeed.com/viewjob?jk=1acaa788e4c2d1d2,"","2026-06-01"
0,"","Mechatronics and Robotics Technician","Agricision","United States","","$29 - $35 (hourly)",jobspy_indeed,https://www.indeed.com/viewjob?jk=c28d6ecacaf06fe1,"","2026-06-01"
0,"","QA MANAGER","PHILLIP CABLE MFR","United States","","$25 - $35 (hourly)",jobspy_indeed,https://www.indeed.com/viewjob?jk=9122fb90450df4be,"","2026-06-01"
0,"","Product Engineer","Moog, Inc","United States","","$105,000 - $135,000 (yearly)",jobspy_indeed,https://www.indeed.com/viewjob?jk=6744e709322f31df,"","2026-06-01"
0,"","Environmental Technician 1","Atlas Technical Consultants","United States","","",jobspy_indeed,https://www.indeed.com/viewjob?jk=cca06c20068bfdc9,"","2026-05-29"
0,"","Medical Records Technician (CDIS - Outpatient and Inpatient)","US Department of Veterans Affairs","Remote","","$61,722 - $80,243 (yearly)",jobspy_indeed,https://www.indeed.com/viewjob?jk=1470f17f6193bbc2,"","2026-05-23"
0,"","Field Support Veterinarian- New Jersey and New York","Encore Vet Group","Remote","","$120,000 - $160,000 (yearly)",jobspy_indeed,https://www.indeed.com/viewjob?jk=535733e966eb8c16,"","2026-05-01"
0,"","Field Support Veterinarian- North and South Carolina","Encore Vet Group","Remote","","$120,000 - $160,000 (yearly)",jobspy_indeed,https://www.indeed.com/viewjob?jk=9e353ca425d01359,"","2025-07-25"
0,"","SAP Tax Manager, Global Trade Services (GTS)","Deloitte","Chicago, Illinois","","$108,430 - $246,870 (yearly)",jobspy_indeed,https://www.indeed.com/viewjob?jk=82fecfb4b23b1490,"","2026-05-27"
0,"","CNC Operator 2nd Shift","Rohrer Corporation","Chicago, Illinois","","$25 - $30 (hourly)",jobspy_indeed,https://www.indeed.com/viewjob?jk=b100986f42e0f97a,"","2026-05-27"
0,"","SAP Tax Manager, Global Trade Services (GTS)","Deloitte","New York, New York","","$108,430 - $246,870 (yearly)",jobspy_indeed,https://www.indeed.com/viewjob?jk=6623f47ba5d2ce3e,"","2026-05-27"
0,"","SAP Tax Manager, Global Trade Services (GTS)","Deloitte","Boston, Massachusetts","","$108,430 - $246,870 (yearly)",jobspy_indeed,https://www.indeed.com/viewjob?jk=03f5b66ebc642567,"","2026-05-27"
0,"","SAP Tax Manager, Global Trade Services (GTS)","Deloitte","Los Angeles, California","","$108,430 - $246,870 (yearly)",jobspy_indeed,https://www.indeed.com/viewjob?jk=667b030346866632,"","2026-05-27"
0,"","SAP Tax Manager, Global Trade Services (GTS)","Deloitte","Washington, DC","","$108,430 - $246,870 (yearly)",jobspy_indeed,https://www.indeed.com/viewjob?jk=531e247a3b4cee95,"","2026-05-27"
0,"","Associate Creative Technologist","Quince Imaging","Washington, DC","","$15 - $23 (hourly)",jobspy_indeed,https://www.indeed.com/viewjob?jk=c7267c12f852d636,"","2026-05-26"
0,"","Manual Machinist","Conductix-Wampfler","United States","","",jobspy_indeed,https://www.indeed.com/viewjob?jk=9f541b90bbd9dc2b,"","2026-06-01"
0,"","CAD/CAM Engineer","Precinmac","United States","","",jobspy_indeed,https://www.indeed.com/viewjob?jk=3f3c86a5ac6cffb6,"","2026-05-29"
0,"","Media Server (Disguise) Development Opportunity","Crossroads Church","United States","","",jobspy_indeed,https://www.indeed.com/viewjob?jk=ff306de45fc14446,"","2026-05-28"
0,"","Stagehand - RockForce - Colorado Springs, CO","RockForce","United States","","",jobspy_indeed,https://www.indeed.com/viewjob?jk=ae82465f01d91144,"","2026-05-29"
0,"","Part Time Stagehand","The Hearst Corporation","United States","","",jobspy_indeed,https://www.indeed.com/viewjob?jk=40bec412551ee741,"","2026-05-29"
0,"","Operations Technician","The Hearst Corporation","United States","","",jobspy_indeed,https://www.indeed.com/viewjob?jk=2d863446592e16ba,"","2026-05-28"
0,"","Stagehand","Legends Global","United States","","",jobspy_indeed,https://www.indeed.com/viewjob?jk=5f604868d7278a30,"","2026-05-28"
0,"","Stagehands","Legends Global","United States","","",jobspy_indeed,https://www.indeed.com/viewjob?jk=af9680d7fb5e2d57,"","2026-05-27"
0,"","Stage Hand - Part-time","Southwest Audio Visual, Inc","United States","","",jobspy_indeed,https://www.indeed.com/viewjob?jk=f4d5af1c5bd582b5,"","2026-05-28"
0,"","Production Assistant","THE J","United States","","$15 - $16 (hourly)",jobspy_indeed,https://www.indeed.com/viewjob?jk=48a708b7d3b5808c,"","2026-05-27"
0,"","Stagehand - Off Season","Rhino Staging","United States","","",jobspy_indeed,https://www.indeed.com/viewjob?jk=26dfab6d0490bf0f,"","2026-05-26"
0,"","Stage Hand","Hard Rock International","United States","","",jobspy_indeed,https://www.indeed.com/viewjob?jk=a27eb12792c08951,"","2026-04-02"
0,"","Maintenance Technician","PlanetArt","Chicago, Illinois","","$26 - $28 (yearly)",jobspy_indeed,https://www.indeed.com/viewjob?jk=f8f51b56aef80984,"","2026-05-28"
0,"","Equipment Maintenance Manager","Baxter","Chicago, Illinois","","$104,000 - $143,000 (yearly)",jobspy_indeed,https://www.indeed.com/viewjob?jk=9474506c93501d82,"","2026-05-15"
0,"","Facilities Manager","San Francisco Playhouse","San Francisco, California","","",jobspy_indeed,https://www.indeed.com/viewjob?jk=b169f58aca5ca766,"","2026-05-30"
0,"","Operator","DOW","San Francisco, California","","$25 - $42 (hourly)",jobspy_indeed,https://www.indeed.com/viewjob?jk=fbca6878755595a5,"","2026-05-26"
0,"","Emergency Veterinarian","BluePearl Pet Hospital","Boston, Massachusetts","","",jobspy_indeed,https://www.indeed.com/viewjob?jk=93a241b2d0dd04e4,"","2026-05-29"
0,"","Facilities Technician- Production, Manufacturing, 1st Shift Hours: 6:30am to 3pm, Monday thru Friday, Bristol, RI","Saint-Gobain","Boston, Massachusetts","","$24 - $34 (hourly)",jobspy_indeed,https://www.indeed.com/viewjob?jk=cae720a653bf6598,"","2026-05-29"
0,"","Event Technician","Fidelity TalentSource","Boston, Massachusetts","","$35 - $40 (hourly)",jobspy_indeed,https://www.indeed.com/viewjob?jk=d57ed2a95872464f,"","2026-05-28"
0,"","Wafer Technician B (2nd Shift 11am-7:30pm)","Draper","Boston, Massachusetts","","",jobspy_indeed,https://www.indeed.com/viewjob?jk=0fcd1d3cd23ed41a,"","2026-05-27"
0,"","Senior Quality Technician","Munters","Boston, Massachusetts","","$25 - $39 (hourly)",jobspy_indeed,https://www.indeed.com/viewjob?jk=66b6c5bc630b157a,"","2026-05-26"
0,"","Clinical Nurse Manager – Ambulatory Cardiology- 40hr Days","Beth Israel Lahey Health","Boston, Massachusetts","","$150,000 - $220,000 (yearly)",jobspy_indeed,https://www.indeed.com/viewjob?jk=1025097c403363c7,"","2026-05-26"
0,"","Sr. Manager - Manufacturing","Toyota Racing Development USA","Los Angeles, California","","$176,000 - $305,000 (yearly)",jobspy_indeed,https://www.indeed.com/viewjob?jk=0f61c16e88a1ad91,"","2026-05-29"
0,"","Planning Technician","City of Manhattan Beach, CA","Los Angeles, California","","$76,632 - $97,812 (yearly)",jobspy_indeed,https://www.indeed.com/viewjob?jk=a803ba9e44266d06,"","2026-05-29"
0,"","Sr. Manager - Manufacturing","Toyota North America","Los Angeles, California","","$176,400 - $305,800 (yearly)",jobspy_indeed,https://www.indeed.com/viewjob?jk=c5feb8d5ceb4cfd4,"","2026-05-27"
0,"","CNC Tool Tech","Orchid Orthopedic Solutions","Los Angeles, California","","$22 - $28 (hourly)",jobspy_indeed,https://www.indeed.com/viewjob?jk=6dad76778cc78736,"","2026-05-27"
0,"","Machine Operator I - 12 hour Night Shift","Amcor","Los Angeles, California","","$21 - $32 (hourly)",jobspy_indeed,https://www.indeed.com/viewjob?jk=ba9e5aceb38490e8,"","2026-05-26"
0,"","Field Marketing & Partnerships Manager","Magnolia","Los Angeles, California","","$70,000 - $85,000 (yearly)",jobspy_indeed,https://www.indeed.com/viewjob?jk=6a17d3cdc747f0e9,"","2026-05-26"
0,"","Supervisor, Security","Hard Rock International","Los Angeles, California","","",jobspy_indeed,https://www.indeed.com/viewjob?jk=c0e6f4b1cbbca33c,"","2026-05-26"
0,"","Emergency Response Technician - Casino Security","Hard Rock International","Los Angeles, California","","",jobspy_indeed,https://www.indeed.com/viewjob?jk=fee5b5c6331fadb6,"","2026-05-26"
0,"","Spa Nail Technician","Hard Rock International","Los Angeles, California","","",jobspy_indeed,https://www.indeed.com/viewjob?jk=a3fa2b3542f74bf2,"","2026-04-03"
0,"","Lead HVAC Technician - Facilities & Maintenance","Hard Rock International","Los Angeles, California","","",jobspy_indeed,https://www.indeed.com/viewjob?jk=45146a6319bbba4f,"","2026-03-19"
0,"","In-House Nail Technician","Apres Nail","Los Angeles, California","","$80,000 - $90,000 (yearly)",jobspy_indeed,https://www.indeed.com/viewjob?jk=ee789c5771c3b967,"","2026-05-26"
0,"","Testing Technician","Avon Protection plc","United States","","$25 - $32 (hourly)",jobspy_indeed,https://www.indeed.com/viewjob?jk=493984ef2153dc87,"","2026-06-01"
0,"","Sous Chef","Ohio Living","United States","","",jobspy_indeed,https://www.indeed.com/viewjob?jk=7cb7848f928c466d,"","2026-06-01"
0,"","Apprentice Traffic Signal Tech","City of Loveland - Loveland, CO","United States","","",jobspy_indeed,https://www.indeed.com/viewjob?jk=7f1eecf4cc8767d6,"","2026-06-01"
0,"","Set Technician","MrBeast","United States","","",jobspy_indeed,https://www.indeed.com/viewjob?jk=151d5062cd3afd6e,"","2026-06-01"
0,"","Electrical Engineering Technician","Amcor","United States","","",jobspy_indeed,https://www.indeed.com/viewjob?jk=903aaeb090b45a1a,"","2026-06-01"
0,"","Poly Technician","Amcor","United States","","",jobspy_indeed,https://www.indeed.com/viewjob?jk=c0e03bff5cd79a3b,"","2026-05-31"
0,"","Production Technician","Graceway","United States","","",jobspy_indeed,https://www.indeed.com/viewjob?jk=181f490b7a6f55eb,"","2026-06-01"
0,"","Ford Certified Technician LHM Ford Lakewood","Asbury Automotive Group","United States","","$75,000 - $150,000 (yearly)",jobspy_indeed,https://www.indeed.com/viewjob?jk=5cfc1676359bed5a,"","2026-06-01"
0,"","Experience Automotive Technician LHM Ford Lakewood","Asbury Automotive Group","United States","","$65,000 - $100,000 (yearly)",jobspy_indeed,https://www.indeed.com/viewjob?jk=7b3ccf446245cbe2,"","2026-06-01"
0,"","Experienced Automotive Technician LHM CO Jeep","Asbury Automotive Group","United States","","$65,000 - $100,000 (yearly)",jobspy_indeed,https://www.indeed.com/viewjob?jk=9455e0ea7ec86b95,"","2026-05-31"
0,"","Production Worker","GALLO","United States","","$18 - $24 (hourly)",jobspy_indeed,https://www.indeed.com/viewjob?jk=4ca468a9af801217,"","2026-05-31"
0,"","Director of Manufacturing","GRAND RIVER ASEPTIC MANUFACTURING, INC.","United States","","",jobspy_indeed,https://www.indeed.com/viewjob?jk=75fcbe1c1fd9ebfc,"","2026-05-30"
0,"","Assembler - 1st Shift","Molex","United States","","",jobspy_indeed,https://www.indeed.com/viewjob?jk=689bc31650f60974,"","2026-05-30"
0,"","Phlebotomy Technician- Inpatient (Full Time/Night Shift)","Penn Medicine","United States","","",jobspy_indeed,https://www.indeed.com/viewjob?jk=e937ff1cfa9811e1,"","2026-05-29"
0,"","AV Technician | Part-Time | Hilliard Center","Oak View Group","United States","","$15 - $16 (hourly)",jobspy_indeed,https://www.indeed.com/viewjob?jk=cb0a8afae67d8625,"","2026-05-29"
0,"","Experienced Automotive Technician LHM Volkswagen Lakewood","Asbury Automotive Group","United States","","$35 - $45 (hourly)",jobspy_indeed,https://www.indeed.com/viewjob?jk=8257f127faf1e69c,"","2026-05-29"
0,"","Sr. Ceramic Process Engineer","Knowles Corporation","United States","","$90,000 - $125,000 (yearly)",jobspy_indeed,https://www.indeed.com/viewjob?jk=0183cb5492ffb3c2,"","2026-05-11"
0,"","Experienced Veterinarian – Evening Emergency & Urgent Care | No Overnights or Weekends","Copeland Veterinary Hospital","United States","","$120,000 - $160,000 (yearly)",jobspy_indeed,https://www.indeed.com/viewjob?jk=00d118950721234b,"","2026-05-01"
0,"","Critical Environment Program Manager","Microsoft","United States","","$102,600 - $225,800 (yearly)",jobspy_indeed,https://www.indeed.com/viewjob?jk=d39114f13ed4d923,"","2026-03-25"
0,"","Principal / Sr. Principal Electronics Engineer","Northrop Grumman","Chicago, Illinois","","$108,800 - $203,600 (yearly)",jobspy_indeed,https://www.indeed.com/viewjob?jk=c12b93d66458c6ae,"","2026-05-25"
0,"","RF Test Technician","Wireless Telecom Group, Inc.","New York, New York","","$32 - $38 (hourly)",jobspy_indeed,https://www.indeed.com/viewjob?jk=028a9fc499583d02,"","2026-05-29"
0,"","RADIO REPAIR MECHANIC","police department","New York, New York","","$482 - $490 (monthly)",jobspy_indeed,https://www.indeed.com/viewjob?jk=563d4eae0a32dd7d,"","2026-05-27"
0,"","RF Foreman","Premier Construction","New York, New York","","$30 - $42 (hourly)",jobspy_indeed,https://www.indeed.com/viewjob?jk=e92129d1dc8eae5a,"","2026-05-27"
0,"","Tower Technician","Premier Construction","New York, New York","","$18 - $30 (hourly)",jobspy_indeed,https://www.indeed.com/viewjob?jk=25da3c5c5089b019,"","2026-05-27"
0,"","Antenna/RCS Range Technician","BAE Systems USA","New York, New York","","$51,941 - $83,107 (yearly)",jobspy_indeed,https://www.indeed.com/viewjob?jk=8726882cf2ec6019,"","2026-05-26"
0,"","Radio Technician","PierCon Solutions","New York, New York","","$18 - $40 (hourly)",jobspy_indeed,https://www.indeed.com/viewjob?jk=bbe45450736d7975,"","2026-05-26"
0,"","Laborer/Technician","Wireless Sites NE","New York, New York","","$18 - $22 (hourly)",jobspy_indeed,https://www.indeed.com/viewjob?jk=8a9afa61e330b232,"","2026-05-26"
0,"","RF Test Technician III","Mercury Systems","New York, New York","","$44,000 - $103,800 (yearly)",jobspy_indeed,https://www.indeed.com/viewjob?jk=2445b2c4881384b1,"","2026-05-19"
0,"","Calibration Technician C","Simco Electronics","San Francisco, California","","$35 - $40 (hourly)",jobspy_indeed,https://www.indeed.com/viewjob?jk=e835d9ed93d32786,"","2026-05-29"
0,"","Manufacturing Engineer - Equipment Engineering","Schneller","San Francisco, California","","$75,000 - $110,000 (yearly)",jobspy_indeed,https://www.indeed.com/viewjob?jk=52b38005c8384d74,"","2026-05-29"
0,"","Electronic Equipment Technician","Schneller","San Francisco, California","","$35 - $45 (hourly)",jobspy_indeed,https://www.indeed.com/viewjob?jk=9fa724563bdbd090,"","2026-05-26"
0,"","Instrumentation Telemetry and Radio Technician/Engineer","archer","San Francisco, California","","$151,680 - $240,000 (yearly)",jobspy_indeed,https://www.indeed.com/viewjob?jk=2fae60356f08ffb4,"","2026-05-26"
0,"","Antenna Test Lab Specialist, Satellites (Starlink)","SpaceX","Seattle, Washington","","$32 - $50 (hourly)",jobspy_indeed,https://www.indeed.com/viewjob?jk=fc7c476895baa5bd,"","2026-05-28"
0,"","Broadband Technician I, II or III","Astound","Seattle, Washington","","$20 - $30 (hourly)",jobspy_indeed,https://www.indeed.com/viewjob?jk=3dde552986491406,"","2026-05-28"
0,"","Field Telecommunications Technician","SONIFI","Seattle, Washington","","$25 - $32 (hourly)",jobspy_indeed,https://www.indeed.com/viewjob?jk=2c7df1be98a117e9,"","2026-05-26"
0,"","Tower Technician","CED Systems","Seattle, Washington","","",jobspy_indeed,https://www.indeed.com/viewjob?jk=ebbc38f709616b64,"","2026-05-26"
0,"","Tower Foreman","CED Systems","Seattle, Washington","","",jobspy_indeed,https://www.indeed.com/viewjob?jk=411f7ecfe6d9cf0f,"","2025-10-26"
0,"","RF Metrologist","Fluke","Seattle, Washington","","$101,200 - $169,050 (yearly)",jobspy_indeed,https://www.indeed.com/viewjob?jk=39ffb09c8ae99fdd,"","2026-05-19"
0,"","Starlink Aviation Integration Technician","SpaceX","Seattle, Washington","","$23 - $40 (hourly)",jobspy_indeed,https://www.indeed.com/viewjob?jk=4c378c39e9ef9354,"","2026-04-30"
0,"","RF Engineer","GeoLogics Corporation","Boston, Massachusetts","","$85 - $115 (hourly)",jobspy_indeed,https://www.indeed.com/viewjob?jk=83e379b740cdd5ba,"","2026-06-01"
0,"","Metrology Technician II","TestEquity LLC","Boston, Massachusetts","","",jobspy_indeed,https://www.indeed.com/viewjob?jk=98be45664725d639,"","2026-05-29"
0,"","RF Technician","Renaissance Electronics & Communications","Boston, Massachusetts","","$25 - $30 (hourly)",jobspy_indeed,https://www.indeed.com/viewjob?jk=8d4268af7e14ac99,"","2026-05-29"
0,"","Second Shift Signal Integrity Lab Technician (Mon-Fri 3pm to 11:30pm)","Amphenol","Boston, Massachusetts","","",jobspy_indeed,https://www.indeed.com/viewjob?jk=5f6a0cc4069017fe,"","2026-05-26"
0,"","Mechanical Integrity Technician","Amphenol","Boston, Massachusetts","","",jobspy_indeed,https://www.indeed.com/viewjob?jk=f5d92631127252e9,"","2026-05-26"
0,"","RF Test Technician","Mercury Systems","Boston, Massachusetts","","$50,600 - $119,400 (yearly)",jobspy_indeed,https://www.indeed.com/viewjob?jk=262122e1943c33e3,"","2026-05-26"
0,"","Electrical Engineer","nan","Boston, Massachusetts","","$100,000 - $150,000 (yearly)",jobspy_indeed,https://www.indeed.com/viewjob?jk=d9073683c5c7e9df,"","2026-05-26"
0,"","RF Engineer - Production Support - Chelmsford, MA","Lockheed Martin","Boston, Massachusetts","","$82,900 - $165,255 (yearly)",jobspy_indeed,https://www.indeed.com/viewjob?jk=24451a4bd24e86d5,"","2026-05-25"
0,"","Electronics Test Technician - 1st Shift","Raytheon","Boston, Massachusetts","","",jobspy_indeed,https://www.indeed.com/viewjob?jk=e9a65ee2a974e97a,"","2026-05-25"
0,"","RF Test Technician","Motive Companies","Los Angeles, California","","$26 - $29 (hourly)",jobspy_indeed,https://www.indeed.com/viewjob?jk=e04d602abdf61c9e,"","2026-06-01"
0,"","Microwave Transport Radio Tech Level 1 and 2","Aztecs Telecom","Los Angeles, California","","$22 - $34 (hourly)",jobspy_indeed,https://www.indeed.com/viewjob?jk=f8683a38e8c6cad1,"","2026-05-31"
0,"","Senior Avionics Integration and Test Technician","inversion","Los Angeles, California","","$47 - $61 (hourly)",jobspy_indeed,https://www.indeed.com/viewjob?jk=cbfa0c4e3a4a2f69,"","2026-05-29"
0,"","Senior Security Service/Technician/Manager with Sales opportunity","ANDTECH CORPORATION","Los Angeles, California","","$75,000 - $145,000 (yearly)",jobspy_indeed,https://www.indeed.com/viewjob?jk=b3da871a139a2ab3,"","2026-05-30"
0,"","Principal Reliability/FA Engineer","Skyworks Solutions","Los Angeles, California","","$129,400 - $247,800 (yearly)",jobspy_indeed,https://www.indeed.com/viewjob?jk=7a46327d9f7ebcdc,"","2026-05-29"
0,"","Sr. Hardware Reliability Engineer (Starshield)","SpaceX","Los Angeles, California","","$140,000 - $205,000 (yearly)",jobspy_indeed,https://www.indeed.com/viewjob?jk=d15b4f9f06056152,"","2026-05-28"
0,"","Sr. PCB Designer","SpaceX","Los Angeles, California","","$140,000 - $205,000 (yearly)",jobspy_indeed,https://www.indeed.com/viewjob?jk=83bdc4e8c3f55efb,"","2026-05-28"
0,"","Repair Technician 1 - Camera Lenses","Canon","Los Angeles, California","","$17 - $25 (hourly)",jobspy_indeed,https://www.indeed.com/viewjob?jk=58f36c6299ca2e29,"","2026-05-28"
0,"","RF Test Technician 2nd Shift","Stellant Systems, Inc.","Los Angeles, California","","$31 - $41 (hourly)",jobspy_indeed,https://www.indeed.com/viewjob?jk=ac321eac42db2386,"","2026-05-27"
0,"","Raytheon Full-Time Electrical Engineer II (Onsite)","Raytheon","Los Angeles, California","","$75,800 - $144,200 (yearly)",jobspy_indeed,https://www.indeed.com/viewjob?jk=f3a4780b83e7fae1,"","2026-05-27"
0,"","Technician I","QuinStar Technology","Los Angeles, California","","",jobspy_indeed,https://www.indeed.com/viewjob?jk=3e40ba1974bee1cd,"","2026-05-27"
0,"","Fiber Technician II","IES Communications","Los Angeles, California","","$25 - $32 (hourly)",jobspy_indeed,https://www.indeed.com/viewjob?jk=c167392cafad3d5e,"","2026-01-30"
0,"","Repair Technician","Simco Electronics","Washington, DC","","",jobspy_indeed,https://www.indeed.com/viewjob?jk=19774991c7033819,"","2026-05-29"
0,"","Wireless In-Building Technician II","Ridge Equipment","Washington, DC","","$28 - $35 (hourly)",jobspy_indeed,https://www.indeed.com/viewjob?jk=d4c178ff73d849cf,"","2026-05-29"
0,"","ITS Technician I","Maryland Department of Transportation","Washington, DC","","$65,482 - $79,673 (yearly)",jobspy_indeed,https://www.indeed.com/viewjob?jk=9bba83b5557bb823,"","2026-05-28"
0,"","Electronics Technician","Motorola Solutions","Washington, DC","","",jobspy_indeed,https://www.indeed.com/viewjob?jk=1b4fb0340f28a3c0,"","2026-05-27"
0,"","Test Engineering Technician","SOSi","Washington, DC","","",jobspy_indeed,https://www.indeed.com/viewjob?jk=fb6505316e420d1d,"","2026-05-26"
0,"","Electrical Engineer, Lead","AMERICAN SYSTEMS","Washington, DC","","$100,000 - $180,000 (yearly)",jobspy_indeed,https://www.indeed.com/viewjob?jk=753ee0b4669ea034,"","2026-03-16"
0,"","Alarm System Technician / PSEP - Lenel","CACI International","Washington, DC","","$78,700 - $165,200 (yearly)",jobspy_indeed,https://www.indeed.com/viewjob?jk=aa71cfc20445dc89,"","2026-01-21"
0,"","RF Field Technician","Wireless Data Collections","United States","","$160 - $300 (daily)",jobspy_indeed,https://www.indeed.com/viewjob?jk=a784848d2680b208,"","2026-06-01"
0,"","Field Service Technician","Wi-Fiber, Inc.","United States","","$20 - $22 (hourly)",jobspy_indeed,https://www.indeed.com/viewjob?jk=bd0d0338d8e7ff1f,"","2026-06-01"
0,"","Wireless Installation Technician","Elite Cutover Connections, Inc.","United States","","$23 - $25 (hourly)",jobspy_indeed,https://www.indeed.com/viewjob?jk=42e5d2bb0afa4ad4,"","2026-06-01"
0,"","Senior System Technician (P25/Radio Communications)","AMK Services, LLC","United States","","$65,000 - $90,000 (yearly)",jobspy_indeed,https://www.indeed.com/viewjob?jk=d4ba2b1f5f2caa2c,"","2026-06-01"
0,"","Service Technician","Hotwire Communications","United States","","",jobspy_indeed,https://www.indeed.com/viewjob?jk=4281d6f5673666c3,"","2026-06-01"
0,"","Technical Support Engineer","Raytheon","United States","","$57,200 - $108,800 (yearly)",jobspy_indeed,https://www.indeed.com/viewjob?jk=1a2bbde2ace98786,"","2026-05-31"
0,"","Senior Calibration Technician- Must have a TS/SCI Poly","Raytheon","United States","","$68,900 - $131,100 (yearly)",jobspy_indeed,https://www.indeed.com/viewjob?jk=5f0b74c5bcd5430a,"","2026-05-31"
0,"","Field Support Technician","Badger Meter","United States","","",jobspy_indeed,https://www.indeed.com/viewjob?jk=c10b5005b5602378,"","2026-05-28"
0,"","Electronic Technician","Badger Meter","United States","","",jobspy_indeed,https://www.indeed.com/viewjob?jk=d7011b5dd22a1912,"","2026-04-16"
0,"","Engineering Technician (Starlink/Akoustis)","SpaceX","United States","","$22 - $43 (hourly)",jobspy_indeed,https://www.indeed.com/viewjob?jk=c9c4fcca9a8cb9e4,"","2026-04-30"
0,"","Network Coordinator","TJ Maxx","New York, New York","","$20 - $28 (hourly)",jobspy_indeed,https://www.indeed.com/viewjob?jk=7831e45541aa1965,"","2026-05-29"
0,"","Lead Training Coordinator (Days)","Cardinal Health","New York, New York","","$27 - $36 (hourly)",jobspy_indeed,https://www.indeed.com/viewjob?jk=e7637efec459a442,"","2026-05-28"
0,"","Finance & Operations Coordinator","Stony Brook University","New York, New York","","$70,000 - $80,000 (yearly)",jobspy_indeed,https://www.indeed.com/viewjob?jk=04f4e59514e17e3d,"","2026-05-28"
0,"","Yard Jockey - 3rd shift","None","San Francisco, California","","",jobspy_indeed,https://www.indeed.com/viewjob?jk=10f3e066eebef2ba,"","2026-05-27"
0,"","Temporary D/C Network Coordinator","TJ Maxx","Boston, Massachusetts","","$20 - $28 (hourly)",jobspy_indeed,https://www.indeed.com/viewjob?jk=7beb460fdc945504,"","2026-05-28"
0,"","Export Logistics Coordinator","Orly International","Los Angeles, California","","$20 - $22 (hourly)",jobspy_indeed,https://www.indeed.com/viewjob?jk=a1112aac49de958b,"","2026-05-30"
0,"","Medical Assistant – Wellness & Aesthetics","Beverly Hills Rejuvenation Center","Los Angeles, California","","$20 - $30 (hourly)",jobspy_indeed,https://www.indeed.com/viewjob?jk=6c7a509ae980a26d,"","2026-05-26"
0,"","Slotting Coordinator","Sysco","Washington, DC","","$20 - $30 (hourly)",jobspy_indeed,https://www.indeed.com/viewjob?jk=6cb89d1fd035c040,"","2026-05-29"
0,"","Test Engineer","General Dynamics Information Technology","Washington, DC","","$153,000 - $207,000 (yearly)",jobspy_indeed,https://www.indeed.com/viewjob?jk=6062e8131421d476,"","2026-05-29"
0,"","Inventory Control Coordinator","Owens & Minor","Washington, DC","","",jobspy_indeed,https://www.indeed.com/viewjob?jk=962d395c00c49440,"","2026-05-28"
0,"","Logistics Corrdinator","DSV","Washington, DC","","",jobspy_indeed,https://www.indeed.com/viewjob?jk=4a9b7a8d07fa56eb,"","2026-05-27"
0,"","Logistics Coordinator II","SCN BestCo","United States","","",jobspy_indeed,https://www.indeed.com/viewjob?jk=897b26ff3866000d,"","2026-06-01"
0,"","Warehouse Coordinator (Material Handler)","Morris Packaging","United States","","$21 - $23 (hourly)",jobspy_indeed,https://www.indeed.com/viewjob?jk=04deaff2ed038707,"","2026-05-31"
0,"","URBN Coordinator","URBN","United States","","",jobspy_indeed,https://www.indeed.com/viewjob?jk=2a51ad2849adff87,"","2026-05-29"
0,"","Shipping Office Supervisor","PVH Corp.","United States","","",jobspy_indeed,https://www.indeed.com/viewjob?jk=f3983d9b7505cd45,"","2026-05-29"
0,"","Order Picker Operator - 2nd shift - $18.10+/hr","Melaleuca","United States","","",jobspy_indeed,https://www.indeed.com/viewjob?jk=59baf247d25fb27d,"","2026-05-29"
0,"","Inventory Coordinator - Supply Chain","Emplify Health","United States","","",jobspy_indeed,https://www.indeed.com/viewjob?jk=7de193cc63951fb8,"","2026-05-29"
0,"","Warehouse Material Handler 3rd Shift","Saputo","United States","","$28 - $33 (hourly)",jobspy_indeed,https://www.indeed.com/viewjob?jk=8f868c6fb0ac2760,"","2026-05-29"
0,"","Licensed Aesthetician / Patient Experience Coordinator","Dermacare Wellness Functional Health","United States","","$20 - $24 (hourly)",jobspy_indeed,https://www.indeed.com/viewjob?jk=8f23a8dc271dcc5f,"","2026-05-29"
0,"","Operations Coordinator","Foster","United States","","",jobspy_indeed,https://www.indeed.com/viewjob?jk=214fbc065c15f3f5,"","2026-05-29"
0,"","Warehouse Inventory Control Coordinator - Evening Shift","Juliska","United States","","$16 - $18 (hourly)",jobspy_indeed,https://www.indeed.com/viewjob?jk=29eddb8f80542533,"","2026-05-29"
0,"","Warehouse Coordinator II","Levi Strauss","United States","","",jobspy_indeed,https://www.indeed.com/viewjob?jk=7801fd233222f955,"","2026-04-27"
0,"","Production Coordinator","Quintech Electronics and Communications","United States","","",jobspy_indeed,https://www.indeed.com/viewjob?jk=f88e39230a5ac9f1,"","2026-05-28"
0,"","Site Training Coordinator","Kenco Group","United States","","",jobspy_indeed,https://www.indeed.com/viewjob?jk=6f47935077879298,"","2026-05-28"
0,"","Human Resources Coordinator","Amphenol","United States","","$50,000 - $70,000 (yearly)",jobspy_indeed,https://www.indeed.com/viewjob?jk=07743da9cc3bdb15,"","2026-05-28"
0,"","Group Coordinator Lead","DHL","United States","","",jobspy_indeed,https://www.indeed.com/viewjob?jk=df14b56ba24dcccd,"","2026-05-20"
0,"","Sr. Technical Program Manager","Philo","San Francisco, California","","$175,000 - $230,000 (yearly)",jobspy_indeed,https://www.indeed.com/viewjob?jk=04c01bb1c16d4430,"","2026-05-28"
0,"","Encoding Engineer","Apple","San Francisco, California","","$182,600 - $274,500 (yearly)",jobspy_indeed,https://www.indeed.com/viewjob?jk=32f6eb36854c55b4,"","2026-02-15"
0,"","iOS Engineer, Ad Formats","OpenAI","San Francisco, California","","$230,000 - $385,000 (yearly)",jobspy_indeed,https://www.indeed.com/viewjob?jk=ec252fc5bbcc9fd7,"","2026-02-12"
0,"","Principal Video Infrastructure Engineer - Oracle Video Edge","Oracle","Seattle, Washington","","",jobspy_indeed,https://www.indeed.com/viewjob?jk=d2b95abf9f00cfb6,"","2026-05-21"
0,"","Mission Event Analyst - Sr Systems Engineer (Onsite)","Raytheon","Boston, Massachusetts","","$86,800 - $165,200 (yearly)",jobspy_indeed,https://www.indeed.com/viewjob?jk=161e4686bc309e03,"","2026-05-28"
0,"","Associate Media Engineer","Sony Pictures Entertainment","Los Angeles, California","","$40 - $48 (hourly)",jobspy_indeed,https://www.indeed.com/viewjob?jk=781c4d0575b5bb13,"","2026-05-29"
0,"","Video DE Engineer","Qualcomm","United States","","$122,500 - $183,700 (yearly)",jobspy_indeed,https://www.indeed.com/viewjob?jk=6d254c05d8b1ca72,"","2026-05-28"
0,"","Staff Operational Support Engineer","Dolby","United States","","$136,500 - $187,400 (yearly)",jobspy_indeed,https://www.indeed.com/viewjob?jk=c72a5e6322fe5a68,"","2026-05-28"
0,"","Video Infrastructure Engineer","Weather Group Television LLC","United States","","",jobspy_indeed,https://www.indeed.com/viewjob?jk=4620977ad264049b,"","2026-05-28"
0,"","Production Manager - Category 10 Las Vegas","Opry Entertainment Group","United States","","",jobspy_indeed,https://www.indeed.com/viewjob?jk=50e234d19b25c21d,"","2026-05-28"
0,"","Live Production Engineer","Sweetwater","United States","","",jobspy_indeed,https://www.indeed.com/viewjob?jk=b56cb6576f63c467,"","2026-05-28"
0,"","Junior Unreal / Simulation Rendering Engineer (Unreal Engine & UX for Synthetic Environments)","Maritime Tactical Systems","United States","","",jobspy_indeed,https://www.indeed.com/viewjob?jk=c27ebc4e06413874,"","2026-05-28"
0,"","Senior Media Applications Engineer, Audio & Media Technologies","Apple","United States","","$139,500 - $258,100 (yearly)",jobspy_indeed,https://www.indeed.com/viewjob?jk=ca10cb617b22f965,"","2026-05-26"
0,"","Lead Service Technician","ETC Florida","Chicago, Illinois","","$70,000 - $90,000 (yearly)",jobspy_indeed,https://www.indeed.com/viewjob?jk=2319543618983af9,"","2026-05-26"
0,"","Regional Sales Representative","Totalmedia","San Francisco, California","","$60,000 - $80,000 (yearly)",jobspy_indeed,https://www.indeed.com/viewjob?jk=125338820721f21c,"","2026-05-29"
0,"","Apprentice Union Installer","Pavion","Los Angeles, California","","",jobspy_indeed,https://www.indeed.com/viewjob?jk=9bec7156b1c4fb57,"","2026-06-01"
0,"","Technology Project Coordinator - Bond-Funded IT Programs LA Community Colleges","MAAS COMPANIES","Los Angeles, California","","$110,000 - $125,000 (yearly)",jobspy_indeed,https://www.indeed.com/viewjob?jk=0a822ad009d402cb,"","2026-05-27"
0,"","Sr. Field Service Technician","CACI International","Washington, DC","","$103,800 - $218,100 (yearly)",jobspy_indeed,https://www.indeed.com/viewjob?jk=edb9cd84385eac5d,"","2026-01-21"
0,"","AV Installation Technician","nan","United States","","$30 - $50 (hourly)",jobspy_indeed,https://www.indeed.com/viewjob?jk=a5f5c0e594b91ce6,"","2026-05-31"
0,"","Superintendent – Structured Cabling & Low Voltage Systems","ie Smart Systems","United States","","",jobspy_indeed,https://www.indeed.com/viewjob?jk=5c3141c17edba607,"","2026-05-29"
0,"","Security Installer / Audio/Video Technician","nan","United States","","$27 - $45 (hourly)",jobspy_indeed,https://www.indeed.com/viewjob?jk=7caaf5ecb76286d0,"","2026-05-28"
0,"","Lead Low Voltage Technician","Sync Me Up","United States","","$22 - $27 (hourly)",jobspy_indeed,https://www.indeed.com/viewjob?jk=83d24cfed53041c3,"","2026-05-27"
0,"","CAD Designer","KOLORMATIK","United States","","",jobspy_indeed,https://www.indeed.com/viewjob?jk=476e556e5a63ed61,"","2026-05-26"
0,"","Field Engineer","nan","United States","","",jobspy_indeed,https://www.indeed.com/viewjob?jk=231791fe73940f1f,"","2026-05-26"
0,"","Maintenance Technician - 2nd shift $33.50/hr","nan","United States","","",jobspy_indeed,https://www.indeed.com/viewjob?jk=44c4546a7c8f7602,"","2026-06-01"
0,"","Residential Electrical Dept Manager - Master Electrician","nan","United States","","",jobspy_indeed,https://www.indeed.com/viewjob?jk=bacffcf22ea038fe,"","2026-06-01"
0,"","Facility Infrastructure Subject Matter Expert","Scientific Research Corporation","United States","","",jobspy_indeed,https://www.indeed.com/viewjob?jk=eb63fd516fc9e4c6,"","2025-12-26"
0,"","Audio Visual IT Engineer 3","UC San Diego","United States","","$71,600 - $95,000 (yearly)",jobspy_indeed,https://www.indeed.com/viewjob?jk=de291383870f05f0,"","2025-11-19"
0,"","Maintenance Technician","nan","Chicago, Illinois","","$25 - $30 (hourly)",jobspy_indeed,https://www.indeed.com/viewjob?jk=63fd965baacbbcfc,"","2026-06-01"
0,"","Machine Maintenance Technician","GereMarie Corporation","Chicago, Illinois","","$30 - $45 (hourly)",jobspy_indeed,https://www.indeed.com/viewjob?jk=9bf6974cde1ef518,"","2026-06-01"
0,"","Service Technician","nan","Chicago, Illinois","","$18 - $40 (hourly)",jobspy_indeed,https://www.indeed.com/viewjob?jk=fb3ba92f94c53b41,"","2026-06-01"
0,"","Physical Security Installer II","Heartland Business Systems","Chicago, Illinois","","$23 - $28 (hourly)",jobspy_indeed,https://www.indeed.com/viewjob?jk=8331ccbf3d95d390,"","2026-05-29"
0,"","Security Systems Technician (CCTV / Access Control / Low Voltage) - Chicago, IL","Abstrakt Marketing Group","Chicago, Illinois","","$25 - $46 (hourly)",jobspy_indeed,https://www.indeed.com/viewjob?jk=d98dd3d730b1a34e,"","2026-05-29"
0,"","Senior Field Maintenance Manager","Waterway Carwash","Chicago, Illinois","","$90,000 - $110,000 (yearly)",jobspy_indeed,https://www.indeed.com/viewjob?jk=33f5bc40fb4a143f,"","2026-05-28"
0,"","Field Service Technician","Weichai America Corp.","Chicago, Illinois","","$38 - $46 (hourly)",jobspy_indeed,https://www.indeed.com/viewjob?jk=82e1007c0f47480f,"","2026-05-28"
0,"","CNC Maintenance Technician","GereMarie Corporation","Chicago, Illinois","","$35 - $45 (hourly)",jobspy_indeed,https://www.indeed.com/viewjob?jk=d2a725bebca4c131,"","2026-05-28"
0,"","Low Voltage Technician","Skilled Trades Services","Chicago, Illinois","","$23 - $29 (hourly)",jobspy_indeed,https://www.indeed.com/viewjob?jk=07fb1a17e59a3371,"","2026-05-27"
0,"","Maintenance Mechanic 2nd Shift","Taste of Nature, Inc.","Chicago, Illinois","","$23 - $28 (hourly)",jobspy_indeed,https://www.indeed.com/viewjob?jk=c948d88a7218f533,"","2026-05-27"
0,"","Field Service Technician","Accel Entertainment Gaming, LLC.","Chicago, Illinois","","$18 - $32 (hourly)",jobspy_indeed,https://www.indeed.com/viewjob?jk=2f8dcd28dfa6408c,"","2026-05-27"
0,"","part time field service technician","Environmental Futures, Inc.","Chicago, Illinois","","",jobspy_indeed,https://www.indeed.com/viewjob?jk=2d3563acc203c219,"","2026-05-26"
0,"","Service Infrastructure Technician","All Information Services, Inc. (AIS)","Chicago, Illinois","","",jobspy_indeed,https://www.indeed.com/viewjob?jk=c501dfa59eb0882f,"","2026-05-26"
0,"","Sr. Galaxy Maintenance Technician","Baxter","Chicago, Illinois","","$60,000 - $82,500 (yearly)",jobspy_indeed,https://www.indeed.com/viewjob?jk=b3405909b4682dad,"","2026-05-18"
0,"","Cable Puller","Emerging Solutions","New York, New York","","$26 - $32 (hourly)",jobspy_indeed,https://www.indeed.com/viewjob?jk=fe98cee7f1c2ba8c,"","2026-06-01"
0,"","Cable Technician","Metro fiber connection","New York, New York","","$900 - $2,000 (weekly)",jobspy_indeed,https://www.indeed.com/viewjob?jk=37a0d88ce237ad59,"","2026-06-01"
0,"","Low voltage technician/integrator","nan","New York, New York","","$20 - $25 (hourly)",jobspy_indeed,https://www.indeed.com/viewjob?jk=f3c0232af7d3d129,"","2026-06-01"
0,"","Field Service Technician FSR3","nan","New York, New York","","$90,000 - $140,000 (yearly)",jobspy_indeed,https://www.indeed.com/viewjob?jk=ece2d3fb8af4134e,"","2026-06-01"
0,"","Access Control and Security Installers","Kavlico Inc.","New York, New York","","$25 - $40 (hourly)",jobspy_indeed,https://www.indeed.com/viewjob?jk=eb4b57ee6764ce86,"","2026-05-31"
0,"","Fire Alarm Technician","Eagle wire and cable","New York, New York","","$30 - $45 (hourly)",jobspy_indeed,https://www.indeed.com/viewjob?jk=08493ee0e94aff8b,"","2026-05-29"
0,"","Access Control Technician","General Security Inc.","New York, New York","","$30 - $40 (hourly)",jobspy_indeed,https://www.indeed.com/viewjob?jk=93dbeafc062eb030,"","2026-05-28"
0,"","Pump Technician","GPM Pump Repair","New York, New York","","$30 - $40 (hourly)",jobspy_indeed,https://www.indeed.com/viewjob?jk=980ac163b4022f06,"","2026-05-28"
0,"","Technician","Mood Media","New York, New York","","$24 - $29 (hourly)",jobspy_indeed,https://www.indeed.com/viewjob?jk=071714b35a6052da,"","2026-05-27"
0,"","Fire Alarm Technician","OpSec Consulting","New York, New York","","$30 - $45 (hourly)",jobspy_indeed,https://www.indeed.com/viewjob?jk=43b260c80f81c7b5,"","2026-05-27"
0,"","Security / Access Control Technician","Urban City Telecommunications","New York, New York","","",jobspy_indeed,https://www.indeed.com/viewjob?jk=a11f2ada3ed51a21,"","2026-05-27"
0,"","Service Technician","TOTAL SECURITY","New York, New York","","$50,000 - $100,000 (yearly)",jobspy_indeed,https://www.indeed.com/viewjob?jk=942bdae6ec08b662,"","2026-05-27"
0,"","Lead Technician Process Mechanic","Wuxi Biologics","New York, New York","","$35 - $45 (hourly)",jobspy_indeed,https://www.indeed.com/viewjob?jk=dce1d648af6cfd1f,"","2026-05-26"
0,"","Security Installation Technician III","Allied Universal Technology Services","New York, New York","","$35 - $45 (hourly)",jobspy_indeed,https://www.indeed.com/viewjob?jk=54149dee87b8317b,"","2026-05-26"
0,"","Card Access and Video Surveillance Trainee","Q1 Security Solutions Inc","New York, New York","","$22 - $26 (hourly)",jobspy_indeed,https://www.indeed.com/viewjob?jk=62403a85b053c932,"","2026-05-26"
0,"","Lead Security Technician / Security Technician","Fountaine Information Systems, Inc.","San Francisco, California","","$30 - $50 (hourly)",jobspy_indeed,https://www.indeed.com/viewjob?jk=c59e24507dbdab76,"","2026-05-29"
0,"","Maintenance Technician I","Baxter","San Francisco, California","","$64,000 - $88,000 (yearly)",jobspy_indeed,https://www.indeed.com/viewjob?jk=96f9aeef462066fd,"","2026-05-28"
0,"","Sr. Fire Alarm Technician","RapidFire Safety & Security","San Francisco, California","","$65 - $76 (hourly)",jobspy_indeed,https://www.indeed.com/viewjob?jk=ddaa6a9c85c34be2,"","2026-05-28"
0,"","Alarm Technician","Bay Alarm","San Francisco, California","","$23 - $26 (hourly)",jobspy_indeed,https://www.indeed.com/viewjob?jk=699fb11152d0a4de,"","2026-05-28"
0,"","Surveillance Trailer Service Technician","AIR COMM","San Francisco, California","","",jobspy_indeed,https://www.indeed.com/viewjob?jk=b12e5af59959602b,"","2026-05-26"
0,"","Automotive Technician - Advanced/Tech 2 (LOCAL)","Formel D","San Francisco, California","","$30 - $37 (hourly)",jobspy_indeed,https://www.indeed.com/viewjob?jk=1bde3d887799f3ae,"","2026-05-26"
0,"","Heating, Ventilation, and Air Conditioning Installer Technician","HVAC Essentials","San Francisco, California","","$35 - $45 (hourly)",jobspy_indeed,https://www.indeed.com/viewjob?jk=0ee26e2681b1b38e,"","2026-05-26"
0,"","Electrician for Power Conversion and Camera Installation","SureM Inc.","San Francisco, California","","",jobspy_indeed,https://www.indeed.com/viewjob?jk=fda253d7470a6c4e,"","2026-05-26"
0,"","Low Voltage Technician","IES Communications","San Francisco, California","","$28 - $3,200 (monthly)",jobspy_indeed,https://www.indeed.com/viewjob?jk=0806e43410693865,"","2025-09-09"
0,"","Low Voltage/Data Center Technician","IES Communications","San Francisco, California","","$30 - $35 (hourly)",jobspy_indeed,https://www.indeed.com/viewjob?jk=89a31c26483a1c42,"","2024-09-21"
0,"","Alarm & Detection Technician","Western States Fire Protection Company","Seattle, Washington","","",jobspy_indeed,https://www.indeed.com/viewjob?jk=f71da6d8066f8dd3,"","2026-05-31"
0,"","Alarm Servce Technician","Brinks Home","Seattle, Washington","","$55,000 - $70,000 (yearly)",jobspy_indeed,https://www.indeed.com/viewjob?jk=9c03ac09ee9374ee,"","2026-05-29"
0,"","Lead Industrial Maintenance Tech IV Day Shift","Cornerstone Building Brands","Seattle, Washington","","$40 - $50 (hourly)",jobspy_indeed,https://www.indeed.com/viewjob?jk=2bf8bc006bac4753,"","2026-05-29"
0,"","Facilities Maintenance Technician","Eagle Beverage & Accessory Products","Seattle, Washington","","$32 - $40 (hourly)",jobspy_indeed,https://www.indeed.com/viewjob?jk=2f1cfb489b2faf73,"","2026-05-29"
0,"","Fleet Automotive Electronics Installer","DRIG Inc.","Seattle, Washington","","$30 - $60 (hourly)",jobspy_indeed,https://www.indeed.com/viewjob?jk=d6d1f992195246e4,"","2026-05-28"
0,"","Maintenance Mechanic II","SEKISUI Aerospace","Seattle, Washington","","$30 - $39 (hourly)",jobspy_indeed,https://www.indeed.com/viewjob?jk=c2f7244a0c26049c,"","2026-05-27"
0,"","Maintenance Technician 3 - Downtown Seattle","Nordstrom","Seattle, Washington","","$31 - $50 (hourly)",jobspy_indeed,https://www.indeed.com/viewjob?jk=ca08e8ae617da74a,"","2026-05-26"
0,"","Electronics Technician (50% travel)","TimeMission","Boston, Massachusetts","","$70,000 - $90,000 (yearly)",jobspy_indeed,https://www.indeed.com/viewjob?jk=b0ef02b17055c8ab,"","2026-06-01"
0,"","IT Field Service Technician","Wingman Technology","Boston, Massachusetts","","$19 - $22 (hourly)",jobspy_indeed,https://www.indeed.com/viewjob?jk=0c55e7916264940a,"","2026-05-29"
0,"","Packaging & Utilities Maintenance Technician (Steam Systems)","nan","Boston, Massachusetts","","$33 - $41 (hourly)",jobspy_indeed,https://www.indeed.com/viewjob?jk=c9f15ee3904089a4,"","2026-05-29"
0,"","Electronics & Instrumentation Technician II BP065","nan","Boston, Massachusetts","","$26 - $34 (hourly)",jobspy_indeed,https://www.indeed.com/viewjob?jk=d8a49e29ac677809,"","2026-05-29"
0,"","Locksmith Experienced","Accurate Glass, Inc.","Boston, Massachusetts","","$1,000 - $2,000 (weekly)",jobspy_indeed,https://www.indeed.com/viewjob?jk=8cb4d831d1171ddc,"","2026-05-29"
0,"","Field Service Technician - Dallas Metro, TX","Merck KGaA","Boston, Massachusetts","","$29 - $45 (hourly)",jobspy_indeed,https://www.indeed.com/viewjob?jk=dd1158fb3149698f,"","2026-05-28"
0,"","Fire Service Technician","Johnson Controls","Boston, Massachusetts","","$32 - $43 (hourly)",jobspy_indeed,https://www.indeed.com/viewjob?jk=6ecb62594cdb5e5e,"","2026-05-28"
0,"","Security Technician","Elite Fire & Security","Boston, Massachusetts","","$55 - $58 (hourly)",jobspy_indeed,https://www.indeed.com/viewjob?jk=db4cc88fae255c6b,"","2026-05-28"
0,"","Controls Service Technician","Johnson Controls","Boston, Massachusetts","","$25 - $35 (hourly)",jobspy_indeed,https://www.indeed.com/viewjob?jk=3fc06ffe8fb99ac3,"","2026-05-27"
0,"","Field Service Technician (CNC / Industrial Equipment / Electrical / HVAC)","nan","Boston, Massachusetts","","$80,000 - $115,000 (yearly)",jobspy_indeed,https://www.indeed.com/viewjob?jk=696280b8e10492d8,"","2026-05-27"
0,"","Field Service Technician (Low Voltage / IT / Cabling)","IT Securetel","Boston, Massachusetts","","$17 - $18 (hourly)",jobspy_indeed,https://www.indeed.com/viewjob?jk=5c5db3c0af2dac85,"","2026-05-27"
0,"","Telecommunications Cabling Technician","Innovative Cabling Systems","Boston, Massachusetts","","$25 - $40 (hourly)",jobspy_indeed,https://www.indeed.com/viewjob?jk=1141da218c4ecadf,"","2026-05-26"
0,"","1099 Fiber I&R Technicians","nan","Boston, Massachusetts","","",jobspy_indeed,https://www.indeed.com/viewjob?jk=918138d0864afe1b,"","2026-05-26"
0,"","Service Technician","AUTOMATED GATE SERVICES","Los Angeles, California","","$26 - $33 (hourly)",jobspy_indeed,https://www.indeed.com/viewjob?jk=88e82a926e869287,"","2026-05-29"
0,"","Field Service Specialist","Socomec Group","Los Angeles, California","","",jobspy_indeed,https://www.indeed.com/viewjob?jk=f9cb6f7339cfbfa9,"","2026-05-29"
0,"","Maintenance Technician","ClarkDietrich","Los Angeles, California","","$34 - $51 (hourly)",jobspy_indeed,https://www.indeed.com/viewjob?jk=19798791a8bc6aaf,"","2026-05-27"
0,"","Low Voltage Technician II","e4 Control Systems, Inc.","Los Angeles, California","","$24 - $25 (hourly)",jobspy_indeed,https://www.indeed.com/viewjob?jk=9a00a4a49784417a,"","2026-05-27"
0,"","Senior Instrumentation and Electrical Technician","Orange County Water District","Los Angeles, California","","$100,713 - $125,881 (yearly)",jobspy_indeed,https://www.indeed.com/viewjob?jk=3af489c705b3a6c8,"","2026-05-26"
0,"","Facilities Technician 2 - Electrical & HVAC - Irvine Spectrum Center","Nordstrom","Los Angeles, California","","$23 - $41 (hourly)",jobspy_indeed,https://www.indeed.com/viewjob?jk=824b752f5bb44ec1,"","2026-05-26"
0,"","HVAC – Entry Tech / Repair Tech (3+ yrs) / Installers Apply","Secure My Air","Los Angeles, California","","$18 - $25 (hourly)",jobspy_indeed,https://www.indeed.com/viewjob?jk=cac4481e6f6eb529,"","2026-05-26"
0,"","Senior Electronics Technician","Pronk Technologies","Los Angeles, California","","$29 - $45 (hourly)",jobspy_indeed,https://www.indeed.com/viewjob?jk=b82c63142f79e723,"","2026-05-26"
0,"","Project Lead Low Voltage Technician","IES Communications","Los Angeles, California","","$28 - $38 (hourly)",jobspy_indeed,https://www.indeed.com/viewjob?jk=cfcc8a0693f3b277,"","2025-10-16"
0,"","Low Voltage Technician","IES Communications","Los Angeles, California","","$24 - $29 (hourly)",jobspy_indeed,https://www.indeed.com/viewjob?jk=8bc9bef5b054b4f6,"","2025-09-25"
0,"","Low Voltage and Access Control Technician","Applied Medical","Los Angeles, California","","$23 - $34 (hourly)",jobspy_indeed,https://www.indeed.com/viewjob?jk=0c734a617596eeaa,"","2025-09-23"
0,"","Low Voltage Technician Traveler","IES Communications","Los Angeles, California","","$25 - $30 (hourly)",jobspy_indeed,https://www.indeed.com/viewjob?jk=fa3f2ec1bb10527d,"","2025-03-24"
0,"","Low Voltage Lead Technician","IES Communications","Los Angeles, California","","$29 - $34 (hourly)",jobspy_indeed,https://www.indeed.com/viewjob?jk=ef4f466617f29778,"","2025-02-17"
0,"","Data Center Technician","Kaiva Corporation","Washington, DC","","$22 - $32 (hourly)",jobspy_indeed,https://www.indeed.com/viewjob?jk=fda02478c2d8ca35,"","2026-06-01"
0,"","Low voltage Programmer/Installer","Techmark Corporation","Washington, DC","","$25 - $35 (hourly)",jobspy_indeed,https://www.indeed.com/viewjob?jk=55c48963fae07a63,"","2026-06-01"
0,"","Fiber Integration Technician","Turnaround Communications","Washington, DC","","$25 - $40 (hourly)",jobspy_indeed,https://www.indeed.com/viewjob?jk=7c11655469013b6a,"","2026-05-30"
0,"","Maintenance Technician III","Coastal Sunbelt Produce","Washington, DC","","$25 - $37 (hourly)",jobspy_indeed,https://www.indeed.com/viewjob?jk=1ae6b2a85b141c34,"","2026-05-29"
0,"","Field HVAC Technician","Axis Portable Air LLC","Washington, DC","","$28 - $40 (hourly)",jobspy_indeed,https://www.indeed.com/viewjob?jk=5b28bb7542535dcb,"","2026-05-29"
0,"","Pre Wire Tech","Safe Haven Security","Washington, DC","","",jobspy_indeed,https://www.indeed.com/viewjob?jk=3d01d79a355d001f,"","2026-05-29"
0,"","Field Service Technician FSR2","nan","Washington, DC","","$32 - $45 (hourly)",jobspy_indeed,https://www.indeed.com/viewjob?jk=5b3b1763f8681581,"","2026-05-29"
0,"","Low-Voltage Technician","ECCN Inc.","Washington, DC","","$21 - $38 (hourly)",jobspy_indeed,https://www.indeed.com/viewjob?jk=24f2f4775057233d,"","2026-05-28"
0,"","Lead Building Maintenance Technician","Presidential Towers Condominiums","Washington, DC","","",jobspy_indeed,https://www.indeed.com/viewjob?jk=26b3f0ce55462c73,"","2026-05-28"
0,"","1165 - Supervisor, Critical Facilities Operations","NTT Global Data Centers Americas, Inc.","Washington, DC","","$108,900 - $155,600 (yearly)",jobspy_indeed,https://www.indeed.com/viewjob?jk=d5f65b4f24717f2f,"","2026-05-28"
0,"","Entry-Level Data Center Technician","TechPlus Solutions LLC","Washington, DC","","$15 - $20 (hourly)",jobspy_indeed,https://www.indeed.com/viewjob?jk=57e4541568f4fd17,"","2026-05-28"
0,"","Road Technician Level 1","Sunbelt Rentals","Washington, DC","","$21 - $31 (hourly)",jobspy_indeed,https://www.indeed.com/viewjob?jk=f2933db59dfa3ea1,"","2026-05-28"
0,"","Fire Pump Technician","Carnegie Search","Washington, DC","","$23 - $55 (hourly)",jobspy_indeed,https://www.indeed.com/viewjob?jk=3dece7997bcefb99,"","2026-05-28"
0,"","Technician II","Instrata Technologies, LLC.","Washington, DC","","",jobspy_indeed,https://www.indeed.com/viewjob?jk=b14aca17e598b8d6,"","2026-05-27"
0,"","Assembler/Break-Fix Technician","BigBear.ai","Washington, DC","","",jobspy_indeed,https://www.indeed.com/viewjob?jk=aaff83dbae8a633a,"","2026-05-22"
0,"","Engineering Technician I/II","Entarian","Washington, DC","","$24 - $32 (hourly)",jobspy_indeed,https://www.indeed.com/viewjob?jk=7f22d8000ce9bb6f,"","2026-05-07"
0,"","Engineering Technician III","Entarian","Washington, DC","","$32 - $36 (hourly)",jobspy_indeed,https://www.indeed.com/viewjob?jk=f8f6ecdfeddb46ab,"","2026-05-07"
0,"","Electronic Security Technician","Guardian Safe & Lock","United States","","$20 - $30 (hourly)",jobspy_indeed,https://www.indeed.com/viewjob?jk=1ec1fcb30c7b48bd,"","2026-06-01"
0,"","HVAC Technician II","MGM Energy","United States","","$25 - $30 (hourly)",jobspy_indeed,https://www.indeed.com/viewjob?jk=921a5081d4bd6ceb,"","2026-06-01"
0,"","Alarm Technician - Little Rock, AR","Guardian Alarm","United States","","",jobspy_indeed,https://www.indeed.com/viewjob?jk=4c93d9075fea3a98,"","2026-06-01"
0,"","Travel Fiber Installation Technician","Elite Cutover Connections, Inc.","United States","","$21 - $25 (hourly)",jobspy_indeed,https://www.indeed.com/viewjob?jk=1d1a031c5aba87e4,"","2026-06-01"
0,"","Commercial HVAC Service Technician","Parker-Arntz Plumbing & Heating, Inc.","United States","","$30 - $48 (hourly)",jobspy_indeed,https://www.indeed.com/viewjob?jk=7858c5b2b5346a43,"","2026-06-01"
0,"","Subject Matter Expert (SME) - Electrical","T5 Data Centers","United States","","",jobspy_indeed,https://www.indeed.com/viewjob?jk=771bc4a1e469fe42,"","2026-06-01"
0,"","Cable Technician/Installer","nan","United States","","$1,000 - $1,420 (weekly)",jobspy_indeed,https://www.indeed.com/viewjob?jk=032ef441590a2c8f,"","2026-06-01"
0,"","Experienced Industrial Refrigeration Service Technician","Kent refrigeration","United States","","$25 - $55 (hourly)",jobspy_indeed,https://www.indeed.com/viewjob?jk=727aed9aa813db26,"","2026-06-01"
0,"","Low Voltage Technician","TechPlus Solutions LLC","United States","","$17 - $28 (hourly)",jobspy_indeed,https://www.indeed.com/viewjob?jk=29e508b6a4a2f5da,"","2026-06-01"
0,"","Lead Installation Technician","nan","United States","","$17 - $32 (hourly)",jobspy_indeed,https://www.indeed.com/viewjob?jk=ca298edb82975c1e,"","2026-06-01"
0,"","Regional Controls Technician","Superheat","United States","","$30 - $35 (hourly)",jobspy_indeed,https://www.indeed.com/viewjob?jk=e6dfa064b60ed5ad,"","2026-06-01"
0,"","Locksmith","Longroad logitics","United States","","$600 - $900 (weekly)",jobspy_indeed,https://www.indeed.com/viewjob?jk=b524c1bc7c7e3c93,"","2026-06-01"
0,"","Field Security & Communications Technician","Pioneer Production Services","United States","","",jobspy_indeed,https://www.indeed.com/viewjob?jk=f1fd0ee1a633059d,"","2026-06-01"
0,"","Head of Maintenance / Chief Engineer","@Home by Best Western","United States","","",jobspy_indeed,https://www.indeed.com/viewjob?jk=7b50adb6fe412348,"","2026-06-01"
0,"","Residential HVAC Lead Installer","Jerry Brittingham A/C & Heat, Inc.","United States","","$25 - $35 (hourly)",jobspy_indeed,https://www.indeed.com/viewjob?jk=e87ad53eb3f262fe,"","2026-06-01"
0,"","FLOXAL Reliability Specialist","Airgas","United States","","$90,000 - $95,000 (yearly)",jobspy_indeed,https://www.indeed.com/viewjob?jk=e8ceb6f6c17645c8,"","2026-06-01"
0,"","General Labor","TechPlus Solutions LLC","United States","","$15 - $18 (hourly)",jobspy_indeed,https://www.indeed.com/viewjob?jk=14a4e41b10db39df,"","2026-06-01"
0,"","Installer/Technician","RAMPART SECURITY SYSTEMS","United States","","",jobspy_indeed,https://www.indeed.com/viewjob?jk=ed2793ba296d03f4,"","2026-06-01"
0,"","Field Technician","CBX Solutions","United States","","",jobspy_indeed,https://www.indeed.com/viewjob?jk=a721996471a344bd,"","2026-06-01"
0,"","Security Technician I","CBX Solutions","United States","","",jobspy_indeed,https://www.indeed.com/viewjob?jk=0a95cc1d957c5353,"","2026-06-01"
0,"","OCONUS Electronic/Technical Security System Technician (Job ID: 4325)","Valkyrie Enterprises","Remote","","$30 - $45 (hourly)",jobspy_indeed,https://www.indeed.com/viewjob?jk=aa59b7db8b49784b,"","2026-05-28"
0,"","Broadcast Technical Support Representative II","Canon","New York, New York","","$24 - $36 (hourly)",jobspy_indeed,https://www.indeed.com/viewjob?jk=3a81ff98973bbde0,"","2026-05-28"
0,"","Audio/Visual Engineer","Village Caregiving","United States","","$70,000 - $80,000 (yearly)",jobspy_indeed,https://www.indeed.com/viewjob?jk=ebb93cb3570fa0cd,"","2026-05-29"
0,"","Remote Technical Support & Onsite Field Service Engineer - State College, PA","Daktronics","United States","","$25 - $29 (hourly)",jobspy_indeed,https://www.indeed.com/viewjob?jk=ad742a7340db9185,"","2026-05-28"
0,"","Engineer, Maintenance -IT","Nexstar Media Group, Inc.","United States","","$19 - $20 (hourly)",jobspy_indeed,https://www.indeed.com/viewjob?jk=411449855cb594fa,"","2026-05-28"
0,"","ASSISTANT CHIEF ENGINEER/IT MANAGER - WHNS","GRAY MEDIA","United States","","",jobspy_indeed,https://www.indeed.com/viewjob?jk=236da63ae893fcfd,"","2026-05-28"
0,"","SME - Building Automation and Monitoring Specialist (BAMS)","T5 Data Centers","Chicago, Illinois","","$104,000 - $114,000 (yearly)",jobspy_indeed,https://www.indeed.com/viewjob?jk=ab3628ee33d2b69c,"","2026-06-01"
0,"","Data Engineer","Cushman & Wakefield","Chicago, Illinois","","$114,750 - $135,000 (yearly)",jobspy_indeed,https://www.indeed.com/viewjob?jk=78bafa738272a7ae,"","2026-06-01"
0,"","Designer - Substation","Quanta Services","Chicago, Illinois","","$69,600 - $125,700 (yearly)",jobspy_indeed,https://www.indeed.com/viewjob?jk=c8415aa83665f3dc,"","2026-06-01"
0,"","Project Manager II","Quanta Services","Chicago, Illinois","","$160,000 - $190,000 (yearly)",jobspy_indeed,https://www.indeed.com/viewjob?jk=e8ece438acc51699,"","2026-06-01"
0,"","Supervising Engineer - Transmission Line","Quanta Services","Chicago, Illinois","","$160,000 - $195,000 (yearly)",jobspy_indeed,https://www.indeed.com/viewjob?jk=f82f800f9ccc2a8e,"","2026-06-01"
0,"","Drafter - Substation","Quanta Services","Chicago, Illinois","","$50,000 - $72,000 (yearly)",jobspy_indeed,https://www.indeed.com/viewjob?jk=702ba06bda8310d9,"","2026-06-01"
0,"","Assistant Project Manager II","Quanta Services","Chicago, Illinois","","$90,000 - $120,000 (yearly)",jobspy_indeed,https://www.indeed.com/viewjob?jk=5d158f10c2956a9c,"","2026-06-01"
0,"","Project Engineer - Transmission Line","Quanta Services","Chicago, Illinois","","$125,000 - $165,000 (yearly)",jobspy_indeed,https://www.indeed.com/viewjob?jk=c8f1e876aa38c8a1,"","2026-06-01"
0,"","Engineering Manager - Transmission Line","Quanta Services","Chicago, Illinois","","$180,000 - $210,000 (yearly)",jobspy_indeed,https://www.indeed.com/viewjob?jk=df5f52a40f406e46,"","2026-06-01"
0,"","Design Engineer - Substation","Quanta Services","Chicago, Illinois","","$80,000 - $122,200 (yearly)",jobspy_indeed,https://www.indeed.com/viewjob?jk=6107041f52a5d1e8,"","2026-06-01"
0,"","Director, Engineering - Transmission Line","Quanta Services","Chicago, Illinois","","$195,000 - $250,000 (yearly)",jobspy_indeed,https://www.indeed.com/viewjob?jk=8bbad93597417767,"","2026-06-01"
0,"","Engineering Manager - Substation","Quanta Services","Chicago, Illinois","","$181,000 - $218,000 (yearly)",jobspy_indeed,https://www.indeed.com/viewjob?jk=19ae4343b9fb67a4,"","2026-06-01"
0,"","Field Quality Lead II","Quanta Services","Chicago, Illinois","","",jobspy_indeed,https://www.indeed.com/viewjob?jk=d07919cfeea00fef,"","2026-06-01"
0,"","Residential Designer","US LBM Holdings","Chicago, Illinois","","$70,000 - $85,000 (yearly)",jobspy_indeed,https://www.indeed.com/viewjob?jk=0af03d1e89b982dc,"","2026-05-30"
0,"","Wynparts Order Picker - WYN","Daifuku Intralogistics America","Chicago, Illinois","","",jobspy_indeed,https://www.indeed.com/viewjob?jk=60aa7135eacc2164,"","2026-05-29"
0,"","ILUS - Sales Order Picker","Daifuku Intralogistics America","Chicago, Illinois","","",jobspy_indeed,https://www.indeed.com/viewjob?jk=7c0531cd544ddc50,"","2026-05-29"
0,"","LUCHA Co-Executive Director (Community Development):","Association House of Chicago","Chicago, Illinois","","$120,000 - $140,000 (yearly)",jobspy_indeed,https://www.indeed.com/viewjob?jk=55d40e3ae16676fd,"","2026-05-29"
0,"","Field Engineer","RK","Chicago, Illinois","","$80,000 - $100,000 (yearly)",jobspy_indeed,https://www.indeed.com/viewjob?jk=4cc8fb696a34855e,"","2026-05-29"
0,"","Sr Software Engineer (Hybrid) Bolingbrook, IL","S&S Activewear","Chicago, Illinois","","$117,000 - $133,000 (yearly)",jobspy_indeed,https://www.indeed.com/viewjob?jk=6d0d3eeafbb94f20,"","2026-05-29"
0,"","Senior Patent Attorney","Zebra Technologies","Chicago, Illinois","","$138,800 - $208,200 (yearly)",jobspy_indeed,https://www.indeed.com/viewjob?jk=386c7faee2f36675,"","2026-05-29"
0,"","Senior Software Engineer","Public Library of Science","Chicago, Illinois","","$65,000 - $142,000 (yearly)",jobspy_indeed,https://www.indeed.com/viewjob?jk=0b487a691eaacb83,"","2026-05-29"
0,"","Content Marketing Writer","Aikido Security","Chicago, Illinois","","",jobspy_indeed,https://www.indeed.com/viewjob?jk=3753b42414d475fd,"","2026-05-29"
0,"","Department Manager - Civil/Site","Colliers Engineering & Design","Chicago, Illinois","","$125,000 - $195,000 (yearly)",jobspy_indeed,https://www.indeed.com/viewjob?jk=7a51ddbfb42844dc,"","2026-05-15"
0,"","Packaging Engineer","Universal Yums LLC","New York, New York","","",jobspy_indeed,https://www.indeed.com/viewjob?jk=3403e23d6338e257,"","2026-06-01"
0,"","Director, UAS Flight Operations","Vermeer","New York, New York","","$110,000 - $160,000 (yearly)",jobspy_indeed,https://www.indeed.com/viewjob?jk=515acf8c53952324,"","2026-06-01"
0,"","Project Engineer","GROUP PMx","New York, New York","","$80,000 - $90,000 (yearly)",jobspy_indeed,https://www.indeed.com/viewjob?jk=8d51e823cb1e3885,"","2026-06-01"
0,"","Senior Technical Recruiter","ARCH","New York, New York","","$140,000 - $170,000 (yearly)",jobspy_indeed,https://www.indeed.com/viewjob?jk=48124c073c24ca9b,"","2026-06-01"
0,"","Engineering Manager Level 2","Metropolitan Transportation Authority","New York, New York","","$116,641 - $145,800 (yearly)",jobspy_indeed,https://www.indeed.com/viewjob?jk=53d0881803df9bdb,"","2026-06-01"
0,"","Program Manager/Sr. Design Project Manager (Architecture & Engineering)","NYC School Construction Authority","New York, New York","","$105,159 - $163,000 (yearly)",jobspy_indeed,https://www.indeed.com/viewjob?jk=4c2eb5d071ccc6af,"","2026-06-01"
0,"","Sr. Cost Specialist - Project Controls & EVM Reporting (Paramus, NJ)","Quanta Services","New York, New York","","$103,000 - $158,000 (yearly)",jobspy_indeed,https://www.indeed.com/viewjob?jk=e7588c80e5c847b7,"","2026-06-01"
0,"","Director, Engineering - Transmission Line","Quanta Services","New York, New York","","$195,000 - $250,000 (yearly)",jobspy_indeed,https://www.indeed.com/viewjob?jk=c9a56ab56016efe3,"","2026-06-01"
0,"","Supervising Engineer - Transmission Line","Quanta Services","New York, New York","","$160,000 - $195,000 (yearly)",jobspy_indeed,https://www.indeed.com/viewjob?jk=28fa302af12a206f,"","2026-06-01"
0,"","Engineering Project Manager - Transmission Line","Quanta Services","New York, New York","","$160,000 - $200,000 (yearly)",jobspy_indeed,https://www.indeed.com/viewjob?jk=1496a444137ef969,"","2026-06-01"
0,"","Project Engineer - Transmission Line","Quanta Services","New York, New York","","$125,000 - $165,000 (yearly)",jobspy_indeed,https://www.indeed.com/viewjob?jk=8f8e28c2f405300b,"","2026-06-01"
0,"","Lead Engineer","GROUP PMx","New York, New York","","$220,000 - $245,000 (yearly)",jobspy_indeed,https://www.indeed.com/viewjob?jk=5cd854ab070e52f4,"","2026-05-31"
0,"","Technical Project Manager","New York City Department of Environmental Protection","New York, New York","","$78,740 - $90,551 (yearly)",jobspy_indeed,https://www.indeed.com/viewjob?jk=d8913920201a4bef,"","2026-05-30"
0,"","Senior Commissioning Agent","Wendel Companies","New York, New York","","$100,000 - $140,000 (yearly)",jobspy_indeed,https://www.indeed.com/viewjob?jk=30c0224498cb3cfa,"","2026-05-29"
0,"","Engineering Team Lead, Compressors","Air Techniques, Inc.","New York, New York","","$100,000 - $115,000 (yearly)",jobspy_indeed,https://www.indeed.com/viewjob?jk=323ba7898923f3bb,"","2026-05-29"
0,"","Assistant Chief Engineer","Renaissance Harlem","New York, New York","","$74,999 - $75,000 (yearly)",jobspy_indeed,https://www.indeed.com/viewjob?jk=5256bffebe53f016,"","2026-05-29"
0,"","Senior Software Engineer - Environments Accelerator","Datadog","New York, New York","","$130,000 - $300,000 (yearly)",jobspy_indeed,https://www.indeed.com/viewjob?jk=4a57d7e8bbd3c5ba,"","2026-05-29"
0,"","Distinguished Architect, AI","Datadog","New York, New York","","$300,000 - $484,000 (yearly)",jobspy_indeed,https://www.indeed.com/viewjob?jk=b5c3e15f12cea59c,"","2026-05-29"
0,"","Senior Sales Engineer - Majors (East)","Datadog","New York, New York","","$149,000 - $198,000 (yearly)",jobspy_indeed,https://www.indeed.com/viewjob?jk=9f6bc7bedcdcb1ac,"","2026-05-15"
0,"","Senior Product Designer","Oscar Health","New York, New York","","$149,040 - $195,615 (yearly)",jobspy_indeed,https://www.indeed.com/viewjob?jk=5cd0fabfeec84cef,"","2026-03-31"
0,"","Senior Mechanical Design Engineer – Aerospace & UAV Systems","blackstar","San Francisco, California","","$210,000 - $230,000 (yearly)",jobspy_indeed,https://www.indeed.com/viewjob?jk=998d4f291eee8765,"","2026-06-01"
0,"","Research Associate","C5R","San Francisco, California","","$70,000 - $100,000 (yearly)",jobspy_indeed,https://www.indeed.com/viewjob?jk=76e7e54299ae09df,"","2026-06-01"
0,"","Senior Data Scientist","Cogitativo, Inc.","San Francisco, California","","$160,000 - $200,000 (yearly)",jobspy_indeed,https://www.indeed.com/viewjob?jk=060e11f4fa96f154,"","2026-06-01"
0,"","Accounting Manager","Train With Ellie","San Francisco, California","","$130,000 - $175,000 (yearly)",jobspy_indeed,https://www.indeed.com/viewjob?jk=1810978027383cba,"","2026-05-30"
0,"","Staff Technical Support Engineer (FortiSIEM)","Fortinet","San Francisco, California","","$110,000 - $134,000 (yearly)",jobspy_indeed,https://www.indeed.com/viewjob?jk=277c7a8989d72325,"","2026-05-30"
0,"","Financial Analyst","NEURALINK","San Francisco, California","","$71,000 - $118,000 (yearly)",jobspy_indeed,https://www.indeed.com/viewjob?jk=aec2eec2a956817a,"","2026-05-29"
0,"","Creative Director, Performance Marketing","Train With Ellie","San Francisco, California","","$190,000 - $200,000 (yearly)",jobspy_indeed,https://www.indeed.com/viewjob?jk=5ff15109ad2c5764,"","2026-05-29"
0,"","Senior, Software Engineer","Walmart","San Francisco, California","","$117,000 - $234,000 (yearly)",jobspy_indeed,https://www.indeed.com/viewjob?jk=c9a3f75704668199,"","2026-05-29"
0,"","Chief Engineer","Peachtree Group","San Francisco, California","","",jobspy_indeed,https://www.indeed.com/viewjob?jk=8c7051757b93f5bb,"","2026-05-29"
0,"","Chief Engineer","Island Hospitality Management","San Francisco, California","","",jobspy_indeed,https://www.indeed.com/viewjob?jk=5eae8eaa57d0028b,"","2026-05-29"
0,"","Recycling Operations FE Manager","Radius Recycling","San Francisco, California","","",jobspy_indeed,https://www.indeed.com/viewjob?jk=5f1c51769451a370,"","2026-05-29"
0,"","Mechanical Engineer","Graco","San Francisco, California","","$64,600 - $113,100 (yearly)",jobspy_indeed,https://www.indeed.com/viewjob?jk=75bd987a3e781dad,"","2026-05-29"
0,"","Staff Software Development Engineer - Tools Team","ID.me","San Francisco, California","","$183,367 - $214,500 (yearly)",jobspy_indeed,https://www.indeed.com/viewjob?jk=11e601f709de9b93,"","2026-05-29"
0,"","Content Marketing Writer","Aikido Security","San Francisco, California","","",jobspy_indeed,https://www.indeed.com/viewjob?jk=c5f644ab0be2586c,"","2026-05-29"
0,"","Electrical Engineer - Consumer Electronics","DoorDash","San Francisco, California","","$170,000 - $250,000 (yearly)",jobspy_indeed,https://www.indeed.com/viewjob?jk=e392b82c863c2080,"","2026-05-28"
0,"","Product Manager (Multiple Levels)","DoorDash","San Francisco, California","","$130,600 - $192,000 (yearly)",jobspy_indeed,https://www.indeed.com/viewjob?jk=a1ddb4bc78b3c1bd,"","2026-05-28"
0,"","Exhibit Engineer/Senior Exhibit Engineer (Fixed-Term)","Exploratorium","San Francisco, California","","$41 - $49 (hourly)",jobspy_indeed,https://www.indeed.com/viewjob?jk=db7c38132d94a219,"","2026-05-28"
0,"","Maintenance & Reliability Specialist","BNH","San Francisco, California","","$110,000 - $155,000 (yearly)",jobspy_indeed,https://www.indeed.com/viewjob?jk=4a7f291e40d9d6d5,"","2026-05-26"
0,"","Sr. Hardware Design Engineer - Electrical, Satellite Payload (Starlink)","SpaceX","San Francisco, California","","$145,000 - $205,000 (yearly)",jobspy_indeed,https://www.indeed.com/viewjob?jk=dfebf5797a45c0bb,"","2026-04-30"
0,"","Utility Worker","Herzog","San Francisco, California","","$32 - $35 (hourly)",jobspy_indeed,https://www.indeed.com/viewjob?jk=f14eff2312087aaf,"","2026-02-16"
0,"","Sr. Mechanical Engineer - Avionics Mechanical Packaging - TeraWave","Blue Origin","Seattle, Washington","","$133,500 - $203,263 (yearly)",jobspy_indeed,https://www.indeed.com/viewjob?jk=e69d59a7a769c349,"","2026-06-01"
0,"","Heavy Civil Bridge Construction Superintendent","Structural Group","Seattle, Washington","","",jobspy_indeed,https://www.indeed.com/viewjob?jk=ef9aefc4923c8ea9,"","2026-06-01"
0,"","PCB Designer (Starlink)","SpaceX","Seattle, Washington","","$105,000 - $145,000 (yearly)",jobspy_indeed,https://www.indeed.com/viewjob?jk=bf99709cb543d896,"","2026-05-27"
0,"","Maintenance Technician (Starlink) - Level 4/5","SpaceX","Seattle, Washington","","$41 - $59 (hourly)",jobspy_indeed,https://www.indeed.com/viewjob?jk=2d2859ebf5e458bd,"","2026-05-06"
0,"","Technical Recruiter (Redmond)","SpaceX","Seattle, Washington","","$80,000 - $115,000 (yearly)",jobspy_indeed,https://www.indeed.com/viewjob?jk=28ef1fda4e53779e,"","2026-04-30"
0,"","Sr. Mechanical Engineer, Satellites - (Starlink)","SpaceX","Seattle, Washington","","$130,000 - $180,000 (yearly)",jobspy_indeed,https://www.indeed.com/viewjob?jk=d42256ba7a6f3208,"","2026-04-30"
0,"","RF Silicon Software Engineer (Starlink)","SpaceX","Seattle, Washington","","$122,500 - $170,000 (yearly)",jobspy_indeed,https://www.indeed.com/viewjob?jk=64b469be4769d137,"","2026-04-30"
0,"","Supply Chain Planner (Starlink)","SpaceX","Seattle, Washington","","$85,000 - $120,000 (yearly)",jobspy_indeed,https://www.indeed.com/viewjob?jk=d8eeb0d42a5ea2c9,"","2026-04-30"
0,"","Innovation Product Specialist","Brown Brothers Harriman","Boston, Massachusetts","","$100,000 - $150,000 (yearly)",jobspy_indeed,https://www.indeed.com/viewjob?jk=578876e19ea6c930,"","2026-06-01"
0,"","Android Open Source Embedded Software Engineer","GeoLogics Corporation","Boston, Massachusetts","","$65 - $72 (hourly)",jobspy_indeed,https://www.indeed.com/viewjob?jk=b8eb6a8014cffc57,"","2026-06-01"
0,"","Systems Integration and Test Engineer","GeoLogics Corporation","Boston, Massachusetts","","",jobspy_indeed,https://www.indeed.com/viewjob?jk=5c8a1a497e8cbb7d,"","2026-06-01"
0,"","Data Engineer","Cushman & Wakefield","Boston, Massachusetts","","$114,750 - $135,000 (yearly)",jobspy_indeed,https://www.indeed.com/viewjob?jk=2ee6a736357f9195,"","2026-06-01"
0,"","Assistant Cabinetmaker Millwork Craftsman","Woodcraft Designers & Builders, LLC","Boston, Massachusetts","","$23 - $30 (hourly)",jobspy_indeed,https://www.indeed.com/viewjob?jk=2b7245a0d8d25127,"","2026-05-30"
0,"","Engineering Manager (Systems & Process Transformation) (HYBRID)","C-4 Analytics","Boston, Massachusetts","","$170,000 - $200,000 (yearly)",jobspy_indeed,https://www.indeed.com/viewjob?jk=992d484ee624652a,"","2026-05-29"
0,"","Lead Software Engineer (Transformation & Technical Excellence) (HYBRID)","C-4 Analytics","Boston, Massachusetts","","$160,000 - $190,000 (yearly)",jobspy_indeed,https://www.indeed.com/viewjob?jk=52f7d25e534321b0,"","2026-05-29"
0,"","General Maintenance - Four Seasons Hotel Boston","Four Seasons","Boston, Massachusetts","","",jobspy_indeed,https://www.indeed.com/viewjob?jk=d27c5d3eef916cc3,"","2026-05-29"
0,"","Principal Marketing Operations Specialist","MarkForged","Boston, Massachusetts","","$112,500 - $150,000 (yearly)",jobspy_indeed,https://www.indeed.com/viewjob?jk=a4ea14b303304d41,"","2026-05-29"
0,"","Senior Software Engineer","Public Library of Science","Boston, Massachusetts","","$65,000 - $142,000 (yearly)",jobspy_indeed,https://www.indeed.com/viewjob?jk=f762ceadc682d498,"","2026-05-29"
0,"","FedNow Senior Software Engineer","Federal Reserve Bank of Boston","Boston, Massachusetts","","$149,900 - $224,900 (yearly)",jobspy_indeed,https://www.indeed.com/viewjob?jk=5a453c9522ec7c44,"","2026-05-29"
0,"","Technical AI Instructor and Forward-Deployed Engineer III","Deloitte","Boston, Massachusetts","","$110,700 - $218,300 (yearly)",jobspy_indeed,https://www.indeed.com/viewjob?jk=c70d73f8fb3b2b5e,"","2026-05-28"
0,"","Technical AI Instructor and Forward-Deployed Engineer II","Deloitte","Boston, Massachusetts","","$82,600 - $162,800 (yearly)",jobspy_indeed,https://www.indeed.com/viewjob?jk=478aa94c19ef4fbf,"","2026-05-28"
0,"","Patent Agent","SCIEX","Boston, Massachusetts","","$134,333 - $148,000 (yearly)",jobspy_indeed,https://www.indeed.com/viewjob?jk=a12face6111a6f9d,"","2026-05-28"
0,"","Forward Deployed Data Engineer","ZoomInfo","Boston, Massachusetts","","$171,500 - $269,500 (yearly)",jobspy_indeed,https://www.indeed.com/viewjob?jk=c5f0f766e90089d4,"","2026-05-28"
0,"","Commissioning & Energy Project Manager","Colliers Engineering & Design","Boston, Massachusetts","","$100,000 - $125,000 (yearly)",jobspy_indeed,https://www.indeed.com/viewjob?jk=57c11af3dcb24fa7,"","2026-05-20"
0,"","Project Manager - Owner's Rep - Higher Education","Colliers Engineering & Design","Boston, Massachusetts","","$100,000 - $120,000 (yearly)",jobspy_indeed,https://www.indeed.com/viewjob?jk=b9e264c8b3157636,"","2026-05-08"
0,"","Mechanical Engineer II, RDPI","Amazon.com","Boston, Massachusetts","","$117,300 - $160,000 (yearly)",jobspy_indeed,https://www.indeed.com/viewjob?jk=ce036f577fab4afe,"","2026-05-18"
0,"","Data Engineer","Fidelity TalentSource","Boston, Massachusetts","","$60 - $100 (hourly)",jobspy_indeed,https://www.indeed.com/viewjob?jk=dcceef58ed7fbc50,"","2026-05-11"
0,"","SUE Manager","Colliers Engineering & Design","Boston, Massachusetts","","$110,400 - $162,610 (yearly)",jobspy_indeed,https://www.indeed.com/viewjob?jk=8e3cb13d9e731998,"","2026-04-27"
0,"","Senior Project Manager - Owner's Rep","Colliers Engineering & Design","Boston, Massachusetts","","$110,000 - $181,000 (yearly)",jobspy_indeed,https://www.indeed.com/viewjob?jk=251c78cff91f2378,"","2026-03-30"
0,"","Department Manager - Civil/Site","Colliers Engineering & Design","Boston, Massachusetts","","$150,000 - $215,000 (yearly)",jobspy_indeed,https://www.indeed.com/viewjob?jk=e10afb1148b647db,"","2026-03-25"
0,"","SUE Technician III","Colliers Engineering & Design","Boston, Massachusetts","","$33 - $44 (hourly)",jobspy_indeed,https://www.indeed.com/viewjob?jk=89a4f9c7313e297b,"","2026-03-12"
0,"","Senior Mechanical Design Engineer – Aerospace & UAV Systems","blackstar","Los Angeles, California","","$210,000 - $230,000 (yearly)",jobspy_indeed,https://www.indeed.com/viewjob?jk=524f5e93b22cd6a8,"","2026-06-01"
0,"","Senior Propulsion Development Engineer (Thrusters)","Impulse Space","Los Angeles, California","","$135,000 - $155,000 (yearly)",jobspy_indeed,https://www.indeed.com/viewjob?jk=9b9f3ed38587df3a,"","2026-06-01"
0,"","Staff Propulsion Development Engineer (Thrusters)","Impulse Space","Los Angeles, California","","$150,000 - $175,000 (yearly)",jobspy_indeed,https://www.indeed.com/viewjob?jk=4ae0610390d2c12d,"","2026-06-01"
0,"","Firmware QA Engineer","Motive Companies","Los Angeles, California","","$80,000 - $110,000 (yearly)",jobspy_indeed,https://www.indeed.com/viewjob?jk=97d4d470a53ca124,"","2026-06-01"
0,"","1D Fluid Systems Simulation Engineer","Motive Companies","Los Angeles, California","","$38 - $55 (hourly)",jobspy_indeed,https://www.indeed.com/viewjob?jk=1d8f8bc103db2c74,"","2026-06-01"
0,"","Information Technology (I.T.) Desktop Support","Quanta Services","Los Angeles, California","","$65,000 - $72,000 (yearly)",jobspy_indeed,https://www.indeed.com/viewjob?jk=671c0b601c3ad5d0,"","2026-06-01"
0,"","Vice President, West Operations, QISG Engineering, Electric Distribution","Quanta Services","Los Angeles, California","","",jobspy_indeed,https://www.indeed.com/viewjob?jk=9903e596188375cb,"","2026-06-01"
0,"","Avionics Test Engineer (Starshield)","SpaceX","Los Angeles, California","","$105,000 - $150,000 (yearly)",jobspy_indeed,https://www.indeed.com/viewjob?jk=d5aed587b818e4f2,"","2026-05-28"
0,"","Software Engineer, Engineering Simulation & Automation (Vehicle Engineering)","SpaceX","Los Angeles, California","","$125,000 - $175,000 (yearly)",jobspy_indeed,https://www.indeed.com/viewjob?jk=675e7f41e263a2bf,"","2026-05-21"
0,"","Embedded Software Engineer, OS/Platform (Starshield)","SpaceX","Los Angeles, California","","$125,000 - $175,000 (yearly)",jobspy_indeed,https://www.indeed.com/viewjob?jk=d8ab6ba1b877bb15,"","2026-05-06"
0,"","Software Engineer, Simulations (Application Software)","SpaceX","Los Angeles, California","","$125,000 - $175,000 (yearly)",jobspy_indeed,https://www.indeed.com/viewjob?jk=3c589c55b23c8d07,"","2026-04-30"
0,"","Sr. Manufacturing Engineer, Machining (Starship)","SpaceX","Los Angeles, California","","$130,000 - $180,000 (yearly)",jobspy_indeed,https://www.indeed.com/viewjob?jk=bd52264b2e189b6d,"","2026-04-30"
0,"","Chief of Operations (Active TS/SCI Required)","Fluor Corp.","Washington, DC","","$92,000 - $171,000 (yearly)",jobspy_indeed,https://www.indeed.com/viewjob?jk=2249a77f1b27e409,"","2026-06-01"
0,"","Senior Mechanical Design Engineer – Aerospace & UAV Systems","blackstar","Washington, DC","","$210,000 - $230,000 (yearly)",jobspy_indeed,https://www.indeed.com/viewjob?jk=0281859c184bb63c,"","2026-06-01"
0,"","Journeyman Electrician","Catoctin View Engineering","Washington, DC","","$16 - $30 (hourly)",jobspy_indeed,https://www.indeed.com/viewjob?jk=1e3f9963dbb499f1,"","2026-06-01"
0,"","Senior Superintendent","Grunley Construction","Washington, DC","","$150,000 - $250,000 (yearly)",jobspy_indeed,https://www.indeed.com/viewjob?jk=445e0b404afeb8b5,"","2026-06-01"
0,"","Senior Superintendent (DC)","Grunley Construction","Washington, DC","","$150,000 - $250,000 (yearly)",jobspy_indeed,https://www.indeed.com/viewjob?jk=a01aed624de1fe5f,"","2026-05-29"
0,"","Field Engineer","Grunley Construction","Washington, DC","","$75,000 - $90,000 (yearly)",jobspy_indeed,https://www.indeed.com/viewjob?jk=cf4643f6474fe731,"","2026-06-01"
0,"","Cyber Systems Engineer","Oceaneering","Washington, DC","","",jobspy_indeed,https://www.indeed.com/viewjob?jk=a32b6a34e5980f7b,"","2026-06-01"
0,"","Senior Director, Capital Facilities","Community College of Baltimore County","Washington, DC","","$119,687 - $197,825 (yearly)",jobspy_indeed,https://www.indeed.com/viewjob?jk=01a0eb977eca234b,"","2026-06-01"
0,"","Data Engineer","Cushman & Wakefield","Washington, DC","","$114,750 - $135,000 (yearly)",jobspy_indeed,https://www.indeed.com/viewjob?jk=953c734d76be6d43,"","2026-06-01"
0,"","Assistant Project Manager II","Quanta Services","Washington, DC","","$90,000 - $120,000 (yearly)",jobspy_indeed,https://www.indeed.com/viewjob?jk=a484409f6eca3121,"","2026-06-01"
0,"","Lead Commercial Foodservice Installer","Quick Servant Co., Inc.","Washington, DC","","$30 - $40 (hourly)",jobspy_indeed,https://www.indeed.com/viewjob?jk=ec087cc693cd5c4e,"","2026-06-01"
0,"","Structural / Civil Engineer - Facilities","National Security Agency","Washington, DC","","$105,262 - $192,764 (yearly)",jobspy_indeed,https://www.indeed.com/viewjob?jk=bf0aee21e1f06cbc,"","2026-06-01"
0,"","Staff Software Development Engineer - Tools Team","ID.me","Washington, DC","","$183,367 - $214,500 (yearly)",jobspy_indeed,https://www.indeed.com/viewjob?jk=5550ddc6598b3c05,"","2026-05-30"
0,"","Control Systems Project Engineer 1","Thermo Systems LLC","Washington, DC","","",jobspy_indeed,https://www.indeed.com/viewjob?jk=5a6cda113fd541f0,"","2026-05-29"
0,"","Engineering Supervisor","CHARLES COUNTY GOVERNMENT","Washington, DC","","$88,790 - $143,840 (yearly)",jobspy_indeed,https://www.indeed.com/viewjob?jk=02528aaf5495300f,"","2026-05-29"
0,"","Senior Project Manager - Healthcare","Dewberry","Washington, DC","","$154,000 - $198,000 (yearly)",jobspy_indeed,https://www.indeed.com/viewjob?jk=ca62fa1282214de3,"","2026-05-29"
0,"","Senior Commissioning Agent","Wendel Companies","Washington, DC","","$100,000 - $140,000 (yearly)",jobspy_indeed,https://www.indeed.com/viewjob?jk=8b9fee1303e48ed7,"","2026-05-29"
0,"","Paralegal","AKRF, Inc.","Washington, DC","","$75,000 - $85,000 (yearly)",jobspy_indeed,https://www.indeed.com/viewjob?jk=77c751f5fd2fc060,"","2026-05-29"
0,"","Supervisory Civil Engineer","Transportation, District Dept","Washington, DC","","$127,030 - $177,839 (yearly)",jobspy_indeed,https://www.indeed.com/viewjob?jk=28e5c23bb86f2477,"","2026-05-29"
0,"","Residential Building Engineer","Campus Apartments","Washington, DC","","",jobspy_indeed,https://www.indeed.com/viewjob?jk=34ca3e79935d2082,"","2026-05-26"
0,"","Linux System Administrator","Entarian","Washington, DC","","$60,000 - $65,000 (yearly)",jobspy_indeed,https://www.indeed.com/viewjob?jk=0a982aacdeeeb9cb,"","2026-05-26"
0,"","Research Data Engineer II (IT@JH Univ Data Analytics & Engineering)","Johns Hopkins University","Washington, DC","","$99,800 - $175,000 (yearly)",jobspy_indeed,https://www.indeed.com/viewjob?jk=0bc8e526fb9072f7,"","2026-05-25"
0,"","Associate Developer","Pennrose Management","Washington, DC","","$75,000 - $80,000 (yearly)",jobspy_indeed,https://www.indeed.com/viewjob?jk=7f18e99e0bc8407e,"","2026-05-08"
0,"","Administrative Project Coordinator","WSP","United States","","$58,200 - $63,000 (yearly)",jobspy_indeed,https://www.indeed.com/viewjob?jk=fac55d5a68b901c7,"","2026-06-01"
0,"","SUPPLIER DEVELOPMENT ENGINEER","Kalamazoo Fabricating","United States","","",jobspy_indeed,https://www.indeed.com/viewjob?jk=cf657a695e557cc0,"","2026-06-01"
0,"","Hotel Engineer/Maintenance Technician","Smoky Mountain Resorts","United States","","$24 - $27 (hourly)",jobspy_indeed,https://www.indeed.com/viewjob?jk=f30f809c515d7063,"","2026-06-01"
0,"","Mechanical Engineer","Heads Up Technologies","United States","","",jobspy_indeed,https://www.indeed.com/viewjob?jk=582bf744d63e6706,"","2026-06-01"
0,"","SUPPLIER DEVELOPMENT ENGINEER","PRAB","United States","","",jobspy_indeed,https://www.indeed.com/viewjob?jk=48ed5d62d9e4bb65,"","2026-06-01"
0,"","Engineer | Ft Lauderdale Downtown Courtyard","Shaner Hotel Group","United States","","",jobspy_indeed,https://www.indeed.com/viewjob?jk=0de06f640576340a,"","2026-06-01"
0,"","Project Manager","Cumming Group","United States","","$97,400 - $129,866 (yearly)",jobspy_indeed,https://www.indeed.com/viewjob?jk=6a9a7f50aeba6108,"","2026-06-01"
0,"","Project Engineer","Globus Medical","United States","","",jobspy_indeed,https://www.indeed.com/viewjob?jk=6600551e6b02f7fc,"","2026-06-01"
0,"","Human Resources Manager","Chetu Inc.","United States","","$60,000 - $70,000 (yearly)",jobspy_indeed,https://www.indeed.com/viewjob?jk=79b31c02cd53fca7,"","2026-06-01"
0,"","Engineer II - IowaT","Sabre Industries","United States","","",jobspy_indeed,https://www.indeed.com/viewjob?jk=915aa84a56a24d43,"","2026-06-01"
0,"","Associate Program Manager","Sabre Industries","United States","","",jobspy_indeed,https://www.indeed.com/viewjob?jk=b601ae18eadb82ef,"","2026-06-01"
0,"","Sr Engineer","Sabre Industries","United States","","",jobspy_indeed,https://www.indeed.com/viewjob?jk=e57d44feacfc2318,"","2026-06-01"
0,"","Protection & Control Engineer III","RMS Energy","Remote","","",jobspy_indeed,https://www.indeed.com/viewjob?jk=a05bbdeff5c842da,"","2026-05-29"
0,"","Infrastructure Security Engineer – (Network & Automation)","Allstate Insurance","Remote","","$62,100 - $103,950 (yearly)",jobspy_indeed,https://www.indeed.com/viewjob?jk=f791af88ee0641f1,"","2026-05-29"
0,"","Data Engineer II","Dexcom","Remote","","$82,900 - $138,100 (yearly)",jobspy_indeed,https://www.indeed.com/viewjob?jk=c4bf7100cc948634,"","2026-05-29"
0,"","Solution Designer","Körber","Remote","","",jobspy_indeed,https://www.indeed.com/viewjob?jk=cba5e12936ad5d78,"","2026-05-28"
0,"","Control Systems Engineer","Thermo Systems LLC","Remote","","",jobspy_indeed,https://www.indeed.com/viewjob?jk=391a1bc0ed6cee1f,"","2026-05-28"
0,"","Regional Lead – Rail Engineer","Horrocks","Remote","","$140,000 - $200,000 (yearly)",jobspy_indeed,https://www.indeed.com/viewjob?jk=6e07d23674ff8551,"","2026-05-28"
0,"","Kansas City, MO","Horrocks","Remote","","$140,000 - $200,000 (yearly)",jobspy_indeed,https://www.indeed.com/viewjob?jk=b7151598c9787d2e,"","2026-05-28"
0,"","Infrastructure Solution Engineer","Allstate Insurance","Remote","","$75,100 - $126,325 (yearly)",jobspy_indeed,https://www.indeed.com/viewjob?jk=0e33dc8d5448cd0b,"","2026-05-28"
0,"","Managing Engineer , Database & Platform - Remote","Allstate Insurance","Remote","","$120,000 - $193,725 (yearly)",jobspy_indeed,https://www.indeed.com/viewjob?jk=3d30f4ab12fb26c2,"","2026-05-27"
0,"","OSP Designer III","Colliers Engineering & Design","Remote","","$35 - $49 (hourly)",jobspy_indeed,https://www.indeed.com/viewjob?jk=297d1b9297a3d566,"","2026-05-15"
0,"","Senior CADD Designer/Design Manager - Highways & Traffic","Colliers Engineering & Design","Remote","","$40 - $51 (hourly)",jobspy_indeed,https://www.indeed.com/viewjob?jk=83295b651f1530d5,"","2026-04-24"
0,"","Preconstruction Manager – Design Management Support","Colliers Engineering & Design","Remote","","$80,000 - $130,000 (yearly)",jobspy_indeed,https://www.indeed.com/viewjob?jk=c8cb11da40d5272d,"","2026-04-16"
0,"","Principal Nuclear Protection & Controls Engineer","ENERCON SERVICES, INC","Remote","","$120,000 - $192,000 (yearly)",jobspy_indeed,https://www.indeed.com/viewjob?jk=ca34fd99f40c7dcd,"","2026-04-13"
0,"","Waterway Structures Project Manager","Colliers Engineering & Design","Remote","","$101,100 - $146,600 (yearly)",jobspy_indeed,https://www.indeed.com/viewjob?jk=31582fb232f5a34d,"","2026-04-09"
0,"","Senior Structural Project Engineer","Colliers Engineering & Design","Remote","","$96,000 - $122,300 (yearly)",jobspy_indeed,https://www.indeed.com/viewjob?jk=9629fdb49876ae5f,"","2026-03-19"
0,"","Lead Engineer 2nd Shift","Q Center","Chicago, Illinois","","",jobspy_indeed,https://www.indeed.com/viewjob?jk=2359ec00b9ced61c,"","2026-05-29"
0,"","Maintenance Technician 3rd Shift","Q Center","Chicago, Illinois","","",jobspy_indeed,https://www.indeed.com/viewjob?jk=68aec9a188de99c0,"","2026-05-29"
0,"","Skilled Maintenance","Township High School District 113","Chicago, Illinois","","",jobspy_indeed,https://www.indeed.com/viewjob?jk=21f8908b0a14c5a8,"","2026-05-29"
0,"","Explosive Detection Canine (K9) Handler","Allied Universal Enhanced Protection Services","Chicago, Illinois","","",jobspy_indeed,https://www.indeed.com/viewjob?jk=fa1a524bad11df9a,"","2026-05-28"
0,"","Pest Control Technician","Intelligent Pest Control","New York, New York","","$30 - $36 (hourly)",jobspy_indeed,https://www.indeed.com/viewjob?jk=609439466a538b14,"","2026-05-31"
0,"","Canine Handler - Explosive Detection","Allied Universal Enhanced Protection Services","New York, New York","","",jobspy_indeed,https://www.indeed.com/viewjob?jk=9151d482dd9d7754,"","2026-05-28"
0,"","Route Technician","ABM Industries Inc.","New York, New York","","$19 - $20 (hourly)",jobspy_indeed,https://www.indeed.com/viewjob?jk=040baf95ef5eb113,"","2026-05-28"
0,"","Security Officer Emergency Medical Technician","Allied Universal","New York, New York","","",jobspy_indeed,https://www.indeed.com/viewjob?jk=c7b2f5a9d372611f,"","2026-05-28"
0,"","IT Supervisor - Sports Illustrated Stadium","Levy","New York, New York","","$23 - $26 (hourly)",jobspy_indeed,https://www.indeed.com/viewjob?jk=9b585f1273c1e919,"","2026-03-28"
0,"","Controls and Protection Systems Engineer, SSRL","SLAC National Accelerator Laboratory","San Francisco, California","","$134,906 - $164,965 (yearly)",jobspy_indeed,https://www.indeed.com/viewjob?jk=4ddb939a38fb6b40,"","2026-05-26"
0,"","Golf Course Spray Technician","nan","San Francisco, California","","$19 - $23 (hourly)",jobspy_indeed,https://www.indeed.com/viewjob?jk=0d39e91279138ceb,"","2026-04-23"
0,"","Registered Behavior Technician RBT/BT - Part-Time","ICBD","Boston, Massachusetts","","$44,200 - $48,880 (yearly)",jobspy_indeed,https://www.indeed.com/viewjob?jk=64827bb8b74ae4dc,"","2026-06-01"
0,"","Gaming Technician","Encore Boston Harbor","Boston, Massachusetts","","",jobspy_indeed,https://www.indeed.com/viewjob?jk=b410faccc811be40,"","2026-05-28"
0,"","Route Service Merchandiser","GENDA Americas","Boston, Massachusetts","","",jobspy_indeed,https://www.indeed.com/viewjob?jk=d75162e643a98c52,"","2026-05-26"
0,"","Water Quality Technician","City of Fountain Valley, CA","Los Angeles, California","","$87,766 - $106,681 (yearly)",jobspy_indeed,https://www.indeed.com/viewjob?jk=f03306b062718c0b,"","2026-05-28"
0,"","Water Quality Technician","City of Fountain Valley","Los Angeles, California","","$87,766 - $106,681 (yearly)",jobspy_indeed,https://www.indeed.com/viewjob?jk=f1ea7b56e0b86fa8,"","2026-05-28"
0,"","COMMUNITY PROGRAM TECHNICIAN I","City of Long Beach, CA","Los Angeles, California","","$21 - $29 (hourly)",jobspy_indeed,https://www.indeed.com/viewjob?jk=ec652212110464ad,"","2026-05-28"
0,"","Field Service Technician (Los Angeles, CA)","Evolv Technologies","Los Angeles, California","","$70,000 - $80,000 (yearly)",jobspy_indeed,https://www.indeed.com/viewjob?jk=39725ff9d5e54caf,"","2026-05-28"
0,"","OFFICE TECHNICIAN (TYPING)","Department of State Hospitals","Los Angeles, California","","$3,829 - $4,794 (monthly)",jobspy_indeed,https://www.indeed.com/viewjob?jk=fa4e670f7f40eddd,"","2026-05-27"
0,"","Event Support Technician","Legends Global","Los Angeles, California","","",jobspy_indeed,https://www.indeed.com/viewjob?jk=ff7a281057fb41a9,"","2026-05-26"
0,"","HVAC Technician","Erickson Senior Living","Washington, DC","","$25 - $30 (hourly)",jobspy_indeed,https://www.indeed.com/viewjob?jk=404f0aa602f8d8ea,"","2026-05-29"
0,"","Floor Care Technician - Housekeeping","Erickson Senior Living","Washington, DC","","$17 - $21 (hourly)",jobspy_indeed,https://www.indeed.com/viewjob?jk=117bc730630e0c43,"","2026-05-29"
0,"","Medical Assistant Crofton Multi Specialty","MedStar Health","Washington, DC","","$19 - $34 (hourly)",jobspy_indeed,https://www.indeed.com/viewjob?jk=282142c3d29305b5,"","2026-05-28"
0,"","Medical Assistant - St Patrick","MedStar Health","Washington, DC","","$19 - $34 (hourly)",jobspy_indeed,https://www.indeed.com/viewjob?jk=b4f5b1ec59f03de5,"","2026-05-28"
0,"","Medical Assistant - Oncology Wildewood","MedStar Health","Washington, DC","","$19 - $34 (hourly)",jobspy_indeed,https://www.indeed.com/viewjob?jk=f517b6dfc497551a,"","2026-05-28"
0,"","Medical Assistant - PRN Urgent Care","MedStar Health","Washington, DC","","$19 - $34 (hourly)",jobspy_indeed,https://www.indeed.com/viewjob?jk=ff76de0e65593480,"","2026-05-27"
0,"","Medical Assistant - Orthopedics","MedStar Health","Washington, DC","","$19 - $34 (hourly)",jobspy_indeed,https://www.indeed.com/viewjob?jk=2d3ce24a3344f18c,"","2026-05-27"
0,"","Medical Assistant - PRN (Weekday Availability Required)","MedStar Health","Washington, DC","","$19 - $34 (hourly)",jobspy_indeed,https://www.indeed.com/viewjob?jk=41edeb008ff22732,"","2026-05-27"
0,"","Registered Behavior Technician - RBT/BT - Full-Time","ICBD","Washington, DC","","$23,140 - $27,040 (yearly)",jobspy_indeed,https://www.indeed.com/viewjob?jk=5321fc5e174d8ad2,"","2026-05-28"
0,"","Commerical HVAC Technician","ABM Industries Inc.","Washington, DC","","",jobspy_indeed,https://www.indeed.com/viewjob?jk=5437e55cef72dac5,"","2026-05-27"
0,"","Project Safety Professional","Turner Construction Company","Washington, DC","","",jobspy_indeed,https://www.indeed.com/viewjob?jk=3cfae5caeb9d207d,"","2026-05-27"
0,"","Facilities Building Manager","James Madison University","United States","","$43,000 - $47,072 (yearly)",jobspy_indeed,https://www.indeed.com/viewjob?jk=ba1781d0d5679a3d,"","2026-06-01"
0,"","Fiber Tech 2","University of Utah","United States","","$15 - $24 (hourly)",jobspy_indeed,https://www.indeed.com/viewjob?jk=e8a48b57866241b1,"","2026-06-01"
0,"","Master Control Hub Op","The E. W. Scripps Company","United States","","",jobspy_indeed,https://www.indeed.com/viewjob?jk=d646413fc17a8c02,"","2026-06-01"
0,"","CHILLER TECHNICIAN II","University of Missouri","United States","","$26 - $32 (hourly)",jobspy_indeed,https://www.indeed.com/viewjob?jk=df52b98085c9964d,"","2026-06-01"
0,"","Industrial Welding & Pipefitting Technician","C&W Services","United States","","$34 - $40 (hourly)",jobspy_indeed,https://www.indeed.com/viewjob?jk=b9364e93ff2c8442,"","2026-06-01"
0,"","Industrial Lubrication Technician","C&W Services","United States","","$21 - $25 (hourly)",jobspy_indeed,https://www.indeed.com/viewjob?jk=b6f0066d53d2acfe,"","2026-06-01"
0,"","Auto Body Technician","Breckenridge Collision Company","United States","","$120,000 - $180,000 (yearly)",jobspy_indeed,https://www.indeed.com/viewjob?jk=91357f2912eaccec,"","2026-06-01"
0,"","Veterinary Internal Medicine Specialist","Philadelphia Animal Specialty & Emergency (PASE)","United States","","",jobspy_indeed,https://www.indeed.com/viewjob?jk=763da102f4df315d,"","2026-06-01"
0,"","Registered Behavior Technician - RBT/BT - Part-Time","ICBD","United States","","$40,248 - $44,512 (yearly)",jobspy_indeed,https://www.indeed.com/viewjob?jk=1d5114b66de3be0f,"","2026-06-01"
0,"","Non CDL Box Truck Driver & A/VTechnician","nan","United States","","$800 - $900 (weekly)",jobspy_indeed,https://www.indeed.com/viewjob?jk=cb8ee24bd5bc15b8,"","2026-06-01"
0,"","Mechanical Engineering Technician (Navy Diesel Engine Systems)","None","Remote","","$75,670 - $88,524 (yearly)",jobspy_indeed,https://www.indeed.com/viewjob?jk=e2b90673045e99fc,"","2026-05-28"
0,"","Electrician","East Lake Management","Chicago, Illinois","","",jobspy_indeed,https://www.indeed.com/viewjob?jk=8813fc1ebd8ac889,"","2026-05-30"
0,"","Service & Repair Electrician","nan","Chicago, Illinois","","$30 - $40 (hourly)",jobspy_indeed,https://www.indeed.com/viewjob?jk=b1ca341b00686888,"","2026-03-18"
0,"","Union Operating Engineer","Cushman & Wakefield","Chicago, Illinois","","",jobspy_indeed,https://www.indeed.com/viewjob?jk=45589ff4b2fc789e,"","2026-05-27"
0,"","LICENSED PROFESSIONAL ENGINEER (PE), LICENSED MASTER ELECTRICIAN & LICENSED MASTER PLUMBER WANTED","nan","New York, New York","","$50,000 - $300,000 (yearly)",jobspy_indeed,https://www.indeed.com/viewjob?jk=80356b326ffcc1d3,"","2026-05-31"
0,"","Licensed Master Electrician – New York (High Volume, Daily Work)","Quality Square LLC","New York, New York","","$200 - $350 (daily)",jobspy_indeed,https://www.indeed.com/viewjob?jk=e8e46d4512439357,"","2026-05-29"
0,"","Lead Operating Engineer","Cushman & Wakefield","New York, New York","","$45 - $53 (hourly)",jobspy_indeed,https://www.indeed.com/viewjob?jk=be34f73da9d4388a,"","2026-05-29"
0,"","Operating Engineer","Cushman & Wakefield","New York, New York","","$31 - $37 (hourly)",jobspy_indeed,https://www.indeed.com/viewjob?jk=3ef065a7b34fde2a,"","2026-05-27"
0,"","BOB – SUPERVISOR ELECTRICIAN","New York City Department of Transportation","New York, New York","","",jobspy_indeed,https://www.indeed.com/viewjob?jk=728d87f6d897c25d,"","2026-05-27"
0,"","Electrician - Field Superintendent / Quality Control Manager","RX3 Communications","San Francisco, California","","$80,000 - $120,000 (yearly)",jobspy_indeed,https://www.indeed.com/viewjob?jk=c6065068e126d00e,"","2026-05-28"
0,"","[UNION] Assistant Chief Engineer","Cushman & Wakefield","San Francisco, California","","$67 - $79 (hourly)",jobspy_indeed,https://www.indeed.com/viewjob?jk=9612f83fbc40d6bb,"","2026-05-27"
0,"","[Local 39] Operating Engineer","Cushman & Wakefield","San Francisco, California","","$61 - $72 (hourly)",jobspy_indeed,https://www.indeed.com/viewjob?jk=7d36b9e18dfbc50f,"","2026-05-26"
0,"","[UNION] Operating Engineer","Cushman & Wakefield","San Francisco, California","","$61 - $72 (hourly)",jobspy_indeed,https://www.indeed.com/viewjob?jk=23ebf31f540c50e6,"","2026-05-26"
0,"","Manager Manufacturing Equipment Maintenance 2","Northrop Grumman","San Francisco, California","","$121,100 - $181,700 (yearly)",jobspy_indeed,https://www.indeed.com/viewjob?jk=78ad6c2e5b8ababd,"","2026-05-25"
0,"","Licensed Master Electrician","Income Power, Inc.","Seattle, Washington","","$65 - $75 (hourly)",jobspy_indeed,https://www.indeed.com/viewjob?jk=49c49082554c9c47,"","2026-05-28"
0,"","LIC Electricians or Seasoned Professional","Campbell Electric Inc","Boston, Massachusetts","","$30 - $52 (hourly)",jobspy_indeed,https://www.indeed.com/viewjob?jk=c9afca83df7d0573,"","2026-05-29"
0,"","Sr. Chief Engineer","Cushman & Wakefield","Boston, Massachusetts","","$110,500 - $130,000 (yearly)",jobspy_indeed,https://www.indeed.com/viewjob?jk=662f062c464d7884,"","2026-05-28"
0,"","Licensed Residential Electrical Service Technician","nan","Boston, Massachusetts","","$70,000 - $110,000 (yearly)",jobspy_indeed,https://www.indeed.com/viewjob?jk=96fd755fd1ffdf87,"","2026-05-27"
0,"","Industrial Controls and Power Electrician","nan","Boston, Massachusetts","","$38 - $48 (hourly)",jobspy_indeed,https://www.indeed.com/viewjob?jk=765b0bffd284b70c,"","2026-05-26"
0,"","Facilities Technician","C&W Services","Los Angeles, California","","$27 - $32 (hourly)",jobspy_indeed,https://www.indeed.com/viewjob?jk=e2ca28b3ea7d565d,"","2026-05-29"
0,"","Operating Engineer","Cushman & Wakefield","Los Angeles, California","","$46 - $54 (hourly)",jobspy_indeed,https://www.indeed.com/viewjob?jk=ea9ee07ee7dbc851,"","2026-05-29"
0,"","Experienced Licensed Electrician","Wampler Restoration & Remodeling","Washington, DC","","$35 - $50 (hourly)",jobspy_indeed,https://www.indeed.com/viewjob?jk=7f338016af0c046d,"","2026-06-01"
0,"","Electrician 3 - Install","Compu Dynamics, LLC","Washington, DC","","",jobspy_indeed,https://www.indeed.com/viewjob?jk=7c2acd1675414a43,"","2026-05-29"
0,"","Electrical Trade Manager","F.H. Furr Plumbing, Heating, Air Conditioning, and Electrical Inc.","Washington, DC","","$90,000 - $140,000 (yearly)",jobspy_indeed,https://www.indeed.com/viewjob?jk=d85fe0f6aabe09a0,"","2026-05-28"
0,"","Electrician","Washington State Department of Corrections","Washington, DC","","$64,165 - $84,385 (yearly)",jobspy_indeed,https://www.indeed.com/viewjob?jk=1c26cd3b3f642fc2,"","2026-05-28"
0,"","Electricians - Commercial Service Maryland","Power Systems Electric","Washington, DC","","$44 - $51 (hourly)",jobspy_indeed,https://www.indeed.com/viewjob?jk=986876a2c8a33b60,"","2026-05-27"
0,"","Master Electrician","Jetson Home","Washington, DC","","$37 - $42 (hourly)",jobspy_indeed,https://www.indeed.com/viewjob?jk=e73e55dac0b2b9d1,"","2026-05-27"
0,"","Electrician","The Building People","Washington, DC","","",jobspy_indeed,https://www.indeed.com/viewjob?jk=91acea3e66839e03,"","2026-05-26"
0,"","Lead Engineer","Cushman & Wakefield","Washington, DC","","$42 - $50 (hourly)",jobspy_indeed,https://www.indeed.com/viewjob?jk=0e102d48df201e66,"","2026-05-26"
0,"","Chief Engineer","Cushman & Wakefield","Washington, DC","","$53 - $62 (hourly)",jobspy_indeed,https://www.indeed.com/viewjob?jk=69d9eb8994b1984b,"","2026-05-26"
0,"","Chief Operating Engineer","Cushman & Wakefield","Washington, DC","","$51 - $60 (hourly)",jobspy_indeed,https://www.indeed.com/viewjob?jk=ecb347b768a2c1cb,"","2026-05-26"
0,"","Senior Chief Engineer","Cushman & Wakefield","Washington, DC","","$131,750 - $155,000 (yearly)",jobspy_indeed,https://www.indeed.com/viewjob?jk=e226ab85c8c0a3e7,"","2026-05-26"
0,"","Electrical Field Supervisor","Goldbelt","Washington, DC","","$100,000 - $120,000 (yearly)",jobspy_indeed,https://www.indeed.com/viewjob?jk=eb25ce947c9920f6,"","2025-11-13"
0,"","High-Voltage Electrician / Electrical Superintendent","V2X","Washington, DC","","",jobspy_indeed,https://www.indeed.com/viewjob?jk=10943caebcc226ff,"","2024-12-18"
0,"","Journeyman Electrician","Sunderland Electric","United States","","$30 - $40 (hourly)",jobspy_indeed,https://www.indeed.com/viewjob?jk=56badecf047e0428,"","2026-06-01"
0,"","Electrical Project Foreman","Colorado Lighting, INC.","United States","","$38 - $42 (hourly)",jobspy_indeed,https://www.indeed.com/viewjob?jk=0600917e6a0a25cd,"","2026-06-01"
0,"","Journeyman Electrician with Generator Install Experience","Bob Heinmiller Air Conditioning, Inc","United States","","$25 - $35 (hourly)",jobspy_indeed,https://www.indeed.com/viewjob?jk=6098d981af1f623b,"","2026-06-01"
0,"","Service Electrician","CRI Electric","United States","","$25 - $30 (hourly)",jobspy_indeed,https://www.indeed.com/viewjob?jk=3e2a31a51bbe2568,"","2026-06-01"
0,"","Maintenance Master Electrician","Giorgi Mushroom co.","United States","","",jobspy_indeed,https://www.indeed.com/viewjob?jk=2c9362a60c4de5da,"","2026-06-01"
0,"","Operating Engineer","Cushman & Wakefield","United States","","$30 - $36 (hourly)",jobspy_indeed,https://www.indeed.com/viewjob?jk=c60782b4d229d3d0,"","2026-06-01"
0,"","Electrician","L&S Mechanical","United States","","$35,000 - $75,000 (yearly)",jobspy_indeed,https://www.indeed.com/viewjob?jk=6abf05f20d1fd4e2,"","2026-06-01"
0,"","Electrician I/II/III","City of Westminster, CO","United States","","$74,942 - $110,801 (yearly)",jobspy_indeed,https://www.indeed.com/viewjob?jk=aae44c2b7d2872f7,"","2026-06-01"
0,"","High Voltage Electrician","Commonwealth of Pennsylvania","United States","","$69,203 - $90,211 (yearly)",jobspy_indeed,https://www.indeed.com/viewjob?jk=96932c99edbb0caa,"","2026-06-01"
0,"","Electrician 2","Commonwealth of Pennsylvania","United States","","$45,907 - $69,203 (yearly)",jobspy_indeed,https://www.indeed.com/viewjob?jk=9f36206048bea4b8,"","2026-06-01"
0,"","Industrial Electrician","nan","United States","","$25 - $35 (hourly)",jobspy_indeed,https://www.indeed.com/viewjob?jk=6606a78ca736e284,"","2026-06-01"
0,"","Maintenance Supervisor","nan","United States","","$35 - $40 (hourly)",jobspy_indeed,https://www.indeed.com/viewjob?jk=e02675fb116dff33,"","2026-06-01"
0,"","Building Engineer","Transwestern","United States","","",jobspy_indeed,https://www.indeed.com/viewjob?jk=da96350ba25fe4d5,"","2026-06-01"
0,"","Mechanic Technician/Carpenter","CHRISTUS Health","United States","","",jobspy_indeed,https://www.indeed.com/viewjob?jk=4efc8ea57575395f,"","2026-06-01"
0,"","Journeyman Electrician","NEXT Electric, LLC","United States","","",jobspy_indeed,https://www.indeed.com/viewjob?jk=0758883b5fd2a692,"","2026-05-31"
0,"","Senior Maintenance Electrician (High Voltage / Utilities)","Inframark","United States","","",jobspy_indeed,https://www.indeed.com/viewjob?jk=4599b7055d208d28,"","2026-05-31"
0,"","Electrician or Senior Electrical Assistant","UVA Health","United States","","$21 - $29 (hourly)",jobspy_indeed,https://www.indeed.com/viewjob?jk=6ca5fe753d8e3130,"","2026-05-21"
0,"","Construction Journeyman Electrician","Pieper Electric","United States","","",jobspy_indeed,https://www.indeed.com/viewjob?jk=7ba16568fccae503,"","2026-04-28"
0,"","Master Electrician","Villanova University","United States","","",jobspy_indeed,https://www.indeed.com/viewjob?jk=2d4526d78779405d,"","2025-06-23"
0,"","Principal Operations Engineer, Electrical — Data Center Operations","FluidStack","Remote","","$150,000 - $250,000 (yearly)",jobspy_indeed,https://www.indeed.com/viewjob?jk=ce20b3f0d06efb04,"","2026-05-29"
0,"","Head of Partnerships","Standard Fleet","San Francisco, California","","",jobspy_indeed,https://www.indeed.com/viewjob?jk=b6e2c7d2a45ae7c1,"","2026-05-31"
0,"","Machine Operator II - Immediate Need for Days and Nights","Panasonic","United States","","",jobspy_indeed,https://www.indeed.com/viewjob?jk=10b1471f1b4f5ea7,"","2026-06-01"
0,"","Material Handler","Panasonic","United States","","",jobspy_indeed,https://www.indeed.com/viewjob?jk=c6e8f3b54365c31f,"","2026-06-01"
0,"","Process Engineer III","Panasonic","United States","","",jobspy_indeed,https://www.indeed.com/viewjob?jk=4b5180ea52af34b2,"","2026-05-29"
0,"","Technician I Assembly PM Days (M-F 630AM-300PM)","Panasonic","United States","","",jobspy_indeed,https://www.indeed.com/viewjob?jk=cbab2781ca5b96a9,"","2026-05-29"
0,"","Inventory Clerk","Panasonic","United States","","",jobspy_indeed,https://www.indeed.com/viewjob?jk=eb30dc366846890c,"","2026-05-27"
0,"","Tool and Die Specialist","Panasonic","United States","","$32 - $37 (hourly)",jobspy_indeed,https://www.indeed.com/viewjob?jk=e6f5a26fe27de39d,"","2026-06-01"
0,"","Manufacturing Technician","Qorvo","United States","","",jobspy_indeed,https://www.indeed.com/viewjob?jk=47d33a4890015281,"","2026-05-28"
0,"","Tru-D Support Specialist","PDI","United States","","$60,000 - $65,000 (yearly)",jobspy_indeed,https://www.indeed.com/viewjob?jk=97b7d75b80cb9435,"","2026-05-27"
0,"","Senior Real Estate Manager","EVgo","United States","","$126,700 - $158,400 (yearly)",jobspy_indeed,https://www.indeed.com/viewjob?jk=09cd4384be6c7c45,"","2026-05-27"
0,"","Broadcast Intern - Broadcast Truck","Dallas Mavericks","United States","","",jobspy_indeed,https://www.indeed.com/viewjob?jk=11b194485e69f21a,"","2026-05-26"
0,"","Production Assistant, Replay Operator","National Basketball Association","New York, New York","","",jobspy_indeed,https://www.indeed.com/viewjob?jk=f285870f05a0c9ac,"","2026-06-01"
0,"","Senior Customer Strategy & Operations Manager","Mixpanel","New York, New York","","$183,000 - $247,500 (yearly)",jobspy_indeed,https://www.indeed.com/viewjob?jk=04a4ef62699fcf3c,"","2026-05-28"
0,"","Freelance Livestream Director","Varsity Sports Now Louisiana, Inc.","United States","","",jobspy_indeed,https://www.indeed.com/viewjob?jk=9105122d92091724,"","2026-05-29"
0,"","Staff Software Engineer, Cloud Identity New","Temporal Technologies","United States","","$212,000 - $286,000 (yearly)",jobspy_indeed,https://www.indeed.com/viewjob?jk=609e7ebe85997c76,"","2026-05-29"
0,"","Staff Machine Learning (ML) Operations Engineer","CoAdvantage","United States","","",jobspy_indeed,https://www.indeed.com/viewjob?jk=98b29dac1d630290,"","2026-05-28"
0,"","(USA) Senior Manager – Agentic AI Solution Lead","Walmart","United States","","$110,000 - $220,000 (yearly)",jobspy_indeed,https://www.indeed.com/viewjob?jk=a2462c116794f66c,"","2026-05-27"
0,"","Clamp Truck Driver 2nd Shift","Pratt Industries","Chicago, Illinois","","",jobspy_indeed,https://www.indeed.com/viewjob?jk=9a0f5a91947aec42,"","2026-06-01"
0,"","Top Stacker 3rd Shift","Pratt Industries","Chicago, Illinois","","",jobspy_indeed,https://www.indeed.com/viewjob?jk=8038a5e2edc53c30,"","2026-05-26"
0,"","Mid-Level Graphic Designer","Cresco Labs","Chicago, Illinois","","",jobspy_indeed,https://www.indeed.com/viewjob?jk=ede861d6cd02f48d,"","2026-05-28"
0,"","Senior Graphic Designer","Sunnyside*","Chicago, Illinois","","",jobspy_indeed,https://www.indeed.com/viewjob?jk=ce59336121fd976f,"","2026-05-29"
0,"","Heatpress Operator","The Vomela Companies","Chicago, Illinois","","",jobspy_indeed,https://www.indeed.com/viewjob?jk=be740494beb8a5b3,"","2026-05-29"
0,"","Machine Operator","Pamarco Global Graphics","Chicago, Illinois","","$26 - $29 (hourly)",jobspy_indeed,https://www.indeed.com/viewjob?jk=db7138ed4f51e1e1,"","2026-05-29"
0,"","Prepress Operator","nan","Chicago, Illinois","","$20 - $27 (hourly)",jobspy_indeed,https://www.indeed.com/viewjob?jk=6dd516c64c7c6230,"","2026-05-29"
0,"","Operator Combo/SBF","Sun Chemical","Chicago, Illinois","","",jobspy_indeed,https://www.indeed.com/viewjob?jk=40daf7a421eca9f2,"","2026-05-28"
0,"","Press Assistant","Graphic Screen Printing","Chicago, Illinois","","$18 - $22 (hourly)",jobspy_indeed,https://www.indeed.com/viewjob?jk=b463673c976cf06c,"","2026-05-28"
0,"","Open Food Machine Operator","Menasha Corporation","Chicago, Illinois","","",jobspy_indeed,https://www.indeed.com/viewjob?jk=0e570f3e93f13bb1,"","2026-05-27"
0,"","Prelim/Prepress Operator III","RR Donnelley","Chicago, Illinois","","$29 - $38 (hourly)",jobspy_indeed,https://www.indeed.com/viewjob?jk=89ad181e7057bf30,"","2026-05-26"
0,"","Senior Manager, Brand","Potbelly Sandwich Works","Chicago, Illinois","","$125,000 - $140,000 (yearly)",jobspy_indeed,https://www.indeed.com/viewjob?jk=cac7f636569f9ea2,"","2026-05-11"
0,"","Post-Press Equipment Operator","nan","New York, New York","","",jobspy_indeed,https://www.indeed.com/viewjob?jk=2f5b12de61418087,"","2026-06-01"
0,"","Quality Control Technician","The Vomela Companies","New York, New York","","$29 - $33 (hourly)",jobspy_indeed,https://www.indeed.com/viewjob?jk=fed8bd2106af4555,"","2026-06-01"
0,"","DTF Apparel Production Specialist (Heat Press Operator)","nan","New York, New York","","$16 - $18 (hourly)",jobspy_indeed,https://www.indeed.com/viewjob?jk=3d0ccdd0251d21c5,"","2026-06-01"
0,"","Prepress Technician / digtal press operator","agrec","New York, New York","","$25 - $28 (hourly)",jobspy_indeed,https://www.indeed.com/viewjob?jk=d01d0ec66c851001,"","2026-06-01"
0,"","Freelance Viz Operator","Fox Corporation","New York, New York","","$36 - $43 (hourly)",jobspy_indeed,https://www.indeed.com/viewjob?jk=e8672a37034c9538,"","2026-05-31"
0,"","Heat Press Operator 1st/2nd Shift","613 Originals","New York, New York","","",jobspy_indeed,https://www.indeed.com/viewjob?jk=104b3d2ec2052d3b,"","2026-05-29"
0,"","Live Game Researcher (MLB) – Broadcast Team","Sportradar","New York, New York","","",jobspy_indeed,https://www.indeed.com/viewjob?jk=a4a85bb40ce7249e,"","2026-05-29"
0,"","Studio Operations Lead- Freelance","COMPLEX","New York, New York","","$350 - $450 (daily)",jobspy_indeed,https://www.indeed.com/viewjob?jk=1913a49f8df74abe,"","2026-05-28"
0,"","Prepress Operator","CRRCO","New York, New York","","$25 - $30 (hourly)",jobspy_indeed,https://www.indeed.com/viewjob?jk=eca32ba51239d904,"","2026-05-28"
0,"","Machine Operator","Pamarco Global Graphics","New York, New York","","$23 - $26 (hourly)",jobspy_indeed,https://www.indeed.com/viewjob?jk=a7111494a44ec107,"","2026-05-28"
0,"","Sewing Machine Operator – Soft Signage / Fabric Banner Production","Screentrans","New York, New York","","$20 - $23 (hourly)",jobspy_indeed,https://www.indeed.com/viewjob?jk=772a3e4f730a18cd,"","2026-05-26"
0,"","Machine Operator – Dye-Sublimation Banner Shop","Screentrans","New York, New York","","$20 - $26 (hourly)",jobspy_indeed,https://www.indeed.com/viewjob?jk=e0e1a7e2600a5282,"","2026-05-26"
0,"","Social Media Manager","The Foggy Dog","San Francisco, California","","$90,000 - $110,000 (yearly)",jobspy_indeed,https://www.indeed.com/viewjob?jk=e8d7376b398f733f,"","2026-05-29"
0,"","Inmate Industries Engraving Program Supervisor","Contra Costa County","San Francisco, California","","$78,657 - $95,609 (yearly)",jobspy_indeed,https://www.indeed.com/viewjob?jk=a343ec86ce3041ce,"","2026-05-29"
0,"","PRE-STAGING/WASHUP COORDINATOR","Eurostampa North America","San Francisco, California","","$18 - $25 (hourly)",jobspy_indeed,https://www.indeed.com/viewjob?jk=34510ccdbbb3a78a,"","2026-05-27"
0,"","Press Operator","VN Graphics","Seattle, Washington","","$25 - $35 (hourly)",jobspy_indeed,https://www.indeed.com/viewjob?jk=012ffa9b0ed77471,"","2026-06-01"
0,"","Proposal and Pursuit Coordinator","Elliott Bay Design Group","Seattle, Washington","","$75,000 - $95,000 (yearly)",jobspy_indeed,https://www.indeed.com/viewjob?jk=c35990386b312fac,"","2026-05-27"
0,"","Community Corrections Officer 2 (Or CCO1) - SAU North - Tacoma","State of Washington","Seattle, Washington","","$4,603 - $7,540 (monthly)",jobspy_indeed,https://www.indeed.com/viewjob?jk=c31bea6eae85dc0b,"","2026-05-26"
0,"","Control Systems Operator III","nan","Seattle, Washington","","",jobspy_indeed,https://www.indeed.com/viewjob?jk=cb82fdd385f13cae,"","2026-05-26"
0,"","Fabrication Operator - CNC Routing and Large Format Printers","nan","Boston, Massachusetts","","$50,000 - $60,000 (yearly)",jobspy_indeed,https://www.indeed.com/viewjob?jk=c2e69ea83eb35dde,"","2026-05-29"
0,"","Senior Software Engineer, Deepview","Anduril","Boston, Massachusetts","","$166,000 - $220,000 (yearly)",jobspy_indeed,https://www.indeed.com/viewjob?jk=6051e62c64148c1b,"","2026-05-27"
0,"","Printing Press Operator","nan","Los Angeles, California","","$31 - $33 (hourly)",jobspy_indeed,https://www.indeed.com/viewjob?jk=4fec670aa7e3da0d,"","2026-05-29"
0,"","Operator - 2nd Shift","Marketing.com","Los Angeles, California","","",jobspy_indeed,https://www.indeed.com/viewjob?jk=cb21b2610c3b91ed,"","2026-05-29"
0,"","High-Speed Digital Design Engineer","The Aerospace Corporation","Los Angeles, California","","$110,400 - $193,500 (yearly)",jobspy_indeed,https://www.indeed.com/viewjob?jk=290011df373586a0,"","2026-05-28"
0,"","Controls Engineer","Wunderlich-Malec","Los Angeles, California","","$120,000 - $180,000 (yearly)",jobspy_indeed,https://www.indeed.com/viewjob?jk=a9b802d779292be4,"","2026-05-27"
0,"","Graphic designer and production assistant","Cavatina Elite","Los Angeles, California","","$20 - $22 (hourly)",jobspy_indeed,https://www.indeed.com/viewjob?jk=55d9d8d20e536e01,"","2026-05-27"
0,"","Signage/Wide Format Installer","Curry Printing","Washington, DC","","$17 - $19 (hourly)",jobspy_indeed,https://www.indeed.com/viewjob?jk=6712a4fe7714fb1e,"","2026-05-29"
0,"","Bindery Operator","The Vomela Companies","Washington, DC","","$22 - $26 (hourly)",jobspy_indeed,https://www.indeed.com/viewjob?jk=2dbef5fa11b5e2aa,"","2026-05-29"
0,"","Simulation Instructional Technology Specialist","University of Maryland, Baltimore","Washington, DC","","$65,000 - $75,000 (yearly)",jobspy_indeed,https://www.indeed.com/viewjob?jk=b3be48975b19c236,"","2026-05-29"
0,"","Front End Developer (Mid) – Ft Meade, MD","CNF Technologies","Washington, DC","","$130,000 - $140,000 (yearly)",jobspy_indeed,https://www.indeed.com/viewjob?jk=13743d70d14baece,"","2026-05-27"
0,"","Front End Developer (Senior) – Ft Meade, MD","CNF Technologies","Washington, DC","","$160,000 - $170,000 (yearly)",jobspy_indeed,https://www.indeed.com/viewjob?jk=c50f58e8a9d19147,"","2026-05-27"
0,"","Senior Front-End Developer","Maximus","Washington, DC","","$125,000 - $150,000 (yearly)",jobspy_indeed,https://www.indeed.com/viewjob?jk=ac01f34a11795ee7,"","2026-05-27"
0,"","UX/UI Developer","MANTECH","Washington, DC","","",jobspy_indeed,https://www.indeed.com/viewjob?jk=c14a4b074aee6270,"","2026-05-26"
0,"","Digital Print Production Operator","nan","Washington, DC","","$15 - $17 (hourly)",jobspy_indeed,https://www.indeed.com/viewjob?jk=aa213314dcc4d885,"","2026-05-26"
0,"","Digital Machine Operator","International Nameplate US Inc.","United States","","$16 - $17 (hourly)",jobspy_indeed,https://www.indeed.com/viewjob?jk=35e81655e6732660,"","2026-06-01"
0,"","Production Supervisor (Wide Format)","Taylor Corporation","United States","","",jobspy_indeed,https://www.indeed.com/viewjob?jk=04177bec8089bbfb,"","2026-06-01"
0,"","Associate Marketing Manager - Social Media & AI Driven","Pet Evolution Franchising LLC","United States","","$25 - $30 (hourly)",jobspy_indeed,https://www.indeed.com/viewjob?jk=bc40f4cdc169e409,"","2026-06-01"
0,"","Operator Combo","Sun Chemical","United States","","",jobspy_indeed,https://www.indeed.com/viewjob?jk=be07b6d7682f570b,"","2026-06-01"
0,"","3rd Shift Team Lead","Spring Cove Container","United States","","",jobspy_indeed,https://www.indeed.com/viewjob?jk=6ff6e10960f008fc,"","2026-06-01"
0,"","Graphic Designer","Rise Capital Group","United States","","",jobspy_indeed,https://www.indeed.com/viewjob?jk=ec8543c93fe7d1fb,"","2026-06-01"
0,"","Sit-down Forklift Operator - 1st and 3rd shifts","Hood Container","United States","","",jobspy_indeed,https://www.indeed.com/viewjob?jk=5b731973782e66f8,"","2026-06-01"
0,"","Digital Print Operator","nan","United States","","$18 - $22 (hourly)",jobspy_indeed,https://www.indeed.com/viewjob?jk=dccf57088380da63,"","2026-06-01"
0,"","First Helper","Pratt Industries","United States","","",jobspy_indeed,https://www.indeed.com/viewjob?jk=3a8ca5e62c99a050,"","2026-06-01"
0,"","Maintenance Technician 3rd Shift","Pratt Industries","United States","","",jobspy_indeed,https://www.indeed.com/viewjob?jk=bb474a6d18205880,"","2026-06-01"
0,"","Bander Operator","Pratt Industries","United States","","",jobspy_indeed,https://www.indeed.com/viewjob?jk=b2659c5fd9e8fbc1,"","2026-06-01"
0,"","NASHVILLE, TN – Production Operator 2nd Shift","BindTech","United States","","",jobspy_indeed,https://www.indeed.com/viewjob?jk=74a9c821e0335d14,"","2026-06-01"
0,"","Embroidery Machine Operator","Scribbles & Drips, Lettering and Graphics, LLC","United States","","$15 - $18 (hourly)",jobspy_indeed,https://www.indeed.com/viewjob?jk=af11c66f33434e96,"","2026-06-01"
0,"","Customer Service Representative (CSR) – Digital Printing","Indox","United States","","$20 - $24 (hourly)",jobspy_indeed,https://www.indeed.com/viewjob?jk=a0ab9eca5aa3e789,"","2026-06-01"
0,"","E-Commerce Manager","The Village Market","Remote","","",jobspy_indeed,https://www.indeed.com/viewjob?jk=45e8ebd206d7f959,"","2026-05-27"
0,"","Billing Analyst","QUAD","Remote","","$20 - $25 (hourly)",jobspy_indeed,https://www.indeed.com/viewjob?jk=261e72e0be486262,"","2026-05-26"
0,"","Marketing Assistant","BELAY Solutions","Remote","","$28 - $33 (hourly)",jobspy_indeed,https://www.indeed.com/viewjob?jk=9c3d08fa81342683,"","2026-04-27"
0,"","Wood Shop Foreman – Scenic Fabrication & Custom Builds","1440 Event Design - Wedding Design Studio","Chicago, Illinois","","$33 - $34 (hourly)",jobspy_indeed,https://www.indeed.com/viewjob?jk=d868188f2e549fc7,"","2026-05-26"
0,"","Finish Carpenter/Installer","Prop N Spoon LLC","New York, New York","","$27 - $35 (hourly)",jobspy_indeed,https://www.indeed.com/viewjob?jk=ecd5031fe8cda443,"","2026-05-27"
0,"","Carpenter - Facilities Management and Development","California State University","San Francisco, California","","",jobspy_indeed,https://www.indeed.com/viewjob?jk=9e9ca956300573dc,"","2026-05-26"
0,"","Maintenance Carpenter","Compass Park","United States","","",jobspy_indeed,https://www.indeed.com/viewjob?jk=aa06a404d269091f,"","2026-05-28"
0,"","Scenic Carpenter","Czinkota Studios Ltd","United States","","",jobspy_indeed,https://www.indeed.com/viewjob?jk=26bc83943bc9c507,"","2026-05-28"
0,"","Exhibit Fabricator - Cabinet Maker-Scenic Carpenter-2 years Experience required","Boss Display","United States","","$21 - $25 (hourly)",jobspy_indeed,https://www.indeed.com/viewjob?jk=03111e1bfdae0b56,"","2026-05-27"
0,"","Head Technical Director/Carpenter/Scenic Designer","Center Theater Company","United States","","$17 - $22 (hourly)",jobspy_indeed,https://www.indeed.com/viewjob?jk=d9d3b67d91558259,"","2026-05-26"
0,"","Shop Electrician","Morrow Equipment Company","United States","","$25 - $40 (hourly)",jobspy_indeed,https://www.indeed.com/viewjob?jk=7a4df1ff278a1acd,"","2026-05-28"
0,"","Assistant Captain - Marine","Republic Services","United States","","",jobspy_indeed,https://www.indeed.com/viewjob?jk=8724c02966da1e85,"","2026-05-27"
0,"","Audio Video Technicians, Engineers & Operators - Salt Lake City, UT","SJP - Live Event Production","United States","","",jobspy_indeed,https://www.indeed.com/viewjob?jk=2de1141b41871b8f,"","2026-05-27"
